 
****************************************
Report : reference
Design : gemv_unit
Version: P-2019.03-SP5-6
Date   : Tue Sep  1 00:13:11 2026
****************************************

Attributes:
    b - black box (unknown)
   bo - allows boundary optimization
    d - dont_touch
   mo - map_only
    h - hierarchical
    n - noncombinational
    r - removable
    s - synthetic operator
    u - contains unmapped logic

Reference          Library       Unit Area   Count    Total Area   Attributes
-----------------------------------------------------------------------------
AND2x2_ASAP7_75t_R asap7sc7p5t_SIMPLE_RVT_TT_nldm_211120     0.087480     187    16.358760
AND2x4_ASAP7_75t_R asap7sc7p5t_SIMPLE_RVT_TT_nldm_211120     0.145800       6     0.874800
AND5x1_ASAP7_75t_R asap7sc7p5t_SIMPLE_RVT_TT_nldm_211120     0.116640       1     0.116640
AO21x1_ASAP7_75t_R asap7sc7p5t_AO_RVT_TT_nldm_211120     0.087480     156    13.646880
AO21x2_ASAP7_75t_R asap7sc7p5t_AO_RVT_TT_nldm_211120     0.102060      82     8.368920
AO22x1_ASAP7_75t_R asap7sc7p5t_AO_RVT_TT_nldm_211120     0.131220       8     1.049760
AO22x2_ASAP7_75t_R asap7sc7p5t_AO_RVT_TT_nldm_211120     0.145800       4     0.583200
AOI22x1_ASAP7_75t_R asap7sc7p5t_AO_RVT_TT_nldm_211120     0.145800      16     2.332800
AOI22xp5_ASAP7_75t_R asap7sc7p5t_AO_RVT_TT_nldm_211120     0.087480      21     1.837080
AOI22xp33_ASAP7_75t_R asap7sc7p5t_AO_RVT_TT_nldm_211120     0.087480      69     6.036120
AOI221x1_ASAP7_75t_R asap7sc7p5t_AO_RVT_TT_nldm_211120     0.204120      28     5.715360
AOI221xp5_ASAP7_75t_R asap7sc7p5t_AO_RVT_TT_nldm_211120     0.102060      21     2.143260
BUFx2_ASAP7_75t_R  asap7sc7p5t_INVBUF_RVT_TT_nldm_211120     0.072900       2     0.145800
BUFx3_ASAP7_75t_R  asap7sc7p5t_INVBUF_RVT_TT_nldm_211120     0.087480       5     0.437400
BUFx4f_ASAP7_75t_R asap7sc7p5t_INVBUF_RVT_TT_nldm_211120     0.116640       1     0.116640
BUFx5_ASAP7_75t_R  asap7sc7p5t_INVBUF_RVT_TT_nldm_211120     0.116640       1     0.116640
BUFx6f_ASAP7_75t_R asap7sc7p5t_INVBUF_RVT_TT_nldm_211120     0.145800      13     1.895400
BUFx8_ASAP7_75t_R  asap7sc7p5t_INVBUF_RVT_TT_nldm_211120     0.174960       1     0.174960
CKINVDCx12_ASAP7_75t_R asap7sc7p5t_INVBUF_RVT_TT_nldm_211120     0.379080       1     0.379080
DFFASRHQNx1_ASAP7_75t_R asap7sc7p5t_SEQ_RVT_TT_nldm_220123     0.379080     554   210.010319 n
HB1xp67_ASAP7_75t_R asap7sc7p5t_INVBUF_RVT_TT_nldm_211120     0.058320      22     1.283040
INVx1_ASAP7_75t_R  asap7sc7p5t_INVBUF_RVT_TT_nldm_211120     0.043740     760    33.242400
INVx2_ASAP7_75t_R  asap7sc7p5t_INVBUF_RVT_TT_nldm_211120     0.058320      44     2.566080
INVx3_ASAP7_75t_R  asap7sc7p5t_INVBUF_RVT_TT_nldm_211120     0.072900      23     1.676700
INVx4_ASAP7_75t_R  asap7sc7p5t_INVBUF_RVT_TT_nldm_211120     0.087480      13     1.137240
INVx5_ASAP7_75t_R  asap7sc7p5t_INVBUF_RVT_TT_nldm_211120     0.102060      16     1.632960
INVx6_ASAP7_75t_R  asap7sc7p5t_INVBUF_RVT_TT_nldm_211120     0.116640       6     0.699840
INVx8_ASAP7_75t_R  asap7sc7p5t_INVBUF_RVT_TT_nldm_211120     0.145800       2     0.291600
INVxp33_ASAP7_75t_R asap7sc7p5t_INVBUF_RVT_TT_nldm_211120     0.043740      68     2.974320
INVxp67_ASAP7_75t_R asap7sc7p5t_INVBUF_RVT_TT_nldm_211120     0.043740      12     0.524880
NAND2x1_ASAP7_75t_R asap7sc7p5t_SIMPLE_RVT_TT_nldm_211120     0.087480       1     0.087480
NAND2x1p5_ASAP7_75t_R asap7sc7p5t_SIMPLE_RVT_TT_nldm_211120     0.116640      11     1.283040
NAND2x2_ASAP7_75t_R asap7sc7p5t_SIMPLE_RVT_TT_nldm_211120     0.145800       1     0.145800
NAND2xp5_ASAP7_75t_R asap7sc7p5t_SIMPLE_RVT_TT_nldm_211120     0.058320     832    48.522241
NAND2xp33_ASAP7_75t_R asap7sc7p5t_SIMPLE_RVT_TT_nldm_211120     0.058320      65     3.790800
NAND2xp67_ASAP7_75t_R asap7sc7p5t_SIMPLE_RVT_TT_nldm_211120     0.087480       1     0.087480
NAND3xp33_ASAP7_75t_R asap7sc7p5t_SIMPLE_RVT_TT_nldm_211120     0.072900       2     0.145800
NAND4xp25_ASAP7_75t_R asap7sc7p5t_SIMPLE_RVT_TT_nldm_211120     0.087480       4     0.349920
NAND4xp75_ASAP7_75t_R asap7sc7p5t_SIMPLE_RVT_TT_nldm_211120     0.204120       1     0.204120
NAND5xp2_ASAP7_75t_R asap7sc7p5t_SIMPLE_RVT_TT_nldm_211120     0.102060      16     1.632960
NOR2x1_ASAP7_75t_R asap7sc7p5t_SIMPLE_RVT_TT_nldm_211120     0.087480      12     1.049760
NOR2x1p5_ASAP7_75t_R asap7sc7p5t_SIMPLE_RVT_TT_nldm_211120     0.116640       3     0.349920
NOR2x2_ASAP7_75t_R asap7sc7p5t_SIMPLE_RVT_TT_nldm_211120     0.145800       1     0.145800
NOR2xp33_ASAP7_75t_R asap7sc7p5t_SIMPLE_RVT_TT_nldm_211120     0.058320      64     3.732480
NOR2xp67_ASAP7_75t_R asap7sc7p5t_SIMPLE_RVT_TT_nldm_211120     0.087480       7     0.612360
NOR3x1_ASAP7_75t_R asap7sc7p5t_SIMPLE_RVT_TT_nldm_211120     0.160380       2     0.320760
NOR3xp33_ASAP7_75t_R asap7sc7p5t_SIMPLE_RVT_TT_nldm_211120     0.072900       1     0.072900
NOR4xp25_ASAP7_75t_R asap7sc7p5t_SIMPLE_RVT_TT_nldm_211120     0.087480       1     0.087480
NOR5xp2_ASAP7_75t_R asap7sc7p5t_SIMPLE_RVT_TT_nldm_211120     0.102060       1     0.102060
O2A1O1Ixp33_ASAP7_75t_R asap7sc7p5t_OA_RVT_TT_nldm_211120     0.087480       4     0.349920
OAI21x1_ASAP7_75t_R asap7sc7p5t_OA_RVT_TT_nldm_211120     0.116640       6     0.699840
OAI21xp5_ASAP7_75t_R asap7sc7p5t_OA_RVT_TT_nldm_211120     0.072900     431    31.419899
OAI21xp33_ASAP7_75t_R asap7sc7p5t_OA_RVT_TT_nldm_211120     0.072900      32     2.332800
OAI22x1_ASAP7_75t_R asap7sc7p5t_OA_RVT_TT_nldm_211120     0.145800       2     0.291600
OAI22xp5_ASAP7_75t_R asap7sc7p5t_OA_RVT_TT_nldm_211120     0.087480     293    25.631640
OAI22xp33_ASAP7_75t_R asap7sc7p5t_OA_RVT_TT_nldm_211120     0.087480      17     1.487160
OAI31xp33_ASAP7_75t_R asap7sc7p5t_OA_RVT_TT_nldm_211120     0.087480      27     2.361960
OAI31xp67_ASAP7_75t_R asap7sc7p5t_OA_RVT_TT_nldm_211120     0.189540       4     0.758160
OR2x2_ASAP7_75t_R  asap7sc7p5t_SIMPLE_RVT_TT_nldm_211120     0.087480      30     2.624400
TIEHIx1_ASAP7_75t_R asap7sc7p5t_SIMPLE_RVT_TT_nldm_211120     0.043740       1     0.043740
XNOR2xp5_ASAP7_75t_R asap7sc7p5t_SIMPLE_RVT_TT_nldm_211120     0.131220      11     1.443420
XOR2xp5_ASAP7_75t_R asap7sc7p5t_SIMPLE_RVT_TT_nldm_211120     0.131220       5     0.656100
dbuf_16x256                    8024.613168       1   8024.613168  b, h, n
fp16_add_0                       77.769720       1     77.769720  h, n
fp16_add_1                       76.501260       1     76.501260  h, n
fp16_add_2                       76.953240       1     76.953240  h, n
fp16_add_3                       77.405220       1     77.405220  h, n
fp16_add_4                       78.571620       1     78.571620  h, n
fp16_add_5                       79.388100       1     79.388100  h, n
fp16_add_6                       77.259420       1     77.259420  h, n
fp16_add_7                       77.361480       1     77.361480  h, n
fp16_add_8                       76.807440       1     76.807440  h, n
fp16_add_9                       76.807440       1     76.807440  h, n
fp16_add_10                      76.807440       1     76.807440  h, n
fp16_add_11                      77.755140       1     77.755140  h, n
fp16_add_12                      76.122180       1     76.122180  h, n
fp16_add_13                      76.530420       1     76.530420  h, n
fp16_add_14                      76.370040       1     76.370040  h, n
fp16_add_15                      79.038180       1     79.038180  h, n
fp16_mult_0                      79.694280       1     79.694280  h, n
fp16_mult_1                      79.840080       1     79.840080  h, n
fp16_mult_2                      79.810920       1     79.810920  h, n
fp16_mult_3                      80.408700       1     80.408700  h, n
fp16_mult_4                      80.846100       1     80.846100  h, n
fp16_mult_5                      82.274940       1     82.274940  h, n
fp16_mult_6                      80.131680       1     80.131680  h, n
fp16_mult_7                      80.219160       1     80.219160  h, n
fp16_mult_8                      79.548480       1     79.548480  h, n
fp16_mult_9                      79.956720       1     79.956720  h, n
fp16_mult_10                     81.166860       1     81.166860  h, n
fp16_mult_11                     80.000460       1     80.000460  h, n
fp16_mult_12                     81.429300       1     81.429300  h, n
fp16_mult_13                     80.321220       1     80.321220  h, n
fp16_mult_14                     80.904420       1     80.904420  h, n
fp16_mult_15                     81.429300       1     81.429300  h, n
gemv_unit_DW01_inc_0              1.662120       1      1.662120  h
-----------------------------------------------------------------------------
Total 96 references                                 11002.898926

****************************************
Design: dbuf_16x256 
****************************************
Reference          Library       Unit Area   Count    Total Area   Attributes
-----------------------------------------------------------------------------
AO22x1_ASAP7_75t_R asap7sc7p5t_AO_RVT_TT_nldm_211120     0.131220       8     1.049760
BUFx3_ASAP7_75t_R  asap7sc7p5t_INVBUF_RVT_TT_nldm_211120     0.087480       1     0.087480
BUFx6f_ASAP7_75t_R asap7sc7p5t_INVBUF_RVT_TT_nldm_211120     0.145800       4     0.583200
BUFx8_ASAP7_75t_R  asap7sc7p5t_INVBUF_RVT_TT_nldm_211120     0.174960       1     0.174960
CKINVDCx20_ASAP7_75t_R asap7sc7p5t_INVBUF_RVT_TT_nldm_211120     0.554040       2     1.108080
DFFASRHQNx1_ASAP7_75t_R asap7sc7p5t_SEQ_RVT_TT_nldm_220123     0.379080       1     0.379080 n
HB1xp67_ASAP7_75t_R asap7sc7p5t_INVBUF_RVT_TT_nldm_211120     0.058320       1     0.058320
INVx1_ASAP7_75t_R  asap7sc7p5t_INVBUF_RVT_TT_nldm_211120     0.043740     269    11.766060
INVx2_ASAP7_75t_R  asap7sc7p5t_INVBUF_RVT_TT_nldm_211120     0.058320       1     0.058320
INVx4_ASAP7_75t_R  asap7sc7p5t_INVBUF_RVT_TT_nldm_211120     0.087480       2     0.174960
INVx5_ASAP7_75t_R  asap7sc7p5t_INVBUF_RVT_TT_nldm_211120     0.102060       4     0.408240
INVx6_ASAP7_75t_R  asap7sc7p5t_INVBUF_RVT_TT_nldm_211120     0.116640       5     0.583200
INVx8_ASAP7_75t_R  asap7sc7p5t_INVBUF_RVT_TT_nldm_211120     0.145800       3     0.437400
INVxp33_ASAP7_75t_R asap7sc7p5t_INVBUF_RVT_TT_nldm_211120     0.043740       1     0.043740
NAND2x1_ASAP7_75t_R asap7sc7p5t_SIMPLE_RVT_TT_nldm_211120     0.087480       2     0.174960
NAND2x1p5_ASAP7_75t_R asap7sc7p5t_SIMPLE_RVT_TT_nldm_211120     0.116640       7     0.816480
NAND2xp5_ASAP7_75t_R asap7sc7p5t_SIMPLE_RVT_TT_nldm_211120     0.058320     213    12.422160
NAND2xp33_ASAP7_75t_R asap7sc7p5t_SIMPLE_RVT_TT_nldm_211120     0.058320      35     2.041200
OAI21x1_ASAP7_75t_R asap7sc7p5t_OA_RVT_TT_nldm_211120     0.116640       8     0.933120
OAI21xp5_ASAP7_75t_R asap7sc7p5t_OA_RVT_TT_nldm_211120     0.072900     227    16.548299
OAI21xp33_ASAP7_75t_R asap7sc7p5t_OA_RVT_TT_nldm_211120     0.072900      21     1.530900
OR2x2_ASAP7_75t_R  asap7sc7p5t_SIMPLE_RVT_TT_nldm_211120     0.087480       5     0.437400
TIEHIx1_ASAP7_75t_R asap7sc7p5t_SIMPLE_RVT_TT_nldm_211120     0.043740       1     0.043740
TIELOx1_ASAP7_75t_R asap7sc7p5t_SIMPLE_RVT_TT_nldm_211120     0.043740       1     0.043740
XNOR2xp5_ASAP7_75t_R asap7sc7p5t_SIMPLE_RVT_TT_nldm_211120     0.131220       1     0.131220
srambank_64x4x16_6t122 srambank_64x4x16_6t122   249.143036      32  7972.577148 b
-----------------------------------------------------------------------------
Total 26 references                                  8024.613168

****************************************
Design: fp16_add_0 
****************************************
Reference          Library       Unit Area   Count    Total Area   Attributes
-----------------------------------------------------------------------------
A2O1A1Ixp33_ASAP7_75t_R asap7sc7p5t_AO_RVT_TT_nldm_211120     0.087480       9     0.787320
AND2x2_ASAP7_75t_R asap7sc7p5t_SIMPLE_RVT_TT_nldm_211120     0.087480      21     1.837080
AND2x4_ASAP7_75t_R asap7sc7p5t_SIMPLE_RVT_TT_nldm_211120     0.145800       1     0.145800
AND3x1_ASAP7_75t_R asap7sc7p5t_SIMPLE_RVT_TT_nldm_211120     0.087480       5     0.437400
AND3x2_ASAP7_75t_R asap7sc7p5t_SIMPLE_RVT_TT_nldm_211120     0.102060       2     0.204120
AND4x1_ASAP7_75t_R asap7sc7p5t_SIMPLE_RVT_TT_nldm_211120     0.102060       3     0.306180
AO21x2_ASAP7_75t_R asap7sc7p5t_AO_RVT_TT_nldm_211120     0.102060       1     0.102060
AO22x1_ASAP7_75t_R asap7sc7p5t_AO_RVT_TT_nldm_211120     0.131220       2     0.262440
AO221x2_ASAP7_75t_R asap7sc7p5t_AO_RVT_TT_nldm_211120     0.160380       1     0.160380
AO222x2_ASAP7_75t_R asap7sc7p5t_AO_RVT_TT_nldm_211120     0.174960       1     0.174960
AO333x1_ASAP7_75t_R asap7sc7p5t_AO_RVT_TT_nldm_211120     0.174960       1     0.174960
AOI21x1_ASAP7_75t_R asap7sc7p5t_AO_RVT_TT_nldm_211120     0.116640       1     0.116640
AOI21xp5_ASAP7_75t_R asap7sc7p5t_AO_RVT_TT_nldm_211120     0.072900       2     0.145800
AOI21xp33_ASAP7_75t_R asap7sc7p5t_AO_RVT_TT_nldm_211120     0.072900      10     0.729000
AOI22xp5_ASAP7_75t_R asap7sc7p5t_AO_RVT_TT_nldm_211120     0.087480       4     0.349920
AOI22xp33_ASAP7_75t_R asap7sc7p5t_AO_RVT_TT_nldm_211120     0.087480      10     0.874800
AOI31xp33_ASAP7_75t_R asap7sc7p5t_AO_RVT_TT_nldm_211120     0.087480       1     0.087480
AOI31xp67_ASAP7_75t_R asap7sc7p5t_AO_RVT_TT_nldm_211120     0.189540       1     0.189540
AOI32xp33_ASAP7_75t_R asap7sc7p5t_AO_RVT_TT_nldm_211120     0.102060       2     0.204120
AOI33xp33_ASAP7_75t_R asap7sc7p5t_AO_RVT_TT_nldm_211120     0.116640       1     0.116640
AOI211x1_ASAP7_75t_R asap7sc7p5t_AO_RVT_TT_nldm_211120     0.174960       2     0.349920
AOI211xp5_ASAP7_75t_R asap7sc7p5t_AO_RVT_TT_nldm_211120     0.087480       2     0.174960
AOI221xp5_ASAP7_75t_R asap7sc7p5t_AO_RVT_TT_nldm_211120     0.102060       4     0.408240
AOI311xp33_ASAP7_75t_R asap7sc7p5t_AO_RVT_TT_nldm_211120     0.102060       3     0.306180
AOI321xp33_ASAP7_75t_R asap7sc7p5t_AO_RVT_TT_nldm_211120     0.116640       2     0.233280
AOI322xp5_ASAP7_75t_R asap7sc7p5t_AO_RVT_TT_nldm_211120     0.131220       1     0.131220
BUFx3_ASAP7_75t_R  asap7sc7p5t_INVBUF_RVT_TT_nldm_211120     0.087480       1     0.087480
BUFx6f_ASAP7_75t_R asap7sc7p5t_INVBUF_RVT_TT_nldm_211120     0.145800       1     0.145800
BUFx8_ASAP7_75t_R  asap7sc7p5t_INVBUF_RVT_TT_nldm_211120     0.174960       2     0.349920
DFFASRHQNx1_ASAP7_75t_R asap7sc7p5t_SEQ_RVT_TT_nldm_220123     0.379080      17     6.444360 n
FAx1_ASAP7_75t_R   asap7sc7p5t_SIMPLE_RVT_TT_nldm_211120     0.204120       3     0.612360 r
HB1xp67_ASAP7_75t_R asap7sc7p5t_INVBUF_RVT_TT_nldm_211120     0.058320       4     0.233280
INVx1_ASAP7_75t_R  asap7sc7p5t_INVBUF_RVT_TT_nldm_211120     0.043740     166     7.260840
INVx2_ASAP7_75t_R  asap7sc7p5t_INVBUF_RVT_TT_nldm_211120     0.058320      23     1.341360
INVx3_ASAP7_75t_R  asap7sc7p5t_INVBUF_RVT_TT_nldm_211120     0.072900       2     0.145800
INVx4_ASAP7_75t_R  asap7sc7p5t_INVBUF_RVT_TT_nldm_211120     0.087480       3     0.262440
INVx5_ASAP7_75t_R  asap7sc7p5t_INVBUF_RVT_TT_nldm_211120     0.102060       1     0.102060
INVxp33_ASAP7_75t_R asap7sc7p5t_INVBUF_RVT_TT_nldm_211120     0.043740      11     0.481140
INVxp67_ASAP7_75t_R asap7sc7p5t_INVBUF_RVT_TT_nldm_211120     0.043740      20     0.874800
NAND2x1_ASAP7_75t_R asap7sc7p5t_SIMPLE_RVT_TT_nldm_211120     0.087480       8     0.699840
NAND2x1p5_ASAP7_75t_R asap7sc7p5t_SIMPLE_RVT_TT_nldm_211120     0.116640      18     2.099520
NAND2x2_ASAP7_75t_R asap7sc7p5t_SIMPLE_RVT_TT_nldm_211120     0.145800       1     0.145800
NAND2xp5_ASAP7_75t_R asap7sc7p5t_SIMPLE_RVT_TT_nldm_211120     0.058320     135     7.873200
NAND2xp33_ASAP7_75t_R asap7sc7p5t_SIMPLE_RVT_TT_nldm_211120     0.058320      22     1.283040
NAND3x1_ASAP7_75t_R asap7sc7p5t_SIMPLE_RVT_TT_nldm_211120     0.160380       1     0.160380
NAND3xp33_ASAP7_75t_R asap7sc7p5t_SIMPLE_RVT_TT_nldm_211120     0.072900      31     2.259900
NAND4xp25_ASAP7_75t_R asap7sc7p5t_SIMPLE_RVT_TT_nldm_211120     0.087480       2     0.174960
NAND4xp75_ASAP7_75t_R asap7sc7p5t_SIMPLE_RVT_TT_nldm_211120     0.204120       4     0.816480
NAND5xp2_ASAP7_75t_R asap7sc7p5t_SIMPLE_RVT_TT_nldm_211120     0.102060       3     0.306180
NOR2x1_ASAP7_75t_R asap7sc7p5t_SIMPLE_RVT_TT_nldm_211120     0.087480       2     0.174960
NOR2xp33_ASAP7_75t_R asap7sc7p5t_SIMPLE_RVT_TT_nldm_211120     0.058320      31     1.807920
NOR2xp67_ASAP7_75t_R asap7sc7p5t_SIMPLE_RVT_TT_nldm_211120     0.087480       1     0.087480
NOR3xp33_ASAP7_75t_R asap7sc7p5t_SIMPLE_RVT_TT_nldm_211120     0.072900       3     0.218700
NOR4xp25_ASAP7_75t_R asap7sc7p5t_SIMPLE_RVT_TT_nldm_211120     0.087480       3     0.262440
NOR5xp2_ASAP7_75t_R asap7sc7p5t_SIMPLE_RVT_TT_nldm_211120     0.102060       5     0.510300
O2A1O1Ixp5_ASAP7_75t_R asap7sc7p5t_OA_RVT_TT_nldm_211120     0.116640       2     0.233280
O2A1O1Ixp33_ASAP7_75t_R asap7sc7p5t_OA_RVT_TT_nldm_211120     0.087480       1     0.087480
OA21x2_ASAP7_75t_R asap7sc7p5t_OA_RVT_TT_nldm_211120     0.102060       4     0.408240
OA22x2_ASAP7_75t_R asap7sc7p5t_OA_RVT_TT_nldm_211120     0.145800       2     0.291600
OAI21x1_ASAP7_75t_R asap7sc7p5t_OA_RVT_TT_nldm_211120     0.116640       3     0.349920
OAI21xp5_ASAP7_75t_R asap7sc7p5t_OA_RVT_TT_nldm_211120     0.072900      26     1.895400
OAI21xp33_ASAP7_75t_R asap7sc7p5t_OA_RVT_TT_nldm_211120     0.072900      10     0.729000
OAI22x1_ASAP7_75t_R asap7sc7p5t_OA_RVT_TT_nldm_211120     0.145800       2     0.291600
OAI22xp5_ASAP7_75t_R asap7sc7p5t_OA_RVT_TT_nldm_211120     0.087480      33     2.886840
OAI22xp33_ASAP7_75t_R asap7sc7p5t_OA_RVT_TT_nldm_211120     0.087480      17     1.487160
OAI31xp33_ASAP7_75t_R asap7sc7p5t_OA_RVT_TT_nldm_211120     0.087480       2     0.174960
OAI31xp67_ASAP7_75t_R asap7sc7p5t_OA_RVT_TT_nldm_211120     0.189540       1     0.189540
OAI32xp33_ASAP7_75t_R asap7sc7p5t_OA_RVT_TT_nldm_211120     0.102060       2     0.204120
OAI211xp5_ASAP7_75t_R asap7sc7p5t_OA_RVT_TT_nldm_211120     0.087480      17     1.487160
OAI221xp5_ASAP7_75t_R asap7sc7p5t_OA_RVT_TT_nldm_211120     0.102060      10     1.020600
OAI222xp33_ASAP7_75t_R asap7sc7p5t_OA_RVT_TT_nldm_211120     0.145800       4     0.583200
OAI311xp33_ASAP7_75t_R asap7sc7p5t_OA_RVT_TT_nldm_211120     0.102060       7     0.714420
OAI321xp33_ASAP7_75t_R asap7sc7p5t_OA_RVT_TT_nldm_211120     0.116640       2     0.233280
OAI332xp33_ASAP7_75t_R asap7sc7p5t_OA_RVT_TT_nldm_211120     0.145800       1     0.145800
OR2x2_ASAP7_75t_R  asap7sc7p5t_SIMPLE_RVT_TT_nldm_211120     0.087480       2     0.174960
OR3x2_ASAP7_75t_R  asap7sc7p5t_SIMPLE_RVT_TT_nldm_211120     0.102060       1     0.102060
TIEHIx1_ASAP7_75t_R asap7sc7p5t_SIMPLE_RVT_TT_nldm_211120     0.043740       1     0.043740
TIELOx1_ASAP7_75t_R asap7sc7p5t_SIMPLE_RVT_TT_nldm_211120     0.043740       1     0.043740
XNOR2x2_ASAP7_75t_R asap7sc7p5t_SIMPLE_RVT_TT_nldm_211120     0.160380       1     0.160380
XNOR2xp5_ASAP7_75t_R asap7sc7p5t_SIMPLE_RVT_TT_nldm_211120     0.131220       3     0.393660
XOR2x2_ASAP7_75t_R asap7sc7p5t_SIMPLE_RVT_TT_nldm_211120     0.160380       6     0.962280
XOR2xp5_ASAP7_75t_R asap7sc7p5t_SIMPLE_RVT_TT_nldm_211120     0.131220       1     0.131220
fp16_add_0_DW01_add_J8_0          7.610760       1      7.610760  h
fp16_add_0_DW01_sub_J13_0         8.500140       1      8.500140  h
-----------------------------------------------------------------------------
Total 84 references                                    77.769720

****************************************
Design: fp16_add_0_DW01_add_J8_0 
****************************************
Reference          Library       Unit Area   Count    Total Area   Attributes
-----------------------------------------------------------------------------
AND2x2_ASAP7_75t_R asap7sc7p5t_SIMPLE_RVT_TT_nldm_211120     0.087480       2     0.174960
AOI21x1_ASAP7_75t_R asap7sc7p5t_AO_RVT_TT_nldm_211120     0.116640       1     0.116640
AOI21xp5_ASAP7_75t_R asap7sc7p5t_AO_RVT_TT_nldm_211120     0.072900       1     0.072900
AOI22x1_ASAP7_75t_R asap7sc7p5t_AO_RVT_TT_nldm_211120     0.145800       1     0.145800
AOI31xp67_ASAP7_75t_R asap7sc7p5t_AO_RVT_TT_nldm_211120     0.189540       1     0.189540
AOI211x1_ASAP7_75t_R asap7sc7p5t_AO_RVT_TT_nldm_211120     0.174960       1     0.174960
INVx1_ASAP7_75t_R  asap7sc7p5t_INVBUF_RVT_TT_nldm_211120     0.043740      20     0.874800
INVxp33_ASAP7_75t_R asap7sc7p5t_INVBUF_RVT_TT_nldm_211120     0.043740       1     0.043740
INVxp67_ASAP7_75t_R asap7sc7p5t_INVBUF_RVT_TT_nldm_211120     0.043740       2     0.087480
NAND2xp5_ASAP7_75t_R asap7sc7p5t_SIMPLE_RVT_TT_nldm_211120     0.058320      25     1.458000
NAND2xp33_ASAP7_75t_R asap7sc7p5t_SIMPLE_RVT_TT_nldm_211120     0.058320       1     0.058320
NAND3xp33_ASAP7_75t_R asap7sc7p5t_SIMPLE_RVT_TT_nldm_211120     0.072900       2     0.145800
NOR2x1_ASAP7_75t_R asap7sc7p5t_SIMPLE_RVT_TT_nldm_211120     0.087480       1     0.087480
NOR2x1p5_ASAP7_75t_R asap7sc7p5t_SIMPLE_RVT_TT_nldm_211120     0.116640       1     0.116640
NOR2xp33_ASAP7_75t_R asap7sc7p5t_SIMPLE_RVT_TT_nldm_211120     0.058320       3     0.174960
OA21x2_ASAP7_75t_R asap7sc7p5t_OA_RVT_TT_nldm_211120     0.102060       1     0.102060
OA31x2_ASAP7_75t_R asap7sc7p5t_OA_RVT_TT_nldm_211120     0.218700       1     0.218700
OAI21x1_ASAP7_75t_R asap7sc7p5t_OA_RVT_TT_nldm_211120     0.116640       1     0.116640
OAI21xp5_ASAP7_75t_R asap7sc7p5t_OA_RVT_TT_nldm_211120     0.072900       4     0.291600
OAI21xp33_ASAP7_75t_R asap7sc7p5t_OA_RVT_TT_nldm_211120     0.072900       2     0.145800
OAI22xp5_ASAP7_75t_R asap7sc7p5t_OA_RVT_TT_nldm_211120     0.087480       1     0.087480
OAI31xp67_ASAP7_75t_R asap7sc7p5t_OA_RVT_TT_nldm_211120     0.189540       1     0.189540
OR2x2_ASAP7_75t_R  asap7sc7p5t_SIMPLE_RVT_TT_nldm_211120     0.087480      11     0.962280
XNOR2xp5_ASAP7_75t_R asap7sc7p5t_SIMPLE_RVT_TT_nldm_211120     0.131220       8     1.049760
XOR2xp5_ASAP7_75t_R asap7sc7p5t_SIMPLE_RVT_TT_nldm_211120     0.131220       4     0.524880
-----------------------------------------------------------------------------
Total 25 references                                     7.610760

****************************************
Design: fp16_add_0_DW01_sub_J13_0 
****************************************
Reference          Library       Unit Area   Count    Total Area   Attributes
-----------------------------------------------------------------------------
AND2x2_ASAP7_75t_R asap7sc7p5t_SIMPLE_RVT_TT_nldm_211120     0.087480       2     0.174960
AOI21x1_ASAP7_75t_R asap7sc7p5t_AO_RVT_TT_nldm_211120     0.116640       1     0.116640
AOI21xp33_ASAP7_75t_R asap7sc7p5t_AO_RVT_TT_nldm_211120     0.072900       2     0.145800
AOI221x1_ASAP7_75t_R asap7sc7p5t_AO_RVT_TT_nldm_211120     0.204120       2     0.408240
AOI221xp5_ASAP7_75t_R asap7sc7p5t_AO_RVT_TT_nldm_211120     0.102060       1     0.102060
HB1xp67_ASAP7_75t_R asap7sc7p5t_INVBUF_RVT_TT_nldm_211120     0.058320       1     0.058320
INVx1_ASAP7_75t_R  asap7sc7p5t_INVBUF_RVT_TT_nldm_211120     0.043740      35     1.530900
INVxp33_ASAP7_75t_R asap7sc7p5t_INVBUF_RVT_TT_nldm_211120     0.043740       3     0.131220
INVxp67_ASAP7_75t_R asap7sc7p5t_INVBUF_RVT_TT_nldm_211120     0.043740       2     0.087480
NAND2xp5_ASAP7_75t_R asap7sc7p5t_SIMPLE_RVT_TT_nldm_211120     0.058320      33     1.924560
NAND2xp33_ASAP7_75t_R asap7sc7p5t_SIMPLE_RVT_TT_nldm_211120     0.058320       4     0.233280
NOR2x1_ASAP7_75t_R asap7sc7p5t_SIMPLE_RVT_TT_nldm_211120     0.087480       3     0.262440
NOR2x1p5_ASAP7_75t_R asap7sc7p5t_SIMPLE_RVT_TT_nldm_211120     0.116640       1     0.116640
NOR2xp33_ASAP7_75t_R asap7sc7p5t_SIMPLE_RVT_TT_nldm_211120     0.058320       2     0.116640
NOR2xp67_ASAP7_75t_R asap7sc7p5t_SIMPLE_RVT_TT_nldm_211120     0.087480       1     0.087480
OA21x2_ASAP7_75t_R asap7sc7p5t_OA_RVT_TT_nldm_211120     0.102060       1     0.102060
OAI21x1_ASAP7_75t_R asap7sc7p5t_OA_RVT_TT_nldm_211120     0.116640       3     0.349920
OAI21xp5_ASAP7_75t_R asap7sc7p5t_OA_RVT_TT_nldm_211120     0.072900       6     0.437400
OAI21xp33_ASAP7_75t_R asap7sc7p5t_OA_RVT_TT_nldm_211120     0.072900       2     0.145800
XNOR2xp5_ASAP7_75t_R asap7sc7p5t_SIMPLE_RVT_TT_nldm_211120     0.131220       9     1.180980
XOR2xp5_ASAP7_75t_R asap7sc7p5t_SIMPLE_RVT_TT_nldm_211120     0.131220       6     0.787320
-----------------------------------------------------------------------------
Total 21 references                                     8.500140

****************************************
Design: fp16_add_1 
****************************************
Reference          Library       Unit Area   Count    Total Area   Attributes
-----------------------------------------------------------------------------
A2O1A1Ixp33_ASAP7_75t_R asap7sc7p5t_AO_RVT_TT_nldm_211120     0.087480       9     0.787320
AND2x2_ASAP7_75t_R asap7sc7p5t_SIMPLE_RVT_TT_nldm_211120     0.087480      14     1.224720
AND2x4_ASAP7_75t_R asap7sc7p5t_SIMPLE_RVT_TT_nldm_211120     0.145800       2     0.291600
AND3x1_ASAP7_75t_R asap7sc7p5t_SIMPLE_RVT_TT_nldm_211120     0.087480       3     0.262440
AND4x1_ASAP7_75t_R asap7sc7p5t_SIMPLE_RVT_TT_nldm_211120     0.102060       3     0.306180
AND4x2_ASAP7_75t_R asap7sc7p5t_SIMPLE_RVT_TT_nldm_211120     0.116640       1     0.116640
AND5x1_ASAP7_75t_R asap7sc7p5t_SIMPLE_RVT_TT_nldm_211120     0.116640       2     0.233280
AO21x1_ASAP7_75t_R asap7sc7p5t_AO_RVT_TT_nldm_211120     0.087480       1     0.087480
AO22x1_ASAP7_75t_R asap7sc7p5t_AO_RVT_TT_nldm_211120     0.131220       4     0.524880
AOI21xp5_ASAP7_75t_R asap7sc7p5t_AO_RVT_TT_nldm_211120     0.072900       4     0.291600
AOI21xp33_ASAP7_75t_R asap7sc7p5t_AO_RVT_TT_nldm_211120     0.072900      13     0.947700
AOI22x1_ASAP7_75t_R asap7sc7p5t_AO_RVT_TT_nldm_211120     0.145800       1     0.145800
AOI22xp5_ASAP7_75t_R asap7sc7p5t_AO_RVT_TT_nldm_211120     0.087480       1     0.087480
AOI22xp33_ASAP7_75t_R asap7sc7p5t_AO_RVT_TT_nldm_211120     0.087480      10     0.874800
AOI31xp33_ASAP7_75t_R asap7sc7p5t_AO_RVT_TT_nldm_211120     0.087480       2     0.174960
AOI32xp33_ASAP7_75t_R asap7sc7p5t_AO_RVT_TT_nldm_211120     0.102060       2     0.204120
AOI33xp33_ASAP7_75t_R asap7sc7p5t_AO_RVT_TT_nldm_211120     0.116640       1     0.116640
AOI211x1_ASAP7_75t_R asap7sc7p5t_AO_RVT_TT_nldm_211120     0.174960       2     0.349920
AOI211xp5_ASAP7_75t_R asap7sc7p5t_AO_RVT_TT_nldm_211120     0.087480       1     0.087480
AOI221xp5_ASAP7_75t_R asap7sc7p5t_AO_RVT_TT_nldm_211120     0.102060       6     0.612360
AOI222xp33_ASAP7_75t_R asap7sc7p5t_AO_RVT_TT_nldm_211120     0.145800       1     0.145800
AOI321xp33_ASAP7_75t_R asap7sc7p5t_AO_RVT_TT_nldm_211120     0.116640       3     0.349920
BUFx3_ASAP7_75t_R  asap7sc7p5t_INVBUF_RVT_TT_nldm_211120     0.087480       3     0.262440
BUFx8_ASAP7_75t_R  asap7sc7p5t_INVBUF_RVT_TT_nldm_211120     0.174960       2     0.349920
DFFASRHQNx1_ASAP7_75t_R asap7sc7p5t_SEQ_RVT_TT_nldm_220123     0.379080      17     6.444360 n
FAx1_ASAP7_75t_R   asap7sc7p5t_SIMPLE_RVT_TT_nldm_211120     0.204120       1     0.204120 r
HB1xp67_ASAP7_75t_R asap7sc7p5t_INVBUF_RVT_TT_nldm_211120     0.058320       1     0.058320
INVx1_ASAP7_75t_R  asap7sc7p5t_INVBUF_RVT_TT_nldm_211120     0.043740     168     7.348320
INVx2_ASAP7_75t_R  asap7sc7p5t_INVBUF_RVT_TT_nldm_211120     0.058320      20     1.166400
INVx3_ASAP7_75t_R  asap7sc7p5t_INVBUF_RVT_TT_nldm_211120     0.072900       1     0.072900
INVx4_ASAP7_75t_R  asap7sc7p5t_INVBUF_RVT_TT_nldm_211120     0.087480       4     0.349920
INVx5_ASAP7_75t_R  asap7sc7p5t_INVBUF_RVT_TT_nldm_211120     0.102060       1     0.102060
INVxp33_ASAP7_75t_R asap7sc7p5t_INVBUF_RVT_TT_nldm_211120     0.043740       6     0.262440
INVxp67_ASAP7_75t_R asap7sc7p5t_INVBUF_RVT_TT_nldm_211120     0.043740      19     0.831060
NAND2x1_ASAP7_75t_R asap7sc7p5t_SIMPLE_RVT_TT_nldm_211120     0.087480      14     1.224720
NAND2x1p5_ASAP7_75t_R asap7sc7p5t_SIMPLE_RVT_TT_nldm_211120     0.116640      15     1.749600
NAND2x2_ASAP7_75t_R asap7sc7p5t_SIMPLE_RVT_TT_nldm_211120     0.145800       3     0.437400
NAND2xp5_ASAP7_75t_R asap7sc7p5t_SIMPLE_RVT_TT_nldm_211120     0.058320     120     6.998400
NAND2xp33_ASAP7_75t_R asap7sc7p5t_SIMPLE_RVT_TT_nldm_211120     0.058320      24     1.399680
NAND2xp67_ASAP7_75t_R asap7sc7p5t_SIMPLE_RVT_TT_nldm_211120     0.087480       1     0.087480
NAND3x1_ASAP7_75t_R asap7sc7p5t_SIMPLE_RVT_TT_nldm_211120     0.160380       1     0.160380
NAND3xp33_ASAP7_75t_R asap7sc7p5t_SIMPLE_RVT_TT_nldm_211120     0.072900      33     2.405700
NAND4xp25_ASAP7_75t_R asap7sc7p5t_SIMPLE_RVT_TT_nldm_211120     0.087480       8     0.699840
NAND4xp75_ASAP7_75t_R asap7sc7p5t_SIMPLE_RVT_TT_nldm_211120     0.204120       1     0.204120
NAND5xp2_ASAP7_75t_R asap7sc7p5t_SIMPLE_RVT_TT_nldm_211120     0.102060       6     0.612360
NOR2x1_ASAP7_75t_R asap7sc7p5t_SIMPLE_RVT_TT_nldm_211120     0.087480       2     0.174960
NOR2x1p5_ASAP7_75t_R asap7sc7p5t_SIMPLE_RVT_TT_nldm_211120     0.116640       1     0.116640
NOR2xp33_ASAP7_75t_R asap7sc7p5t_SIMPLE_RVT_TT_nldm_211120     0.058320      27     1.574640
NOR2xp67_ASAP7_75t_R asap7sc7p5t_SIMPLE_RVT_TT_nldm_211120     0.087480       1     0.087480
NOR3xp33_ASAP7_75t_R asap7sc7p5t_SIMPLE_RVT_TT_nldm_211120     0.072900       3     0.218700
NOR4xp25_ASAP7_75t_R asap7sc7p5t_SIMPLE_RVT_TT_nldm_211120     0.087480       1     0.087480
NOR5xp2_ASAP7_75t_R asap7sc7p5t_SIMPLE_RVT_TT_nldm_211120     0.102060       5     0.510300
O2A1O1Ixp5_ASAP7_75t_R asap7sc7p5t_OA_RVT_TT_nldm_211120     0.116640       4     0.466560
O2A1O1Ixp33_ASAP7_75t_R asap7sc7p5t_OA_RVT_TT_nldm_211120     0.087480       2     0.174960
OA21x2_ASAP7_75t_R asap7sc7p5t_OA_RVT_TT_nldm_211120     0.102060       2     0.204120
OA22x2_ASAP7_75t_R asap7sc7p5t_OA_RVT_TT_nldm_211120     0.145800       5     0.729000
OA222x2_ASAP7_75t_R asap7sc7p5t_OA_RVT_TT_nldm_211120     0.174960       1     0.174960
OAI21x1_ASAP7_75t_R asap7sc7p5t_OA_RVT_TT_nldm_211120     0.116640       3     0.349920
OAI21xp5_ASAP7_75t_R asap7sc7p5t_OA_RVT_TT_nldm_211120     0.072900      26     1.895400
OAI21xp33_ASAP7_75t_R asap7sc7p5t_OA_RVT_TT_nldm_211120     0.072900      12     0.874800
OAI22x1_ASAP7_75t_R asap7sc7p5t_OA_RVT_TT_nldm_211120     0.145800       1     0.145800
OAI22xp5_ASAP7_75t_R asap7sc7p5t_OA_RVT_TT_nldm_211120     0.087480      31     2.711880
OAI22xp33_ASAP7_75t_R asap7sc7p5t_OA_RVT_TT_nldm_211120     0.087480      30     2.624400
OAI31xp33_ASAP7_75t_R asap7sc7p5t_OA_RVT_TT_nldm_211120     0.087480       7     0.612360
OAI31xp67_ASAP7_75t_R asap7sc7p5t_OA_RVT_TT_nldm_211120     0.189540       1     0.189540
OAI32xp33_ASAP7_75t_R asap7sc7p5t_OA_RVT_TT_nldm_211120     0.102060       1     0.102060
OAI33xp33_ASAP7_75t_R asap7sc7p5t_OA_RVT_TT_nldm_211120     0.116640       2     0.233280
OAI211xp5_ASAP7_75t_R asap7sc7p5t_OA_RVT_TT_nldm_211120     0.087480       7     0.612360
OAI221xp5_ASAP7_75t_R asap7sc7p5t_OA_RVT_TT_nldm_211120     0.102060       4     0.408240
OAI222xp33_ASAP7_75t_R asap7sc7p5t_OA_RVT_TT_nldm_211120     0.145800       3     0.437400
OAI311xp33_ASAP7_75t_R asap7sc7p5t_OA_RVT_TT_nldm_211120     0.102060       3     0.306180
OAI321xp33_ASAP7_75t_R asap7sc7p5t_OA_RVT_TT_nldm_211120     0.116640       1     0.116640
OAI332xp33_ASAP7_75t_R asap7sc7p5t_OA_RVT_TT_nldm_211120     0.145800       1     0.145800
OR2x2_ASAP7_75t_R  asap7sc7p5t_SIMPLE_RVT_TT_nldm_211120     0.087480       3     0.262440
OR3x1_ASAP7_75t_R  asap7sc7p5t_SIMPLE_RVT_TT_nldm_211120     0.087480       1     0.087480
OR3x2_ASAP7_75t_R  asap7sc7p5t_SIMPLE_RVT_TT_nldm_211120     0.102060       1     0.102060
OR4x2_ASAP7_75t_R  asap7sc7p5t_SIMPLE_RVT_TT_nldm_211120     0.116640       1     0.116640
TIEHIx1_ASAP7_75t_R asap7sc7p5t_SIMPLE_RVT_TT_nldm_211120     0.043740       1     0.043740
TIELOx1_ASAP7_75t_R asap7sc7p5t_SIMPLE_RVT_TT_nldm_211120     0.043740       1     0.043740
XNOR2x2_ASAP7_75t_R asap7sc7p5t_SIMPLE_RVT_TT_nldm_211120     0.160380       3     0.481140
XNOR2xp5_ASAP7_75t_R asap7sc7p5t_SIMPLE_RVT_TT_nldm_211120     0.131220       2     0.262440
XOR2x1_ASAP7_75t_R asap7sc7p5t_SIMPLE_RVT_TT_nldm_211120     0.174960       1     0.174960
XOR2x2_ASAP7_75t_R asap7sc7p5t_SIMPLE_RVT_TT_nldm_211120     0.160380       5     0.801900
XOR2xp5_ASAP7_75t_R asap7sc7p5t_SIMPLE_RVT_TT_nldm_211120     0.131220       2     0.262440
fp16_add_1_DW01_add_J7_0          7.683660       1      7.683660  h
fp16_add_1_DW01_sub_J49_0         8.237700       1      8.237700  h
-----------------------------------------------------------------------------
Total 86 references                                    76.501260

****************************************
Design: fp16_add_1_DW01_add_J7_0 
****************************************
Reference          Library       Unit Area   Count    Total Area   Attributes
-----------------------------------------------------------------------------
AOI21x1_ASAP7_75t_R asap7sc7p5t_AO_RVT_TT_nldm_211120     0.116640       1     0.116640
AOI22xp5_ASAP7_75t_R asap7sc7p5t_AO_RVT_TT_nldm_211120     0.087480       1     0.087480
AOI31xp67_ASAP7_75t_R asap7sc7p5t_AO_RVT_TT_nldm_211120     0.189540       1     0.189540
AOI221x1_ASAP7_75t_R asap7sc7p5t_AO_RVT_TT_nldm_211120     0.204120       1     0.204120
INVx1_ASAP7_75t_R  asap7sc7p5t_INVBUF_RVT_TT_nldm_211120     0.043740      24     1.049760
INVxp67_ASAP7_75t_R asap7sc7p5t_INVBUF_RVT_TT_nldm_211120     0.043740       3     0.131220
NAND2xp5_ASAP7_75t_R asap7sc7p5t_SIMPLE_RVT_TT_nldm_211120     0.058320      26     1.516320
NAND2xp33_ASAP7_75t_R asap7sc7p5t_SIMPLE_RVT_TT_nldm_211120     0.058320       1     0.058320
NAND3xp33_ASAP7_75t_R asap7sc7p5t_SIMPLE_RVT_TT_nldm_211120     0.072900       2     0.145800
NOR2x1_ASAP7_75t_R asap7sc7p5t_SIMPLE_RVT_TT_nldm_211120     0.087480       3     0.262440
NOR2xp33_ASAP7_75t_R asap7sc7p5t_SIMPLE_RVT_TT_nldm_211120     0.058320       3     0.174960
NOR2xp67_ASAP7_75t_R asap7sc7p5t_SIMPLE_RVT_TT_nldm_211120     0.087480       1     0.087480
O2A1O1Ixp5_ASAP7_75t_R asap7sc7p5t_OA_RVT_TT_nldm_211120     0.116640       2     0.233280
OA21x2_ASAP7_75t_R asap7sc7p5t_OA_RVT_TT_nldm_211120     0.102060       1     0.102060
OAI21xp5_ASAP7_75t_R asap7sc7p5t_OA_RVT_TT_nldm_211120     0.072900       7     0.510300
OAI21xp33_ASAP7_75t_R asap7sc7p5t_OA_RVT_TT_nldm_211120     0.072900       1     0.072900
OAI22xp5_ASAP7_75t_R asap7sc7p5t_OA_RVT_TT_nldm_211120     0.087480       1     0.087480
OAI31xp33_ASAP7_75t_R asap7sc7p5t_OA_RVT_TT_nldm_211120     0.087480       1     0.087480
OR2x2_ASAP7_75t_R  asap7sc7p5t_SIMPLE_RVT_TT_nldm_211120     0.087480      10     0.874800
OR2x4_ASAP7_75t_R  asap7sc7p5t_SIMPLE_RVT_TT_nldm_211120     0.116640       1     0.116640
XNOR2xp5_ASAP7_75t_R asap7sc7p5t_SIMPLE_RVT_TT_nldm_211120     0.131220      10     1.312200
XOR2xp5_ASAP7_75t_R asap7sc7p5t_SIMPLE_RVT_TT_nldm_211120     0.131220       2     0.262440
-----------------------------------------------------------------------------
Total 22 references                                     7.683660

****************************************
Design: fp16_add_1_DW01_sub_J49_0 
****************************************
Reference          Library       Unit Area   Count    Total Area   Attributes
-----------------------------------------------------------------------------
A2O1A1Ixp33_ASAP7_75t_R asap7sc7p5t_AO_RVT_TT_nldm_211120     0.087480       1     0.087480
AND2x2_ASAP7_75t_R asap7sc7p5t_SIMPLE_RVT_TT_nldm_211120     0.087480       3     0.262440
AOI21x1_ASAP7_75t_R asap7sc7p5t_AO_RVT_TT_nldm_211120     0.116640       1     0.116640
AOI21xp5_ASAP7_75t_R asap7sc7p5t_AO_RVT_TT_nldm_211120     0.072900       1     0.072900
AOI21xp33_ASAP7_75t_R asap7sc7p5t_AO_RVT_TT_nldm_211120     0.072900       1     0.072900
AOI22xp5_ASAP7_75t_R asap7sc7p5t_AO_RVT_TT_nldm_211120     0.087480       1     0.087480
AOI211xp5_ASAP7_75t_R asap7sc7p5t_AO_RVT_TT_nldm_211120     0.087480       1     0.087480
INVx1_ASAP7_75t_R  asap7sc7p5t_INVBUF_RVT_TT_nldm_211120     0.043740      39     1.705860
INVxp33_ASAP7_75t_R asap7sc7p5t_INVBUF_RVT_TT_nldm_211120     0.043740       4     0.174960
INVxp67_ASAP7_75t_R asap7sc7p5t_INVBUF_RVT_TT_nldm_211120     0.043740       4     0.174960
NAND2x1p5_ASAP7_75t_R asap7sc7p5t_SIMPLE_RVT_TT_nldm_211120     0.116640       2     0.233280
NAND2xp5_ASAP7_75t_R asap7sc7p5t_SIMPLE_RVT_TT_nldm_211120     0.058320      29     1.691280
NAND2xp33_ASAP7_75t_R asap7sc7p5t_SIMPLE_RVT_TT_nldm_211120     0.058320       3     0.174960
NOR2xp33_ASAP7_75t_R asap7sc7p5t_SIMPLE_RVT_TT_nldm_211120     0.058320       3     0.174960
NOR2xp67_ASAP7_75t_R asap7sc7p5t_SIMPLE_RVT_TT_nldm_211120     0.087480       1     0.087480
OA21x2_ASAP7_75t_R asap7sc7p5t_OA_RVT_TT_nldm_211120     0.102060       1     0.102060
OAI21xp5_ASAP7_75t_R asap7sc7p5t_OA_RVT_TT_nldm_211120     0.072900       6     0.437400
OAI21xp33_ASAP7_75t_R asap7sc7p5t_OA_RVT_TT_nldm_211120     0.072900       3     0.218700
OAI31xp67_ASAP7_75t_R asap7sc7p5t_OA_RVT_TT_nldm_211120     0.189540       1     0.189540
OR2x2_ASAP7_75t_R  asap7sc7p5t_SIMPLE_RVT_TT_nldm_211120     0.087480       1     0.087480
XNOR2xp5_ASAP7_75t_R asap7sc7p5t_SIMPLE_RVT_TT_nldm_211120     0.131220      12     1.574640
XOR2x2_ASAP7_75t_R asap7sc7p5t_SIMPLE_RVT_TT_nldm_211120     0.160380       1     0.160380
XOR2xp5_ASAP7_75t_R asap7sc7p5t_SIMPLE_RVT_TT_nldm_211120     0.131220       2     0.262440
-----------------------------------------------------------------------------
Total 23 references                                     8.237700

****************************************
Design: fp16_add_2 
****************************************
Reference          Library       Unit Area   Count    Total Area   Attributes
-----------------------------------------------------------------------------
A2O1A1Ixp33_ASAP7_75t_R asap7sc7p5t_AO_RVT_TT_nldm_211120     0.087480      10     0.874800
A2O1A1O1Ixp25_ASAP7_75t_R asap7sc7p5t_AO_RVT_TT_nldm_211120     0.131220       2     0.262440
AND2x2_ASAP7_75t_R asap7sc7p5t_SIMPLE_RVT_TT_nldm_211120     0.087480      21     1.837080
AND2x4_ASAP7_75t_R asap7sc7p5t_SIMPLE_RVT_TT_nldm_211120     0.145800       1     0.145800
AND3x1_ASAP7_75t_R asap7sc7p5t_SIMPLE_RVT_TT_nldm_211120     0.087480       3     0.262440
AND3x2_ASAP7_75t_R asap7sc7p5t_SIMPLE_RVT_TT_nldm_211120     0.102060       2     0.204120
AND4x2_ASAP7_75t_R asap7sc7p5t_SIMPLE_RVT_TT_nldm_211120     0.116640       1     0.116640
AO21x1_ASAP7_75t_R asap7sc7p5t_AO_RVT_TT_nldm_211120     0.087480       3     0.262440
AO22x1_ASAP7_75t_R asap7sc7p5t_AO_RVT_TT_nldm_211120     0.131220       4     0.524880
AO31x2_ASAP7_75t_R asap7sc7p5t_AO_RVT_TT_nldm_211120     0.233280       2     0.466560
AO221x1_ASAP7_75t_R asap7sc7p5t_AO_RVT_TT_nldm_211120     0.145800       1     0.145800
AOI21xp5_ASAP7_75t_R asap7sc7p5t_AO_RVT_TT_nldm_211120     0.072900       1     0.072900
AOI21xp33_ASAP7_75t_R asap7sc7p5t_AO_RVT_TT_nldm_211120     0.072900      10     0.729000
AOI22x1_ASAP7_75t_R asap7sc7p5t_AO_RVT_TT_nldm_211120     0.145800       2     0.291600
AOI22xp33_ASAP7_75t_R asap7sc7p5t_AO_RVT_TT_nldm_211120     0.087480      20     1.749600
AOI31xp33_ASAP7_75t_R asap7sc7p5t_AO_RVT_TT_nldm_211120     0.087480       5     0.437400
AOI32xp33_ASAP7_75t_R asap7sc7p5t_AO_RVT_TT_nldm_211120     0.102060       1     0.102060
AOI211x1_ASAP7_75t_R asap7sc7p5t_AO_RVT_TT_nldm_211120     0.174960       1     0.174960
AOI211xp5_ASAP7_75t_R asap7sc7p5t_AO_RVT_TT_nldm_211120     0.087480       3     0.262440
AOI221xp5_ASAP7_75t_R asap7sc7p5t_AO_RVT_TT_nldm_211120     0.102060       3     0.306180
AOI321xp33_ASAP7_75t_R asap7sc7p5t_AO_RVT_TT_nldm_211120     0.116640       3     0.349920
AOI332xp33_ASAP7_75t_R asap7sc7p5t_AO_RVT_TT_nldm_211120     0.145800       1     0.145800
BUFx2_ASAP7_75t_R  asap7sc7p5t_INVBUF_RVT_TT_nldm_211120     0.072900       1     0.072900
BUFx3_ASAP7_75t_R  asap7sc7p5t_INVBUF_RVT_TT_nldm_211120     0.087480       4     0.349920
BUFx6f_ASAP7_75t_R asap7sc7p5t_INVBUF_RVT_TT_nldm_211120     0.145800       2     0.291600
BUFx8_ASAP7_75t_R  asap7sc7p5t_INVBUF_RVT_TT_nldm_211120     0.174960       2     0.349920
DFFASRHQNx1_ASAP7_75t_R asap7sc7p5t_SEQ_RVT_TT_nldm_220123     0.379080      17     6.444360 n
FAx1_ASAP7_75t_R   asap7sc7p5t_SIMPLE_RVT_TT_nldm_211120     0.204120       2     0.408240 r
HB1xp67_ASAP7_75t_R asap7sc7p5t_INVBUF_RVT_TT_nldm_211120     0.058320       2     0.116640
INVx1_ASAP7_75t_R  asap7sc7p5t_INVBUF_RVT_TT_nldm_211120     0.043740     155     6.779700
INVx2_ASAP7_75t_R  asap7sc7p5t_INVBUF_RVT_TT_nldm_211120     0.058320      20     1.166400
INVx3_ASAP7_75t_R  asap7sc7p5t_INVBUF_RVT_TT_nldm_211120     0.072900       3     0.218700
INVx4_ASAP7_75t_R  asap7sc7p5t_INVBUF_RVT_TT_nldm_211120     0.087480       3     0.262440
INVx6_ASAP7_75t_R  asap7sc7p5t_INVBUF_RVT_TT_nldm_211120     0.116640       1     0.116640
INVxp33_ASAP7_75t_R asap7sc7p5t_INVBUF_RVT_TT_nldm_211120     0.043740      12     0.524880
INVxp67_ASAP7_75t_R asap7sc7p5t_INVBUF_RVT_TT_nldm_211120     0.043740      23     1.006020
NAND2x1_ASAP7_75t_R asap7sc7p5t_SIMPLE_RVT_TT_nldm_211120     0.087480       6     0.524880
NAND2x1p5_ASAP7_75t_R asap7sc7p5t_SIMPLE_RVT_TT_nldm_211120     0.116640      11     1.283040
NAND2xp5_ASAP7_75t_R asap7sc7p5t_SIMPLE_RVT_TT_nldm_211120     0.058320     133     7.756560
NAND2xp33_ASAP7_75t_R asap7sc7p5t_SIMPLE_RVT_TT_nldm_211120     0.058320      22     1.283040
NAND2xp67_ASAP7_75t_R asap7sc7p5t_SIMPLE_RVT_TT_nldm_211120     0.087480       2     0.174960
NAND3x1_ASAP7_75t_R asap7sc7p5t_SIMPLE_RVT_TT_nldm_211120     0.160380       1     0.160380
NAND3x2_ASAP7_75t_R asap7sc7p5t_SIMPLE_RVT_TT_nldm_211120     0.291600       1     0.291600
NAND3xp33_ASAP7_75t_R asap7sc7p5t_SIMPLE_RVT_TT_nldm_211120     0.072900      30     2.187000
NAND4xp25_ASAP7_75t_R asap7sc7p5t_SIMPLE_RVT_TT_nldm_211120     0.087480       4     0.349920
NAND4xp75_ASAP7_75t_R asap7sc7p5t_SIMPLE_RVT_TT_nldm_211120     0.204120       2     0.408240
NAND5xp2_ASAP7_75t_R asap7sc7p5t_SIMPLE_RVT_TT_nldm_211120     0.102060       6     0.612360
NOR2x1_ASAP7_75t_R asap7sc7p5t_SIMPLE_RVT_TT_nldm_211120     0.087480       2     0.174960
NOR2xp33_ASAP7_75t_R asap7sc7p5t_SIMPLE_RVT_TT_nldm_211120     0.058320      19     1.108080
NOR2xp67_ASAP7_75t_R asap7sc7p5t_SIMPLE_RVT_TT_nldm_211120     0.087480       4     0.349920
NOR3xp33_ASAP7_75t_R asap7sc7p5t_SIMPLE_RVT_TT_nldm_211120     0.072900       4     0.291600
NOR4xp25_ASAP7_75t_R asap7sc7p5t_SIMPLE_RVT_TT_nldm_211120     0.087480       2     0.174960
NOR4xp75_ASAP7_75t_R asap7sc7p5t_SIMPLE_RVT_TT_nldm_211120     0.204120       1     0.204120
NOR5xp2_ASAP7_75t_R asap7sc7p5t_SIMPLE_RVT_TT_nldm_211120     0.102060       5     0.510300
O2A1O1Ixp5_ASAP7_75t_R asap7sc7p5t_OA_RVT_TT_nldm_211120     0.116640       1     0.116640
O2A1O1Ixp33_ASAP7_75t_R asap7sc7p5t_OA_RVT_TT_nldm_211120     0.087480       1     0.087480
OA21x2_ASAP7_75t_R asap7sc7p5t_OA_RVT_TT_nldm_211120     0.102060       3     0.306180
OA22x2_ASAP7_75t_R asap7sc7p5t_OA_RVT_TT_nldm_211120     0.145800       5     0.729000
OA31x2_ASAP7_75t_R asap7sc7p5t_OA_RVT_TT_nldm_211120     0.218700       1     0.218700
OA211x2_ASAP7_75t_R asap7sc7p5t_OA_RVT_TT_nldm_211120     0.116640       1     0.116640
OAI21x1_ASAP7_75t_R asap7sc7p5t_OA_RVT_TT_nldm_211120     0.116640       1     0.116640
OAI21xp5_ASAP7_75t_R asap7sc7p5t_OA_RVT_TT_nldm_211120     0.072900      25     1.822500
OAI21xp33_ASAP7_75t_R asap7sc7p5t_OA_RVT_TT_nldm_211120     0.072900       5     0.364500
OAI22x1_ASAP7_75t_R asap7sc7p5t_OA_RVT_TT_nldm_211120     0.145800       1     0.145800
OAI22xp5_ASAP7_75t_R asap7sc7p5t_OA_RVT_TT_nldm_211120     0.087480      28     2.449440
OAI22xp33_ASAP7_75t_R asap7sc7p5t_OA_RVT_TT_nldm_211120     0.087480      15     1.312200
OAI31xp33_ASAP7_75t_R asap7sc7p5t_OA_RVT_TT_nldm_211120     0.087480       2     0.174960
OAI31xp67_ASAP7_75t_R asap7sc7p5t_OA_RVT_TT_nldm_211120     0.189540       5     0.947700
OAI32xp33_ASAP7_75t_R asap7sc7p5t_OA_RVT_TT_nldm_211120     0.102060       2     0.204120
OAI33xp33_ASAP7_75t_R asap7sc7p5t_OA_RVT_TT_nldm_211120     0.116640       2     0.233280
OAI211xp5_ASAP7_75t_R asap7sc7p5t_OA_RVT_TT_nldm_211120     0.087480      14     1.224720
OAI221xp5_ASAP7_75t_R asap7sc7p5t_OA_RVT_TT_nldm_211120     0.102060       7     0.714420
OAI222xp33_ASAP7_75t_R asap7sc7p5t_OA_RVT_TT_nldm_211120     0.145800       1     0.145800
OAI311xp33_ASAP7_75t_R asap7sc7p5t_OA_RVT_TT_nldm_211120     0.102060       4     0.408240
OAI331xp33_ASAP7_75t_R asap7sc7p5t_OA_RVT_TT_nldm_211120     0.131220       2     0.262440
OAI332xp33_ASAP7_75t_R asap7sc7p5t_OA_RVT_TT_nldm_211120     0.145800       3     0.437400
OR2x2_ASAP7_75t_R  asap7sc7p5t_SIMPLE_RVT_TT_nldm_211120     0.087480       2     0.174960
OR4x2_ASAP7_75t_R  asap7sc7p5t_SIMPLE_RVT_TT_nldm_211120     0.116640       1     0.116640
TIEHIx1_ASAP7_75t_R asap7sc7p5t_SIMPLE_RVT_TT_nldm_211120     0.043740       1     0.043740
TIELOx1_ASAP7_75t_R asap7sc7p5t_SIMPLE_RVT_TT_nldm_211120     0.043740       1     0.043740
XNOR2x2_ASAP7_75t_R asap7sc7p5t_SIMPLE_RVT_TT_nldm_211120     0.160380       2     0.320760
XNOR2xp5_ASAP7_75t_R asap7sc7p5t_SIMPLE_RVT_TT_nldm_211120     0.131220       1     0.131220
XOR2x1_ASAP7_75t_R asap7sc7p5t_SIMPLE_RVT_TT_nldm_211120     0.174960       1     0.174960
XOR2x2_ASAP7_75t_R asap7sc7p5t_SIMPLE_RVT_TT_nldm_211120     0.160380       3     0.481140
XOR2xp5_ASAP7_75t_R asap7sc7p5t_SIMPLE_RVT_TT_nldm_211120     0.131220       6     0.787320
fp16_add_2_DW01_add_J23_0         7.275420       1      7.275420  h
fp16_add_2_DW01_sub_5             9.185400       1      9.185400  h
-----------------------------------------------------------------------------
Total 87 references                                    76.953240

****************************************
Design: fp16_add_2_DW01_add_J23_0 
****************************************
Reference          Library       Unit Area   Count    Total Area   Attributes
-----------------------------------------------------------------------------
AND2x2_ASAP7_75t_R asap7sc7p5t_SIMPLE_RVT_TT_nldm_211120     0.087480       4     0.349920
AO21x1_ASAP7_75t_R asap7sc7p5t_AO_RVT_TT_nldm_211120     0.087480       1     0.087480
AOI21xp5_ASAP7_75t_R asap7sc7p5t_AO_RVT_TT_nldm_211120     0.072900       2     0.145800
AOI21xp33_ASAP7_75t_R asap7sc7p5t_AO_RVT_TT_nldm_211120     0.072900       1     0.072900
AOI31xp33_ASAP7_75t_R asap7sc7p5t_AO_RVT_TT_nldm_211120     0.087480       2     0.174960
AOI221xp5_ASAP7_75t_R asap7sc7p5t_AO_RVT_TT_nldm_211120     0.102060       1     0.102060
INVx1_ASAP7_75t_R  asap7sc7p5t_INVBUF_RVT_TT_nldm_211120     0.043740      17     0.743580
INVxp67_ASAP7_75t_R asap7sc7p5t_INVBUF_RVT_TT_nldm_211120     0.043740       2     0.087480
NAND2xp5_ASAP7_75t_R asap7sc7p5t_SIMPLE_RVT_TT_nldm_211120     0.058320      18     1.049760
NAND3x1_ASAP7_75t_R asap7sc7p5t_SIMPLE_RVT_TT_nldm_211120     0.160380       1     0.160380
NAND3xp33_ASAP7_75t_R asap7sc7p5t_SIMPLE_RVT_TT_nldm_211120     0.072900       6     0.437400
NOR2x1_ASAP7_75t_R asap7sc7p5t_SIMPLE_RVT_TT_nldm_211120     0.087480       6     0.524880
NOR2xp33_ASAP7_75t_R asap7sc7p5t_SIMPLE_RVT_TT_nldm_211120     0.058320      10     0.583200
O2A1O1Ixp33_ASAP7_75t_R asap7sc7p5t_OA_RVT_TT_nldm_211120     0.087480       2     0.174960
OAI21xp5_ASAP7_75t_R asap7sc7p5t_OA_RVT_TT_nldm_211120     0.072900       3     0.218700
OAI211xp5_ASAP7_75t_R asap7sc7p5t_OA_RVT_TT_nldm_211120     0.087480       1     0.087480
OR2x2_ASAP7_75t_R  asap7sc7p5t_SIMPLE_RVT_TT_nldm_211120     0.087480       8     0.699840
XNOR2xp5_ASAP7_75t_R asap7sc7p5t_SIMPLE_RVT_TT_nldm_211120     0.131220       7     0.918540
XOR2xp5_ASAP7_75t_R asap7sc7p5t_SIMPLE_RVT_TT_nldm_211120     0.131220       5     0.656100
-----------------------------------------------------------------------------
Total 19 references                                     7.275420

****************************************
Design: fp16_add_2_DW01_sub_5 
****************************************
Reference          Library       Unit Area   Count    Total Area   Attributes
-----------------------------------------------------------------------------
AND2x2_ASAP7_75t_R asap7sc7p5t_SIMPLE_RVT_TT_nldm_211120     0.087480       3     0.262440
AOI21x1_ASAP7_75t_R asap7sc7p5t_AO_RVT_TT_nldm_211120     0.116640       1     0.116640
AOI21xp33_ASAP7_75t_R asap7sc7p5t_AO_RVT_TT_nldm_211120     0.072900       2     0.145800
AOI221x1_ASAP7_75t_R asap7sc7p5t_AO_RVT_TT_nldm_211120     0.204120       2     0.408240
AOI221xp5_ASAP7_75t_R asap7sc7p5t_AO_RVT_TT_nldm_211120     0.102060       1     0.102060
CKINVDCx20_ASAP7_75t_R asap7sc7p5t_INVBUF_RVT_TT_nldm_211120     0.554040       1     0.554040
INVx1_ASAP7_75t_R  asap7sc7p5t_INVBUF_RVT_TT_nldm_211120     0.043740      32     1.399680
INVx2_ASAP7_75t_R  asap7sc7p5t_INVBUF_RVT_TT_nldm_211120     0.058320       2     0.116640
INVxp33_ASAP7_75t_R asap7sc7p5t_INVBUF_RVT_TT_nldm_211120     0.043740       5     0.218700
INVxp67_ASAP7_75t_R asap7sc7p5t_INVBUF_RVT_TT_nldm_211120     0.043740       3     0.131220
NAND2x1p5_ASAP7_75t_R asap7sc7p5t_SIMPLE_RVT_TT_nldm_211120     0.116640       1     0.116640
NAND2xp5_ASAP7_75t_R asap7sc7p5t_SIMPLE_RVT_TT_nldm_211120     0.058320      32     1.866240
NAND2xp33_ASAP7_75t_R asap7sc7p5t_SIMPLE_RVT_TT_nldm_211120     0.058320       1     0.058320
NOR2x1_ASAP7_75t_R asap7sc7p5t_SIMPLE_RVT_TT_nldm_211120     0.087480       4     0.349920
NOR2x1p5_ASAP7_75t_R asap7sc7p5t_SIMPLE_RVT_TT_nldm_211120     0.116640       1     0.116640
NOR2xp33_ASAP7_75t_R asap7sc7p5t_SIMPLE_RVT_TT_nldm_211120     0.058320       1     0.058320
OA21x2_ASAP7_75t_R asap7sc7p5t_OA_RVT_TT_nldm_211120     0.102060       1     0.102060
OAI21x1_ASAP7_75t_R asap7sc7p5t_OA_RVT_TT_nldm_211120     0.116640       3     0.349920
OAI21xp5_ASAP7_75t_R asap7sc7p5t_OA_RVT_TT_nldm_211120     0.072900       5     0.364500
OAI21xp33_ASAP7_75t_R asap7sc7p5t_OA_RVT_TT_nldm_211120     0.072900       3     0.218700
OR2x2_ASAP7_75t_R  asap7sc7p5t_SIMPLE_RVT_TT_nldm_211120     0.087480       1     0.087480
XNOR2x1_ASAP7_75t_R asap7sc7p5t_SIMPLE_RVT_TT_nldm_211120     0.174960       1     0.174960
XNOR2xp5_ASAP7_75t_R asap7sc7p5t_SIMPLE_RVT_TT_nldm_211120     0.131220       8     1.049760
XOR2x2_ASAP7_75t_R asap7sc7p5t_SIMPLE_RVT_TT_nldm_211120     0.160380       1     0.160380
XOR2xp5_ASAP7_75t_R asap7sc7p5t_SIMPLE_RVT_TT_nldm_211120     0.131220       5     0.656100
-----------------------------------------------------------------------------
Total 25 references                                     9.185400

****************************************
Design: fp16_add_3 
****************************************
Reference          Library       Unit Area   Count    Total Area   Attributes
-----------------------------------------------------------------------------
A2O1A1Ixp33_ASAP7_75t_R asap7sc7p5t_AO_RVT_TT_nldm_211120     0.087480       9     0.787320
AND2x2_ASAP7_75t_R asap7sc7p5t_SIMPLE_RVT_TT_nldm_211120     0.087480      20     1.749600
AND3x1_ASAP7_75t_R asap7sc7p5t_SIMPLE_RVT_TT_nldm_211120     0.087480       3     0.262440
AND3x2_ASAP7_75t_R asap7sc7p5t_SIMPLE_RVT_TT_nldm_211120     0.102060       1     0.102060
AO21x1_ASAP7_75t_R asap7sc7p5t_AO_RVT_TT_nldm_211120     0.087480       2     0.174960
AO22x1_ASAP7_75t_R asap7sc7p5t_AO_RVT_TT_nldm_211120     0.131220       4     0.524880
AO31x2_ASAP7_75t_R asap7sc7p5t_AO_RVT_TT_nldm_211120     0.233280       1     0.233280
AO222x2_ASAP7_75t_R asap7sc7p5t_AO_RVT_TT_nldm_211120     0.174960       1     0.174960
AOI21xp5_ASAP7_75t_R asap7sc7p5t_AO_RVT_TT_nldm_211120     0.072900       2     0.145800
AOI21xp33_ASAP7_75t_R asap7sc7p5t_AO_RVT_TT_nldm_211120     0.072900       8     0.583200
AOI22x1_ASAP7_75t_R asap7sc7p5t_AO_RVT_TT_nldm_211120     0.145800       1     0.145800
AOI22xp5_ASAP7_75t_R asap7sc7p5t_AO_RVT_TT_nldm_211120     0.087480       1     0.087480
AOI22xp33_ASAP7_75t_R asap7sc7p5t_AO_RVT_TT_nldm_211120     0.087480       7     0.612360
AOI31xp33_ASAP7_75t_R asap7sc7p5t_AO_RVT_TT_nldm_211120     0.087480       4     0.349920
AOI211x1_ASAP7_75t_R asap7sc7p5t_AO_RVT_TT_nldm_211120     0.174960       1     0.174960
AOI211xp5_ASAP7_75t_R asap7sc7p5t_AO_RVT_TT_nldm_211120     0.087480       2     0.174960
AOI221xp5_ASAP7_75t_R asap7sc7p5t_AO_RVT_TT_nldm_211120     0.102060       3     0.306180
AOI222xp33_ASAP7_75t_R asap7sc7p5t_AO_RVT_TT_nldm_211120     0.145800       1     0.145800
AOI311xp33_ASAP7_75t_R asap7sc7p5t_AO_RVT_TT_nldm_211120     0.102060       3     0.306180
AOI321xp33_ASAP7_75t_R asap7sc7p5t_AO_RVT_TT_nldm_211120     0.116640       2     0.233280
AOI331xp33_ASAP7_75t_R asap7sc7p5t_AO_RVT_TT_nldm_211120     0.131220       2     0.262440
BUFx3_ASAP7_75t_R  asap7sc7p5t_INVBUF_RVT_TT_nldm_211120     0.087480       3     0.262440
BUFx6f_ASAP7_75t_R asap7sc7p5t_INVBUF_RVT_TT_nldm_211120     0.145800       1     0.145800
BUFx8_ASAP7_75t_R  asap7sc7p5t_INVBUF_RVT_TT_nldm_211120     0.174960       2     0.349920
CKINVDCx20_ASAP7_75t_R asap7sc7p5t_INVBUF_RVT_TT_nldm_211120     0.554040       1     0.554040
DFFASRHQNx1_ASAP7_75t_R asap7sc7p5t_SEQ_RVT_TT_nldm_220123     0.379080      17     6.444360 n
HB1xp67_ASAP7_75t_R asap7sc7p5t_INVBUF_RVT_TT_nldm_211120     0.058320       3     0.174960
INVx1_ASAP7_75t_R  asap7sc7p5t_INVBUF_RVT_TT_nldm_211120     0.043740     167     7.304580
INVx2_ASAP7_75t_R  asap7sc7p5t_INVBUF_RVT_TT_nldm_211120     0.058320      26     1.516320
INVx3_ASAP7_75t_R  asap7sc7p5t_INVBUF_RVT_TT_nldm_211120     0.072900       7     0.510300
INVx4_ASAP7_75t_R  asap7sc7p5t_INVBUF_RVT_TT_nldm_211120     0.087480       2     0.174960
INVx5_ASAP7_75t_R  asap7sc7p5t_INVBUF_RVT_TT_nldm_211120     0.102060       1     0.102060
INVxp33_ASAP7_75t_R asap7sc7p5t_INVBUF_RVT_TT_nldm_211120     0.043740       7     0.306180
INVxp67_ASAP7_75t_R asap7sc7p5t_INVBUF_RVT_TT_nldm_211120     0.043740      17     0.743580
NAND2x1_ASAP7_75t_R asap7sc7p5t_SIMPLE_RVT_TT_nldm_211120     0.087480       8     0.699840
NAND2x1p5_ASAP7_75t_R asap7sc7p5t_SIMPLE_RVT_TT_nldm_211120     0.116640      14     1.632960
NAND2x2_ASAP7_75t_R asap7sc7p5t_SIMPLE_RVT_TT_nldm_211120     0.145800       2     0.291600
NAND2xp5_ASAP7_75t_R asap7sc7p5t_SIMPLE_RVT_TT_nldm_211120     0.058320     119     6.940080
NAND2xp33_ASAP7_75t_R asap7sc7p5t_SIMPLE_RVT_TT_nldm_211120     0.058320      20     1.166400
NAND3x1_ASAP7_75t_R asap7sc7p5t_SIMPLE_RVT_TT_nldm_211120     0.160380       1     0.160380
NAND3xp33_ASAP7_75t_R asap7sc7p5t_SIMPLE_RVT_TT_nldm_211120     0.072900      28     2.041200
NAND4xp25_ASAP7_75t_R asap7sc7p5t_SIMPLE_RVT_TT_nldm_211120     0.087480       2     0.174960
NAND4xp75_ASAP7_75t_R asap7sc7p5t_SIMPLE_RVT_TT_nldm_211120     0.204120       3     0.612360
NAND5xp2_ASAP7_75t_R asap7sc7p5t_SIMPLE_RVT_TT_nldm_211120     0.102060       7     0.714420
NOR2x1_ASAP7_75t_R asap7sc7p5t_SIMPLE_RVT_TT_nldm_211120     0.087480       3     0.262440
NOR2xp33_ASAP7_75t_R asap7sc7p5t_SIMPLE_RVT_TT_nldm_211120     0.058320      27     1.574640
NOR2xp67_ASAP7_75t_R asap7sc7p5t_SIMPLE_RVT_TT_nldm_211120     0.087480       1     0.087480
NOR3xp33_ASAP7_75t_R asap7sc7p5t_SIMPLE_RVT_TT_nldm_211120     0.072900       2     0.145800
NOR4xp25_ASAP7_75t_R asap7sc7p5t_SIMPLE_RVT_TT_nldm_211120     0.087480       1     0.087480
NOR5xp2_ASAP7_75t_R asap7sc7p5t_SIMPLE_RVT_TT_nldm_211120     0.102060       4     0.408240
O2A1O1Ixp5_ASAP7_75t_R asap7sc7p5t_OA_RVT_TT_nldm_211120     0.116640       1     0.116640
O2A1O1Ixp33_ASAP7_75t_R asap7sc7p5t_OA_RVT_TT_nldm_211120     0.087480       3     0.262440
OA21x2_ASAP7_75t_R asap7sc7p5t_OA_RVT_TT_nldm_211120     0.102060       3     0.306180
OA22x2_ASAP7_75t_R asap7sc7p5t_OA_RVT_TT_nldm_211120     0.145800       5     0.729000
OAI21x1_ASAP7_75t_R asap7sc7p5t_OA_RVT_TT_nldm_211120     0.116640       1     0.116640
OAI21xp5_ASAP7_75t_R asap7sc7p5t_OA_RVT_TT_nldm_211120     0.072900      22     1.603800
OAI21xp33_ASAP7_75t_R asap7sc7p5t_OA_RVT_TT_nldm_211120     0.072900      12     0.874800
OAI22x1_ASAP7_75t_R asap7sc7p5t_OA_RVT_TT_nldm_211120     0.145800       1     0.145800
OAI22xp5_ASAP7_75t_R asap7sc7p5t_OA_RVT_TT_nldm_211120     0.087480      47     4.111560
OAI22xp33_ASAP7_75t_R asap7sc7p5t_OA_RVT_TT_nldm_211120     0.087480      14     1.224720
OAI31xp33_ASAP7_75t_R asap7sc7p5t_OA_RVT_TT_nldm_211120     0.087480       6     0.524880
OAI31xp67_ASAP7_75t_R asap7sc7p5t_OA_RVT_TT_nldm_211120     0.189540       3     0.568620
OAI32xp33_ASAP7_75t_R asap7sc7p5t_OA_RVT_TT_nldm_211120     0.102060       2     0.204120
OAI211xp5_ASAP7_75t_R asap7sc7p5t_OA_RVT_TT_nldm_211120     0.087480      20     1.749600
OAI221xp5_ASAP7_75t_R asap7sc7p5t_OA_RVT_TT_nldm_211120     0.102060       7     0.714420
OAI222xp33_ASAP7_75t_R asap7sc7p5t_OA_RVT_TT_nldm_211120     0.145800       5     0.729000
OAI311xp33_ASAP7_75t_R asap7sc7p5t_OA_RVT_TT_nldm_211120     0.102060       5     0.510300
OAI321xp33_ASAP7_75t_R asap7sc7p5t_OA_RVT_TT_nldm_211120     0.116640       3     0.349920
OAI322xp33_ASAP7_75t_R asap7sc7p5t_OA_RVT_TT_nldm_211120     0.131220       2     0.262440
OAI331xp33_ASAP7_75t_R asap7sc7p5t_OA_RVT_TT_nldm_211120     0.131220       1     0.131220
OAI332xp33_ASAP7_75t_R asap7sc7p5t_OA_RVT_TT_nldm_211120     0.145800       1     0.145800
OR2x2_ASAP7_75t_R  asap7sc7p5t_SIMPLE_RVT_TT_nldm_211120     0.087480       3     0.262440
OR3x1_ASAP7_75t_R  asap7sc7p5t_SIMPLE_RVT_TT_nldm_211120     0.087480       2     0.174960
OR4x2_ASAP7_75t_R  asap7sc7p5t_SIMPLE_RVT_TT_nldm_211120     0.116640       1     0.116640
TIEHIx1_ASAP7_75t_R asap7sc7p5t_SIMPLE_RVT_TT_nldm_211120     0.043740       1     0.043740
TIELOx1_ASAP7_75t_R asap7sc7p5t_SIMPLE_RVT_TT_nldm_211120     0.043740       1     0.043740
XNOR2x1_ASAP7_75t_R asap7sc7p5t_SIMPLE_RVT_TT_nldm_211120     0.174960       1     0.174960
XNOR2x2_ASAP7_75t_R asap7sc7p5t_SIMPLE_RVT_TT_nldm_211120     0.160380       2     0.320760
XOR2x1_ASAP7_75t_R asap7sc7p5t_SIMPLE_RVT_TT_nldm_211120     0.174960       2     0.349920
XOR2x2_ASAP7_75t_R asap7sc7p5t_SIMPLE_RVT_TT_nldm_211120     0.160380       5     0.801900
XOR2xp5_ASAP7_75t_R asap7sc7p5t_SIMPLE_RVT_TT_nldm_211120     0.131220       6     0.787320
fp16_add_3_DW01_add_J8_0          7.406640       1      7.406640  h
fp16_add_3_DW01_sub_J14_0         8.412660       1      8.412660  h
-----------------------------------------------------------------------------
Total 83 references                                    77.405220

****************************************
Design: fp16_add_3_DW01_add_J8_0 
****************************************
Reference          Library       Unit Area   Count    Total Area   Attributes
-----------------------------------------------------------------------------
AND2x2_ASAP7_75t_R asap7sc7p5t_SIMPLE_RVT_TT_nldm_211120     0.087480       2     0.174960
AOI21xp5_ASAP7_75t_R asap7sc7p5t_AO_RVT_TT_nldm_211120     0.072900       2     0.145800
AOI22xp5_ASAP7_75t_R asap7sc7p5t_AO_RVT_TT_nldm_211120     0.087480       1     0.087480
AOI31xp67_ASAP7_75t_R asap7sc7p5t_AO_RVT_TT_nldm_211120     0.189540       1     0.189540
AOI211x1_ASAP7_75t_R asap7sc7p5t_AO_RVT_TT_nldm_211120     0.174960       1     0.174960
INVx1_ASAP7_75t_R  asap7sc7p5t_INVBUF_RVT_TT_nldm_211120     0.043740      20     0.874800
INVxp33_ASAP7_75t_R asap7sc7p5t_INVBUF_RVT_TT_nldm_211120     0.043740       1     0.043740
INVxp67_ASAP7_75t_R asap7sc7p5t_INVBUF_RVT_TT_nldm_211120     0.043740       2     0.087480
NAND2xp5_ASAP7_75t_R asap7sc7p5t_SIMPLE_RVT_TT_nldm_211120     0.058320      21     1.224720
NAND2xp33_ASAP7_75t_R asap7sc7p5t_SIMPLE_RVT_TT_nldm_211120     0.058320       3     0.174960
NAND2xp67_ASAP7_75t_R asap7sc7p5t_SIMPLE_RVT_TT_nldm_211120     0.087480       1     0.087480
NAND3xp33_ASAP7_75t_R asap7sc7p5t_SIMPLE_RVT_TT_nldm_211120     0.072900       2     0.145800
NOR2x1p5_ASAP7_75t_R asap7sc7p5t_SIMPLE_RVT_TT_nldm_211120     0.116640       1     0.116640
NOR2xp33_ASAP7_75t_R asap7sc7p5t_SIMPLE_RVT_TT_nldm_211120     0.058320       4     0.233280
OA21x2_ASAP7_75t_R asap7sc7p5t_OA_RVT_TT_nldm_211120     0.102060       1     0.102060
OA31x2_ASAP7_75t_R asap7sc7p5t_OA_RVT_TT_nldm_211120     0.218700       1     0.218700
OAI21xp5_ASAP7_75t_R asap7sc7p5t_OA_RVT_TT_nldm_211120     0.072900       4     0.291600
OAI21xp33_ASAP7_75t_R asap7sc7p5t_OA_RVT_TT_nldm_211120     0.072900       3     0.218700
OAI22xp5_ASAP7_75t_R asap7sc7p5t_OA_RVT_TT_nldm_211120     0.087480       1     0.087480
OAI31xp67_ASAP7_75t_R asap7sc7p5t_OA_RVT_TT_nldm_211120     0.189540       1     0.189540
OR2x2_ASAP7_75t_R  asap7sc7p5t_SIMPLE_RVT_TT_nldm_211120     0.087480      11     0.962280
XNOR2xp5_ASAP7_75t_R asap7sc7p5t_SIMPLE_RVT_TT_nldm_211120     0.131220       8     1.049760
XOR2xp5_ASAP7_75t_R asap7sc7p5t_SIMPLE_RVT_TT_nldm_211120     0.131220       4     0.524880
-----------------------------------------------------------------------------
Total 23 references                                     7.406640

****************************************
Design: fp16_add_3_DW01_sub_J14_0 
****************************************
Reference          Library       Unit Area   Count    Total Area   Attributes
-----------------------------------------------------------------------------
AND2x2_ASAP7_75t_R asap7sc7p5t_SIMPLE_RVT_TT_nldm_211120     0.087480       3     0.262440
AOI21x1_ASAP7_75t_R asap7sc7p5t_AO_RVT_TT_nldm_211120     0.116640       1     0.116640
AOI21xp5_ASAP7_75t_R asap7sc7p5t_AO_RVT_TT_nldm_211120     0.072900       1     0.072900
AOI21xp33_ASAP7_75t_R asap7sc7p5t_AO_RVT_TT_nldm_211120     0.072900       1     0.072900
AOI221x1_ASAP7_75t_R asap7sc7p5t_AO_RVT_TT_nldm_211120     0.204120       1     0.204120
AOI221xp5_ASAP7_75t_R asap7sc7p5t_AO_RVT_TT_nldm_211120     0.102060       2     0.204120
INVx1_ASAP7_75t_R  asap7sc7p5t_INVBUF_RVT_TT_nldm_211120     0.043740      34     1.487160
INVx2_ASAP7_75t_R  asap7sc7p5t_INVBUF_RVT_TT_nldm_211120     0.058320       1     0.058320
INVxp33_ASAP7_75t_R asap7sc7p5t_INVBUF_RVT_TT_nldm_211120     0.043740       4     0.174960
INVxp67_ASAP7_75t_R asap7sc7p5t_INVBUF_RVT_TT_nldm_211120     0.043740       4     0.174960
NAND2xp5_ASAP7_75t_R asap7sc7p5t_SIMPLE_RVT_TT_nldm_211120     0.058320      32     1.866240
NAND2xp33_ASAP7_75t_R asap7sc7p5t_SIMPLE_RVT_TT_nldm_211120     0.058320       4     0.233280
NOR2x1_ASAP7_75t_R asap7sc7p5t_SIMPLE_RVT_TT_nldm_211120     0.087480       5     0.437400
NOR2xp33_ASAP7_75t_R asap7sc7p5t_SIMPLE_RVT_TT_nldm_211120     0.058320       1     0.058320
OA21x2_ASAP7_75t_R asap7sc7p5t_OA_RVT_TT_nldm_211120     0.102060       2     0.204120
OAI21x1_ASAP7_75t_R asap7sc7p5t_OA_RVT_TT_nldm_211120     0.116640       2     0.233280
OAI21xp5_ASAP7_75t_R asap7sc7p5t_OA_RVT_TT_nldm_211120     0.072900       5     0.364500
OAI21xp33_ASAP7_75t_R asap7sc7p5t_OA_RVT_TT_nldm_211120     0.072900       3     0.218700
XNOR2xp5_ASAP7_75t_R asap7sc7p5t_SIMPLE_RVT_TT_nldm_211120     0.131220       9     1.180980
XOR2xp5_ASAP7_75t_R asap7sc7p5t_SIMPLE_RVT_TT_nldm_211120     0.131220       6     0.787320
-----------------------------------------------------------------------------
Total 20 references                                     8.412660

****************************************
Design: fp16_add_4 
****************************************
Reference          Library       Unit Area   Count    Total Area   Attributes
-----------------------------------------------------------------------------
A2O1A1Ixp33_ASAP7_75t_R asap7sc7p5t_AO_RVT_TT_nldm_211120     0.087480      13     1.137240
AND2x2_ASAP7_75t_R asap7sc7p5t_SIMPLE_RVT_TT_nldm_211120     0.087480      17     1.487160
AND3x1_ASAP7_75t_R asap7sc7p5t_SIMPLE_RVT_TT_nldm_211120     0.087480       3     0.262440
AO22x1_ASAP7_75t_R asap7sc7p5t_AO_RVT_TT_nldm_211120     0.131220       4     0.524880
AO211x2_ASAP7_75t_R asap7sc7p5t_AO_RVT_TT_nldm_211120     0.233280       1     0.233280
AOI21x1_ASAP7_75t_R asap7sc7p5t_AO_RVT_TT_nldm_211120     0.116640       1     0.116640
AOI21xp5_ASAP7_75t_R asap7sc7p5t_AO_RVT_TT_nldm_211120     0.072900       2     0.145800
AOI21xp33_ASAP7_75t_R asap7sc7p5t_AO_RVT_TT_nldm_211120     0.072900       4     0.291600
AOI22x1_ASAP7_75t_R asap7sc7p5t_AO_RVT_TT_nldm_211120     0.145800       1     0.145800
AOI22xp5_ASAP7_75t_R asap7sc7p5t_AO_RVT_TT_nldm_211120     0.087480       3     0.262440
AOI22xp33_ASAP7_75t_R asap7sc7p5t_AO_RVT_TT_nldm_211120     0.087480      16     1.399680
AOI31xp33_ASAP7_75t_R asap7sc7p5t_AO_RVT_TT_nldm_211120     0.087480       3     0.262440
AOI32xp33_ASAP7_75t_R asap7sc7p5t_AO_RVT_TT_nldm_211120     0.102060       1     0.102060
AOI33xp33_ASAP7_75t_R asap7sc7p5t_AO_RVT_TT_nldm_211120     0.116640       2     0.233280
AOI211xp5_ASAP7_75t_R asap7sc7p5t_AO_RVT_TT_nldm_211120     0.087480       3     0.262440
AOI221xp5_ASAP7_75t_R asap7sc7p5t_AO_RVT_TT_nldm_211120     0.102060       4     0.408240
AOI311xp33_ASAP7_75t_R asap7sc7p5t_AO_RVT_TT_nldm_211120     0.102060       2     0.204120
AOI321xp33_ASAP7_75t_R asap7sc7p5t_AO_RVT_TT_nldm_211120     0.116640       5     0.583200
AOI322xp5_ASAP7_75t_R asap7sc7p5t_AO_RVT_TT_nldm_211120     0.131220       1     0.131220
BUFx2_ASAP7_75t_R  asap7sc7p5t_INVBUF_RVT_TT_nldm_211120     0.072900       1     0.072900
BUFx3_ASAP7_75t_R  asap7sc7p5t_INVBUF_RVT_TT_nldm_211120     0.087480       4     0.349920
BUFx8_ASAP7_75t_R  asap7sc7p5t_INVBUF_RVT_TT_nldm_211120     0.174960       2     0.349920
DFFASRHQNx1_ASAP7_75t_R asap7sc7p5t_SEQ_RVT_TT_nldm_220123     0.379080      17     6.444360 n
FAx1_ASAP7_75t_R   asap7sc7p5t_SIMPLE_RVT_TT_nldm_211120     0.204120       2     0.408240 r
HB1xp67_ASAP7_75t_R asap7sc7p5t_INVBUF_RVT_TT_nldm_211120     0.058320       3     0.174960
INVx1_ASAP7_75t_R  asap7sc7p5t_INVBUF_RVT_TT_nldm_211120     0.043740     178     7.785720
INVx2_ASAP7_75t_R  asap7sc7p5t_INVBUF_RVT_TT_nldm_211120     0.058320      28     1.632960
INVx3_ASAP7_75t_R  asap7sc7p5t_INVBUF_RVT_TT_nldm_211120     0.072900       6     0.437400
INVx4_ASAP7_75t_R  asap7sc7p5t_INVBUF_RVT_TT_nldm_211120     0.087480       4     0.349920
INVx5_ASAP7_75t_R  asap7sc7p5t_INVBUF_RVT_TT_nldm_211120     0.102060       1     0.102060
INVxp33_ASAP7_75t_R asap7sc7p5t_INVBUF_RVT_TT_nldm_211120     0.043740       9     0.393660
INVxp67_ASAP7_75t_R asap7sc7p5t_INVBUF_RVT_TT_nldm_211120     0.043740      22     0.962280
NAND2x1_ASAP7_75t_R asap7sc7p5t_SIMPLE_RVT_TT_nldm_211120     0.087480       6     0.524880
NAND2x1p5_ASAP7_75t_R asap7sc7p5t_SIMPLE_RVT_TT_nldm_211120     0.116640      13     1.516320
NAND2x2_ASAP7_75t_R asap7sc7p5t_SIMPLE_RVT_TT_nldm_211120     0.145800       1     0.145800
NAND2xp5_ASAP7_75t_R asap7sc7p5t_SIMPLE_RVT_TT_nldm_211120     0.058320     144     8.398080
NAND2xp33_ASAP7_75t_R asap7sc7p5t_SIMPLE_RVT_TT_nldm_211120     0.058320      15     0.874800
NAND2xp67_ASAP7_75t_R asap7sc7p5t_SIMPLE_RVT_TT_nldm_211120     0.087480       1     0.087480
NAND3x1_ASAP7_75t_R asap7sc7p5t_SIMPLE_RVT_TT_nldm_211120     0.160380       4     0.641520
NAND3x2_ASAP7_75t_R asap7sc7p5t_SIMPLE_RVT_TT_nldm_211120     0.291600       1     0.291600
NAND3xp33_ASAP7_75t_R asap7sc7p5t_SIMPLE_RVT_TT_nldm_211120     0.072900      29     2.114100
NAND4xp25_ASAP7_75t_R asap7sc7p5t_SIMPLE_RVT_TT_nldm_211120     0.087480       3     0.262440
NAND4xp75_ASAP7_75t_R asap7sc7p5t_SIMPLE_RVT_TT_nldm_211120     0.204120       1     0.204120
NAND5xp2_ASAP7_75t_R asap7sc7p5t_SIMPLE_RVT_TT_nldm_211120     0.102060       4     0.408240
NOR2x1_ASAP7_75t_R asap7sc7p5t_SIMPLE_RVT_TT_nldm_211120     0.087480       4     0.349920
NOR2xp33_ASAP7_75t_R asap7sc7p5t_SIMPLE_RVT_TT_nldm_211120     0.058320      23     1.341360
NOR2xp67_ASAP7_75t_R asap7sc7p5t_SIMPLE_RVT_TT_nldm_211120     0.087480       1     0.087480
NOR3xp33_ASAP7_75t_R asap7sc7p5t_SIMPLE_RVT_TT_nldm_211120     0.072900       4     0.291600
NOR4xp25_ASAP7_75t_R asap7sc7p5t_SIMPLE_RVT_TT_nldm_211120     0.087480       3     0.262440
NOR5xp2_ASAP7_75t_R asap7sc7p5t_SIMPLE_RVT_TT_nldm_211120     0.102060       6     0.612360
O2A1O1Ixp33_ASAP7_75t_R asap7sc7p5t_OA_RVT_TT_nldm_211120     0.087480       1     0.087480
OA21x2_ASAP7_75t_R asap7sc7p5t_OA_RVT_TT_nldm_211120     0.102060       2     0.204120
OA22x2_ASAP7_75t_R asap7sc7p5t_OA_RVT_TT_nldm_211120     0.145800       1     0.145800
OA31x2_ASAP7_75t_R asap7sc7p5t_OA_RVT_TT_nldm_211120     0.218700       1     0.218700
OA211x2_ASAP7_75t_R asap7sc7p5t_OA_RVT_TT_nldm_211120     0.116640       1     0.116640
OA331x1_ASAP7_75t_R asap7sc7p5t_OA_RVT_TT_nldm_211120     0.145800       1     0.145800
OAI21x1_ASAP7_75t_R asap7sc7p5t_OA_RVT_TT_nldm_211120     0.116640       6     0.699840
OAI21xp5_ASAP7_75t_R asap7sc7p5t_OA_RVT_TT_nldm_211120     0.072900      32     2.332800
OAI21xp33_ASAP7_75t_R asap7sc7p5t_OA_RVT_TT_nldm_211120     0.072900      11     0.801900
OAI22x1_ASAP7_75t_R asap7sc7p5t_OA_RVT_TT_nldm_211120     0.145800       2     0.291600
OAI22xp5_ASAP7_75t_R asap7sc7p5t_OA_RVT_TT_nldm_211120     0.087480      32     2.799360
OAI22xp33_ASAP7_75t_R asap7sc7p5t_OA_RVT_TT_nldm_211120     0.087480      19     1.662120
OAI31xp33_ASAP7_75t_R asap7sc7p5t_OA_RVT_TT_nldm_211120     0.087480       3     0.262440
OAI31xp67_ASAP7_75t_R asap7sc7p5t_OA_RVT_TT_nldm_211120     0.189540       2     0.379080
OAI32xp33_ASAP7_75t_R asap7sc7p5t_OA_RVT_TT_nldm_211120     0.102060       2     0.204120
OAI33xp33_ASAP7_75t_R asap7sc7p5t_OA_RVT_TT_nldm_211120     0.116640       1     0.116640
OAI211xp5_ASAP7_75t_R asap7sc7p5t_OA_RVT_TT_nldm_211120     0.087480      11     0.962280
OAI221xp5_ASAP7_75t_R asap7sc7p5t_OA_RVT_TT_nldm_211120     0.102060       8     0.816480
OAI222xp33_ASAP7_75t_R asap7sc7p5t_OA_RVT_TT_nldm_211120     0.145800       4     0.583200
OAI311xp33_ASAP7_75t_R asap7sc7p5t_OA_RVT_TT_nldm_211120     0.102060       7     0.714420
OAI321xp33_ASAP7_75t_R asap7sc7p5t_OA_RVT_TT_nldm_211120     0.116640       2     0.233280
OAI322xp33_ASAP7_75t_R asap7sc7p5t_OA_RVT_TT_nldm_211120     0.131220       1     0.131220
OR2x2_ASAP7_75t_R  asap7sc7p5t_SIMPLE_RVT_TT_nldm_211120     0.087480       2     0.174960
OR3x2_ASAP7_75t_R  asap7sc7p5t_SIMPLE_RVT_TT_nldm_211120     0.102060       1     0.102060
OR4x2_ASAP7_75t_R  asap7sc7p5t_SIMPLE_RVT_TT_nldm_211120     0.116640       1     0.116640
TIEHIx1_ASAP7_75t_R asap7sc7p5t_SIMPLE_RVT_TT_nldm_211120     0.043740       1     0.043740
TIELOx1_ASAP7_75t_R asap7sc7p5t_SIMPLE_RVT_TT_nldm_211120     0.043740       1     0.043740
XNOR2x2_ASAP7_75t_R asap7sc7p5t_SIMPLE_RVT_TT_nldm_211120     0.160380       1     0.160380
XOR2x1_ASAP7_75t_R asap7sc7p5t_SIMPLE_RVT_TT_nldm_211120     0.174960       1     0.174960
XOR2x2_ASAP7_75t_R asap7sc7p5t_SIMPLE_RVT_TT_nldm_211120     0.160380       6     0.962280
XOR2xp5_ASAP7_75t_R asap7sc7p5t_SIMPLE_RVT_TT_nldm_211120     0.131220       8     1.049760
fp16_add_4_DW01_add_J7_0          7.552440       1      7.552440  h
fp16_add_4_DW01_sub_5             8.208540       1      8.208540  h
-----------------------------------------------------------------------------
Total 83 references                                    78.571620

****************************************
Design: fp16_add_4_DW01_add_J7_0 
****************************************
Reference          Library       Unit Area   Count    Total Area   Attributes
-----------------------------------------------------------------------------
AND2x2_ASAP7_75t_R asap7sc7p5t_SIMPLE_RVT_TT_nldm_211120     0.087480       2     0.174960
AOI21x1_ASAP7_75t_R asap7sc7p5t_AO_RVT_TT_nldm_211120     0.116640       1     0.116640
AOI21xp5_ASAP7_75t_R asap7sc7p5t_AO_RVT_TT_nldm_211120     0.072900       1     0.072900
AOI22x1_ASAP7_75t_R asap7sc7p5t_AO_RVT_TT_nldm_211120     0.145800       1     0.145800
AOI31xp67_ASAP7_75t_R asap7sc7p5t_AO_RVT_TT_nldm_211120     0.189540       1     0.189540
AOI211x1_ASAP7_75t_R asap7sc7p5t_AO_RVT_TT_nldm_211120     0.174960       1     0.174960
INVx1_ASAP7_75t_R  asap7sc7p5t_INVBUF_RVT_TT_nldm_211120     0.043740      23     1.006020
INVxp33_ASAP7_75t_R asap7sc7p5t_INVBUF_RVT_TT_nldm_211120     0.043740       1     0.043740
NAND2xp5_ASAP7_75t_R asap7sc7p5t_SIMPLE_RVT_TT_nldm_211120     0.058320      24     1.399680
NAND2xp33_ASAP7_75t_R asap7sc7p5t_SIMPLE_RVT_TT_nldm_211120     0.058320       2     0.116640
NAND3xp33_ASAP7_75t_R asap7sc7p5t_SIMPLE_RVT_TT_nldm_211120     0.072900       2     0.145800
NOR2x1_ASAP7_75t_R asap7sc7p5t_SIMPLE_RVT_TT_nldm_211120     0.087480       1     0.087480
NOR2x1p5_ASAP7_75t_R asap7sc7p5t_SIMPLE_RVT_TT_nldm_211120     0.116640       1     0.116640
NOR2xp33_ASAP7_75t_R asap7sc7p5t_SIMPLE_RVT_TT_nldm_211120     0.058320       3     0.174960
OA21x2_ASAP7_75t_R asap7sc7p5t_OA_RVT_TT_nldm_211120     0.102060       1     0.102060
OAI21x1_ASAP7_75t_R asap7sc7p5t_OA_RVT_TT_nldm_211120     0.116640       1     0.116640
OAI21xp5_ASAP7_75t_R asap7sc7p5t_OA_RVT_TT_nldm_211120     0.072900       6     0.437400
OAI22xp5_ASAP7_75t_R asap7sc7p5t_OA_RVT_TT_nldm_211120     0.087480       1     0.087480
OAI31xp33_ASAP7_75t_R asap7sc7p5t_OA_RVT_TT_nldm_211120     0.087480       1     0.087480
OAI31xp67_ASAP7_75t_R asap7sc7p5t_OA_RVT_TT_nldm_211120     0.189540       1     0.189540
OR2x2_ASAP7_75t_R  asap7sc7p5t_SIMPLE_RVT_TT_nldm_211120     0.087480      11     0.962280
XNOR2xp5_ASAP7_75t_R asap7sc7p5t_SIMPLE_RVT_TT_nldm_211120     0.131220       6     0.787320
XOR2x2_ASAP7_75t_R asap7sc7p5t_SIMPLE_RVT_TT_nldm_211120     0.160380       1     0.160380
XOR2xp5_ASAP7_75t_R asap7sc7p5t_SIMPLE_RVT_TT_nldm_211120     0.131220       5     0.656100
-----------------------------------------------------------------------------
Total 24 references                                     7.552440

****************************************
Design: fp16_add_4_DW01_sub_5 
****************************************
Reference          Library       Unit Area   Count    Total Area   Attributes
-----------------------------------------------------------------------------
AND2x2_ASAP7_75t_R asap7sc7p5t_SIMPLE_RVT_TT_nldm_211120     0.087480       2     0.174960
AOI21xp5_ASAP7_75t_R asap7sc7p5t_AO_RVT_TT_nldm_211120     0.072900       1     0.072900
AOI21xp33_ASAP7_75t_R asap7sc7p5t_AO_RVT_TT_nldm_211120     0.072900       2     0.145800
AOI221x1_ASAP7_75t_R asap7sc7p5t_AO_RVT_TT_nldm_211120     0.204120       2     0.408240
INVx1_ASAP7_75t_R  asap7sc7p5t_INVBUF_RVT_TT_nldm_211120     0.043740      33     1.443420
INVx2_ASAP7_75t_R  asap7sc7p5t_INVBUF_RVT_TT_nldm_211120     0.058320       2     0.116640
INVxp33_ASAP7_75t_R asap7sc7p5t_INVBUF_RVT_TT_nldm_211120     0.043740       3     0.131220
INVxp67_ASAP7_75t_R asap7sc7p5t_INVBUF_RVT_TT_nldm_211120     0.043740       4     0.174960
NAND2x1p5_ASAP7_75t_R asap7sc7p5t_SIMPLE_RVT_TT_nldm_211120     0.116640       1     0.116640
NAND2xp5_ASAP7_75t_R asap7sc7p5t_SIMPLE_RVT_TT_nldm_211120     0.058320      33     1.924560
NAND2xp33_ASAP7_75t_R asap7sc7p5t_SIMPLE_RVT_TT_nldm_211120     0.058320       2     0.116640
NOR2x1_ASAP7_75t_R asap7sc7p5t_SIMPLE_RVT_TT_nldm_211120     0.087480       2     0.174960
NOR2xp33_ASAP7_75t_R asap7sc7p5t_SIMPLE_RVT_TT_nldm_211120     0.058320       5     0.291600
OA21x2_ASAP7_75t_R asap7sc7p5t_OA_RVT_TT_nldm_211120     0.102060       1     0.102060
OAI21x1_ASAP7_75t_R asap7sc7p5t_OA_RVT_TT_nldm_211120     0.116640       1     0.116640
OAI21xp5_ASAP7_75t_R asap7sc7p5t_OA_RVT_TT_nldm_211120     0.072900       4     0.291600
OAI21xp33_ASAP7_75t_R asap7sc7p5t_OA_RVT_TT_nldm_211120     0.072900       6     0.437400
XNOR2xp5_ASAP7_75t_R asap7sc7p5t_SIMPLE_RVT_TT_nldm_211120     0.131220       9     1.180980
XOR2xp5_ASAP7_75t_R asap7sc7p5t_SIMPLE_RVT_TT_nldm_211120     0.131220       6     0.787320
-----------------------------------------------------------------------------
Total 19 references                                     8.208540

****************************************
Design: fp16_add_5 
****************************************
Reference          Library       Unit Area   Count    Total Area   Attributes
-----------------------------------------------------------------------------
A2O1A1Ixp33_ASAP7_75t_R asap7sc7p5t_AO_RVT_TT_nldm_211120     0.087480      14     1.224720
AND2x2_ASAP7_75t_R asap7sc7p5t_SIMPLE_RVT_TT_nldm_211120     0.087480      17     1.487160
AND2x4_ASAP7_75t_R asap7sc7p5t_SIMPLE_RVT_TT_nldm_211120     0.145800       1     0.145800
AND3x1_ASAP7_75t_R asap7sc7p5t_SIMPLE_RVT_TT_nldm_211120     0.087480       2     0.174960
AO21x1_ASAP7_75t_R asap7sc7p5t_AO_RVT_TT_nldm_211120     0.087480       1     0.087480
AO22x1_ASAP7_75t_R asap7sc7p5t_AO_RVT_TT_nldm_211120     0.131220       5     0.656100
AO31x2_ASAP7_75t_R asap7sc7p5t_AO_RVT_TT_nldm_211120     0.233280       1     0.233280
AO211x2_ASAP7_75t_R asap7sc7p5t_AO_RVT_TT_nldm_211120     0.233280       1     0.233280
AOI21x1_ASAP7_75t_R asap7sc7p5t_AO_RVT_TT_nldm_211120     0.116640       1     0.116640
AOI21xp5_ASAP7_75t_R asap7sc7p5t_AO_RVT_TT_nldm_211120     0.072900       1     0.072900
AOI21xp33_ASAP7_75t_R asap7sc7p5t_AO_RVT_TT_nldm_211120     0.072900       4     0.291600
AOI22xp5_ASAP7_75t_R asap7sc7p5t_AO_RVT_TT_nldm_211120     0.087480       6     0.524880
AOI22xp33_ASAP7_75t_R asap7sc7p5t_AO_RVT_TT_nldm_211120     0.087480      14     1.224720
AOI31xp33_ASAP7_75t_R asap7sc7p5t_AO_RVT_TT_nldm_211120     0.087480       2     0.174960
AOI31xp67_ASAP7_75t_R asap7sc7p5t_AO_RVT_TT_nldm_211120     0.189540       1     0.189540
AOI32xp33_ASAP7_75t_R asap7sc7p5t_AO_RVT_TT_nldm_211120     0.102060       1     0.102060
AOI33xp33_ASAP7_75t_R asap7sc7p5t_AO_RVT_TT_nldm_211120     0.116640       2     0.233280
AOI211xp5_ASAP7_75t_R asap7sc7p5t_AO_RVT_TT_nldm_211120     0.087480       3     0.262440
AOI221x1_ASAP7_75t_R asap7sc7p5t_AO_RVT_TT_nldm_211120     0.204120       1     0.204120
AOI221xp5_ASAP7_75t_R asap7sc7p5t_AO_RVT_TT_nldm_211120     0.102060       3     0.306180
AOI311xp33_ASAP7_75t_R asap7sc7p5t_AO_RVT_TT_nldm_211120     0.102060       2     0.204120
AOI321xp33_ASAP7_75t_R asap7sc7p5t_AO_RVT_TT_nldm_211120     0.116640       5     0.583200
AOI322xp5_ASAP7_75t_R asap7sc7p5t_AO_RVT_TT_nldm_211120     0.131220       1     0.131220
BUFx3_ASAP7_75t_R  asap7sc7p5t_INVBUF_RVT_TT_nldm_211120     0.087480       8     0.699840
BUFx8_ASAP7_75t_R  asap7sc7p5t_INVBUF_RVT_TT_nldm_211120     0.174960       2     0.349920
DFFASRHQNx1_ASAP7_75t_R asap7sc7p5t_SEQ_RVT_TT_nldm_220123     0.379080      17     6.444360 n
FAx1_ASAP7_75t_R   asap7sc7p5t_SIMPLE_RVT_TT_nldm_211120     0.204120       2     0.408240 r
HB1xp67_ASAP7_75t_R asap7sc7p5t_INVBUF_RVT_TT_nldm_211120     0.058320       4     0.233280
INVx1_ASAP7_75t_R  asap7sc7p5t_INVBUF_RVT_TT_nldm_211120     0.043740     199     8.704260
INVx2_ASAP7_75t_R  asap7sc7p5t_INVBUF_RVT_TT_nldm_211120     0.058320      20     1.166400
INVx3_ASAP7_75t_R  asap7sc7p5t_INVBUF_RVT_TT_nldm_211120     0.072900       7     0.510300
INVx4_ASAP7_75t_R  asap7sc7p5t_INVBUF_RVT_TT_nldm_211120     0.087480       1     0.087480
INVx5_ASAP7_75t_R  asap7sc7p5t_INVBUF_RVT_TT_nldm_211120     0.102060       1     0.102060
INVxp33_ASAP7_75t_R asap7sc7p5t_INVBUF_RVT_TT_nldm_211120     0.043740       9     0.393660
INVxp67_ASAP7_75t_R asap7sc7p5t_INVBUF_RVT_TT_nldm_211120     0.043740      15     0.656100
NAND2x1_ASAP7_75t_R asap7sc7p5t_SIMPLE_RVT_TT_nldm_211120     0.087480       3     0.262440
NAND2x1p5_ASAP7_75t_R asap7sc7p5t_SIMPLE_RVT_TT_nldm_211120     0.116640      10     1.166400
NAND2x2_ASAP7_75t_R asap7sc7p5t_SIMPLE_RVT_TT_nldm_211120     0.145800       1     0.145800
NAND2xp5_ASAP7_75t_R asap7sc7p5t_SIMPLE_RVT_TT_nldm_211120     0.058320     144     8.398080
NAND2xp33_ASAP7_75t_R asap7sc7p5t_SIMPLE_RVT_TT_nldm_211120     0.058320      23     1.341360
NAND3x1_ASAP7_75t_R asap7sc7p5t_SIMPLE_RVT_TT_nldm_211120     0.160380       3     0.481140
NAND3xp33_ASAP7_75t_R asap7sc7p5t_SIMPLE_RVT_TT_nldm_211120     0.072900      32     2.332800
NAND4xp25_ASAP7_75t_R asap7sc7p5t_SIMPLE_RVT_TT_nldm_211120     0.087480       1     0.087480
NAND4xp75_ASAP7_75t_R asap7sc7p5t_SIMPLE_RVT_TT_nldm_211120     0.204120       3     0.612360
NAND5xp2_ASAP7_75t_R asap7sc7p5t_SIMPLE_RVT_TT_nldm_211120     0.102060       4     0.408240
NOR2x1_ASAP7_75t_R asap7sc7p5t_SIMPLE_RVT_TT_nldm_211120     0.087480       4     0.349920
NOR2xp33_ASAP7_75t_R asap7sc7p5t_SIMPLE_RVT_TT_nldm_211120     0.058320      21     1.224720
NOR2xp67_ASAP7_75t_R asap7sc7p5t_SIMPLE_RVT_TT_nldm_211120     0.087480       2     0.174960
NOR3xp33_ASAP7_75t_R asap7sc7p5t_SIMPLE_RVT_TT_nldm_211120     0.072900       4     0.291600
NOR4xp25_ASAP7_75t_R asap7sc7p5t_SIMPLE_RVT_TT_nldm_211120     0.087480       2     0.174960
NOR4xp75_ASAP7_75t_R asap7sc7p5t_SIMPLE_RVT_TT_nldm_211120     0.204120       1     0.204120
NOR5xp2_ASAP7_75t_R asap7sc7p5t_SIMPLE_RVT_TT_nldm_211120     0.102060       6     0.612360
O2A1O1Ixp33_ASAP7_75t_R asap7sc7p5t_OA_RVT_TT_nldm_211120     0.087480       1     0.087480
OA21x2_ASAP7_75t_R asap7sc7p5t_OA_RVT_TT_nldm_211120     0.102060       4     0.408240
OA22x2_ASAP7_75t_R asap7sc7p5t_OA_RVT_TT_nldm_211120     0.145800       1     0.145800
OA31x2_ASAP7_75t_R asap7sc7p5t_OA_RVT_TT_nldm_211120     0.218700       1     0.218700
OA211x2_ASAP7_75t_R asap7sc7p5t_OA_RVT_TT_nldm_211120     0.116640       1     0.116640
OA331x1_ASAP7_75t_R asap7sc7p5t_OA_RVT_TT_nldm_211120     0.145800       1     0.145800
OAI21x1_ASAP7_75t_R asap7sc7p5t_OA_RVT_TT_nldm_211120     0.116640       3     0.349920
OAI21xp5_ASAP7_75t_R asap7sc7p5t_OA_RVT_TT_nldm_211120     0.072900      35     2.551500
OAI21xp33_ASAP7_75t_R asap7sc7p5t_OA_RVT_TT_nldm_211120     0.072900      11     0.801900
OAI22x1_ASAP7_75t_R asap7sc7p5t_OA_RVT_TT_nldm_211120     0.145800       2     0.291600
OAI22xp5_ASAP7_75t_R asap7sc7p5t_OA_RVT_TT_nldm_211120     0.087480      32     2.799360
OAI22xp33_ASAP7_75t_R asap7sc7p5t_OA_RVT_TT_nldm_211120     0.087480      18     1.574640
OAI31xp33_ASAP7_75t_R asap7sc7p5t_OA_RVT_TT_nldm_211120     0.087480       3     0.262440
OAI31xp67_ASAP7_75t_R asap7sc7p5t_OA_RVT_TT_nldm_211120     0.189540       1     0.189540
OAI32xp33_ASAP7_75t_R asap7sc7p5t_OA_RVT_TT_nldm_211120     0.102060       2     0.204120
OAI33xp33_ASAP7_75t_R asap7sc7p5t_OA_RVT_TT_nldm_211120     0.116640       1     0.116640
OAI211xp5_ASAP7_75t_R asap7sc7p5t_OA_RVT_TT_nldm_211120     0.087480      11     0.962280
OAI221xp5_ASAP7_75t_R asap7sc7p5t_OA_RVT_TT_nldm_211120     0.102060       8     0.816480
OAI222xp33_ASAP7_75t_R asap7sc7p5t_OA_RVT_TT_nldm_211120     0.145800       4     0.583200
OAI311xp33_ASAP7_75t_R asap7sc7p5t_OA_RVT_TT_nldm_211120     0.102060       8     0.816480
OAI321xp33_ASAP7_75t_R asap7sc7p5t_OA_RVT_TT_nldm_211120     0.116640       2     0.233280
OAI322xp33_ASAP7_75t_R asap7sc7p5t_OA_RVT_TT_nldm_211120     0.131220       1     0.131220
OR2x2_ASAP7_75t_R  asap7sc7p5t_SIMPLE_RVT_TT_nldm_211120     0.087480       2     0.174960
OR3x2_ASAP7_75t_R  asap7sc7p5t_SIMPLE_RVT_TT_nldm_211120     0.102060       1     0.102060
OR4x2_ASAP7_75t_R  asap7sc7p5t_SIMPLE_RVT_TT_nldm_211120     0.116640       1     0.116640
TIEHIx1_ASAP7_75t_R asap7sc7p5t_SIMPLE_RVT_TT_nldm_211120     0.043740       1     0.043740
TIELOx1_ASAP7_75t_R asap7sc7p5t_SIMPLE_RVT_TT_nldm_211120     0.043740       1     0.043740
XNOR2x2_ASAP7_75t_R asap7sc7p5t_SIMPLE_RVT_TT_nldm_211120     0.160380       1     0.160380
XOR2x1_ASAP7_75t_R asap7sc7p5t_SIMPLE_RVT_TT_nldm_211120     0.174960       1     0.174960
XOR2x2_ASAP7_75t_R asap7sc7p5t_SIMPLE_RVT_TT_nldm_211120     0.160380       4     0.641520
XOR2xp5_ASAP7_75t_R asap7sc7p5t_SIMPLE_RVT_TT_nldm_211120     0.131220       9     1.180980
fp16_add_5_DW01_add_2             7.464960       1      7.464960  h
fp16_add_5_DW01_sub_J13_0         8.587620       1      8.587620  h
-----------------------------------------------------------------------------
Total 85 references                                    79.388100

****************************************
Design: fp16_add_5_DW01_add_2 
****************************************
Reference          Library       Unit Area   Count    Total Area   Attributes
-----------------------------------------------------------------------------
AND2x2_ASAP7_75t_R asap7sc7p5t_SIMPLE_RVT_TT_nldm_211120     0.087480       2     0.174960
AOI21x1_ASAP7_75t_R asap7sc7p5t_AO_RVT_TT_nldm_211120     0.116640       1     0.116640
AOI21xp5_ASAP7_75t_R asap7sc7p5t_AO_RVT_TT_nldm_211120     0.072900       1     0.072900
AOI22xp5_ASAP7_75t_R asap7sc7p5t_AO_RVT_TT_nldm_211120     0.087480       1     0.087480
AOI31xp67_ASAP7_75t_R asap7sc7p5t_AO_RVT_TT_nldm_211120     0.189540       1     0.189540
AOI211x1_ASAP7_75t_R asap7sc7p5t_AO_RVT_TT_nldm_211120     0.174960       1     0.174960
INVx1_ASAP7_75t_R  asap7sc7p5t_INVBUF_RVT_TT_nldm_211120     0.043740      21     0.918540
INVx2_ASAP7_75t_R  asap7sc7p5t_INVBUF_RVT_TT_nldm_211120     0.058320       1     0.058320
INVxp33_ASAP7_75t_R asap7sc7p5t_INVBUF_RVT_TT_nldm_211120     0.043740       1     0.043740
INVxp67_ASAP7_75t_R asap7sc7p5t_INVBUF_RVT_TT_nldm_211120     0.043740       1     0.043740
NAND2xp5_ASAP7_75t_R asap7sc7p5t_SIMPLE_RVT_TT_nldm_211120     0.058320      24     1.399680
NAND2xp33_ASAP7_75t_R asap7sc7p5t_SIMPLE_RVT_TT_nldm_211120     0.058320       2     0.116640
NAND3xp33_ASAP7_75t_R asap7sc7p5t_SIMPLE_RVT_TT_nldm_211120     0.072900       2     0.145800
NOR2x1_ASAP7_75t_R asap7sc7p5t_SIMPLE_RVT_TT_nldm_211120     0.087480       1     0.087480
NOR2x1p5_ASAP7_75t_R asap7sc7p5t_SIMPLE_RVT_TT_nldm_211120     0.116640       1     0.116640
NOR2xp33_ASAP7_75t_R asap7sc7p5t_SIMPLE_RVT_TT_nldm_211120     0.058320       3     0.174960
OA21x2_ASAP7_75t_R asap7sc7p5t_OA_RVT_TT_nldm_211120     0.102060       1     0.102060
OAI21xp5_ASAP7_75t_R asap7sc7p5t_OA_RVT_TT_nldm_211120     0.072900       6     0.437400
OAI21xp33_ASAP7_75t_R asap7sc7p5t_OA_RVT_TT_nldm_211120     0.072900       1     0.072900
OAI22xp5_ASAP7_75t_R asap7sc7p5t_OA_RVT_TT_nldm_211120     0.087480       1     0.087480
OAI31xp33_ASAP7_75t_R asap7sc7p5t_OA_RVT_TT_nldm_211120     0.087480       1     0.087480
OAI31xp67_ASAP7_75t_R asap7sc7p5t_OA_RVT_TT_nldm_211120     0.189540       1     0.189540
OR2x2_ASAP7_75t_R  asap7sc7p5t_SIMPLE_RVT_TT_nldm_211120     0.087480      10     0.874800
OR2x4_ASAP7_75t_R  asap7sc7p5t_SIMPLE_RVT_TT_nldm_211120     0.116640       1     0.116640
XNOR2xp5_ASAP7_75t_R asap7sc7p5t_SIMPLE_RVT_TT_nldm_211120     0.131220       8     1.049760
XOR2xp5_ASAP7_75t_R asap7sc7p5t_SIMPLE_RVT_TT_nldm_211120     0.131220       4     0.524880
-----------------------------------------------------------------------------
Total 26 references                                     7.464960

****************************************
Design: fp16_add_5_DW01_sub_J13_0 
****************************************
Reference          Library       Unit Area   Count    Total Area   Attributes
-----------------------------------------------------------------------------
AND2x2_ASAP7_75t_R asap7sc7p5t_SIMPLE_RVT_TT_nldm_211120     0.087480       1     0.087480
AOI21xp5_ASAP7_75t_R asap7sc7p5t_AO_RVT_TT_nldm_211120     0.072900       1     0.072900
AOI21xp33_ASAP7_75t_R asap7sc7p5t_AO_RVT_TT_nldm_211120     0.072900       2     0.145800
AOI221x1_ASAP7_75t_R asap7sc7p5t_AO_RVT_TT_nldm_211120     0.204120       2     0.408240
INVx1_ASAP7_75t_R  asap7sc7p5t_INVBUF_RVT_TT_nldm_211120     0.043740      34     1.487160
INVx2_ASAP7_75t_R  asap7sc7p5t_INVBUF_RVT_TT_nldm_211120     0.058320       3     0.174960
INVxp33_ASAP7_75t_R asap7sc7p5t_INVBUF_RVT_TT_nldm_211120     0.043740       5     0.218700
INVxp67_ASAP7_75t_R asap7sc7p5t_INVBUF_RVT_TT_nldm_211120     0.043740       3     0.131220
NAND2x1p5_ASAP7_75t_R asap7sc7p5t_SIMPLE_RVT_TT_nldm_211120     0.116640       1     0.116640
NAND2xp5_ASAP7_75t_R asap7sc7p5t_SIMPLE_RVT_TT_nldm_211120     0.058320      35     2.041200
NAND2xp33_ASAP7_75t_R asap7sc7p5t_SIMPLE_RVT_TT_nldm_211120     0.058320       1     0.058320
NOR2x1_ASAP7_75t_R asap7sc7p5t_SIMPLE_RVT_TT_nldm_211120     0.087480       3     0.262440
NOR2xp33_ASAP7_75t_R asap7sc7p5t_SIMPLE_RVT_TT_nldm_211120     0.058320       3     0.174960
OA21x2_ASAP7_75t_R asap7sc7p5t_OA_RVT_TT_nldm_211120     0.102060       1     0.102060
OAI21x1_ASAP7_75t_R asap7sc7p5t_OA_RVT_TT_nldm_211120     0.116640       4     0.466560
OAI21xp5_ASAP7_75t_R asap7sc7p5t_OA_RVT_TT_nldm_211120     0.072900       5     0.364500
OAI21xp33_ASAP7_75t_R asap7sc7p5t_OA_RVT_TT_nldm_211120     0.072900       3     0.218700
OR2x2_ASAP7_75t_R  asap7sc7p5t_SIMPLE_RVT_TT_nldm_211120     0.087480       1     0.087480
XNOR2xp5_ASAP7_75t_R asap7sc7p5t_SIMPLE_RVT_TT_nldm_211120     0.131220       9     1.180980
XOR2xp5_ASAP7_75t_R asap7sc7p5t_SIMPLE_RVT_TT_nldm_211120     0.131220       6     0.787320
-----------------------------------------------------------------------------
Total 20 references                                     8.587620

****************************************
Design: fp16_add_6 
****************************************
Reference          Library       Unit Area   Count    Total Area   Attributes
-----------------------------------------------------------------------------
A2O1A1Ixp33_ASAP7_75t_R asap7sc7p5t_AO_RVT_TT_nldm_211120     0.087480      14     1.224720
AND2x2_ASAP7_75t_R asap7sc7p5t_SIMPLE_RVT_TT_nldm_211120     0.087480      16     1.399680
AND2x4_ASAP7_75t_R asap7sc7p5t_SIMPLE_RVT_TT_nldm_211120     0.145800       1     0.145800
AND3x1_ASAP7_75t_R asap7sc7p5t_SIMPLE_RVT_TT_nldm_211120     0.087480       5     0.437400
AND3x2_ASAP7_75t_R asap7sc7p5t_SIMPLE_RVT_TT_nldm_211120     0.102060       2     0.204120
AO31x2_ASAP7_75t_R asap7sc7p5t_AO_RVT_TT_nldm_211120     0.233280       1     0.233280
AO211x2_ASAP7_75t_R asap7sc7p5t_AO_RVT_TT_nldm_211120     0.233280       1     0.233280
AO221x1_ASAP7_75t_R asap7sc7p5t_AO_RVT_TT_nldm_211120     0.145800       1     0.145800
AO331x1_ASAP7_75t_R asap7sc7p5t_AO_RVT_TT_nldm_211120     0.145800       1     0.145800
AOI21x1_ASAP7_75t_R asap7sc7p5t_AO_RVT_TT_nldm_211120     0.116640       1     0.116640
AOI21xp5_ASAP7_75t_R asap7sc7p5t_AO_RVT_TT_nldm_211120     0.072900       4     0.291600
AOI21xp33_ASAP7_75t_R asap7sc7p5t_AO_RVT_TT_nldm_211120     0.072900      11     0.801900
AOI22xp5_ASAP7_75t_R asap7sc7p5t_AO_RVT_TT_nldm_211120     0.087480       3     0.262440
AOI22xp33_ASAP7_75t_R asap7sc7p5t_AO_RVT_TT_nldm_211120     0.087480      15     1.312200
AOI31xp33_ASAP7_75t_R asap7sc7p5t_AO_RVT_TT_nldm_211120     0.087480       5     0.437400
AOI31xp67_ASAP7_75t_R asap7sc7p5t_AO_RVT_TT_nldm_211120     0.189540       1     0.189540
AOI32xp33_ASAP7_75t_R asap7sc7p5t_AO_RVT_TT_nldm_211120     0.102060       3     0.306180
AOI211x1_ASAP7_75t_R asap7sc7p5t_AO_RVT_TT_nldm_211120     0.174960       1     0.174960
AOI211xp5_ASAP7_75t_R asap7sc7p5t_AO_RVT_TT_nldm_211120     0.087480       2     0.174960
AOI221xp5_ASAP7_75t_R asap7sc7p5t_AO_RVT_TT_nldm_211120     0.102060       2     0.204120
AOI311xp33_ASAP7_75t_R asap7sc7p5t_AO_RVT_TT_nldm_211120     0.102060       2     0.204120
AOI321xp33_ASAP7_75t_R asap7sc7p5t_AO_RVT_TT_nldm_211120     0.116640       5     0.583200
BUFx2_ASAP7_75t_R  asap7sc7p5t_INVBUF_RVT_TT_nldm_211120     0.072900       1     0.072900
BUFx3_ASAP7_75t_R  asap7sc7p5t_INVBUF_RVT_TT_nldm_211120     0.087480       5     0.437400
BUFx8_ASAP7_75t_R  asap7sc7p5t_INVBUF_RVT_TT_nldm_211120     0.174960       2     0.349920
DFFASRHQNx1_ASAP7_75t_R asap7sc7p5t_SEQ_RVT_TT_nldm_220123     0.379080      17     6.444360 n
FAx1_ASAP7_75t_R   asap7sc7p5t_SIMPLE_RVT_TT_nldm_211120     0.204120       2     0.408240 r
HB1xp67_ASAP7_75t_R asap7sc7p5t_INVBUF_RVT_TT_nldm_211120     0.058320       5     0.291600
INVx1_ASAP7_75t_R  asap7sc7p5t_INVBUF_RVT_TT_nldm_211120     0.043740     175     7.654500
INVx2_ASAP7_75t_R  asap7sc7p5t_INVBUF_RVT_TT_nldm_211120     0.058320      22     1.283040
INVx3_ASAP7_75t_R  asap7sc7p5t_INVBUF_RVT_TT_nldm_211120     0.072900       3     0.218700
INVx4_ASAP7_75t_R  asap7sc7p5t_INVBUF_RVT_TT_nldm_211120     0.087480       3     0.262440
INVxp33_ASAP7_75t_R asap7sc7p5t_INVBUF_RVT_TT_nldm_211120     0.043740      13     0.568620
INVxp67_ASAP7_75t_R asap7sc7p5t_INVBUF_RVT_TT_nldm_211120     0.043740      13     0.568620
NAND2x1_ASAP7_75t_R asap7sc7p5t_SIMPLE_RVT_TT_nldm_211120     0.087480       8     0.699840
NAND2x1p5_ASAP7_75t_R asap7sc7p5t_SIMPLE_RVT_TT_nldm_211120     0.116640       4     0.466560
NAND2x2_ASAP7_75t_R asap7sc7p5t_SIMPLE_RVT_TT_nldm_211120     0.145800       2     0.291600
NAND2xp5_ASAP7_75t_R asap7sc7p5t_SIMPLE_RVT_TT_nldm_211120     0.058320     151     8.806320
NAND2xp33_ASAP7_75t_R asap7sc7p5t_SIMPLE_RVT_TT_nldm_211120     0.058320      17     0.991440
NAND2xp67_ASAP7_75t_R asap7sc7p5t_SIMPLE_RVT_TT_nldm_211120     0.087480       3     0.262440
NAND3x1_ASAP7_75t_R asap7sc7p5t_SIMPLE_RVT_TT_nldm_211120     0.160380       2     0.320760
NAND3xp33_ASAP7_75t_R asap7sc7p5t_SIMPLE_RVT_TT_nldm_211120     0.072900      35     2.551500
NAND4xp25_ASAP7_75t_R asap7sc7p5t_SIMPLE_RVT_TT_nldm_211120     0.087480       3     0.262440
NAND4xp75_ASAP7_75t_R asap7sc7p5t_SIMPLE_RVT_TT_nldm_211120     0.204120       2     0.408240
NAND5xp2_ASAP7_75t_R asap7sc7p5t_SIMPLE_RVT_TT_nldm_211120     0.102060       5     0.510300
NOR2x1_ASAP7_75t_R asap7sc7p5t_SIMPLE_RVT_TT_nldm_211120     0.087480       4     0.349920
NOR2xp33_ASAP7_75t_R asap7sc7p5t_SIMPLE_RVT_TT_nldm_211120     0.058320      20     1.166400
NOR2xp67_ASAP7_75t_R asap7sc7p5t_SIMPLE_RVT_TT_nldm_211120     0.087480       2     0.174960
NOR3xp33_ASAP7_75t_R asap7sc7p5t_SIMPLE_RVT_TT_nldm_211120     0.072900       2     0.145800
NOR4xp25_ASAP7_75t_R asap7sc7p5t_SIMPLE_RVT_TT_nldm_211120     0.087480       1     0.087480
NOR4xp75_ASAP7_75t_R asap7sc7p5t_SIMPLE_RVT_TT_nldm_211120     0.204120       1     0.204120
NOR5xp2_ASAP7_75t_R asap7sc7p5t_SIMPLE_RVT_TT_nldm_211120     0.102060       5     0.510300
O2A1O1Ixp5_ASAP7_75t_R asap7sc7p5t_OA_RVT_TT_nldm_211120     0.116640       1     0.116640
O2A1O1Ixp33_ASAP7_75t_R asap7sc7p5t_OA_RVT_TT_nldm_211120     0.087480       1     0.087480
OA21x2_ASAP7_75t_R asap7sc7p5t_OA_RVT_TT_nldm_211120     0.102060       1     0.102060
OA22x2_ASAP7_75t_R asap7sc7p5t_OA_RVT_TT_nldm_211120     0.145800       2     0.291600
OA211x2_ASAP7_75t_R asap7sc7p5t_OA_RVT_TT_nldm_211120     0.116640       1     0.116640
OAI21x1_ASAP7_75t_R asap7sc7p5t_OA_RVT_TT_nldm_211120     0.116640       4     0.466560
OAI21xp5_ASAP7_75t_R asap7sc7p5t_OA_RVT_TT_nldm_211120     0.072900      55     4.009500
OAI21xp33_ASAP7_75t_R asap7sc7p5t_OA_RVT_TT_nldm_211120     0.072900       7     0.510300
OAI22x1_ASAP7_75t_R asap7sc7p5t_OA_RVT_TT_nldm_211120     0.145800       1     0.145800
OAI22xp5_ASAP7_75t_R asap7sc7p5t_OA_RVT_TT_nldm_211120     0.087480      20     1.749600
OAI22xp33_ASAP7_75t_R asap7sc7p5t_OA_RVT_TT_nldm_211120     0.087480      18     1.574640
OAI31xp33_ASAP7_75t_R asap7sc7p5t_OA_RVT_TT_nldm_211120     0.087480       1     0.087480
OAI31xp67_ASAP7_75t_R asap7sc7p5t_OA_RVT_TT_nldm_211120     0.189540       2     0.379080
OAI32xp33_ASAP7_75t_R asap7sc7p5t_OA_RVT_TT_nldm_211120     0.102060       1     0.102060
OAI33xp33_ASAP7_75t_R asap7sc7p5t_OA_RVT_TT_nldm_211120     0.116640       2     0.233280
OAI211xp5_ASAP7_75t_R asap7sc7p5t_OA_RVT_TT_nldm_211120     0.087480      15     1.312200
OAI221xp5_ASAP7_75t_R asap7sc7p5t_OA_RVT_TT_nldm_211120     0.102060       9     0.918540
OAI311xp33_ASAP7_75t_R asap7sc7p5t_OA_RVT_TT_nldm_211120     0.102060       3     0.306180
OAI321xp33_ASAP7_75t_R asap7sc7p5t_OA_RVT_TT_nldm_211120     0.116640       2     0.233280
OAI322xp33_ASAP7_75t_R asap7sc7p5t_OA_RVT_TT_nldm_211120     0.131220       2     0.262440
OAI331xp33_ASAP7_75t_R asap7sc7p5t_OA_RVT_TT_nldm_211120     0.131220       1     0.131220
OR2x2_ASAP7_75t_R  asap7sc7p5t_SIMPLE_RVT_TT_nldm_211120     0.087480       2     0.174960
OR3x1_ASAP7_75t_R  asap7sc7p5t_SIMPLE_RVT_TT_nldm_211120     0.087480       1     0.087480
OR4x2_ASAP7_75t_R  asap7sc7p5t_SIMPLE_RVT_TT_nldm_211120     0.116640       1     0.116640
TIEHIx1_ASAP7_75t_R asap7sc7p5t_SIMPLE_RVT_TT_nldm_211120     0.043740       1     0.043740
TIELOx1_ASAP7_75t_R asap7sc7p5t_SIMPLE_RVT_TT_nldm_211120     0.043740       1     0.043740
XNOR2x2_ASAP7_75t_R asap7sc7p5t_SIMPLE_RVT_TT_nldm_211120     0.160380       1     0.160380
XNOR2xp5_ASAP7_75t_R asap7sc7p5t_SIMPLE_RVT_TT_nldm_211120     0.131220       1     0.131220
XOR2x1_ASAP7_75t_R asap7sc7p5t_SIMPLE_RVT_TT_nldm_211120     0.174960       1     0.174960
XOR2x2_ASAP7_75t_R asap7sc7p5t_SIMPLE_RVT_TT_nldm_211120     0.160380       5     0.801900
XOR2xp5_ASAP7_75t_R asap7sc7p5t_SIMPLE_RVT_TT_nldm_211120     0.131220       5     0.656100
fp16_add_6_DW01_add_J9_0          7.421220       1      7.421220  h
fp16_add_6_DW01_sub_5             8.310600       1      8.310600  h
-----------------------------------------------------------------------------
Total 85 references                                    77.259420

****************************************
Design: fp16_add_6_DW01_add_J9_0 
****************************************
Reference          Library       Unit Area   Count    Total Area   Attributes
-----------------------------------------------------------------------------
AND2x2_ASAP7_75t_R asap7sc7p5t_SIMPLE_RVT_TT_nldm_211120     0.087480       2     0.174960
AOI21x1_ASAP7_75t_R asap7sc7p5t_AO_RVT_TT_nldm_211120     0.116640       1     0.116640
AOI21xp5_ASAP7_75t_R asap7sc7p5t_AO_RVT_TT_nldm_211120     0.072900       1     0.072900
AOI22xp5_ASAP7_75t_R asap7sc7p5t_AO_RVT_TT_nldm_211120     0.087480       1     0.087480
AOI31xp67_ASAP7_75t_R asap7sc7p5t_AO_RVT_TT_nldm_211120     0.189540       1     0.189540
AOI211x1_ASAP7_75t_R asap7sc7p5t_AO_RVT_TT_nldm_211120     0.174960       1     0.174960
INVx1_ASAP7_75t_R  asap7sc7p5t_INVBUF_RVT_TT_nldm_211120     0.043740      23     1.006020
INVxp33_ASAP7_75t_R asap7sc7p5t_INVBUF_RVT_TT_nldm_211120     0.043740       1     0.043740
NAND2xp5_ASAP7_75t_R asap7sc7p5t_SIMPLE_RVT_TT_nldm_211120     0.058320      23     1.341360
NAND2xp33_ASAP7_75t_R asap7sc7p5t_SIMPLE_RVT_TT_nldm_211120     0.058320       3     0.174960
NAND3xp33_ASAP7_75t_R asap7sc7p5t_SIMPLE_RVT_TT_nldm_211120     0.072900       2     0.145800
NOR2x1_ASAP7_75t_R asap7sc7p5t_SIMPLE_RVT_TT_nldm_211120     0.087480       2     0.174960
NOR2xp33_ASAP7_75t_R asap7sc7p5t_SIMPLE_RVT_TT_nldm_211120     0.058320       3     0.174960
OA21x2_ASAP7_75t_R asap7sc7p5t_OA_RVT_TT_nldm_211120     0.102060       1     0.102060
OAI21xp5_ASAP7_75t_R asap7sc7p5t_OA_RVT_TT_nldm_211120     0.072900       7     0.510300
OAI22xp5_ASAP7_75t_R asap7sc7p5t_OA_RVT_TT_nldm_211120     0.087480       1     0.087480
OAI31xp33_ASAP7_75t_R asap7sc7p5t_OA_RVT_TT_nldm_211120     0.087480       1     0.087480
OAI31xp67_ASAP7_75t_R asap7sc7p5t_OA_RVT_TT_nldm_211120     0.189540       1     0.189540
OR2x2_ASAP7_75t_R  asap7sc7p5t_SIMPLE_RVT_TT_nldm_211120     0.087480      10     0.874800
OR2x4_ASAP7_75t_R  asap7sc7p5t_SIMPLE_RVT_TT_nldm_211120     0.116640       1     0.116640
XNOR2xp5_ASAP7_75t_R asap7sc7p5t_SIMPLE_RVT_TT_nldm_211120     0.131220       8     1.049760
XOR2xp5_ASAP7_75t_R asap7sc7p5t_SIMPLE_RVT_TT_nldm_211120     0.131220       4     0.524880
-----------------------------------------------------------------------------
Total 22 references                                     7.421220

****************************************
Design: fp16_add_6_DW01_sub_5 
****************************************
Reference          Library       Unit Area   Count    Total Area   Attributes
-----------------------------------------------------------------------------
AND2x2_ASAP7_75t_R asap7sc7p5t_SIMPLE_RVT_TT_nldm_211120     0.087480       3     0.262440
AOI21x1_ASAP7_75t_R asap7sc7p5t_AO_RVT_TT_nldm_211120     0.116640       1     0.116640
AOI21xp5_ASAP7_75t_R asap7sc7p5t_AO_RVT_TT_nldm_211120     0.072900       1     0.072900
AOI21xp33_ASAP7_75t_R asap7sc7p5t_AO_RVT_TT_nldm_211120     0.072900       1     0.072900
AOI221x1_ASAP7_75t_R asap7sc7p5t_AO_RVT_TT_nldm_211120     0.204120       1     0.204120
INVx1_ASAP7_75t_R  asap7sc7p5t_INVBUF_RVT_TT_nldm_211120     0.043740      33     1.443420
INVx2_ASAP7_75t_R  asap7sc7p5t_INVBUF_RVT_TT_nldm_211120     0.058320       2     0.116640
INVxp33_ASAP7_75t_R asap7sc7p5t_INVBUF_RVT_TT_nldm_211120     0.043740       3     0.131220
INVxp67_ASAP7_75t_R asap7sc7p5t_INVBUF_RVT_TT_nldm_211120     0.043740       5     0.218700
NAND2x1p5_ASAP7_75t_R asap7sc7p5t_SIMPLE_RVT_TT_nldm_211120     0.116640       1     0.116640
NAND2xp5_ASAP7_75t_R asap7sc7p5t_SIMPLE_RVT_TT_nldm_211120     0.058320      32     1.866240
NAND2xp33_ASAP7_75t_R asap7sc7p5t_SIMPLE_RVT_TT_nldm_211120     0.058320       3     0.174960
NOR2x1_ASAP7_75t_R asap7sc7p5t_SIMPLE_RVT_TT_nldm_211120     0.087480       4     0.349920
NOR2xp33_ASAP7_75t_R asap7sc7p5t_SIMPLE_RVT_TT_nldm_211120     0.058320       1     0.058320
OA21x2_ASAP7_75t_R asap7sc7p5t_OA_RVT_TT_nldm_211120     0.102060       2     0.204120
OAI21x1_ASAP7_75t_R asap7sc7p5t_OA_RVT_TT_nldm_211120     0.116640       2     0.233280
OAI21xp5_ASAP7_75t_R asap7sc7p5t_OA_RVT_TT_nldm_211120     0.072900       2     0.145800
OAI21xp33_ASAP7_75t_R asap7sc7p5t_OA_RVT_TT_nldm_211120     0.072900       6     0.437400
OR2x2_ASAP7_75t_R  asap7sc7p5t_SIMPLE_RVT_TT_nldm_211120     0.087480       1     0.087480
XNOR2xp5_ASAP7_75t_R asap7sc7p5t_SIMPLE_RVT_TT_nldm_211120     0.131220       9     1.180980
XOR2x2_ASAP7_75t_R asap7sc7p5t_SIMPLE_RVT_TT_nldm_211120     0.160380       1     0.160380
XOR2xp5_ASAP7_75t_R asap7sc7p5t_SIMPLE_RVT_TT_nldm_211120     0.131220       5     0.656100
-----------------------------------------------------------------------------
Total 22 references                                     8.310600

****************************************
Design: fp16_add_7 
****************************************
Reference          Library       Unit Area   Count    Total Area   Attributes
-----------------------------------------------------------------------------
A2O1A1Ixp33_ASAP7_75t_R asap7sc7p5t_AO_RVT_TT_nldm_211120     0.087480      14     1.224720
AND2x2_ASAP7_75t_R asap7sc7p5t_SIMPLE_RVT_TT_nldm_211120     0.087480      12     1.049760
AND3x1_ASAP7_75t_R asap7sc7p5t_SIMPLE_RVT_TT_nldm_211120     0.087480       9     0.787320
AND3x2_ASAP7_75t_R asap7sc7p5t_SIMPLE_RVT_TT_nldm_211120     0.102060       2     0.204120
AO22x1_ASAP7_75t_R asap7sc7p5t_AO_RVT_TT_nldm_211120     0.131220       1     0.131220
AO211x2_ASAP7_75t_R asap7sc7p5t_AO_RVT_TT_nldm_211120     0.233280       1     0.233280
AOI21x1_ASAP7_75t_R asap7sc7p5t_AO_RVT_TT_nldm_211120     0.116640       2     0.233280
AOI21xp5_ASAP7_75t_R asap7sc7p5t_AO_RVT_TT_nldm_211120     0.072900       4     0.291600
AOI21xp33_ASAP7_75t_R asap7sc7p5t_AO_RVT_TT_nldm_211120     0.072900      10     0.729000
AOI22x1_ASAP7_75t_R asap7sc7p5t_AO_RVT_TT_nldm_211120     0.145800       3     0.437400
AOI22xp5_ASAP7_75t_R asap7sc7p5t_AO_RVT_TT_nldm_211120     0.087480       2     0.174960
AOI22xp33_ASAP7_75t_R asap7sc7p5t_AO_RVT_TT_nldm_211120     0.087480      13     1.137240
AOI31xp33_ASAP7_75t_R asap7sc7p5t_AO_RVT_TT_nldm_211120     0.087480       5     0.437400
AOI31xp67_ASAP7_75t_R asap7sc7p5t_AO_RVT_TT_nldm_211120     0.189540       1     0.189540
AOI32xp33_ASAP7_75t_R asap7sc7p5t_AO_RVT_TT_nldm_211120     0.102060       3     0.306180
AOI211x1_ASAP7_75t_R asap7sc7p5t_AO_RVT_TT_nldm_211120     0.174960       1     0.174960
AOI211xp5_ASAP7_75t_R asap7sc7p5t_AO_RVT_TT_nldm_211120     0.087480       2     0.174960
AOI221xp5_ASAP7_75t_R asap7sc7p5t_AO_RVT_TT_nldm_211120     0.102060       3     0.306180
AOI311xp33_ASAP7_75t_R asap7sc7p5t_AO_RVT_TT_nldm_211120     0.102060       2     0.204120
AOI321xp33_ASAP7_75t_R asap7sc7p5t_AO_RVT_TT_nldm_211120     0.116640       5     0.583200
BUFx3_ASAP7_75t_R  asap7sc7p5t_INVBUF_RVT_TT_nldm_211120     0.087480       3     0.262440
BUFx8_ASAP7_75t_R  asap7sc7p5t_INVBUF_RVT_TT_nldm_211120     0.174960       2     0.349920
DFFASRHQNx1_ASAP7_75t_R asap7sc7p5t_SEQ_RVT_TT_nldm_220123     0.379080      17     6.444360 n
FAx1_ASAP7_75t_R   asap7sc7p5t_SIMPLE_RVT_TT_nldm_211120     0.204120       2     0.408240 r
HB1xp67_ASAP7_75t_R asap7sc7p5t_INVBUF_RVT_TT_nldm_211120     0.058320       7     0.408240
INVx1_ASAP7_75t_R  asap7sc7p5t_INVBUF_RVT_TT_nldm_211120     0.043740     162     7.085880
INVx2_ASAP7_75t_R  asap7sc7p5t_INVBUF_RVT_TT_nldm_211120     0.058320      28     1.632960
INVx3_ASAP7_75t_R  asap7sc7p5t_INVBUF_RVT_TT_nldm_211120     0.072900       1     0.072900
INVx4_ASAP7_75t_R  asap7sc7p5t_INVBUF_RVT_TT_nldm_211120     0.087480       3     0.262440
INVxp33_ASAP7_75t_R asap7sc7p5t_INVBUF_RVT_TT_nldm_211120     0.043740      12     0.524880
INVxp67_ASAP7_75t_R asap7sc7p5t_INVBUF_RVT_TT_nldm_211120     0.043740      19     0.831060
NAND2x1_ASAP7_75t_R asap7sc7p5t_SIMPLE_RVT_TT_nldm_211120     0.087480       7     0.612360
NAND2x1p5_ASAP7_75t_R asap7sc7p5t_SIMPLE_RVT_TT_nldm_211120     0.116640       5     0.583200
NAND2x2_ASAP7_75t_R asap7sc7p5t_SIMPLE_RVT_TT_nldm_211120     0.145800       1     0.145800
NAND2xp5_ASAP7_75t_R asap7sc7p5t_SIMPLE_RVT_TT_nldm_211120     0.058320     158     9.214560
NAND2xp33_ASAP7_75t_R asap7sc7p5t_SIMPLE_RVT_TT_nldm_211120     0.058320      17     0.991440
NAND2xp67_ASAP7_75t_R asap7sc7p5t_SIMPLE_RVT_TT_nldm_211120     0.087480       1     0.087480
NAND3x1_ASAP7_75t_R asap7sc7p5t_SIMPLE_RVT_TT_nldm_211120     0.160380       1     0.160380
NAND3xp33_ASAP7_75t_R asap7sc7p5t_SIMPLE_RVT_TT_nldm_211120     0.072900      36     2.624400
NAND4xp25_ASAP7_75t_R asap7sc7p5t_SIMPLE_RVT_TT_nldm_211120     0.087480       2     0.174960
NAND4xp75_ASAP7_75t_R asap7sc7p5t_SIMPLE_RVT_TT_nldm_211120     0.204120       2     0.408240
NAND5xp2_ASAP7_75t_R asap7sc7p5t_SIMPLE_RVT_TT_nldm_211120     0.102060       5     0.510300
NOR2x1_ASAP7_75t_R asap7sc7p5t_SIMPLE_RVT_TT_nldm_211120     0.087480       7     0.612360
NOR2xp33_ASAP7_75t_R asap7sc7p5t_SIMPLE_RVT_TT_nldm_211120     0.058320      17     0.991440
NOR2xp67_ASAP7_75t_R asap7sc7p5t_SIMPLE_RVT_TT_nldm_211120     0.087480       2     0.174960
NOR3xp33_ASAP7_75t_R asap7sc7p5t_SIMPLE_RVT_TT_nldm_211120     0.072900       2     0.145800
NOR4xp25_ASAP7_75t_R asap7sc7p5t_SIMPLE_RVT_TT_nldm_211120     0.087480       1     0.087480
NOR4xp75_ASAP7_75t_R asap7sc7p5t_SIMPLE_RVT_TT_nldm_211120     0.204120       1     0.204120
NOR5xp2_ASAP7_75t_R asap7sc7p5t_SIMPLE_RVT_TT_nldm_211120     0.102060       5     0.510300
O2A1O1Ixp33_ASAP7_75t_R asap7sc7p5t_OA_RVT_TT_nldm_211120     0.087480       2     0.174960
OA21x2_ASAP7_75t_R asap7sc7p5t_OA_RVT_TT_nldm_211120     0.102060       2     0.204120
OA22x2_ASAP7_75t_R asap7sc7p5t_OA_RVT_TT_nldm_211120     0.145800       2     0.291600
OA211x2_ASAP7_75t_R asap7sc7p5t_OA_RVT_TT_nldm_211120     0.116640       1     0.116640
OAI21x1_ASAP7_75t_R asap7sc7p5t_OA_RVT_TT_nldm_211120     0.116640       4     0.466560
OAI21xp5_ASAP7_75t_R asap7sc7p5t_OA_RVT_TT_nldm_211120     0.072900      45     3.280500
OAI21xp33_ASAP7_75t_R asap7sc7p5t_OA_RVT_TT_nldm_211120     0.072900      15     1.093500
OAI22x1_ASAP7_75t_R asap7sc7p5t_OA_RVT_TT_nldm_211120     0.145800       1     0.145800
OAI22xp5_ASAP7_75t_R asap7sc7p5t_OA_RVT_TT_nldm_211120     0.087480      27     2.361960
OAI22xp33_ASAP7_75t_R asap7sc7p5t_OA_RVT_TT_nldm_211120     0.087480      10     0.874800
OAI31xp67_ASAP7_75t_R asap7sc7p5t_OA_RVT_TT_nldm_211120     0.189540       4     0.758160
OAI32xp33_ASAP7_75t_R asap7sc7p5t_OA_RVT_TT_nldm_211120     0.102060       1     0.102060
OAI33xp33_ASAP7_75t_R asap7sc7p5t_OA_RVT_TT_nldm_211120     0.116640       2     0.233280
OAI211xp5_ASAP7_75t_R asap7sc7p5t_OA_RVT_TT_nldm_211120     0.087480      15     1.312200
OAI221xp5_ASAP7_75t_R asap7sc7p5t_OA_RVT_TT_nldm_211120     0.102060      10     1.020600
OAI311xp33_ASAP7_75t_R asap7sc7p5t_OA_RVT_TT_nldm_211120     0.102060       5     0.510300
OAI321xp33_ASAP7_75t_R asap7sc7p5t_OA_RVT_TT_nldm_211120     0.116640       2     0.233280
OAI322xp33_ASAP7_75t_R asap7sc7p5t_OA_RVT_TT_nldm_211120     0.131220       2     0.262440
OAI331xp33_ASAP7_75t_R asap7sc7p5t_OA_RVT_TT_nldm_211120     0.131220       3     0.393660
OR2x2_ASAP7_75t_R  asap7sc7p5t_SIMPLE_RVT_TT_nldm_211120     0.087480       2     0.174960
OR3x1_ASAP7_75t_R  asap7sc7p5t_SIMPLE_RVT_TT_nldm_211120     0.087480       1     0.087480
OR4x2_ASAP7_75t_R  asap7sc7p5t_SIMPLE_RVT_TT_nldm_211120     0.116640       1     0.116640
TIEHIx1_ASAP7_75t_R asap7sc7p5t_SIMPLE_RVT_TT_nldm_211120     0.043740       1     0.043740
TIELOx1_ASAP7_75t_R asap7sc7p5t_SIMPLE_RVT_TT_nldm_211120     0.043740       1     0.043740
XNOR2x2_ASAP7_75t_R asap7sc7p5t_SIMPLE_RVT_TT_nldm_211120     0.160380       1     0.160380
XNOR2xp5_ASAP7_75t_R asap7sc7p5t_SIMPLE_RVT_TT_nldm_211120     0.131220       3     0.393660
XOR2x1_ASAP7_75t_R asap7sc7p5t_SIMPLE_RVT_TT_nldm_211120     0.174960       1     0.174960
XOR2x2_ASAP7_75t_R asap7sc7p5t_SIMPLE_RVT_TT_nldm_211120     0.160380       4     0.641520
XOR2xp5_ASAP7_75t_R asap7sc7p5t_SIMPLE_RVT_TT_nldm_211120     0.131220       4     0.524880
fp16_add_7_DW01_add_J8_0          7.392060       1      7.392060  h
fp16_add_7_DW01_sub_J13_0         8.237700       1      8.237700  h
-----------------------------------------------------------------------------
Total 80 references                                    77.361480

****************************************
Design: fp16_add_7_DW01_add_J8_0 
****************************************
Reference          Library       Unit Area   Count    Total Area   Attributes
-----------------------------------------------------------------------------
AND2x2_ASAP7_75t_R asap7sc7p5t_SIMPLE_RVT_TT_nldm_211120     0.087480       2     0.174960
AOI21x1_ASAP7_75t_R asap7sc7p5t_AO_RVT_TT_nldm_211120     0.116640       1     0.116640
AOI21xp33_ASAP7_75t_R asap7sc7p5t_AO_RVT_TT_nldm_211120     0.072900       1     0.072900
AOI22xp5_ASAP7_75t_R asap7sc7p5t_AO_RVT_TT_nldm_211120     0.087480       1     0.087480
AOI31xp67_ASAP7_75t_R asap7sc7p5t_AO_RVT_TT_nldm_211120     0.189540       1     0.189540
AOI211x1_ASAP7_75t_R asap7sc7p5t_AO_RVT_TT_nldm_211120     0.174960       1     0.174960
INVx1_ASAP7_75t_R  asap7sc7p5t_INVBUF_RVT_TT_nldm_211120     0.043740      23     1.006020
INVxp33_ASAP7_75t_R asap7sc7p5t_INVBUF_RVT_TT_nldm_211120     0.043740       1     0.043740
NAND2xp5_ASAP7_75t_R asap7sc7p5t_SIMPLE_RVT_TT_nldm_211120     0.058320      25     1.458000
NAND2xp33_ASAP7_75t_R asap7sc7p5t_SIMPLE_RVT_TT_nldm_211120     0.058320       1     0.058320
NAND3xp33_ASAP7_75t_R asap7sc7p5t_SIMPLE_RVT_TT_nldm_211120     0.072900       2     0.145800
NOR2x1_ASAP7_75t_R asap7sc7p5t_SIMPLE_RVT_TT_nldm_211120     0.087480       2     0.174960
NOR2xp33_ASAP7_75t_R asap7sc7p5t_SIMPLE_RVT_TT_nldm_211120     0.058320       3     0.174960
OA21x2_ASAP7_75t_R asap7sc7p5t_OA_RVT_TT_nldm_211120     0.102060       1     0.102060
OAI21xp5_ASAP7_75t_R asap7sc7p5t_OA_RVT_TT_nldm_211120     0.072900       7     0.510300
OAI22xp5_ASAP7_75t_R asap7sc7p5t_OA_RVT_TT_nldm_211120     0.087480       1     0.087480
OAI31xp33_ASAP7_75t_R asap7sc7p5t_OA_RVT_TT_nldm_211120     0.087480       1     0.087480
OAI31xp67_ASAP7_75t_R asap7sc7p5t_OA_RVT_TT_nldm_211120     0.189540       1     0.189540
OR2x2_ASAP7_75t_R  asap7sc7p5t_SIMPLE_RVT_TT_nldm_211120     0.087480      11     0.962280
XNOR2xp5_ASAP7_75t_R asap7sc7p5t_SIMPLE_RVT_TT_nldm_211120     0.131220       8     1.049760
XOR2xp5_ASAP7_75t_R asap7sc7p5t_SIMPLE_RVT_TT_nldm_211120     0.131220       4     0.524880
-----------------------------------------------------------------------------
Total 21 references                                     7.392060

****************************************
Design: fp16_add_7_DW01_sub_J13_0 
****************************************
Reference          Library       Unit Area   Count    Total Area   Attributes
-----------------------------------------------------------------------------
AND2x2_ASAP7_75t_R asap7sc7p5t_SIMPLE_RVT_TT_nldm_211120     0.087480       2     0.174960
AOI21x1_ASAP7_75t_R asap7sc7p5t_AO_RVT_TT_nldm_211120     0.116640       1     0.116640
AOI21xp33_ASAP7_75t_R asap7sc7p5t_AO_RVT_TT_nldm_211120     0.072900       2     0.145800
AOI221x1_ASAP7_75t_R asap7sc7p5t_AO_RVT_TT_nldm_211120     0.204120       1     0.204120
INVx1_ASAP7_75t_R  asap7sc7p5t_INVBUF_RVT_TT_nldm_211120     0.043740      39     1.705860
INVx2_ASAP7_75t_R  asap7sc7p5t_INVBUF_RVT_TT_nldm_211120     0.058320       1     0.058320
INVxp33_ASAP7_75t_R asap7sc7p5t_INVBUF_RVT_TT_nldm_211120     0.043740       3     0.131220
INVxp67_ASAP7_75t_R asap7sc7p5t_INVBUF_RVT_TT_nldm_211120     0.043740       2     0.087480
NAND2xp5_ASAP7_75t_R asap7sc7p5t_SIMPLE_RVT_TT_nldm_211120     0.058320      34     1.982880
NAND2xp33_ASAP7_75t_R asap7sc7p5t_SIMPLE_RVT_TT_nldm_211120     0.058320       2     0.116640
NOR2x1_ASAP7_75t_R asap7sc7p5t_SIMPLE_RVT_TT_nldm_211120     0.087480       2     0.174960
NOR2xp33_ASAP7_75t_R asap7sc7p5t_SIMPLE_RVT_TT_nldm_211120     0.058320       4     0.233280
OA21x2_ASAP7_75t_R asap7sc7p5t_OA_RVT_TT_nldm_211120     0.102060       2     0.204120
OAI21x1_ASAP7_75t_R asap7sc7p5t_OA_RVT_TT_nldm_211120     0.116640       2     0.233280
OAI21xp5_ASAP7_75t_R asap7sc7p5t_OA_RVT_TT_nldm_211120     0.072900       3     0.218700
OAI21xp33_ASAP7_75t_R asap7sc7p5t_OA_RVT_TT_nldm_211120     0.072900       5     0.364500
XNOR2x1_ASAP7_75t_R asap7sc7p5t_SIMPLE_RVT_TT_nldm_211120     0.174960       2     0.349920
XNOR2xp5_ASAP7_75t_R asap7sc7p5t_SIMPLE_RVT_TT_nldm_211120     0.131220       7     0.918540
XOR2x2_ASAP7_75t_R asap7sc7p5t_SIMPLE_RVT_TT_nldm_211120     0.160380       1     0.160380
XOR2xp5_ASAP7_75t_R asap7sc7p5t_SIMPLE_RVT_TT_nldm_211120     0.131220       5     0.656100
-----------------------------------------------------------------------------
Total 20 references                                     8.237700

****************************************
Design: fp16_add_8 
****************************************
Reference          Library       Unit Area   Count    Total Area   Attributes
-----------------------------------------------------------------------------
A2O1A1Ixp33_ASAP7_75t_R asap7sc7p5t_AO_RVT_TT_nldm_211120     0.087480      15     1.312200
AND2x2_ASAP7_75t_R asap7sc7p5t_SIMPLE_RVT_TT_nldm_211120     0.087480      13     1.137240
AND3x1_ASAP7_75t_R asap7sc7p5t_SIMPLE_RVT_TT_nldm_211120     0.087480       2     0.174960
AND3x2_ASAP7_75t_R asap7sc7p5t_SIMPLE_RVT_TT_nldm_211120     0.102060       1     0.102060
AO21x1_ASAP7_75t_R asap7sc7p5t_AO_RVT_TT_nldm_211120     0.087480       1     0.087480
AO22x1_ASAP7_75t_R asap7sc7p5t_AO_RVT_TT_nldm_211120     0.131220       3     0.393660
AOI21x1_ASAP7_75t_R asap7sc7p5t_AO_RVT_TT_nldm_211120     0.116640       1     0.116640
AOI21xp5_ASAP7_75t_R asap7sc7p5t_AO_RVT_TT_nldm_211120     0.072900       3     0.218700
AOI21xp33_ASAP7_75t_R asap7sc7p5t_AO_RVT_TT_nldm_211120     0.072900       6     0.437400
AOI22x1_ASAP7_75t_R asap7sc7p5t_AO_RVT_TT_nldm_211120     0.145800       2     0.291600
AOI22xp5_ASAP7_75t_R asap7sc7p5t_AO_RVT_TT_nldm_211120     0.087480       6     0.524880
AOI22xp33_ASAP7_75t_R asap7sc7p5t_AO_RVT_TT_nldm_211120     0.087480      17     1.487160
AOI31xp33_ASAP7_75t_R asap7sc7p5t_AO_RVT_TT_nldm_211120     0.087480       2     0.174960
AOI31xp67_ASAP7_75t_R asap7sc7p5t_AO_RVT_TT_nldm_211120     0.189540       2     0.379080
AOI32xp33_ASAP7_75t_R asap7sc7p5t_AO_RVT_TT_nldm_211120     0.102060       2     0.204120
AOI211x1_ASAP7_75t_R asap7sc7p5t_AO_RVT_TT_nldm_211120     0.174960       2     0.349920
AOI211xp5_ASAP7_75t_R asap7sc7p5t_AO_RVT_TT_nldm_211120     0.087480       4     0.349920
AOI221xp5_ASAP7_75t_R asap7sc7p5t_AO_RVT_TT_nldm_211120     0.102060       2     0.204120
AOI222xp33_ASAP7_75t_R asap7sc7p5t_AO_RVT_TT_nldm_211120     0.145800       1     0.145800
AOI321xp33_ASAP7_75t_R asap7sc7p5t_AO_RVT_TT_nldm_211120     0.116640       3     0.349920
AOI332xp33_ASAP7_75t_R asap7sc7p5t_AO_RVT_TT_nldm_211120     0.145800       1     0.145800
BUFx2_ASAP7_75t_R  asap7sc7p5t_INVBUF_RVT_TT_nldm_211120     0.072900       1     0.072900
BUFx3_ASAP7_75t_R  asap7sc7p5t_INVBUF_RVT_TT_nldm_211120     0.087480       5     0.437400
BUFx6f_ASAP7_75t_R asap7sc7p5t_INVBUF_RVT_TT_nldm_211120     0.145800       1     0.145800
BUFx8_ASAP7_75t_R  asap7sc7p5t_INVBUF_RVT_TT_nldm_211120     0.174960       2     0.349920
DFFASRHQNx1_ASAP7_75t_R asap7sc7p5t_SEQ_RVT_TT_nldm_220123     0.379080      17     6.444360 n
FAx1_ASAP7_75t_R   asap7sc7p5t_SIMPLE_RVT_TT_nldm_211120     0.204120       1     0.204120 r
INVx1_ASAP7_75t_R  asap7sc7p5t_INVBUF_RVT_TT_nldm_211120     0.043740     191     8.354340
INVx2_ASAP7_75t_R  asap7sc7p5t_INVBUF_RVT_TT_nldm_211120     0.058320      20     1.166400
INVx3_ASAP7_75t_R  asap7sc7p5t_INVBUF_RVT_TT_nldm_211120     0.072900       2     0.145800
INVx4_ASAP7_75t_R  asap7sc7p5t_INVBUF_RVT_TT_nldm_211120     0.087480       2     0.174960
INVx5_ASAP7_75t_R  asap7sc7p5t_INVBUF_RVT_TT_nldm_211120     0.102060       1     0.102060
INVxp33_ASAP7_75t_R asap7sc7p5t_INVBUF_RVT_TT_nldm_211120     0.043740      11     0.481140
INVxp67_ASAP7_75t_R asap7sc7p5t_INVBUF_RVT_TT_nldm_211120     0.043740      16     0.699840
NAND2x1_ASAP7_75t_R asap7sc7p5t_SIMPLE_RVT_TT_nldm_211120     0.087480       6     0.524880
NAND2x1p5_ASAP7_75t_R asap7sc7p5t_SIMPLE_RVT_TT_nldm_211120     0.116640       6     0.699840
NAND2xp5_ASAP7_75t_R asap7sc7p5t_SIMPLE_RVT_TT_nldm_211120     0.058320     137     7.989840
NAND2xp33_ASAP7_75t_R asap7sc7p5t_SIMPLE_RVT_TT_nldm_211120     0.058320      19     1.108080
NAND3x1_ASAP7_75t_R asap7sc7p5t_SIMPLE_RVT_TT_nldm_211120     0.160380       2     0.320760
NAND3xp33_ASAP7_75t_R asap7sc7p5t_SIMPLE_RVT_TT_nldm_211120     0.072900      36     2.624400
NAND4xp25_ASAP7_75t_R asap7sc7p5t_SIMPLE_RVT_TT_nldm_211120     0.087480       1     0.087480
NAND5xp2_ASAP7_75t_R asap7sc7p5t_SIMPLE_RVT_TT_nldm_211120     0.102060       5     0.510300
NOR2x1_ASAP7_75t_R asap7sc7p5t_SIMPLE_RVT_TT_nldm_211120     0.087480       7     0.612360
NOR2xp33_ASAP7_75t_R asap7sc7p5t_SIMPLE_RVT_TT_nldm_211120     0.058320      16     0.933120
NOR2xp67_ASAP7_75t_R asap7sc7p5t_SIMPLE_RVT_TT_nldm_211120     0.087480       1     0.087480
NOR3x1_ASAP7_75t_R asap7sc7p5t_SIMPLE_RVT_TT_nldm_211120     0.160380       1     0.160380
NOR3xp33_ASAP7_75t_R asap7sc7p5t_SIMPLE_RVT_TT_nldm_211120     0.072900       1     0.072900
NOR4xp25_ASAP7_75t_R asap7sc7p5t_SIMPLE_RVT_TT_nldm_211120     0.087480       2     0.174960
NOR4xp75_ASAP7_75t_R asap7sc7p5t_SIMPLE_RVT_TT_nldm_211120     0.204120       1     0.204120
NOR5xp2_ASAP7_75t_R asap7sc7p5t_SIMPLE_RVT_TT_nldm_211120     0.102060       4     0.408240
O2A1O1Ixp5_ASAP7_75t_R asap7sc7p5t_OA_RVT_TT_nldm_211120     0.116640       1     0.116640
O2A1O1Ixp33_ASAP7_75t_R asap7sc7p5t_OA_RVT_TT_nldm_211120     0.087480       1     0.087480
OA21x2_ASAP7_75t_R asap7sc7p5t_OA_RVT_TT_nldm_211120     0.102060       6     0.612360
OA31x2_ASAP7_75t_R asap7sc7p5t_OA_RVT_TT_nldm_211120     0.218700       1     0.218700
OAI21x1_ASAP7_75t_R asap7sc7p5t_OA_RVT_TT_nldm_211120     0.116640       3     0.349920
OAI21xp5_ASAP7_75t_R asap7sc7p5t_OA_RVT_TT_nldm_211120     0.072900      27     1.968300
OAI21xp33_ASAP7_75t_R asap7sc7p5t_OA_RVT_TT_nldm_211120     0.072900      12     0.874800
OAI22xp5_ASAP7_75t_R asap7sc7p5t_OA_RVT_TT_nldm_211120     0.087480      37     3.236760
OAI22xp33_ASAP7_75t_R asap7sc7p5t_OA_RVT_TT_nldm_211120     0.087480      20     1.749600
OAI31xp33_ASAP7_75t_R asap7sc7p5t_OA_RVT_TT_nldm_211120     0.087480       5     0.437400
OAI31xp67_ASAP7_75t_R asap7sc7p5t_OA_RVT_TT_nldm_211120     0.189540       2     0.379080
OAI211xp5_ASAP7_75t_R asap7sc7p5t_OA_RVT_TT_nldm_211120     0.087480      17     1.487160
OAI221xp5_ASAP7_75t_R asap7sc7p5t_OA_RVT_TT_nldm_211120     0.102060       5     0.510300
OAI222xp33_ASAP7_75t_R asap7sc7p5t_OA_RVT_TT_nldm_211120     0.145800       3     0.437400
OAI311xp33_ASAP7_75t_R asap7sc7p5t_OA_RVT_TT_nldm_211120     0.102060       6     0.612360
OAI321xp33_ASAP7_75t_R asap7sc7p5t_OA_RVT_TT_nldm_211120     0.116640       3     0.349920
OAI322xp33_ASAP7_75t_R asap7sc7p5t_OA_RVT_TT_nldm_211120     0.131220       1     0.131220
OAI332xp33_ASAP7_75t_R asap7sc7p5t_OA_RVT_TT_nldm_211120     0.145800       2     0.291600
OR2x2_ASAP7_75t_R  asap7sc7p5t_SIMPLE_RVT_TT_nldm_211120     0.087480       7     0.612360
OR2x4_ASAP7_75t_R  asap7sc7p5t_SIMPLE_RVT_TT_nldm_211120     0.116640       1     0.116640
OR3x1_ASAP7_75t_R  asap7sc7p5t_SIMPLE_RVT_TT_nldm_211120     0.087480       1     0.087480
OR4x2_ASAP7_75t_R  asap7sc7p5t_SIMPLE_RVT_TT_nldm_211120     0.116640       1     0.116640
TIEHIx1_ASAP7_75t_R asap7sc7p5t_SIMPLE_RVT_TT_nldm_211120     0.043740       1     0.043740
TIELOx1_ASAP7_75t_R asap7sc7p5t_SIMPLE_RVT_TT_nldm_211120     0.043740       1     0.043740
XNOR2x2_ASAP7_75t_R asap7sc7p5t_SIMPLE_RVT_TT_nldm_211120     0.160380       3     0.481140
XNOR2xp5_ASAP7_75t_R asap7sc7p5t_SIMPLE_RVT_TT_nldm_211120     0.131220       3     0.393660
XOR2x1_ASAP7_75t_R asap7sc7p5t_SIMPLE_RVT_TT_nldm_211120     0.174960       1     0.174960
XOR2x2_ASAP7_75t_R asap7sc7p5t_SIMPLE_RVT_TT_nldm_211120     0.160380       3     0.481140
XOR2xp5_ASAP7_75t_R asap7sc7p5t_SIMPLE_RVT_TT_nldm_211120     0.131220       5     0.656100
fp16_add_8_DW01_add_J7_0          7.523280       1      7.523280  h
fp16_add_8_DW01_sub_5             8.339760       1      8.339760  h
-----------------------------------------------------------------------------
Total 81 references                                    76.807440

****************************************
Design: fp16_add_8_DW01_add_J7_0 
****************************************
Reference          Library       Unit Area   Count    Total Area   Attributes
-----------------------------------------------------------------------------
AND2x2_ASAP7_75t_R asap7sc7p5t_SIMPLE_RVT_TT_nldm_211120     0.087480       1     0.087480
AOI21x1_ASAP7_75t_R asap7sc7p5t_AO_RVT_TT_nldm_211120     0.116640       1     0.116640
AOI21xp5_ASAP7_75t_R asap7sc7p5t_AO_RVT_TT_nldm_211120     0.072900       1     0.072900
AOI22xp5_ASAP7_75t_R asap7sc7p5t_AO_RVT_TT_nldm_211120     0.087480       1     0.087480
AOI31xp67_ASAP7_75t_R asap7sc7p5t_AO_RVT_TT_nldm_211120     0.189540       1     0.189540
AOI211x1_ASAP7_75t_R asap7sc7p5t_AO_RVT_TT_nldm_211120     0.174960       1     0.174960
INVx1_ASAP7_75t_R  asap7sc7p5t_INVBUF_RVT_TT_nldm_211120     0.043740      24     1.049760
NAND2xp5_ASAP7_75t_R asap7sc7p5t_SIMPLE_RVT_TT_nldm_211120     0.058320      23     1.341360
NAND2xp33_ASAP7_75t_R asap7sc7p5t_SIMPLE_RVT_TT_nldm_211120     0.058320       3     0.174960
NAND2xp67_ASAP7_75t_R asap7sc7p5t_SIMPLE_RVT_TT_nldm_211120     0.087480       1     0.087480
NAND3xp33_ASAP7_75t_R asap7sc7p5t_SIMPLE_RVT_TT_nldm_211120     0.072900       2     0.145800
NOR2x1p5_ASAP7_75t_R asap7sc7p5t_SIMPLE_RVT_TT_nldm_211120     0.116640       1     0.116640
NOR2xp33_ASAP7_75t_R asap7sc7p5t_SIMPLE_RVT_TT_nldm_211120     0.058320       4     0.233280
OA21x2_ASAP7_75t_R asap7sc7p5t_OA_RVT_TT_nldm_211120     0.102060       1     0.102060
OA31x2_ASAP7_75t_R asap7sc7p5t_OA_RVT_TT_nldm_211120     0.218700       1     0.218700
OAI21xp5_ASAP7_75t_R asap7sc7p5t_OA_RVT_TT_nldm_211120     0.072900       6     0.437400
OAI21xp33_ASAP7_75t_R asap7sc7p5t_OA_RVT_TT_nldm_211120     0.072900       1     0.072900
OAI22xp5_ASAP7_75t_R asap7sc7p5t_OA_RVT_TT_nldm_211120     0.087480       1     0.087480
OAI31xp67_ASAP7_75t_R asap7sc7p5t_OA_RVT_TT_nldm_211120     0.189540       1     0.189540
OR2x2_ASAP7_75t_R  asap7sc7p5t_SIMPLE_RVT_TT_nldm_211120     0.087480      11     0.962280
XNOR2xp5_ASAP7_75t_R asap7sc7p5t_SIMPLE_RVT_TT_nldm_211120     0.131220       8     1.049760
XOR2xp5_ASAP7_75t_R asap7sc7p5t_SIMPLE_RVT_TT_nldm_211120     0.131220       4     0.524880
-----------------------------------------------------------------------------
Total 22 references                                     7.523280

****************************************
Design: fp16_add_8_DW01_sub_5 
****************************************
Reference          Library       Unit Area   Count    Total Area   Attributes
-----------------------------------------------------------------------------
AND2x2_ASAP7_75t_R asap7sc7p5t_SIMPLE_RVT_TT_nldm_211120     0.087480       2     0.174960
AOI21x1_ASAP7_75t_R asap7sc7p5t_AO_RVT_TT_nldm_211120     0.116640       1     0.116640
AOI21xp33_ASAP7_75t_R asap7sc7p5t_AO_RVT_TT_nldm_211120     0.072900       2     0.145800
AOI221x1_ASAP7_75t_R asap7sc7p5t_AO_RVT_TT_nldm_211120     0.204120       2     0.408240
INVx1_ASAP7_75t_R  asap7sc7p5t_INVBUF_RVT_TT_nldm_211120     0.043740      32     1.399680
INVx2_ASAP7_75t_R  asap7sc7p5t_INVBUF_RVT_TT_nldm_211120     0.058320       2     0.116640
INVxp33_ASAP7_75t_R asap7sc7p5t_INVBUF_RVT_TT_nldm_211120     0.043740       4     0.174960
INVxp67_ASAP7_75t_R asap7sc7p5t_INVBUF_RVT_TT_nldm_211120     0.043740       4     0.174960
NAND2xp5_ASAP7_75t_R asap7sc7p5t_SIMPLE_RVT_TT_nldm_211120     0.058320      32     1.866240
NAND2xp33_ASAP7_75t_R asap7sc7p5t_SIMPLE_RVT_TT_nldm_211120     0.058320       2     0.116640
NOR2x1_ASAP7_75t_R asap7sc7p5t_SIMPLE_RVT_TT_nldm_211120     0.087480       2     0.174960
NOR2xp33_ASAP7_75t_R asap7sc7p5t_SIMPLE_RVT_TT_nldm_211120     0.058320       5     0.291600
OA21x2_ASAP7_75t_R asap7sc7p5t_OA_RVT_TT_nldm_211120     0.102060       1     0.102060
OAI21x1_ASAP7_75t_R asap7sc7p5t_OA_RVT_TT_nldm_211120     0.116640       3     0.349920
OAI21xp5_ASAP7_75t_R asap7sc7p5t_OA_RVT_TT_nldm_211120     0.072900       3     0.218700
OAI21xp33_ASAP7_75t_R asap7sc7p5t_OA_RVT_TT_nldm_211120     0.072900       5     0.364500
OR2x2_ASAP7_75t_R  asap7sc7p5t_SIMPLE_RVT_TT_nldm_211120     0.087480       2     0.174960
XNOR2xp5_ASAP7_75t_R asap7sc7p5t_SIMPLE_RVT_TT_nldm_211120     0.131220       9     1.180980
XOR2xp5_ASAP7_75t_R asap7sc7p5t_SIMPLE_RVT_TT_nldm_211120     0.131220       6     0.787320
-----------------------------------------------------------------------------
Total 19 references                                     8.339760

****************************************
Design: fp16_add_9 
****************************************
Reference          Library       Unit Area   Count    Total Area   Attributes
-----------------------------------------------------------------------------
A2O1A1Ixp33_ASAP7_75t_R asap7sc7p5t_AO_RVT_TT_nldm_211120     0.087480       8     0.699840
AND2x2_ASAP7_75t_R asap7sc7p5t_SIMPLE_RVT_TT_nldm_211120     0.087480      10     0.874800
AND2x4_ASAP7_75t_R asap7sc7p5t_SIMPLE_RVT_TT_nldm_211120     0.145800       2     0.291600
AND3x1_ASAP7_75t_R asap7sc7p5t_SIMPLE_RVT_TT_nldm_211120     0.087480       4     0.349920
AND3x2_ASAP7_75t_R asap7sc7p5t_SIMPLE_RVT_TT_nldm_211120     0.102060       1     0.102060
AND4x1_ASAP7_75t_R asap7sc7p5t_SIMPLE_RVT_TT_nldm_211120     0.102060       1     0.102060
AO21x1_ASAP7_75t_R asap7sc7p5t_AO_RVT_TT_nldm_211120     0.087480       1     0.087480
AO21x2_ASAP7_75t_R asap7sc7p5t_AO_RVT_TT_nldm_211120     0.102060       1     0.102060
AO22x1_ASAP7_75t_R asap7sc7p5t_AO_RVT_TT_nldm_211120     0.131220       3     0.393660
AOI21xp5_ASAP7_75t_R asap7sc7p5t_AO_RVT_TT_nldm_211120     0.072900       2     0.145800
AOI21xp33_ASAP7_75t_R asap7sc7p5t_AO_RVT_TT_nldm_211120     0.072900       9     0.656100
AOI22x1_ASAP7_75t_R asap7sc7p5t_AO_RVT_TT_nldm_211120     0.145800       1     0.145800
AOI22xp5_ASAP7_75t_R asap7sc7p5t_AO_RVT_TT_nldm_211120     0.087480       5     0.437400
AOI22xp33_ASAP7_75t_R asap7sc7p5t_AO_RVT_TT_nldm_211120     0.087480      11     0.962280
AOI31xp33_ASAP7_75t_R asap7sc7p5t_AO_RVT_TT_nldm_211120     0.087480       5     0.437400
AOI32xp33_ASAP7_75t_R asap7sc7p5t_AO_RVT_TT_nldm_211120     0.102060       2     0.204120
AOI211x1_ASAP7_75t_R asap7sc7p5t_AO_RVT_TT_nldm_211120     0.174960       3     0.524880
AOI211xp5_ASAP7_75t_R asap7sc7p5t_AO_RVT_TT_nldm_211120     0.087480       4     0.349920
AOI221xp5_ASAP7_75t_R asap7sc7p5t_AO_RVT_TT_nldm_211120     0.102060       7     0.714420
AOI222xp33_ASAP7_75t_R asap7sc7p5t_AO_RVT_TT_nldm_211120     0.145800       1     0.145800
AOI311xp33_ASAP7_75t_R asap7sc7p5t_AO_RVT_TT_nldm_211120     0.102060       2     0.204120
BUFx3_ASAP7_75t_R  asap7sc7p5t_INVBUF_RVT_TT_nldm_211120     0.087480       3     0.262440
BUFx6f_ASAP7_75t_R asap7sc7p5t_INVBUF_RVT_TT_nldm_211120     0.145800       1     0.145800
BUFx8_ASAP7_75t_R  asap7sc7p5t_INVBUF_RVT_TT_nldm_211120     0.174960       2     0.349920
DFFASRHQNx1_ASAP7_75t_R asap7sc7p5t_SEQ_RVT_TT_nldm_220123     0.379080      17     6.444360 n
FAx1_ASAP7_75t_R   asap7sc7p5t_SIMPLE_RVT_TT_nldm_211120     0.204120       1     0.204120 r
HB1xp67_ASAP7_75t_R asap7sc7p5t_INVBUF_RVT_TT_nldm_211120     0.058320       1     0.058320
INVx1_ASAP7_75t_R  asap7sc7p5t_INVBUF_RVT_TT_nldm_211120     0.043740     179     7.829460
INVx2_ASAP7_75t_R  asap7sc7p5t_INVBUF_RVT_TT_nldm_211120     0.058320      30     1.749600
INVx3_ASAP7_75t_R  asap7sc7p5t_INVBUF_RVT_TT_nldm_211120     0.072900       5     0.364500
INVx4_ASAP7_75t_R  asap7sc7p5t_INVBUF_RVT_TT_nldm_211120     0.087480       2     0.174960
INVx5_ASAP7_75t_R  asap7sc7p5t_INVBUF_RVT_TT_nldm_211120     0.102060       3     0.306180
INVxp33_ASAP7_75t_R asap7sc7p5t_INVBUF_RVT_TT_nldm_211120     0.043740       8     0.349920
INVxp67_ASAP7_75t_R asap7sc7p5t_INVBUF_RVT_TT_nldm_211120     0.043740      12     0.524880
NAND2x1_ASAP7_75t_R asap7sc7p5t_SIMPLE_RVT_TT_nldm_211120     0.087480       5     0.437400
NAND2x1p5_ASAP7_75t_R asap7sc7p5t_SIMPLE_RVT_TT_nldm_211120     0.116640      18     2.099520
NAND2xp5_ASAP7_75t_R asap7sc7p5t_SIMPLE_RVT_TT_nldm_211120     0.058320     125     7.290000
NAND2xp33_ASAP7_75t_R asap7sc7p5t_SIMPLE_RVT_TT_nldm_211120     0.058320      18     1.049760
NAND3x1_ASAP7_75t_R asap7sc7p5t_SIMPLE_RVT_TT_nldm_211120     0.160380       1     0.160380
NAND3xp33_ASAP7_75t_R asap7sc7p5t_SIMPLE_RVT_TT_nldm_211120     0.072900      27     1.968300
NAND4xp25_ASAP7_75t_R asap7sc7p5t_SIMPLE_RVT_TT_nldm_211120     0.087480       2     0.174960
NAND4xp75_ASAP7_75t_R asap7sc7p5t_SIMPLE_RVT_TT_nldm_211120     0.204120       4     0.816480
NAND5xp2_ASAP7_75t_R asap7sc7p5t_SIMPLE_RVT_TT_nldm_211120     0.102060       5     0.510300
NOR2x1_ASAP7_75t_R asap7sc7p5t_SIMPLE_RVT_TT_nldm_211120     0.087480       3     0.262440
NOR2xp33_ASAP7_75t_R asap7sc7p5t_SIMPLE_RVT_TT_nldm_211120     0.058320      17     0.991440
NOR3xp33_ASAP7_75t_R asap7sc7p5t_SIMPLE_RVT_TT_nldm_211120     0.072900       3     0.218700
NOR4xp25_ASAP7_75t_R asap7sc7p5t_SIMPLE_RVT_TT_nldm_211120     0.087480       3     0.262440
NOR5xp2_ASAP7_75t_R asap7sc7p5t_SIMPLE_RVT_TT_nldm_211120     0.102060       6     0.612360
O2A1O1Ixp5_ASAP7_75t_R asap7sc7p5t_OA_RVT_TT_nldm_211120     0.116640       3     0.349920
O2A1O1Ixp33_ASAP7_75t_R asap7sc7p5t_OA_RVT_TT_nldm_211120     0.087480       4     0.349920
OA21x2_ASAP7_75t_R asap7sc7p5t_OA_RVT_TT_nldm_211120     0.102060       6     0.612360
OA22x2_ASAP7_75t_R asap7sc7p5t_OA_RVT_TT_nldm_211120     0.145800       1     0.145800
OA222x2_ASAP7_75t_R asap7sc7p5t_OA_RVT_TT_nldm_211120     0.174960       1     0.174960
OA333x1_ASAP7_75t_R asap7sc7p5t_OA_RVT_TT_nldm_211120     0.174960       1     0.174960
OAI21xp5_ASAP7_75t_R asap7sc7p5t_OA_RVT_TT_nldm_211120     0.072900      28     2.041200
OAI21xp33_ASAP7_75t_R asap7sc7p5t_OA_RVT_TT_nldm_211120     0.072900      13     0.947700
OAI22x1_ASAP7_75t_R asap7sc7p5t_OA_RVT_TT_nldm_211120     0.145800       2     0.291600
OAI22xp5_ASAP7_75t_R asap7sc7p5t_OA_RVT_TT_nldm_211120     0.087480      38     3.324240
OAI22xp33_ASAP7_75t_R asap7sc7p5t_OA_RVT_TT_nldm_211120     0.087480      24     2.099520
OAI31xp33_ASAP7_75t_R asap7sc7p5t_OA_RVT_TT_nldm_211120     0.087480       2     0.174960
OAI31xp67_ASAP7_75t_R asap7sc7p5t_OA_RVT_TT_nldm_211120     0.189540       4     0.758160
OAI32xp33_ASAP7_75t_R asap7sc7p5t_OA_RVT_TT_nldm_211120     0.102060       2     0.204120
OAI33xp33_ASAP7_75t_R asap7sc7p5t_OA_RVT_TT_nldm_211120     0.116640       1     0.116640
OAI211xp5_ASAP7_75t_R asap7sc7p5t_OA_RVT_TT_nldm_211120     0.087480      14     1.224720
OAI221xp5_ASAP7_75t_R asap7sc7p5t_OA_RVT_TT_nldm_211120     0.102060       7     0.714420
OAI222xp33_ASAP7_75t_R asap7sc7p5t_OA_RVT_TT_nldm_211120     0.145800       4     0.583200
OAI311xp33_ASAP7_75t_R asap7sc7p5t_OA_RVT_TT_nldm_211120     0.102060       4     0.408240
OAI321xp33_ASAP7_75t_R asap7sc7p5t_OA_RVT_TT_nldm_211120     0.116640       2     0.233280
OAI332xp33_ASAP7_75t_R asap7sc7p5t_OA_RVT_TT_nldm_211120     0.145800       1     0.145800
OR2x2_ASAP7_75t_R  asap7sc7p5t_SIMPLE_RVT_TT_nldm_211120     0.087480       2     0.174960
OR3x1_ASAP7_75t_R  asap7sc7p5t_SIMPLE_RVT_TT_nldm_211120     0.087480       1     0.087480
OR4x2_ASAP7_75t_R  asap7sc7p5t_SIMPLE_RVT_TT_nldm_211120     0.116640       1     0.116640
TIEHIx1_ASAP7_75t_R asap7sc7p5t_SIMPLE_RVT_TT_nldm_211120     0.043740       1     0.043740
TIELOx1_ASAP7_75t_R asap7sc7p5t_SIMPLE_RVT_TT_nldm_211120     0.043740       1     0.043740
XNOR2x1_ASAP7_75t_R asap7sc7p5t_SIMPLE_RVT_TT_nldm_211120     0.174960       1     0.174960
XNOR2x2_ASAP7_75t_R asap7sc7p5t_SIMPLE_RVT_TT_nldm_211120     0.160380       2     0.320760
XNOR2xp5_ASAP7_75t_R asap7sc7p5t_SIMPLE_RVT_TT_nldm_211120     0.131220       1     0.131220
XOR2x2_ASAP7_75t_R asap7sc7p5t_SIMPLE_RVT_TT_nldm_211120     0.160380       4     0.641520
XOR2xp5_ASAP7_75t_R asap7sc7p5t_SIMPLE_RVT_TT_nldm_211120     0.131220       6     0.787320
fp16_add_9_DW01_add_2             7.333740       1      7.333740  h
fp16_add_9_DW01_sub_J14_0         8.325180       1      8.325180  h
-----------------------------------------------------------------------------
Total 81 references                                    76.807440

****************************************
Design: fp16_add_9_DW01_add_2 
****************************************
Reference          Library       Unit Area   Count    Total Area   Attributes
-----------------------------------------------------------------------------
AND2x2_ASAP7_75t_R asap7sc7p5t_SIMPLE_RVT_TT_nldm_211120     0.087480       1     0.087480
AOI21xp5_ASAP7_75t_R asap7sc7p5t_AO_RVT_TT_nldm_211120     0.072900       2     0.145800
AOI22xp5_ASAP7_75t_R asap7sc7p5t_AO_RVT_TT_nldm_211120     0.087480       1     0.087480
AOI31xp67_ASAP7_75t_R asap7sc7p5t_AO_RVT_TT_nldm_211120     0.189540       1     0.189540
AOI211x1_ASAP7_75t_R asap7sc7p5t_AO_RVT_TT_nldm_211120     0.174960       1     0.174960
INVx1_ASAP7_75t_R  asap7sc7p5t_INVBUF_RVT_TT_nldm_211120     0.043740      24     1.049760
INVxp67_ASAP7_75t_R asap7sc7p5t_INVBUF_RVT_TT_nldm_211120     0.043740       1     0.043740
NAND2xp5_ASAP7_75t_R asap7sc7p5t_SIMPLE_RVT_TT_nldm_211120     0.058320      25     1.458000
NAND2xp33_ASAP7_75t_R asap7sc7p5t_SIMPLE_RVT_TT_nldm_211120     0.058320       2     0.116640
NAND3xp33_ASAP7_75t_R asap7sc7p5t_SIMPLE_RVT_TT_nldm_211120     0.072900       2     0.145800
NOR2x1_ASAP7_75t_R asap7sc7p5t_SIMPLE_RVT_TT_nldm_211120     0.087480       1     0.087480
NOR2xp33_ASAP7_75t_R asap7sc7p5t_SIMPLE_RVT_TT_nldm_211120     0.058320       4     0.233280
OA21x2_ASAP7_75t_R asap7sc7p5t_OA_RVT_TT_nldm_211120     0.102060       1     0.102060
OAI21xp5_ASAP7_75t_R asap7sc7p5t_OA_RVT_TT_nldm_211120     0.072900       5     0.364500
OAI21xp33_ASAP7_75t_R asap7sc7p5t_OA_RVT_TT_nldm_211120     0.072900       2     0.145800
OAI22xp5_ASAP7_75t_R asap7sc7p5t_OA_RVT_TT_nldm_211120     0.087480       1     0.087480
OAI31xp33_ASAP7_75t_R asap7sc7p5t_OA_RVT_TT_nldm_211120     0.087480       1     0.087480
OAI31xp67_ASAP7_75t_R asap7sc7p5t_OA_RVT_TT_nldm_211120     0.189540       1     0.189540
OR2x2_ASAP7_75t_R  asap7sc7p5t_SIMPLE_RVT_TT_nldm_211120     0.087480      11     0.962280
XNOR2xp5_ASAP7_75t_R asap7sc7p5t_SIMPLE_RVT_TT_nldm_211120     0.131220       8     1.049760
XOR2xp5_ASAP7_75t_R asap7sc7p5t_SIMPLE_RVT_TT_nldm_211120     0.131220       4     0.524880
-----------------------------------------------------------------------------
Total 21 references                                     7.333740

****************************************
Design: fp16_add_9_DW01_sub_J14_0 
****************************************
Reference          Library       Unit Area   Count    Total Area   Attributes
-----------------------------------------------------------------------------
AND2x2_ASAP7_75t_R asap7sc7p5t_SIMPLE_RVT_TT_nldm_211120     0.087480       4     0.349920
AOI21xp5_ASAP7_75t_R asap7sc7p5t_AO_RVT_TT_nldm_211120     0.072900       2     0.145800
AOI21xp33_ASAP7_75t_R asap7sc7p5t_AO_RVT_TT_nldm_211120     0.072900       1     0.072900
AOI221x1_ASAP7_75t_R asap7sc7p5t_AO_RVT_TT_nldm_211120     0.204120       1     0.204120
AOI221xp5_ASAP7_75t_R asap7sc7p5t_AO_RVT_TT_nldm_211120     0.102060       1     0.102060
INVx1_ASAP7_75t_R  asap7sc7p5t_INVBUF_RVT_TT_nldm_211120     0.043740      34     1.487160
INVx2_ASAP7_75t_R  asap7sc7p5t_INVBUF_RVT_TT_nldm_211120     0.058320       1     0.058320
INVxp33_ASAP7_75t_R asap7sc7p5t_INVBUF_RVT_TT_nldm_211120     0.043740       1     0.043740
INVxp67_ASAP7_75t_R asap7sc7p5t_INVBUF_RVT_TT_nldm_211120     0.043740       4     0.174960
NAND2xp5_ASAP7_75t_R asap7sc7p5t_SIMPLE_RVT_TT_nldm_211120     0.058320      34     1.982880
NAND2xp33_ASAP7_75t_R asap7sc7p5t_SIMPLE_RVT_TT_nldm_211120     0.058320       3     0.174960
NOR2x1_ASAP7_75t_R asap7sc7p5t_SIMPLE_RVT_TT_nldm_211120     0.087480       3     0.262440
NOR2x1p5_ASAP7_75t_R asap7sc7p5t_SIMPLE_RVT_TT_nldm_211120     0.116640       1     0.116640
NOR2xp33_ASAP7_75t_R asap7sc7p5t_SIMPLE_RVT_TT_nldm_211120     0.058320       2     0.116640
OA21x2_ASAP7_75t_R asap7sc7p5t_OA_RVT_TT_nldm_211120     0.102060       1     0.102060
OAI21x1_ASAP7_75t_R asap7sc7p5t_OA_RVT_TT_nldm_211120     0.116640       2     0.233280
OAI21xp5_ASAP7_75t_R asap7sc7p5t_OA_RVT_TT_nldm_211120     0.072900       6     0.437400
OAI21xp33_ASAP7_75t_R asap7sc7p5t_OA_RVT_TT_nldm_211120     0.072900       4     0.291600
XNOR2xp5_ASAP7_75t_R asap7sc7p5t_SIMPLE_RVT_TT_nldm_211120     0.131220       9     1.180980
XOR2xp5_ASAP7_75t_R asap7sc7p5t_SIMPLE_RVT_TT_nldm_211120     0.131220       6     0.787320
-----------------------------------------------------------------------------
Total 20 references                                     8.325180

****************************************
Design: fp16_add_10 
****************************************
Reference          Library       Unit Area   Count    Total Area   Attributes
-----------------------------------------------------------------------------
A2O1A1Ixp33_ASAP7_75t_R asap7sc7p5t_AO_RVT_TT_nldm_211120     0.087480       8     0.699840
AND2x2_ASAP7_75t_R asap7sc7p5t_SIMPLE_RVT_TT_nldm_211120     0.087480      15     1.312200
AND3x1_ASAP7_75t_R asap7sc7p5t_SIMPLE_RVT_TT_nldm_211120     0.087480       4     0.349920
AND3x2_ASAP7_75t_R asap7sc7p5t_SIMPLE_RVT_TT_nldm_211120     0.102060       1     0.102060
AND4x1_ASAP7_75t_R asap7sc7p5t_SIMPLE_RVT_TT_nldm_211120     0.102060       2     0.204120
AO21x1_ASAP7_75t_R asap7sc7p5t_AO_RVT_TT_nldm_211120     0.087480       1     0.087480
AO22x1_ASAP7_75t_R asap7sc7p5t_AO_RVT_TT_nldm_211120     0.131220       3     0.393660
AOI21x1_ASAP7_75t_R asap7sc7p5t_AO_RVT_TT_nldm_211120     0.116640       1     0.116640
AOI21xp5_ASAP7_75t_R asap7sc7p5t_AO_RVT_TT_nldm_211120     0.072900       2     0.145800
AOI21xp33_ASAP7_75t_R asap7sc7p5t_AO_RVT_TT_nldm_211120     0.072900       9     0.656100
AOI22x1_ASAP7_75t_R asap7sc7p5t_AO_RVT_TT_nldm_211120     0.145800       1     0.145800
AOI22xp5_ASAP7_75t_R asap7sc7p5t_AO_RVT_TT_nldm_211120     0.087480       6     0.524880
AOI22xp33_ASAP7_75t_R asap7sc7p5t_AO_RVT_TT_nldm_211120     0.087480      10     0.874800
AOI31xp33_ASAP7_75t_R asap7sc7p5t_AO_RVT_TT_nldm_211120     0.087480       5     0.437400
AOI32xp33_ASAP7_75t_R asap7sc7p5t_AO_RVT_TT_nldm_211120     0.102060       2     0.204120
AOI211x1_ASAP7_75t_R asap7sc7p5t_AO_RVT_TT_nldm_211120     0.174960       3     0.524880
AOI211xp5_ASAP7_75t_R asap7sc7p5t_AO_RVT_TT_nldm_211120     0.087480       4     0.349920
AOI221xp5_ASAP7_75t_R asap7sc7p5t_AO_RVT_TT_nldm_211120     0.102060       7     0.714420
AOI222xp33_ASAP7_75t_R asap7sc7p5t_AO_RVT_TT_nldm_211120     0.145800       1     0.145800
AOI311xp33_ASAP7_75t_R asap7sc7p5t_AO_RVT_TT_nldm_211120     0.102060       2     0.204120
BUFx3_ASAP7_75t_R  asap7sc7p5t_INVBUF_RVT_TT_nldm_211120     0.087480       4     0.349920
BUFx6f_ASAP7_75t_R asap7sc7p5t_INVBUF_RVT_TT_nldm_211120     0.145800       1     0.145800
BUFx8_ASAP7_75t_R  asap7sc7p5t_INVBUF_RVT_TT_nldm_211120     0.174960       2     0.349920
DFFASRHQNx1_ASAP7_75t_R asap7sc7p5t_SEQ_RVT_TT_nldm_220123     0.379080      17     6.444360 n
FAx1_ASAP7_75t_R   asap7sc7p5t_SIMPLE_RVT_TT_nldm_211120     0.204120       1     0.204120 r
HB1xp67_ASAP7_75t_R asap7sc7p5t_INVBUF_RVT_TT_nldm_211120     0.058320       3     0.174960
INVx1_ASAP7_75t_R  asap7sc7p5t_INVBUF_RVT_TT_nldm_211120     0.043740     183     8.004420
INVx2_ASAP7_75t_R  asap7sc7p5t_INVBUF_RVT_TT_nldm_211120     0.058320      28     1.632960
INVx3_ASAP7_75t_R  asap7sc7p5t_INVBUF_RVT_TT_nldm_211120     0.072900       3     0.218700
INVx5_ASAP7_75t_R  asap7sc7p5t_INVBUF_RVT_TT_nldm_211120     0.102060       2     0.204120
INVxp33_ASAP7_75t_R asap7sc7p5t_INVBUF_RVT_TT_nldm_211120     0.043740      10     0.437400
INVxp67_ASAP7_75t_R asap7sc7p5t_INVBUF_RVT_TT_nldm_211120     0.043740      16     0.699840
NAND2x1_ASAP7_75t_R asap7sc7p5t_SIMPLE_RVT_TT_nldm_211120     0.087480       7     0.612360
NAND2x1p5_ASAP7_75t_R asap7sc7p5t_SIMPLE_RVT_TT_nldm_211120     0.116640       4     0.466560
NAND2xp5_ASAP7_75t_R asap7sc7p5t_SIMPLE_RVT_TT_nldm_211120     0.058320     125     7.290000
NAND2xp33_ASAP7_75t_R asap7sc7p5t_SIMPLE_RVT_TT_nldm_211120     0.058320      25     1.458000
NAND2xp67_ASAP7_75t_R asap7sc7p5t_SIMPLE_RVT_TT_nldm_211120     0.087480       1     0.087480
NAND3x1_ASAP7_75t_R asap7sc7p5t_SIMPLE_RVT_TT_nldm_211120     0.160380       2     0.320760
NAND3xp33_ASAP7_75t_R asap7sc7p5t_SIMPLE_RVT_TT_nldm_211120     0.072900      28     2.041200
NAND4xp25_ASAP7_75t_R asap7sc7p5t_SIMPLE_RVT_TT_nldm_211120     0.087480       4     0.349920
NAND4xp75_ASAP7_75t_R asap7sc7p5t_SIMPLE_RVT_TT_nldm_211120     0.204120       2     0.408240
NAND5xp2_ASAP7_75t_R asap7sc7p5t_SIMPLE_RVT_TT_nldm_211120     0.102060       4     0.408240
NOR2x1_ASAP7_75t_R asap7sc7p5t_SIMPLE_RVT_TT_nldm_211120     0.087480       3     0.262440
NOR2xp33_ASAP7_75t_R asap7sc7p5t_SIMPLE_RVT_TT_nldm_211120     0.058320      17     0.991440
NOR3xp33_ASAP7_75t_R asap7sc7p5t_SIMPLE_RVT_TT_nldm_211120     0.072900       3     0.218700
NOR4xp25_ASAP7_75t_R asap7sc7p5t_SIMPLE_RVT_TT_nldm_211120     0.087480       3     0.262440
NOR5xp2_ASAP7_75t_R asap7sc7p5t_SIMPLE_RVT_TT_nldm_211120     0.102060       6     0.612360
O2A1O1Ixp5_ASAP7_75t_R asap7sc7p5t_OA_RVT_TT_nldm_211120     0.116640       3     0.349920
O2A1O1Ixp33_ASAP7_75t_R asap7sc7p5t_OA_RVT_TT_nldm_211120     0.087480       4     0.349920
OA21x2_ASAP7_75t_R asap7sc7p5t_OA_RVT_TT_nldm_211120     0.102060       6     0.612360
OA22x2_ASAP7_75t_R asap7sc7p5t_OA_RVT_TT_nldm_211120     0.145800       2     0.291600
OA211x2_ASAP7_75t_R asap7sc7p5t_OA_RVT_TT_nldm_211120     0.116640       1     0.116640
OA221x2_ASAP7_75t_R asap7sc7p5t_OA_RVT_TT_nldm_211120     0.233280       1     0.233280
OA333x1_ASAP7_75t_R asap7sc7p5t_OA_RVT_TT_nldm_211120     0.174960       1     0.174960
OAI21x1_ASAP7_75t_R asap7sc7p5t_OA_RVT_TT_nldm_211120     0.116640       1     0.116640
OAI21xp5_ASAP7_75t_R asap7sc7p5t_OA_RVT_TT_nldm_211120     0.072900      29     2.114100
OAI21xp33_ASAP7_75t_R asap7sc7p5t_OA_RVT_TT_nldm_211120     0.072900      12     0.874800
OAI22x1_ASAP7_75t_R asap7sc7p5t_OA_RVT_TT_nldm_211120     0.145800       1     0.145800
OAI22xp5_ASAP7_75t_R asap7sc7p5t_OA_RVT_TT_nldm_211120     0.087480      38     3.324240
OAI22xp33_ASAP7_75t_R asap7sc7p5t_OA_RVT_TT_nldm_211120     0.087480      24     2.099520
OAI31xp33_ASAP7_75t_R asap7sc7p5t_OA_RVT_TT_nldm_211120     0.087480       2     0.174960
OAI31xp67_ASAP7_75t_R asap7sc7p5t_OA_RVT_TT_nldm_211120     0.189540       4     0.758160
OAI32xp33_ASAP7_75t_R asap7sc7p5t_OA_RVT_TT_nldm_211120     0.102060       1     0.102060
OAI33xp33_ASAP7_75t_R asap7sc7p5t_OA_RVT_TT_nldm_211120     0.116640       1     0.116640
OAI211xp5_ASAP7_75t_R asap7sc7p5t_OA_RVT_TT_nldm_211120     0.087480      13     1.137240
OAI221xp5_ASAP7_75t_R asap7sc7p5t_OA_RVT_TT_nldm_211120     0.102060       6     0.612360
OAI222xp33_ASAP7_75t_R asap7sc7p5t_OA_RVT_TT_nldm_211120     0.145800       5     0.729000
OAI311xp33_ASAP7_75t_R asap7sc7p5t_OA_RVT_TT_nldm_211120     0.102060       4     0.408240
OAI321xp33_ASAP7_75t_R asap7sc7p5t_OA_RVT_TT_nldm_211120     0.116640       2     0.233280
OAI332xp33_ASAP7_75t_R asap7sc7p5t_OA_RVT_TT_nldm_211120     0.145800       1     0.145800
OR2x2_ASAP7_75t_R  asap7sc7p5t_SIMPLE_RVT_TT_nldm_211120     0.087480       4     0.349920
OR2x6_ASAP7_75t_R  asap7sc7p5t_SIMPLE_RVT_TT_nldm_211120     0.174960       1     0.174960
OR3x1_ASAP7_75t_R  asap7sc7p5t_SIMPLE_RVT_TT_nldm_211120     0.087480       1     0.087480
OR4x2_ASAP7_75t_R  asap7sc7p5t_SIMPLE_RVT_TT_nldm_211120     0.116640       1     0.116640
TIEHIx1_ASAP7_75t_R asap7sc7p5t_SIMPLE_RVT_TT_nldm_211120     0.043740       1     0.043740
TIELOx1_ASAP7_75t_R asap7sc7p5t_SIMPLE_RVT_TT_nldm_211120     0.043740       1     0.043740
XNOR2x1_ASAP7_75t_R asap7sc7p5t_SIMPLE_RVT_TT_nldm_211120     0.174960       1     0.174960
XNOR2x2_ASAP7_75t_R asap7sc7p5t_SIMPLE_RVT_TT_nldm_211120     0.160380       2     0.320760
XOR2x1_ASAP7_75t_R asap7sc7p5t_SIMPLE_RVT_TT_nldm_211120     0.174960       1     0.174960
XOR2x2_ASAP7_75t_R asap7sc7p5t_SIMPLE_RVT_TT_nldm_211120     0.160380       5     0.801900
XOR2xp5_ASAP7_75t_R asap7sc7p5t_SIMPLE_RVT_TT_nldm_211120     0.131220       5     0.656100
fp16_add_10_DW01_add_J9_0         7.435800       1      7.435800  h
fp16_add_10_DW01_sub_5            8.354340       1      8.354340  h
-----------------------------------------------------------------------------
Total 83 references                                    76.807440

****************************************
Design: fp16_add_10_DW01_add_J9_0 
****************************************
Reference          Library       Unit Area   Count    Total Area   Attributes
-----------------------------------------------------------------------------
AND2x2_ASAP7_75t_R asap7sc7p5t_SIMPLE_RVT_TT_nldm_211120     0.087480       2     0.174960
AOI21xp5_ASAP7_75t_R asap7sc7p5t_AO_RVT_TT_nldm_211120     0.072900       2     0.145800
AOI22xp5_ASAP7_75t_R asap7sc7p5t_AO_RVT_TT_nldm_211120     0.087480       1     0.087480
AOI31xp67_ASAP7_75t_R asap7sc7p5t_AO_RVT_TT_nldm_211120     0.189540       1     0.189540
AOI211x1_ASAP7_75t_R asap7sc7p5t_AO_RVT_TT_nldm_211120     0.174960       1     0.174960
INVx1_ASAP7_75t_R  asap7sc7p5t_INVBUF_RVT_TT_nldm_211120     0.043740      23     1.006020
NAND2xp5_ASAP7_75t_R asap7sc7p5t_SIMPLE_RVT_TT_nldm_211120     0.058320      24     1.399680
NAND2xp33_ASAP7_75t_R asap7sc7p5t_SIMPLE_RVT_TT_nldm_211120     0.058320       2     0.116640
NAND3xp33_ASAP7_75t_R asap7sc7p5t_SIMPLE_RVT_TT_nldm_211120     0.072900       2     0.145800
NOR2x1_ASAP7_75t_R asap7sc7p5t_SIMPLE_RVT_TT_nldm_211120     0.087480       1     0.087480
NOR2xp33_ASAP7_75t_R asap7sc7p5t_SIMPLE_RVT_TT_nldm_211120     0.058320       4     0.233280
OA21x2_ASAP7_75t_R asap7sc7p5t_OA_RVT_TT_nldm_211120     0.102060       1     0.102060
OA31x2_ASAP7_75t_R asap7sc7p5t_OA_RVT_TT_nldm_211120     0.218700       1     0.218700
OAI21xp5_ASAP7_75t_R asap7sc7p5t_OA_RVT_TT_nldm_211120     0.072900       7     0.510300
OAI22xp5_ASAP7_75t_R asap7sc7p5t_OA_RVT_TT_nldm_211120     0.087480       1     0.087480
OAI31xp67_ASAP7_75t_R asap7sc7p5t_OA_RVT_TT_nldm_211120     0.189540       1     0.189540
OR2x2_ASAP7_75t_R  asap7sc7p5t_SIMPLE_RVT_TT_nldm_211120     0.087480      10     0.874800
OR2x4_ASAP7_75t_R  asap7sc7p5t_SIMPLE_RVT_TT_nldm_211120     0.116640       1     0.116640
XNOR2xp5_ASAP7_75t_R asap7sc7p5t_SIMPLE_RVT_TT_nldm_211120     0.131220       8     1.049760
XOR2xp5_ASAP7_75t_R asap7sc7p5t_SIMPLE_RVT_TT_nldm_211120     0.131220       4     0.524880
-----------------------------------------------------------------------------
Total 20 references                                     7.435800

****************************************
Design: fp16_add_10_DW01_sub_5 
****************************************
Reference          Library       Unit Area   Count    Total Area   Attributes
-----------------------------------------------------------------------------
AND2x2_ASAP7_75t_R asap7sc7p5t_SIMPLE_RVT_TT_nldm_211120     0.087480       1     0.087480
AOI21x1_ASAP7_75t_R asap7sc7p5t_AO_RVT_TT_nldm_211120     0.116640       1     0.116640
AOI21xp33_ASAP7_75t_R asap7sc7p5t_AO_RVT_TT_nldm_211120     0.072900       2     0.145800
AOI221x1_ASAP7_75t_R asap7sc7p5t_AO_RVT_TT_nldm_211120     0.204120       2     0.408240
INVx1_ASAP7_75t_R  asap7sc7p5t_INVBUF_RVT_TT_nldm_211120     0.043740      38     1.662120
INVx2_ASAP7_75t_R  asap7sc7p5t_INVBUF_RVT_TT_nldm_211120     0.058320       1     0.058320
INVxp33_ASAP7_75t_R asap7sc7p5t_INVBUF_RVT_TT_nldm_211120     0.043740       2     0.087480
INVxp67_ASAP7_75t_R asap7sc7p5t_INVBUF_RVT_TT_nldm_211120     0.043740       2     0.087480
NAND2x1p5_ASAP7_75t_R asap7sc7p5t_SIMPLE_RVT_TT_nldm_211120     0.116640       1     0.116640
NAND2xp5_ASAP7_75t_R asap7sc7p5t_SIMPLE_RVT_TT_nldm_211120     0.058320      34     1.982880
NAND2xp33_ASAP7_75t_R asap7sc7p5t_SIMPLE_RVT_TT_nldm_211120     0.058320       2     0.116640
NOR2x1_ASAP7_75t_R asap7sc7p5t_SIMPLE_RVT_TT_nldm_211120     0.087480       3     0.262440
NOR2x1p5_ASAP7_75t_R asap7sc7p5t_SIMPLE_RVT_TT_nldm_211120     0.116640       1     0.116640
NOR2xp33_ASAP7_75t_R asap7sc7p5t_SIMPLE_RVT_TT_nldm_211120     0.058320       2     0.116640
OA21x2_ASAP7_75t_R asap7sc7p5t_OA_RVT_TT_nldm_211120     0.102060       1     0.102060
OAI21x1_ASAP7_75t_R asap7sc7p5t_OA_RVT_TT_nldm_211120     0.116640       2     0.233280
OAI21xp5_ASAP7_75t_R asap7sc7p5t_OA_RVT_TT_nldm_211120     0.072900       4     0.291600
OAI21xp33_ASAP7_75t_R asap7sc7p5t_OA_RVT_TT_nldm_211120     0.072900       5     0.364500
XNOR2xp5_ASAP7_75t_R asap7sc7p5t_SIMPLE_RVT_TT_nldm_211120     0.131220       9     1.180980
XOR2x2_ASAP7_75t_R asap7sc7p5t_SIMPLE_RVT_TT_nldm_211120     0.160380       1     0.160380
XOR2xp5_ASAP7_75t_R asap7sc7p5t_SIMPLE_RVT_TT_nldm_211120     0.131220       5     0.656100
-----------------------------------------------------------------------------
Total 21 references                                     8.354340

****************************************
Design: fp16_add_11 
****************************************
Reference          Library       Unit Area   Count    Total Area   Attributes
-----------------------------------------------------------------------------
A2O1A1Ixp33_ASAP7_75t_R asap7sc7p5t_AO_RVT_TT_nldm_211120     0.087480       8     0.699840
AND2x2_ASAP7_75t_R asap7sc7p5t_SIMPLE_RVT_TT_nldm_211120     0.087480      16     1.399680
AND2x4_ASAP7_75t_R asap7sc7p5t_SIMPLE_RVT_TT_nldm_211120     0.145800       1     0.145800
AND3x1_ASAP7_75t_R asap7sc7p5t_SIMPLE_RVT_TT_nldm_211120     0.087480       5     0.437400
AND3x2_ASAP7_75t_R asap7sc7p5t_SIMPLE_RVT_TT_nldm_211120     0.102060       1     0.102060
AO21x1_ASAP7_75t_R asap7sc7p5t_AO_RVT_TT_nldm_211120     0.087480       1     0.087480
AO21x2_ASAP7_75t_R asap7sc7p5t_AO_RVT_TT_nldm_211120     0.102060       1     0.102060
AOI21xp5_ASAP7_75t_R asap7sc7p5t_AO_RVT_TT_nldm_211120     0.072900       3     0.218700
AOI21xp33_ASAP7_75t_R asap7sc7p5t_AO_RVT_TT_nldm_211120     0.072900       5     0.364500
AOI22x1_ASAP7_75t_R asap7sc7p5t_AO_RVT_TT_nldm_211120     0.145800       1     0.145800
AOI22xp5_ASAP7_75t_R asap7sc7p5t_AO_RVT_TT_nldm_211120     0.087480       4     0.349920
AOI22xp33_ASAP7_75t_R asap7sc7p5t_AO_RVT_TT_nldm_211120     0.087480      14     1.224720
AOI31xp33_ASAP7_75t_R asap7sc7p5t_AO_RVT_TT_nldm_211120     0.087480       3     0.262440
AOI31xp67_ASAP7_75t_R asap7sc7p5t_AO_RVT_TT_nldm_211120     0.189540       1     0.189540
AOI32xp33_ASAP7_75t_R asap7sc7p5t_AO_RVT_TT_nldm_211120     0.102060       1     0.102060
AOI211x1_ASAP7_75t_R asap7sc7p5t_AO_RVT_TT_nldm_211120     0.174960       2     0.349920
AOI211xp5_ASAP7_75t_R asap7sc7p5t_AO_RVT_TT_nldm_211120     0.087480       5     0.437400
AOI221xp5_ASAP7_75t_R asap7sc7p5t_AO_RVT_TT_nldm_211120     0.102060       6     0.612360
AOI311xp33_ASAP7_75t_R asap7sc7p5t_AO_RVT_TT_nldm_211120     0.102060       1     0.102060
AOI321xp33_ASAP7_75t_R asap7sc7p5t_AO_RVT_TT_nldm_211120     0.116640       3     0.349920
BUFx3_ASAP7_75t_R  asap7sc7p5t_INVBUF_RVT_TT_nldm_211120     0.087480       5     0.437400
BUFx6f_ASAP7_75t_R asap7sc7p5t_INVBUF_RVT_TT_nldm_211120     0.145800       1     0.145800
BUFx8_ASAP7_75t_R  asap7sc7p5t_INVBUF_RVT_TT_nldm_211120     0.174960       2     0.349920
DFFASRHQNx1_ASAP7_75t_R asap7sc7p5t_SEQ_RVT_TT_nldm_220123     0.379080      17     6.444360 n
FAx1_ASAP7_75t_R   asap7sc7p5t_SIMPLE_RVT_TT_nldm_211120     0.204120       1     0.204120 r
HB1xp67_ASAP7_75t_R asap7sc7p5t_INVBUF_RVT_TT_nldm_211120     0.058320       3     0.174960
INVx1_ASAP7_75t_R  asap7sc7p5t_INVBUF_RVT_TT_nldm_211120     0.043740     190     8.310600
INVx2_ASAP7_75t_R  asap7sc7p5t_INVBUF_RVT_TT_nldm_211120     0.058320      22     1.283040
INVx3_ASAP7_75t_R  asap7sc7p5t_INVBUF_RVT_TT_nldm_211120     0.072900       4     0.291600
INVx4_ASAP7_75t_R  asap7sc7p5t_INVBUF_RVT_TT_nldm_211120     0.087480       3     0.262440
INVx5_ASAP7_75t_R  asap7sc7p5t_INVBUF_RVT_TT_nldm_211120     0.102060       1     0.102060
INVxp33_ASAP7_75t_R asap7sc7p5t_INVBUF_RVT_TT_nldm_211120     0.043740       8     0.349920
INVxp67_ASAP7_75t_R asap7sc7p5t_INVBUF_RVT_TT_nldm_211120     0.043740      10     0.437400
NAND2x1_ASAP7_75t_R asap7sc7p5t_SIMPLE_RVT_TT_nldm_211120     0.087480       6     0.524880
NAND2x1p5_ASAP7_75t_R asap7sc7p5t_SIMPLE_RVT_TT_nldm_211120     0.116640       7     0.816480
NAND2x2_ASAP7_75t_R asap7sc7p5t_SIMPLE_RVT_TT_nldm_211120     0.145800       1     0.145800
NAND2xp5_ASAP7_75t_R asap7sc7p5t_SIMPLE_RVT_TT_nldm_211120     0.058320     140     8.164800
NAND2xp33_ASAP7_75t_R asap7sc7p5t_SIMPLE_RVT_TT_nldm_211120     0.058320      20     1.166400
NAND3x1_ASAP7_75t_R asap7sc7p5t_SIMPLE_RVT_TT_nldm_211120     0.160380       2     0.320760
NAND3xp33_ASAP7_75t_R asap7sc7p5t_SIMPLE_RVT_TT_nldm_211120     0.072900      29     2.114100
NAND4xp25_ASAP7_75t_R asap7sc7p5t_SIMPLE_RVT_TT_nldm_211120     0.087480       1     0.087480
NAND4xp75_ASAP7_75t_R asap7sc7p5t_SIMPLE_RVT_TT_nldm_211120     0.204120       1     0.204120
NAND5xp2_ASAP7_75t_R asap7sc7p5t_SIMPLE_RVT_TT_nldm_211120     0.102060       4     0.408240
NOR2x1_ASAP7_75t_R asap7sc7p5t_SIMPLE_RVT_TT_nldm_211120     0.087480       8     0.699840
NOR2xp33_ASAP7_75t_R asap7sc7p5t_SIMPLE_RVT_TT_nldm_211120     0.058320      16     0.933120
NOR2xp67_ASAP7_75t_R asap7sc7p5t_SIMPLE_RVT_TT_nldm_211120     0.087480       1     0.087480
NOR3xp33_ASAP7_75t_R asap7sc7p5t_SIMPLE_RVT_TT_nldm_211120     0.072900       1     0.072900
NOR4xp25_ASAP7_75t_R asap7sc7p5t_SIMPLE_RVT_TT_nldm_211120     0.087480       4     0.349920
NOR5xp2_ASAP7_75t_R asap7sc7p5t_SIMPLE_RVT_TT_nldm_211120     0.102060       6     0.612360
O2A1O1Ixp5_ASAP7_75t_R asap7sc7p5t_OA_RVT_TT_nldm_211120     0.116640       2     0.233280
O2A1O1Ixp33_ASAP7_75t_R asap7sc7p5t_OA_RVT_TT_nldm_211120     0.087480       3     0.262440
OA21x2_ASAP7_75t_R asap7sc7p5t_OA_RVT_TT_nldm_211120     0.102060       7     0.714420
OA22x2_ASAP7_75t_R asap7sc7p5t_OA_RVT_TT_nldm_211120     0.145800       1     0.145800
OA331x1_ASAP7_75t_R asap7sc7p5t_OA_RVT_TT_nldm_211120     0.145800       1     0.145800
OAI21x1_ASAP7_75t_R asap7sc7p5t_OA_RVT_TT_nldm_211120     0.116640       4     0.466560
OAI21xp5_ASAP7_75t_R asap7sc7p5t_OA_RVT_TT_nldm_211120     0.072900      41     2.988900
OAI21xp33_ASAP7_75t_R asap7sc7p5t_OA_RVT_TT_nldm_211120     0.072900      14     1.020600
OAI22x1_ASAP7_75t_R asap7sc7p5t_OA_RVT_TT_nldm_211120     0.145800       2     0.291600
OAI22xp5_ASAP7_75t_R asap7sc7p5t_OA_RVT_TT_nldm_211120     0.087480      35     3.061800
OAI22xp33_ASAP7_75t_R asap7sc7p5t_OA_RVT_TT_nldm_211120     0.087480      17     1.487160
OAI31xp33_ASAP7_75t_R asap7sc7p5t_OA_RVT_TT_nldm_211120     0.087480       3     0.262440
OAI31xp67_ASAP7_75t_R asap7sc7p5t_OA_RVT_TT_nldm_211120     0.189540       3     0.568620
OAI32xp33_ASAP7_75t_R asap7sc7p5t_OA_RVT_TT_nldm_211120     0.102060       1     0.102060
OAI33xp33_ASAP7_75t_R asap7sc7p5t_OA_RVT_TT_nldm_211120     0.116640       1     0.116640
OAI211xp5_ASAP7_75t_R asap7sc7p5t_OA_RVT_TT_nldm_211120     0.087480      18     1.574640
OAI221xp5_ASAP7_75t_R asap7sc7p5t_OA_RVT_TT_nldm_211120     0.102060       9     0.918540
OAI222xp33_ASAP7_75t_R asap7sc7p5t_OA_RVT_TT_nldm_211120     0.145800       4     0.583200
OAI311xp33_ASAP7_75t_R asap7sc7p5t_OA_RVT_TT_nldm_211120     0.102060       3     0.306180
OAI321xp33_ASAP7_75t_R asap7sc7p5t_OA_RVT_TT_nldm_211120     0.116640       5     0.583200
OR2x2_ASAP7_75t_R  asap7sc7p5t_SIMPLE_RVT_TT_nldm_211120     0.087480       2     0.174960
OR3x1_ASAP7_75t_R  asap7sc7p5t_SIMPLE_RVT_TT_nldm_211120     0.087480       1     0.087480
OR4x2_ASAP7_75t_R  asap7sc7p5t_SIMPLE_RVT_TT_nldm_211120     0.116640       1     0.116640
TIEHIx1_ASAP7_75t_R asap7sc7p5t_SIMPLE_RVT_TT_nldm_211120     0.043740       1     0.043740
TIELOx1_ASAP7_75t_R asap7sc7p5t_SIMPLE_RVT_TT_nldm_211120     0.043740       1     0.043740
XNOR2x1_ASAP7_75t_R asap7sc7p5t_SIMPLE_RVT_TT_nldm_211120     0.174960       3     0.524880
XNOR2x2_ASAP7_75t_R asap7sc7p5t_SIMPLE_RVT_TT_nldm_211120     0.160380       1     0.160380
XOR2x1_ASAP7_75t_R asap7sc7p5t_SIMPLE_RVT_TT_nldm_211120     0.174960       2     0.349920
XOR2x2_ASAP7_75t_R asap7sc7p5t_SIMPLE_RVT_TT_nldm_211120     0.160380       2     0.320760
XOR2xp5_ASAP7_75t_R asap7sc7p5t_SIMPLE_RVT_TT_nldm_211120     0.131220       7     0.918540
fp16_add_11_DW01_add_J8_0         7.508700       1      7.508700  h
fp16_add_11_DW01_sub_J14_0        8.485560       1      8.485560  h
-----------------------------------------------------------------------------
Total 81 references                                    77.755140

****************************************
Design: fp16_add_11_DW01_add_J8_0 
****************************************
Reference          Library       Unit Area   Count    Total Area   Attributes
-----------------------------------------------------------------------------
AND2x2_ASAP7_75t_R asap7sc7p5t_SIMPLE_RVT_TT_nldm_211120     0.087480       3     0.262440
AOI21xp5_ASAP7_75t_R asap7sc7p5t_AO_RVT_TT_nldm_211120     0.072900       2     0.145800
AOI22xp33_ASAP7_75t_R asap7sc7p5t_AO_RVT_TT_nldm_211120     0.087480       1     0.087480
AOI31xp67_ASAP7_75t_R asap7sc7p5t_AO_RVT_TT_nldm_211120     0.189540       1     0.189540
AOI211x1_ASAP7_75t_R asap7sc7p5t_AO_RVT_TT_nldm_211120     0.174960       1     0.174960
INVx1_ASAP7_75t_R  asap7sc7p5t_INVBUF_RVT_TT_nldm_211120     0.043740      21     0.918540
INVxp67_ASAP7_75t_R asap7sc7p5t_INVBUF_RVT_TT_nldm_211120     0.043740       3     0.131220
NAND2xp5_ASAP7_75t_R asap7sc7p5t_SIMPLE_RVT_TT_nldm_211120     0.058320      24     1.399680
NAND2xp33_ASAP7_75t_R asap7sc7p5t_SIMPLE_RVT_TT_nldm_211120     0.058320       1     0.058320
NAND3xp33_ASAP7_75t_R asap7sc7p5t_SIMPLE_RVT_TT_nldm_211120     0.072900       2     0.145800
NOR2x1_ASAP7_75t_R asap7sc7p5t_SIMPLE_RVT_TT_nldm_211120     0.087480       2     0.174960
NOR2xp33_ASAP7_75t_R asap7sc7p5t_SIMPLE_RVT_TT_nldm_211120     0.058320       3     0.174960
OA21x2_ASAP7_75t_R asap7sc7p5t_OA_RVT_TT_nldm_211120     0.102060       1     0.102060
OA31x2_ASAP7_75t_R asap7sc7p5t_OA_RVT_TT_nldm_211120     0.218700       1     0.218700
OAI21xp5_ASAP7_75t_R asap7sc7p5t_OA_RVT_TT_nldm_211120     0.072900       5     0.364500
OAI21xp33_ASAP7_75t_R asap7sc7p5t_OA_RVT_TT_nldm_211120     0.072900       2     0.145800
OAI22xp5_ASAP7_75t_R asap7sc7p5t_OA_RVT_TT_nldm_211120     0.087480       1     0.087480
OAI31xp67_ASAP7_75t_R asap7sc7p5t_OA_RVT_TT_nldm_211120     0.189540       1     0.189540
OR2x2_ASAP7_75t_R  asap7sc7p5t_SIMPLE_RVT_TT_nldm_211120     0.087480      11     0.962280
XNOR2xp5_ASAP7_75t_R asap7sc7p5t_SIMPLE_RVT_TT_nldm_211120     0.131220       8     1.049760
XOR2xp5_ASAP7_75t_R asap7sc7p5t_SIMPLE_RVT_TT_nldm_211120     0.131220       4     0.524880
-----------------------------------------------------------------------------
Total 21 references                                     7.508700

****************************************
Design: fp16_add_11_DW01_sub_J14_0 
****************************************
Reference          Library       Unit Area   Count    Total Area   Attributes
-----------------------------------------------------------------------------
AND2x2_ASAP7_75t_R asap7sc7p5t_SIMPLE_RVT_TT_nldm_211120     0.087480       2     0.174960
AOI21x1_ASAP7_75t_R asap7sc7p5t_AO_RVT_TT_nldm_211120     0.116640       1     0.116640
AOI21xp5_ASAP7_75t_R asap7sc7p5t_AO_RVT_TT_nldm_211120     0.072900       1     0.072900
AOI21xp33_ASAP7_75t_R asap7sc7p5t_AO_RVT_TT_nldm_211120     0.072900       1     0.072900
AOI221x1_ASAP7_75t_R asap7sc7p5t_AO_RVT_TT_nldm_211120     0.204120       2     0.408240
INVx1_ASAP7_75t_R  asap7sc7p5t_INVBUF_RVT_TT_nldm_211120     0.043740      41     1.793340
INVxp33_ASAP7_75t_R asap7sc7p5t_INVBUF_RVT_TT_nldm_211120     0.043740       1     0.043740
INVxp67_ASAP7_75t_R asap7sc7p5t_INVBUF_RVT_TT_nldm_211120     0.043740       3     0.131220
NAND2x1p5_ASAP7_75t_R asap7sc7p5t_SIMPLE_RVT_TT_nldm_211120     0.116640       1     0.116640
NAND2xp5_ASAP7_75t_R asap7sc7p5t_SIMPLE_RVT_TT_nldm_211120     0.058320      35     2.041200
NAND2xp33_ASAP7_75t_R asap7sc7p5t_SIMPLE_RVT_TT_nldm_211120     0.058320       1     0.058320
NOR2x1_ASAP7_75t_R asap7sc7p5t_SIMPLE_RVT_TT_nldm_211120     0.087480       4     0.349920
NOR2xp33_ASAP7_75t_R asap7sc7p5t_SIMPLE_RVT_TT_nldm_211120     0.058320       2     0.116640
OA21x2_ASAP7_75t_R asap7sc7p5t_OA_RVT_TT_nldm_211120     0.102060       1     0.102060
OAI21x1_ASAP7_75t_R asap7sc7p5t_OA_RVT_TT_nldm_211120     0.116640       2     0.233280
OAI21xp5_ASAP7_75t_R asap7sc7p5t_OA_RVT_TT_nldm_211120     0.072900       5     0.364500
OAI21xp33_ASAP7_75t_R asap7sc7p5t_OA_RVT_TT_nldm_211120     0.072900       4     0.291600
XNOR2xp5_ASAP7_75t_R asap7sc7p5t_SIMPLE_RVT_TT_nldm_211120     0.131220       9     1.180980
XOR2x2_ASAP7_75t_R asap7sc7p5t_SIMPLE_RVT_TT_nldm_211120     0.160380       1     0.160380
XOR2xp5_ASAP7_75t_R asap7sc7p5t_SIMPLE_RVT_TT_nldm_211120     0.131220       5     0.656100
-----------------------------------------------------------------------------
Total 20 references                                     8.485560

****************************************
Design: fp16_add_12 
****************************************
Reference          Library       Unit Area   Count    Total Area   Attributes
-----------------------------------------------------------------------------
A2O1A1Ixp33_ASAP7_75t_R asap7sc7p5t_AO_RVT_TT_nldm_211120     0.087480      12     1.049760
AND2x2_ASAP7_75t_R asap7sc7p5t_SIMPLE_RVT_TT_nldm_211120     0.087480      11     0.962280
AND2x4_ASAP7_75t_R asap7sc7p5t_SIMPLE_RVT_TT_nldm_211120     0.145800       2     0.291600
AND3x1_ASAP7_75t_R asap7sc7p5t_SIMPLE_RVT_TT_nldm_211120     0.087480       3     0.262440
AND3x2_ASAP7_75t_R asap7sc7p5t_SIMPLE_RVT_TT_nldm_211120     0.102060       2     0.204120
AND5x1_ASAP7_75t_R asap7sc7p5t_SIMPLE_RVT_TT_nldm_211120     0.116640       1     0.116640
AO21x2_ASAP7_75t_R asap7sc7p5t_AO_RVT_TT_nldm_211120     0.102060       1     0.102060
AO22x1_ASAP7_75t_R asap7sc7p5t_AO_RVT_TT_nldm_211120     0.131220       1     0.131220
AOI21x1_ASAP7_75t_R asap7sc7p5t_AO_RVT_TT_nldm_211120     0.116640       1     0.116640
AOI21xp5_ASAP7_75t_R asap7sc7p5t_AO_RVT_TT_nldm_211120     0.072900       1     0.072900
AOI21xp33_ASAP7_75t_R asap7sc7p5t_AO_RVT_TT_nldm_211120     0.072900       4     0.291600
AOI22x1_ASAP7_75t_R asap7sc7p5t_AO_RVT_TT_nldm_211120     0.145800       1     0.145800
AOI22xp5_ASAP7_75t_R asap7sc7p5t_AO_RVT_TT_nldm_211120     0.087480       3     0.262440
AOI22xp33_ASAP7_75t_R asap7sc7p5t_AO_RVT_TT_nldm_211120     0.087480       8     0.699840
AOI31xp33_ASAP7_75t_R asap7sc7p5t_AO_RVT_TT_nldm_211120     0.087480       2     0.174960
AOI211x1_ASAP7_75t_R asap7sc7p5t_AO_RVT_TT_nldm_211120     0.174960       3     0.524880
AOI211xp5_ASAP7_75t_R asap7sc7p5t_AO_RVT_TT_nldm_211120     0.087480       3     0.262440
AOI221x1_ASAP7_75t_R asap7sc7p5t_AO_RVT_TT_nldm_211120     0.204120       1     0.204120
AOI221xp5_ASAP7_75t_R asap7sc7p5t_AO_RVT_TT_nldm_211120     0.102060       5     0.510300
AOI321xp33_ASAP7_75t_R asap7sc7p5t_AO_RVT_TT_nldm_211120     0.116640       4     0.466560
BUFx2_ASAP7_75t_R  asap7sc7p5t_INVBUF_RVT_TT_nldm_211120     0.072900       1     0.072900
BUFx3_ASAP7_75t_R  asap7sc7p5t_INVBUF_RVT_TT_nldm_211120     0.087480       7     0.612360
BUFx6f_ASAP7_75t_R asap7sc7p5t_INVBUF_RVT_TT_nldm_211120     0.145800       1     0.145800
BUFx8_ASAP7_75t_R  asap7sc7p5t_INVBUF_RVT_TT_nldm_211120     0.174960       2     0.349920
DFFASRHQNx1_ASAP7_75t_R asap7sc7p5t_SEQ_RVT_TT_nldm_220123     0.379080      17     6.444360 n
FAx1_ASAP7_75t_R   asap7sc7p5t_SIMPLE_RVT_TT_nldm_211120     0.204120       1     0.204120 r
HB1xp67_ASAP7_75t_R asap7sc7p5t_INVBUF_RVT_TT_nldm_211120     0.058320       2     0.116640
INVx1_ASAP7_75t_R  asap7sc7p5t_INVBUF_RVT_TT_nldm_211120     0.043740     169     7.392060
INVx2_ASAP7_75t_R  asap7sc7p5t_INVBUF_RVT_TT_nldm_211120     0.058320      16     0.933120
INVx3_ASAP7_75t_R  asap7sc7p5t_INVBUF_RVT_TT_nldm_211120     0.072900       3     0.218700
INVx4_ASAP7_75t_R  asap7sc7p5t_INVBUF_RVT_TT_nldm_211120     0.087480       3     0.262440
INVxp33_ASAP7_75t_R asap7sc7p5t_INVBUF_RVT_TT_nldm_211120     0.043740       9     0.393660
INVxp67_ASAP7_75t_R asap7sc7p5t_INVBUF_RVT_TT_nldm_211120     0.043740      13     0.568620
NAND2x1_ASAP7_75t_R asap7sc7p5t_SIMPLE_RVT_TT_nldm_211120     0.087480       3     0.262440
NAND2x1p5_ASAP7_75t_R asap7sc7p5t_SIMPLE_RVT_TT_nldm_211120     0.116640       6     0.699840
NAND2x2_ASAP7_75t_R asap7sc7p5t_SIMPLE_RVT_TT_nldm_211120     0.145800       1     0.145800
NAND2xp5_ASAP7_75t_R asap7sc7p5t_SIMPLE_RVT_TT_nldm_211120     0.058320     162     9.447840
NAND2xp33_ASAP7_75t_R asap7sc7p5t_SIMPLE_RVT_TT_nldm_211120     0.058320      20     1.166400
NAND2xp67_ASAP7_75t_R asap7sc7p5t_SIMPLE_RVT_TT_nldm_211120     0.087480       1     0.087480
NAND3x1_ASAP7_75t_R asap7sc7p5t_SIMPLE_RVT_TT_nldm_211120     0.160380       3     0.481140
NAND3xp33_ASAP7_75t_R asap7sc7p5t_SIMPLE_RVT_TT_nldm_211120     0.072900      34     2.478600
NAND4xp25_ASAP7_75t_R asap7sc7p5t_SIMPLE_RVT_TT_nldm_211120     0.087480       2     0.174960
NAND4xp75_ASAP7_75t_R asap7sc7p5t_SIMPLE_RVT_TT_nldm_211120     0.204120       2     0.408240
NAND5xp2_ASAP7_75t_R asap7sc7p5t_SIMPLE_RVT_TT_nldm_211120     0.102060       6     0.612360
NOR2x1_ASAP7_75t_R asap7sc7p5t_SIMPLE_RVT_TT_nldm_211120     0.087480       4     0.349920
NOR2xp33_ASAP7_75t_R asap7sc7p5t_SIMPLE_RVT_TT_nldm_211120     0.058320      23     1.341360
NOR2xp67_ASAP7_75t_R asap7sc7p5t_SIMPLE_RVT_TT_nldm_211120     0.087480       1     0.087480
NOR3xp33_ASAP7_75t_R asap7sc7p5t_SIMPLE_RVT_TT_nldm_211120     0.072900       1     0.072900
NOR4xp25_ASAP7_75t_R asap7sc7p5t_SIMPLE_RVT_TT_nldm_211120     0.087480       4     0.349920
NOR5xp2_ASAP7_75t_R asap7sc7p5t_SIMPLE_RVT_TT_nldm_211120     0.102060       4     0.408240
O2A1O1Ixp5_ASAP7_75t_R asap7sc7p5t_OA_RVT_TT_nldm_211120     0.116640       1     0.116640
O2A1O1Ixp33_ASAP7_75t_R asap7sc7p5t_OA_RVT_TT_nldm_211120     0.087480       4     0.349920
OA21x2_ASAP7_75t_R asap7sc7p5t_OA_RVT_TT_nldm_211120     0.102060       6     0.612360
OA22x2_ASAP7_75t_R asap7sc7p5t_OA_RVT_TT_nldm_211120     0.145800       3     0.437400
OA31x2_ASAP7_75t_R asap7sc7p5t_OA_RVT_TT_nldm_211120     0.218700       1     0.218700
OA211x2_ASAP7_75t_R asap7sc7p5t_OA_RVT_TT_nldm_211120     0.116640       1     0.116640
OA222x2_ASAP7_75t_R asap7sc7p5t_OA_RVT_TT_nldm_211120     0.174960       1     0.174960
OAI21x1_ASAP7_75t_R asap7sc7p5t_OA_RVT_TT_nldm_211120     0.116640       2     0.233280
OAI21xp5_ASAP7_75t_R asap7sc7p5t_OA_RVT_TT_nldm_211120     0.072900      44     3.207600
OAI21xp33_ASAP7_75t_R asap7sc7p5t_OA_RVT_TT_nldm_211120     0.072900       3     0.218700
OAI22xp5_ASAP7_75t_R asap7sc7p5t_OA_RVT_TT_nldm_211120     0.087480      23     2.012040
OAI22xp33_ASAP7_75t_R asap7sc7p5t_OA_RVT_TT_nldm_211120     0.087480      19     1.662120
OAI31xp33_ASAP7_75t_R asap7sc7p5t_OA_RVT_TT_nldm_211120     0.087480       3     0.262440
OAI31xp67_ASAP7_75t_R asap7sc7p5t_OA_RVT_TT_nldm_211120     0.189540       5     0.947700
OAI33xp33_ASAP7_75t_R asap7sc7p5t_OA_RVT_TT_nldm_211120     0.116640       1     0.116640
OAI211xp5_ASAP7_75t_R asap7sc7p5t_OA_RVT_TT_nldm_211120     0.087480      15     1.312200
OAI221xp5_ASAP7_75t_R asap7sc7p5t_OA_RVT_TT_nldm_211120     0.102060      10     1.020600
OAI222xp33_ASAP7_75t_R asap7sc7p5t_OA_RVT_TT_nldm_211120     0.145800       2     0.291600
OAI311xp33_ASAP7_75t_R asap7sc7p5t_OA_RVT_TT_nldm_211120     0.102060       6     0.612360
OAI321xp33_ASAP7_75t_R asap7sc7p5t_OA_RVT_TT_nldm_211120     0.116640       3     0.349920
OAI331xp33_ASAP7_75t_R asap7sc7p5t_OA_RVT_TT_nldm_211120     0.131220       1     0.131220
OAI332xp33_ASAP7_75t_R asap7sc7p5t_OA_RVT_TT_nldm_211120     0.145800       1     0.145800
OR2x2_ASAP7_75t_R  asap7sc7p5t_SIMPLE_RVT_TT_nldm_211120     0.087480       1     0.087480
OR3x1_ASAP7_75t_R  asap7sc7p5t_SIMPLE_RVT_TT_nldm_211120     0.087480       2     0.174960
OR4x2_ASAP7_75t_R  asap7sc7p5t_SIMPLE_RVT_TT_nldm_211120     0.116640       1     0.116640
TIEHIx1_ASAP7_75t_R asap7sc7p5t_SIMPLE_RVT_TT_nldm_211120     0.043740       1     0.043740
TIELOx1_ASAP7_75t_R asap7sc7p5t_SIMPLE_RVT_TT_nldm_211120     0.043740       1     0.043740
XNOR2x2_ASAP7_75t_R asap7sc7p5t_SIMPLE_RVT_TT_nldm_211120     0.160380       1     0.160380
XNOR2xp5_ASAP7_75t_R asap7sc7p5t_SIMPLE_RVT_TT_nldm_211120     0.131220       1     0.131220
XOR2x2_ASAP7_75t_R asap7sc7p5t_SIMPLE_RVT_TT_nldm_211120     0.160380       2     0.320760
XOR2xp5_ASAP7_75t_R asap7sc7p5t_SIMPLE_RVT_TT_nldm_211120     0.131220      10     1.312200
fp16_add_12_DW01_add_J7_0         7.348320       1      7.348320  h
fp16_add_12_DW01_sub_5            8.689680       1      8.689680  h
-----------------------------------------------------------------------------
Total 83 references                                    76.122180

****************************************
Design: fp16_add_12_DW01_add_J7_0 
****************************************
Reference          Library       Unit Area   Count    Total Area   Attributes
-----------------------------------------------------------------------------
AND2x2_ASAP7_75t_R asap7sc7p5t_SIMPLE_RVT_TT_nldm_211120     0.087480       3     0.262440
AOI21x1_ASAP7_75t_R asap7sc7p5t_AO_RVT_TT_nldm_211120     0.116640       1     0.116640
AOI21xp5_ASAP7_75t_R asap7sc7p5t_AO_RVT_TT_nldm_211120     0.072900       1     0.072900
AOI22xp5_ASAP7_75t_R asap7sc7p5t_AO_RVT_TT_nldm_211120     0.087480       1     0.087480
AOI31xp67_ASAP7_75t_R asap7sc7p5t_AO_RVT_TT_nldm_211120     0.189540       1     0.189540
AOI211x1_ASAP7_75t_R asap7sc7p5t_AO_RVT_TT_nldm_211120     0.174960       1     0.174960
INVx1_ASAP7_75t_R  asap7sc7p5t_INVBUF_RVT_TT_nldm_211120     0.043740      22     0.962280
INVxp33_ASAP7_75t_R asap7sc7p5t_INVBUF_RVT_TT_nldm_211120     0.043740       1     0.043740
NAND2xp5_ASAP7_75t_R asap7sc7p5t_SIMPLE_RVT_TT_nldm_211120     0.058320      24     1.399680
NAND2xp33_ASAP7_75t_R asap7sc7p5t_SIMPLE_RVT_TT_nldm_211120     0.058320       1     0.058320
NAND3xp33_ASAP7_75t_R asap7sc7p5t_SIMPLE_RVT_TT_nldm_211120     0.072900       2     0.145800
NOR2x1_ASAP7_75t_R asap7sc7p5t_SIMPLE_RVT_TT_nldm_211120     0.087480       1     0.087480
NOR2xp33_ASAP7_75t_R asap7sc7p5t_SIMPLE_RVT_TT_nldm_211120     0.058320       4     0.233280
OA21x2_ASAP7_75t_R asap7sc7p5t_OA_RVT_TT_nldm_211120     0.102060       1     0.102060
OAI21xp5_ASAP7_75t_R asap7sc7p5t_OA_RVT_TT_nldm_211120     0.072900       7     0.510300
OAI22xp5_ASAP7_75t_R asap7sc7p5t_OA_RVT_TT_nldm_211120     0.087480       1     0.087480
OAI31xp33_ASAP7_75t_R asap7sc7p5t_OA_RVT_TT_nldm_211120     0.087480       1     0.087480
OAI31xp67_ASAP7_75t_R asap7sc7p5t_OA_RVT_TT_nldm_211120     0.189540       1     0.189540
OR2x2_ASAP7_75t_R  asap7sc7p5t_SIMPLE_RVT_TT_nldm_211120     0.087480      11     0.962280
XNOR2xp5_ASAP7_75t_R asap7sc7p5t_SIMPLE_RVT_TT_nldm_211120     0.131220       8     1.049760
XOR2xp5_ASAP7_75t_R asap7sc7p5t_SIMPLE_RVT_TT_nldm_211120     0.131220       4     0.524880
-----------------------------------------------------------------------------
Total 21 references                                     7.348320

****************************************
Design: fp16_add_12_DW01_sub_5 
****************************************
Reference          Library       Unit Area   Count    Total Area   Attributes
-----------------------------------------------------------------------------
AND2x2_ASAP7_75t_R asap7sc7p5t_SIMPLE_RVT_TT_nldm_211120     0.087480       3     0.262440
AOI21xp5_ASAP7_75t_R asap7sc7p5t_AO_RVT_TT_nldm_211120     0.072900       1     0.072900
AOI21xp33_ASAP7_75t_R asap7sc7p5t_AO_RVT_TT_nldm_211120     0.072900       2     0.145800
AOI221x1_ASAP7_75t_R asap7sc7p5t_AO_RVT_TT_nldm_211120     0.204120       2     0.408240
AOI221xp5_ASAP7_75t_R asap7sc7p5t_AO_RVT_TT_nldm_211120     0.102060       1     0.102060
INVx1_ASAP7_75t_R  asap7sc7p5t_INVBUF_RVT_TT_nldm_211120     0.043740      34     1.487160
INVx2_ASAP7_75t_R  asap7sc7p5t_INVBUF_RVT_TT_nldm_211120     0.058320       4     0.233280
INVxp33_ASAP7_75t_R asap7sc7p5t_INVBUF_RVT_TT_nldm_211120     0.043740       4     0.174960
NAND2x1_ASAP7_75t_R asap7sc7p5t_SIMPLE_RVT_TT_nldm_211120     0.087480       2     0.174960
NAND2x1p5_ASAP7_75t_R asap7sc7p5t_SIMPLE_RVT_TT_nldm_211120     0.116640       1     0.116640
NAND2xp5_ASAP7_75t_R asap7sc7p5t_SIMPLE_RVT_TT_nldm_211120     0.058320      31     1.807920
NAND2xp33_ASAP7_75t_R asap7sc7p5t_SIMPLE_RVT_TT_nldm_211120     0.058320       4     0.233280
NOR2x1_ASAP7_75t_R asap7sc7p5t_SIMPLE_RVT_TT_nldm_211120     0.087480       1     0.087480
NOR2x1p5_ASAP7_75t_R asap7sc7p5t_SIMPLE_RVT_TT_nldm_211120     0.116640       1     0.116640
NOR2xp33_ASAP7_75t_R asap7sc7p5t_SIMPLE_RVT_TT_nldm_211120     0.058320       4     0.233280
OA21x2_ASAP7_75t_R asap7sc7p5t_OA_RVT_TT_nldm_211120     0.102060       2     0.204120
OAI21x1_ASAP7_75t_R asap7sc7p5t_OA_RVT_TT_nldm_211120     0.116640       3     0.349920
OAI21xp5_ASAP7_75t_R asap7sc7p5t_OA_RVT_TT_nldm_211120     0.072900       2     0.145800
OAI21xp33_ASAP7_75t_R asap7sc7p5t_OA_RVT_TT_nldm_211120     0.072900       5     0.364500
XNOR2xp5_ASAP7_75t_R asap7sc7p5t_SIMPLE_RVT_TT_nldm_211120     0.131220       9     1.180980
XOR2xp5_ASAP7_75t_R asap7sc7p5t_SIMPLE_RVT_TT_nldm_211120     0.131220       6     0.787320
-----------------------------------------------------------------------------
Total 21 references                                     8.689680

****************************************
Design: fp16_add_13 
****************************************
Reference          Library       Unit Area   Count    Total Area   Attributes
-----------------------------------------------------------------------------
A2O1A1Ixp33_ASAP7_75t_R asap7sc7p5t_AO_RVT_TT_nldm_211120     0.087480      12     1.049760
AND2x2_ASAP7_75t_R asap7sc7p5t_SIMPLE_RVT_TT_nldm_211120     0.087480       7     0.612360
AND2x4_ASAP7_75t_R asap7sc7p5t_SIMPLE_RVT_TT_nldm_211120     0.145800       2     0.291600
AND3x1_ASAP7_75t_R asap7sc7p5t_SIMPLE_RVT_TT_nldm_211120     0.087480       5     0.437400
AND3x2_ASAP7_75t_R asap7sc7p5t_SIMPLE_RVT_TT_nldm_211120     0.102060       2     0.204120
AND5x1_ASAP7_75t_R asap7sc7p5t_SIMPLE_RVT_TT_nldm_211120     0.116640       1     0.116640
AO21x1_ASAP7_75t_R asap7sc7p5t_AO_RVT_TT_nldm_211120     0.087480       1     0.087480
AO22x1_ASAP7_75t_R asap7sc7p5t_AO_RVT_TT_nldm_211120     0.131220       1     0.131220
AOI21x1_ASAP7_75t_R asap7sc7p5t_AO_RVT_TT_nldm_211120     0.116640       1     0.116640
AOI21xp5_ASAP7_75t_R asap7sc7p5t_AO_RVT_TT_nldm_211120     0.072900       2     0.145800
AOI21xp33_ASAP7_75t_R asap7sc7p5t_AO_RVT_TT_nldm_211120     0.072900       3     0.218700
AOI22xp5_ASAP7_75t_R asap7sc7p5t_AO_RVT_TT_nldm_211120     0.087480       1     0.087480
AOI22xp33_ASAP7_75t_R asap7sc7p5t_AO_RVT_TT_nldm_211120     0.087480      11     0.962280
AOI31xp33_ASAP7_75t_R asap7sc7p5t_AO_RVT_TT_nldm_211120     0.087480       2     0.174960
AOI211x1_ASAP7_75t_R asap7sc7p5t_AO_RVT_TT_nldm_211120     0.174960       1     0.174960
AOI211xp5_ASAP7_75t_R asap7sc7p5t_AO_RVT_TT_nldm_211120     0.087480       5     0.437400
AOI221x1_ASAP7_75t_R asap7sc7p5t_AO_RVT_TT_nldm_211120     0.204120       2     0.408240
AOI221xp5_ASAP7_75t_R asap7sc7p5t_AO_RVT_TT_nldm_211120     0.102060       3     0.306180
AOI321xp33_ASAP7_75t_R asap7sc7p5t_AO_RVT_TT_nldm_211120     0.116640       4     0.466560
BUFx2_ASAP7_75t_R  asap7sc7p5t_INVBUF_RVT_TT_nldm_211120     0.072900       1     0.072900
BUFx3_ASAP7_75t_R  asap7sc7p5t_INVBUF_RVT_TT_nldm_211120     0.087480       3     0.262440
BUFx6f_ASAP7_75t_R asap7sc7p5t_INVBUF_RVT_TT_nldm_211120     0.145800       2     0.291600
BUFx8_ASAP7_75t_R  asap7sc7p5t_INVBUF_RVT_TT_nldm_211120     0.174960       2     0.349920
DFFASRHQNx1_ASAP7_75t_R asap7sc7p5t_SEQ_RVT_TT_nldm_220123     0.379080      17     6.444360 n
FAx1_ASAP7_75t_R   asap7sc7p5t_SIMPLE_RVT_TT_nldm_211120     0.204120       1     0.204120 r
HB1xp67_ASAP7_75t_R asap7sc7p5t_INVBUF_RVT_TT_nldm_211120     0.058320       6     0.349920
INVx1_ASAP7_75t_R  asap7sc7p5t_INVBUF_RVT_TT_nldm_211120     0.043740     165     7.217100
INVx2_ASAP7_75t_R  asap7sc7p5t_INVBUF_RVT_TT_nldm_211120     0.058320      23     1.341360
INVx3_ASAP7_75t_R  asap7sc7p5t_INVBUF_RVT_TT_nldm_211120     0.072900       5     0.364500
INVx4_ASAP7_75t_R  asap7sc7p5t_INVBUF_RVT_TT_nldm_211120     0.087480       2     0.174960
INVxp33_ASAP7_75t_R asap7sc7p5t_INVBUF_RVT_TT_nldm_211120     0.043740       8     0.349920
INVxp67_ASAP7_75t_R asap7sc7p5t_INVBUF_RVT_TT_nldm_211120     0.043740      11     0.481140
NAND2x1_ASAP7_75t_R asap7sc7p5t_SIMPLE_RVT_TT_nldm_211120     0.087480       5     0.437400
NAND2x1p5_ASAP7_75t_R asap7sc7p5t_SIMPLE_RVT_TT_nldm_211120     0.116640       9     1.049760
NAND2x2_ASAP7_75t_R asap7sc7p5t_SIMPLE_RVT_TT_nldm_211120     0.145800       1     0.145800
NAND2xp5_ASAP7_75t_R asap7sc7p5t_SIMPLE_RVT_TT_nldm_211120     0.058320     161     9.389520
NAND2xp33_ASAP7_75t_R asap7sc7p5t_SIMPLE_RVT_TT_nldm_211120     0.058320      19     1.108080
NAND3x1_ASAP7_75t_R asap7sc7p5t_SIMPLE_RVT_TT_nldm_211120     0.160380       2     0.320760
NAND3xp33_ASAP7_75t_R asap7sc7p5t_SIMPLE_RVT_TT_nldm_211120     0.072900      36     2.624400
NAND4xp25_ASAP7_75t_R asap7sc7p5t_SIMPLE_RVT_TT_nldm_211120     0.087480       3     0.262440
NAND4xp75_ASAP7_75t_R asap7sc7p5t_SIMPLE_RVT_TT_nldm_211120     0.204120       2     0.408240
NAND5xp2_ASAP7_75t_R asap7sc7p5t_SIMPLE_RVT_TT_nldm_211120     0.102060       6     0.612360
NOR2x1_ASAP7_75t_R asap7sc7p5t_SIMPLE_RVT_TT_nldm_211120     0.087480       2     0.174960
NOR2xp33_ASAP7_75t_R asap7sc7p5t_SIMPLE_RVT_TT_nldm_211120     0.058320      26     1.516320
NOR2xp67_ASAP7_75t_R asap7sc7p5t_SIMPLE_RVT_TT_nldm_211120     0.087480       1     0.087480
NOR3xp33_ASAP7_75t_R asap7sc7p5t_SIMPLE_RVT_TT_nldm_211120     0.072900       1     0.072900
NOR4xp25_ASAP7_75t_R asap7sc7p5t_SIMPLE_RVT_TT_nldm_211120     0.087480       4     0.349920
NOR5xp2_ASAP7_75t_R asap7sc7p5t_SIMPLE_RVT_TT_nldm_211120     0.102060       4     0.408240
O2A1O1Ixp5_ASAP7_75t_R asap7sc7p5t_OA_RVT_TT_nldm_211120     0.116640       1     0.116640
O2A1O1Ixp33_ASAP7_75t_R asap7sc7p5t_OA_RVT_TT_nldm_211120     0.087480       4     0.349920
OA21x2_ASAP7_75t_R asap7sc7p5t_OA_RVT_TT_nldm_211120     0.102060       6     0.612360
OA22x2_ASAP7_75t_R asap7sc7p5t_OA_RVT_TT_nldm_211120     0.145800       3     0.437400
OA31x2_ASAP7_75t_R asap7sc7p5t_OA_RVT_TT_nldm_211120     0.218700       1     0.218700
OA211x2_ASAP7_75t_R asap7sc7p5t_OA_RVT_TT_nldm_211120     0.116640       1     0.116640
OAI21x1_ASAP7_75t_R asap7sc7p5t_OA_RVT_TT_nldm_211120     0.116640       1     0.116640
OAI21xp5_ASAP7_75t_R asap7sc7p5t_OA_RVT_TT_nldm_211120     0.072900      44     3.207600
OAI21xp33_ASAP7_75t_R asap7sc7p5t_OA_RVT_TT_nldm_211120     0.072900       4     0.291600
OAI22xp5_ASAP7_75t_R asap7sc7p5t_OA_RVT_TT_nldm_211120     0.087480      20     1.749600
OAI22xp33_ASAP7_75t_R asap7sc7p5t_OA_RVT_TT_nldm_211120     0.087480      22     1.924560
OAI31xp33_ASAP7_75t_R asap7sc7p5t_OA_RVT_TT_nldm_211120     0.087480       3     0.262440
OAI31xp67_ASAP7_75t_R asap7sc7p5t_OA_RVT_TT_nldm_211120     0.189540       5     0.947700
OAI33xp33_ASAP7_75t_R asap7sc7p5t_OA_RVT_TT_nldm_211120     0.116640       1     0.116640
OAI211xp5_ASAP7_75t_R asap7sc7p5t_OA_RVT_TT_nldm_211120     0.087480      17     1.487160
OAI221xp5_ASAP7_75t_R asap7sc7p5t_OA_RVT_TT_nldm_211120     0.102060      10     1.020600
OAI222xp33_ASAP7_75t_R asap7sc7p5t_OA_RVT_TT_nldm_211120     0.145800       3     0.437400
OAI311xp33_ASAP7_75t_R asap7sc7p5t_OA_RVT_TT_nldm_211120     0.102060       6     0.612360
OAI321xp33_ASAP7_75t_R asap7sc7p5t_OA_RVT_TT_nldm_211120     0.116640       3     0.349920
OAI331xp33_ASAP7_75t_R asap7sc7p5t_OA_RVT_TT_nldm_211120     0.131220       1     0.131220
OAI332xp33_ASAP7_75t_R asap7sc7p5t_OA_RVT_TT_nldm_211120     0.145800       1     0.145800
OR2x2_ASAP7_75t_R  asap7sc7p5t_SIMPLE_RVT_TT_nldm_211120     0.087480       2     0.174960
OR3x1_ASAP7_75t_R  asap7sc7p5t_SIMPLE_RVT_TT_nldm_211120     0.087480       2     0.174960
OR4x2_ASAP7_75t_R  asap7sc7p5t_SIMPLE_RVT_TT_nldm_211120     0.116640       1     0.116640
TIEHIx1_ASAP7_75t_R asap7sc7p5t_SIMPLE_RVT_TT_nldm_211120     0.043740       1     0.043740
TIELOx1_ASAP7_75t_R asap7sc7p5t_SIMPLE_RVT_TT_nldm_211120     0.043740       1     0.043740
XNOR2x2_ASAP7_75t_R asap7sc7p5t_SIMPLE_RVT_TT_nldm_211120     0.160380       2     0.320760
XOR2x1_ASAP7_75t_R asap7sc7p5t_SIMPLE_RVT_TT_nldm_211120     0.174960       2     0.349920
XOR2x2_ASAP7_75t_R asap7sc7p5t_SIMPLE_RVT_TT_nldm_211120     0.160380       4     0.641520
XOR2xp5_ASAP7_75t_R asap7sc7p5t_SIMPLE_RVT_TT_nldm_211120     0.131220       6     0.787320
fp16_add_13_DW01_add_2            7.406640       1      7.406640  h
fp16_add_13_DW01_sub_J14_0        8.514720       1      8.514720  h
-----------------------------------------------------------------------------
Total 80 references                                    76.530420

****************************************
Design: fp16_add_13_DW01_add_2 
****************************************
Reference          Library       Unit Area   Count    Total Area   Attributes
-----------------------------------------------------------------------------
AND2x2_ASAP7_75t_R asap7sc7p5t_SIMPLE_RVT_TT_nldm_211120     0.087480       2     0.174960
AOI21x1_ASAP7_75t_R asap7sc7p5t_AO_RVT_TT_nldm_211120     0.116640       1     0.116640
AOI21xp5_ASAP7_75t_R asap7sc7p5t_AO_RVT_TT_nldm_211120     0.072900       1     0.072900
AOI22xp5_ASAP7_75t_R asap7sc7p5t_AO_RVT_TT_nldm_211120     0.087480       1     0.087480
AOI31xp67_ASAP7_75t_R asap7sc7p5t_AO_RVT_TT_nldm_211120     0.189540       1     0.189540
AOI211x1_ASAP7_75t_R asap7sc7p5t_AO_RVT_TT_nldm_211120     0.174960       1     0.174960
INVx1_ASAP7_75t_R  asap7sc7p5t_INVBUF_RVT_TT_nldm_211120     0.043740      21     0.918540
INVxp33_ASAP7_75t_R asap7sc7p5t_INVBUF_RVT_TT_nldm_211120     0.043740       1     0.043740
NAND2xp5_ASAP7_75t_R asap7sc7p5t_SIMPLE_RVT_TT_nldm_211120     0.058320      25     1.458000
NAND2xp33_ASAP7_75t_R asap7sc7p5t_SIMPLE_RVT_TT_nldm_211120     0.058320       1     0.058320
NAND3xp33_ASAP7_75t_R asap7sc7p5t_SIMPLE_RVT_TT_nldm_211120     0.072900       2     0.145800
NOR2x1_ASAP7_75t_R asap7sc7p5t_SIMPLE_RVT_TT_nldm_211120     0.087480       2     0.174960
NOR2xp33_ASAP7_75t_R asap7sc7p5t_SIMPLE_RVT_TT_nldm_211120     0.058320       4     0.233280
OA21x2_ASAP7_75t_R asap7sc7p5t_OA_RVT_TT_nldm_211120     0.102060       1     0.102060
OA31x2_ASAP7_75t_R asap7sc7p5t_OA_RVT_TT_nldm_211120     0.218700       1     0.218700
OAI21xp5_ASAP7_75t_R asap7sc7p5t_OA_RVT_TT_nldm_211120     0.072900       7     0.510300
OAI22xp5_ASAP7_75t_R asap7sc7p5t_OA_RVT_TT_nldm_211120     0.087480       1     0.087480
OAI31xp67_ASAP7_75t_R asap7sc7p5t_OA_RVT_TT_nldm_211120     0.189540       1     0.189540
OR2x2_ASAP7_75t_R  asap7sc7p5t_SIMPLE_RVT_TT_nldm_211120     0.087480      10     0.874800
XNOR2xp5_ASAP7_75t_R asap7sc7p5t_SIMPLE_RVT_TT_nldm_211120     0.131220       8     1.049760
XOR2xp5_ASAP7_75t_R asap7sc7p5t_SIMPLE_RVT_TT_nldm_211120     0.131220       4     0.524880
-----------------------------------------------------------------------------
Total 21 references                                     7.406640

****************************************
Design: fp16_add_13_DW01_sub_J14_0 
****************************************
Reference          Library       Unit Area   Count    Total Area   Attributes
-----------------------------------------------------------------------------
AND2x2_ASAP7_75t_R asap7sc7p5t_SIMPLE_RVT_TT_nldm_211120     0.087480       3     0.262440
AOI21xp5_ASAP7_75t_R asap7sc7p5t_AO_RVT_TT_nldm_211120     0.072900       1     0.072900
AOI21xp33_ASAP7_75t_R asap7sc7p5t_AO_RVT_TT_nldm_211120     0.072900       2     0.145800
AOI221x1_ASAP7_75t_R asap7sc7p5t_AO_RVT_TT_nldm_211120     0.204120       2     0.408240
BUFx3_ASAP7_75t_R  asap7sc7p5t_INVBUF_RVT_TT_nldm_211120     0.087480       1     0.087480
INVx1_ASAP7_75t_R  asap7sc7p5t_INVBUF_RVT_TT_nldm_211120     0.043740      38     1.662120
INVx2_ASAP7_75t_R  asap7sc7p5t_INVBUF_RVT_TT_nldm_211120     0.058320       2     0.116640
INVxp33_ASAP7_75t_R asap7sc7p5t_INVBUF_RVT_TT_nldm_211120     0.043740       4     0.174960
NAND2x1_ASAP7_75t_R asap7sc7p5t_SIMPLE_RVT_TT_nldm_211120     0.087480       1     0.087480
NAND2xp5_ASAP7_75t_R asap7sc7p5t_SIMPLE_RVT_TT_nldm_211120     0.058320      33     1.924560
NAND2xp33_ASAP7_75t_R asap7sc7p5t_SIMPLE_RVT_TT_nldm_211120     0.058320       2     0.116640
NOR2x1_ASAP7_75t_R asap7sc7p5t_SIMPLE_RVT_TT_nldm_211120     0.087480       3     0.262440
NOR2x1p5_ASAP7_75t_R asap7sc7p5t_SIMPLE_RVT_TT_nldm_211120     0.116640       1     0.116640
NOR2xp33_ASAP7_75t_R asap7sc7p5t_SIMPLE_RVT_TT_nldm_211120     0.058320       2     0.116640
OA21x2_ASAP7_75t_R asap7sc7p5t_OA_RVT_TT_nldm_211120     0.102060       1     0.102060
OAI21x1_ASAP7_75t_R asap7sc7p5t_OA_RVT_TT_nldm_211120     0.116640       2     0.233280
OAI21xp5_ASAP7_75t_R asap7sc7p5t_OA_RVT_TT_nldm_211120     0.072900       5     0.364500
OAI21xp33_ASAP7_75t_R asap7sc7p5t_OA_RVT_TT_nldm_211120     0.072900       4     0.291600
XNOR2xp5_ASAP7_75t_R asap7sc7p5t_SIMPLE_RVT_TT_nldm_211120     0.131220       9     1.180980
XOR2xp5_ASAP7_75t_R asap7sc7p5t_SIMPLE_RVT_TT_nldm_211120     0.131220       6     0.787320
-----------------------------------------------------------------------------
Total 20 references                                     8.514720

****************************************
Design: fp16_add_14 
****************************************
Reference          Library       Unit Area   Count    Total Area   Attributes
-----------------------------------------------------------------------------
A2O1A1Ixp33_ASAP7_75t_R asap7sc7p5t_AO_RVT_TT_nldm_211120     0.087480      12     1.049760
AND2x2_ASAP7_75t_R asap7sc7p5t_SIMPLE_RVT_TT_nldm_211120     0.087480      12     1.049760
AND2x4_ASAP7_75t_R asap7sc7p5t_SIMPLE_RVT_TT_nldm_211120     0.145800       1     0.145800
AND3x1_ASAP7_75t_R asap7sc7p5t_SIMPLE_RVT_TT_nldm_211120     0.087480       2     0.174960
AND5x1_ASAP7_75t_R asap7sc7p5t_SIMPLE_RVT_TT_nldm_211120     0.116640       1     0.116640
AO21x2_ASAP7_75t_R asap7sc7p5t_AO_RVT_TT_nldm_211120     0.102060       1     0.102060
AO22x1_ASAP7_75t_R asap7sc7p5t_AO_RVT_TT_nldm_211120     0.131220       1     0.131220
AOI21x1_ASAP7_75t_R asap7sc7p5t_AO_RVT_TT_nldm_211120     0.116640       2     0.233280
AOI21xp33_ASAP7_75t_R asap7sc7p5t_AO_RVT_TT_nldm_211120     0.072900       4     0.291600
AOI22xp5_ASAP7_75t_R asap7sc7p5t_AO_RVT_TT_nldm_211120     0.087480       2     0.174960
AOI22xp33_ASAP7_75t_R asap7sc7p5t_AO_RVT_TT_nldm_211120     0.087480      10     0.874800
AOI31xp33_ASAP7_75t_R asap7sc7p5t_AO_RVT_TT_nldm_211120     0.087480       2     0.174960
AOI211x1_ASAP7_75t_R asap7sc7p5t_AO_RVT_TT_nldm_211120     0.174960       1     0.174960
AOI211xp5_ASAP7_75t_R asap7sc7p5t_AO_RVT_TT_nldm_211120     0.087480       5     0.437400
AOI221x1_ASAP7_75t_R asap7sc7p5t_AO_RVT_TT_nldm_211120     0.204120       2     0.408240
AOI221xp5_ASAP7_75t_R asap7sc7p5t_AO_RVT_TT_nldm_211120     0.102060       4     0.408240
AOI321xp33_ASAP7_75t_R asap7sc7p5t_AO_RVT_TT_nldm_211120     0.116640       4     0.466560
BUFx2_ASAP7_75t_R  asap7sc7p5t_INVBUF_RVT_TT_nldm_211120     0.072900       1     0.072900
BUFx3_ASAP7_75t_R  asap7sc7p5t_INVBUF_RVT_TT_nldm_211120     0.087480       1     0.087480
BUFx6f_ASAP7_75t_R asap7sc7p5t_INVBUF_RVT_TT_nldm_211120     0.145800       3     0.437400
BUFx8_ASAP7_75t_R  asap7sc7p5t_INVBUF_RVT_TT_nldm_211120     0.174960       2     0.349920
DFFASRHQNx1_ASAP7_75t_R asap7sc7p5t_SEQ_RVT_TT_nldm_220123     0.379080      17     6.444360 n
FAx1_ASAP7_75t_R   asap7sc7p5t_SIMPLE_RVT_TT_nldm_211120     0.204120       1     0.204120 r
HB1xp67_ASAP7_75t_R asap7sc7p5t_INVBUF_RVT_TT_nldm_211120     0.058320       4     0.233280
INVx1_ASAP7_75t_R  asap7sc7p5t_INVBUF_RVT_TT_nldm_211120     0.043740     170     7.435800
INVx2_ASAP7_75t_R  asap7sc7p5t_INVBUF_RVT_TT_nldm_211120     0.058320      25     1.458000
INVx4_ASAP7_75t_R  asap7sc7p5t_INVBUF_RVT_TT_nldm_211120     0.087480       3     0.262440
INVx8_ASAP7_75t_R  asap7sc7p5t_INVBUF_RVT_TT_nldm_211120     0.145800       1     0.145800
INVxp33_ASAP7_75t_R asap7sc7p5t_INVBUF_RVT_TT_nldm_211120     0.043740      10     0.437400
INVxp67_ASAP7_75t_R asap7sc7p5t_INVBUF_RVT_TT_nldm_211120     0.043740      13     0.568620
NAND2x1_ASAP7_75t_R asap7sc7p5t_SIMPLE_RVT_TT_nldm_211120     0.087480       5     0.437400
NAND2x1p5_ASAP7_75t_R asap7sc7p5t_SIMPLE_RVT_TT_nldm_211120     0.116640       5     0.583200
NAND2x2_ASAP7_75t_R asap7sc7p5t_SIMPLE_RVT_TT_nldm_211120     0.145800       3     0.437400
NAND2xp5_ASAP7_75t_R asap7sc7p5t_SIMPLE_RVT_TT_nldm_211120     0.058320     156     9.097920
NAND2xp33_ASAP7_75t_R asap7sc7p5t_SIMPLE_RVT_TT_nldm_211120     0.058320      20     1.166400
NAND2xp67_ASAP7_75t_R asap7sc7p5t_SIMPLE_RVT_TT_nldm_211120     0.087480       2     0.174960
NAND3x1_ASAP7_75t_R asap7sc7p5t_SIMPLE_RVT_TT_nldm_211120     0.160380       3     0.481140
NAND3xp33_ASAP7_75t_R asap7sc7p5t_SIMPLE_RVT_TT_nldm_211120     0.072900      37     2.697300
NAND4xp25_ASAP7_75t_R asap7sc7p5t_SIMPLE_RVT_TT_nldm_211120     0.087480       1     0.087480
NAND4xp75_ASAP7_75t_R asap7sc7p5t_SIMPLE_RVT_TT_nldm_211120     0.204120       2     0.408240
NAND5xp2_ASAP7_75t_R asap7sc7p5t_SIMPLE_RVT_TT_nldm_211120     0.102060       6     0.612360
NOR2x1_ASAP7_75t_R asap7sc7p5t_SIMPLE_RVT_TT_nldm_211120     0.087480       3     0.262440
NOR2xp33_ASAP7_75t_R asap7sc7p5t_SIMPLE_RVT_TT_nldm_211120     0.058320      24     1.399680
NOR2xp67_ASAP7_75t_R asap7sc7p5t_SIMPLE_RVT_TT_nldm_211120     0.087480       1     0.087480
NOR3xp33_ASAP7_75t_R asap7sc7p5t_SIMPLE_RVT_TT_nldm_211120     0.072900       2     0.145800
NOR4xp25_ASAP7_75t_R asap7sc7p5t_SIMPLE_RVT_TT_nldm_211120     0.087480       4     0.349920
NOR4xp75_ASAP7_75t_R asap7sc7p5t_SIMPLE_RVT_TT_nldm_211120     0.204120       1     0.204120
NOR5xp2_ASAP7_75t_R asap7sc7p5t_SIMPLE_RVT_TT_nldm_211120     0.102060       4     0.408240
O2A1O1Ixp5_ASAP7_75t_R asap7sc7p5t_OA_RVT_TT_nldm_211120     0.116640       1     0.116640
O2A1O1Ixp33_ASAP7_75t_R asap7sc7p5t_OA_RVT_TT_nldm_211120     0.087480       4     0.349920
OA21x2_ASAP7_75t_R asap7sc7p5t_OA_RVT_TT_nldm_211120     0.102060       6     0.612360
OA22x2_ASAP7_75t_R asap7sc7p5t_OA_RVT_TT_nldm_211120     0.145800       1     0.145800
OAI21xp5_ASAP7_75t_R asap7sc7p5t_OA_RVT_TT_nldm_211120     0.072900      45     3.280500
OAI21xp33_ASAP7_75t_R asap7sc7p5t_OA_RVT_TT_nldm_211120     0.072900       4     0.291600
OAI22xp5_ASAP7_75t_R asap7sc7p5t_OA_RVT_TT_nldm_211120     0.087480      23     2.012040
OAI22xp33_ASAP7_75t_R asap7sc7p5t_OA_RVT_TT_nldm_211120     0.087480      21     1.837080
OAI31xp33_ASAP7_75t_R asap7sc7p5t_OA_RVT_TT_nldm_211120     0.087480       3     0.262440
OAI31xp67_ASAP7_75t_R asap7sc7p5t_OA_RVT_TT_nldm_211120     0.189540       6     1.137240
OAI33xp33_ASAP7_75t_R asap7sc7p5t_OA_RVT_TT_nldm_211120     0.116640       1     0.116640
OAI211xp5_ASAP7_75t_R asap7sc7p5t_OA_RVT_TT_nldm_211120     0.087480      16     1.399680
OAI221xp5_ASAP7_75t_R asap7sc7p5t_OA_RVT_TT_nldm_211120     0.102060      10     1.020600
OAI222xp33_ASAP7_75t_R asap7sc7p5t_OA_RVT_TT_nldm_211120     0.145800       3     0.437400
OAI311xp33_ASAP7_75t_R asap7sc7p5t_OA_RVT_TT_nldm_211120     0.102060       6     0.612360
OAI321xp33_ASAP7_75t_R asap7sc7p5t_OA_RVT_TT_nldm_211120     0.116640       3     0.349920
OAI331xp33_ASAP7_75t_R asap7sc7p5t_OA_RVT_TT_nldm_211120     0.131220       1     0.131220
OAI332xp33_ASAP7_75t_R asap7sc7p5t_OA_RVT_TT_nldm_211120     0.145800       1     0.145800
OR2x2_ASAP7_75t_R  asap7sc7p5t_SIMPLE_RVT_TT_nldm_211120     0.087480       1     0.087480
OR3x1_ASAP7_75t_R  asap7sc7p5t_SIMPLE_RVT_TT_nldm_211120     0.087480       1     0.087480
OR4x2_ASAP7_75t_R  asap7sc7p5t_SIMPLE_RVT_TT_nldm_211120     0.116640       1     0.116640
TIEHIx1_ASAP7_75t_R asap7sc7p5t_SIMPLE_RVT_TT_nldm_211120     0.043740       1     0.043740
TIELOx1_ASAP7_75t_R asap7sc7p5t_SIMPLE_RVT_TT_nldm_211120     0.043740       1     0.043740
XNOR2x2_ASAP7_75t_R asap7sc7p5t_SIMPLE_RVT_TT_nldm_211120     0.160380       1     0.160380
XNOR2xp5_ASAP7_75t_R asap7sc7p5t_SIMPLE_RVT_TT_nldm_211120     0.131220       1     0.131220
XOR2x1_ASAP7_75t_R asap7sc7p5t_SIMPLE_RVT_TT_nldm_211120     0.174960       1     0.174960
XOR2x2_ASAP7_75t_R asap7sc7p5t_SIMPLE_RVT_TT_nldm_211120     0.160380       4     0.641520
XOR2xp5_ASAP7_75t_R asap7sc7p5t_SIMPLE_RVT_TT_nldm_211120     0.131220       7     0.918540
fp16_add_14_DW01_add_J9_0         7.523280       1      7.523280  h
fp16_add_14_DW01_sub_5            8.587620       1      8.587620  h
-----------------------------------------------------------------------------
Total 78 references                                    76.370040

****************************************
Design: fp16_add_14_DW01_add_J9_0 
****************************************
Reference          Library       Unit Area   Count    Total Area   Attributes
-----------------------------------------------------------------------------
AND2x2_ASAP7_75t_R asap7sc7p5t_SIMPLE_RVT_TT_nldm_211120     0.087480       2     0.174960
AOI21x1_ASAP7_75t_R asap7sc7p5t_AO_RVT_TT_nldm_211120     0.116640       2     0.233280
AOI22xp5_ASAP7_75t_R asap7sc7p5t_AO_RVT_TT_nldm_211120     0.087480       1     0.087480
AOI31xp67_ASAP7_75t_R asap7sc7p5t_AO_RVT_TT_nldm_211120     0.189540       1     0.189540
AOI211x1_ASAP7_75t_R asap7sc7p5t_AO_RVT_TT_nldm_211120     0.174960       1     0.174960
BUFx3_ASAP7_75t_R  asap7sc7p5t_INVBUF_RVT_TT_nldm_211120     0.087480       1     0.087480
INVx1_ASAP7_75t_R  asap7sc7p5t_INVBUF_RVT_TT_nldm_211120     0.043740      23     1.006020
INVxp33_ASAP7_75t_R asap7sc7p5t_INVBUF_RVT_TT_nldm_211120     0.043740       1     0.043740
NAND2xp5_ASAP7_75t_R asap7sc7p5t_SIMPLE_RVT_TT_nldm_211120     0.058320      25     1.458000
NAND2xp33_ASAP7_75t_R asap7sc7p5t_SIMPLE_RVT_TT_nldm_211120     0.058320       1     0.058320
NAND3xp33_ASAP7_75t_R asap7sc7p5t_SIMPLE_RVT_TT_nldm_211120     0.072900       2     0.145800
NOR2x1_ASAP7_75t_R asap7sc7p5t_SIMPLE_RVT_TT_nldm_211120     0.087480       2     0.174960
NOR2xp33_ASAP7_75t_R asap7sc7p5t_SIMPLE_RVT_TT_nldm_211120     0.058320       3     0.174960
OA21x2_ASAP7_75t_R asap7sc7p5t_OA_RVT_TT_nldm_211120     0.102060       1     0.102060
OAI21xp5_ASAP7_75t_R asap7sc7p5t_OA_RVT_TT_nldm_211120     0.072900       7     0.510300
OAI22xp5_ASAP7_75t_R asap7sc7p5t_OA_RVT_TT_nldm_211120     0.087480       1     0.087480
OAI31xp33_ASAP7_75t_R asap7sc7p5t_OA_RVT_TT_nldm_211120     0.087480       1     0.087480
OAI31xp67_ASAP7_75t_R asap7sc7p5t_OA_RVT_TT_nldm_211120     0.189540       1     0.189540
OR2x2_ASAP7_75t_R  asap7sc7p5t_SIMPLE_RVT_TT_nldm_211120     0.087480      11     0.962280
XNOR2xp5_ASAP7_75t_R asap7sc7p5t_SIMPLE_RVT_TT_nldm_211120     0.131220       8     1.049760
XOR2xp5_ASAP7_75t_R asap7sc7p5t_SIMPLE_RVT_TT_nldm_211120     0.131220       4     0.524880
-----------------------------------------------------------------------------
Total 21 references                                     7.523280

****************************************
Design: fp16_add_14_DW01_sub_5 
****************************************
Reference          Library       Unit Area   Count    Total Area   Attributes
-----------------------------------------------------------------------------
AND2x2_ASAP7_75t_R asap7sc7p5t_SIMPLE_RVT_TT_nldm_211120     0.087480       5     0.437400
AOI21xp5_ASAP7_75t_R asap7sc7p5t_AO_RVT_TT_nldm_211120     0.072900       2     0.145800
AOI21xp33_ASAP7_75t_R asap7sc7p5t_AO_RVT_TT_nldm_211120     0.072900       1     0.072900
AOI221x1_ASAP7_75t_R asap7sc7p5t_AO_RVT_TT_nldm_211120     0.204120       2     0.408240
BUFx3_ASAP7_75t_R  asap7sc7p5t_INVBUF_RVT_TT_nldm_211120     0.087480       2     0.174960
HB1xp67_ASAP7_75t_R asap7sc7p5t_INVBUF_RVT_TT_nldm_211120     0.058320       1     0.058320
INVx1_ASAP7_75t_R  asap7sc7p5t_INVBUF_RVT_TT_nldm_211120     0.043740      35     1.530900
INVx2_ASAP7_75t_R  asap7sc7p5t_INVBUF_RVT_TT_nldm_211120     0.058320       2     0.116640
INVxp33_ASAP7_75t_R asap7sc7p5t_INVBUF_RVT_TT_nldm_211120     0.043740       2     0.087480
INVxp67_ASAP7_75t_R asap7sc7p5t_INVBUF_RVT_TT_nldm_211120     0.043740       2     0.087480
NAND2x1_ASAP7_75t_R asap7sc7p5t_SIMPLE_RVT_TT_nldm_211120     0.087480       1     0.087480
NAND2xp5_ASAP7_75t_R asap7sc7p5t_SIMPLE_RVT_TT_nldm_211120     0.058320      31     1.807920
NAND2xp33_ASAP7_75t_R asap7sc7p5t_SIMPLE_RVT_TT_nldm_211120     0.058320       3     0.174960
NAND2xp67_ASAP7_75t_R asap7sc7p5t_SIMPLE_RVT_TT_nldm_211120     0.087480       1     0.087480
NOR2x1_ASAP7_75t_R asap7sc7p5t_SIMPLE_RVT_TT_nldm_211120     0.087480       1     0.087480
NOR2xp33_ASAP7_75t_R asap7sc7p5t_SIMPLE_RVT_TT_nldm_211120     0.058320       4     0.233280
OA21x2_ASAP7_75t_R asap7sc7p5t_OA_RVT_TT_nldm_211120     0.102060       1     0.102060
OAI21x1_ASAP7_75t_R asap7sc7p5t_OA_RVT_TT_nldm_211120     0.116640       2     0.233280
OAI21xp5_ASAP7_75t_R asap7sc7p5t_OA_RVT_TT_nldm_211120     0.072900       5     0.364500
OAI21xp33_ASAP7_75t_R asap7sc7p5t_OA_RVT_TT_nldm_211120     0.072900       4     0.291600
XNOR2xp5_ASAP7_75t_R asap7sc7p5t_SIMPLE_RVT_TT_nldm_211120     0.131220       9     1.180980
XOR2x2_ASAP7_75t_R asap7sc7p5t_SIMPLE_RVT_TT_nldm_211120     0.160380       1     0.160380
XOR2xp5_ASAP7_75t_R asap7sc7p5t_SIMPLE_RVT_TT_nldm_211120     0.131220       5     0.656100
-----------------------------------------------------------------------------
Total 23 references                                     8.587620

****************************************
Design: fp16_add_15 
****************************************
Reference          Library       Unit Area   Count    Total Area   Attributes
-----------------------------------------------------------------------------
A2O1A1Ixp33_ASAP7_75t_R asap7sc7p5t_AO_RVT_TT_nldm_211120     0.087480      11     0.962280
AND2x2_ASAP7_75t_R asap7sc7p5t_SIMPLE_RVT_TT_nldm_211120     0.087480      18     1.574640
AND2x4_ASAP7_75t_R asap7sc7p5t_SIMPLE_RVT_TT_nldm_211120     0.145800       1     0.145800
AND3x1_ASAP7_75t_R asap7sc7p5t_SIMPLE_RVT_TT_nldm_211120     0.087480       3     0.262440
AND3x2_ASAP7_75t_R asap7sc7p5t_SIMPLE_RVT_TT_nldm_211120     0.102060       1     0.102060
AND4x1_ASAP7_75t_R asap7sc7p5t_SIMPLE_RVT_TT_nldm_211120     0.102060       1     0.102060
AO21x1_ASAP7_75t_R asap7sc7p5t_AO_RVT_TT_nldm_211120     0.087480       3     0.262440
AO21x2_ASAP7_75t_R asap7sc7p5t_AO_RVT_TT_nldm_211120     0.102060       1     0.102060
AO22x1_ASAP7_75t_R asap7sc7p5t_AO_RVT_TT_nldm_211120     0.131220       4     0.524880
AO31x2_ASAP7_75t_R asap7sc7p5t_AO_RVT_TT_nldm_211120     0.233280       2     0.466560
AO221x1_ASAP7_75t_R asap7sc7p5t_AO_RVT_TT_nldm_211120     0.145800       2     0.291600
AOI21x1_ASAP7_75t_R asap7sc7p5t_AO_RVT_TT_nldm_211120     0.116640       1     0.116640
AOI21xp5_ASAP7_75t_R asap7sc7p5t_AO_RVT_TT_nldm_211120     0.072900       3     0.218700
AOI21xp33_ASAP7_75t_R asap7sc7p5t_AO_RVT_TT_nldm_211120     0.072900       8     0.583200
AOI22x1_ASAP7_75t_R asap7sc7p5t_AO_RVT_TT_nldm_211120     0.145800       2     0.291600
AOI22xp5_ASAP7_75t_R asap7sc7p5t_AO_RVT_TT_nldm_211120     0.087480       4     0.349920
AOI22xp33_ASAP7_75t_R asap7sc7p5t_AO_RVT_TT_nldm_211120     0.087480       8     0.699840
AOI31xp33_ASAP7_75t_R asap7sc7p5t_AO_RVT_TT_nldm_211120     0.087480       2     0.174960
AOI211x1_ASAP7_75t_R asap7sc7p5t_AO_RVT_TT_nldm_211120     0.174960       1     0.174960
AOI211xp5_ASAP7_75t_R asap7sc7p5t_AO_RVT_TT_nldm_211120     0.087480       2     0.174960
AOI221xp5_ASAP7_75t_R asap7sc7p5t_AO_RVT_TT_nldm_211120     0.102060       4     0.408240
AOI222xp33_ASAP7_75t_R asap7sc7p5t_AO_RVT_TT_nldm_211120     0.145800       1     0.145800
AOI311xp33_ASAP7_75t_R asap7sc7p5t_AO_RVT_TT_nldm_211120     0.102060       2     0.204120
AOI321xp33_ASAP7_75t_R asap7sc7p5t_AO_RVT_TT_nldm_211120     0.116640       2     0.233280
BUFx3_ASAP7_75t_R  asap7sc7p5t_INVBUF_RVT_TT_nldm_211120     0.087480       8     0.699840
BUFx6f_ASAP7_75t_R asap7sc7p5t_INVBUF_RVT_TT_nldm_211120     0.145800       2     0.291600
BUFx8_ASAP7_75t_R  asap7sc7p5t_INVBUF_RVT_TT_nldm_211120     0.174960       2     0.349920
DFFASRHQNx1_ASAP7_75t_R asap7sc7p5t_SEQ_RVT_TT_nldm_220123     0.379080      17     6.444360 n
FAx1_ASAP7_75t_R   asap7sc7p5t_SIMPLE_RVT_TT_nldm_211120     0.204120       1     0.204120 r
HB1xp67_ASAP7_75t_R asap7sc7p5t_INVBUF_RVT_TT_nldm_211120     0.058320       4     0.233280
INVx1_ASAP7_75t_R  asap7sc7p5t_INVBUF_RVT_TT_nldm_211120     0.043740     171     7.479540
INVx2_ASAP7_75t_R  asap7sc7p5t_INVBUF_RVT_TT_nldm_211120     0.058320      27     1.574640
INVx3_ASAP7_75t_R  asap7sc7p5t_INVBUF_RVT_TT_nldm_211120     0.072900       3     0.218700
INVx4_ASAP7_75t_R  asap7sc7p5t_INVBUF_RVT_TT_nldm_211120     0.087480       3     0.262440
INVx5_ASAP7_75t_R  asap7sc7p5t_INVBUF_RVT_TT_nldm_211120     0.102060       1     0.102060
INVxp33_ASAP7_75t_R asap7sc7p5t_INVBUF_RVT_TT_nldm_211120     0.043740       5     0.218700
INVxp67_ASAP7_75t_R asap7sc7p5t_INVBUF_RVT_TT_nldm_211120     0.043740      23     1.006020
MAJIxp5_ASAP7_75t_R asap7sc7p5t_SIMPLE_RVT_TT_nldm_211120     0.102060       1     0.102060
NAND2x1_ASAP7_75t_R asap7sc7p5t_SIMPLE_RVT_TT_nldm_211120     0.087480       8     0.699840
NAND2x1p5_ASAP7_75t_R asap7sc7p5t_SIMPLE_RVT_TT_nldm_211120     0.116640      10     1.166400
NAND2x2_ASAP7_75t_R asap7sc7p5t_SIMPLE_RVT_TT_nldm_211120     0.145800       1     0.145800
NAND2xp5_ASAP7_75t_R asap7sc7p5t_SIMPLE_RVT_TT_nldm_211120     0.058320     130     7.581600
NAND2xp33_ASAP7_75t_R asap7sc7p5t_SIMPLE_RVT_TT_nldm_211120     0.058320      11     0.641520
NAND2xp67_ASAP7_75t_R asap7sc7p5t_SIMPLE_RVT_TT_nldm_211120     0.087480       1     0.087480
NAND3x1_ASAP7_75t_R asap7sc7p5t_SIMPLE_RVT_TT_nldm_211120     0.160380       4     0.641520
NAND3xp33_ASAP7_75t_R asap7sc7p5t_SIMPLE_RVT_TT_nldm_211120     0.072900      39     2.843100
NAND4xp25_ASAP7_75t_R asap7sc7p5t_SIMPLE_RVT_TT_nldm_211120     0.087480       2     0.174960
NAND4xp75_ASAP7_75t_R asap7sc7p5t_SIMPLE_RVT_TT_nldm_211120     0.204120       3     0.612360
NAND5xp2_ASAP7_75t_R asap7sc7p5t_SIMPLE_RVT_TT_nldm_211120     0.102060       5     0.510300
NOR2x1_ASAP7_75t_R asap7sc7p5t_SIMPLE_RVT_TT_nldm_211120     0.087480       7     0.612360
NOR2xp33_ASAP7_75t_R asap7sc7p5t_SIMPLE_RVT_TT_nldm_211120     0.058320      26     1.516320
NOR2xp67_ASAP7_75t_R asap7sc7p5t_SIMPLE_RVT_TT_nldm_211120     0.087480       1     0.087480
NOR3x1_ASAP7_75t_R asap7sc7p5t_SIMPLE_RVT_TT_nldm_211120     0.160380       2     0.320760
NOR3xp33_ASAP7_75t_R asap7sc7p5t_SIMPLE_RVT_TT_nldm_211120     0.072900       2     0.145800
NOR4xp25_ASAP7_75t_R asap7sc7p5t_SIMPLE_RVT_TT_nldm_211120     0.087480       2     0.174960
NOR5xp2_ASAP7_75t_R asap7sc7p5t_SIMPLE_RVT_TT_nldm_211120     0.102060       4     0.408240
O2A1O1Ixp5_ASAP7_75t_R asap7sc7p5t_OA_RVT_TT_nldm_211120     0.116640       1     0.116640
O2A1O1Ixp33_ASAP7_75t_R asap7sc7p5t_OA_RVT_TT_nldm_211120     0.087480       4     0.349920
OA21x2_ASAP7_75t_R asap7sc7p5t_OA_RVT_TT_nldm_211120     0.102060       4     0.408240
OA22x2_ASAP7_75t_R asap7sc7p5t_OA_RVT_TT_nldm_211120     0.145800       2     0.291600
OA31x2_ASAP7_75t_R asap7sc7p5t_OA_RVT_TT_nldm_211120     0.218700       1     0.218700
OAI21x1_ASAP7_75t_R asap7sc7p5t_OA_RVT_TT_nldm_211120     0.116640       2     0.233280
OAI21xp5_ASAP7_75t_R asap7sc7p5t_OA_RVT_TT_nldm_211120     0.072900      21     1.530900
OAI21xp33_ASAP7_75t_R asap7sc7p5t_OA_RVT_TT_nldm_211120     0.072900       7     0.510300
OAI22x1_ASAP7_75t_R asap7sc7p5t_OA_RVT_TT_nldm_211120     0.145800       2     0.291600
OAI22xp5_ASAP7_75t_R asap7sc7p5t_OA_RVT_TT_nldm_211120     0.087480      32     2.799360
OAI22xp33_ASAP7_75t_R asap7sc7p5t_OA_RVT_TT_nldm_211120     0.087480      28     2.449440
OAI31xp33_ASAP7_75t_R asap7sc7p5t_OA_RVT_TT_nldm_211120     0.087480       3     0.262440
OAI31xp67_ASAP7_75t_R asap7sc7p5t_OA_RVT_TT_nldm_211120     0.189540       5     0.947700
OAI32xp33_ASAP7_75t_R asap7sc7p5t_OA_RVT_TT_nldm_211120     0.102060       1     0.102060
OAI33xp33_ASAP7_75t_R asap7sc7p5t_OA_RVT_TT_nldm_211120     0.116640       2     0.233280
OAI211xp5_ASAP7_75t_R asap7sc7p5t_OA_RVT_TT_nldm_211120     0.087480      15     1.312200
OAI221xp5_ASAP7_75t_R asap7sc7p5t_OA_RVT_TT_nldm_211120     0.102060       8     0.816480
OAI222xp33_ASAP7_75t_R asap7sc7p5t_OA_RVT_TT_nldm_211120     0.145800       4     0.583200
OAI311xp33_ASAP7_75t_R asap7sc7p5t_OA_RVT_TT_nldm_211120     0.102060       3     0.306180
OAI321xp33_ASAP7_75t_R asap7sc7p5t_OA_RVT_TT_nldm_211120     0.116640       2     0.233280
OAI332xp33_ASAP7_75t_R asap7sc7p5t_OA_RVT_TT_nldm_211120     0.145800       1     0.145800
OR2x2_ASAP7_75t_R  asap7sc7p5t_SIMPLE_RVT_TT_nldm_211120     0.087480       2     0.174960
OR2x4_ASAP7_75t_R  asap7sc7p5t_SIMPLE_RVT_TT_nldm_211120     0.116640       1     0.116640
OR3x1_ASAP7_75t_R  asap7sc7p5t_SIMPLE_RVT_TT_nldm_211120     0.087480       2     0.174960
TIEHIx1_ASAP7_75t_R asap7sc7p5t_SIMPLE_RVT_TT_nldm_211120     0.043740       1     0.043740
TIELOx1_ASAP7_75t_R asap7sc7p5t_SIMPLE_RVT_TT_nldm_211120     0.043740       1     0.043740
XNOR2x2_ASAP7_75t_R asap7sc7p5t_SIMPLE_RVT_TT_nldm_211120     0.160380       3     0.481140
XNOR2xp5_ASAP7_75t_R asap7sc7p5t_SIMPLE_RVT_TT_nldm_211120     0.131220       2     0.262440
XOR2x2_ASAP7_75t_R asap7sc7p5t_SIMPLE_RVT_TT_nldm_211120     0.160380       4     0.641520
XOR2xp5_ASAP7_75t_R asap7sc7p5t_SIMPLE_RVT_TT_nldm_211120     0.131220       8     1.049760
fp16_add_15_DW01_add_2            7.464960       1      7.464960  h
fp16_add_15_DW01_sub_6            8.310600       1      8.310600  h
-----------------------------------------------------------------------------
Total 88 references                                    79.038180

****************************************
Design: fp16_add_15_DW01_add_2 
****************************************
Reference          Library       Unit Area   Count    Total Area   Attributes
-----------------------------------------------------------------------------
AND2x2_ASAP7_75t_R asap7sc7p5t_SIMPLE_RVT_TT_nldm_211120     0.087480       2     0.174960
AOI21x1_ASAP7_75t_R asap7sc7p5t_AO_RVT_TT_nldm_211120     0.116640       1     0.116640
AOI21xp33_ASAP7_75t_R asap7sc7p5t_AO_RVT_TT_nldm_211120     0.072900       1     0.072900
AOI22xp5_ASAP7_75t_R asap7sc7p5t_AO_RVT_TT_nldm_211120     0.087480       1     0.087480
AOI31xp67_ASAP7_75t_R asap7sc7p5t_AO_RVT_TT_nldm_211120     0.189540       1     0.189540
AOI211x1_ASAP7_75t_R asap7sc7p5t_AO_RVT_TT_nldm_211120     0.174960       1     0.174960
INVx1_ASAP7_75t_R  asap7sc7p5t_INVBUF_RVT_TT_nldm_211120     0.043740      23     1.006020
INVxp33_ASAP7_75t_R asap7sc7p5t_INVBUF_RVT_TT_nldm_211120     0.043740       1     0.043740
NAND2xp5_ASAP7_75t_R asap7sc7p5t_SIMPLE_RVT_TT_nldm_211120     0.058320      25     1.458000
NAND2xp33_ASAP7_75t_R asap7sc7p5t_SIMPLE_RVT_TT_nldm_211120     0.058320       1     0.058320
NAND3xp33_ASAP7_75t_R asap7sc7p5t_SIMPLE_RVT_TT_nldm_211120     0.072900       2     0.145800
NOR2x1p5_ASAP7_75t_R asap7sc7p5t_SIMPLE_RVT_TT_nldm_211120     0.116640       1     0.116640
NOR2xp33_ASAP7_75t_R asap7sc7p5t_SIMPLE_RVT_TT_nldm_211120     0.058320       4     0.233280
OA21x2_ASAP7_75t_R asap7sc7p5t_OA_RVT_TT_nldm_211120     0.102060       1     0.102060
OAI21x1_ASAP7_75t_R asap7sc7p5t_OA_RVT_TT_nldm_211120     0.116640       1     0.116640
OAI21xp5_ASAP7_75t_R asap7sc7p5t_OA_RVT_TT_nldm_211120     0.072900       6     0.437400
OAI22xp5_ASAP7_75t_R asap7sc7p5t_OA_RVT_TT_nldm_211120     0.087480       1     0.087480
OAI31xp33_ASAP7_75t_R asap7sc7p5t_OA_RVT_TT_nldm_211120     0.087480       1     0.087480
OAI31xp67_ASAP7_75t_R asap7sc7p5t_OA_RVT_TT_nldm_211120     0.189540       1     0.189540
OR2x2_ASAP7_75t_R  asap7sc7p5t_SIMPLE_RVT_TT_nldm_211120     0.087480      10     0.874800
OR2x4_ASAP7_75t_R  asap7sc7p5t_SIMPLE_RVT_TT_nldm_211120     0.116640       1     0.116640
XNOR2xp5_ASAP7_75t_R asap7sc7p5t_SIMPLE_RVT_TT_nldm_211120     0.131220       8     1.049760
XOR2xp5_ASAP7_75t_R asap7sc7p5t_SIMPLE_RVT_TT_nldm_211120     0.131220       4     0.524880
-----------------------------------------------------------------------------
Total 23 references                                     7.464960

****************************************
Design: fp16_add_15_DW01_sub_6 
****************************************
Reference          Library       Unit Area   Count    Total Area   Attributes
-----------------------------------------------------------------------------
AND2x2_ASAP7_75t_R asap7sc7p5t_SIMPLE_RVT_TT_nldm_211120     0.087480       1     0.087480
AOI21xp5_ASAP7_75t_R asap7sc7p5t_AO_RVT_TT_nldm_211120     0.072900       1     0.072900
AOI21xp33_ASAP7_75t_R asap7sc7p5t_AO_RVT_TT_nldm_211120     0.072900       2     0.145800
AOI221x1_ASAP7_75t_R asap7sc7p5t_AO_RVT_TT_nldm_211120     0.204120       2     0.408240
INVx1_ASAP7_75t_R  asap7sc7p5t_INVBUF_RVT_TT_nldm_211120     0.043740      39     1.705860
INVxp33_ASAP7_75t_R asap7sc7p5t_INVBUF_RVT_TT_nldm_211120     0.043740       1     0.043740
INVxp67_ASAP7_75t_R asap7sc7p5t_INVBUF_RVT_TT_nldm_211120     0.043740       4     0.174960
NAND2xp5_ASAP7_75t_R asap7sc7p5t_SIMPLE_RVT_TT_nldm_211120     0.058320      34     1.982880
NAND2xp33_ASAP7_75t_R asap7sc7p5t_SIMPLE_RVT_TT_nldm_211120     0.058320       2     0.116640
NOR2x1_ASAP7_75t_R asap7sc7p5t_SIMPLE_RVT_TT_nldm_211120     0.087480       1     0.087480
NOR2xp33_ASAP7_75t_R asap7sc7p5t_SIMPLE_RVT_TT_nldm_211120     0.058320       5     0.291600
NOR2xp67_ASAP7_75t_R asap7sc7p5t_SIMPLE_RVT_TT_nldm_211120     0.087480       1     0.087480
OA21x2_ASAP7_75t_R asap7sc7p5t_OA_RVT_TT_nldm_211120     0.102060       2     0.204120
OAI21x1_ASAP7_75t_R asap7sc7p5t_OA_RVT_TT_nldm_211120     0.116640       2     0.233280
OAI21xp5_ASAP7_75t_R asap7sc7p5t_OA_RVT_TT_nldm_211120     0.072900       2     0.145800
OAI21xp33_ASAP7_75t_R asap7sc7p5t_OA_RVT_TT_nldm_211120     0.072900       6     0.437400
OR2x2_ASAP7_75t_R  asap7sc7p5t_SIMPLE_RVT_TT_nldm_211120     0.087480       1     0.087480
XNOR2xp5_ASAP7_75t_R asap7sc7p5t_SIMPLE_RVT_TT_nldm_211120     0.131220       8     1.049760
XOR2x2_ASAP7_75t_R asap7sc7p5t_SIMPLE_RVT_TT_nldm_211120     0.160380       1     0.160380
XOR2xp5_ASAP7_75t_R asap7sc7p5t_SIMPLE_RVT_TT_nldm_211120     0.131220       6     0.787320
-----------------------------------------------------------------------------
Total 20 references                                     8.310600

****************************************
Design: fp16_mult_0 
****************************************
Reference          Library       Unit Area   Count    Total Area   Attributes
-----------------------------------------------------------------------------
A2O1A1Ixp33_ASAP7_75t_R asap7sc7p5t_AO_RVT_TT_nldm_211120     0.087480       4     0.349920
AND2x2_ASAP7_75t_R asap7sc7p5t_SIMPLE_RVT_TT_nldm_211120     0.087480      17     1.487160
AND2x4_ASAP7_75t_R asap7sc7p5t_SIMPLE_RVT_TT_nldm_211120     0.145800       4     0.583200
AND3x1_ASAP7_75t_R asap7sc7p5t_SIMPLE_RVT_TT_nldm_211120     0.087480       3     0.262440
AND4x1_ASAP7_75t_R asap7sc7p5t_SIMPLE_RVT_TT_nldm_211120     0.102060       1     0.102060
AO21x1_ASAP7_75t_R asap7sc7p5t_AO_RVT_TT_nldm_211120     0.087480       2     0.174960
AOI21xp33_ASAP7_75t_R asap7sc7p5t_AO_RVT_TT_nldm_211120     0.072900       1     0.072900
AOI31xp33_ASAP7_75t_R asap7sc7p5t_AO_RVT_TT_nldm_211120     0.087480       5     0.437400
AOI31xp67_ASAP7_75t_R asap7sc7p5t_AO_RVT_TT_nldm_211120     0.189540       2     0.379080
AOI33xp33_ASAP7_75t_R asap7sc7p5t_AO_RVT_TT_nldm_211120     0.116640       2     0.233280
AOI211xp5_ASAP7_75t_R asap7sc7p5t_AO_RVT_TT_nldm_211120     0.087480       1     0.087480
BUFx6f_ASAP7_75t_R asap7sc7p5t_INVBUF_RVT_TT_nldm_211120     0.145800       1     0.145800
BUFx8_ASAP7_75t_R  asap7sc7p5t_INVBUF_RVT_TT_nldm_211120     0.174960       2     0.349920
DFFASRHQNx1_ASAP7_75t_R asap7sc7p5t_SEQ_RVT_TT_nldm_220123     0.379080      17     6.444360 n
HB1xp67_ASAP7_75t_R asap7sc7p5t_INVBUF_RVT_TT_nldm_211120     0.058320       1     0.058320
INVx1_ASAP7_75t_R  asap7sc7p5t_INVBUF_RVT_TT_nldm_211120     0.043740      70     3.061800
INVx2_ASAP7_75t_R  asap7sc7p5t_INVBUF_RVT_TT_nldm_211120     0.058320       2     0.116640
INVx3_ASAP7_75t_R  asap7sc7p5t_INVBUF_RVT_TT_nldm_211120     0.072900       2     0.145800
INVx5_ASAP7_75t_R  asap7sc7p5t_INVBUF_RVT_TT_nldm_211120     0.102060       1     0.102060
INVxp33_ASAP7_75t_R asap7sc7p5t_INVBUF_RVT_TT_nldm_211120     0.043740      12     0.524880
INVxp67_ASAP7_75t_R asap7sc7p5t_INVBUF_RVT_TT_nldm_211120     0.043740       9     0.393660
NAND2x1_ASAP7_75t_R asap7sc7p5t_SIMPLE_RVT_TT_nldm_211120     0.087480       2     0.174960
NAND2x1p5_ASAP7_75t_R asap7sc7p5t_SIMPLE_RVT_TT_nldm_211120     0.116640       2     0.233280
NAND2xp5_ASAP7_75t_R asap7sc7p5t_SIMPLE_RVT_TT_nldm_211120     0.058320      49     2.857680
NAND2xp33_ASAP7_75t_R asap7sc7p5t_SIMPLE_RVT_TT_nldm_211120     0.058320      17     0.991440
NAND3x1_ASAP7_75t_R asap7sc7p5t_SIMPLE_RVT_TT_nldm_211120     0.160380       2     0.320760
NAND3xp33_ASAP7_75t_R asap7sc7p5t_SIMPLE_RVT_TT_nldm_211120     0.072900      11     0.801900
NAND5xp2_ASAP7_75t_R asap7sc7p5t_SIMPLE_RVT_TT_nldm_211120     0.102060       4     0.408240
NOR2x1_ASAP7_75t_R asap7sc7p5t_SIMPLE_RVT_TT_nldm_211120     0.087480      13     1.137240
NOR2xp33_ASAP7_75t_R asap7sc7p5t_SIMPLE_RVT_TT_nldm_211120     0.058320       7     0.408240
NOR2xp67_ASAP7_75t_R asap7sc7p5t_SIMPLE_RVT_TT_nldm_211120     0.087480       1     0.087480
NOR3xp33_ASAP7_75t_R asap7sc7p5t_SIMPLE_RVT_TT_nldm_211120     0.072900       4     0.291600
NOR5xp2_ASAP7_75t_R asap7sc7p5t_SIMPLE_RVT_TT_nldm_211120     0.102060       4     0.408240
OA21x2_ASAP7_75t_R asap7sc7p5t_OA_RVT_TT_nldm_211120     0.102060       2     0.204120
OA31x2_ASAP7_75t_R asap7sc7p5t_OA_RVT_TT_nldm_211120     0.218700       1     0.218700
OAI21xp5_ASAP7_75t_R asap7sc7p5t_OA_RVT_TT_nldm_211120     0.072900       9     0.656100
OAI21xp33_ASAP7_75t_R asap7sc7p5t_OA_RVT_TT_nldm_211120     0.072900      17     1.239300
OAI22xp5_ASAP7_75t_R asap7sc7p5t_OA_RVT_TT_nldm_211120     0.087480       3     0.262440
OAI22xp33_ASAP7_75t_R asap7sc7p5t_OA_RVT_TT_nldm_211120     0.087480       1     0.087480
OAI31xp33_ASAP7_75t_R asap7sc7p5t_OA_RVT_TT_nldm_211120     0.087480       2     0.174960
OAI211xp5_ASAP7_75t_R asap7sc7p5t_OA_RVT_TT_nldm_211120     0.087480       5     0.437400
OAI221xp5_ASAP7_75t_R asap7sc7p5t_OA_RVT_TT_nldm_211120     0.102060       1     0.102060
OR2x2_ASAP7_75t_R  asap7sc7p5t_SIMPLE_RVT_TT_nldm_211120     0.087480       4     0.349920
OR2x4_ASAP7_75t_R  asap7sc7p5t_SIMPLE_RVT_TT_nldm_211120     0.116640       1     0.116640
OR3x1_ASAP7_75t_R  asap7sc7p5t_SIMPLE_RVT_TT_nldm_211120     0.087480       1     0.087480
OR5x1_ASAP7_75t_R  asap7sc7p5t_SIMPLE_RVT_TT_nldm_211120     0.116640       1     0.116640
TIEHIx1_ASAP7_75t_R asap7sc7p5t_SIMPLE_RVT_TT_nldm_211120     0.043740       1     0.043740
TIELOx1_ASAP7_75t_R asap7sc7p5t_SIMPLE_RVT_TT_nldm_211120     0.043740       1     0.043740
XNOR2x1_ASAP7_75t_R asap7sc7p5t_SIMPLE_RVT_TT_nldm_211120     0.174960       1     0.174960
XNOR2x2_ASAP7_75t_R asap7sc7p5t_SIMPLE_RVT_TT_nldm_211120     0.160380       1     0.160380
XNOR2xp5_ASAP7_75t_R asap7sc7p5t_SIMPLE_RVT_TT_nldm_211120     0.131220       4     0.524880
XOR2x1_ASAP7_75t_R asap7sc7p5t_SIMPLE_RVT_TT_nldm_211120     0.174960       1     0.174960
XOR2x2_ASAP7_75t_R asap7sc7p5t_SIMPLE_RVT_TT_nldm_211120     0.160380       1     0.160380
XOR2xp5_ASAP7_75t_R asap7sc7p5t_SIMPLE_RVT_TT_nldm_211120     0.131220       3     0.393660
fp16_mult_0_DW02_mult_0          50.330160       1     50.330160  h
-----------------------------------------------------------------------------
Total 55 references                                    79.694280

****************************************
Design: fp16_mult_0_DW02_mult_0 
****************************************
Reference          Library       Unit Area   Count    Total Area   Attributes
-----------------------------------------------------------------------------
AND2x2_ASAP7_75t_R asap7sc7p5t_SIMPLE_RVT_TT_nldm_211120     0.087480     136    11.897280
AND2x4_ASAP7_75t_R asap7sc7p5t_SIMPLE_RVT_TT_nldm_211120     0.145800       5     0.729000
BUFx3_ASAP7_75t_R  asap7sc7p5t_INVBUF_RVT_TT_nldm_211120     0.087480       2     0.174960
FAx1_ASAP7_75t_R   asap7sc7p5t_SIMPLE_RVT_TT_nldm_211120     0.204120      90    18.370800 r
HB1xp67_ASAP7_75t_R asap7sc7p5t_INVBUF_RVT_TT_nldm_211120     0.058320       2     0.116640
INVx1_ASAP7_75t_R  asap7sc7p5t_INVBUF_RVT_TT_nldm_211120     0.043740     175     7.654500
INVx2_ASAP7_75t_R  asap7sc7p5t_INVBUF_RVT_TT_nldm_211120     0.058320       5     0.291600
INVxp33_ASAP7_75t_R asap7sc7p5t_INVBUF_RVT_TT_nldm_211120     0.043740       1     0.043740
INVxp67_ASAP7_75t_R asap7sc7p5t_INVBUF_RVT_TT_nldm_211120     0.043740       5     0.218700
TIELOx1_ASAP7_75t_R asap7sc7p5t_SIMPLE_RVT_TT_nldm_211120     0.043740       1     0.043740
XNOR2x1_ASAP7_75t_R asap7sc7p5t_SIMPLE_RVT_TT_nldm_211120     0.174960       1     0.174960
XNOR2xp5_ASAP7_75t_R asap7sc7p5t_SIMPLE_RVT_TT_nldm_211120     0.131220       1     0.131220
XOR2x2_ASAP7_75t_R asap7sc7p5t_SIMPLE_RVT_TT_nldm_211120     0.160380      13     2.084940
XOR2xp5_ASAP7_75t_R asap7sc7p5t_SIMPLE_RVT_TT_nldm_211120     0.131220       5     0.656100
fp16_mult_0_DW01_add_J52_0        7.741980       1      7.741980  h
-----------------------------------------------------------------------------
Total 15 references                                    50.330160

****************************************
Design: fp16_mult_0_DW01_add_J52_0 
****************************************
Reference          Library       Unit Area   Count    Total Area   Attributes
-----------------------------------------------------------------------------
AND2x2_ASAP7_75t_R asap7sc7p5t_SIMPLE_RVT_TT_nldm_211120     0.087480       4     0.349920
AOI21x1_ASAP7_75t_R asap7sc7p5t_AO_RVT_TT_nldm_211120     0.116640       1     0.116640
AOI21xp5_ASAP7_75t_R asap7sc7p5t_AO_RVT_TT_nldm_211120     0.072900       2     0.145800
AOI21xp33_ASAP7_75t_R asap7sc7p5t_AO_RVT_TT_nldm_211120     0.072900       1     0.072900
AOI22xp33_ASAP7_75t_R asap7sc7p5t_AO_RVT_TT_nldm_211120     0.087480       1     0.087480
AOI221x1_ASAP7_75t_R asap7sc7p5t_AO_RVT_TT_nldm_211120     0.204120       1     0.204120
HB1xp67_ASAP7_75t_R asap7sc7p5t_INVBUF_RVT_TT_nldm_211120     0.058320       1     0.058320
INVx1_ASAP7_75t_R  asap7sc7p5t_INVBUF_RVT_TT_nldm_211120     0.043740      11     0.481140
INVx2_ASAP7_75t_R  asap7sc7p5t_INVBUF_RVT_TT_nldm_211120     0.058320       3     0.174960
INVxp33_ASAP7_75t_R asap7sc7p5t_INVBUF_RVT_TT_nldm_211120     0.043740       4     0.174960
INVxp67_ASAP7_75t_R asap7sc7p5t_INVBUF_RVT_TT_nldm_211120     0.043740       3     0.131220
NAND2x1_ASAP7_75t_R asap7sc7p5t_SIMPLE_RVT_TT_nldm_211120     0.087480       1     0.087480
NAND2x1p5_ASAP7_75t_R asap7sc7p5t_SIMPLE_RVT_TT_nldm_211120     0.116640       1     0.116640
NAND2xp5_ASAP7_75t_R asap7sc7p5t_SIMPLE_RVT_TT_nldm_211120     0.058320      14     0.816480
NAND2xp33_ASAP7_75t_R asap7sc7p5t_SIMPLE_RVT_TT_nldm_211120     0.058320       5     0.291600
NAND3xp33_ASAP7_75t_R asap7sc7p5t_SIMPLE_RVT_TT_nldm_211120     0.072900       6     0.437400
NOR2x1_ASAP7_75t_R asap7sc7p5t_SIMPLE_RVT_TT_nldm_211120     0.087480       5     0.437400
NOR2x1p5_ASAP7_75t_R asap7sc7p5t_SIMPLE_RVT_TT_nldm_211120     0.116640       1     0.116640
NOR2xp33_ASAP7_75t_R asap7sc7p5t_SIMPLE_RVT_TT_nldm_211120     0.058320       4     0.233280
NOR3xp33_ASAP7_75t_R asap7sc7p5t_SIMPLE_RVT_TT_nldm_211120     0.072900       3     0.218700
OAI21xp5_ASAP7_75t_R asap7sc7p5t_OA_RVT_TT_nldm_211120     0.072900       6     0.437400
OR2x2_ASAP7_75t_R  asap7sc7p5t_SIMPLE_RVT_TT_nldm_211120     0.087480      10     0.874800
XNOR2x1_ASAP7_75t_R asap7sc7p5t_SIMPLE_RVT_TT_nldm_211120     0.174960       1     0.174960
XNOR2xp5_ASAP7_75t_R asap7sc7p5t_SIMPLE_RVT_TT_nldm_211120     0.131220       9     1.180980
XOR2x2_ASAP7_75t_R asap7sc7p5t_SIMPLE_RVT_TT_nldm_211120     0.160380       2     0.320760
-----------------------------------------------------------------------------
Total 25 references                                     7.741980

****************************************
Design: fp16_mult_1 
****************************************
Reference          Library       Unit Area   Count    Total Area   Attributes
-----------------------------------------------------------------------------
A2O1A1Ixp33_ASAP7_75t_R asap7sc7p5t_AO_RVT_TT_nldm_211120     0.087480       4     0.349920
AND2x2_ASAP7_75t_R asap7sc7p5t_SIMPLE_RVT_TT_nldm_211120     0.087480      21     1.837080
AND2x4_ASAP7_75t_R asap7sc7p5t_SIMPLE_RVT_TT_nldm_211120     0.145800       2     0.291600
AND3x1_ASAP7_75t_R asap7sc7p5t_SIMPLE_RVT_TT_nldm_211120     0.087480       2     0.174960
AND3x2_ASAP7_75t_R asap7sc7p5t_SIMPLE_RVT_TT_nldm_211120     0.102060       1     0.102060
AND4x2_ASAP7_75t_R asap7sc7p5t_SIMPLE_RVT_TT_nldm_211120     0.116640       1     0.116640
AO21x1_ASAP7_75t_R asap7sc7p5t_AO_RVT_TT_nldm_211120     0.087480       2     0.174960
AOI21xp33_ASAP7_75t_R asap7sc7p5t_AO_RVT_TT_nldm_211120     0.072900       1     0.072900
AOI31xp33_ASAP7_75t_R asap7sc7p5t_AO_RVT_TT_nldm_211120     0.087480       4     0.349920
AOI31xp67_ASAP7_75t_R asap7sc7p5t_AO_RVT_TT_nldm_211120     0.189540       4     0.758160
AOI33xp33_ASAP7_75t_R asap7sc7p5t_AO_RVT_TT_nldm_211120     0.116640       2     0.233280
AOI211xp5_ASAP7_75t_R asap7sc7p5t_AO_RVT_TT_nldm_211120     0.087480       1     0.087480
BUFx3_ASAP7_75t_R  asap7sc7p5t_INVBUF_RVT_TT_nldm_211120     0.087480       1     0.087480
BUFx8_ASAP7_75t_R  asap7sc7p5t_INVBUF_RVT_TT_nldm_211120     0.174960       2     0.349920
DFFASRHQNx1_ASAP7_75t_R asap7sc7p5t_SEQ_RVT_TT_nldm_220123     0.379080      17     6.444360 n
HB1xp67_ASAP7_75t_R asap7sc7p5t_INVBUF_RVT_TT_nldm_211120     0.058320       6     0.349920
INVx1_ASAP7_75t_R  asap7sc7p5t_INVBUF_RVT_TT_nldm_211120     0.043740      68     2.974320
INVx2_ASAP7_75t_R  asap7sc7p5t_INVBUF_RVT_TT_nldm_211120     0.058320       3     0.174960
INVx3_ASAP7_75t_R  asap7sc7p5t_INVBUF_RVT_TT_nldm_211120     0.072900       2     0.145800
INVx5_ASAP7_75t_R  asap7sc7p5t_INVBUF_RVT_TT_nldm_211120     0.102060       1     0.102060
INVxp33_ASAP7_75t_R asap7sc7p5t_INVBUF_RVT_TT_nldm_211120     0.043740       8     0.349920
INVxp67_ASAP7_75t_R asap7sc7p5t_INVBUF_RVT_TT_nldm_211120     0.043740       5     0.218700
NAND2x1_ASAP7_75t_R asap7sc7p5t_SIMPLE_RVT_TT_nldm_211120     0.087480       2     0.174960
NAND2x1p5_ASAP7_75t_R asap7sc7p5t_SIMPLE_RVT_TT_nldm_211120     0.116640       2     0.233280
NAND2xp5_ASAP7_75t_R asap7sc7p5t_SIMPLE_RVT_TT_nldm_211120     0.058320      48     2.799360
NAND2xp33_ASAP7_75t_R asap7sc7p5t_SIMPLE_RVT_TT_nldm_211120     0.058320      17     0.991440
NAND2xp67_ASAP7_75t_R asap7sc7p5t_SIMPLE_RVT_TT_nldm_211120     0.087480       1     0.087480
NAND3x1_ASAP7_75t_R asap7sc7p5t_SIMPLE_RVT_TT_nldm_211120     0.160380       2     0.320760
NAND3xp33_ASAP7_75t_R asap7sc7p5t_SIMPLE_RVT_TT_nldm_211120     0.072900      11     0.801900
NAND5xp2_ASAP7_75t_R asap7sc7p5t_SIMPLE_RVT_TT_nldm_211120     0.102060       4     0.408240
NOR2x1_ASAP7_75t_R asap7sc7p5t_SIMPLE_RVT_TT_nldm_211120     0.087480      12     1.049760
NOR2x1p5_ASAP7_75t_R asap7sc7p5t_SIMPLE_RVT_TT_nldm_211120     0.116640       2     0.233280
NOR2xp33_ASAP7_75t_R asap7sc7p5t_SIMPLE_RVT_TT_nldm_211120     0.058320       6     0.349920
NOR2xp67_ASAP7_75t_R asap7sc7p5t_SIMPLE_RVT_TT_nldm_211120     0.087480       2     0.174960
NOR3x1_ASAP7_75t_R asap7sc7p5t_SIMPLE_RVT_TT_nldm_211120     0.160380       1     0.160380
NOR3xp33_ASAP7_75t_R asap7sc7p5t_SIMPLE_RVT_TT_nldm_211120     0.072900       2     0.145800
NOR5xp2_ASAP7_75t_R asap7sc7p5t_SIMPLE_RVT_TT_nldm_211120     0.102060       4     0.408240
OA21x2_ASAP7_75t_R asap7sc7p5t_OA_RVT_TT_nldm_211120     0.102060       2     0.204120
OA31x2_ASAP7_75t_R asap7sc7p5t_OA_RVT_TT_nldm_211120     0.218700       1     0.218700
OAI21xp5_ASAP7_75t_R asap7sc7p5t_OA_RVT_TT_nldm_211120     0.072900      10     0.729000
OAI21xp33_ASAP7_75t_R asap7sc7p5t_OA_RVT_TT_nldm_211120     0.072900      16     1.166400
OAI22x1_ASAP7_75t_R asap7sc7p5t_OA_RVT_TT_nldm_211120     0.145800       1     0.145800
OAI22xp5_ASAP7_75t_R asap7sc7p5t_OA_RVT_TT_nldm_211120     0.087480       2     0.174960
OAI22xp33_ASAP7_75t_R asap7sc7p5t_OA_RVT_TT_nldm_211120     0.087480       1     0.087480
OAI31xp33_ASAP7_75t_R asap7sc7p5t_OA_RVT_TT_nldm_211120     0.087480       1     0.087480
OAI31xp67_ASAP7_75t_R asap7sc7p5t_OA_RVT_TT_nldm_211120     0.189540       1     0.189540
OAI211xp5_ASAP7_75t_R asap7sc7p5t_OA_RVT_TT_nldm_211120     0.087480       5     0.437400
OR2x2_ASAP7_75t_R  asap7sc7p5t_SIMPLE_RVT_TT_nldm_211120     0.087480       7     0.612360
OR3x1_ASAP7_75t_R  asap7sc7p5t_SIMPLE_RVT_TT_nldm_211120     0.087480       1     0.087480
OR5x1_ASAP7_75t_R  asap7sc7p5t_SIMPLE_RVT_TT_nldm_211120     0.116640       1     0.116640
TIEHIx1_ASAP7_75t_R asap7sc7p5t_SIMPLE_RVT_TT_nldm_211120     0.043740       1     0.043740
TIELOx1_ASAP7_75t_R asap7sc7p5t_SIMPLE_RVT_TT_nldm_211120     0.043740       1     0.043740
XNOR2x2_ASAP7_75t_R asap7sc7p5t_SIMPLE_RVT_TT_nldm_211120     0.160380       1     0.160380
XNOR2xp5_ASAP7_75t_R asap7sc7p5t_SIMPLE_RVT_TT_nldm_211120     0.131220       6     0.787320
XOR2x1_ASAP7_75t_R asap7sc7p5t_SIMPLE_RVT_TT_nldm_211120     0.174960       1     0.174960
XOR2x2_ASAP7_75t_R asap7sc7p5t_SIMPLE_RVT_TT_nldm_211120     0.160380       1     0.160380
XOR2xp5_ASAP7_75t_R asap7sc7p5t_SIMPLE_RVT_TT_nldm_211120     0.131220       2     0.262440
fp16_mult_1_DW02_mult_0_DW02_mult_6    49.863600       1    49.863600 h
-----------------------------------------------------------------------------
Total 58 references                                    79.840080

****************************************
Design: fp16_mult_1_DW02_mult_0_DW02_mult_6 
****************************************
Reference          Library       Unit Area   Count    Total Area   Attributes
-----------------------------------------------------------------------------
AND2x2_ASAP7_75t_R asap7sc7p5t_SIMPLE_RVT_TT_nldm_211120     0.087480     135    11.809800
AND2x4_ASAP7_75t_R asap7sc7p5t_SIMPLE_RVT_TT_nldm_211120     0.145800       6     0.874800
BUFx3_ASAP7_75t_R  asap7sc7p5t_INVBUF_RVT_TT_nldm_211120     0.087480       1     0.087480
FAx1_ASAP7_75t_R   asap7sc7p5t_SIMPLE_RVT_TT_nldm_211120     0.204120      90    18.370800 r
HB1xp67_ASAP7_75t_R asap7sc7p5t_INVBUF_RVT_TT_nldm_211120     0.058320       2     0.116640
INVx1_ASAP7_75t_R  asap7sc7p5t_INVBUF_RVT_TT_nldm_211120     0.043740     175     7.654500
INVx2_ASAP7_75t_R  asap7sc7p5t_INVBUF_RVT_TT_nldm_211120     0.058320       1     0.058320
INVx3_ASAP7_75t_R  asap7sc7p5t_INVBUF_RVT_TT_nldm_211120     0.072900       1     0.072900
INVxp33_ASAP7_75t_R asap7sc7p5t_INVBUF_RVT_TT_nldm_211120     0.043740       1     0.043740
INVxp67_ASAP7_75t_R asap7sc7p5t_INVBUF_RVT_TT_nldm_211120     0.043740       7     0.306180
TIELOx1_ASAP7_75t_R asap7sc7p5t_SIMPLE_RVT_TT_nldm_211120     0.043740       1     0.043740
XNOR2xp5_ASAP7_75t_R asap7sc7p5t_SIMPLE_RVT_TT_nldm_211120     0.131220       1     0.131220
XOR2x1_ASAP7_75t_R asap7sc7p5t_SIMPLE_RVT_TT_nldm_211120     0.174960       1     0.174960
XOR2x2_ASAP7_75t_R asap7sc7p5t_SIMPLE_RVT_TT_nldm_211120     0.160380      11     1.764180
XOR2xp5_ASAP7_75t_R asap7sc7p5t_SIMPLE_RVT_TT_nldm_211120     0.131220       7     0.918540
fp16_mult_1_DW01_add_J53_0        7.435800       1      7.435800  h
-----------------------------------------------------------------------------
Total 16 references                                    49.863600

****************************************
Design: fp16_mult_1_DW01_add_J53_0 
****************************************
Reference          Library       Unit Area   Count    Total Area   Attributes
-----------------------------------------------------------------------------
AND2x2_ASAP7_75t_R asap7sc7p5t_SIMPLE_RVT_TT_nldm_211120     0.087480       3     0.262440
AOI21xp5_ASAP7_75t_R asap7sc7p5t_AO_RVT_TT_nldm_211120     0.072900       2     0.145800
AOI21xp33_ASAP7_75t_R asap7sc7p5t_AO_RVT_TT_nldm_211120     0.072900       2     0.145800
AOI22xp33_ASAP7_75t_R asap7sc7p5t_AO_RVT_TT_nldm_211120     0.087480       1     0.087480
AOI221x1_ASAP7_75t_R asap7sc7p5t_AO_RVT_TT_nldm_211120     0.204120       1     0.204120
HB1xp67_ASAP7_75t_R asap7sc7p5t_INVBUF_RVT_TT_nldm_211120     0.058320       1     0.058320
INVx1_ASAP7_75t_R  asap7sc7p5t_INVBUF_RVT_TT_nldm_211120     0.043740      15     0.656100
INVx2_ASAP7_75t_R  asap7sc7p5t_INVBUF_RVT_TT_nldm_211120     0.058320       1     0.058320
INVxp33_ASAP7_75t_R asap7sc7p5t_INVBUF_RVT_TT_nldm_211120     0.043740       1     0.043740
INVxp67_ASAP7_75t_R asap7sc7p5t_INVBUF_RVT_TT_nldm_211120     0.043740       1     0.043740
NAND2x1p5_ASAP7_75t_R asap7sc7p5t_SIMPLE_RVT_TT_nldm_211120     0.116640       1     0.116640
NAND2xp5_ASAP7_75t_R asap7sc7p5t_SIMPLE_RVT_TT_nldm_211120     0.058320      16     0.933120
NAND2xp33_ASAP7_75t_R asap7sc7p5t_SIMPLE_RVT_TT_nldm_211120     0.058320       5     0.291600
NAND3xp33_ASAP7_75t_R asap7sc7p5t_SIMPLE_RVT_TT_nldm_211120     0.072900       6     0.437400
NOR2x1_ASAP7_75t_R asap7sc7p5t_SIMPLE_RVT_TT_nldm_211120     0.087480       4     0.349920
NOR2xp33_ASAP7_75t_R asap7sc7p5t_SIMPLE_RVT_TT_nldm_211120     0.058320       7     0.408240
NOR3xp33_ASAP7_75t_R asap7sc7p5t_SIMPLE_RVT_TT_nldm_211120     0.072900       3     0.218700
OAI21x1_ASAP7_75t_R asap7sc7p5t_OA_RVT_TT_nldm_211120     0.116640       1     0.116640
OAI21xp5_ASAP7_75t_R asap7sc7p5t_OA_RVT_TT_nldm_211120     0.072900       3     0.218700
OAI21xp33_ASAP7_75t_R asap7sc7p5t_OA_RVT_TT_nldm_211120     0.072900       2     0.145800
OR2x2_ASAP7_75t_R  asap7sc7p5t_SIMPLE_RVT_TT_nldm_211120     0.087480       9     0.787320
XNOR2x1_ASAP7_75t_R asap7sc7p5t_SIMPLE_RVT_TT_nldm_211120     0.174960       1     0.174960
XNOR2x2_ASAP7_75t_R asap7sc7p5t_SIMPLE_RVT_TT_nldm_211120     0.160380       2     0.320760
XNOR2xp5_ASAP7_75t_R asap7sc7p5t_SIMPLE_RVT_TT_nldm_211120     0.131220       7     0.918540
XOR2x2_ASAP7_75t_R asap7sc7p5t_SIMPLE_RVT_TT_nldm_211120     0.160380       1     0.160380
XOR2xp5_ASAP7_75t_R asap7sc7p5t_SIMPLE_RVT_TT_nldm_211120     0.131220       1     0.131220
-----------------------------------------------------------------------------
Total 26 references                                     7.435800

****************************************
Design: fp16_mult_2 
****************************************
Reference          Library       Unit Area   Count    Total Area   Attributes
-----------------------------------------------------------------------------
A2O1A1Ixp33_ASAP7_75t_R asap7sc7p5t_AO_RVT_TT_nldm_211120     0.087480       4     0.349920
AND2x2_ASAP7_75t_R asap7sc7p5t_SIMPLE_RVT_TT_nldm_211120     0.087480      16     1.399680
AND2x4_ASAP7_75t_R asap7sc7p5t_SIMPLE_RVT_TT_nldm_211120     0.145800       3     0.437400
AND3x1_ASAP7_75t_R asap7sc7p5t_SIMPLE_RVT_TT_nldm_211120     0.087480       4     0.349920
AO21x1_ASAP7_75t_R asap7sc7p5t_AO_RVT_TT_nldm_211120     0.087480       3     0.262440
AOI21xp33_ASAP7_75t_R asap7sc7p5t_AO_RVT_TT_nldm_211120     0.072900       1     0.072900
AOI31xp33_ASAP7_75t_R asap7sc7p5t_AO_RVT_TT_nldm_211120     0.087480       6     0.524880
AOI31xp67_ASAP7_75t_R asap7sc7p5t_AO_RVT_TT_nldm_211120     0.189540       1     0.189540
AOI33xp33_ASAP7_75t_R asap7sc7p5t_AO_RVT_TT_nldm_211120     0.116640       2     0.233280
AOI211xp5_ASAP7_75t_R asap7sc7p5t_AO_RVT_TT_nldm_211120     0.087480       1     0.087480
BUFx3_ASAP7_75t_R  asap7sc7p5t_INVBUF_RVT_TT_nldm_211120     0.087480       1     0.087480
BUFx4f_ASAP7_75t_R asap7sc7p5t_INVBUF_RVT_TT_nldm_211120     0.116640       1     0.116640
BUFx6f_ASAP7_75t_R asap7sc7p5t_INVBUF_RVT_TT_nldm_211120     0.145800       1     0.145800
BUFx8_ASAP7_75t_R  asap7sc7p5t_INVBUF_RVT_TT_nldm_211120     0.174960       2     0.349920
DFFASRHQNx1_ASAP7_75t_R asap7sc7p5t_SEQ_RVT_TT_nldm_220123     0.379080      17     6.444360 n
HB1xp67_ASAP7_75t_R asap7sc7p5t_INVBUF_RVT_TT_nldm_211120     0.058320       4     0.233280
INVx1_ASAP7_75t_R  asap7sc7p5t_INVBUF_RVT_TT_nldm_211120     0.043740      66     2.886840
INVx2_ASAP7_75t_R  asap7sc7p5t_INVBUF_RVT_TT_nldm_211120     0.058320       3     0.174960
INVx3_ASAP7_75t_R  asap7sc7p5t_INVBUF_RVT_TT_nldm_211120     0.072900       2     0.145800
INVx5_ASAP7_75t_R  asap7sc7p5t_INVBUF_RVT_TT_nldm_211120     0.102060       1     0.102060
INVxp33_ASAP7_75t_R asap7sc7p5t_INVBUF_RVT_TT_nldm_211120     0.043740      10     0.437400
INVxp67_ASAP7_75t_R asap7sc7p5t_INVBUF_RVT_TT_nldm_211120     0.043740      13     0.568620
NAND2x1p5_ASAP7_75t_R asap7sc7p5t_SIMPLE_RVT_TT_nldm_211120     0.116640       1     0.116640
NAND2x2_ASAP7_75t_R asap7sc7p5t_SIMPLE_RVT_TT_nldm_211120     0.145800       2     0.291600
NAND2xp5_ASAP7_75t_R asap7sc7p5t_SIMPLE_RVT_TT_nldm_211120     0.058320      49     2.857680
NAND2xp33_ASAP7_75t_R asap7sc7p5t_SIMPLE_RVT_TT_nldm_211120     0.058320      19     1.108080
NAND2xp67_ASAP7_75t_R asap7sc7p5t_SIMPLE_RVT_TT_nldm_211120     0.087480       1     0.087480
NAND3x1_ASAP7_75t_R asap7sc7p5t_SIMPLE_RVT_TT_nldm_211120     0.160380       2     0.320760
NAND3xp33_ASAP7_75t_R asap7sc7p5t_SIMPLE_RVT_TT_nldm_211120     0.072900       9     0.656100
NAND4xp25_ASAP7_75t_R asap7sc7p5t_SIMPLE_RVT_TT_nldm_211120     0.087480       1     0.087480
NAND5xp2_ASAP7_75t_R asap7sc7p5t_SIMPLE_RVT_TT_nldm_211120     0.102060       4     0.408240
NOR2x1_ASAP7_75t_R asap7sc7p5t_SIMPLE_RVT_TT_nldm_211120     0.087480      12     1.049760
NOR2xp33_ASAP7_75t_R asap7sc7p5t_SIMPLE_RVT_TT_nldm_211120     0.058320       7     0.408240
NOR2xp67_ASAP7_75t_R asap7sc7p5t_SIMPLE_RVT_TT_nldm_211120     0.087480       2     0.174960
NOR3xp33_ASAP7_75t_R asap7sc7p5t_SIMPLE_RVT_TT_nldm_211120     0.072900       2     0.145800
NOR5xp2_ASAP7_75t_R asap7sc7p5t_SIMPLE_RVT_TT_nldm_211120     0.102060       4     0.408240
OA21x2_ASAP7_75t_R asap7sc7p5t_OA_RVT_TT_nldm_211120     0.102060       2     0.204120
OA31x2_ASAP7_75t_R asap7sc7p5t_OA_RVT_TT_nldm_211120     0.218700       1     0.218700
OAI21xp5_ASAP7_75t_R asap7sc7p5t_OA_RVT_TT_nldm_211120     0.072900      10     0.729000
OAI21xp33_ASAP7_75t_R asap7sc7p5t_OA_RVT_TT_nldm_211120     0.072900      15     1.093500
OAI22xp5_ASAP7_75t_R asap7sc7p5t_OA_RVT_TT_nldm_211120     0.087480       3     0.262440
OAI22xp33_ASAP7_75t_R asap7sc7p5t_OA_RVT_TT_nldm_211120     0.087480       1     0.087480
OAI31xp33_ASAP7_75t_R asap7sc7p5t_OA_RVT_TT_nldm_211120     0.087480       1     0.087480
OAI31xp67_ASAP7_75t_R asap7sc7p5t_OA_RVT_TT_nldm_211120     0.189540       1     0.189540
OAI211xp5_ASAP7_75t_R asap7sc7p5t_OA_RVT_TT_nldm_211120     0.087480       5     0.437400
OR2x2_ASAP7_75t_R  asap7sc7p5t_SIMPLE_RVT_TT_nldm_211120     0.087480       6     0.524880
OR3x1_ASAP7_75t_R  asap7sc7p5t_SIMPLE_RVT_TT_nldm_211120     0.087480       3     0.262440
OR5x1_ASAP7_75t_R  asap7sc7p5t_SIMPLE_RVT_TT_nldm_211120     0.116640       1     0.116640
TIEHIx1_ASAP7_75t_R asap7sc7p5t_SIMPLE_RVT_TT_nldm_211120     0.043740       1     0.043740
TIELOx1_ASAP7_75t_R asap7sc7p5t_SIMPLE_RVT_TT_nldm_211120     0.043740       1     0.043740
XNOR2x1_ASAP7_75t_R asap7sc7p5t_SIMPLE_RVT_TT_nldm_211120     0.174960       1     0.174960
XNOR2x2_ASAP7_75t_R asap7sc7p5t_SIMPLE_RVT_TT_nldm_211120     0.160380       1     0.160380
XNOR2xp5_ASAP7_75t_R asap7sc7p5t_SIMPLE_RVT_TT_nldm_211120     0.131220       5     0.656100
XOR2x2_ASAP7_75t_R asap7sc7p5t_SIMPLE_RVT_TT_nldm_211120     0.160380       2     0.320760
XOR2xp5_ASAP7_75t_R asap7sc7p5t_SIMPLE_RVT_TT_nldm_211120     0.131220       2     0.262440
fp16_mult_2_DW02_mult_0_DW02_mult_5    50.213520       1    50.213520 h
-----------------------------------------------------------------------------
Total 56 references                                    79.810920

****************************************
Design: fp16_mult_2_DW02_mult_0_DW02_mult_5 
****************************************
Reference          Library       Unit Area   Count    Total Area   Attributes
-----------------------------------------------------------------------------
AND2x2_ASAP7_75t_R asap7sc7p5t_SIMPLE_RVT_TT_nldm_211120     0.087480     135    11.809800
AND2x4_ASAP7_75t_R asap7sc7p5t_SIMPLE_RVT_TT_nldm_211120     0.145800       6     0.874800
BUFx3_ASAP7_75t_R  asap7sc7p5t_INVBUF_RVT_TT_nldm_211120     0.087480       2     0.174960
FAx1_ASAP7_75t_R   asap7sc7p5t_SIMPLE_RVT_TT_nldm_211120     0.204120      90    18.370800 r
INVx1_ASAP7_75t_R  asap7sc7p5t_INVBUF_RVT_TT_nldm_211120     0.043740     181     7.916940
INVx2_ASAP7_75t_R  asap7sc7p5t_INVBUF_RVT_TT_nldm_211120     0.058320       1     0.058320
INVxp33_ASAP7_75t_R asap7sc7p5t_INVBUF_RVT_TT_nldm_211120     0.043740       2     0.087480
INVxp67_ASAP7_75t_R asap7sc7p5t_INVBUF_RVT_TT_nldm_211120     0.043740       1     0.043740
TIELOx1_ASAP7_75t_R asap7sc7p5t_SIMPLE_RVT_TT_nldm_211120     0.043740       1     0.043740
XNOR2xp5_ASAP7_75t_R asap7sc7p5t_SIMPLE_RVT_TT_nldm_211120     0.131220       1     0.131220
XOR2x1_ASAP7_75t_R asap7sc7p5t_SIMPLE_RVT_TT_nldm_211120     0.174960       2     0.349920
XOR2x2_ASAP7_75t_R asap7sc7p5t_SIMPLE_RVT_TT_nldm_211120     0.160380      14     2.245320
XOR2xp5_ASAP7_75t_R asap7sc7p5t_SIMPLE_RVT_TT_nldm_211120     0.131220       3     0.393660
fp16_mult_2_DW01_add_5            7.712820       1      7.712820  h
-----------------------------------------------------------------------------
Total 14 references                                    50.213520

****************************************
Design: fp16_mult_2_DW01_add_5 
****************************************
Reference          Library       Unit Area   Count    Total Area   Attributes
-----------------------------------------------------------------------------
AND2x2_ASAP7_75t_R asap7sc7p5t_SIMPLE_RVT_TT_nldm_211120     0.087480       3     0.262440
AOI21x1_ASAP7_75t_R asap7sc7p5t_AO_RVT_TT_nldm_211120     0.116640       1     0.116640
AOI21xp5_ASAP7_75t_R asap7sc7p5t_AO_RVT_TT_nldm_211120     0.072900       2     0.145800
AOI21xp33_ASAP7_75t_R asap7sc7p5t_AO_RVT_TT_nldm_211120     0.072900       1     0.072900
AOI22xp33_ASAP7_75t_R asap7sc7p5t_AO_RVT_TT_nldm_211120     0.087480       1     0.087480
AOI221x1_ASAP7_75t_R asap7sc7p5t_AO_RVT_TT_nldm_211120     0.204120       1     0.204120
INVx1_ASAP7_75t_R  asap7sc7p5t_INVBUF_RVT_TT_nldm_211120     0.043740      15     0.656100
INVx2_ASAP7_75t_R  asap7sc7p5t_INVBUF_RVT_TT_nldm_211120     0.058320       2     0.116640
INVxp33_ASAP7_75t_R asap7sc7p5t_INVBUF_RVT_TT_nldm_211120     0.043740       1     0.043740
INVxp67_ASAP7_75t_R asap7sc7p5t_INVBUF_RVT_TT_nldm_211120     0.043740       1     0.043740
NAND2x1p5_ASAP7_75t_R asap7sc7p5t_SIMPLE_RVT_TT_nldm_211120     0.116640       1     0.116640
NAND2xp5_ASAP7_75t_R asap7sc7p5t_SIMPLE_RVT_TT_nldm_211120     0.058320      17     0.991440
NAND2xp33_ASAP7_75t_R asap7sc7p5t_SIMPLE_RVT_TT_nldm_211120     0.058320       5     0.291600
NAND3x1_ASAP7_75t_R asap7sc7p5t_SIMPLE_RVT_TT_nldm_211120     0.160380       1     0.160380
NAND3xp33_ASAP7_75t_R asap7sc7p5t_SIMPLE_RVT_TT_nldm_211120     0.072900       4     0.291600
NOR2x1_ASAP7_75t_R asap7sc7p5t_SIMPLE_RVT_TT_nldm_211120     0.087480       5     0.437400
NOR2xp33_ASAP7_75t_R asap7sc7p5t_SIMPLE_RVT_TT_nldm_211120     0.058320       4     0.233280
NOR2xp67_ASAP7_75t_R asap7sc7p5t_SIMPLE_RVT_TT_nldm_211120     0.087480       2     0.174960
NOR3xp33_ASAP7_75t_R asap7sc7p5t_SIMPLE_RVT_TT_nldm_211120     0.072900       3     0.218700
OAI21x1_ASAP7_75t_R asap7sc7p5t_OA_RVT_TT_nldm_211120     0.116640       1     0.116640
OAI21xp5_ASAP7_75t_R asap7sc7p5t_OA_RVT_TT_nldm_211120     0.072900       5     0.364500
OR2x2_ASAP7_75t_R  asap7sc7p5t_SIMPLE_RVT_TT_nldm_211120     0.087480      10     0.874800
XNOR2x1_ASAP7_75t_R asap7sc7p5t_SIMPLE_RVT_TT_nldm_211120     0.174960       2     0.349920
XNOR2xp5_ASAP7_75t_R asap7sc7p5t_SIMPLE_RVT_TT_nldm_211120     0.131220       8     1.049760
XOR2x2_ASAP7_75t_R asap7sc7p5t_SIMPLE_RVT_TT_nldm_211120     0.160380       1     0.160380
XOR2xp5_ASAP7_75t_R asap7sc7p5t_SIMPLE_RVT_TT_nldm_211120     0.131220       1     0.131220
-----------------------------------------------------------------------------
Total 26 references                                     7.712820

****************************************
Design: fp16_mult_3 
****************************************
Reference          Library       Unit Area   Count    Total Area   Attributes
-----------------------------------------------------------------------------
A2O1A1Ixp33_ASAP7_75t_R asap7sc7p5t_AO_RVT_TT_nldm_211120     0.087480       5     0.437400
AND2x2_ASAP7_75t_R asap7sc7p5t_SIMPLE_RVT_TT_nldm_211120     0.087480      20     1.749600
AND2x4_ASAP7_75t_R asap7sc7p5t_SIMPLE_RVT_TT_nldm_211120     0.145800       2     0.291600
AND3x1_ASAP7_75t_R asap7sc7p5t_SIMPLE_RVT_TT_nldm_211120     0.087480       5     0.437400
AND4x1_ASAP7_75t_R asap7sc7p5t_SIMPLE_RVT_TT_nldm_211120     0.102060       1     0.102060
AO21x1_ASAP7_75t_R asap7sc7p5t_AO_RVT_TT_nldm_211120     0.087480       2     0.174960
AOI21xp33_ASAP7_75t_R asap7sc7p5t_AO_RVT_TT_nldm_211120     0.072900       1     0.072900
AOI31xp33_ASAP7_75t_R asap7sc7p5t_AO_RVT_TT_nldm_211120     0.087480       5     0.437400
AOI31xp67_ASAP7_75t_R asap7sc7p5t_AO_RVT_TT_nldm_211120     0.189540       3     0.568620
AOI33xp33_ASAP7_75t_R asap7sc7p5t_AO_RVT_TT_nldm_211120     0.116640       2     0.233280
AOI211xp5_ASAP7_75t_R asap7sc7p5t_AO_RVT_TT_nldm_211120     0.087480       1     0.087480
BUFx3_ASAP7_75t_R  asap7sc7p5t_INVBUF_RVT_TT_nldm_211120     0.087480       1     0.087480
BUFx8_ASAP7_75t_R  asap7sc7p5t_INVBUF_RVT_TT_nldm_211120     0.174960       2     0.349920
DFFASRHQNx1_ASAP7_75t_R asap7sc7p5t_SEQ_RVT_TT_nldm_220123     0.379080      17     6.444360 n
HB1xp67_ASAP7_75t_R asap7sc7p5t_INVBUF_RVT_TT_nldm_211120     0.058320       4     0.233280
INVx1_ASAP7_75t_R  asap7sc7p5t_INVBUF_RVT_TT_nldm_211120     0.043740      71     3.105540
INVx2_ASAP7_75t_R  asap7sc7p5t_INVBUF_RVT_TT_nldm_211120     0.058320       3     0.174960
INVx4_ASAP7_75t_R  asap7sc7p5t_INVBUF_RVT_TT_nldm_211120     0.087480       1     0.087480
INVx5_ASAP7_75t_R  asap7sc7p5t_INVBUF_RVT_TT_nldm_211120     0.102060       2     0.204120
INVxp33_ASAP7_75t_R asap7sc7p5t_INVBUF_RVT_TT_nldm_211120     0.043740       6     0.262440
INVxp67_ASAP7_75t_R asap7sc7p5t_INVBUF_RVT_TT_nldm_211120     0.043740       7     0.306180
NAND2x1_ASAP7_75t_R asap7sc7p5t_SIMPLE_RVT_TT_nldm_211120     0.087480       3     0.262440
NAND2x2_ASAP7_75t_R asap7sc7p5t_SIMPLE_RVT_TT_nldm_211120     0.145800       1     0.145800
NAND2xp5_ASAP7_75t_R asap7sc7p5t_SIMPLE_RVT_TT_nldm_211120     0.058320      50     2.916000
NAND2xp33_ASAP7_75t_R asap7sc7p5t_SIMPLE_RVT_TT_nldm_211120     0.058320      15     0.874800
NAND3x1_ASAP7_75t_R asap7sc7p5t_SIMPLE_RVT_TT_nldm_211120     0.160380       1     0.160380
NAND3xp33_ASAP7_75t_R asap7sc7p5t_SIMPLE_RVT_TT_nldm_211120     0.072900      10     0.729000
NAND5xp2_ASAP7_75t_R asap7sc7p5t_SIMPLE_RVT_TT_nldm_211120     0.102060       4     0.408240
NOR2x1_ASAP7_75t_R asap7sc7p5t_SIMPLE_RVT_TT_nldm_211120     0.087480      14     1.224720
NOR2x1p5_ASAP7_75t_R asap7sc7p5t_SIMPLE_RVT_TT_nldm_211120     0.116640       2     0.233280
NOR2x2_ASAP7_75t_R asap7sc7p5t_SIMPLE_RVT_TT_nldm_211120     0.145800       1     0.145800
NOR2xp33_ASAP7_75t_R asap7sc7p5t_SIMPLE_RVT_TT_nldm_211120     0.058320       4     0.233280
NOR2xp67_ASAP7_75t_R asap7sc7p5t_SIMPLE_RVT_TT_nldm_211120     0.087480       1     0.087480
NOR3x1_ASAP7_75t_R asap7sc7p5t_SIMPLE_RVT_TT_nldm_211120     0.160380       1     0.160380
NOR3xp33_ASAP7_75t_R asap7sc7p5t_SIMPLE_RVT_TT_nldm_211120     0.072900       2     0.145800
NOR5xp2_ASAP7_75t_R asap7sc7p5t_SIMPLE_RVT_TT_nldm_211120     0.102060       4     0.408240
OA21x2_ASAP7_75t_R asap7sc7p5t_OA_RVT_TT_nldm_211120     0.102060       2     0.204120
OA31x2_ASAP7_75t_R asap7sc7p5t_OA_RVT_TT_nldm_211120     0.218700       1     0.218700
OAI21xp5_ASAP7_75t_R asap7sc7p5t_OA_RVT_TT_nldm_211120     0.072900      10     0.729000
OAI21xp33_ASAP7_75t_R asap7sc7p5t_OA_RVT_TT_nldm_211120     0.072900      16     1.166400
OAI22xp5_ASAP7_75t_R asap7sc7p5t_OA_RVT_TT_nldm_211120     0.087480       4     0.349920
OAI31xp33_ASAP7_75t_R asap7sc7p5t_OA_RVT_TT_nldm_211120     0.087480       1     0.087480
OAI31xp67_ASAP7_75t_R asap7sc7p5t_OA_RVT_TT_nldm_211120     0.189540       1     0.189540
OAI211xp5_ASAP7_75t_R asap7sc7p5t_OA_RVT_TT_nldm_211120     0.087480       5     0.437400
OAI221xp5_ASAP7_75t_R asap7sc7p5t_OA_RVT_TT_nldm_211120     0.102060       1     0.102060
OR2x2_ASAP7_75t_R  asap7sc7p5t_SIMPLE_RVT_TT_nldm_211120     0.087480       5     0.437400
OR3x1_ASAP7_75t_R  asap7sc7p5t_SIMPLE_RVT_TT_nldm_211120     0.087480       1     0.087480
OR5x1_ASAP7_75t_R  asap7sc7p5t_SIMPLE_RVT_TT_nldm_211120     0.116640       1     0.116640
TIEHIx1_ASAP7_75t_R asap7sc7p5t_SIMPLE_RVT_TT_nldm_211120     0.043740       1     0.043740
TIELOx1_ASAP7_75t_R asap7sc7p5t_SIMPLE_RVT_TT_nldm_211120     0.043740       1     0.043740
XNOR2x2_ASAP7_75t_R asap7sc7p5t_SIMPLE_RVT_TT_nldm_211120     0.160380       2     0.320760
XNOR2xp5_ASAP7_75t_R asap7sc7p5t_SIMPLE_RVT_TT_nldm_211120     0.131220       6     0.787320
XOR2x1_ASAP7_75t_R asap7sc7p5t_SIMPLE_RVT_TT_nldm_211120     0.174960       1     0.174960
XOR2x2_ASAP7_75t_R asap7sc7p5t_SIMPLE_RVT_TT_nldm_211120     0.160380       1     0.160380
XOR2xp5_ASAP7_75t_R asap7sc7p5t_SIMPLE_RVT_TT_nldm_211120     0.131220       2     0.262440
fp16_mult_3_DW02_mult_0_DW02_mult_4    50.505120       1    50.505120 h
-----------------------------------------------------------------------------
Total 56 references                                    80.408700

****************************************
Design: fp16_mult_3_DW02_mult_0_DW02_mult_4 
****************************************
Reference          Library       Unit Area   Count    Total Area   Attributes
-----------------------------------------------------------------------------
AND2x2_ASAP7_75t_R asap7sc7p5t_SIMPLE_RVT_TT_nldm_211120     0.087480     131    11.459880
AND2x4_ASAP7_75t_R asap7sc7p5t_SIMPLE_RVT_TT_nldm_211120     0.145800       8     1.166400
BUFx3_ASAP7_75t_R  asap7sc7p5t_INVBUF_RVT_TT_nldm_211120     0.087480       3     0.262440
BUFx6f_ASAP7_75t_R asap7sc7p5t_INVBUF_RVT_TT_nldm_211120     0.145800       1     0.145800
FAx1_ASAP7_75t_R   asap7sc7p5t_SIMPLE_RVT_TT_nldm_211120     0.204120      90    18.370800 r
INVx1_ASAP7_75t_R  asap7sc7p5t_INVBUF_RVT_TT_nldm_211120     0.043740     181     7.916940
INVx2_ASAP7_75t_R  asap7sc7p5t_INVBUF_RVT_TT_nldm_211120     0.058320       1     0.058320
INVxp67_ASAP7_75t_R asap7sc7p5t_INVBUF_RVT_TT_nldm_211120     0.043740       3     0.131220
NAND2xp5_ASAP7_75t_R asap7sc7p5t_SIMPLE_RVT_TT_nldm_211120     0.058320       2     0.116640
TIELOx1_ASAP7_75t_R asap7sc7p5t_SIMPLE_RVT_TT_nldm_211120     0.043740       1     0.043740
XNOR2xp5_ASAP7_75t_R asap7sc7p5t_SIMPLE_RVT_TT_nldm_211120     0.131220       3     0.393660
XOR2x1_ASAP7_75t_R asap7sc7p5t_SIMPLE_RVT_TT_nldm_211120     0.174960       2     0.349920
XOR2x2_ASAP7_75t_R asap7sc7p5t_SIMPLE_RVT_TT_nldm_211120     0.160380      14     2.245320
XOR2xp5_ASAP7_75t_R asap7sc7p5t_SIMPLE_RVT_TT_nldm_211120     0.131220       1     0.131220
fp16_mult_3_DW01_add_J54_0        7.712820       1      7.712820  h
-----------------------------------------------------------------------------
Total 15 references                                    50.505120

****************************************
Design: fp16_mult_3_DW01_add_J54_0 
****************************************
Reference          Library       Unit Area   Count    Total Area   Attributes
-----------------------------------------------------------------------------
AND2x2_ASAP7_75t_R asap7sc7p5t_SIMPLE_RVT_TT_nldm_211120     0.087480       4     0.349920
AOI21xp5_ASAP7_75t_R asap7sc7p5t_AO_RVT_TT_nldm_211120     0.072900       3     0.218700
AOI21xp33_ASAP7_75t_R asap7sc7p5t_AO_RVT_TT_nldm_211120     0.072900       1     0.072900
AOI22xp33_ASAP7_75t_R asap7sc7p5t_AO_RVT_TT_nldm_211120     0.087480       1     0.087480
AOI221xp5_ASAP7_75t_R asap7sc7p5t_AO_RVT_TT_nldm_211120     0.102060       1     0.102060
HB1xp67_ASAP7_75t_R asap7sc7p5t_INVBUF_RVT_TT_nldm_211120     0.058320       1     0.058320
INVx1_ASAP7_75t_R  asap7sc7p5t_INVBUF_RVT_TT_nldm_211120     0.043740      13     0.568620
INVx2_ASAP7_75t_R  asap7sc7p5t_INVBUF_RVT_TT_nldm_211120     0.058320       2     0.116640
INVxp67_ASAP7_75t_R asap7sc7p5t_INVBUF_RVT_TT_nldm_211120     0.043740       2     0.087480
NAND2x1p5_ASAP7_75t_R asap7sc7p5t_SIMPLE_RVT_TT_nldm_211120     0.116640       1     0.116640
NAND2xp5_ASAP7_75t_R asap7sc7p5t_SIMPLE_RVT_TT_nldm_211120     0.058320      17     0.991440
NAND2xp33_ASAP7_75t_R asap7sc7p5t_SIMPLE_RVT_TT_nldm_211120     0.058320       5     0.291600
NAND3xp33_ASAP7_75t_R asap7sc7p5t_SIMPLE_RVT_TT_nldm_211120     0.072900       5     0.364500
NOR2x1_ASAP7_75t_R asap7sc7p5t_SIMPLE_RVT_TT_nldm_211120     0.087480       3     0.262440
NOR2xp33_ASAP7_75t_R asap7sc7p5t_SIMPLE_RVT_TT_nldm_211120     0.058320       6     0.349920
NOR2xp67_ASAP7_75t_R asap7sc7p5t_SIMPLE_RVT_TT_nldm_211120     0.087480       3     0.262440
NOR3x1_ASAP7_75t_R asap7sc7p5t_SIMPLE_RVT_TT_nldm_211120     0.160380       1     0.160380
NOR3xp33_ASAP7_75t_R asap7sc7p5t_SIMPLE_RVT_TT_nldm_211120     0.072900       2     0.145800
OAI21x1_ASAP7_75t_R asap7sc7p5t_OA_RVT_TT_nldm_211120     0.116640       1     0.116640
OAI21xp5_ASAP7_75t_R asap7sc7p5t_OA_RVT_TT_nldm_211120     0.072900       5     0.364500
OR2x2_ASAP7_75t_R  asap7sc7p5t_SIMPLE_RVT_TT_nldm_211120     0.087480      10     0.874800
OR2x4_ASAP7_75t_R  asap7sc7p5t_SIMPLE_RVT_TT_nldm_211120     0.116640       1     0.116640
XNOR2xp5_ASAP7_75t_R asap7sc7p5t_SIMPLE_RVT_TT_nldm_211120     0.131220       9     1.180980
XOR2x2_ASAP7_75t_R asap7sc7p5t_SIMPLE_RVT_TT_nldm_211120     0.160380       2     0.320760
XOR2xp5_ASAP7_75t_R asap7sc7p5t_SIMPLE_RVT_TT_nldm_211120     0.131220       1     0.131220
-----------------------------------------------------------------------------
Total 25 references                                     7.712820

****************************************
Design: fp16_mult_4 
****************************************
Reference          Library       Unit Area   Count    Total Area   Attributes
-----------------------------------------------------------------------------
A2O1A1Ixp33_ASAP7_75t_R asap7sc7p5t_AO_RVT_TT_nldm_211120     0.087480       4     0.349920
AND2x2_ASAP7_75t_R asap7sc7p5t_SIMPLE_RVT_TT_nldm_211120     0.087480      18     1.574640
AND2x4_ASAP7_75t_R asap7sc7p5t_SIMPLE_RVT_TT_nldm_211120     0.145800       2     0.291600
AND3x1_ASAP7_75t_R asap7sc7p5t_SIMPLE_RVT_TT_nldm_211120     0.087480       3     0.262440
AND4x1_ASAP7_75t_R asap7sc7p5t_SIMPLE_RVT_TT_nldm_211120     0.102060       1     0.102060
AO21x1_ASAP7_75t_R asap7sc7p5t_AO_RVT_TT_nldm_211120     0.087480       2     0.174960
AOI21xp33_ASAP7_75t_R asap7sc7p5t_AO_RVT_TT_nldm_211120     0.072900       1     0.072900
AOI31xp33_ASAP7_75t_R asap7sc7p5t_AO_RVT_TT_nldm_211120     0.087480       5     0.437400
AOI31xp67_ASAP7_75t_R asap7sc7p5t_AO_RVT_TT_nldm_211120     0.189540       2     0.379080
AOI33xp33_ASAP7_75t_R asap7sc7p5t_AO_RVT_TT_nldm_211120     0.116640       2     0.233280
AOI211xp5_ASAP7_75t_R asap7sc7p5t_AO_RVT_TT_nldm_211120     0.087480       1     0.087480
BUFx3_ASAP7_75t_R  asap7sc7p5t_INVBUF_RVT_TT_nldm_211120     0.087480       2     0.174960
BUFx6f_ASAP7_75t_R asap7sc7p5t_INVBUF_RVT_TT_nldm_211120     0.145800       1     0.145800
BUFx8_ASAP7_75t_R  asap7sc7p5t_INVBUF_RVT_TT_nldm_211120     0.174960       2     0.349920
DFFASRHQNx1_ASAP7_75t_R asap7sc7p5t_SEQ_RVT_TT_nldm_220123     0.379080      17     6.444360 n
HB1xp67_ASAP7_75t_R asap7sc7p5t_INVBUF_RVT_TT_nldm_211120     0.058320       4     0.233280
INVx1_ASAP7_75t_R  asap7sc7p5t_INVBUF_RVT_TT_nldm_211120     0.043740      72     3.149280
INVx2_ASAP7_75t_R  asap7sc7p5t_INVBUF_RVT_TT_nldm_211120     0.058320       4     0.233280
INVx3_ASAP7_75t_R  asap7sc7p5t_INVBUF_RVT_TT_nldm_211120     0.072900       1     0.072900
INVx4_ASAP7_75t_R  asap7sc7p5t_INVBUF_RVT_TT_nldm_211120     0.087480       1     0.087480
INVx5_ASAP7_75t_R  asap7sc7p5t_INVBUF_RVT_TT_nldm_211120     0.102060       1     0.102060
INVxp33_ASAP7_75t_R asap7sc7p5t_INVBUF_RVT_TT_nldm_211120     0.043740       4     0.174960
INVxp67_ASAP7_75t_R asap7sc7p5t_INVBUF_RVT_TT_nldm_211120     0.043740       9     0.393660
NAND2x1_ASAP7_75t_R asap7sc7p5t_SIMPLE_RVT_TT_nldm_211120     0.087480       2     0.174960
NAND2x1p5_ASAP7_75t_R asap7sc7p5t_SIMPLE_RVT_TT_nldm_211120     0.116640       2     0.233280
NAND2x2_ASAP7_75t_R asap7sc7p5t_SIMPLE_RVT_TT_nldm_211120     0.145800       2     0.291600
NAND2xp5_ASAP7_75t_R asap7sc7p5t_SIMPLE_RVT_TT_nldm_211120     0.058320      52     3.032640
NAND2xp33_ASAP7_75t_R asap7sc7p5t_SIMPLE_RVT_TT_nldm_211120     0.058320      12     0.699840
NAND3x1_ASAP7_75t_R asap7sc7p5t_SIMPLE_RVT_TT_nldm_211120     0.160380       1     0.160380
NAND3xp33_ASAP7_75t_R asap7sc7p5t_SIMPLE_RVT_TT_nldm_211120     0.072900      16     1.166400
NAND5xp2_ASAP7_75t_R asap7sc7p5t_SIMPLE_RVT_TT_nldm_211120     0.102060       4     0.408240
NOR2x1_ASAP7_75t_R asap7sc7p5t_SIMPLE_RVT_TT_nldm_211120     0.087480      12     1.049760
NOR2x1p5_ASAP7_75t_R asap7sc7p5t_SIMPLE_RVT_TT_nldm_211120     0.116640       1     0.116640
NOR2xp33_ASAP7_75t_R asap7sc7p5t_SIMPLE_RVT_TT_nldm_211120     0.058320       4     0.233280
NOR2xp67_ASAP7_75t_R asap7sc7p5t_SIMPLE_RVT_TT_nldm_211120     0.087480       4     0.349920
NOR3xp33_ASAP7_75t_R asap7sc7p5t_SIMPLE_RVT_TT_nldm_211120     0.072900       2     0.145800
NOR5xp2_ASAP7_75t_R asap7sc7p5t_SIMPLE_RVT_TT_nldm_211120     0.102060       4     0.408240
OA21x2_ASAP7_75t_R asap7sc7p5t_OA_RVT_TT_nldm_211120     0.102060       2     0.204120
OA31x2_ASAP7_75t_R asap7sc7p5t_OA_RVT_TT_nldm_211120     0.218700       1     0.218700
OAI21xp5_ASAP7_75t_R asap7sc7p5t_OA_RVT_TT_nldm_211120     0.072900      13     0.947700
OAI21xp33_ASAP7_75t_R asap7sc7p5t_OA_RVT_TT_nldm_211120     0.072900      13     0.947700
OAI22xp5_ASAP7_75t_R asap7sc7p5t_OA_RVT_TT_nldm_211120     0.087480       3     0.262440
OAI22xp33_ASAP7_75t_R asap7sc7p5t_OA_RVT_TT_nldm_211120     0.087480       1     0.087480
OAI31xp33_ASAP7_75t_R asap7sc7p5t_OA_RVT_TT_nldm_211120     0.087480       1     0.087480
OAI31xp67_ASAP7_75t_R asap7sc7p5t_OA_RVT_TT_nldm_211120     0.189540       1     0.189540
OAI211xp5_ASAP7_75t_R asap7sc7p5t_OA_RVT_TT_nldm_211120     0.087480       5     0.437400
OR2x2_ASAP7_75t_R  asap7sc7p5t_SIMPLE_RVT_TT_nldm_211120     0.087480       6     0.524880
OR2x4_ASAP7_75t_R  asap7sc7p5t_SIMPLE_RVT_TT_nldm_211120     0.116640       1     0.116640
OR3x1_ASAP7_75t_R  asap7sc7p5t_SIMPLE_RVT_TT_nldm_211120     0.087480       2     0.174960
OR5x1_ASAP7_75t_R  asap7sc7p5t_SIMPLE_RVT_TT_nldm_211120     0.116640       1     0.116640
TIEHIx1_ASAP7_75t_R asap7sc7p5t_SIMPLE_RVT_TT_nldm_211120     0.043740       1     0.043740
TIELOx1_ASAP7_75t_R asap7sc7p5t_SIMPLE_RVT_TT_nldm_211120     0.043740       1     0.043740
XNOR2x1_ASAP7_75t_R asap7sc7p5t_SIMPLE_RVT_TT_nldm_211120     0.174960       2     0.349920
XNOR2x2_ASAP7_75t_R asap7sc7p5t_SIMPLE_RVT_TT_nldm_211120     0.160380       1     0.160380
XNOR2xp5_ASAP7_75t_R asap7sc7p5t_SIMPLE_RVT_TT_nldm_211120     0.131220       4     0.524880
XOR2x2_ASAP7_75t_R asap7sc7p5t_SIMPLE_RVT_TT_nldm_211120     0.160380       2     0.320760
XOR2xp5_ASAP7_75t_R asap7sc7p5t_SIMPLE_RVT_TT_nldm_211120     0.131220       3     0.393660
fp16_mult_4_DW02_mult_0_DW02_mult_3    50.694660       1    50.694660 h
-----------------------------------------------------------------------------
Total 58 references                                    80.846100

****************************************
Design: fp16_mult_4_DW02_mult_0_DW02_mult_3 
****************************************
Reference          Library       Unit Area   Count    Total Area   Attributes
-----------------------------------------------------------------------------
AND2x2_ASAP7_75t_R asap7sc7p5t_SIMPLE_RVT_TT_nldm_211120     0.087480     131    11.459880
AND2x4_ASAP7_75t_R asap7sc7p5t_SIMPLE_RVT_TT_nldm_211120     0.145800       9     1.312200
BUFx3_ASAP7_75t_R  asap7sc7p5t_INVBUF_RVT_TT_nldm_211120     0.087480       1     0.087480
BUFx6f_ASAP7_75t_R asap7sc7p5t_INVBUF_RVT_TT_nldm_211120     0.145800       1     0.145800
FAx1_ASAP7_75t_R   asap7sc7p5t_SIMPLE_RVT_TT_nldm_211120     0.204120      90    18.370800 r
HB1xp67_ASAP7_75t_R asap7sc7p5t_INVBUF_RVT_TT_nldm_211120     0.058320       2     0.116640
INVx1_ASAP7_75t_R  asap7sc7p5t_INVBUF_RVT_TT_nldm_211120     0.043740     182     7.960680
INVx2_ASAP7_75t_R  asap7sc7p5t_INVBUF_RVT_TT_nldm_211120     0.058320       3     0.174960
INVxp33_ASAP7_75t_R asap7sc7p5t_INVBUF_RVT_TT_nldm_211120     0.043740       3     0.131220
INVxp67_ASAP7_75t_R asap7sc7p5t_INVBUF_RVT_TT_nldm_211120     0.043740       1     0.043740
NAND2xp5_ASAP7_75t_R asap7sc7p5t_SIMPLE_RVT_TT_nldm_211120     0.058320       1     0.058320
TIELOx1_ASAP7_75t_R asap7sc7p5t_SIMPLE_RVT_TT_nldm_211120     0.043740       1     0.043740
XNOR2xp5_ASAP7_75t_R asap7sc7p5t_SIMPLE_RVT_TT_nldm_211120     0.131220       1     0.131220
XOR2x1_ASAP7_75t_R asap7sc7p5t_SIMPLE_RVT_TT_nldm_211120     0.174960       2     0.349920
XOR2x2_ASAP7_75t_R asap7sc7p5t_SIMPLE_RVT_TT_nldm_211120     0.160380      12     1.924560
XOR2xp5_ASAP7_75t_R asap7sc7p5t_SIMPLE_RVT_TT_nldm_211120     0.131220       5     0.656100
fp16_mult_4_DW01_add_J52_0        7.727400       1      7.727400  h
-----------------------------------------------------------------------------
Total 17 references                                    50.694660

****************************************
Design: fp16_mult_4_DW01_add_J52_0 
****************************************
Reference          Library       Unit Area   Count    Total Area   Attributes
-----------------------------------------------------------------------------
AND2x2_ASAP7_75t_R asap7sc7p5t_SIMPLE_RVT_TT_nldm_211120     0.087480       4     0.349920
AOI21x1_ASAP7_75t_R asap7sc7p5t_AO_RVT_TT_nldm_211120     0.116640       1     0.116640
AOI21xp5_ASAP7_75t_R asap7sc7p5t_AO_RVT_TT_nldm_211120     0.072900       1     0.072900
AOI21xp33_ASAP7_75t_R asap7sc7p5t_AO_RVT_TT_nldm_211120     0.072900       2     0.145800
AOI22xp33_ASAP7_75t_R asap7sc7p5t_AO_RVT_TT_nldm_211120     0.087480       1     0.087480
AOI221x1_ASAP7_75t_R asap7sc7p5t_AO_RVT_TT_nldm_211120     0.204120       1     0.204120
INVx1_ASAP7_75t_R  asap7sc7p5t_INVBUF_RVT_TT_nldm_211120     0.043740      14     0.612360
INVx2_ASAP7_75t_R  asap7sc7p5t_INVBUF_RVT_TT_nldm_211120     0.058320       2     0.116640
INVxp33_ASAP7_75t_R asap7sc7p5t_INVBUF_RVT_TT_nldm_211120     0.043740       1     0.043740
INVxp67_ASAP7_75t_R asap7sc7p5t_INVBUF_RVT_TT_nldm_211120     0.043740       1     0.043740
NAND2x1p5_ASAP7_75t_R asap7sc7p5t_SIMPLE_RVT_TT_nldm_211120     0.116640       2     0.233280
NAND2xp5_ASAP7_75t_R asap7sc7p5t_SIMPLE_RVT_TT_nldm_211120     0.058320      18     1.049760
NAND2xp33_ASAP7_75t_R asap7sc7p5t_SIMPLE_RVT_TT_nldm_211120     0.058320       1     0.058320
NAND3x1_ASAP7_75t_R asap7sc7p5t_SIMPLE_RVT_TT_nldm_211120     0.160380       1     0.160380
NAND3xp33_ASAP7_75t_R asap7sc7p5t_SIMPLE_RVT_TT_nldm_211120     0.072900       4     0.291600
NOR2x1_ASAP7_75t_R asap7sc7p5t_SIMPLE_RVT_TT_nldm_211120     0.087480       3     0.262440
NOR2x1p5_ASAP7_75t_R asap7sc7p5t_SIMPLE_RVT_TT_nldm_211120     0.116640       1     0.116640
NOR2xp33_ASAP7_75t_R asap7sc7p5t_SIMPLE_RVT_TT_nldm_211120     0.058320       6     0.349920
NOR2xp67_ASAP7_75t_R asap7sc7p5t_SIMPLE_RVT_TT_nldm_211120     0.087480       1     0.087480
NOR3x1_ASAP7_75t_R asap7sc7p5t_SIMPLE_RVT_TT_nldm_211120     0.160380       1     0.160380
NOR3xp33_ASAP7_75t_R asap7sc7p5t_SIMPLE_RVT_TT_nldm_211120     0.072900       2     0.145800
OAI21x1_ASAP7_75t_R asap7sc7p5t_OA_RVT_TT_nldm_211120     0.116640       1     0.116640
OAI21xp5_ASAP7_75t_R asap7sc7p5t_OA_RVT_TT_nldm_211120     0.072900       5     0.364500
OR2x2_ASAP7_75t_R  asap7sc7p5t_SIMPLE_RVT_TT_nldm_211120     0.087480      10     0.874800
XNOR2x1_ASAP7_75t_R asap7sc7p5t_SIMPLE_RVT_TT_nldm_211120     0.174960       1     0.174960
XNOR2xp5_ASAP7_75t_R asap7sc7p5t_SIMPLE_RVT_TT_nldm_211120     0.131220       9     1.180980
XOR2x1_ASAP7_75t_R asap7sc7p5t_SIMPLE_RVT_TT_nldm_211120     0.174960       1     0.174960
XOR2xp5_ASAP7_75t_R asap7sc7p5t_SIMPLE_RVT_TT_nldm_211120     0.131220       1     0.131220
-----------------------------------------------------------------------------
Total 28 references                                     7.727400

****************************************
Design: fp16_mult_5 
****************************************
Reference          Library       Unit Area   Count    Total Area   Attributes
-----------------------------------------------------------------------------
A2O1A1Ixp33_ASAP7_75t_R asap7sc7p5t_AO_RVT_TT_nldm_211120     0.087480       5     0.437400
AND2x2_ASAP7_75t_R asap7sc7p5t_SIMPLE_RVT_TT_nldm_211120     0.087480      20     1.749600
AND2x4_ASAP7_75t_R asap7sc7p5t_SIMPLE_RVT_TT_nldm_211120     0.145800       2     0.291600
AND3x1_ASAP7_75t_R asap7sc7p5t_SIMPLE_RVT_TT_nldm_211120     0.087480       4     0.349920
AO21x1_ASAP7_75t_R asap7sc7p5t_AO_RVT_TT_nldm_211120     0.087480       2     0.174960
AOI21xp33_ASAP7_75t_R asap7sc7p5t_AO_RVT_TT_nldm_211120     0.072900       1     0.072900
AOI31xp33_ASAP7_75t_R asap7sc7p5t_AO_RVT_TT_nldm_211120     0.087480       6     0.524880
AOI31xp67_ASAP7_75t_R asap7sc7p5t_AO_RVT_TT_nldm_211120     0.189540       1     0.189540
AOI33xp33_ASAP7_75t_R asap7sc7p5t_AO_RVT_TT_nldm_211120     0.116640       2     0.233280
AOI211xp5_ASAP7_75t_R asap7sc7p5t_AO_RVT_TT_nldm_211120     0.087480       1     0.087480
BUFx3_ASAP7_75t_R  asap7sc7p5t_INVBUF_RVT_TT_nldm_211120     0.087480       2     0.174960
BUFx6f_ASAP7_75t_R asap7sc7p5t_INVBUF_RVT_TT_nldm_211120     0.145800       1     0.145800
BUFx8_ASAP7_75t_R  asap7sc7p5t_INVBUF_RVT_TT_nldm_211120     0.174960       2     0.349920
CKINVDCx20_ASAP7_75t_R asap7sc7p5t_INVBUF_RVT_TT_nldm_211120     0.554040       3     1.662120
DFFASRHQNx1_ASAP7_75t_R asap7sc7p5t_SEQ_RVT_TT_nldm_220123     0.379080      17     6.444360 n
HB1xp67_ASAP7_75t_R asap7sc7p5t_INVBUF_RVT_TT_nldm_211120     0.058320       4     0.233280
INVx1_ASAP7_75t_R  asap7sc7p5t_INVBUF_RVT_TT_nldm_211120     0.043740      66     2.886840
INVx2_ASAP7_75t_R  asap7sc7p5t_INVBUF_RVT_TT_nldm_211120     0.058320       4     0.233280
INVx3_ASAP7_75t_R  asap7sc7p5t_INVBUF_RVT_TT_nldm_211120     0.072900       1     0.072900
INVx4_ASAP7_75t_R  asap7sc7p5t_INVBUF_RVT_TT_nldm_211120     0.087480       1     0.087480
INVx5_ASAP7_75t_R  asap7sc7p5t_INVBUF_RVT_TT_nldm_211120     0.102060       1     0.102060
INVxp33_ASAP7_75t_R asap7sc7p5t_INVBUF_RVT_TT_nldm_211120     0.043740       7     0.306180
INVxp67_ASAP7_75t_R asap7sc7p5t_INVBUF_RVT_TT_nldm_211120     0.043740      14     0.612360
NAND2x1_ASAP7_75t_R asap7sc7p5t_SIMPLE_RVT_TT_nldm_211120     0.087480       5     0.437400
NAND2x2_ASAP7_75t_R asap7sc7p5t_SIMPLE_RVT_TT_nldm_211120     0.145800       1     0.145800
NAND2xp5_ASAP7_75t_R asap7sc7p5t_SIMPLE_RVT_TT_nldm_211120     0.058320      43     2.507760
NAND2xp33_ASAP7_75t_R asap7sc7p5t_SIMPLE_RVT_TT_nldm_211120     0.058320      19     1.108080
NAND3x1_ASAP7_75t_R asap7sc7p5t_SIMPLE_RVT_TT_nldm_211120     0.160380       3     0.481140
NAND3xp33_ASAP7_75t_R asap7sc7p5t_SIMPLE_RVT_TT_nldm_211120     0.072900      12     0.874800
NAND4xp25_ASAP7_75t_R asap7sc7p5t_SIMPLE_RVT_TT_nldm_211120     0.087480       1     0.087480
NAND5xp2_ASAP7_75t_R asap7sc7p5t_SIMPLE_RVT_TT_nldm_211120     0.102060       4     0.408240
NOR2x1_ASAP7_75t_R asap7sc7p5t_SIMPLE_RVT_TT_nldm_211120     0.087480      13     1.137240
NOR2x1p5_ASAP7_75t_R asap7sc7p5t_SIMPLE_RVT_TT_nldm_211120     0.116640       1     0.116640
NOR2xp33_ASAP7_75t_R asap7sc7p5t_SIMPLE_RVT_TT_nldm_211120     0.058320       7     0.408240
NOR2xp67_ASAP7_75t_R asap7sc7p5t_SIMPLE_RVT_TT_nldm_211120     0.087480       2     0.174960
NOR3x1_ASAP7_75t_R asap7sc7p5t_SIMPLE_RVT_TT_nldm_211120     0.160380       1     0.160380
NOR3xp33_ASAP7_75t_R asap7sc7p5t_SIMPLE_RVT_TT_nldm_211120     0.072900       2     0.145800
NOR5xp2_ASAP7_75t_R asap7sc7p5t_SIMPLE_RVT_TT_nldm_211120     0.102060       4     0.408240
OA21x2_ASAP7_75t_R asap7sc7p5t_OA_RVT_TT_nldm_211120     0.102060       2     0.204120
OA31x2_ASAP7_75t_R asap7sc7p5t_OA_RVT_TT_nldm_211120     0.218700       1     0.218700
OAI21xp5_ASAP7_75t_R asap7sc7p5t_OA_RVT_TT_nldm_211120     0.072900      10     0.729000
OAI21xp33_ASAP7_75t_R asap7sc7p5t_OA_RVT_TT_nldm_211120     0.072900      16     1.166400
OAI22xp5_ASAP7_75t_R asap7sc7p5t_OA_RVT_TT_nldm_211120     0.087480       3     0.262440
OAI22xp33_ASAP7_75t_R asap7sc7p5t_OA_RVT_TT_nldm_211120     0.087480       1     0.087480
OAI31xp33_ASAP7_75t_R asap7sc7p5t_OA_RVT_TT_nldm_211120     0.087480       1     0.087480
OAI31xp67_ASAP7_75t_R asap7sc7p5t_OA_RVT_TT_nldm_211120     0.189540       1     0.189540
OAI211xp5_ASAP7_75t_R asap7sc7p5t_OA_RVT_TT_nldm_211120     0.087480       5     0.437400
OR2x2_ASAP7_75t_R  asap7sc7p5t_SIMPLE_RVT_TT_nldm_211120     0.087480       6     0.524880
OR2x4_ASAP7_75t_R  asap7sc7p5t_SIMPLE_RVT_TT_nldm_211120     0.116640       1     0.116640
OR3x1_ASAP7_75t_R  asap7sc7p5t_SIMPLE_RVT_TT_nldm_211120     0.087480       1     0.087480
OR5x1_ASAP7_75t_R  asap7sc7p5t_SIMPLE_RVT_TT_nldm_211120     0.116640       1     0.116640
TIEHIx1_ASAP7_75t_R asap7sc7p5t_SIMPLE_RVT_TT_nldm_211120     0.043740       1     0.043740
TIELOx1_ASAP7_75t_R asap7sc7p5t_SIMPLE_RVT_TT_nldm_211120     0.043740       1     0.043740
XNOR2x1_ASAP7_75t_R asap7sc7p5t_SIMPLE_RVT_TT_nldm_211120     0.174960       1     0.174960
XNOR2x2_ASAP7_75t_R asap7sc7p5t_SIMPLE_RVT_TT_nldm_211120     0.160380       1     0.160380
XNOR2xp5_ASAP7_75t_R asap7sc7p5t_SIMPLE_RVT_TT_nldm_211120     0.131220       6     0.787320
XOR2x2_ASAP7_75t_R asap7sc7p5t_SIMPLE_RVT_TT_nldm_211120     0.160380       1     0.160380
XOR2xp5_ASAP7_75t_R asap7sc7p5t_SIMPLE_RVT_TT_nldm_211120     0.131220       3     0.393660
fp16_mult_5_DW02_mult_0_DW02_mult_2    50.257260       1    50.257260 h
-----------------------------------------------------------------------------
Total 59 references                                    82.274940

****************************************
Design: fp16_mult_5_DW02_mult_0_DW02_mult_2 
****************************************
Reference          Library       Unit Area   Count    Total Area   Attributes
-----------------------------------------------------------------------------
AND2x2_ASAP7_75t_R asap7sc7p5t_SIMPLE_RVT_TT_nldm_211120     0.087480     136    11.897280
AND2x4_ASAP7_75t_R asap7sc7p5t_SIMPLE_RVT_TT_nldm_211120     0.145800       5     0.729000
BUFx6f_ASAP7_75t_R asap7sc7p5t_INVBUF_RVT_TT_nldm_211120     0.145800       1     0.145800
FAx1_ASAP7_75t_R   asap7sc7p5t_SIMPLE_RVT_TT_nldm_211120     0.204120      90    18.370800 r
HB1xp67_ASAP7_75t_R asap7sc7p5t_INVBUF_RVT_TT_nldm_211120     0.058320       2     0.116640
INVx1_ASAP7_75t_R  asap7sc7p5t_INVBUF_RVT_TT_nldm_211120     0.043740     177     7.741980
INVx2_ASAP7_75t_R  asap7sc7p5t_INVBUF_RVT_TT_nldm_211120     0.058320       1     0.058320
INVxp33_ASAP7_75t_R asap7sc7p5t_INVBUF_RVT_TT_nldm_211120     0.043740       2     0.087480
INVxp67_ASAP7_75t_R asap7sc7p5t_INVBUF_RVT_TT_nldm_211120     0.043740       6     0.262440
TIELOx1_ASAP7_75t_R asap7sc7p5t_SIMPLE_RVT_TT_nldm_211120     0.043740       1     0.043740
XNOR2xp5_ASAP7_75t_R asap7sc7p5t_SIMPLE_RVT_TT_nldm_211120     0.131220       1     0.131220
XOR2x1_ASAP7_75t_R asap7sc7p5t_SIMPLE_RVT_TT_nldm_211120     0.174960       1     0.174960
XOR2x2_ASAP7_75t_R asap7sc7p5t_SIMPLE_RVT_TT_nldm_211120     0.160380      14     2.245320
XOR2xp5_ASAP7_75t_R asap7sc7p5t_SIMPLE_RVT_TT_nldm_211120     0.131220       4     0.524880
fp16_mult_5_DW01_add_J53_0        7.727400       1      7.727400  h
-----------------------------------------------------------------------------
Total 15 references                                    50.257260

****************************************
Design: fp16_mult_5_DW01_add_J53_0 
****************************************
Reference          Library       Unit Area   Count    Total Area   Attributes
-----------------------------------------------------------------------------
AND2x2_ASAP7_75t_R asap7sc7p5t_SIMPLE_RVT_TT_nldm_211120     0.087480       4     0.349920
AND2x4_ASAP7_75t_R asap7sc7p5t_SIMPLE_RVT_TT_nldm_211120     0.145800       1     0.145800
AOI21x1_ASAP7_75t_R asap7sc7p5t_AO_RVT_TT_nldm_211120     0.116640       1     0.116640
AOI21xp5_ASAP7_75t_R asap7sc7p5t_AO_RVT_TT_nldm_211120     0.072900       1     0.072900
AOI21xp33_ASAP7_75t_R asap7sc7p5t_AO_RVT_TT_nldm_211120     0.072900       2     0.145800
AOI22xp33_ASAP7_75t_R asap7sc7p5t_AO_RVT_TT_nldm_211120     0.087480       1     0.087480
AOI221xp5_ASAP7_75t_R asap7sc7p5t_AO_RVT_TT_nldm_211120     0.102060       1     0.102060
HB1xp67_ASAP7_75t_R asap7sc7p5t_INVBUF_RVT_TT_nldm_211120     0.058320       2     0.116640
INVx1_ASAP7_75t_R  asap7sc7p5t_INVBUF_RVT_TT_nldm_211120     0.043740      14     0.612360
INVx2_ASAP7_75t_R  asap7sc7p5t_INVBUF_RVT_TT_nldm_211120     0.058320       2     0.116640
INVxp33_ASAP7_75t_R asap7sc7p5t_INVBUF_RVT_TT_nldm_211120     0.043740       1     0.043740
INVxp67_ASAP7_75t_R asap7sc7p5t_INVBUF_RVT_TT_nldm_211120     0.043740       2     0.087480
NAND2x1p5_ASAP7_75t_R asap7sc7p5t_SIMPLE_RVT_TT_nldm_211120     0.116640       2     0.233280
NAND2xp5_ASAP7_75t_R asap7sc7p5t_SIMPLE_RVT_TT_nldm_211120     0.058320      12     0.699840
NAND2xp33_ASAP7_75t_R asap7sc7p5t_SIMPLE_RVT_TT_nldm_211120     0.058320       6     0.349920
NAND3xp33_ASAP7_75t_R asap7sc7p5t_SIMPLE_RVT_TT_nldm_211120     0.072900       7     0.510300
NOR2x1_ASAP7_75t_R asap7sc7p5t_SIMPLE_RVT_TT_nldm_211120     0.087480       4     0.349920
NOR2xp33_ASAP7_75t_R asap7sc7p5t_SIMPLE_RVT_TT_nldm_211120     0.058320       5     0.291600
NOR2xp67_ASAP7_75t_R asap7sc7p5t_SIMPLE_RVT_TT_nldm_211120     0.087480       1     0.087480
NOR3x1_ASAP7_75t_R asap7sc7p5t_SIMPLE_RVT_TT_nldm_211120     0.160380       1     0.160380
NOR3xp33_ASAP7_75t_R asap7sc7p5t_SIMPLE_RVT_TT_nldm_211120     0.072900       2     0.145800
OA21x2_ASAP7_75t_R asap7sc7p5t_OA_RVT_TT_nldm_211120     0.102060       1     0.102060
OAI21xp5_ASAP7_75t_R asap7sc7p5t_OA_RVT_TT_nldm_211120     0.072900       5     0.364500
OR2x2_ASAP7_75t_R  asap7sc7p5t_SIMPLE_RVT_TT_nldm_211120     0.087480       9     0.787320
XNOR2x1_ASAP7_75t_R asap7sc7p5t_SIMPLE_RVT_TT_nldm_211120     0.174960       1     0.174960
XNOR2xp5_ASAP7_75t_R asap7sc7p5t_SIMPLE_RVT_TT_nldm_211120     0.131220       9     1.180980
XOR2x2_ASAP7_75t_R asap7sc7p5t_SIMPLE_RVT_TT_nldm_211120     0.160380       1     0.160380
XOR2xp5_ASAP7_75t_R asap7sc7p5t_SIMPLE_RVT_TT_nldm_211120     0.131220       1     0.131220
-----------------------------------------------------------------------------
Total 28 references                                     7.727400

****************************************
Design: fp16_mult_6 
****************************************
Reference          Library       Unit Area   Count    Total Area   Attributes
-----------------------------------------------------------------------------
A2O1A1Ixp33_ASAP7_75t_R asap7sc7p5t_AO_RVT_TT_nldm_211120     0.087480       4     0.349920
AND2x2_ASAP7_75t_R asap7sc7p5t_SIMPLE_RVT_TT_nldm_211120     0.087480      19     1.662120
AND2x4_ASAP7_75t_R asap7sc7p5t_SIMPLE_RVT_TT_nldm_211120     0.145800       2     0.291600
AND3x1_ASAP7_75t_R asap7sc7p5t_SIMPLE_RVT_TT_nldm_211120     0.087480       4     0.349920
AND4x1_ASAP7_75t_R asap7sc7p5t_SIMPLE_RVT_TT_nldm_211120     0.102060       1     0.102060
AO21x1_ASAP7_75t_R asap7sc7p5t_AO_RVT_TT_nldm_211120     0.087480       2     0.174960
AOI21xp33_ASAP7_75t_R asap7sc7p5t_AO_RVT_TT_nldm_211120     0.072900       1     0.072900
AOI31xp33_ASAP7_75t_R asap7sc7p5t_AO_RVT_TT_nldm_211120     0.087480       5     0.437400
AOI31xp67_ASAP7_75t_R asap7sc7p5t_AO_RVT_TT_nldm_211120     0.189540       2     0.379080
AOI33xp33_ASAP7_75t_R asap7sc7p5t_AO_RVT_TT_nldm_211120     0.116640       2     0.233280
AOI211xp5_ASAP7_75t_R asap7sc7p5t_AO_RVT_TT_nldm_211120     0.087480       1     0.087480
BUFx6f_ASAP7_75t_R asap7sc7p5t_INVBUF_RVT_TT_nldm_211120     0.145800       1     0.145800
BUFx8_ASAP7_75t_R  asap7sc7p5t_INVBUF_RVT_TT_nldm_211120     0.174960       2     0.349920
DFFASRHQNx1_ASAP7_75t_R asap7sc7p5t_SEQ_RVT_TT_nldm_220123     0.379080      17     6.444360 n
HB1xp67_ASAP7_75t_R asap7sc7p5t_INVBUF_RVT_TT_nldm_211120     0.058320       6     0.349920
INVx1_ASAP7_75t_R  asap7sc7p5t_INVBUF_RVT_TT_nldm_211120     0.043740      64     2.799360
INVx2_ASAP7_75t_R  asap7sc7p5t_INVBUF_RVT_TT_nldm_211120     0.058320       5     0.291600
INVx5_ASAP7_75t_R  asap7sc7p5t_INVBUF_RVT_TT_nldm_211120     0.102060       1     0.102060
INVxp33_ASAP7_75t_R asap7sc7p5t_INVBUF_RVT_TT_nldm_211120     0.043740      11     0.481140
INVxp67_ASAP7_75t_R asap7sc7p5t_INVBUF_RVT_TT_nldm_211120     0.043740       7     0.306180
NAND2x1_ASAP7_75t_R asap7sc7p5t_SIMPLE_RVT_TT_nldm_211120     0.087480       2     0.174960
NAND2x1p5_ASAP7_75t_R asap7sc7p5t_SIMPLE_RVT_TT_nldm_211120     0.116640       2     0.233280
NAND2x2_ASAP7_75t_R asap7sc7p5t_SIMPLE_RVT_TT_nldm_211120     0.145800       2     0.291600
NAND2xp5_ASAP7_75t_R asap7sc7p5t_SIMPLE_RVT_TT_nldm_211120     0.058320      42     2.449440
NAND2xp33_ASAP7_75t_R asap7sc7p5t_SIMPLE_RVT_TT_nldm_211120     0.058320      18     1.049760
NAND2xp67_ASAP7_75t_R asap7sc7p5t_SIMPLE_RVT_TT_nldm_211120     0.087480       1     0.087480
NAND3x1_ASAP7_75t_R asap7sc7p5t_SIMPLE_RVT_TT_nldm_211120     0.160380       2     0.320760
NAND3xp33_ASAP7_75t_R asap7sc7p5t_SIMPLE_RVT_TT_nldm_211120     0.072900      11     0.801900
NAND5xp2_ASAP7_75t_R asap7sc7p5t_SIMPLE_RVT_TT_nldm_211120     0.102060       4     0.408240
NOR2x1_ASAP7_75t_R asap7sc7p5t_SIMPLE_RVT_TT_nldm_211120     0.087480      12     1.049760
NOR2x1p5_ASAP7_75t_R asap7sc7p5t_SIMPLE_RVT_TT_nldm_211120     0.116640       1     0.116640
NOR2xp33_ASAP7_75t_R asap7sc7p5t_SIMPLE_RVT_TT_nldm_211120     0.058320       5     0.291600
NOR2xp67_ASAP7_75t_R asap7sc7p5t_SIMPLE_RVT_TT_nldm_211120     0.087480       2     0.174960
NOR3x1_ASAP7_75t_R asap7sc7p5t_SIMPLE_RVT_TT_nldm_211120     0.160380       1     0.160380
NOR3xp33_ASAP7_75t_R asap7sc7p5t_SIMPLE_RVT_TT_nldm_211120     0.072900       2     0.145800
NOR5xp2_ASAP7_75t_R asap7sc7p5t_SIMPLE_RVT_TT_nldm_211120     0.102060       4     0.408240
OA21x2_ASAP7_75t_R asap7sc7p5t_OA_RVT_TT_nldm_211120     0.102060       2     0.204120
OA31x2_ASAP7_75t_R asap7sc7p5t_OA_RVT_TT_nldm_211120     0.218700       1     0.218700
OAI21xp5_ASAP7_75t_R asap7sc7p5t_OA_RVT_TT_nldm_211120     0.072900      10     0.729000
OAI21xp33_ASAP7_75t_R asap7sc7p5t_OA_RVT_TT_nldm_211120     0.072900      16     1.166400
OAI22xp5_ASAP7_75t_R asap7sc7p5t_OA_RVT_TT_nldm_211120     0.087480       3     0.262440
OAI22xp33_ASAP7_75t_R asap7sc7p5t_OA_RVT_TT_nldm_211120     0.087480       1     0.087480
OAI31xp33_ASAP7_75t_R asap7sc7p5t_OA_RVT_TT_nldm_211120     0.087480       1     0.087480
OAI31xp67_ASAP7_75t_R asap7sc7p5t_OA_RVT_TT_nldm_211120     0.189540       1     0.189540
OAI211xp5_ASAP7_75t_R asap7sc7p5t_OA_RVT_TT_nldm_211120     0.087480       5     0.437400
OR2x2_ASAP7_75t_R  asap7sc7p5t_SIMPLE_RVT_TT_nldm_211120     0.087480       8     0.699840
OR3x1_ASAP7_75t_R  asap7sc7p5t_SIMPLE_RVT_TT_nldm_211120     0.087480       1     0.087480
OR5x1_ASAP7_75t_R  asap7sc7p5t_SIMPLE_RVT_TT_nldm_211120     0.116640       1     0.116640
TIEHIx1_ASAP7_75t_R asap7sc7p5t_SIMPLE_RVT_TT_nldm_211120     0.043740       1     0.043740
TIELOx1_ASAP7_75t_R asap7sc7p5t_SIMPLE_RVT_TT_nldm_211120     0.043740       1     0.043740
XNOR2x1_ASAP7_75t_R asap7sc7p5t_SIMPLE_RVT_TT_nldm_211120     0.174960       1     0.174960
XNOR2x2_ASAP7_75t_R asap7sc7p5t_SIMPLE_RVT_TT_nldm_211120     0.160380       3     0.481140
XNOR2xp5_ASAP7_75t_R asap7sc7p5t_SIMPLE_RVT_TT_nldm_211120     0.131220       4     0.524880
XOR2x2_ASAP7_75t_R asap7sc7p5t_SIMPLE_RVT_TT_nldm_211120     0.160380       1     0.160380
XOR2xp5_ASAP7_75t_R asap7sc7p5t_SIMPLE_RVT_TT_nldm_211120     0.131220       3     0.393660
fp16_mult_6_DW02_mult_0_DW02_mult_1    50.446800       1    50.446800 h
-----------------------------------------------------------------------------
Total 56 references                                    80.131680

****************************************
Design: fp16_mult_6_DW02_mult_0_DW02_mult_1 
****************************************
Reference          Library       Unit Area   Count    Total Area   Attributes
-----------------------------------------------------------------------------
AND2x2_ASAP7_75t_R asap7sc7p5t_SIMPLE_RVT_TT_nldm_211120     0.087480     131    11.459880
AND2x4_ASAP7_75t_R asap7sc7p5t_SIMPLE_RVT_TT_nldm_211120     0.145800      10     1.458000
BUFx3_ASAP7_75t_R  asap7sc7p5t_INVBUF_RVT_TT_nldm_211120     0.087480       2     0.174960
BUFx6f_ASAP7_75t_R asap7sc7p5t_INVBUF_RVT_TT_nldm_211120     0.145800       1     0.145800
FAx1_ASAP7_75t_R   asap7sc7p5t_SIMPLE_RVT_TT_nldm_211120     0.204120      90    18.370800 r
INVx1_ASAP7_75t_R  asap7sc7p5t_INVBUF_RVT_TT_nldm_211120     0.043740     181     7.916940
INVxp33_ASAP7_75t_R asap7sc7p5t_INVBUF_RVT_TT_nldm_211120     0.043740       1     0.043740
INVxp67_ASAP7_75t_R asap7sc7p5t_INVBUF_RVT_TT_nldm_211120     0.043740       1     0.043740
TIELOx1_ASAP7_75t_R asap7sc7p5t_SIMPLE_RVT_TT_nldm_211120     0.043740       1     0.043740
XNOR2xp5_ASAP7_75t_R asap7sc7p5t_SIMPLE_RVT_TT_nldm_211120     0.131220       1     0.131220
XOR2x2_ASAP7_75t_R asap7sc7p5t_SIMPLE_RVT_TT_nldm_211120     0.160380      14     2.245320
XOR2xp5_ASAP7_75t_R asap7sc7p5t_SIMPLE_RVT_TT_nldm_211120     0.131220       5     0.656100
fp16_mult_6_DW01_add_J54_0        7.756560       1      7.756560  h
-----------------------------------------------------------------------------
Total 13 references                                    50.446800

****************************************
Design: fp16_mult_6_DW01_add_J54_0 
****************************************
Reference          Library       Unit Area   Count    Total Area   Attributes
-----------------------------------------------------------------------------
AND2x2_ASAP7_75t_R asap7sc7p5t_SIMPLE_RVT_TT_nldm_211120     0.087480       3     0.262440
AOI21x1_ASAP7_75t_R asap7sc7p5t_AO_RVT_TT_nldm_211120     0.116640       1     0.116640
AOI21xp5_ASAP7_75t_R asap7sc7p5t_AO_RVT_TT_nldm_211120     0.072900       2     0.145800
AOI21xp33_ASAP7_75t_R asap7sc7p5t_AO_RVT_TT_nldm_211120     0.072900       1     0.072900
AOI22xp33_ASAP7_75t_R asap7sc7p5t_AO_RVT_TT_nldm_211120     0.087480       1     0.087480
AOI221x1_ASAP7_75t_R asap7sc7p5t_AO_RVT_TT_nldm_211120     0.204120       1     0.204120
HB1xp67_ASAP7_75t_R asap7sc7p5t_INVBUF_RVT_TT_nldm_211120     0.058320       1     0.058320
INVx1_ASAP7_75t_R  asap7sc7p5t_INVBUF_RVT_TT_nldm_211120     0.043740      14     0.612360
INVx2_ASAP7_75t_R  asap7sc7p5t_INVBUF_RVT_TT_nldm_211120     0.058320       2     0.116640
INVxp33_ASAP7_75t_R asap7sc7p5t_INVBUF_RVT_TT_nldm_211120     0.043740       1     0.043740
INVxp67_ASAP7_75t_R asap7sc7p5t_INVBUF_RVT_TT_nldm_211120     0.043740       2     0.087480
NAND2x1p5_ASAP7_75t_R asap7sc7p5t_SIMPLE_RVT_TT_nldm_211120     0.116640       1     0.116640
NAND2xp5_ASAP7_75t_R asap7sc7p5t_SIMPLE_RVT_TT_nldm_211120     0.058320      20     1.166400
NAND2xp33_ASAP7_75t_R asap7sc7p5t_SIMPLE_RVT_TT_nldm_211120     0.058320       2     0.116640
NAND3xp33_ASAP7_75t_R asap7sc7p5t_SIMPLE_RVT_TT_nldm_211120     0.072900       5     0.364500
NOR2x1_ASAP7_75t_R asap7sc7p5t_SIMPLE_RVT_TT_nldm_211120     0.087480       3     0.262440
NOR2xp33_ASAP7_75t_R asap7sc7p5t_SIMPLE_RVT_TT_nldm_211120     0.058320       6     0.349920
NOR2xp67_ASAP7_75t_R asap7sc7p5t_SIMPLE_RVT_TT_nldm_211120     0.087480       2     0.174960
NOR3x1_ASAP7_75t_R asap7sc7p5t_SIMPLE_RVT_TT_nldm_211120     0.160380       2     0.320760
NOR3xp33_ASAP7_75t_R asap7sc7p5t_SIMPLE_RVT_TT_nldm_211120     0.072900       1     0.072900
OAI21x1_ASAP7_75t_R asap7sc7p5t_OA_RVT_TT_nldm_211120     0.116640       2     0.233280
OAI21xp5_ASAP7_75t_R asap7sc7p5t_OA_RVT_TT_nldm_211120     0.072900       4     0.291600
OR2x2_ASAP7_75t_R  asap7sc7p5t_SIMPLE_RVT_TT_nldm_211120     0.087480       9     0.787320
XNOR2x1_ASAP7_75t_R asap7sc7p5t_SIMPLE_RVT_TT_nldm_211120     0.174960       1     0.174960
XNOR2xp5_ASAP7_75t_R asap7sc7p5t_SIMPLE_RVT_TT_nldm_211120     0.131220       9     1.180980
XOR2x1_ASAP7_75t_R asap7sc7p5t_SIMPLE_RVT_TT_nldm_211120     0.174960       1     0.174960
XOR2x2_ASAP7_75t_R asap7sc7p5t_SIMPLE_RVT_TT_nldm_211120     0.160380       1     0.160380
-----------------------------------------------------------------------------
Total 27 references                                     7.756560

****************************************
Design: fp16_mult_7 
****************************************
Reference          Library       Unit Area   Count    Total Area   Attributes
-----------------------------------------------------------------------------
A2O1A1Ixp33_ASAP7_75t_R asap7sc7p5t_AO_RVT_TT_nldm_211120     0.087480       4     0.349920
AND2x2_ASAP7_75t_R asap7sc7p5t_SIMPLE_RVT_TT_nldm_211120     0.087480      18     1.574640
AND2x4_ASAP7_75t_R asap7sc7p5t_SIMPLE_RVT_TT_nldm_211120     0.145800       2     0.291600
AND3x1_ASAP7_75t_R asap7sc7p5t_SIMPLE_RVT_TT_nldm_211120     0.087480       2     0.174960
AND3x2_ASAP7_75t_R asap7sc7p5t_SIMPLE_RVT_TT_nldm_211120     0.102060       1     0.102060
AND4x1_ASAP7_75t_R asap7sc7p5t_SIMPLE_RVT_TT_nldm_211120     0.102060       1     0.102060
AO21x1_ASAP7_75t_R asap7sc7p5t_AO_RVT_TT_nldm_211120     0.087480       2     0.174960
AOI21xp33_ASAP7_75t_R asap7sc7p5t_AO_RVT_TT_nldm_211120     0.072900       1     0.072900
AOI31xp33_ASAP7_75t_R asap7sc7p5t_AO_RVT_TT_nldm_211120     0.087480       5     0.437400
AOI31xp67_ASAP7_75t_R asap7sc7p5t_AO_RVT_TT_nldm_211120     0.189540       3     0.568620
AOI33xp33_ASAP7_75t_R asap7sc7p5t_AO_RVT_TT_nldm_211120     0.116640       2     0.233280
AOI211xp5_ASAP7_75t_R asap7sc7p5t_AO_RVT_TT_nldm_211120     0.087480       1     0.087480
BUFx6f_ASAP7_75t_R asap7sc7p5t_INVBUF_RVT_TT_nldm_211120     0.145800       1     0.145800
BUFx8_ASAP7_75t_R  asap7sc7p5t_INVBUF_RVT_TT_nldm_211120     0.174960       2     0.349920
CKINVDCx20_ASAP7_75t_R asap7sc7p5t_INVBUF_RVT_TT_nldm_211120     0.554040       1     0.554040
DFFASRHQNx1_ASAP7_75t_R asap7sc7p5t_SEQ_RVT_TT_nldm_220123     0.379080      17     6.444360 n
HB1xp67_ASAP7_75t_R asap7sc7p5t_INVBUF_RVT_TT_nldm_211120     0.058320       3     0.174960
INVx1_ASAP7_75t_R  asap7sc7p5t_INVBUF_RVT_TT_nldm_211120     0.043740      76     3.324240
INVx2_ASAP7_75t_R  asap7sc7p5t_INVBUF_RVT_TT_nldm_211120     0.058320       2     0.116640
INVx3_ASAP7_75t_R  asap7sc7p5t_INVBUF_RVT_TT_nldm_211120     0.072900       2     0.145800
INVx5_ASAP7_75t_R  asap7sc7p5t_INVBUF_RVT_TT_nldm_211120     0.102060       1     0.102060
INVxp33_ASAP7_75t_R asap7sc7p5t_INVBUF_RVT_TT_nldm_211120     0.043740       7     0.306180
INVxp67_ASAP7_75t_R asap7sc7p5t_INVBUF_RVT_TT_nldm_211120     0.043740       5     0.218700
NAND2x1_ASAP7_75t_R asap7sc7p5t_SIMPLE_RVT_TT_nldm_211120     0.087480       2     0.174960
NAND2x1p5_ASAP7_75t_R asap7sc7p5t_SIMPLE_RVT_TT_nldm_211120     0.116640       2     0.233280
NAND2xp5_ASAP7_75t_R asap7sc7p5t_SIMPLE_RVT_TT_nldm_211120     0.058320      54     3.149280
NAND2xp33_ASAP7_75t_R asap7sc7p5t_SIMPLE_RVT_TT_nldm_211120     0.058320       9     0.524880
NAND2xp67_ASAP7_75t_R asap7sc7p5t_SIMPLE_RVT_TT_nldm_211120     0.087480       2     0.174960
NAND3x1_ASAP7_75t_R asap7sc7p5t_SIMPLE_RVT_TT_nldm_211120     0.160380       1     0.160380
NAND3xp33_ASAP7_75t_R asap7sc7p5t_SIMPLE_RVT_TT_nldm_211120     0.072900      11     0.801900
NAND5xp2_ASAP7_75t_R asap7sc7p5t_SIMPLE_RVT_TT_nldm_211120     0.102060       4     0.408240
NOR2x1_ASAP7_75t_R asap7sc7p5t_SIMPLE_RVT_TT_nldm_211120     0.087480      14     1.224720
NOR2x1p5_ASAP7_75t_R asap7sc7p5t_SIMPLE_RVT_TT_nldm_211120     0.116640       1     0.116640
NOR2x2_ASAP7_75t_R asap7sc7p5t_SIMPLE_RVT_TT_nldm_211120     0.145800       1     0.145800
NOR2xp33_ASAP7_75t_R asap7sc7p5t_SIMPLE_RVT_TT_nldm_211120     0.058320       5     0.291600
NOR3x1_ASAP7_75t_R asap7sc7p5t_SIMPLE_RVT_TT_nldm_211120     0.160380       1     0.160380
NOR3xp33_ASAP7_75t_R asap7sc7p5t_SIMPLE_RVT_TT_nldm_211120     0.072900       2     0.145800
NOR5xp2_ASAP7_75t_R asap7sc7p5t_SIMPLE_RVT_TT_nldm_211120     0.102060       4     0.408240
OA21x2_ASAP7_75t_R asap7sc7p5t_OA_RVT_TT_nldm_211120     0.102060       3     0.306180
OA31x2_ASAP7_75t_R asap7sc7p5t_OA_RVT_TT_nldm_211120     0.218700       1     0.218700
OAI21xp5_ASAP7_75t_R asap7sc7p5t_OA_RVT_TT_nldm_211120     0.072900      10     0.729000
OAI21xp33_ASAP7_75t_R asap7sc7p5t_OA_RVT_TT_nldm_211120     0.072900      15     1.093500
OAI22xp5_ASAP7_75t_R asap7sc7p5t_OA_RVT_TT_nldm_211120     0.087480       3     0.262440
OAI22xp33_ASAP7_75t_R asap7sc7p5t_OA_RVT_TT_nldm_211120     0.087480       1     0.087480
OAI31xp33_ASAP7_75t_R asap7sc7p5t_OA_RVT_TT_nldm_211120     0.087480       1     0.087480
OAI31xp67_ASAP7_75t_R asap7sc7p5t_OA_RVT_TT_nldm_211120     0.189540       1     0.189540
OAI211xp5_ASAP7_75t_R asap7sc7p5t_OA_RVT_TT_nldm_211120     0.087480       5     0.437400
OAI221xp5_ASAP7_75t_R asap7sc7p5t_OA_RVT_TT_nldm_211120     0.102060       1     0.102060
OR2x2_ASAP7_75t_R  asap7sc7p5t_SIMPLE_RVT_TT_nldm_211120     0.087480       5     0.437400
OR3x1_ASAP7_75t_R  asap7sc7p5t_SIMPLE_RVT_TT_nldm_211120     0.087480       2     0.174960
OR5x1_ASAP7_75t_R  asap7sc7p5t_SIMPLE_RVT_TT_nldm_211120     0.116640       1     0.116640
TIEHIx1_ASAP7_75t_R asap7sc7p5t_SIMPLE_RVT_TT_nldm_211120     0.043740       1     0.043740
TIELOx1_ASAP7_75t_R asap7sc7p5t_SIMPLE_RVT_TT_nldm_211120     0.043740       1     0.043740
XNOR2x1_ASAP7_75t_R asap7sc7p5t_SIMPLE_RVT_TT_nldm_211120     0.174960       1     0.174960
XNOR2x2_ASAP7_75t_R asap7sc7p5t_SIMPLE_RVT_TT_nldm_211120     0.160380       2     0.320760
XNOR2xp5_ASAP7_75t_R asap7sc7p5t_SIMPLE_RVT_TT_nldm_211120     0.131220       5     0.656100
XOR2x1_ASAP7_75t_R asap7sc7p5t_SIMPLE_RVT_TT_nldm_211120     0.174960       1     0.174960
XOR2xp5_ASAP7_75t_R asap7sc7p5t_SIMPLE_RVT_TT_nldm_211120     0.131220       2     0.262440
fp16_mult_7_DW02_mult_0_DW02_mult_15    50.126040       1    50.126040 h
-----------------------------------------------------------------------------
Total 59 references                                    80.219160

****************************************
Design: fp16_mult_7_DW02_mult_0_DW02_mult_15 
****************************************
Reference          Library       Unit Area   Count    Total Area   Attributes
-----------------------------------------------------------------------------
AND2x2_ASAP7_75t_R asap7sc7p5t_SIMPLE_RVT_TT_nldm_211120     0.087480     137    11.984760
AND2x4_ASAP7_75t_R asap7sc7p5t_SIMPLE_RVT_TT_nldm_211120     0.145800       4     0.583200
FAx1_ASAP7_75t_R   asap7sc7p5t_SIMPLE_RVT_TT_nldm_211120     0.204120      90    18.370800 r
HB1xp67_ASAP7_75t_R asap7sc7p5t_INVBUF_RVT_TT_nldm_211120     0.058320       1     0.058320
INVx1_ASAP7_75t_R  asap7sc7p5t_INVBUF_RVT_TT_nldm_211120     0.043740     181     7.916940
INVx2_ASAP7_75t_R  asap7sc7p5t_INVBUF_RVT_TT_nldm_211120     0.058320       1     0.058320
INVxp33_ASAP7_75t_R asap7sc7p5t_INVBUF_RVT_TT_nldm_211120     0.043740       4     0.174960
INVxp67_ASAP7_75t_R asap7sc7p5t_INVBUF_RVT_TT_nldm_211120     0.043740       3     0.131220
TIELOx1_ASAP7_75t_R asap7sc7p5t_SIMPLE_RVT_TT_nldm_211120     0.043740       1     0.043740
XNOR2xp5_ASAP7_75t_R asap7sc7p5t_SIMPLE_RVT_TT_nldm_211120     0.131220       1     0.131220
XOR2x1_ASAP7_75t_R asap7sc7p5t_SIMPLE_RVT_TT_nldm_211120     0.174960       1     0.174960
XOR2x2_ASAP7_75t_R asap7sc7p5t_SIMPLE_RVT_TT_nldm_211120     0.160380      15     2.405700
XOR2xp5_ASAP7_75t_R asap7sc7p5t_SIMPLE_RVT_TT_nldm_211120     0.131220       3     0.393660
fp16_mult_7_DW01_add_3            7.698240       1      7.698240  h
-----------------------------------------------------------------------------
Total 14 references                                    50.126040

****************************************
Design: fp16_mult_7_DW01_add_3 
****************************************
Reference          Library       Unit Area   Count    Total Area   Attributes
-----------------------------------------------------------------------------
AND2x2_ASAP7_75t_R asap7sc7p5t_SIMPLE_RVT_TT_nldm_211120     0.087480       4     0.349920
AND2x4_ASAP7_75t_R asap7sc7p5t_SIMPLE_RVT_TT_nldm_211120     0.145800       1     0.145800
AOI21x1_ASAP7_75t_R asap7sc7p5t_AO_RVT_TT_nldm_211120     0.116640       1     0.116640
AOI21xp5_ASAP7_75t_R asap7sc7p5t_AO_RVT_TT_nldm_211120     0.072900       1     0.072900
AOI21xp33_ASAP7_75t_R asap7sc7p5t_AO_RVT_TT_nldm_211120     0.072900       2     0.145800
AOI22xp5_ASAP7_75t_R asap7sc7p5t_AO_RVT_TT_nldm_211120     0.087480       1     0.087480
AOI221x1_ASAP7_75t_R asap7sc7p5t_AO_RVT_TT_nldm_211120     0.204120       1     0.204120
INVx1_ASAP7_75t_R  asap7sc7p5t_INVBUF_RVT_TT_nldm_211120     0.043740      18     0.787320
NAND2x1p5_ASAP7_75t_R asap7sc7p5t_SIMPLE_RVT_TT_nldm_211120     0.116640       2     0.233280
NAND2xp5_ASAP7_75t_R asap7sc7p5t_SIMPLE_RVT_TT_nldm_211120     0.058320      14     0.816480
NAND2xp33_ASAP7_75t_R asap7sc7p5t_SIMPLE_RVT_TT_nldm_211120     0.058320       6     0.349920
NAND3x1_ASAP7_75t_R asap7sc7p5t_SIMPLE_RVT_TT_nldm_211120     0.160380       1     0.160380
NAND3xp33_ASAP7_75t_R asap7sc7p5t_SIMPLE_RVT_TT_nldm_211120     0.072900       4     0.291600
NOR2x1_ASAP7_75t_R asap7sc7p5t_SIMPLE_RVT_TT_nldm_211120     0.087480       7     0.612360
NOR2xp33_ASAP7_75t_R asap7sc7p5t_SIMPLE_RVT_TT_nldm_211120     0.058320       2     0.116640
NOR2xp67_ASAP7_75t_R asap7sc7p5t_SIMPLE_RVT_TT_nldm_211120     0.087480       2     0.174960
NOR3xp33_ASAP7_75t_R asap7sc7p5t_SIMPLE_RVT_TT_nldm_211120     0.072900       3     0.218700
OA21x2_ASAP7_75t_R asap7sc7p5t_OA_RVT_TT_nldm_211120     0.102060       1     0.102060
OAI21xp5_ASAP7_75t_R asap7sc7p5t_OA_RVT_TT_nldm_211120     0.072900       5     0.364500
OR2x2_ASAP7_75t_R  asap7sc7p5t_SIMPLE_RVT_TT_nldm_211120     0.087480       8     0.699840
XNOR2xp5_ASAP7_75t_R asap7sc7p5t_SIMPLE_RVT_TT_nldm_211120     0.131220       9     1.180980
XOR2x1_ASAP7_75t_R asap7sc7p5t_SIMPLE_RVT_TT_nldm_211120     0.174960       1     0.174960
XOR2x2_ASAP7_75t_R asap7sc7p5t_SIMPLE_RVT_TT_nldm_211120     0.160380       1     0.160380
XOR2xp5_ASAP7_75t_R asap7sc7p5t_SIMPLE_RVT_TT_nldm_211120     0.131220       1     0.131220
-----------------------------------------------------------------------------
Total 24 references                                     7.698240

****************************************
Design: fp16_mult_8 
****************************************
Reference          Library       Unit Area   Count    Total Area   Attributes
-----------------------------------------------------------------------------
A2O1A1Ixp33_ASAP7_75t_R asap7sc7p5t_AO_RVT_TT_nldm_211120     0.087480       4     0.349920
AND2x2_ASAP7_75t_R asap7sc7p5t_SIMPLE_RVT_TT_nldm_211120     0.087480      22     1.924560
AND2x4_ASAP7_75t_R asap7sc7p5t_SIMPLE_RVT_TT_nldm_211120     0.145800       2     0.291600
AND3x1_ASAP7_75t_R asap7sc7p5t_SIMPLE_RVT_TT_nldm_211120     0.087480       5     0.437400
AND3x2_ASAP7_75t_R asap7sc7p5t_SIMPLE_RVT_TT_nldm_211120     0.102060       1     0.102060
AND4x1_ASAP7_75t_R asap7sc7p5t_SIMPLE_RVT_TT_nldm_211120     0.102060       1     0.102060
AO21x1_ASAP7_75t_R asap7sc7p5t_AO_RVT_TT_nldm_211120     0.087480       2     0.174960
AO31x2_ASAP7_75t_R asap7sc7p5t_AO_RVT_TT_nldm_211120     0.233280       1     0.233280
AOI21xp33_ASAP7_75t_R asap7sc7p5t_AO_RVT_TT_nldm_211120     0.072900       1     0.072900
AOI31xp33_ASAP7_75t_R asap7sc7p5t_AO_RVT_TT_nldm_211120     0.087480       5     0.437400
AOI31xp67_ASAP7_75t_R asap7sc7p5t_AO_RVT_TT_nldm_211120     0.189540       1     0.189540
AOI33xp33_ASAP7_75t_R asap7sc7p5t_AO_RVT_TT_nldm_211120     0.116640       2     0.233280
AOI211xp5_ASAP7_75t_R asap7sc7p5t_AO_RVT_TT_nldm_211120     0.087480       1     0.087480
BUFx6f_ASAP7_75t_R asap7sc7p5t_INVBUF_RVT_TT_nldm_211120     0.145800       1     0.145800
BUFx8_ASAP7_75t_R  asap7sc7p5t_INVBUF_RVT_TT_nldm_211120     0.174960       2     0.349920
DFFASRHQNx1_ASAP7_75t_R asap7sc7p5t_SEQ_RVT_TT_nldm_220123     0.379080      17     6.444360 n
HB1xp67_ASAP7_75t_R asap7sc7p5t_INVBUF_RVT_TT_nldm_211120     0.058320       2     0.116640
INVx1_ASAP7_75t_R  asap7sc7p5t_INVBUF_RVT_TT_nldm_211120     0.043740      71     3.105540
INVx2_ASAP7_75t_R  asap7sc7p5t_INVBUF_RVT_TT_nldm_211120     0.058320       1     0.058320
INVx3_ASAP7_75t_R  asap7sc7p5t_INVBUF_RVT_TT_nldm_211120     0.072900       3     0.218700
INVx5_ASAP7_75t_R  asap7sc7p5t_INVBUF_RVT_TT_nldm_211120     0.102060       1     0.102060
INVxp33_ASAP7_75t_R asap7sc7p5t_INVBUF_RVT_TT_nldm_211120     0.043740       9     0.393660
INVxp67_ASAP7_75t_R asap7sc7p5t_INVBUF_RVT_TT_nldm_211120     0.043740       3     0.131220
NAND2x1_ASAP7_75t_R asap7sc7p5t_SIMPLE_RVT_TT_nldm_211120     0.087480       4     0.349920
NAND2x1p5_ASAP7_75t_R asap7sc7p5t_SIMPLE_RVT_TT_nldm_211120     0.116640       1     0.116640
NAND2x2_ASAP7_75t_R asap7sc7p5t_SIMPLE_RVT_TT_nldm_211120     0.145800       2     0.291600
NAND2xp5_ASAP7_75t_R asap7sc7p5t_SIMPLE_RVT_TT_nldm_211120     0.058320      48     2.799360
NAND2xp33_ASAP7_75t_R asap7sc7p5t_SIMPLE_RVT_TT_nldm_211120     0.058320      13     0.758160
NAND3x1_ASAP7_75t_R asap7sc7p5t_SIMPLE_RVT_TT_nldm_211120     0.160380       2     0.320760
NAND3xp33_ASAP7_75t_R asap7sc7p5t_SIMPLE_RVT_TT_nldm_211120     0.072900      10     0.729000
NAND5xp2_ASAP7_75t_R asap7sc7p5t_SIMPLE_RVT_TT_nldm_211120     0.102060       4     0.408240
NOR2x1_ASAP7_75t_R asap7sc7p5t_SIMPLE_RVT_TT_nldm_211120     0.087480      13     1.137240
NOR2xp33_ASAP7_75t_R asap7sc7p5t_SIMPLE_RVT_TT_nldm_211120     0.058320       6     0.349920
NOR3x1_ASAP7_75t_R asap7sc7p5t_SIMPLE_RVT_TT_nldm_211120     0.160380       1     0.160380
NOR3xp33_ASAP7_75t_R asap7sc7p5t_SIMPLE_RVT_TT_nldm_211120     0.072900       2     0.145800
NOR5xp2_ASAP7_75t_R asap7sc7p5t_SIMPLE_RVT_TT_nldm_211120     0.102060       4     0.408240
OA21x2_ASAP7_75t_R asap7sc7p5t_OA_RVT_TT_nldm_211120     0.102060       3     0.306180
OA31x2_ASAP7_75t_R asap7sc7p5t_OA_RVT_TT_nldm_211120     0.218700       1     0.218700
OAI21xp5_ASAP7_75t_R asap7sc7p5t_OA_RVT_TT_nldm_211120     0.072900      10     0.729000
OAI21xp33_ASAP7_75t_R asap7sc7p5t_OA_RVT_TT_nldm_211120     0.072900      15     1.093500
OAI22xp5_ASAP7_75t_R asap7sc7p5t_OA_RVT_TT_nldm_211120     0.087480       2     0.174960
OAI22xp33_ASAP7_75t_R asap7sc7p5t_OA_RVT_TT_nldm_211120     0.087480       2     0.174960
OAI31xp33_ASAP7_75t_R asap7sc7p5t_OA_RVT_TT_nldm_211120     0.087480       1     0.087480
OAI31xp67_ASAP7_75t_R asap7sc7p5t_OA_RVT_TT_nldm_211120     0.189540       1     0.189540
OAI211xp5_ASAP7_75t_R asap7sc7p5t_OA_RVT_TT_nldm_211120     0.087480       5     0.437400
OR2x2_ASAP7_75t_R  asap7sc7p5t_SIMPLE_RVT_TT_nldm_211120     0.087480       7     0.612360
OR3x1_ASAP7_75t_R  asap7sc7p5t_SIMPLE_RVT_TT_nldm_211120     0.087480       1     0.087480
OR5x1_ASAP7_75t_R  asap7sc7p5t_SIMPLE_RVT_TT_nldm_211120     0.116640       1     0.116640
TIEHIx1_ASAP7_75t_R asap7sc7p5t_SIMPLE_RVT_TT_nldm_211120     0.043740       1     0.043740
TIELOx1_ASAP7_75t_R asap7sc7p5t_SIMPLE_RVT_TT_nldm_211120     0.043740       1     0.043740
XNOR2x1_ASAP7_75t_R asap7sc7p5t_SIMPLE_RVT_TT_nldm_211120     0.174960       1     0.174960
XNOR2x2_ASAP7_75t_R asap7sc7p5t_SIMPLE_RVT_TT_nldm_211120     0.160380       1     0.160380
XNOR2xp5_ASAP7_75t_R asap7sc7p5t_SIMPLE_RVT_TT_nldm_211120     0.131220       6     0.787320
XOR2x2_ASAP7_75t_R asap7sc7p5t_SIMPLE_RVT_TT_nldm_211120     0.160380       1     0.160380
XOR2xp5_ASAP7_75t_R asap7sc7p5t_SIMPLE_RVT_TT_nldm_211120     0.131220       3     0.393660
fp16_mult_8_DW02_mult_0_DW02_mult_14    49.878180       1    49.878180 h
-----------------------------------------------------------------------------
Total 56 references                                    79.548480

****************************************
Design: fp16_mult_8_DW02_mult_0_DW02_mult_14 
****************************************
Reference          Library       Unit Area   Count    Total Area   Attributes
-----------------------------------------------------------------------------
AND2x2_ASAP7_75t_R asap7sc7p5t_SIMPLE_RVT_TT_nldm_211120     0.087480     135    11.809800
AND2x4_ASAP7_75t_R asap7sc7p5t_SIMPLE_RVT_TT_nldm_211120     0.145800       4     0.583200
BUFx3_ASAP7_75t_R  asap7sc7p5t_INVBUF_RVT_TT_nldm_211120     0.087480       2     0.174960
FAx1_ASAP7_75t_R   asap7sc7p5t_SIMPLE_RVT_TT_nldm_211120     0.204120      90    18.370800 r
HB1xp67_ASAP7_75t_R asap7sc7p5t_INVBUF_RVT_TT_nldm_211120     0.058320       1     0.058320
INVx1_ASAP7_75t_R  asap7sc7p5t_INVBUF_RVT_TT_nldm_211120     0.043740     180     7.873200
INVx2_ASAP7_75t_R  asap7sc7p5t_INVBUF_RVT_TT_nldm_211120     0.058320       1     0.058320
INVxp33_ASAP7_75t_R asap7sc7p5t_INVBUF_RVT_TT_nldm_211120     0.043740       3     0.131220
INVxp67_ASAP7_75t_R asap7sc7p5t_INVBUF_RVT_TT_nldm_211120     0.043740       2     0.087480
NAND2xp5_ASAP7_75t_R asap7sc7p5t_SIMPLE_RVT_TT_nldm_211120     0.058320       2     0.116640
TIELOx1_ASAP7_75t_R asap7sc7p5t_SIMPLE_RVT_TT_nldm_211120     0.043740       1     0.043740
XNOR2xp5_ASAP7_75t_R asap7sc7p5t_SIMPLE_RVT_TT_nldm_211120     0.131220       1     0.131220
XOR2x2_ASAP7_75t_R asap7sc7p5t_SIMPLE_RVT_TT_nldm_211120     0.160380      16     2.566080
XOR2xp5_ASAP7_75t_R asap7sc7p5t_SIMPLE_RVT_TT_nldm_211120     0.131220       3     0.393660
fp16_mult_8_DW01_add_J52_0        7.479540       1      7.479540  h
-----------------------------------------------------------------------------
Total 15 references                                    49.878180

****************************************
Design: fp16_mult_8_DW01_add_J52_0 
****************************************
Reference          Library       Unit Area   Count    Total Area   Attributes
-----------------------------------------------------------------------------
AND2x2_ASAP7_75t_R asap7sc7p5t_SIMPLE_RVT_TT_nldm_211120     0.087480       3     0.262440
AOI21x1_ASAP7_75t_R asap7sc7p5t_AO_RVT_TT_nldm_211120     0.116640       1     0.116640
AOI21xp5_ASAP7_75t_R asap7sc7p5t_AO_RVT_TT_nldm_211120     0.072900       1     0.072900
AOI21xp33_ASAP7_75t_R asap7sc7p5t_AO_RVT_TT_nldm_211120     0.072900       2     0.145800
AOI22xp5_ASAP7_75t_R asap7sc7p5t_AO_RVT_TT_nldm_211120     0.087480       1     0.087480
AOI221x1_ASAP7_75t_R asap7sc7p5t_AO_RVT_TT_nldm_211120     0.204120       1     0.204120
INVx1_ASAP7_75t_R  asap7sc7p5t_INVBUF_RVT_TT_nldm_211120     0.043740      14     0.612360
INVx2_ASAP7_75t_R  asap7sc7p5t_INVBUF_RVT_TT_nldm_211120     0.058320       2     0.116640
NAND2x1p5_ASAP7_75t_R asap7sc7p5t_SIMPLE_RVT_TT_nldm_211120     0.116640       1     0.116640
NAND2xp5_ASAP7_75t_R asap7sc7p5t_SIMPLE_RVT_TT_nldm_211120     0.058320      15     0.874800
NAND2xp33_ASAP7_75t_R asap7sc7p5t_SIMPLE_RVT_TT_nldm_211120     0.058320       6     0.349920
NAND3x1_ASAP7_75t_R asap7sc7p5t_SIMPLE_RVT_TT_nldm_211120     0.160380       1     0.160380
NAND3xp33_ASAP7_75t_R asap7sc7p5t_SIMPLE_RVT_TT_nldm_211120     0.072900       4     0.291600
NOR2x1_ASAP7_75t_R asap7sc7p5t_SIMPLE_RVT_TT_nldm_211120     0.087480       5     0.437400
NOR2xp33_ASAP7_75t_R asap7sc7p5t_SIMPLE_RVT_TT_nldm_211120     0.058320       6     0.349920
NOR2xp67_ASAP7_75t_R asap7sc7p5t_SIMPLE_RVT_TT_nldm_211120     0.087480       1     0.087480
NOR3xp33_ASAP7_75t_R asap7sc7p5t_SIMPLE_RVT_TT_nldm_211120     0.072900       3     0.218700
OAI21x1_ASAP7_75t_R asap7sc7p5t_OA_RVT_TT_nldm_211120     0.116640       1     0.116640
OAI21xp5_ASAP7_75t_R asap7sc7p5t_OA_RVT_TT_nldm_211120     0.072900       5     0.364500
OR2x2_ASAP7_75t_R  asap7sc7p5t_SIMPLE_RVT_TT_nldm_211120     0.087480      10     0.874800
XNOR2x1_ASAP7_75t_R asap7sc7p5t_SIMPLE_RVT_TT_nldm_211120     0.174960       1     0.174960
XNOR2xp5_ASAP7_75t_R asap7sc7p5t_SIMPLE_RVT_TT_nldm_211120     0.131220       9     1.180980
XOR2xp5_ASAP7_75t_R asap7sc7p5t_SIMPLE_RVT_TT_nldm_211120     0.131220       2     0.262440
-----------------------------------------------------------------------------
Total 23 references                                     7.479540

****************************************
Design: fp16_mult_9 
****************************************
Reference          Library       Unit Area   Count    Total Area   Attributes
-----------------------------------------------------------------------------
A2O1A1Ixp33_ASAP7_75t_R asap7sc7p5t_AO_RVT_TT_nldm_211120     0.087480       4     0.349920
AND2x2_ASAP7_75t_R asap7sc7p5t_SIMPLE_RVT_TT_nldm_211120     0.087480      16     1.399680
AND2x4_ASAP7_75t_R asap7sc7p5t_SIMPLE_RVT_TT_nldm_211120     0.145800       4     0.583200
AND3x1_ASAP7_75t_R asap7sc7p5t_SIMPLE_RVT_TT_nldm_211120     0.087480       3     0.262440
AND3x2_ASAP7_75t_R asap7sc7p5t_SIMPLE_RVT_TT_nldm_211120     0.102060       2     0.204120
AND4x1_ASAP7_75t_R asap7sc7p5t_SIMPLE_RVT_TT_nldm_211120     0.102060       1     0.102060
AO21x1_ASAP7_75t_R asap7sc7p5t_AO_RVT_TT_nldm_211120     0.087480       2     0.174960
AOI21xp33_ASAP7_75t_R asap7sc7p5t_AO_RVT_TT_nldm_211120     0.072900       1     0.072900
AOI31xp33_ASAP7_75t_R asap7sc7p5t_AO_RVT_TT_nldm_211120     0.087480       6     0.524880
AOI31xp67_ASAP7_75t_R asap7sc7p5t_AO_RVT_TT_nldm_211120     0.189540       1     0.189540
AOI33xp33_ASAP7_75t_R asap7sc7p5t_AO_RVT_TT_nldm_211120     0.116640       2     0.233280
AOI211xp5_ASAP7_75t_R asap7sc7p5t_AO_RVT_TT_nldm_211120     0.087480       1     0.087480
BUFx8_ASAP7_75t_R  asap7sc7p5t_INVBUF_RVT_TT_nldm_211120     0.174960       2     0.349920
DFFASRHQNx1_ASAP7_75t_R asap7sc7p5t_SEQ_RVT_TT_nldm_220123     0.379080      17     6.444360 n
HB1xp67_ASAP7_75t_R asap7sc7p5t_INVBUF_RVT_TT_nldm_211120     0.058320       2     0.116640
INVx1_ASAP7_75t_R  asap7sc7p5t_INVBUF_RVT_TT_nldm_211120     0.043740      70     3.061800
INVx2_ASAP7_75t_R  asap7sc7p5t_INVBUF_RVT_TT_nldm_211120     0.058320       4     0.233280
INVx3_ASAP7_75t_R  asap7sc7p5t_INVBUF_RVT_TT_nldm_211120     0.072900       2     0.145800
INVx5_ASAP7_75t_R  asap7sc7p5t_INVBUF_RVT_TT_nldm_211120     0.102060       2     0.204120
INVxp33_ASAP7_75t_R asap7sc7p5t_INVBUF_RVT_TT_nldm_211120     0.043740       6     0.262440
INVxp67_ASAP7_75t_R asap7sc7p5t_INVBUF_RVT_TT_nldm_211120     0.043740       9     0.393660
NAND2x1_ASAP7_75t_R asap7sc7p5t_SIMPLE_RVT_TT_nldm_211120     0.087480       1     0.087480
NAND2x1p5_ASAP7_75t_R asap7sc7p5t_SIMPLE_RVT_TT_nldm_211120     0.116640       2     0.233280
NAND2xp5_ASAP7_75t_R asap7sc7p5t_SIMPLE_RVT_TT_nldm_211120     0.058320      50     2.916000
NAND2xp33_ASAP7_75t_R asap7sc7p5t_SIMPLE_RVT_TT_nldm_211120     0.058320      15     0.874800
NAND2xp67_ASAP7_75t_R asap7sc7p5t_SIMPLE_RVT_TT_nldm_211120     0.087480       1     0.087480
NAND3x1_ASAP7_75t_R asap7sc7p5t_SIMPLE_RVT_TT_nldm_211120     0.160380       2     0.320760
NAND3xp33_ASAP7_75t_R asap7sc7p5t_SIMPLE_RVT_TT_nldm_211120     0.072900      10     0.729000
NAND5xp2_ASAP7_75t_R asap7sc7p5t_SIMPLE_RVT_TT_nldm_211120     0.102060       4     0.408240
NOR2x1_ASAP7_75t_R asap7sc7p5t_SIMPLE_RVT_TT_nldm_211120     0.087480      11     0.962280
NOR2xp33_ASAP7_75t_R asap7sc7p5t_SIMPLE_RVT_TT_nldm_211120     0.058320       8     0.466560
NOR2xp67_ASAP7_75t_R asap7sc7p5t_SIMPLE_RVT_TT_nldm_211120     0.087480       2     0.174960
NOR3xp33_ASAP7_75t_R asap7sc7p5t_SIMPLE_RVT_TT_nldm_211120     0.072900       2     0.145800
NOR5xp2_ASAP7_75t_R asap7sc7p5t_SIMPLE_RVT_TT_nldm_211120     0.102060       4     0.408240
OA21x2_ASAP7_75t_R asap7sc7p5t_OA_RVT_TT_nldm_211120     0.102060       2     0.204120
OA31x2_ASAP7_75t_R asap7sc7p5t_OA_RVT_TT_nldm_211120     0.218700       1     0.218700
OAI21xp5_ASAP7_75t_R asap7sc7p5t_OA_RVT_TT_nldm_211120     0.072900      13     0.947700
OAI21xp33_ASAP7_75t_R asap7sc7p5t_OA_RVT_TT_nldm_211120     0.072900      13     0.947700
OAI22xp5_ASAP7_75t_R asap7sc7p5t_OA_RVT_TT_nldm_211120     0.087480       2     0.174960
OAI22xp33_ASAP7_75t_R asap7sc7p5t_OA_RVT_TT_nldm_211120     0.087480       2     0.174960
OAI31xp33_ASAP7_75t_R asap7sc7p5t_OA_RVT_TT_nldm_211120     0.087480       1     0.087480
OAI31xp67_ASAP7_75t_R asap7sc7p5t_OA_RVT_TT_nldm_211120     0.189540       1     0.189540
OAI211xp5_ASAP7_75t_R asap7sc7p5t_OA_RVT_TT_nldm_211120     0.087480       5     0.437400
OAI221xp5_ASAP7_75t_R asap7sc7p5t_OA_RVT_TT_nldm_211120     0.102060       1     0.102060
OR2x2_ASAP7_75t_R  asap7sc7p5t_SIMPLE_RVT_TT_nldm_211120     0.087480       6     0.524880
OR3x1_ASAP7_75t_R  asap7sc7p5t_SIMPLE_RVT_TT_nldm_211120     0.087480       2     0.174960
OR5x1_ASAP7_75t_R  asap7sc7p5t_SIMPLE_RVT_TT_nldm_211120     0.116640       1     0.116640
TIEHIx1_ASAP7_75t_R asap7sc7p5t_SIMPLE_RVT_TT_nldm_211120     0.043740       1     0.043740
TIELOx1_ASAP7_75t_R asap7sc7p5t_SIMPLE_RVT_TT_nldm_211120     0.043740       1     0.043740
XNOR2x1_ASAP7_75t_R asap7sc7p5t_SIMPLE_RVT_TT_nldm_211120     0.174960       1     0.174960
XNOR2x2_ASAP7_75t_R asap7sc7p5t_SIMPLE_RVT_TT_nldm_211120     0.160380       2     0.320760
XNOR2xp5_ASAP7_75t_R asap7sc7p5t_SIMPLE_RVT_TT_nldm_211120     0.131220       3     0.393660
XOR2x1_ASAP7_75t_R asap7sc7p5t_SIMPLE_RVT_TT_nldm_211120     0.174960       1     0.174960
XOR2x2_ASAP7_75t_R asap7sc7p5t_SIMPLE_RVT_TT_nldm_211120     0.160380       2     0.320760
XOR2xp5_ASAP7_75t_R asap7sc7p5t_SIMPLE_RVT_TT_nldm_211120     0.131220       2     0.262440
fp16_mult_9_DW02_mult_0_DW02_mult_13    50.709240       1    50.709240 h
-----------------------------------------------------------------------------
Total 56 references                                    79.956720

****************************************
Design: fp16_mult_9_DW02_mult_0_DW02_mult_13 
****************************************
Reference          Library       Unit Area   Count    Total Area   Attributes
-----------------------------------------------------------------------------
AND2x2_ASAP7_75t_R asap7sc7p5t_SIMPLE_RVT_TT_nldm_211120     0.087480     135    11.809800
AND2x4_ASAP7_75t_R asap7sc7p5t_SIMPLE_RVT_TT_nldm_211120     0.145800       5     0.729000
BUFx3_ASAP7_75t_R  asap7sc7p5t_INVBUF_RVT_TT_nldm_211120     0.087480       1     0.087480
FAx1_ASAP7_75t_R   asap7sc7p5t_SIMPLE_RVT_TT_nldm_211120     0.204120      90    18.370800 r
HB1xp67_ASAP7_75t_R asap7sc7p5t_INVBUF_RVT_TT_nldm_211120     0.058320       1     0.058320
INVx1_ASAP7_75t_R  asap7sc7p5t_INVBUF_RVT_TT_nldm_211120     0.043740     182     7.960680
INVx2_ASAP7_75t_R  asap7sc7p5t_INVBUF_RVT_TT_nldm_211120     0.058320       3     0.174960
INVxp33_ASAP7_75t_R asap7sc7p5t_INVBUF_RVT_TT_nldm_211120     0.043740       3     0.131220
INVxp67_ASAP7_75t_R asap7sc7p5t_INVBUF_RVT_TT_nldm_211120     0.043740       5     0.218700
NAND2xp5_ASAP7_75t_R asap7sc7p5t_SIMPLE_RVT_TT_nldm_211120     0.058320       1     0.058320
TIELOx1_ASAP7_75t_R asap7sc7p5t_SIMPLE_RVT_TT_nldm_211120     0.043740       1     0.043740
XNOR2x1_ASAP7_75t_R asap7sc7p5t_SIMPLE_RVT_TT_nldm_211120     0.174960       1     0.174960
XNOR2xp5_ASAP7_75t_R asap7sc7p5t_SIMPLE_RVT_TT_nldm_211120     0.131220       2     0.262440
XOR2x1_ASAP7_75t_R asap7sc7p5t_SIMPLE_RVT_TT_nldm_211120     0.174960       2     0.349920
XOR2x2_ASAP7_75t_R asap7sc7p5t_SIMPLE_RVT_TT_nldm_211120     0.160380      11     1.764180
XOR2xp5_ASAP7_75t_R asap7sc7p5t_SIMPLE_RVT_TT_nldm_211120     0.131220       4     0.524880
fp16_mult_9_DW01_add_J53_0        7.989840       1      7.989840  h
-----------------------------------------------------------------------------
Total 17 references                                    50.709240

****************************************
Design: fp16_mult_9_DW01_add_J53_0 
****************************************
Reference          Library       Unit Area   Count    Total Area   Attributes
-----------------------------------------------------------------------------
AND2x2_ASAP7_75t_R asap7sc7p5t_SIMPLE_RVT_TT_nldm_211120     0.087480       4     0.349920
AOI21xp5_ASAP7_75t_R asap7sc7p5t_AO_RVT_TT_nldm_211120     0.072900       3     0.218700
AOI21xp33_ASAP7_75t_R asap7sc7p5t_AO_RVT_TT_nldm_211120     0.072900       1     0.072900
AOI22xp33_ASAP7_75t_R asap7sc7p5t_AO_RVT_TT_nldm_211120     0.087480       1     0.087480
AOI221x1_ASAP7_75t_R asap7sc7p5t_AO_RVT_TT_nldm_211120     0.204120       1     0.204120
BUFx2_ASAP7_75t_R  asap7sc7p5t_INVBUF_RVT_TT_nldm_211120     0.072900       1     0.072900
INVx1_ASAP7_75t_R  asap7sc7p5t_INVBUF_RVT_TT_nldm_211120     0.043740      11     0.481140
INVx2_ASAP7_75t_R  asap7sc7p5t_INVBUF_RVT_TT_nldm_211120     0.058320       3     0.174960
INVxp67_ASAP7_75t_R asap7sc7p5t_INVBUF_RVT_TT_nldm_211120     0.043740       2     0.087480
NAND2x1p5_ASAP7_75t_R asap7sc7p5t_SIMPLE_RVT_TT_nldm_211120     0.116640       1     0.116640
NAND2xp5_ASAP7_75t_R asap7sc7p5t_SIMPLE_RVT_TT_nldm_211120     0.058320      17     0.991440
NAND2xp33_ASAP7_75t_R asap7sc7p5t_SIMPLE_RVT_TT_nldm_211120     0.058320       4     0.233280
NAND3x1_ASAP7_75t_R asap7sc7p5t_SIMPLE_RVT_TT_nldm_211120     0.160380       1     0.160380
NAND3xp33_ASAP7_75t_R asap7sc7p5t_SIMPLE_RVT_TT_nldm_211120     0.072900       4     0.291600
NOR2x1_ASAP7_75t_R asap7sc7p5t_SIMPLE_RVT_TT_nldm_211120     0.087480       5     0.437400
NOR2x1p5_ASAP7_75t_R asap7sc7p5t_SIMPLE_RVT_TT_nldm_211120     0.116640       1     0.116640
NOR2xp33_ASAP7_75t_R asap7sc7p5t_SIMPLE_RVT_TT_nldm_211120     0.058320       3     0.174960
NOR2xp67_ASAP7_75t_R asap7sc7p5t_SIMPLE_RVT_TT_nldm_211120     0.087480       1     0.087480
NOR3x1_ASAP7_75t_R asap7sc7p5t_SIMPLE_RVT_TT_nldm_211120     0.160380       2     0.320760
NOR3xp33_ASAP7_75t_R asap7sc7p5t_SIMPLE_RVT_TT_nldm_211120     0.072900       1     0.072900
OAI21x1_ASAP7_75t_R asap7sc7p5t_OA_RVT_TT_nldm_211120     0.116640       2     0.233280
OAI21xp5_ASAP7_75t_R asap7sc7p5t_OA_RVT_TT_nldm_211120     0.072900       4     0.291600
OR2x2_ASAP7_75t_R  asap7sc7p5t_SIMPLE_RVT_TT_nldm_211120     0.087480       9     0.787320
OR2x4_ASAP7_75t_R  asap7sc7p5t_SIMPLE_RVT_TT_nldm_211120     0.116640       2     0.233280
XNOR2x1_ASAP7_75t_R asap7sc7p5t_SIMPLE_RVT_TT_nldm_211120     0.174960       2     0.349920
XNOR2xp5_ASAP7_75t_R asap7sc7p5t_SIMPLE_RVT_TT_nldm_211120     0.131220       8     1.049760
XOR2x2_ASAP7_75t_R asap7sc7p5t_SIMPLE_RVT_TT_nldm_211120     0.160380       1     0.160380
XOR2xp5_ASAP7_75t_R asap7sc7p5t_SIMPLE_RVT_TT_nldm_211120     0.131220       1     0.131220
-----------------------------------------------------------------------------
Total 28 references                                     7.989840

****************************************
Design: fp16_mult_10 
****************************************
Reference          Library       Unit Area   Count    Total Area   Attributes
-----------------------------------------------------------------------------
A2O1A1Ixp33_ASAP7_75t_R asap7sc7p5t_AO_RVT_TT_nldm_211120     0.087480       4     0.349920
AND2x2_ASAP7_75t_R asap7sc7p5t_SIMPLE_RVT_TT_nldm_211120     0.087480      16     1.399680
AND2x4_ASAP7_75t_R asap7sc7p5t_SIMPLE_RVT_TT_nldm_211120     0.145800       3     0.437400
AND3x1_ASAP7_75t_R asap7sc7p5t_SIMPLE_RVT_TT_nldm_211120     0.087480       5     0.437400
AND4x1_ASAP7_75t_R asap7sc7p5t_SIMPLE_RVT_TT_nldm_211120     0.102060       1     0.102060
AND5x2_ASAP7_75t_R asap7sc7p5t_SIMPLE_RVT_TT_nldm_211120     0.291600       1     0.291600
AO21x1_ASAP7_75t_R asap7sc7p5t_AO_RVT_TT_nldm_211120     0.087480       2     0.174960
AOI21xp33_ASAP7_75t_R asap7sc7p5t_AO_RVT_TT_nldm_211120     0.072900       1     0.072900
AOI31xp33_ASAP7_75t_R asap7sc7p5t_AO_RVT_TT_nldm_211120     0.087480       7     0.612360
AOI31xp67_ASAP7_75t_R asap7sc7p5t_AO_RVT_TT_nldm_211120     0.189540       1     0.189540
AOI33xp33_ASAP7_75t_R asap7sc7p5t_AO_RVT_TT_nldm_211120     0.116640       3     0.349920
AOI211xp5_ASAP7_75t_R asap7sc7p5t_AO_RVT_TT_nldm_211120     0.087480       1     0.087480
BUFx6f_ASAP7_75t_R asap7sc7p5t_INVBUF_RVT_TT_nldm_211120     0.145800       1     0.145800
BUFx8_ASAP7_75t_R  asap7sc7p5t_INVBUF_RVT_TT_nldm_211120     0.174960       2     0.349920
CKINVDCx20_ASAP7_75t_R asap7sc7p5t_INVBUF_RVT_TT_nldm_211120     0.554040       1     0.554040
DFFASRHQNx1_ASAP7_75t_R asap7sc7p5t_SEQ_RVT_TT_nldm_220123     0.379080      17     6.444360 n
HB1xp67_ASAP7_75t_R asap7sc7p5t_INVBUF_RVT_TT_nldm_211120     0.058320       5     0.291600
INVx1_ASAP7_75t_R  asap7sc7p5t_INVBUF_RVT_TT_nldm_211120     0.043740      68     2.974320
INVx2_ASAP7_75t_R  asap7sc7p5t_INVBUF_RVT_TT_nldm_211120     0.058320       2     0.116640
INVx3_ASAP7_75t_R  asap7sc7p5t_INVBUF_RVT_TT_nldm_211120     0.072900       2     0.145800
INVx5_ASAP7_75t_R  asap7sc7p5t_INVBUF_RVT_TT_nldm_211120     0.102060       2     0.204120
INVxp33_ASAP7_75t_R asap7sc7p5t_INVBUF_RVT_TT_nldm_211120     0.043740      10     0.437400
INVxp67_ASAP7_75t_R asap7sc7p5t_INVBUF_RVT_TT_nldm_211120     0.043740      13     0.568620
NAND2x1_ASAP7_75t_R asap7sc7p5t_SIMPLE_RVT_TT_nldm_211120     0.087480       4     0.349920
NAND2xp5_ASAP7_75t_R asap7sc7p5t_SIMPLE_RVT_TT_nldm_211120     0.058320      51     2.974320
NAND2xp33_ASAP7_75t_R asap7sc7p5t_SIMPLE_RVT_TT_nldm_211120     0.058320      17     0.991440
NAND2xp67_ASAP7_75t_R asap7sc7p5t_SIMPLE_RVT_TT_nldm_211120     0.087480       1     0.087480
NAND3x1_ASAP7_75t_R asap7sc7p5t_SIMPLE_RVT_TT_nldm_211120     0.160380       1     0.160380
NAND3xp33_ASAP7_75t_R asap7sc7p5t_SIMPLE_RVT_TT_nldm_211120     0.072900      13     0.947700
NAND5xp2_ASAP7_75t_R asap7sc7p5t_SIMPLE_RVT_TT_nldm_211120     0.102060       3     0.306180
NOR2x1_ASAP7_75t_R asap7sc7p5t_SIMPLE_RVT_TT_nldm_211120     0.087480      11     0.962280
NOR2x1p5_ASAP7_75t_R asap7sc7p5t_SIMPLE_RVT_TT_nldm_211120     0.116640       1     0.116640
NOR2xp33_ASAP7_75t_R asap7sc7p5t_SIMPLE_RVT_TT_nldm_211120     0.058320       7     0.408240
NOR2xp67_ASAP7_75t_R asap7sc7p5t_SIMPLE_RVT_TT_nldm_211120     0.087480       3     0.262440
NOR3xp33_ASAP7_75t_R asap7sc7p5t_SIMPLE_RVT_TT_nldm_211120     0.072900       4     0.291600
NOR5xp2_ASAP7_75t_R asap7sc7p5t_SIMPLE_RVT_TT_nldm_211120     0.102060       4     0.408240
OA21x2_ASAP7_75t_R asap7sc7p5t_OA_RVT_TT_nldm_211120     0.102060       3     0.306180
OA31x2_ASAP7_75t_R asap7sc7p5t_OA_RVT_TT_nldm_211120     0.218700       1     0.218700
OAI21xp5_ASAP7_75t_R asap7sc7p5t_OA_RVT_TT_nldm_211120     0.072900      11     0.801900
OAI21xp33_ASAP7_75t_R asap7sc7p5t_OA_RVT_TT_nldm_211120     0.072900      15     1.093500
OAI22xp5_ASAP7_75t_R asap7sc7p5t_OA_RVT_TT_nldm_211120     0.087480       4     0.349920
OAI31xp33_ASAP7_75t_R asap7sc7p5t_OA_RVT_TT_nldm_211120     0.087480       1     0.087480
OAI31xp67_ASAP7_75t_R asap7sc7p5t_OA_RVT_TT_nldm_211120     0.189540       1     0.189540
OAI211xp5_ASAP7_75t_R asap7sc7p5t_OA_RVT_TT_nldm_211120     0.087480       4     0.349920
OR2x2_ASAP7_75t_R  asap7sc7p5t_SIMPLE_RVT_TT_nldm_211120     0.087480       7     0.612360
OR3x1_ASAP7_75t_R  asap7sc7p5t_SIMPLE_RVT_TT_nldm_211120     0.087480       1     0.087480
OR5x1_ASAP7_75t_R  asap7sc7p5t_SIMPLE_RVT_TT_nldm_211120     0.116640       1     0.116640
TIEHIx1_ASAP7_75t_R asap7sc7p5t_SIMPLE_RVT_TT_nldm_211120     0.043740       1     0.043740
TIELOx1_ASAP7_75t_R asap7sc7p5t_SIMPLE_RVT_TT_nldm_211120     0.043740       1     0.043740
XNOR2x1_ASAP7_75t_R asap7sc7p5t_SIMPLE_RVT_TT_nldm_211120     0.174960       2     0.349920
XNOR2x2_ASAP7_75t_R asap7sc7p5t_SIMPLE_RVT_TT_nldm_211120     0.160380       1     0.160380
XNOR2xp5_ASAP7_75t_R asap7sc7p5t_SIMPLE_RVT_TT_nldm_211120     0.131220       5     0.656100
XOR2x2_ASAP7_75t_R asap7sc7p5t_SIMPLE_RVT_TT_nldm_211120     0.160380       1     0.160380
XOR2xp5_ASAP7_75t_R asap7sc7p5t_SIMPLE_RVT_TT_nldm_211120     0.131220       3     0.393660
fp16_mult_10_DW02_mult_0_DW02_mult_12    50.140620       1    50.140620 h
-----------------------------------------------------------------------------
Total 55 references                                    81.166860

****************************************
Design: fp16_mult_10_DW02_mult_0_DW02_mult_12 
****************************************
Reference          Library       Unit Area   Count    Total Area   Attributes
-----------------------------------------------------------------------------
AND2x2_ASAP7_75t_R asap7sc7p5t_SIMPLE_RVT_TT_nldm_211120     0.087480     135    11.809800
AND2x4_ASAP7_75t_R asap7sc7p5t_SIMPLE_RVT_TT_nldm_211120     0.145800       6     0.874800
BUFx3_ASAP7_75t_R  asap7sc7p5t_INVBUF_RVT_TT_nldm_211120     0.087480       2     0.174960
FAx1_ASAP7_75t_R   asap7sc7p5t_SIMPLE_RVT_TT_nldm_211120     0.204120      90    18.370800 r
INVx1_ASAP7_75t_R  asap7sc7p5t_INVBUF_RVT_TT_nldm_211120     0.043740     177     7.741980
INVx2_ASAP7_75t_R  asap7sc7p5t_INVBUF_RVT_TT_nldm_211120     0.058320       2     0.116640
INVxp33_ASAP7_75t_R asap7sc7p5t_INVBUF_RVT_TT_nldm_211120     0.043740       3     0.131220
INVxp67_ASAP7_75t_R asap7sc7p5t_INVBUF_RVT_TT_nldm_211120     0.043740       6     0.262440
TIELOx1_ASAP7_75t_R asap7sc7p5t_SIMPLE_RVT_TT_nldm_211120     0.043740       1     0.043740
XNOR2x1_ASAP7_75t_R asap7sc7p5t_SIMPLE_RVT_TT_nldm_211120     0.174960       1     0.174960
XNOR2xp5_ASAP7_75t_R asap7sc7p5t_SIMPLE_RVT_TT_nldm_211120     0.131220       1     0.131220
XOR2x2_ASAP7_75t_R asap7sc7p5t_SIMPLE_RVT_TT_nldm_211120     0.160380      13     2.084940
XOR2xp5_ASAP7_75t_R asap7sc7p5t_SIMPLE_RVT_TT_nldm_211120     0.131220       5     0.656100
fp16_mult_10_DW01_add_J54_0       7.567020       1      7.567020  h
-----------------------------------------------------------------------------
Total 14 references                                    50.140620

****************************************
Design: fp16_mult_10_DW01_add_J54_0 
****************************************
Reference          Library       Unit Area   Count    Total Area   Attributes
-----------------------------------------------------------------------------
AND2x2_ASAP7_75t_R asap7sc7p5t_SIMPLE_RVT_TT_nldm_211120     0.087480       4     0.349920
AOI21xp5_ASAP7_75t_R asap7sc7p5t_AO_RVT_TT_nldm_211120     0.072900       3     0.218700
AOI21xp33_ASAP7_75t_R asap7sc7p5t_AO_RVT_TT_nldm_211120     0.072900       1     0.072900
AOI22xp33_ASAP7_75t_R asap7sc7p5t_AO_RVT_TT_nldm_211120     0.087480       1     0.087480
AOI221x1_ASAP7_75t_R asap7sc7p5t_AO_RVT_TT_nldm_211120     0.204120       1     0.204120
INVx1_ASAP7_75t_R  asap7sc7p5t_INVBUF_RVT_TT_nldm_211120     0.043740      12     0.524880
INVx2_ASAP7_75t_R  asap7sc7p5t_INVBUF_RVT_TT_nldm_211120     0.058320       2     0.116640
INVxp67_ASAP7_75t_R asap7sc7p5t_INVBUF_RVT_TT_nldm_211120     0.043740       2     0.087480
NAND2x1p5_ASAP7_75t_R asap7sc7p5t_SIMPLE_RVT_TT_nldm_211120     0.116640       1     0.116640
NAND2xp5_ASAP7_75t_R asap7sc7p5t_SIMPLE_RVT_TT_nldm_211120     0.058320      12     0.699840
NAND2xp33_ASAP7_75t_R asap7sc7p5t_SIMPLE_RVT_TT_nldm_211120     0.058320       9     0.524880
NAND3xp33_ASAP7_75t_R asap7sc7p5t_SIMPLE_RVT_TT_nldm_211120     0.072900       6     0.437400
NOR2x1_ASAP7_75t_R asap7sc7p5t_SIMPLE_RVT_TT_nldm_211120     0.087480       3     0.262440
NOR2x1p5_ASAP7_75t_R asap7sc7p5t_SIMPLE_RVT_TT_nldm_211120     0.116640       1     0.116640
NOR2xp33_ASAP7_75t_R asap7sc7p5t_SIMPLE_RVT_TT_nldm_211120     0.058320       7     0.408240
NOR2xp67_ASAP7_75t_R asap7sc7p5t_SIMPLE_RVT_TT_nldm_211120     0.087480       1     0.087480
NOR3xp33_ASAP7_75t_R asap7sc7p5t_SIMPLE_RVT_TT_nldm_211120     0.072900       3     0.218700
OAI21x1_ASAP7_75t_R asap7sc7p5t_OA_RVT_TT_nldm_211120     0.116640       1     0.116640
OAI21xp5_ASAP7_75t_R asap7sc7p5t_OA_RVT_TT_nldm_211120     0.072900       3     0.218700
OAI21xp33_ASAP7_75t_R asap7sc7p5t_OA_RVT_TT_nldm_211120     0.072900       2     0.145800
OR2x2_ASAP7_75t_R  asap7sc7p5t_SIMPLE_RVT_TT_nldm_211120     0.087480      10     0.874800
XNOR2x1_ASAP7_75t_R asap7sc7p5t_SIMPLE_RVT_TT_nldm_211120     0.174960       1     0.174960
XNOR2xp5_ASAP7_75t_R asap7sc7p5t_SIMPLE_RVT_TT_nldm_211120     0.131220       9     1.180980
XOR2x2_ASAP7_75t_R asap7sc7p5t_SIMPLE_RVT_TT_nldm_211120     0.160380       2     0.320760
-----------------------------------------------------------------------------
Total 24 references                                     7.567020

****************************************
Design: fp16_mult_11 
****************************************
Reference          Library       Unit Area   Count    Total Area   Attributes
-----------------------------------------------------------------------------
A2O1A1Ixp33_ASAP7_75t_R asap7sc7p5t_AO_RVT_TT_nldm_211120     0.087480       5     0.437400
AND2x2_ASAP7_75t_R asap7sc7p5t_SIMPLE_RVT_TT_nldm_211120     0.087480      19     1.662120
AND2x4_ASAP7_75t_R asap7sc7p5t_SIMPLE_RVT_TT_nldm_211120     0.145800       2     0.291600
AND3x1_ASAP7_75t_R asap7sc7p5t_SIMPLE_RVT_TT_nldm_211120     0.087480       3     0.262440
AND3x2_ASAP7_75t_R asap7sc7p5t_SIMPLE_RVT_TT_nldm_211120     0.102060       1     0.102060
AND4x1_ASAP7_75t_R asap7sc7p5t_SIMPLE_RVT_TT_nldm_211120     0.102060       1     0.102060
AO21x1_ASAP7_75t_R asap7sc7p5t_AO_RVT_TT_nldm_211120     0.087480       2     0.174960
AOI21xp5_ASAP7_75t_R asap7sc7p5t_AO_RVT_TT_nldm_211120     0.072900       1     0.072900
AOI31xp33_ASAP7_75t_R asap7sc7p5t_AO_RVT_TT_nldm_211120     0.087480       5     0.437400
AOI31xp67_ASAP7_75t_R asap7sc7p5t_AO_RVT_TT_nldm_211120     0.189540       2     0.379080
AOI33xp33_ASAP7_75t_R asap7sc7p5t_AO_RVT_TT_nldm_211120     0.116640       2     0.233280
AOI211xp5_ASAP7_75t_R asap7sc7p5t_AO_RVT_TT_nldm_211120     0.087480       1     0.087480
BUFx6f_ASAP7_75t_R asap7sc7p5t_INVBUF_RVT_TT_nldm_211120     0.145800       1     0.145800
BUFx8_ASAP7_75t_R  asap7sc7p5t_INVBUF_RVT_TT_nldm_211120     0.174960       2     0.349920
DFFASRHQNx1_ASAP7_75t_R asap7sc7p5t_SEQ_RVT_TT_nldm_220123     0.379080      17     6.444360 n
HB1xp67_ASAP7_75t_R asap7sc7p5t_INVBUF_RVT_TT_nldm_211120     0.058320       3     0.174960
INVx1_ASAP7_75t_R  asap7sc7p5t_INVBUF_RVT_TT_nldm_211120     0.043740      71     3.105540
INVx2_ASAP7_75t_R  asap7sc7p5t_INVBUF_RVT_TT_nldm_211120     0.058320       3     0.174960
INVx5_ASAP7_75t_R  asap7sc7p5t_INVBUF_RVT_TT_nldm_211120     0.102060       1     0.102060
INVxp33_ASAP7_75t_R asap7sc7p5t_INVBUF_RVT_TT_nldm_211120     0.043740       4     0.174960
INVxp67_ASAP7_75t_R asap7sc7p5t_INVBUF_RVT_TT_nldm_211120     0.043740       8     0.349920
NAND2x1_ASAP7_75t_R asap7sc7p5t_SIMPLE_RVT_TT_nldm_211120     0.087480       2     0.174960
NAND2x1p5_ASAP7_75t_R asap7sc7p5t_SIMPLE_RVT_TT_nldm_211120     0.116640       2     0.233280
NAND2xp5_ASAP7_75t_R asap7sc7p5t_SIMPLE_RVT_TT_nldm_211120     0.058320      53     3.090960
NAND2xp33_ASAP7_75t_R asap7sc7p5t_SIMPLE_RVT_TT_nldm_211120     0.058320      12     0.699840
NAND2xp67_ASAP7_75t_R asap7sc7p5t_SIMPLE_RVT_TT_nldm_211120     0.087480       1     0.087480
NAND3x1_ASAP7_75t_R asap7sc7p5t_SIMPLE_RVT_TT_nldm_211120     0.160380       2     0.320760
NAND3xp33_ASAP7_75t_R asap7sc7p5t_SIMPLE_RVT_TT_nldm_211120     0.072900      11     0.801900
NAND5xp2_ASAP7_75t_R asap7sc7p5t_SIMPLE_RVT_TT_nldm_211120     0.102060       4     0.408240
NOR2x1_ASAP7_75t_R asap7sc7p5t_SIMPLE_RVT_TT_nldm_211120     0.087480      12     1.049760
NOR2x1p5_ASAP7_75t_R asap7sc7p5t_SIMPLE_RVT_TT_nldm_211120     0.116640       2     0.233280
NOR2xp33_ASAP7_75t_R asap7sc7p5t_SIMPLE_RVT_TT_nldm_211120     0.058320       9     0.524880
NOR2xp67_ASAP7_75t_R asap7sc7p5t_SIMPLE_RVT_TT_nldm_211120     0.087480       2     0.174960
NOR3x1_ASAP7_75t_R asap7sc7p5t_SIMPLE_RVT_TT_nldm_211120     0.160380       1     0.160380
NOR3xp33_ASAP7_75t_R asap7sc7p5t_SIMPLE_RVT_TT_nldm_211120     0.072900       3     0.218700
NOR5xp2_ASAP7_75t_R asap7sc7p5t_SIMPLE_RVT_TT_nldm_211120     0.102060       4     0.408240
OA21x2_ASAP7_75t_R asap7sc7p5t_OA_RVT_TT_nldm_211120     0.102060       2     0.204120
OA31x2_ASAP7_75t_R asap7sc7p5t_OA_RVT_TT_nldm_211120     0.218700       1     0.218700
OAI21xp5_ASAP7_75t_R asap7sc7p5t_OA_RVT_TT_nldm_211120     0.072900       9     0.656100
OAI21xp33_ASAP7_75t_R asap7sc7p5t_OA_RVT_TT_nldm_211120     0.072900      17     1.239300
OAI22xp5_ASAP7_75t_R asap7sc7p5t_OA_RVT_TT_nldm_211120     0.087480       3     0.262440
OAI22xp33_ASAP7_75t_R asap7sc7p5t_OA_RVT_TT_nldm_211120     0.087480       1     0.087480
OAI31xp33_ASAP7_75t_R asap7sc7p5t_OA_RVT_TT_nldm_211120     0.087480       1     0.087480
OAI31xp67_ASAP7_75t_R asap7sc7p5t_OA_RVT_TT_nldm_211120     0.189540       1     0.189540
OAI211xp5_ASAP7_75t_R asap7sc7p5t_OA_RVT_TT_nldm_211120     0.087480       5     0.437400
OAI221xp5_ASAP7_75t_R asap7sc7p5t_OA_RVT_TT_nldm_211120     0.102060       1     0.102060
OR2x2_ASAP7_75t_R  asap7sc7p5t_SIMPLE_RVT_TT_nldm_211120     0.087480       3     0.262440
OR3x1_ASAP7_75t_R  asap7sc7p5t_SIMPLE_RVT_TT_nldm_211120     0.087480       1     0.087480
OR5x1_ASAP7_75t_R  asap7sc7p5t_SIMPLE_RVT_TT_nldm_211120     0.116640       1     0.116640
TIEHIx1_ASAP7_75t_R asap7sc7p5t_SIMPLE_RVT_TT_nldm_211120     0.043740       1     0.043740
TIELOx1_ASAP7_75t_R asap7sc7p5t_SIMPLE_RVT_TT_nldm_211120     0.043740       1     0.043740
XNOR2x2_ASAP7_75t_R asap7sc7p5t_SIMPLE_RVT_TT_nldm_211120     0.160380       3     0.481140
XNOR2xp5_ASAP7_75t_R asap7sc7p5t_SIMPLE_RVT_TT_nldm_211120     0.131220       4     0.524880
XOR2x2_ASAP7_75t_R asap7sc7p5t_SIMPLE_RVT_TT_nldm_211120     0.160380       1     0.160380
XOR2xp5_ASAP7_75t_R asap7sc7p5t_SIMPLE_RVT_TT_nldm_211120     0.131220       4     0.524880
fp16_mult_11_DW02_mult_0_DW02_mult_11    50.417640       1    50.417640 h
-----------------------------------------------------------------------------
Total 56 references                                    80.000460

****************************************
Design: fp16_mult_11_DW02_mult_0_DW02_mult_11 
****************************************
Reference          Library       Unit Area   Count    Total Area   Attributes
-----------------------------------------------------------------------------
AND2x2_ASAP7_75t_R asap7sc7p5t_SIMPLE_RVT_TT_nldm_211120     0.087480     137    11.984760
AND2x4_ASAP7_75t_R asap7sc7p5t_SIMPLE_RVT_TT_nldm_211120     0.145800       3     0.437400
BUFx3_ASAP7_75t_R  asap7sc7p5t_INVBUF_RVT_TT_nldm_211120     0.087480       2     0.174960
FAx1_ASAP7_75t_R   asap7sc7p5t_SIMPLE_RVT_TT_nldm_211120     0.204120      90    18.370800 r
HB1xp67_ASAP7_75t_R asap7sc7p5t_INVBUF_RVT_TT_nldm_211120     0.058320       1     0.058320
INVx1_ASAP7_75t_R  asap7sc7p5t_INVBUF_RVT_TT_nldm_211120     0.043740     182     7.960680
INVx2_ASAP7_75t_R  asap7sc7p5t_INVBUF_RVT_TT_nldm_211120     0.058320       3     0.174960
INVxp67_ASAP7_75t_R asap7sc7p5t_INVBUF_RVT_TT_nldm_211120     0.043740       5     0.218700
NAND2xp5_ASAP7_75t_R asap7sc7p5t_SIMPLE_RVT_TT_nldm_211120     0.058320       1     0.058320
TIELOx1_ASAP7_75t_R asap7sc7p5t_SIMPLE_RVT_TT_nldm_211120     0.043740       1     0.043740
XNOR2x1_ASAP7_75t_R asap7sc7p5t_SIMPLE_RVT_TT_nldm_211120     0.174960       1     0.174960
XNOR2xp5_ASAP7_75t_R asap7sc7p5t_SIMPLE_RVT_TT_nldm_211120     0.131220       2     0.262440
XOR2x1_ASAP7_75t_R asap7sc7p5t_SIMPLE_RVT_TT_nldm_211120     0.174960       2     0.349920
XOR2x2_ASAP7_75t_R asap7sc7p5t_SIMPLE_RVT_TT_nldm_211120     0.160380      12     1.924560
XOR2xp5_ASAP7_75t_R asap7sc7p5t_SIMPLE_RVT_TT_nldm_211120     0.131220       3     0.393660
fp16_mult_11_DW01_add_4           7.829460       1      7.829460  h
-----------------------------------------------------------------------------
Total 16 references                                    50.417640

****************************************
Design: fp16_mult_11_DW01_add_4 
****************************************
Reference          Library       Unit Area   Count    Total Area   Attributes
-----------------------------------------------------------------------------
AND2x2_ASAP7_75t_R asap7sc7p5t_SIMPLE_RVT_TT_nldm_211120     0.087480       5     0.437400
AOI21xp5_ASAP7_75t_R asap7sc7p5t_AO_RVT_TT_nldm_211120     0.072900       2     0.145800
AOI21xp33_ASAP7_75t_R asap7sc7p5t_AO_RVT_TT_nldm_211120     0.072900       2     0.145800
AOI22xp33_ASAP7_75t_R asap7sc7p5t_AO_RVT_TT_nldm_211120     0.087480       1     0.087480
AOI221xp5_ASAP7_75t_R asap7sc7p5t_AO_RVT_TT_nldm_211120     0.102060       1     0.102060
HB1xp67_ASAP7_75t_R asap7sc7p5t_INVBUF_RVT_TT_nldm_211120     0.058320       2     0.116640
INVx1_ASAP7_75t_R  asap7sc7p5t_INVBUF_RVT_TT_nldm_211120     0.043740      13     0.568620
INVx2_ASAP7_75t_R  asap7sc7p5t_INVBUF_RVT_TT_nldm_211120     0.058320       2     0.116640
INVxp33_ASAP7_75t_R asap7sc7p5t_INVBUF_RVT_TT_nldm_211120     0.043740       1     0.043740
INVxp67_ASAP7_75t_R asap7sc7p5t_INVBUF_RVT_TT_nldm_211120     0.043740       1     0.043740
NAND2x1p5_ASAP7_75t_R asap7sc7p5t_SIMPLE_RVT_TT_nldm_211120     0.116640       1     0.116640
NAND2xp5_ASAP7_75t_R asap7sc7p5t_SIMPLE_RVT_TT_nldm_211120     0.058320      16     0.933120
NAND2xp33_ASAP7_75t_R asap7sc7p5t_SIMPLE_RVT_TT_nldm_211120     0.058320       5     0.291600
NAND3x1_ASAP7_75t_R asap7sc7p5t_SIMPLE_RVT_TT_nldm_211120     0.160380       1     0.160380
NAND3xp33_ASAP7_75t_R asap7sc7p5t_SIMPLE_RVT_TT_nldm_211120     0.072900       5     0.364500
NOR2x1_ASAP7_75t_R asap7sc7p5t_SIMPLE_RVT_TT_nldm_211120     0.087480       3     0.262440
NOR2xp33_ASAP7_75t_R asap7sc7p5t_SIMPLE_RVT_TT_nldm_211120     0.058320       9     0.524880
NOR2xp67_ASAP7_75t_R asap7sc7p5t_SIMPLE_RVT_TT_nldm_211120     0.087480       1     0.087480
NOR3x1_ASAP7_75t_R asap7sc7p5t_SIMPLE_RVT_TT_nldm_211120     0.160380       1     0.160380
NOR3xp33_ASAP7_75t_R asap7sc7p5t_SIMPLE_RVT_TT_nldm_211120     0.072900       2     0.145800
OA21x2_ASAP7_75t_R asap7sc7p5t_OA_RVT_TT_nldm_211120     0.102060       2     0.204120
OAI21xp5_ASAP7_75t_R asap7sc7p5t_OA_RVT_TT_nldm_211120     0.072900       5     0.364500
OR2x2_ASAP7_75t_R  asap7sc7p5t_SIMPLE_RVT_TT_nldm_211120     0.087480       9     0.787320
XNOR2x1_ASAP7_75t_R asap7sc7p5t_SIMPLE_RVT_TT_nldm_211120     0.174960       1     0.174960
XNOR2xp5_ASAP7_75t_R asap7sc7p5t_SIMPLE_RVT_TT_nldm_211120     0.131220       9     1.180980
XOR2xp5_ASAP7_75t_R asap7sc7p5t_SIMPLE_RVT_TT_nldm_211120     0.131220       2     0.262440
-----------------------------------------------------------------------------
Total 26 references                                     7.829460

****************************************
Design: fp16_mult_12 
****************************************
Reference          Library       Unit Area   Count    Total Area   Attributes
-----------------------------------------------------------------------------
A2O1A1Ixp33_ASAP7_75t_R asap7sc7p5t_AO_RVT_TT_nldm_211120     0.087480       5     0.437400
AND2x2_ASAP7_75t_R asap7sc7p5t_SIMPLE_RVT_TT_nldm_211120     0.087480      17     1.487160
AND2x4_ASAP7_75t_R asap7sc7p5t_SIMPLE_RVT_TT_nldm_211120     0.145800       5     0.729000
AND3x1_ASAP7_75t_R asap7sc7p5t_SIMPLE_RVT_TT_nldm_211120     0.087480       2     0.174960
AND3x2_ASAP7_75t_R asap7sc7p5t_SIMPLE_RVT_TT_nldm_211120     0.102060       2     0.204120
AND3x4_ASAP7_75t_R asap7sc7p5t_SIMPLE_RVT_TT_nldm_211120     0.204120       1     0.204120
AND4x1_ASAP7_75t_R asap7sc7p5t_SIMPLE_RVT_TT_nldm_211120     0.102060       1     0.102060
AND5x2_ASAP7_75t_R asap7sc7p5t_SIMPLE_RVT_TT_nldm_211120     0.291600       1     0.291600
AO21x1_ASAP7_75t_R asap7sc7p5t_AO_RVT_TT_nldm_211120     0.087480       2     0.174960
AOI21xp5_ASAP7_75t_R asap7sc7p5t_AO_RVT_TT_nldm_211120     0.072900       1     0.072900
AOI31xp33_ASAP7_75t_R asap7sc7p5t_AO_RVT_TT_nldm_211120     0.087480       3     0.262440
AOI31xp67_ASAP7_75t_R asap7sc7p5t_AO_RVT_TT_nldm_211120     0.189540       4     0.758160
AOI33xp33_ASAP7_75t_R asap7sc7p5t_AO_RVT_TT_nldm_211120     0.116640       2     0.233280
AOI211xp5_ASAP7_75t_R asap7sc7p5t_AO_RVT_TT_nldm_211120     0.087480       1     0.087480
BUFx8_ASAP7_75t_R  asap7sc7p5t_INVBUF_RVT_TT_nldm_211120     0.174960       2     0.349920
DFFASRHQNx1_ASAP7_75t_R asap7sc7p5t_SEQ_RVT_TT_nldm_220123     0.379080      17     6.444360 n
HB1xp67_ASAP7_75t_R asap7sc7p5t_INVBUF_RVT_TT_nldm_211120     0.058320       6     0.349920
INVx1_ASAP7_75t_R  asap7sc7p5t_INVBUF_RVT_TT_nldm_211120     0.043740      64     2.799360
INVx2_ASAP7_75t_R  asap7sc7p5t_INVBUF_RVT_TT_nldm_211120     0.058320       6     0.349920
INVx3_ASAP7_75t_R  asap7sc7p5t_INVBUF_RVT_TT_nldm_211120     0.072900       1     0.072900
INVx4_ASAP7_75t_R  asap7sc7p5t_INVBUF_RVT_TT_nldm_211120     0.087480       2     0.174960
INVx5_ASAP7_75t_R  asap7sc7p5t_INVBUF_RVT_TT_nldm_211120     0.102060       1     0.102060
INVxp33_ASAP7_75t_R asap7sc7p5t_INVBUF_RVT_TT_nldm_211120     0.043740      11     0.481140
INVxp67_ASAP7_75t_R asap7sc7p5t_INVBUF_RVT_TT_nldm_211120     0.043740       8     0.349920
NAND2x1_ASAP7_75t_R asap7sc7p5t_SIMPLE_RVT_TT_nldm_211120     0.087480       5     0.437400
NAND2x1p5_ASAP7_75t_R asap7sc7p5t_SIMPLE_RVT_TT_nldm_211120     0.116640       1     0.116640
NAND2xp5_ASAP7_75t_R asap7sc7p5t_SIMPLE_RVT_TT_nldm_211120     0.058320      53     3.090960
NAND2xp33_ASAP7_75t_R asap7sc7p5t_SIMPLE_RVT_TT_nldm_211120     0.058320      14     0.816480
NAND3x1_ASAP7_75t_R asap7sc7p5t_SIMPLE_RVT_TT_nldm_211120     0.160380       2     0.320760
NAND3xp33_ASAP7_75t_R asap7sc7p5t_SIMPLE_RVT_TT_nldm_211120     0.072900       9     0.656100
NAND5xp2_ASAP7_75t_R asap7sc7p5t_SIMPLE_RVT_TT_nldm_211120     0.102060       3     0.306180
NOR2x1_ASAP7_75t_R asap7sc7p5t_SIMPLE_RVT_TT_nldm_211120     0.087480      14     1.224720
NOR2x1p5_ASAP7_75t_R asap7sc7p5t_SIMPLE_RVT_TT_nldm_211120     0.116640       1     0.116640
NOR2xp33_ASAP7_75t_R asap7sc7p5t_SIMPLE_RVT_TT_nldm_211120     0.058320       7     0.408240
NOR3xp33_ASAP7_75t_R asap7sc7p5t_SIMPLE_RVT_TT_nldm_211120     0.072900       2     0.145800
NOR5xp2_ASAP7_75t_R asap7sc7p5t_SIMPLE_RVT_TT_nldm_211120     0.102060       4     0.408240
OA21x2_ASAP7_75t_R asap7sc7p5t_OA_RVT_TT_nldm_211120     0.102060       4     0.408240
OA31x2_ASAP7_75t_R asap7sc7p5t_OA_RVT_TT_nldm_211120     0.218700       1     0.218700
OAI21xp5_ASAP7_75t_R asap7sc7p5t_OA_RVT_TT_nldm_211120     0.072900       9     0.656100
OAI21xp33_ASAP7_75t_R asap7sc7p5t_OA_RVT_TT_nldm_211120     0.072900      17     1.239300
OAI22xp5_ASAP7_75t_R asap7sc7p5t_OA_RVT_TT_nldm_211120     0.087480       2     0.174960
OAI22xp33_ASAP7_75t_R asap7sc7p5t_OA_RVT_TT_nldm_211120     0.087480       2     0.174960
OAI31xp33_ASAP7_75t_R asap7sc7p5t_OA_RVT_TT_nldm_211120     0.087480       2     0.174960
OAI211xp5_ASAP7_75t_R asap7sc7p5t_OA_RVT_TT_nldm_211120     0.087480       3     0.262440
OR2x2_ASAP7_75t_R  asap7sc7p5t_SIMPLE_RVT_TT_nldm_211120     0.087480       7     0.612360
OR3x1_ASAP7_75t_R  asap7sc7p5t_SIMPLE_RVT_TT_nldm_211120     0.087480       2     0.174960
OR5x1_ASAP7_75t_R  asap7sc7p5t_SIMPLE_RVT_TT_nldm_211120     0.116640       1     0.116640
TIEHIx1_ASAP7_75t_R asap7sc7p5t_SIMPLE_RVT_TT_nldm_211120     0.043740       1     0.043740
TIELOx1_ASAP7_75t_R asap7sc7p5t_SIMPLE_RVT_TT_nldm_211120     0.043740       1     0.043740
XNOR2x1_ASAP7_75t_R asap7sc7p5t_SIMPLE_RVT_TT_nldm_211120     0.174960       2     0.349920
XNOR2x2_ASAP7_75t_R asap7sc7p5t_SIMPLE_RVT_TT_nldm_211120     0.160380       4     0.641520
XNOR2xp5_ASAP7_75t_R asap7sc7p5t_SIMPLE_RVT_TT_nldm_211120     0.131220       1     0.131220
XOR2x2_ASAP7_75t_R asap7sc7p5t_SIMPLE_RVT_TT_nldm_211120     0.160380       1     0.160380
XOR2xp5_ASAP7_75t_R asap7sc7p5t_SIMPLE_RVT_TT_nldm_211120     0.131220       3     0.393660
fp16_mult_12_DW02_mult_0_DW02_mult_10    50.709240       1    50.709240 h
-----------------------------------------------------------------------------
Total 55 references                                    81.429300

****************************************
Design: fp16_mult_12_DW02_mult_0_DW02_mult_10 
****************************************
Reference          Library       Unit Area   Count    Total Area   Attributes
-----------------------------------------------------------------------------
AND2x2_ASAP7_75t_R asap7sc7p5t_SIMPLE_RVT_TT_nldm_211120     0.087480     136    11.897280
AND2x4_ASAP7_75t_R asap7sc7p5t_SIMPLE_RVT_TT_nldm_211120     0.145800       5     0.729000
BUFx6f_ASAP7_75t_R asap7sc7p5t_INVBUF_RVT_TT_nldm_211120     0.145800       1     0.145800
FAx1_ASAP7_75t_R   asap7sc7p5t_SIMPLE_RVT_TT_nldm_211120     0.204120      90    18.370800 r
HB1xp67_ASAP7_75t_R asap7sc7p5t_INVBUF_RVT_TT_nldm_211120     0.058320       1     0.058320
INVx1_ASAP7_75t_R  asap7sc7p5t_INVBUF_RVT_TT_nldm_211120     0.043740     181     7.916940
INVx2_ASAP7_75t_R  asap7sc7p5t_INVBUF_RVT_TT_nldm_211120     0.058320       1     0.058320
INVxp33_ASAP7_75t_R asap7sc7p5t_INVBUF_RVT_TT_nldm_211120     0.043740       4     0.174960
INVxp67_ASAP7_75t_R asap7sc7p5t_INVBUF_RVT_TT_nldm_211120     0.043740       4     0.174960
TIELOx1_ASAP7_75t_R asap7sc7p5t_SIMPLE_RVT_TT_nldm_211120     0.043740       1     0.043740
XNOR2xp5_ASAP7_75t_R asap7sc7p5t_SIMPLE_RVT_TT_nldm_211120     0.131220       2     0.262440
XOR2x1_ASAP7_75t_R asap7sc7p5t_SIMPLE_RVT_TT_nldm_211120     0.174960       2     0.349920
XOR2x2_ASAP7_75t_R asap7sc7p5t_SIMPLE_RVT_TT_nldm_211120     0.160380      13     2.084940
XOR2xp5_ASAP7_75t_R asap7sc7p5t_SIMPLE_RVT_TT_nldm_211120     0.131220       3     0.393660
fp16_mult_12_DW01_add_J52_0       8.048160       1      8.048160  h
-----------------------------------------------------------------------------
Total 15 references                                    50.709240

****************************************
Design: fp16_mult_12_DW01_add_J52_0 
****************************************
Reference          Library       Unit Area   Count    Total Area   Attributes
-----------------------------------------------------------------------------
AND2x2_ASAP7_75t_R asap7sc7p5t_SIMPLE_RVT_TT_nldm_211120     0.087480       6     0.524880
AOI21x1_ASAP7_75t_R asap7sc7p5t_AO_RVT_TT_nldm_211120     0.116640       2     0.233280
AOI21xp5_ASAP7_75t_R asap7sc7p5t_AO_RVT_TT_nldm_211120     0.072900       1     0.072900
AOI21xp33_ASAP7_75t_R asap7sc7p5t_AO_RVT_TT_nldm_211120     0.072900       1     0.072900
AOI22xp5_ASAP7_75t_R asap7sc7p5t_AO_RVT_TT_nldm_211120     0.087480       1     0.087480
AOI221x1_ASAP7_75t_R asap7sc7p5t_AO_RVT_TT_nldm_211120     0.204120       1     0.204120
HB1xp67_ASAP7_75t_R asap7sc7p5t_INVBUF_RVT_TT_nldm_211120     0.058320       2     0.116640
INVx1_ASAP7_75t_R  asap7sc7p5t_INVBUF_RVT_TT_nldm_211120     0.043740      10     0.437400
INVx2_ASAP7_75t_R  asap7sc7p5t_INVBUF_RVT_TT_nldm_211120     0.058320       5     0.291600
INVxp33_ASAP7_75t_R asap7sc7p5t_INVBUF_RVT_TT_nldm_211120     0.043740       1     0.043740
INVxp67_ASAP7_75t_R asap7sc7p5t_INVBUF_RVT_TT_nldm_211120     0.043740       1     0.043740
NAND2x1_ASAP7_75t_R asap7sc7p5t_SIMPLE_RVT_TT_nldm_211120     0.087480       1     0.087480
NAND2x1p5_ASAP7_75t_R asap7sc7p5t_SIMPLE_RVT_TT_nldm_211120     0.116640       1     0.116640
NAND2xp5_ASAP7_75t_R asap7sc7p5t_SIMPLE_RVT_TT_nldm_211120     0.058320      16     0.933120
NAND2xp33_ASAP7_75t_R asap7sc7p5t_SIMPLE_RVT_TT_nldm_211120     0.058320       4     0.233280
NAND3x1_ASAP7_75t_R asap7sc7p5t_SIMPLE_RVT_TT_nldm_211120     0.160380       1     0.160380
NAND3xp33_ASAP7_75t_R asap7sc7p5t_SIMPLE_RVT_TT_nldm_211120     0.072900       4     0.291600
NOR2x1_ASAP7_75t_R asap7sc7p5t_SIMPLE_RVT_TT_nldm_211120     0.087480       4     0.349920
NOR2xp33_ASAP7_75t_R asap7sc7p5t_SIMPLE_RVT_TT_nldm_211120     0.058320       5     0.291600
NOR3x1_ASAP7_75t_R asap7sc7p5t_SIMPLE_RVT_TT_nldm_211120     0.160380       1     0.160380
NOR3xp33_ASAP7_75t_R asap7sc7p5t_SIMPLE_RVT_TT_nldm_211120     0.072900       2     0.145800
OAI21x1_ASAP7_75t_R asap7sc7p5t_OA_RVT_TT_nldm_211120     0.116640       1     0.116640
OAI21xp5_ASAP7_75t_R asap7sc7p5t_OA_RVT_TT_nldm_211120     0.072900       4     0.291600
OAI21xp33_ASAP7_75t_R asap7sc7p5t_OA_RVT_TT_nldm_211120     0.072900       1     0.072900
OR2x2_ASAP7_75t_R  asap7sc7p5t_SIMPLE_RVT_TT_nldm_211120     0.087480      12     1.049760
XNOR2x1_ASAP7_75t_R asap7sc7p5t_SIMPLE_RVT_TT_nldm_211120     0.174960       1     0.174960
XNOR2xp5_ASAP7_75t_R asap7sc7p5t_SIMPLE_RVT_TT_nldm_211120     0.131220       9     1.180980
XOR2xp5_ASAP7_75t_R asap7sc7p5t_SIMPLE_RVT_TT_nldm_211120     0.131220       2     0.262440
-----------------------------------------------------------------------------
Total 28 references                                     8.048160

****************************************
Design: fp16_mult_13 
****************************************
Reference          Library       Unit Area   Count    Total Area   Attributes
-----------------------------------------------------------------------------
A2O1A1Ixp33_ASAP7_75t_R asap7sc7p5t_AO_RVT_TT_nldm_211120     0.087480       4     0.349920
AND2x2_ASAP7_75t_R asap7sc7p5t_SIMPLE_RVT_TT_nldm_211120     0.087480      18     1.574640
AND2x4_ASAP7_75t_R asap7sc7p5t_SIMPLE_RVT_TT_nldm_211120     0.145800       3     0.437400
AND3x1_ASAP7_75t_R asap7sc7p5t_SIMPLE_RVT_TT_nldm_211120     0.087480       4     0.349920
AND3x2_ASAP7_75t_R asap7sc7p5t_SIMPLE_RVT_TT_nldm_211120     0.102060       1     0.102060
AND3x4_ASAP7_75t_R asap7sc7p5t_SIMPLE_RVT_TT_nldm_211120     0.204120       1     0.204120
AND5x1_ASAP7_75t_R asap7sc7p5t_SIMPLE_RVT_TT_nldm_211120     0.116640       1     0.116640
AO21x1_ASAP7_75t_R asap7sc7p5t_AO_RVT_TT_nldm_211120     0.087480       3     0.262440
AOI21xp33_ASAP7_75t_R asap7sc7p5t_AO_RVT_TT_nldm_211120     0.072900       1     0.072900
AOI31xp33_ASAP7_75t_R asap7sc7p5t_AO_RVT_TT_nldm_211120     0.087480       5     0.437400
AOI31xp67_ASAP7_75t_R asap7sc7p5t_AO_RVT_TT_nldm_211120     0.189540       2     0.379080
AOI33xp33_ASAP7_75t_R asap7sc7p5t_AO_RVT_TT_nldm_211120     0.116640       2     0.233280
AOI211xp5_ASAP7_75t_R asap7sc7p5t_AO_RVT_TT_nldm_211120     0.087480       1     0.087480
BUFx6f_ASAP7_75t_R asap7sc7p5t_INVBUF_RVT_TT_nldm_211120     0.145800       1     0.145800
BUFx8_ASAP7_75t_R  asap7sc7p5t_INVBUF_RVT_TT_nldm_211120     0.174960       2     0.349920
DFFASRHQNx1_ASAP7_75t_R asap7sc7p5t_SEQ_RVT_TT_nldm_220123     0.379080      17     6.444360 n
HB1xp67_ASAP7_75t_R asap7sc7p5t_INVBUF_RVT_TT_nldm_211120     0.058320       3     0.174960
INVx1_ASAP7_75t_R  asap7sc7p5t_INVBUF_RVT_TT_nldm_211120     0.043740      62     2.711880
INVx2_ASAP7_75t_R  asap7sc7p5t_INVBUF_RVT_TT_nldm_211120     0.058320       5     0.291600
INVx4_ASAP7_75t_R  asap7sc7p5t_INVBUF_RVT_TT_nldm_211120     0.087480       1     0.087480
INVx5_ASAP7_75t_R  asap7sc7p5t_INVBUF_RVT_TT_nldm_211120     0.102060       1     0.102060
INVxp33_ASAP7_75t_R asap7sc7p5t_INVBUF_RVT_TT_nldm_211120     0.043740      10     0.437400
INVxp67_ASAP7_75t_R asap7sc7p5t_INVBUF_RVT_TT_nldm_211120     0.043740       6     0.262440
NAND2x1_ASAP7_75t_R asap7sc7p5t_SIMPLE_RVT_TT_nldm_211120     0.087480       1     0.087480
NAND2x1p5_ASAP7_75t_R asap7sc7p5t_SIMPLE_RVT_TT_nldm_211120     0.116640       2     0.233280
NAND2xp5_ASAP7_75t_R asap7sc7p5t_SIMPLE_RVT_TT_nldm_211120     0.058320      49     2.857680
NAND2xp33_ASAP7_75t_R asap7sc7p5t_SIMPLE_RVT_TT_nldm_211120     0.058320      16     0.933120
NAND2xp67_ASAP7_75t_R asap7sc7p5t_SIMPLE_RVT_TT_nldm_211120     0.087480       1     0.087480
NAND3x1_ASAP7_75t_R asap7sc7p5t_SIMPLE_RVT_TT_nldm_211120     0.160380       2     0.320760
NAND3x2_ASAP7_75t_R asap7sc7p5t_SIMPLE_RVT_TT_nldm_211120     0.291600       1     0.291600
NAND3xp33_ASAP7_75t_R asap7sc7p5t_SIMPLE_RVT_TT_nldm_211120     0.072900       9     0.656100
NAND4xp25_ASAP7_75t_R asap7sc7p5t_SIMPLE_RVT_TT_nldm_211120     0.087480       1     0.087480
NAND5xp2_ASAP7_75t_R asap7sc7p5t_SIMPLE_RVT_TT_nldm_211120     0.102060       3     0.306180
NOR2x1_ASAP7_75t_R asap7sc7p5t_SIMPLE_RVT_TT_nldm_211120     0.087480      13     1.137240
NOR2x1p5_ASAP7_75t_R asap7sc7p5t_SIMPLE_RVT_TT_nldm_211120     0.116640       1     0.116640
NOR2xp33_ASAP7_75t_R asap7sc7p5t_SIMPLE_RVT_TT_nldm_211120     0.058320       6     0.349920
NOR2xp67_ASAP7_75t_R asap7sc7p5t_SIMPLE_RVT_TT_nldm_211120     0.087480       3     0.262440
NOR3x1_ASAP7_75t_R asap7sc7p5t_SIMPLE_RVT_TT_nldm_211120     0.160380       1     0.160380
NOR3xp33_ASAP7_75t_R asap7sc7p5t_SIMPLE_RVT_TT_nldm_211120     0.072900       2     0.145800
NOR5xp2_ASAP7_75t_R asap7sc7p5t_SIMPLE_RVT_TT_nldm_211120     0.102060       4     0.408240
OA21x2_ASAP7_75t_R asap7sc7p5t_OA_RVT_TT_nldm_211120     0.102060       2     0.204120
OA31x2_ASAP7_75t_R asap7sc7p5t_OA_RVT_TT_nldm_211120     0.218700       1     0.218700
OAI21xp5_ASAP7_75t_R asap7sc7p5t_OA_RVT_TT_nldm_211120     0.072900      10     0.729000
OAI21xp33_ASAP7_75t_R asap7sc7p5t_OA_RVT_TT_nldm_211120     0.072900      16     1.166400
OAI22xp5_ASAP7_75t_R asap7sc7p5t_OA_RVT_TT_nldm_211120     0.087480       2     0.174960
OAI22xp33_ASAP7_75t_R asap7sc7p5t_OA_RVT_TT_nldm_211120     0.087480       2     0.174960
OAI31xp33_ASAP7_75t_R asap7sc7p5t_OA_RVT_TT_nldm_211120     0.087480       1     0.087480
OAI31xp67_ASAP7_75t_R asap7sc7p5t_OA_RVT_TT_nldm_211120     0.189540       1     0.189540
OAI211xp5_ASAP7_75t_R asap7sc7p5t_OA_RVT_TT_nldm_211120     0.087480       4     0.349920
OR2x2_ASAP7_75t_R  asap7sc7p5t_SIMPLE_RVT_TT_nldm_211120     0.087480       6     0.524880
OR3x1_ASAP7_75t_R  asap7sc7p5t_SIMPLE_RVT_TT_nldm_211120     0.087480       1     0.087480
OR5x1_ASAP7_75t_R  asap7sc7p5t_SIMPLE_RVT_TT_nldm_211120     0.116640       1     0.116640
TIEHIx1_ASAP7_75t_R asap7sc7p5t_SIMPLE_RVT_TT_nldm_211120     0.043740       1     0.043740
TIELOx1_ASAP7_75t_R asap7sc7p5t_SIMPLE_RVT_TT_nldm_211120     0.043740       1     0.043740
XNOR2x1_ASAP7_75t_R asap7sc7p5t_SIMPLE_RVT_TT_nldm_211120     0.174960       1     0.174960
XNOR2x2_ASAP7_75t_R asap7sc7p5t_SIMPLE_RVT_TT_nldm_211120     0.160380       2     0.320760
XNOR2xp5_ASAP7_75t_R asap7sc7p5t_SIMPLE_RVT_TT_nldm_211120     0.131220       4     0.524880
XOR2x1_ASAP7_75t_R asap7sc7p5t_SIMPLE_RVT_TT_nldm_211120     0.174960       1     0.174960
XOR2x2_ASAP7_75t_R asap7sc7p5t_SIMPLE_RVT_TT_nldm_211120     0.160380       2     0.320760
XOR2xp5_ASAP7_75t_R asap7sc7p5t_SIMPLE_RVT_TT_nldm_211120     0.131220       2     0.262440
fp16_mult_13_DW02_mult_0_DW02_mult_9    50.373900       1    50.373900 h
-----------------------------------------------------------------------------
Total 61 references                                    80.321220

****************************************
Design: fp16_mult_13_DW02_mult_0_DW02_mult_9 
****************************************
Reference          Library       Unit Area   Count    Total Area   Attributes
-----------------------------------------------------------------------------
AND2x2_ASAP7_75t_R asap7sc7p5t_SIMPLE_RVT_TT_nldm_211120     0.087480     135    11.809800
AND2x4_ASAP7_75t_R asap7sc7p5t_SIMPLE_RVT_TT_nldm_211120     0.145800       6     0.874800
BUFx2_ASAP7_75t_R  asap7sc7p5t_INVBUF_RVT_TT_nldm_211120     0.072900       1     0.072900
BUFx3_ASAP7_75t_R  asap7sc7p5t_INVBUF_RVT_TT_nldm_211120     0.087480       1     0.087480
BUFx4f_ASAP7_75t_R asap7sc7p5t_INVBUF_RVT_TT_nldm_211120     0.116640       1     0.116640
FAx1_ASAP7_75t_R   asap7sc7p5t_SIMPLE_RVT_TT_nldm_211120     0.204120      90    18.370800 r
HB1xp67_ASAP7_75t_R asap7sc7p5t_INVBUF_RVT_TT_nldm_211120     0.058320       3     0.174960
INVx1_ASAP7_75t_R  asap7sc7p5t_INVBUF_RVT_TT_nldm_211120     0.043740     178     7.785720
INVxp67_ASAP7_75t_R asap7sc7p5t_INVBUF_RVT_TT_nldm_211120     0.043740       3     0.131220
TIELOx1_ASAP7_75t_R asap7sc7p5t_SIMPLE_RVT_TT_nldm_211120     0.043740       1     0.043740
XNOR2xp5_ASAP7_75t_R asap7sc7p5t_SIMPLE_RVT_TT_nldm_211120     0.131220       1     0.131220
XOR2x1_ASAP7_75t_R asap7sc7p5t_SIMPLE_RVT_TT_nldm_211120     0.174960       1     0.174960
XOR2x2_ASAP7_75t_R asap7sc7p5t_SIMPLE_RVT_TT_nldm_211120     0.160380      15     2.405700
XOR2xp5_ASAP7_75t_R asap7sc7p5t_SIMPLE_RVT_TT_nldm_211120     0.131220       3     0.393660
fp16_mult_13_DW01_add_J54_0       7.800300       1      7.800300  h
-----------------------------------------------------------------------------
Total 15 references                                    50.373900

****************************************
Design: fp16_mult_13_DW01_add_J54_0 
****************************************
Reference          Library       Unit Area   Count    Total Area   Attributes
-----------------------------------------------------------------------------
AND2x2_ASAP7_75t_R asap7sc7p5t_SIMPLE_RVT_TT_nldm_211120     0.087480       4     0.349920
AOI21x1_ASAP7_75t_R asap7sc7p5t_AO_RVT_TT_nldm_211120     0.116640       1     0.116640
AOI21xp5_ASAP7_75t_R asap7sc7p5t_AO_RVT_TT_nldm_211120     0.072900       2     0.145800
AOI21xp33_ASAP7_75t_R asap7sc7p5t_AO_RVT_TT_nldm_211120     0.072900       1     0.072900
AOI22xp33_ASAP7_75t_R asap7sc7p5t_AO_RVT_TT_nldm_211120     0.087480       1     0.087480
AOI221x1_ASAP7_75t_R asap7sc7p5t_AO_RVT_TT_nldm_211120     0.204120       1     0.204120
HB1xp67_ASAP7_75t_R asap7sc7p5t_INVBUF_RVT_TT_nldm_211120     0.058320       1     0.058320
INVx1_ASAP7_75t_R  asap7sc7p5t_INVBUF_RVT_TT_nldm_211120     0.043740      13     0.568620
INVx2_ASAP7_75t_R  asap7sc7p5t_INVBUF_RVT_TT_nldm_211120     0.058320       1     0.058320
INVxp33_ASAP7_75t_R asap7sc7p5t_INVBUF_RVT_TT_nldm_211120     0.043740       3     0.131220
INVxp67_ASAP7_75t_R asap7sc7p5t_INVBUF_RVT_TT_nldm_211120     0.043740       3     0.131220
NAND2x1p5_ASAP7_75t_R asap7sc7p5t_SIMPLE_RVT_TT_nldm_211120     0.116640       1     0.116640
NAND2xp5_ASAP7_75t_R asap7sc7p5t_SIMPLE_RVT_TT_nldm_211120     0.058320      15     0.874800
NAND2xp33_ASAP7_75t_R asap7sc7p5t_SIMPLE_RVT_TT_nldm_211120     0.058320       4     0.233280
NAND3xp33_ASAP7_75t_R asap7sc7p5t_SIMPLE_RVT_TT_nldm_211120     0.072900       7     0.510300
NOR2x1_ASAP7_75t_R asap7sc7p5t_SIMPLE_RVT_TT_nldm_211120     0.087480       5     0.437400
NOR2xp33_ASAP7_75t_R asap7sc7p5t_SIMPLE_RVT_TT_nldm_211120     0.058320       3     0.174960
NOR2xp67_ASAP7_75t_R asap7sc7p5t_SIMPLE_RVT_TT_nldm_211120     0.087480       2     0.174960
NOR3x1_ASAP7_75t_R asap7sc7p5t_SIMPLE_RVT_TT_nldm_211120     0.160380       1     0.160380
NOR3xp33_ASAP7_75t_R asap7sc7p5t_SIMPLE_RVT_TT_nldm_211120     0.072900       2     0.145800
OAI21x1_ASAP7_75t_R asap7sc7p5t_OA_RVT_TT_nldm_211120     0.116640       1     0.116640
OAI21xp5_ASAP7_75t_R asap7sc7p5t_OA_RVT_TT_nldm_211120     0.072900       4     0.291600
OAI21xp33_ASAP7_75t_R asap7sc7p5t_OA_RVT_TT_nldm_211120     0.072900       1     0.072900
OR2x2_ASAP7_75t_R  asap7sc7p5t_SIMPLE_RVT_TT_nldm_211120     0.087480       9     0.787320
OR2x4_ASAP7_75t_R  asap7sc7p5t_SIMPLE_RVT_TT_nldm_211120     0.116640       1     0.116640
XNOR2x1_ASAP7_75t_R asap7sc7p5t_SIMPLE_RVT_TT_nldm_211120     0.174960       1     0.174960
XNOR2xp5_ASAP7_75t_R asap7sc7p5t_SIMPLE_RVT_TT_nldm_211120     0.131220       9     1.180980
XOR2x1_ASAP7_75t_R asap7sc7p5t_SIMPLE_RVT_TT_nldm_211120     0.174960       1     0.174960
XOR2xp5_ASAP7_75t_R asap7sc7p5t_SIMPLE_RVT_TT_nldm_211120     0.131220       1     0.131220
-----------------------------------------------------------------------------
Total 29 references                                     7.800300

****************************************
Design: fp16_mult_14 
****************************************
Reference          Library       Unit Area   Count    Total Area   Attributes
-----------------------------------------------------------------------------
A2O1A1Ixp33_ASAP7_75t_R asap7sc7p5t_AO_RVT_TT_nldm_211120     0.087480       4     0.349920
AND2x2_ASAP7_75t_R asap7sc7p5t_SIMPLE_RVT_TT_nldm_211120     0.087480      16     1.399680
AND2x4_ASAP7_75t_R asap7sc7p5t_SIMPLE_RVT_TT_nldm_211120     0.145800       3     0.437400
AND3x1_ASAP7_75t_R asap7sc7p5t_SIMPLE_RVT_TT_nldm_211120     0.087480       6     0.524880
AND3x4_ASAP7_75t_R asap7sc7p5t_SIMPLE_RVT_TT_nldm_211120     0.204120       1     0.204120
AND4x1_ASAP7_75t_R asap7sc7p5t_SIMPLE_RVT_TT_nldm_211120     0.102060       1     0.102060
AND5x1_ASAP7_75t_R asap7sc7p5t_SIMPLE_RVT_TT_nldm_211120     0.116640       1     0.116640
AO21x1_ASAP7_75t_R asap7sc7p5t_AO_RVT_TT_nldm_211120     0.087480       1     0.087480
AO21x2_ASAP7_75t_R asap7sc7p5t_AO_RVT_TT_nldm_211120     0.102060       1     0.102060
AO31x2_ASAP7_75t_R asap7sc7p5t_AO_RVT_TT_nldm_211120     0.233280       1     0.233280
AOI21xp33_ASAP7_75t_R asap7sc7p5t_AO_RVT_TT_nldm_211120     0.072900       1     0.072900
AOI31xp33_ASAP7_75t_R asap7sc7p5t_AO_RVT_TT_nldm_211120     0.087480       5     0.437400
AOI31xp67_ASAP7_75t_R asap7sc7p5t_AO_RVT_TT_nldm_211120     0.189540       1     0.189540
AOI33xp33_ASAP7_75t_R asap7sc7p5t_AO_RVT_TT_nldm_211120     0.116640       2     0.233280
AOI211xp5_ASAP7_75t_R asap7sc7p5t_AO_RVT_TT_nldm_211120     0.087480       1     0.087480
BUFx8_ASAP7_75t_R  asap7sc7p5t_INVBUF_RVT_TT_nldm_211120     0.174960       2     0.349920
DFFASRHQNx1_ASAP7_75t_R asap7sc7p5t_SEQ_RVT_TT_nldm_220123     0.379080      17     6.444360 n
INVx1_ASAP7_75t_R  asap7sc7p5t_INVBUF_RVT_TT_nldm_211120     0.043740      69     3.018060
INVx2_ASAP7_75t_R  asap7sc7p5t_INVBUF_RVT_TT_nldm_211120     0.058320       6     0.349920
INVx3_ASAP7_75t_R  asap7sc7p5t_INVBUF_RVT_TT_nldm_211120     0.072900       2     0.145800
INVx4_ASAP7_75t_R  asap7sc7p5t_INVBUF_RVT_TT_nldm_211120     0.087480       2     0.174960
INVx5_ASAP7_75t_R  asap7sc7p5t_INVBUF_RVT_TT_nldm_211120     0.102060       1     0.102060
INVxp33_ASAP7_75t_R asap7sc7p5t_INVBUF_RVT_TT_nldm_211120     0.043740      10     0.437400
INVxp67_ASAP7_75t_R asap7sc7p5t_INVBUF_RVT_TT_nldm_211120     0.043740       9     0.393660
NAND2x1_ASAP7_75t_R asap7sc7p5t_SIMPLE_RVT_TT_nldm_211120     0.087480       3     0.262440
NAND2x1p5_ASAP7_75t_R asap7sc7p5t_SIMPLE_RVT_TT_nldm_211120     0.116640       2     0.233280
NAND2x2_ASAP7_75t_R asap7sc7p5t_SIMPLE_RVT_TT_nldm_211120     0.145800       1     0.145800
NAND2xp5_ASAP7_75t_R asap7sc7p5t_SIMPLE_RVT_TT_nldm_211120     0.058320      50     2.916000
NAND2xp33_ASAP7_75t_R asap7sc7p5t_SIMPLE_RVT_TT_nldm_211120     0.058320      17     0.991440
NAND3x1_ASAP7_75t_R asap7sc7p5t_SIMPLE_RVT_TT_nldm_211120     0.160380       3     0.481140
NAND3xp33_ASAP7_75t_R asap7sc7p5t_SIMPLE_RVT_TT_nldm_211120     0.072900       9     0.656100
NAND5xp2_ASAP7_75t_R asap7sc7p5t_SIMPLE_RVT_TT_nldm_211120     0.102060       3     0.306180
NOR2x1_ASAP7_75t_R asap7sc7p5t_SIMPLE_RVT_TT_nldm_211120     0.087480      12     1.049760
NOR2xp33_ASAP7_75t_R asap7sc7p5t_SIMPLE_RVT_TT_nldm_211120     0.058320       8     0.466560
NOR2xp67_ASAP7_75t_R asap7sc7p5t_SIMPLE_RVT_TT_nldm_211120     0.087480       2     0.174960
NOR3xp33_ASAP7_75t_R asap7sc7p5t_SIMPLE_RVT_TT_nldm_211120     0.072900       2     0.145800
NOR5xp2_ASAP7_75t_R asap7sc7p5t_SIMPLE_RVT_TT_nldm_211120     0.102060       4     0.408240
OA21x2_ASAP7_75t_R asap7sc7p5t_OA_RVT_TT_nldm_211120     0.102060       3     0.306180
OAI21xp5_ASAP7_75t_R asap7sc7p5t_OA_RVT_TT_nldm_211120     0.072900       8     0.583200
OAI21xp33_ASAP7_75t_R asap7sc7p5t_OA_RVT_TT_nldm_211120     0.072900      17     1.239300
OAI22xp5_ASAP7_75t_R asap7sc7p5t_OA_RVT_TT_nldm_211120     0.087480       4     0.349920
OAI31xp33_ASAP7_75t_R asap7sc7p5t_OA_RVT_TT_nldm_211120     0.087480       3     0.262440
OAI211xp5_ASAP7_75t_R asap7sc7p5t_OA_RVT_TT_nldm_211120     0.087480       5     0.437400
OR2x2_ASAP7_75t_R  asap7sc7p5t_SIMPLE_RVT_TT_nldm_211120     0.087480       8     0.699840
OR3x1_ASAP7_75t_R  asap7sc7p5t_SIMPLE_RVT_TT_nldm_211120     0.087480       1     0.087480
OR5x1_ASAP7_75t_R  asap7sc7p5t_SIMPLE_RVT_TT_nldm_211120     0.116640       1     0.116640
TIEHIx1_ASAP7_75t_R asap7sc7p5t_SIMPLE_RVT_TT_nldm_211120     0.043740       1     0.043740
TIELOx1_ASAP7_75t_R asap7sc7p5t_SIMPLE_RVT_TT_nldm_211120     0.043740       1     0.043740
XNOR2x1_ASAP7_75t_R asap7sc7p5t_SIMPLE_RVT_TT_nldm_211120     0.174960       2     0.349920
XNOR2x2_ASAP7_75t_R asap7sc7p5t_SIMPLE_RVT_TT_nldm_211120     0.160380       2     0.320760
XNOR2xp5_ASAP7_75t_R asap7sc7p5t_SIMPLE_RVT_TT_nldm_211120     0.131220       5     0.656100
XOR2x2_ASAP7_75t_R asap7sc7p5t_SIMPLE_RVT_TT_nldm_211120     0.160380       1     0.160380
XOR2xp5_ASAP7_75t_R asap7sc7p5t_SIMPLE_RVT_TT_nldm_211120     0.131220       2     0.262440
fp16_mult_14_DW02_mult_0_DW02_mult_8    50.752980       1    50.752980 h
-----------------------------------------------------------------------------
Total 54 references                                    80.904420

****************************************
Design: fp16_mult_14_DW02_mult_0_DW02_mult_8 
****************************************
Reference          Library       Unit Area   Count    Total Area   Attributes
-----------------------------------------------------------------------------
AND2x2_ASAP7_75t_R asap7sc7p5t_SIMPLE_RVT_TT_nldm_211120     0.087480     128    11.197440
AND2x4_ASAP7_75t_R asap7sc7p5t_SIMPLE_RVT_TT_nldm_211120     0.145800      12     1.749600
BUFx3_ASAP7_75t_R  asap7sc7p5t_INVBUF_RVT_TT_nldm_211120     0.087480       1     0.087480
FAx1_ASAP7_75t_R   asap7sc7p5t_SIMPLE_RVT_TT_nldm_211120     0.204120      90    18.370800 r
HB1xp67_ASAP7_75t_R asap7sc7p5t_INVBUF_RVT_TT_nldm_211120     0.058320       1     0.058320
INVx1_ASAP7_75t_R  asap7sc7p5t_INVBUF_RVT_TT_nldm_211120     0.043740     175     7.654500
INVx2_ASAP7_75t_R  asap7sc7p5t_INVBUF_RVT_TT_nldm_211120     0.058320       5     0.291600
INVxp33_ASAP7_75t_R asap7sc7p5t_INVBUF_RVT_TT_nldm_211120     0.043740       1     0.043740
INVxp67_ASAP7_75t_R asap7sc7p5t_INVBUF_RVT_TT_nldm_211120     0.043740       6     0.262440
NAND2xp5_ASAP7_75t_R asap7sc7p5t_SIMPLE_RVT_TT_nldm_211120     0.058320       1     0.058320
NAND2xp33_ASAP7_75t_R asap7sc7p5t_SIMPLE_RVT_TT_nldm_211120     0.058320       1     0.058320
TIELOx1_ASAP7_75t_R asap7sc7p5t_SIMPLE_RVT_TT_nldm_211120     0.043740       1     0.043740
XNOR2x1_ASAP7_75t_R asap7sc7p5t_SIMPLE_RVT_TT_nldm_211120     0.174960       1     0.174960
XNOR2xp5_ASAP7_75t_R asap7sc7p5t_SIMPLE_RVT_TT_nldm_211120     0.131220       2     0.262440
XOR2x1_ASAP7_75t_R asap7sc7p5t_SIMPLE_RVT_TT_nldm_211120     0.174960       1     0.174960
XOR2x2_ASAP7_75t_R asap7sc7p5t_SIMPLE_RVT_TT_nldm_211120     0.160380      13     2.084940
XOR2xp5_ASAP7_75t_R asap7sc7p5t_SIMPLE_RVT_TT_nldm_211120     0.131220       3     0.393660
fp16_mult_14_DW01_add_5           7.785720       1      7.785720  h
-----------------------------------------------------------------------------
Total 18 references                                    50.752980

****************************************
Design: fp16_mult_14_DW01_add_5 
****************************************
Reference          Library       Unit Area   Count    Total Area   Attributes
-----------------------------------------------------------------------------
AND2x2_ASAP7_75t_R asap7sc7p5t_SIMPLE_RVT_TT_nldm_211120     0.087480       4     0.349920
AOI21x1_ASAP7_75t_R asap7sc7p5t_AO_RVT_TT_nldm_211120     0.116640       2     0.233280
AOI21xp33_ASAP7_75t_R asap7sc7p5t_AO_RVT_TT_nldm_211120     0.072900       2     0.145800
AOI22xp5_ASAP7_75t_R asap7sc7p5t_AO_RVT_TT_nldm_211120     0.087480       1     0.087480
AOI221x1_ASAP7_75t_R asap7sc7p5t_AO_RVT_TT_nldm_211120     0.204120       1     0.204120
HB1xp67_ASAP7_75t_R asap7sc7p5t_INVBUF_RVT_TT_nldm_211120     0.058320       1     0.058320
INVx1_ASAP7_75t_R  asap7sc7p5t_INVBUF_RVT_TT_nldm_211120     0.043740      13     0.568620
INVx2_ASAP7_75t_R  asap7sc7p5t_INVBUF_RVT_TT_nldm_211120     0.058320       3     0.174960
INVxp33_ASAP7_75t_R asap7sc7p5t_INVBUF_RVT_TT_nldm_211120     0.043740       1     0.043740
INVxp67_ASAP7_75t_R asap7sc7p5t_INVBUF_RVT_TT_nldm_211120     0.043740       1     0.043740
NAND2x1p5_ASAP7_75t_R asap7sc7p5t_SIMPLE_RVT_TT_nldm_211120     0.116640       1     0.116640
NAND2xp5_ASAP7_75t_R asap7sc7p5t_SIMPLE_RVT_TT_nldm_211120     0.058320      17     0.991440
NAND2xp33_ASAP7_75t_R asap7sc7p5t_SIMPLE_RVT_TT_nldm_211120     0.058320       3     0.174960
NAND3x1_ASAP7_75t_R asap7sc7p5t_SIMPLE_RVT_TT_nldm_211120     0.160380       1     0.160380
NAND3xp33_ASAP7_75t_R asap7sc7p5t_SIMPLE_RVT_TT_nldm_211120     0.072900       4     0.291600
NOR2x1_ASAP7_75t_R asap7sc7p5t_SIMPLE_RVT_TT_nldm_211120     0.087480       4     0.349920
NOR2x1p5_ASAP7_75t_R asap7sc7p5t_SIMPLE_RVT_TT_nldm_211120     0.116640       1     0.116640
NOR2xp33_ASAP7_75t_R asap7sc7p5t_SIMPLE_RVT_TT_nldm_211120     0.058320       4     0.233280
NOR2xp67_ASAP7_75t_R asap7sc7p5t_SIMPLE_RVT_TT_nldm_211120     0.087480       2     0.174960
NOR3xp33_ASAP7_75t_R asap7sc7p5t_SIMPLE_RVT_TT_nldm_211120     0.072900       3     0.218700
OAI21x1_ASAP7_75t_R asap7sc7p5t_OA_RVT_TT_nldm_211120     0.116640       1     0.116640
OAI21xp5_ASAP7_75t_R asap7sc7p5t_OA_RVT_TT_nldm_211120     0.072900       5     0.364500
OR2x2_ASAP7_75t_R  asap7sc7p5t_SIMPLE_RVT_TT_nldm_211120     0.087480       9     0.787320
OR2x4_ASAP7_75t_R  asap7sc7p5t_SIMPLE_RVT_TT_nldm_211120     0.116640       1     0.116640
XNOR2x1_ASAP7_75t_R asap7sc7p5t_SIMPLE_RVT_TT_nldm_211120     0.174960       1     0.174960
XNOR2xp5_ASAP7_75t_R asap7sc7p5t_SIMPLE_RVT_TT_nldm_211120     0.131220       9     1.180980
XOR2x1_ASAP7_75t_R asap7sc7p5t_SIMPLE_RVT_TT_nldm_211120     0.174960       1     0.174960
XOR2xp5_ASAP7_75t_R asap7sc7p5t_SIMPLE_RVT_TT_nldm_211120     0.131220       1     0.131220
-----------------------------------------------------------------------------
Total 28 references                                     7.785720

****************************************
Design: fp16_mult_15 
****************************************
Reference          Library       Unit Area   Count    Total Area   Attributes
-----------------------------------------------------------------------------
A2O1A1Ixp33_ASAP7_75t_R asap7sc7p5t_AO_RVT_TT_nldm_211120     0.087480       4     0.349920
AND2x2_ASAP7_75t_R asap7sc7p5t_SIMPLE_RVT_TT_nldm_211120     0.087480      15     1.312200
AND2x4_ASAP7_75t_R asap7sc7p5t_SIMPLE_RVT_TT_nldm_211120     0.145800       3     0.437400
AND3x1_ASAP7_75t_R asap7sc7p5t_SIMPLE_RVT_TT_nldm_211120     0.087480       4     0.349920
AND4x1_ASAP7_75t_R asap7sc7p5t_SIMPLE_RVT_TT_nldm_211120     0.102060       1     0.102060
AND5x2_ASAP7_75t_R asap7sc7p5t_SIMPLE_RVT_TT_nldm_211120     0.291600       1     0.291600
AO21x1_ASAP7_75t_R asap7sc7p5t_AO_RVT_TT_nldm_211120     0.087480       2     0.174960
AOI21xp33_ASAP7_75t_R asap7sc7p5t_AO_RVT_TT_nldm_211120     0.072900       1     0.072900
AOI31xp33_ASAP7_75t_R asap7sc7p5t_AO_RVT_TT_nldm_211120     0.087480       5     0.437400
AOI31xp67_ASAP7_75t_R asap7sc7p5t_AO_RVT_TT_nldm_211120     0.189540       2     0.379080
AOI33xp33_ASAP7_75t_R asap7sc7p5t_AO_RVT_TT_nldm_211120     0.116640       2     0.233280
AOI211xp5_ASAP7_75t_R asap7sc7p5t_AO_RVT_TT_nldm_211120     0.087480       1     0.087480
BUFx3_ASAP7_75t_R  asap7sc7p5t_INVBUF_RVT_TT_nldm_211120     0.087480       2     0.174960
BUFx8_ASAP7_75t_R  asap7sc7p5t_INVBUF_RVT_TT_nldm_211120     0.174960       2     0.349920
DFFASRHQNx1_ASAP7_75t_R asap7sc7p5t_SEQ_RVT_TT_nldm_220123     0.379080      17     6.444360 n
HB1xp67_ASAP7_75t_R asap7sc7p5t_INVBUF_RVT_TT_nldm_211120     0.058320       5     0.291600
INVx1_ASAP7_75t_R  asap7sc7p5t_INVBUF_RVT_TT_nldm_211120     0.043740      70     3.061800
INVx2_ASAP7_75t_R  asap7sc7p5t_INVBUF_RVT_TT_nldm_211120     0.058320       2     0.116640
INVx3_ASAP7_75t_R  asap7sc7p5t_INVBUF_RVT_TT_nldm_211120     0.072900       2     0.145800
INVx5_ASAP7_75t_R  asap7sc7p5t_INVBUF_RVT_TT_nldm_211120     0.102060       1     0.102060
INVx6_ASAP7_75t_R  asap7sc7p5t_INVBUF_RVT_TT_nldm_211120     0.116640       1     0.116640
INVxp33_ASAP7_75t_R asap7sc7p5t_INVBUF_RVT_TT_nldm_211120     0.043740       9     0.393660
INVxp67_ASAP7_75t_R asap7sc7p5t_INVBUF_RVT_TT_nldm_211120     0.043740      10     0.437400
NAND2x1_ASAP7_75t_R asap7sc7p5t_SIMPLE_RVT_TT_nldm_211120     0.087480       2     0.174960
NAND2x2_ASAP7_75t_R asap7sc7p5t_SIMPLE_RVT_TT_nldm_211120     0.145800       1     0.145800
NAND2xp5_ASAP7_75t_R asap7sc7p5t_SIMPLE_RVT_TT_nldm_211120     0.058320      54     3.149280
NAND2xp33_ASAP7_75t_R asap7sc7p5t_SIMPLE_RVT_TT_nldm_211120     0.058320      15     0.874800
NAND3x1_ASAP7_75t_R asap7sc7p5t_SIMPLE_RVT_TT_nldm_211120     0.160380       3     0.481140
NAND3xp33_ASAP7_75t_R asap7sc7p5t_SIMPLE_RVT_TT_nldm_211120     0.072900      12     0.874800
NAND5xp2_ASAP7_75t_R asap7sc7p5t_SIMPLE_RVT_TT_nldm_211120     0.102060       3     0.306180
NOR2x1_ASAP7_75t_R asap7sc7p5t_SIMPLE_RVT_TT_nldm_211120     0.087480      11     0.962280
NOR2x1p5_ASAP7_75t_R asap7sc7p5t_SIMPLE_RVT_TT_nldm_211120     0.116640       2     0.233280
NOR2xp33_ASAP7_75t_R asap7sc7p5t_SIMPLE_RVT_TT_nldm_211120     0.058320       6     0.349920
NOR2xp67_ASAP7_75t_R asap7sc7p5t_SIMPLE_RVT_TT_nldm_211120     0.087480       3     0.262440
NOR3x1_ASAP7_75t_R asap7sc7p5t_SIMPLE_RVT_TT_nldm_211120     0.160380       1     0.160380
NOR3xp33_ASAP7_75t_R asap7sc7p5t_SIMPLE_RVT_TT_nldm_211120     0.072900       2     0.145800
NOR5xp2_ASAP7_75t_R asap7sc7p5t_SIMPLE_RVT_TT_nldm_211120     0.102060       4     0.408240
OA21x2_ASAP7_75t_R asap7sc7p5t_OA_RVT_TT_nldm_211120     0.102060       2     0.204120
OA31x2_ASAP7_75t_R asap7sc7p5t_OA_RVT_TT_nldm_211120     0.218700       1     0.218700
OAI21xp5_ASAP7_75t_R asap7sc7p5t_OA_RVT_TT_nldm_211120     0.072900       8     0.583200
OAI21xp33_ASAP7_75t_R asap7sc7p5t_OA_RVT_TT_nldm_211120     0.072900      17     1.239300
OAI22xp5_ASAP7_75t_R asap7sc7p5t_OA_RVT_TT_nldm_211120     0.087480       2     0.174960
OAI22xp33_ASAP7_75t_R asap7sc7p5t_OA_RVT_TT_nldm_211120     0.087480       2     0.174960
OAI31xp33_ASAP7_75t_R asap7sc7p5t_OA_RVT_TT_nldm_211120     0.087480       2     0.174960
OAI211xp5_ASAP7_75t_R asap7sc7p5t_OA_RVT_TT_nldm_211120     0.087480       5     0.437400
OR2x2_ASAP7_75t_R  asap7sc7p5t_SIMPLE_RVT_TT_nldm_211120     0.087480       9     0.787320
OR3x1_ASAP7_75t_R  asap7sc7p5t_SIMPLE_RVT_TT_nldm_211120     0.087480       1     0.087480
OR5x1_ASAP7_75t_R  asap7sc7p5t_SIMPLE_RVT_TT_nldm_211120     0.116640       1     0.116640
TIEHIx1_ASAP7_75t_R asap7sc7p5t_SIMPLE_RVT_TT_nldm_211120     0.043740       1     0.043740
TIELOx1_ASAP7_75t_R asap7sc7p5t_SIMPLE_RVT_TT_nldm_211120     0.043740       1     0.043740
XNOR2x1_ASAP7_75t_R asap7sc7p5t_SIMPLE_RVT_TT_nldm_211120     0.174960       2     0.349920
XNOR2x2_ASAP7_75t_R asap7sc7p5t_SIMPLE_RVT_TT_nldm_211120     0.160380       1     0.160380
XNOR2xp5_ASAP7_75t_R asap7sc7p5t_SIMPLE_RVT_TT_nldm_211120     0.131220       3     0.393660
XOR2x1_ASAP7_75t_R asap7sc7p5t_SIMPLE_RVT_TT_nldm_211120     0.174960       1     0.174960
XOR2x2_ASAP7_75t_R asap7sc7p5t_SIMPLE_RVT_TT_nldm_211120     0.160380       2     0.320760
XOR2xp5_ASAP7_75t_R asap7sc7p5t_SIMPLE_RVT_TT_nldm_211120     0.131220       3     0.393660
fp16_mult_15_DW02_mult_0_DW02_mult_7    50.957100       1    50.957100 h
-----------------------------------------------------------------------------
Total 57 references                                    81.429300

****************************************
Design: fp16_mult_15_DW02_mult_0_DW02_mult_7 
****************************************
Reference          Library       Unit Area   Count    Total Area   Attributes
-----------------------------------------------------------------------------
AND2x2_ASAP7_75t_R asap7sc7p5t_SIMPLE_RVT_TT_nldm_211120     0.087480     133    11.634840
AND2x4_ASAP7_75t_R asap7sc7p5t_SIMPLE_RVT_TT_nldm_211120     0.145800       8     1.166400
BUFx3_ASAP7_75t_R  asap7sc7p5t_INVBUF_RVT_TT_nldm_211120     0.087480       2     0.174960
FAx1_ASAP7_75t_R   asap7sc7p5t_SIMPLE_RVT_TT_nldm_211120     0.204120      90    18.370800 r
HB1xp67_ASAP7_75t_R asap7sc7p5t_INVBUF_RVT_TT_nldm_211120     0.058320       3     0.174960
INVx1_ASAP7_75t_R  asap7sc7p5t_INVBUF_RVT_TT_nldm_211120     0.043740     182     7.960680
INVx2_ASAP7_75t_R  asap7sc7p5t_INVBUF_RVT_TT_nldm_211120     0.058320       4     0.233280
INVxp33_ASAP7_75t_R asap7sc7p5t_INVBUF_RVT_TT_nldm_211120     0.043740       1     0.043740
INVxp67_ASAP7_75t_R asap7sc7p5t_INVBUF_RVT_TT_nldm_211120     0.043740       1     0.043740
TIELOx1_ASAP7_75t_R asap7sc7p5t_SIMPLE_RVT_TT_nldm_211120     0.043740       1     0.043740
XNOR2x1_ASAP7_75t_R asap7sc7p5t_SIMPLE_RVT_TT_nldm_211120     0.174960       2     0.349920
XNOR2xp5_ASAP7_75t_R asap7sc7p5t_SIMPLE_RVT_TT_nldm_211120     0.131220       1     0.131220
XOR2x2_ASAP7_75t_R asap7sc7p5t_SIMPLE_RVT_TT_nldm_211120     0.160380      16     2.566080
XOR2xp5_ASAP7_75t_R asap7sc7p5t_SIMPLE_RVT_TT_nldm_211120     0.131220       1     0.131220
fp16_mult_15_DW01_add_J53_0       7.931520       1      7.931520  h
-----------------------------------------------------------------------------
Total 15 references                                    50.957100

****************************************
Design: fp16_mult_15_DW01_add_J53_0 
****************************************
Reference          Library       Unit Area   Count    Total Area   Attributes
-----------------------------------------------------------------------------
AND2x2_ASAP7_75t_R asap7sc7p5t_SIMPLE_RVT_TT_nldm_211120     0.087480       4     0.349920
AND2x4_ASAP7_75t_R asap7sc7p5t_SIMPLE_RVT_TT_nldm_211120     0.145800       2     0.291600
AOI21xp5_ASAP7_75t_R asap7sc7p5t_AO_RVT_TT_nldm_211120     0.072900       3     0.218700
AOI21xp33_ASAP7_75t_R asap7sc7p5t_AO_RVT_TT_nldm_211120     0.072900       1     0.072900
AOI22xp5_ASAP7_75t_R asap7sc7p5t_AO_RVT_TT_nldm_211120     0.087480       1     0.087480
AOI221x1_ASAP7_75t_R asap7sc7p5t_AO_RVT_TT_nldm_211120     0.204120       1     0.204120
HB1xp67_ASAP7_75t_R asap7sc7p5t_INVBUF_RVT_TT_nldm_211120     0.058320       1     0.058320
INVx1_ASAP7_75t_R  asap7sc7p5t_INVBUF_RVT_TT_nldm_211120     0.043740      12     0.524880
INVx2_ASAP7_75t_R  asap7sc7p5t_INVBUF_RVT_TT_nldm_211120     0.058320       2     0.116640
INVxp33_ASAP7_75t_R asap7sc7p5t_INVBUF_RVT_TT_nldm_211120     0.043740       3     0.131220
INVxp67_ASAP7_75t_R asap7sc7p5t_INVBUF_RVT_TT_nldm_211120     0.043740       4     0.174960
NAND2x1p5_ASAP7_75t_R asap7sc7p5t_SIMPLE_RVT_TT_nldm_211120     0.116640       1     0.116640
NAND2xp5_ASAP7_75t_R asap7sc7p5t_SIMPLE_RVT_TT_nldm_211120     0.058320      16     0.933120
NAND2xp33_ASAP7_75t_R asap7sc7p5t_SIMPLE_RVT_TT_nldm_211120     0.058320       6     0.349920
NAND3xp33_ASAP7_75t_R asap7sc7p5t_SIMPLE_RVT_TT_nldm_211120     0.072900       6     0.437400
NOR2x1_ASAP7_75t_R asap7sc7p5t_SIMPLE_RVT_TT_nldm_211120     0.087480       3     0.262440
NOR2xp33_ASAP7_75t_R asap7sc7p5t_SIMPLE_RVT_TT_nldm_211120     0.058320       5     0.291600
NOR2xp67_ASAP7_75t_R asap7sc7p5t_SIMPLE_RVT_TT_nldm_211120     0.087480       1     0.087480
NOR3xp33_ASAP7_75t_R asap7sc7p5t_SIMPLE_RVT_TT_nldm_211120     0.072900       3     0.218700
OA21x2_ASAP7_75t_R asap7sc7p5t_OA_RVT_TT_nldm_211120     0.102060       2     0.204120
OAI21xp5_ASAP7_75t_R asap7sc7p5t_OA_RVT_TT_nldm_211120     0.072900       5     0.364500
OR2x2_ASAP7_75t_R  asap7sc7p5t_SIMPLE_RVT_TT_nldm_211120     0.087480       9     0.787320
XNOR2x1_ASAP7_75t_R asap7sc7p5t_SIMPLE_RVT_TT_nldm_211120     0.174960       1     0.174960
XNOR2xp5_ASAP7_75t_R asap7sc7p5t_SIMPLE_RVT_TT_nldm_211120     0.131220       9     1.180980
XOR2x2_ASAP7_75t_R asap7sc7p5t_SIMPLE_RVT_TT_nldm_211120     0.160380       1     0.160380
XOR2xp5_ASAP7_75t_R asap7sc7p5t_SIMPLE_RVT_TT_nldm_211120     0.131220       1     0.131220
-----------------------------------------------------------------------------
Total 26 references                                     7.931520

****************************************
Design: gemv_unit_DW01_inc_0 
****************************************
Reference          Library       Unit Area   Count    Total Area   Attributes
-----------------------------------------------------------------------------
HAxp5_ASAP7_75t_R  asap7sc7p5t_SIMPLE_RVT_TT_nldm_211120     0.131220       7     0.918540 r
INVx1_ASAP7_75t_R  asap7sc7p5t_INVBUF_RVT_TT_nldm_211120     0.043740      14     0.612360
XNOR2xp5_ASAP7_75t_R asap7sc7p5t_SIMPLE_RVT_TT_nldm_211120     0.131220       1     0.131220
-----------------------------------------------------------------------------
Total 3 references                                      1.662120
1
