
                           Design Compiler Graphical 
                                 DC Ultra (TM)
                                  DFTMAX (TM)
                              Power Compiler (TM)
                                 DesignWare (R)
                                 DC Expert (TM)
                               Design Vision (TM)
                               HDL Compiler (TM)
                               VHDL Compiler (TM)
                                  DFT Compiler
                               Design Compiler(R)

              Version P-2019.03-SP5-6 for linux64 - Aug 20, 2020 

                    Copyright (c) 1988 - 2020 Synopsys, Inc.
   This software and the associated documentation are proprietary to Synopsys,
 Inc. This software may only be used in accordance with the terms and conditions
 of a written license agreement with Synopsys, Inc. All other use, reproduction,
            or distribution of this software is strictly prohibited.
Initializing...
# Reproducible module/top synthesis using the bundled open ASAP7 RVT/TT NLDM
# libraries.  All constraints are deliberately identical across profiles.
#
# Example (from syn/):
#   . /home/common/profile_synopsys
#   SYN_TOP=softmax_unit SYN_PROFILE=logic SYN_TAG=softmax_p20 #     SYN_PERIOD_NS=2.0 dc_shell -f run_dc_asap7.tcl
set script_dir [file dirname [file normalize [info script]]]
/thu-bloor/xinyao-w23/kvpim-rtl/syn
set root_dir   [file normalize [file join $script_dir ..]]
/thu-bloor/xinyao-w23/kvpim-rtl
set rtl_dir    [file join $root_dir rtl]
/thu-bloor/xinyao-w23/kvpim-rtl/rtl
set lib_dir    [file join $root_dir third_party asap7_lib db]
/thu-bloor/xinyao-w23/kvpim-rtl/third_party/asap7_lib/db
set sram_dir   [file join $root_dir third_party asap7 asap7_sram_0p0 generated]
/thu-bloor/xinyao-w23/kvpim-rtl/third_party/asap7/asap7_sram_0p0/generated
proc envdef {name default} {
    return [expr {[info exists ::env($name)] ? $::env($name) : $default}]
}
set top_module [envdef SYN_TOP attacc_logic_die]
fugue2_logic_die
set profile    [envdef SYN_PROFILE logic]
fugue2_sram
set tag        [envdef SYN_TAG $top_module]
fugue2_logic_die_p769
set period_ns  [envdef SYN_PERIOD_NS 2.0]
0.769
set max_cores  [envdef SYN_MAX_CORES 4]
1
set period     [expr {$period_ns * 1000.0}]
769.0
set out_root   [envdef SYN_OUT_ROOT dc_asap7]
xinyao_0828
if {[file pathtype $out_root] ne "absolute"} {
    set out_root [file join $script_dir $out_root]
}
/thu-bloor/xinyao-w23/kvpim-rtl/syn/xinyao_0828
set out_dir    [file join $out_root $tag]
/thu-bloor/xinyao-w23/kvpim-rtl/syn/xinyao_0828/fugue2_logic_die_p769
file mkdir $out_dir
set target_library [glob -nocomplain [file join $lib_dir *.db]]
/thu-bloor/xinyao-w23/kvpim-rtl/third_party/asap7_lib/db/asap7sc7p5t_AO_RVT_TT_nldm_211120.db /thu-bloor/xinyao-w23/kvpim-rtl/third_party/asap7_lib/db/asap7sc7p5t_INVBUF_RVT_TT_nldm_211120.db /thu-bloor/xinyao-w23/kvpim-rtl/third_party/asap7_lib/db/asap7sc7p5t_OA_RVT_TT_nldm_211120.db /thu-bloor/xinyao-w23/kvpim-rtl/third_party/asap7_lib/db/asap7sc7p5t_SEQ_RVT_TT_nldm_220123.db /thu-bloor/xinyao-w23/kvpim-rtl/third_party/asap7_lib/db/asap7sc7p5t_SIMPLE_RVT_TT_nldm_211120.db
if {[llength $target_library] == 0} {
    error "No ASAP7 .db views in $lib_dir"
}
set link_library "* $target_library"
* /thu-bloor/xinyao-w23/kvpim-rtl/third_party/asap7_lib/db/asap7sc7p5t_AO_RVT_TT_nldm_211120.db /thu-bloor/xinyao-w23/kvpim-rtl/third_party/asap7_lib/db/asap7sc7p5t_INVBUF_RVT_TT_nldm_211120.db /thu-bloor/xinyao-w23/kvpim-rtl/third_party/asap7_lib/db/asap7sc7p5t_OA_RVT_TT_nldm_211120.db /thu-bloor/xinyao-w23/kvpim-rtl/third_party/asap7_lib/db/asap7sc7p5t_SEQ_RVT_TT_nldm_220123.db /thu-bloor/xinyao-w23/kvpim-rtl/third_party/asap7_lib/db/asap7sc7p5t_SIMPLE_RVT_TT_nldm_211120.db
set search_path [list $rtl_dir $lib_dir $sram_dir [file join $sram_dir verilog]]
/thu-bloor/xinyao-w23/kvpim-rtl/rtl /thu-bloor/xinyao-w23/kvpim-rtl/third_party/asap7_lib/db /thu-bloor/xinyao-w23/kvpim-rtl/third_party/asap7/asap7_sram_0p0/generated /thu-bloor/xinyao-w23/kvpim-rtl/third_party/asap7/asap7_sram_0p0/generated/verilog
# Bound a single DC invocation to the requested local CPU budget.  The matrix
# shell driver runs jobs sequentially, so SYN_MAX_CORES=4 means at most four
# CPU cores are used by this flow (rather than four concurrent DC jobs).
set_host_options -max_cores $max_cores
1
# Profiles keep package/source ordering deterministic and only compile RTL used
# by the requested hardware block.
set common_logic [list     fugue_pkg.sv kv_tlb_pkg.sv fp16_mult.sv fp16_add.sv dbuf_16x256.sv     fp32_add.sv fp32_mul.sv fp32_exp.sv fp32_recip.sv gemv_unit.sv     accumulator.sv softmax_unit.sv]
fugue_pkg.sv kv_tlb_pkg.sv fp16_mult.sv fp16_add.sv dbuf_16x256.sv fp32_add.sv fp32_mul.sv fp32_exp.sv fp32_recip.sv gemv_unit.sv accumulator.sv softmax_unit.sv
set sram_common [list     fugue_pkg.sv kv_tlb_pkg.sv fp16_mult.sv fp16_add.sv dbuf_16x256_asap7.sv     fp32_add.sv fp32_mul.sv fp32_exp.sv fp32_recip.sv gemv_unit.sv     accumulator.sv softmax_buffer_sram.sv softmax_buffer.sv streaming_softmax_unit.sv]
fugue_pkg.sv kv_tlb_pkg.sv fp16_mult.sv fp16_add.sv dbuf_16x256_asap7.sv fp32_add.sv fp32_mul.sv fp32_exp.sv fp32_recip.sv gemv_unit.sv accumulator.sv softmax_buffer_sram.sv softmax_buffer.sv streaming_softmax_unit.sv
proc enable_asap7_sram {sram_dir} {
    global target_library link_library
    foreach name {srambank_256x4x64_6t122 srambank_64x4x16_6t122} {
        set db [file join $sram_dir db ${name}.db]
        if {![file exists $db]} { error "Missing $db. Run: lc_shell -f compile_asap7_sram_libs.tcl" }
        lappend target_library $db
    }
    set link_library "* $target_library"
}
switch -- $profile {
    logic {
        set sources $common_logic
    }
    diff {
        set sources [concat $common_logic [list diff_decoder.sv]]
    }
    attacc {
        set sources [concat $common_logic [list direct_addr_plan.sv attacc_controller.sv attacc_logic_die.sv]]
    }
    attacc_sram {
        enable_asap7_sram $sram_dir
        set sources [concat $sram_common [list direct_addr_plan.sv attacc_controller.sv attacc_logic_die.sv             [file join $sram_dir verilog srambank_256x4x64_6t122.v]             [file join $sram_dir verilog srambank_64x4x16_6t122.v]]]
    }
    fugue2 {
        set sources [concat $common_logic [list kv_seg_tlb.sv kv_ptw.sv kv_scan_planner.sv kv_tlb_top.sv diff_decoder.sv attacc_controller.sv fugue2_logic_die.sv]]
    }
    fugue2_sram {
        enable_asap7_sram $sram_dir
        set sources [concat $sram_common [list kv_seg_tlb.sv kv_ptw.sv kv_scan_planner.sv kv_tlb_top.sv diff_decoder.sv attacc_controller.sv fugue2_logic_die.sv             [file join $sram_dir verilog srambank_256x4x64_6t122.v]             [file join $sram_dir verilog srambank_64x4x16_6t122.v]]]
    }
    fugue {
        set sources [concat $common_logic [list bf16_mult.sv bf16_add.sv sincos_bf16.sv rotate_q_bf16.sv kv_seg_tlb.sv kv_ptw.sv kv_scan_planner.sv kv_tlb_top.sv diff_decoder.sv attacc_controller.sv fugue_logic_die.sv]]
    }
    fugue_sram {
        enable_asap7_sram $sram_dir
        set sources [concat $sram_common [list bf16_mult.sv bf16_add.sv sincos_bf16.sv rotate_q_bf16.sv kv_seg_tlb.sv kv_ptw.sv kv_scan_planner.sv kv_tlb_top.sv diff_decoder.sv attacc_controller.sv fugue_logic_die.sv             [file join $sram_dir verilog srambank_256x4x64_6t122.v]             [file join $sram_dir verilog srambank_64x4x16_6t122.v]]]
    }
    kvtlb {
        set sources [list kv_tlb_pkg.sv kv_seg_tlb.sv kv_ptw.sv kv_scan_planner.sv kv_tlb_top.sv kv_tlb_variants.sv]
    }
    rotate {
        set sources [list bf16_mult.sv bf16_add.sv sincos_bf16.sv rotate_q_bf16.sv]
    }
    smbuf {
        set sources [list fugue_pkg.sv softmax_buffer.sv]
    }
    smbuf_sram {
        set sram_db [file join $sram_dir db srambank_256x4x64_6t122.db]
        if {![file exists $sram_db]} {
            error "Missing $sram_db. Run: lc_shell -f compile_asap7_sram_libs.tcl"
        }
        lappend target_library $sram_db
        set link_library "* $target_library"
        set sources [list fugue_pkg.sv softmax_buffer_sram.sv softmax_buffer.sv             [file join $sram_dir verilog srambank_256x4x64_6t122.v]]
    }
    bankpe {
        set sources [list fugue_pkg.sv fp16_mult.sv fp16_add.sv fp16_mult_piped.sv fp16_add_piped.sv mac_tree16_piped.sv dbuf_16x256.sv gemv_unit.sv mq_bank_pe.sv]
    }
    default { error "Unknown SYN_PROFILE=$profile" }
}
fugue_pkg.sv kv_tlb_pkg.sv fp16_mult.sv fp16_add.sv dbuf_16x256_asap7.sv fp32_add.sv fp32_mul.sv fp32_exp.sv fp32_recip.sv gemv_unit.sv accumulator.sv softmax_buffer_sram.sv softmax_buffer.sv streaming_softmax_unit.sv kv_seg_tlb.sv kv_ptw.sv kv_scan_planner.sv kv_tlb_top.sv diff_decoder.sv attacc_controller.sv fugue2_logic_die.sv /thu-bloor/xinyao-w23/kvpim-rtl/third_party/asap7/asap7_sram_0p0/generated/verilog/srambank_256x4x64_6t122.v /thu-bloor/xinyao-w23/kvpim-rtl/third_party/asap7/asap7_sram_0p0/generated/verilog/srambank_64x4x16_6t122.v
set src_paths {}
foreach source $sources {
    if {[file pathtype $source] eq "absolute"} { lappend src_paths $source }     else { lappend src_paths [file join $rtl_dir $source] }
}
define_design_lib WORK -path [file join $out_dir WORK]
1
analyze -format sverilog $src_paths
Running PRESTO HDLC
Compiling source file /thu-bloor/xinyao-w23/kvpim-rtl/rtl/fugue_pkg.sv
Compiling source file /thu-bloor/xinyao-w23/kvpim-rtl/rtl/kv_tlb_pkg.sv
Compiling source file /thu-bloor/xinyao-w23/kvpim-rtl/rtl/fp16_mult.sv
Warning:  /thu-bloor/xinyao-w23/kvpim-rtl/rtl/kv_tlb_pkg.sv:120: signed to unsigned conversion occurs. (VER-318)
Compiling source file /thu-bloor/xinyao-w23/kvpim-rtl/rtl/fp16_add.sv
Compiling source file /thu-bloor/xinyao-w23/kvpim-rtl/rtl/dbuf_16x256_asap7.sv
Compiling source file /thu-bloor/xinyao-w23/kvpim-rtl/rtl/fp32_add.sv
Compiling source file /thu-bloor/xinyao-w23/kvpim-rtl/rtl/fp32_mul.sv
Compiling source file /thu-bloor/xinyao-w23/kvpim-rtl/rtl/fp32_exp.sv
Compiling source file /thu-bloor/xinyao-w23/kvpim-rtl/rtl/fp32_recip.sv
Compiling source file /thu-bloor/xinyao-w23/kvpim-rtl/rtl/gemv_unit.sv
Compiling source file /thu-bloor/xinyao-w23/kvpim-rtl/rtl/accumulator.sv
Compiling source file /thu-bloor/xinyao-w23/kvpim-rtl/rtl/softmax_buffer_sram.sv
Compiling source file /thu-bloor/xinyao-w23/kvpim-rtl/rtl/softmax_buffer.sv
Warning:  /thu-bloor/xinyao-w23/kvpim-rtl/rtl/softmax_buffer_sram.sv:51: The statements in initial blocks are ignored. (VER-281)
Compiling source file /thu-bloor/xinyao-w23/kvpim-rtl/rtl/streaming_softmax_unit.sv
Compiling source file /thu-bloor/xinyao-w23/kvpim-rtl/rtl/kv_seg_tlb.sv
Compiling source file /thu-bloor/xinyao-w23/kvpim-rtl/rtl/kv_ptw.sv
Compiling source file /thu-bloor/xinyao-w23/kvpim-rtl/rtl/kv_scan_planner.sv
Compiling source file /thu-bloor/xinyao-w23/kvpim-rtl/rtl/kv_tlb_top.sv
Compiling source file /thu-bloor/xinyao-w23/kvpim-rtl/rtl/diff_decoder.sv
Compiling source file /thu-bloor/xinyao-w23/kvpim-rtl/rtl/attacc_controller.sv
Compiling source file /thu-bloor/xinyao-w23/kvpim-rtl/rtl/fugue2_logic_die.sv
Compiling source file /thu-bloor/xinyao-w23/kvpim-rtl/third_party/asap7/asap7_sram_0p0/generated/verilog/srambank_256x4x64_6t122.v
Compiling source file /thu-bloor/xinyao-w23/kvpim-rtl/third_party/asap7/asap7_sram_0p0/generated/verilog/srambank_64x4x16_6t122.v
Presto compilation completed successfully.
Loading db file '/thu-bloor/xinyao-w23/kvpim-rtl/third_party/asap7_lib/db/asap7sc7p5t_AO_RVT_TT_nldm_211120.db'
Loading db file '/thu-bloor/xinyao-w23/kvpim-rtl/third_party/asap7_lib/db/asap7sc7p5t_INVBUF_RVT_TT_nldm_211120.db'
Loading db file '/thu-bloor/xinyao-w23/kvpim-rtl/third_party/asap7_lib/db/asap7sc7p5t_OA_RVT_TT_nldm_211120.db'
Loading db file '/thu-bloor/xinyao-w23/kvpim-rtl/third_party/asap7_lib/db/asap7sc7p5t_SEQ_RVT_TT_nldm_220123.db'
Loading db file '/thu-bloor/xinyao-w23/kvpim-rtl/third_party/asap7_lib/db/asap7sc7p5t_SIMPLE_RVT_TT_nldm_211120.db'
Loading db file '/thu-bloor/xinyao-w23/kvpim-rtl/third_party/asap7/asap7_sram_0p0/generated/db/srambank_256x4x64_6t122.db'
Loading db file '/thu-bloor/xinyao-w23/kvpim-rtl/third_party/asap7/asap7_sram_0p0/generated/db/srambank_64x4x16_6t122.db'
1
elaborate $top_module
Loading db file '/usr/local/bin/Synopsys/syn/P-2019.03-SP5-6/libraries/syn/gtech.db'
Loading db file '/usr/local/bin/Synopsys/syn/P-2019.03-SP5-6/libraries/syn/standard.sldb'
  Loading link library 'asap7sc7p5t_AO_RVT_TT_nldm_211120'
  Loading link library 'asap7sc7p5t_INVBUF_RVT_TT_nldm_211120'
  Loading link library 'asap7sc7p5t_OA_RVT_TT_nldm_211120'
  Loading link library 'asap7sc7p5t_SEQ_RVT_TT_nldm_220123'
  Loading link library 'asap7sc7p5t_SIMPLE_RVT_TT_nldm_211120'
  Loading link library 'srambank_256x4x64_6t122'
  Loading link library 'srambank_64x4x16_6t122'
  Loading link library 'gtech'
Running PRESTO HDLC
Presto compilation completed successfully. (fugue2_logic_die)
Elaborated 1 design.
Current design is now 'fugue2_logic_die'.
Information: Building the design 'attacc_controller'. (HDL-193)
Warning:  /thu-bloor/xinyao-w23/kvpim-rtl/rtl/attacc_controller.sv:178: signed to unsigned conversion occurs. (VER-318)
Warning:  /thu-bloor/xinyao-w23/kvpim-rtl/rtl/attacc_controller.sv:180: signed to unsigned conversion occurs. (VER-318)
Warning:  /thu-bloor/xinyao-w23/kvpim-rtl/rtl/attacc_controller.sv:204: signed to unsigned conversion occurs. (VER-318)

Statistics for case statements in always block at line 159 in file
	'/thu-bloor/xinyao-w23/kvpim-rtl/rtl/attacc_controller.sv'
===============================================
|           Line           |  full/ parallel  |
===============================================
|           199            |    user/user     |
|           205            |    user/user     |
===============================================

Inferred memory devices in process
	in routine attacc_controller line 159 in file
		'/thu-bloor/xinyao-w23/kvpim-rtl/rtl/attacc_controller.sv'.
===============================================================================
|    Register Name    |   Type    | Width | Bus | MB | AR | AS | SR | SS | ST |
===============================================================================
|    fifo_mem_reg     | Flip-flop |  592  |  Y  | N  | N  | N  | N  | N  | N  |
|      state_reg      | Flip-flop |   4   |  Y  | N  | Y  | N  | N  | N  | N  |
|     wr_ptr_reg      | Flip-flop |   3   |  Y  | N  | Y  | N  | N  | N  | N  |
|     rd_ptr_reg      | Flip-flop |   3   |  Y  | N  | Y  | N  | N  | N  | N  |
|       cnt_reg       | Flip-flop |   4   |  Y  | N  | Y  | N  | N  | N  | N  |
|       cur_reg       | Flip-flop |  52   |  Y  | N  | Y  | N  | N  | N  | N  |
|       cfg_reg       | Flip-flop |  145  |  Y  | N  | Y  | N  | N  | N  | N  |
|    cur_addr_reg     | Flip-flop |  34   |  Y  | N  | Y  | N  | N  | N  | N  |
|    cols_left_reg    | Flip-flop |  20   |  Y  | N  | Y  | N  | N  | N  | N  |
|      beat_reg       | Flip-flop |  16   |  Y  | N  | Y  | N  | N  | N  | N  |
|    r_pos_lo_reg     | Flip-flop |  16   |  Y  | N  | Y  | N  | N  | N  | N  |
|    r_pos_hi_reg     | Flip-flop |  16   |  Y  | N  | Y  | N  | N  | N  | N  |
|      r_op_reg       | Flip-flop |   1   |  N  | N  | Y  | N  | N  | N  | N  |
|      r_op_reg       | Flip-flop |   1   |  N  | N  | N  | Y  | N  | N  | N  |
|  plan_finished_reg  | Flip-flop |   1   |  N  | N  | Y  | N  | N  | N  | N  |
|  plan_faulted_reg   | Flip-flop |   1   |  N  | N  | Y  | N  | N  | N  | N  |
|   addr_fault_reg    | Flip-flop |   1   |  N  | N  | Y  | N  | N  | N  | N  |
|   open_valid_reg    | Flip-flop |   1   |  N  | N  | Y  | N  | N  | N  | N  |
|    open_bank_reg    | Flip-flop |   4   |  Y  | N  | Y  | N  | N  | N  | N  |
|    open_row_reg     | Flip-flop |  16   |  Y  | N  | Y  | N  | N  | N  | N  |
|    dram_cmd_reg     | Flip-flop |   3   |  Y  | N  | Y  | N  | N  | N  | N  |
|    dram_bank_reg    | Flip-flop |   4   |  Y  | N  | Y  | N  | N  | N  | N  |
|    dram_row_reg     | Flip-flop |  16   |  Y  | N  | Y  | N  | N  | N  | N  |
|    dram_col_reg     | Flip-flop |   6   |  Y  | N  | Y  | N  | N  | N  | N  |
|   gemv_start_reg    | Flip-flop |   1   |  N  | N  | Y  | N  | N  | N  | N  |
|  gemv_row_addr_reg  | Flip-flop |   4   |  Y  | N  | Y  | N  | N  | N  | N  |
|  gemv_vec_addr_reg  | Flip-flop |   4   |  Y  | N  | Y  | N  | N  | N  | N  |
|  gemv_accum_en_reg  | Flip-flop |   1   |  N  | N  | Y  | N  | N  | N  | N  |
| gemv_accum_clr_reg  | Flip-flop |   1   |  N  | N  | Y  | N  | N  | N  | N  |
|     op_mode_reg     | Flip-flop |   2   |  Y  | N  | Y  | N  | N  | N  | N  |
|  rotate_start_reg   | Flip-flop |   1   |  N  | N  | Y  | N  | N  | N  | N  |
|   rotate_pos_reg    | Flip-flop |  16   |  Y  | N  | Y  | N  | N  | N  | N  |
|    sfm_start_reg    | Flip-flop |   1   |  N  | N  | Y  | N  | N  | N  | N  |
|     acc_clr_reg     | Flip-flop |   1   |  N  | N  | Y  | N  | N  | N  | N  |
|   meta_wr_en_reg    | Flip-flop |   1   |  N  | N  | Y  | N  | N  | N  | N  |
|   meta_wr_idx_reg   | Flip-flop |   7   |  Y  | N  | Y  | N  | N  | N  | N  |
|  meta_wr_mask_reg   | Flip-flop |  16   |  Y  | N  | Y  | N  | N  | N  | N  |
===============================================================================
Statistics for MUX_OPs
===========================================================
|   block name/line     | Inputs | Outputs | # sel inputs |
===========================================================
| attacc_controller/104 |   8    |   39    |      3       |
| attacc_controller/203 |   8    |   52    |      3       |
===========================================================
Presto compilation completed successfully. (attacc_controller)
Information: Building the design 'kv_tlb_top' instantiated from design 'fugue2_logic_die' with
	the parameters "ENTRIES=32". (HDL-193)

Statistics for case statements in always block at line 98 in file
	'/thu-bloor/xinyao-w23/kvpim-rtl/rtl/kv_tlb_top.sv'
===============================================
|           Line           |  full/ parallel  |
===============================================
|           103            |    user/user     |
|           110            |    user/user     |
===============================================

Inferred memory devices in process
	in routine kv_tlb_top_ENTRIES32 line 98 in file
		'/thu-bloor/xinyao-w23/kvpim-rtl/rtl/kv_tlb_top.sv'.
===============================================================================
|    Register Name    |   Type    | Width | Bus | MB | AR | AS | SR | SS | ST |
===============================================================================
|   plan_issued_reg   | Flip-flop |   1   |  N  | N  | Y  | N  | N  | N  | N  |
|      state_reg      | Flip-flop |   3   |  Y  | N  | Y  | N  | N  | N  | N  |
|     r_pools_reg     | Flip-flop |   2   |  Y  | N  | Y  | N  | N  | N  | N  |
|      r_ctx_reg      | Flip-flop |   8   |  Y  | N  | Y  | N  | N  | N  | N  |
|     r_layer_reg     | Flip-flop |   7   |  Y  | N  | Y  | N  | N  | N  | N  |
|      r_lo_reg       | Flip-flop |  16   |  Y  | N  | Y  | N  | N  | N  | N  |
|      r_hi_reg       | Flip-flop |  16   |  Y  | N  | Y  | N  | N  | N  | N  |
|     r_fault_reg     | Flip-flop |   1   |  N  | N  | Y  | N  | N  | N  | N  |
===============================================================================
Presto compilation completed successfully. (kv_tlb_top_ENTRIES32)
Information: Building the design 'gemv_unit'. (HDL-193)

Inferred memory devices in process
	in routine gemv_unit line 83 in file
		'/thu-bloor/xinyao-w23/kvpim-rtl/rtl/gemv_unit.sv'.
===============================================================================
|    Register Name    |   Type    | Width | Bus | MB | AR | AS | SR | SS | ST |
===============================================================================
|  mul_in_valid_reg   | Flip-flop |   1   |  N  | N  | Y  | N  | N  | N  | N  |
===============================================================================

Inferred memory devices in process
	in routine gemv_unit line 161 in file
		'/thu-bloor/xinyao-w23/kvpim-rtl/rtl/gemv_unit.sv'.
===============================================================================
|    Register Name    |   Type    | Width | Bus | MB | AR | AS | SR | SS | ST |
===============================================================================
| ctrl_pipe_score_reg | Flip-flop |   6   |  Y  | N  | Y  | N  | N  | N  | N  |
|  ctrl_pipe_en_reg   | Flip-flop |   6   |  Y  | N  | Y  | N  | N  | N  | N  |
|  ctrl_pipe_clr_reg  | Flip-flop |   6   |  Y  | N  | Y  | N  | N  | N  | N  |
===============================================================================

Inferred memory devices in process
	in routine gemv_unit line 191 in file
		'/thu-bloor/xinyao-w23/kvpim-rtl/rtl/gemv_unit.sv'.
===============================================================================
|    Register Name    |   Type    | Width | Bus | MB | AR | AS | SR | SS | ST |
===============================================================================
| result_valid_q_reg  | Flip-flop |   1   |  N  | N  | Y  | N  | N  | N  | N  |
|       acc_reg       | Flip-flop |  16   |  Y  | N  | Y  | N  | N  | N  | N  |
===============================================================================

Inferred memory devices in process
	in routine gemv_unit line 215 in file
		'/thu-bloor/xinyao-w23/kvpim-rtl/rtl/gemv_unit.sv'.
===============================================================================
|    Register Name    |   Type    | Width | Bus | MB | AR | AS | SR | SS | ST |
===============================================================================
|  ctx_mode_pipe_reg  | Flip-flop |   2   |  Y  | N  | Y  | N  | N  | N  | N  |
|   ctx_en_pipe_reg   | Flip-flop |   2   |  Y  | N  | Y  | N  | N  | N  | N  |
|  ctx_clr_pipe_reg   | Flip-flop |   2   |  Y  | N  | Y  | N  | N  | N  | N  |
===============================================================================

Inferred memory devices in process
	in routine gemv_unit line 241 in file
		'/thu-bloor/xinyao-w23/kvpim-rtl/rtl/gemv_unit.sv'.
===============================================================================
|    Register Name    |   Type    | Width | Bus | MB | AR | AS | SR | SS | ST |
===============================================================================
|     ctx_acc_reg     | Flip-flop |  256  |  Y  | N  | Y  | N  | N  | N  | N  |
===============================================================================

Inferred memory devices in process
	in routine gemv_unit line 253 in file
		'/thu-bloor/xinyao-w23/kvpim-rtl/rtl/gemv_unit.sv'.
======================================================================================
|       Register Name        |   Type    | Width | Bus | MB | AR | AS | SR | SS | ST |
======================================================================================
| context_result_valid_q_reg | Flip-flop |   1   |  N  | N  | Y  | N  | N  | N  | N  |
======================================================================================
Presto compilation completed successfully. (gemv_unit)
Information: Building the design 'accumulator' instantiated from design 'fugue2_logic_die' with
	the parameters "N=4". (HDL-193)

Inferred memory devices in process
	in routine accumulator_N4 line 27 in file
		'/thu-bloor/xinyao-w23/kvpim-rtl/rtl/accumulator.sv'.
===============================================================================
|    Register Name    |   Type    | Width | Bus | MB | AR | AS | SR | SS | ST |
===============================================================================
|    clr_pipe_reg     | Flip-flop |   2   |  Y  | N  | Y  | N  | N  | N  | N  |
===============================================================================

Inferred memory devices in process
	in routine accumulator_N4 line 39 in file
		'/thu-bloor/xinyao-w23/kvpim-rtl/rtl/accumulator.sv'.
===============================================================================
|    Register Name    |   Type    | Width | Bus | MB | AR | AS | SR | SS | ST |
===============================================================================
|   out_valid_q_reg   | Flip-flop |   1   |  N  | N  | Y  | N  | N  | N  | N  |
|      acc_q_reg      | Flip-flop |  16   |  Y  | N  | Y  | N  | N  | N  | N  |
===============================================================================
Presto compilation completed successfully. (accumulator_N4)
Information: Building the design 'diff_decoder'. (HDL-193)
Warning:  /thu-bloor/xinyao-w23/kvpim-rtl/rtl/diff_decoder.sv:74: signed to unsigned part selection occurs. (VER-318)

Inferred memory devices in process
	in routine diff_decoder line 57 in file
		'/thu-bloor/xinyao-w23/kvpim-rtl/rtl/diff_decoder.sv'.
===============================================================================
|    Register Name    |   Type    | Width | Bus | MB | AR | AS | SR | SS | ST |
===============================================================================
|    diff_mask_reg    | Flip-flop | 2048  |  Y  | N  | Y  | N  | N  | N  | N  |
===============================================================================
Statistics for MUX_OPs
======================================================
| block name/line  | Inputs | Outputs | # sel inputs |
======================================================
| diff_decoder/66  |  128   |   16    |      7       |
| diff_decoder/82  |   16   |   32    |      4       |
| diff_decoder/82  |   16   |   32    |      4       |
| diff_decoder/82  |   16   |   32    |      4       |
| diff_decoder/82  |   16   |   32    |      4       |
| diff_decoder/82  |   16   |   32    |      4       |
| diff_decoder/82  |   16   |   32    |      4       |
| diff_decoder/82  |   16   |   32    |      4       |
| diff_decoder/82  |   16   |   32    |      4       |
| diff_decoder/82  |   16   |   32    |      4       |
| diff_decoder/82  |   16   |   32    |      4       |
| diff_decoder/82  |   16   |   32    |      4       |
| diff_decoder/82  |   16   |   32    |      4       |
| diff_decoder/82  |   16   |   32    |      4       |
| diff_decoder/82  |   16   |   32    |      4       |
| diff_decoder/82  |   16   |   32    |      4       |
| diff_decoder/82  |   16   |   32    |      4       |
| diff_decoder/91  |  128   |   16    |      7       |
======================================================
Presto compilation completed successfully. (diff_decoder)
Information: Building the design 'streaming_softmax_unit' instantiated from design 'fugue2_logic_die' with
	the parameters "LANES=16,MAX_TOKENS=2048,CONTEXTS=32". (HDL-193)
Warning:  /thu-bloor/xinyao-w23/kvpim-rtl/rtl/streaming_softmax_unit.sv:43: signed to unsigned conversion occurs. (VER-318)
Warning:  /thu-bloor/xinyao-w23/kvpim-rtl/rtl/streaming_softmax_unit.sv:64: signed to unsigned conversion occurs. (VER-318)

Statistics for case statements in always block at line 104 in file
	'/thu-bloor/xinyao-w23/kvpim-rtl/rtl/streaming_softmax_unit.sv'
===============================================
|           Line           |  full/ parallel  |
===============================================
|           107            |    auto/auto     |
===============================================

Inferred memory devices in process
	in routine streaming_softmax_unit_LANES16_MAX_TOKENS2048_CONTEXTS32 line 104 in file
		'/thu-bloor/xinyao-w23/kvpim-rtl/rtl/streaming_softmax_unit.sv'.
===============================================================================
|    Register Name    |   Type    | Width | Bus | MB | AR | AS | SR | SS | ST |
===============================================================================
|   norm_issue_reg    | Flip-flop |   1   |  N  | N  | Y  | N  | N  | N  | N  |
|       st_reg        | Flip-flop |   4   |  Y  | N  | Y  | N  | N  | N  | N  |
|      wr_i_reg       | Flip-flop |   7   |  Y  | N  | Y  | N  | N  | N  | N  |
|      rd_i_reg       | Flip-flop |   7   |  Y  | N  | Y  | N  | N  | N  | N  |
|   word_count_reg    | Flip-flop |   8   |  Y  | N  | Y  | N  | N  | N  | N  |
|     work_i_reg      | Flip-flop |   7   |  Y  | N  | Y  | N  | N  | N  | N  |
|       ctx_reg       | Flip-flop |   5   |  Y  | N  | Y  | N  | N  | N  | N  |
|      len_q_reg      | Flip-flop |  32   |  Y  | N  | Y  | N  | N  | N  | N  |
|      gmax_reg       | Flip-flop |   9   |  Y  | N  | N  | Y  | N  | N  | N  |
|      gmax_reg       | Flip-flop |  23   |  Y  | N  | Y  | N  | N  | N  | N  |
|      gsum_reg       | Flip-flop |  32   |  Y  | N  | Y  | N  | N  | N  | N  |
|      recip_reg      | Flip-flop |  32   |  Y  | N  | Y  | N  | N  | N  | N  |
|     score_q_reg     | Flip-flop |  512  |  Y  | N  | Y  | N  | N  | N  | N  |
|      exp_q_reg      | Flip-flop |  512  |  Y  | N  | Y  | N  | N  | N  | N  |
|     mask_q_reg      | Flip-flop |  16   |  Y  | N  | Y  | N  | N  | N  | N  |
|       e_q_reg       | Flip-flop |  512  |  Y  | N  | Y  | N  | N  | N  | N  |
|   recip_issue_reg   | Flip-flop |   1   |  N  | N  | Y  | N  | N  | N  | N  |
===============================================================================
Presto compilation completed successfully. (streaming_softmax_unit_LANES16_MAX_TOKENS2048_CONTEXTS32)
Information: Building the design 'kv_seg_tlb' instantiated from design 'kv_tlb_top_ENTRIES32' with
	the parameters "ENTRIES=32". (HDL-193)
Warning:  /thu-bloor/xinyao-w23/kvpim-rtl/rtl/kv_seg_tlb.sv:74: signed to unsigned assignment occurs. (VER-318)
Warning:  /thu-bloor/xinyao-w23/kvpim-rtl/rtl/kv_seg_tlb.sv:114: signed to unsigned assignment occurs. (VER-318)
Warning:  /thu-bloor/xinyao-w23/kvpim-rtl/rtl/kv_seg_tlb.sv:132: signed to unsigned conversion occurs. (VER-318)
Warning:  /thu-bloor/xinyao-w23/kvpim-rtl/rtl/kv_seg_tlb.sv:163: signed to unsigned assignment occurs. (VER-318)

Inferred memory devices in process
	in routine kv_seg_tlb_ENTRIES32 line 82 in file
		'/thu-bloor/xinyao-w23/kvpim-rtl/rtl/kv_seg_tlb.sv'.
================================================================================
|    Register Name     |   Type    | Width | Bus | MB | AR | AS | SR | SS | ST |
================================================================================
| lk_resp_key_addr_reg | Flip-flop |  34   |  Y  | N  | Y  | N  | N  | N  | N  |
|     s1_valid_reg     | Flip-flop |   1   |  N  | N  | Y  | N  | N  | N  | N  |
|      s1_hit_reg      | Flip-flop |   1   |  N  | N  | Y  | N  | N  | N  | N  |
|     s1_desc_reg      | Flip-flop |  128  |  Y  | N  | Y  | N  | N  | N  | N  |
|      s1_rel_reg      | Flip-flop |  16   |  Y  | N  | Y  | N  | N  | N  | N  |
|  lk_resp_valid_reg   | Flip-flop |   1   |  N  | N  | Y  | N  | N  | N  | N  |
|   lk_resp_hit_reg    | Flip-flop |   1   |  N  | N  | Y  | N  | N  | N  | N  |
|   lk_resp_desc_reg   | Flip-flop |  128  |  Y  | N  | Y  | N  | N  | N  | N  |
================================================================================

Inferred memory devices in process
	in routine kv_seg_tlb_ENTRIES32 line 122 in file
		'/thu-bloor/xinyao-w23/kvpim-rtl/rtl/kv_seg_tlb.sv'.
===============================================================================
|    Register Name    |   Type    | Width | Bus | MB | AR | AS | SR | SS | ST |
===============================================================================
|       ent_reg       | Flip-flop | 4096  |  Y  | N  | Y  | N  | N  | N  | N  |
|    fifo_ptr_reg     | Flip-flop |   5   |  Y  | N  | Y  | N  | N  | N  | N  |
===============================================================================

Inferred memory devices in process
	in routine kv_seg_tlb_ENTRIES32 line 180 in file
		'/thu-bloor/xinyao-w23/kvpim-rtl/rtl/kv_seg_tlb.sv'.
===============================================================================
|    Register Name    |   Type    | Width | Bus | MB | AR | AS | SR | SS | ST |
===============================================================================
|       ai_reg        | Flip-flop |  40   |  Y  | N  | Y  | N  | N  | N  | N  |
|     a_valid_reg     | Flip-flop |   1   |  N  | N  | Y  | N  | N  | N  | N  |
|       ak_reg        | Flip-flop |  272  |  Y  | N  | Y  | N  | N  | N  | N  |
|       av_reg        | Flip-flop |   8   |  Y  | N  | Y  | N  | N  | N  | N  |
===============================================================================

Inferred memory devices in process
	in routine kv_seg_tlb_ENTRIES32 line 217 in file
		'/thu-bloor/xinyao-w23/kvpim-rtl/rtl/kv_seg_tlb.sv'.
===============================================================================
|    Register Name    |   Type    | Width | Bus | MB | AR | AS | SR | SS | ST |
===============================================================================
|     it_idx_reg      | Flip-flop |   5   |  Y  | N  | Y  | N  | N  | N  | N  |
|  it_resp_valid_reg  | Flip-flop |   1   |  N  | N  | Y  | N  | N  | N  | N  |
|    it_found_reg     | Flip-flop |   1   |  N  | N  | Y  | N  | N  | N  | N  |
===============================================================================
Statistics for MUX_OPs
==============================================================
|     block name/line      | Inputs | Outputs | # sel inputs |
==============================================================
| kv_seg_tlb_ENTRIES32/77  |   32   |   128   |      5       |
| kv_seg_tlb_ENTRIES32/226 |   32   |   128   |      5       |
==============================================================
Presto compilation completed successfully. (kv_seg_tlb_ENTRIES32)
Information: Building the design 'kv_ptw'. (HDL-193)
Warning:  /thu-bloor/xinyao-w23/kvpim-rtl/rtl/kv_ptw.sv:66: signed to unsigned part selection occurs. (VER-318)

Statistics for case statements in always block at line 72 in file
	'/thu-bloor/xinyao-w23/kvpim-rtl/rtl/kv_ptw.sv'
===============================================
|           Line           |  full/ parallel  |
===============================================
|            75            |    user/user     |
===============================================

Statistics for case statements in always block at line 90 in file
	'/thu-bloor/xinyao-w23/kvpim-rtl/rtl/kv_ptw.sv'
===============================================
|           Line           |  full/ parallel  |
===============================================
|            91            |    user/user     |
===============================================

Statistics for case statements in always block at line 105 in file
	'/thu-bloor/xinyao-w23/kvpim-rtl/rtl/kv_ptw.sv'
===============================================
|           Line           |  full/ parallel  |
===============================================
|           115            |    user/user     |
===============================================

Inferred memory devices in process
	in routine kv_ptw line 105 in file
		'/thu-bloor/xinyao-w23/kvpim-rtl/rtl/kv_ptw.sv'.
===============================================================================
|    Register Name    |   Type    | Width | Bus | MB | AR | AS | SR | SS | ST |
===============================================================================
|    fill_desc_reg    | Flip-flop |  128  |  Y  | N  | Y  | N  | N  | N  | N  |
|      state_reg      | Flip-flop |   4   |  Y  | N  | Y  | N  | N  | N  | N  |
|    r_attach_reg     | Flip-flop |   1   |  N  | N  | Y  | N  | N  | N  | N  |
|     r_kind_reg      | Flip-flop |   1   |  N  | N  | Y  | N  | N  | N  | N  |
|      r_ctx_reg      | Flip-flop |   8   |  Y  | N  | Y  | N  | N  | N  | N  |
|     r_layer_reg     | Flip-flop |   7   |  Y  | N  | Y  | N  | N  | N  | N  |
|      r_pos_reg      | Flip-flop |  16   |  Y  | N  | Y  | N  | N  | N  | N  |
|     r_found_reg     | Flip-flop |   1   |  N  | N  | Y  | N  | N  | N  | N  |
|     r_fault_reg     | Flip-flop |   1   |  N  | N  | Y  | N  | N  | N  | N  |
|    seg_base_reg     | Flip-flop |  34   |  Y  | N  | Y  | N  | N  | N  | N  |
|    seg_count_reg    | Flip-flop |   8   |  Y  | N  | Y  | N  | N  | N  | N  |
|       lo_reg        | Flip-flop |  10   |  Y  | N  | Y  | N  | N  | N  | N  |
|       hi_reg        | Flip-flop |  10   |  Y  | N  | Y  | N  | N  | N  | N  |
|     at_idx_reg      | Flip-flop |   9   |  Y  | N  | Y  | N  | N  | N  | N  |
|     dir_sel_reg     | Flip-flop |   2   |  Y  | N  | Y  | N  | N  | N  | N  |
|    desc_sel_reg     | Flip-flop |   1   |  N  | N  | Y  | N  | N  | N  | N  |
|      word_reg       | Flip-flop |  127  |  Y  | N  | Y  | N  | N  | N  | N  |
|     bs_desc_reg     | Flip-flop |  127  |  Y  | N  | Y  | N  | N  | N  | N  |
|   fill_valid_reg    | Flip-flop |   1   |  N  | N  | Y  | N  | N  | N  | N  |
===============================================================================
Presto compilation completed successfully. (kv_ptw)
Information: Building the design 'kv_scan_planner' instantiated from design 'kv_tlb_top_ENTRIES32' with
	the parameters "ENTRIES=32". (HDL-193)

Statistics for case statements in always block at line 147 in file
	'/thu-bloor/xinyao-w23/kvpim-rtl/rtl/kv_scan_planner.sv'
===============================================
|           Line           |  full/ parallel  |
===============================================
|           155            |    user/user     |
===============================================

Inferred memory devices in process
	in routine kv_scan_planner_ENTRIES32 line 147 in file
		'/thu-bloor/xinyao-w23/kvpim-rtl/rtl/kv_scan_planner.sv'.
===============================================================================
|    Register Name    |   Type    | Width | Bus | MB | AR | AS | SR | SS | ST |
===============================================================================
|    it_desc_q_reg    | Flip-flop |  92   |  Y  | N  | Y  | N  | N  | N  | N  |
|      state_reg      | Flip-flop |   4   |  Y  | N  | Y  | N  | N  | N  | N  |
|      r_ctx_reg      | Flip-flop |   8   |  Y  | N  | Y  | N  | N  | N  | N  |
|     r_layer_reg     | Flip-flop |   7   |  Y  | N  | Y  | N  | N  | N  | N  |
|      r_lo_reg       | Flip-flop |  16   |  Y  | N  | Y  | N  | N  | N  | N  |
|      r_hi_reg       | Flip-flop |  16   |  Y  | N  | Y  | N  | N  | N  | N  |
|      r_pos_reg      | Flip-flop |  16   |  Y  | N  | Y  | N  | N  | N  | N  |
|     r_pools_reg     | Flip-flop |   2   |  Y  | N  | Y  | N  | N  | N  | N  |
|     r_fault_reg     | Flip-flop |   1   |  N  | N  | Y  | N  | N  | N  | N  |
|     pending_reg     | Flip-flop |  60   |  Y  | N  | Y  | N  | N  | N  | N  |
|      nrun_reg       | Flip-flop |  60   |  Y  | N  | Y  | N  | N  | N  | N  |
|  pending_valid_reg  | Flip-flop |   1   |  N  | N  | Y  | N  | N  | N  | N  |
|    done_mask_reg    | Flip-flop |  32   |  Y  | N  | Y  | N  | N  | N  | N  |
|    it_idx_q_reg     | Flip-flop |   5   |  Y  | N  | Y  | N  | N  | N  | N  |
===============================================================================
Presto compilation completed successfully. (kv_scan_planner_ENTRIES32)
Information: Building the design 'dbuf_16x256'. (HDL-193)
Presto compilation completed successfully. (dbuf_16x256)
Information: Building the design 'fp16_mult'. (HDL-193)
Warning:  /thu-bloor/xinyao-w23/kvpim-rtl/rtl/fp16_mult.sv:88: signed to unsigned part selection occurs. (VER-318)

Inferred memory devices in process
	in routine fp16_mult line 92 in file
		'/thu-bloor/xinyao-w23/kvpim-rtl/rtl/fp16_mult.sv'.
===============================================================================
|    Register Name    |   Type    | Width | Bus | MB | AR | AS | SR | SS | ST |
===============================================================================
|    out_valid_reg    | Flip-flop |   1   |  N  | N  | Y  | N  | N  | N  | N  |
|        y_reg        | Flip-flop |  16   |  Y  | N  | Y  | N  | N  | N  | N  |
===============================================================================
Presto compilation completed successfully. (fp16_mult)
Information: Building the design 'fp16_add'. (HDL-193)

Statistics for case statements in always block at line 83 in file
	'/thu-bloor/xinyao-w23/kvpim-rtl/rtl/fp16_add.sv'
===============================================
|           Line           |  full/ parallel  |
===============================================
|            92            |    auto/auto     |
===============================================

Inferred memory devices in process
	in routine fp16_add line 164 in file
		'/thu-bloor/xinyao-w23/kvpim-rtl/rtl/fp16_add.sv'.
===============================================================================
|    Register Name    |   Type    | Width | Bus | MB | AR | AS | SR | SS | ST |
===============================================================================
|    out_valid_reg    | Flip-flop |   1   |  N  | N  | Y  | N  | N  | N  | N  |
|        y_reg        | Flip-flop |  16   |  Y  | N  | Y  | N  | N  | N  | N  |
===============================================================================
Presto compilation completed successfully. (fp16_add)
Information: Building the design 'softmax_buffer_sram' instantiated from design 'streaming_softmax_unit_LANES16_MAX_TOKENS2048_CONTEXTS32' with
	the parameters "NUM_CONTEXTS=32,SEQ_LEN=2048,LANES=16". (HDL-193)
Warning:  /thu-bloor/xinyao-w23/kvpim-rtl/rtl/softmax_buffer_sram.sv:78: signed to unsigned conversion occurs. (VER-318)
Warning:  /thu-bloor/xinyao-w23/kvpim-rtl/rtl/softmax_buffer_sram.sv:80: signed to unsigned conversion occurs. (VER-318)
Error:  /thu-bloor/xinyao-w23/kvpim-rtl/rtl/softmax_buffer_sram.sv:102: Array index out of bounds score_wr_data[63:0], valid bounds are [15:0]. (ELAB-298)
*** Presto compilation terminated with 1 errors. ***
Information: Building the design 'softmax_buffer_sram' instantiated from design 'streaming_softmax_unit_LANES16_MAX_TOKENS2048_CONTEXTS32' with
	the parameters "NUM_CONTEXTS=32,SEQ_LEN=2048,LANES=16". (HDL-193)
Information: Building the design 'fp32_add'. (HDL-193)

Statistics for case statements in always block at line 84 in file
	'/thu-bloor/xinyao-w23/kvpim-rtl/rtl/fp32_add.sv'
===============================================
|           Line           |  full/ parallel  |
===============================================
|            93            |    auto/auto     |
===============================================

Inferred memory devices in process
	in routine fp32_add line 178 in file
		'/thu-bloor/xinyao-w23/kvpim-rtl/rtl/fp32_add.sv'.
===============================================================================
|    Register Name    |   Type    | Width | Bus | MB | AR | AS | SR | SS | ST |
===============================================================================
|    out_valid_reg    | Flip-flop |   1   |  N  | N  | Y  | N  | N  | N  | N  |
|        y_reg        | Flip-flop |  32   |  Y  | N  | Y  | N  | N  | N  | N  |
===============================================================================
Presto compilation completed successfully. (fp32_add)
Information: Building the design 'fp32_exp'. (HDL-193)
Warning:  /thu-bloor/xinyao-w23/kvpim-rtl/rtl/fp32_exp.sv:77: signed to unsigned part selection occurs. (VER-318)
Warning:  /thu-bloor/xinyao-w23/kvpim-rtl/rtl/fp32_exp.sv:300: signed to unsigned part selection occurs. (VER-318)
Warning:  /thu-bloor/xinyao-w23/kvpim-rtl/rtl/fp32_exp.sv:193: DEFAULT branch of CASE statement cannot be reached. (ELAB-311)
Warning:  /thu-bloor/xinyao-w23/kvpim-rtl/rtl/fp32_exp.sv:228: DEFAULT branch of CASE statement cannot be reached. (ELAB-311)

Statistics for case statements in always block at line 192 in file
	'/thu-bloor/xinyao-w23/kvpim-rtl/rtl/fp32_exp.sv'
===============================================
|           Line           |  full/ parallel  |
===============================================
|           193            |    user/user     |
|           228            |    user/user     |
===============================================

Inferred memory devices in process
	in routine fp32_exp line 95 in file
		'/thu-bloor/xinyao-w23/kvpim-rtl/rtl/fp32_exp.sv'.
===============================================================================
|    Register Name    |   Type    | Width | Bus | MB | AR | AS | SR | SS | ST |
===============================================================================
|    s1_mag_u_reg     | Flip-flop |  32   |  Y  | N  | Y  | N  | N  | N  | N  |
|    s1_valid_reg     | Flip-flop |   1   |  N  | N  | Y  | N  | N  | N  | N  |
|    s1_is_nan_reg    | Flip-flop |   1   |  N  | N  | Y  | N  | N  | N  | N  |
|    s1_is_inf_reg    | Flip-flop |   1   |  N  | N  | Y  | N  | N  | N  | N  |
| s1_is_zero_sub_reg  | Flip-flop |   1   |  N  | N  | Y  | N  | N  | N  | N  |
|    s1_is_pos_reg    | Flip-flop |   1   |  N  | N  | Y  | N  | N  | N  | N  |
|  s1_clamp_big_reg   | Flip-flop |   1   |  N  | N  | Y  | N  | N  | N  | N  |
===============================================================================

Inferred memory devices in process
	in routine fp32_exp line 157 in file
		'/thu-bloor/xinyao-w23/kvpim-rtl/rtl/fp32_exp.sv'.
===============================================================================
|    Register Name    |   Type    | Width | Bus | MB | AR | AS | SR | SS | ST |
===============================================================================
|     s2_f_u_reg      | Flip-flop |  23   |  Y  | N  | Y  | N  | N  | N  | N  |
|    s2_valid_reg     | Flip-flop |   1   |  N  | N  | Y  | N  | N  | N  | N  |
|    s2_is_nan_reg    | Flip-flop |   1   |  N  | N  | Y  | N  | N  | N  | N  |
|    s2_is_inf_reg    | Flip-flop |   1   |  N  | N  | Y  | N  | N  | N  | N  |
| s2_is_zero_sub_reg  | Flip-flop |   1   |  N  | N  | Y  | N  | N  | N  | N  |
|    s2_is_pos_reg    | Flip-flop |   1   |  N  | N  | Y  | N  | N  | N  | N  |
|  s2_underflow_reg   | Flip-flop |   1   |  N  | N  | Y  | N  | N  | N  | N  |
|  s2_floor_mag_reg   | Flip-flop |   9   |  Y  | N  | Y  | N  | N  | N  | N  |
===============================================================================

Inferred memory devices in process
	in routine fp32_exp line 305 in file
		'/thu-bloor/xinyao-w23/kvpim-rtl/rtl/fp32_exp.sv'.
===============================================================================
|    Register Name    |   Type    | Width | Bus | MB | AR | AS | SR | SS | ST |
===============================================================================
|    out_valid_reg    | Flip-flop |   1   |  N  | N  | Y  | N  | N  | N  | N  |
|        y_reg        | Flip-flop |  32   |  Y  | N  | Y  | N  | N  | N  | N  |
===============================================================================
Presto compilation completed successfully. (fp32_exp)
Information: Building the design 'fp32_mul'. (HDL-193)
Warning:  /thu-bloor/xinyao-w23/kvpim-rtl/rtl/fp32_mul.sv:88: signed to unsigned part selection occurs. (VER-318)

Inferred memory devices in process
	in routine fp32_mul line 92 in file
		'/thu-bloor/xinyao-w23/kvpim-rtl/rtl/fp32_mul.sv'.
===============================================================================
|    Register Name    |   Type    | Width | Bus | MB | AR | AS | SR | SS | ST |
===============================================================================
|    out_valid_reg    | Flip-flop |   1   |  N  | N  | Y  | N  | N  | N  | N  |
|        y_reg        | Flip-flop |  32   |  Y  | N  | Y  | N  | N  | N  | N  |
===============================================================================
Presto compilation completed successfully. (fp32_mul)
Information: Building the design 'fp32_recip'. (HDL-193)
Warning:  /thu-bloor/xinyao-w23/kvpim-rtl/rtl/fp32_recip.sv:443: signed to unsigned part selection occurs. (VER-318)
Warning:  /thu-bloor/xinyao-w23/kvpim-rtl/rtl/fp32_recip.sv:49: DEFAULT branch of CASE statement cannot be reached. (ELAB-311)

Statistics for case statements in always block at line 47 in file
	'/thu-bloor/xinyao-w23/kvpim-rtl/rtl/fp32_recip.sv'
===============================================
|           Line           |  full/ parallel  |
===============================================
|            49            |    auto/auto     |
===============================================

Statistics for case statements in always block at line 388 in file
	'/thu-bloor/xinyao-w23/kvpim-rtl/rtl/fp32_recip.sv'
===============================================
|           Line           |  full/ parallel  |
===============================================
|           389            |    auto/auto     |
===============================================

Statistics for case statements in always block at line 432 in file
	'/thu-bloor/xinyao-w23/kvpim-rtl/rtl/fp32_recip.sv'
===============================================
|           Line           |  full/ parallel  |
===============================================
|           433            |    auto/auto     |
===============================================

Inferred memory devices in process
	in routine fp32_recip line 452 in file
		'/thu-bloor/xinyao-w23/kvpim-rtl/rtl/fp32_recip.sv'.
===============================================================================
|    Register Name    |   Type    | Width | Bus | MB | AR | AS | SR | SS | ST |
===============================================================================
|    out_valid_reg    | Flip-flop |   1   |  N  | N  | Y  | N  | N  | N  | N  |
|    mant_M_s1_reg    | Flip-flop |  24   |  Y  | N  | Y  | N  | N  | N  | N  |
|     seed_s1_reg     | Flip-flop |  32   |  Y  | N  | Y  | N  | N  | N  | N  |
|      ea_s1_reg      | Flip-flop |   8   |  Y  | N  | Y  | N  | N  | N  | N  |
|     cls_s1_reg      | Flip-flop |   2   |  Y  | N  | Y  | N  | N  | N  | N  |
|      v_s1_reg       | Flip-flop |   1   |  N  | N  | Y  | N  | N  | N  | N  |
|     seed_s2_reg     | Flip-flop |  32   |  Y  | N  | Y  | N  | N  | N  | N  |
|     two_s2_reg      | Flip-flop |  32   |  Y  | N  | Y  | N  | N  | N  | N  |
|      ea_s2_reg      | Flip-flop |   8   |  Y  | N  | Y  | N  | N  | N  | N  |
|     cls_s2_reg      | Flip-flop |   2   |  Y  | N  | Y  | N  | N  | N  | N  |
|      v_s2_reg       | Flip-flop |   1   |  N  | N  | Y  | N  | N  | N  | N  |
|      r1_s3_reg      | Flip-flop |  31   |  Y  | N  | Y  | N  | N  | N  | N  |
|      ea_s3_reg      | Flip-flop |   8   |  Y  | N  | Y  | N  | N  | N  | N  |
|     cls_s3_reg      | Flip-flop |   2   |  Y  | N  | Y  | N  | N  | N  | N  |
|      v_s3_reg       | Flip-flop |   1   |  N  | N  | Y  | N  | N  | N  | N  |
|        y_reg        | Flip-flop |  32   |  Y  | N  | Y  | N  | N  | N  | N  |
===============================================================================
Presto compilation completed successfully. (fp32_recip)
Warning: Design 'fugue2_logic_die' has '1' unresolved references. For more detailed information, use the "link" command. (UID-341)
1
current_design $top_module
Current design is 'fugue2_logic_die'.
{fugue2_logic_die}
link

  Linking design 'fugue2_logic_die'
  Using the following designs and libraries:
  --------------------------------------------------------------------------
  * (17 designs)              /thu-bloor/xinyao-w23/kvpim-rtl/syn/fugue2_logic_die.db, etc
  asap7sc7p5t_AO_RVT_TT_nldm_211120 (library) /thu-bloor/xinyao-w23/kvpim-rtl/third_party/asap7_lib/db/asap7sc7p5t_AO_RVT_TT_nldm_211120.db
  asap7sc7p5t_INVBUF_RVT_TT_nldm_211120 (library) /thu-bloor/xinyao-w23/kvpim-rtl/third_party/asap7_lib/db/asap7sc7p5t_INVBUF_RVT_TT_nldm_211120.db
  asap7sc7p5t_OA_RVT_TT_nldm_211120 (library) /thu-bloor/xinyao-w23/kvpim-rtl/third_party/asap7_lib/db/asap7sc7p5t_OA_RVT_TT_nldm_211120.db
  asap7sc7p5t_SEQ_RVT_TT_nldm_220123 (library) /thu-bloor/xinyao-w23/kvpim-rtl/third_party/asap7_lib/db/asap7sc7p5t_SEQ_RVT_TT_nldm_220123.db
  asap7sc7p5t_SIMPLE_RVT_TT_nldm_211120 (library) /thu-bloor/xinyao-w23/kvpim-rtl/third_party/asap7_lib/db/asap7sc7p5t_SIMPLE_RVT_TT_nldm_211120.db
  srambank_256x4x64_6t122 (library) /thu-bloor/xinyao-w23/kvpim-rtl/third_party/asap7/asap7_sram_0p0/generated/db/srambank_256x4x64_6t122.db
  srambank_64x4x16_6t122 (library) /thu-bloor/xinyao-w23/kvpim-rtl/third_party/asap7/asap7_sram_0p0/generated/db/srambank_64x4x16_6t122.db

Information: Building the design 'softmax_buffer_sram' instantiated from design 'streaming_softmax_unit_LANES16_MAX_TOKENS2048_CONTEXTS32' with
	the parameters "NUM_CONTEXTS=32,SEQ_LEN=2048,LANES=16". (HDL-193)
Warning:  /thu-bloor/xinyao-w23/kvpim-rtl/rtl/softmax_buffer_sram.sv:78: signed to unsigned conversion occurs. (VER-318)
Warning:  /thu-bloor/xinyao-w23/kvpim-rtl/rtl/softmax_buffer_sram.sv:80: signed to unsigned conversion occurs. (VER-318)
Error:  /thu-bloor/xinyao-w23/kvpim-rtl/rtl/softmax_buffer_sram.sv:102: Array index out of bounds score_wr_data[63:0], valid bounds are [15:0]. (ELAB-298)
*** Presto compilation terminated with 1 errors. ***
Information: Building the design 'softmax_buffer_sram' instantiated from design 'streaming_softmax_unit_LANES16_MAX_TOKENS2048_CONTEXTS32' with
	the parameters "NUM_CONTEXTS=32,SEQ_LEN=2048,LANES=16". (HDL-193)
Warning: Unable to resolve reference 'softmax_buffer_sram' in 'streaming_softmax_unit_LANES16_MAX_TOKENS2048_CONTEXTS32'. (LINK-5)
0
create_clock -name clk -period $period [get_ports clk]
Warning: Design 'fugue2_logic_die' has '1' unresolved references. For more detailed information, use the "link" command. (UID-341)
1
set_clock_uncertainty 50.0 [get_clocks clk]
Warning: Design 'fugue2_logic_die' has '1' unresolved references. For more detailed information, use the "link" command. (UID-341)
Warning: Design 'fugue2_logic_die' has '1' unresolved references. For more detailed information, use the "link" command. (UID-341)
1
set_clock_transition 20.0 [get_clocks clk]
Warning: Design 'fugue2_logic_die' has '1' unresolved references. For more detailed information, use the "link" command. (UID-341)
Warning: Design 'fugue2_logic_die' has '1' unresolved references. For more detailed information, use the "link" command. (UID-341)
1
set data_ports [remove_from_collection [all_inputs] [get_ports {clk rst_n}]]
{instr_valid instr_word[73] instr_word[72] instr_word[71] instr_word[70] instr_word[69] instr_word[68] instr_word[67] instr_word[66] instr_word[65] instr_word[64] instr_word[63] instr_word[62] instr_word[61] instr_word[60] instr_word[59] instr_word[58] instr_word[57] instr_word[56] instr_word[55] instr_word[54] instr_word[53] instr_word[52] instr_word[51] instr_word[50] instr_word[49] instr_word[48] instr_word[47] instr_word[46] instr_word[45] instr_word[44] instr_word[43] instr_word[42] instr_word[41] instr_word[40] instr_word[39] instr_word[38] instr_word[37] instr_word[36] instr_word[35] instr_word[34] instr_word[33] instr_word[32] instr_word[31] instr_word[30] instr_word[29] instr_word[28] instr_word[27] instr_word[26] instr_word[25] instr_word[24] instr_word[23] instr_word[22] instr_word[21] instr_word[20] instr_word[19] instr_word[18] instr_word[17] instr_word[16] instr_word[15] instr_word[14] instr_word[13] instr_word[12] instr_word[11] instr_word[10] instr_word[9] instr_word[8] instr_word[7] instr_word[6] instr_word[5] instr_word[4] instr_word[3] instr_word[2] instr_word[1] instr_word[0] mat_wr_en mat_wr_addr[3] mat_wr_addr[2] mat_wr_addr[1] mat_wr_addr[0] mat_wr_data[255] mat_wr_data[254] mat_wr_data[253] mat_wr_data[252] mat_wr_data[251] mat_wr_data[250] mat_wr_data[249] mat_wr_data[248] mat_wr_data[247] mat_wr_data[246] mat_wr_data[245] mat_wr_data[244] mat_wr_data[243] mat_wr_data[242] mat_wr_data[241] mat_wr_data[240] mat_wr_data[239] mat_wr_data[238] mat_wr_data[237] mat_wr_data[236] ...}
set_input_delay [expr {$period * 0.30}] -clock clk $data_ports
Warning: Design 'fugue2_logic_die' has '1' unresolved references. For more detailed information, use the "link" command. (UID-341)
1
set_output_delay [expr {$period * 0.30}] -clock clk [all_outputs]
Warning: Design 'fugue2_logic_die' has '1' unresolved references. For more detailed information, use the "link" command. (UID-341)
1
set_driving_cell -lib_cell BUFx2_ASAP7_75t_R $data_ports
Warning: Design 'fugue2_logic_die' has '1' unresolved references. For more detailed information, use the "link" command. (UID-341)
Warning: Design rule attributes from the driving cell will be
	set on the port. (UID-401)
Warning: Design rule attributes from the driving cell will be
	set on the port. (UID-401)
Warning: Design rule attributes from the driving cell will be
	set on the port. (UID-401)
Warning: Design rule attributes from the driving cell will be
	set on the port. (UID-401)
Warning: Design rule attributes from the driving cell will be
	set on the port. (UID-401)
Warning: Design rule attributes from the driving cell will be
	set on the port. (UID-401)
Warning: Design rule attributes from the driving cell will be
	set on the port. (UID-401)
Warning: Design rule attributes from the driving cell will be
	set on the port. (UID-401)
Warning: Design rule attributes from the driving cell will be
	set on the port. (UID-401)
Warning: Design rule attributes from the driving cell will be
	set on the port. (UID-401)
Warning: Design rule attributes from the driving cell will be
	set on the port. (UID-401)
Warning: Design rule attributes from the driving cell will be
	set on the port. (UID-401)
Warning: Design rule attributes from the driving cell will be
	set on the port. (UID-401)
Warning: Design rule attributes from the driving cell will be
	set on the port. (UID-401)
Warning: Design rule attributes from the driving cell will be
	set on the port. (UID-401)
Warning: Design rule attributes from the driving cell will be
	set on the port. (UID-401)
Warning: Design rule attributes from the driving cell will be
	set on the port. (UID-401)
Warning: Design rule attributes from the driving cell will be
	set on the port. (UID-401)
Warning: Design rule attributes from the driving cell will be
	set on the port. (UID-401)
Warning: Design rule attributes from the driving cell will be
	set on the port. (UID-401)
Warning: Design rule attributes from the driving cell will be
	set on the port. (UID-401)
Warning: Design rule attributes from the driving cell will be
	set on the port. (UID-401)
Warning: Design rule attributes from the driving cell will be
	set on the port. (UID-401)
Warning: Design rule attributes from the driving cell will be
	set on the port. (UID-401)
Warning: Design rule attributes from the driving cell will be
	set on the port. (UID-401)
Warning: Design rule attributes from the driving cell will be
	set on the port. (UID-401)
Warning: Design rule attributes from the driving cell will be
	set on the port. (UID-401)
Warning: Design rule attributes from the driving cell will be
	set on the port. (UID-401)
Warning: Design rule attributes from the driving cell will be
	set on the port. (UID-401)
Warning: Design rule attributes from the driving cell will be
	set on the port. (UID-401)
Warning: Design rule attributes from the driving cell will be
	set on the port. (UID-401)
Warning: Design rule attributes from the driving cell will be
	set on the port. (UID-401)
Warning: Design rule attributes from the driving cell will be
	set on the port. (UID-401)
Warning: Design rule attributes from the driving cell will be
	set on the port. (UID-401)
Warning: Design rule attributes from the driving cell will be
	set on the port. (UID-401)
Warning: Design rule attributes from the driving cell will be
	set on the port. (UID-401)
Warning: Design rule attributes from the driving cell will be
	set on the port. (UID-401)
Warning: Design rule attributes from the driving cell will be
	set on the port. (UID-401)
Warning: Design rule attributes from the driving cell will be
	set on the port. (UID-401)
Warning: Design rule attributes from the driving cell will be
	set on the port. (UID-401)
Warning: Design rule attributes from the driving cell will be
	set on the port. (UID-401)
Warning: Design rule attributes from the driving cell will be
	set on the port. (UID-401)
Warning: Design rule attributes from the driving cell will be
	set on the port. (UID-401)
Warning: Design rule attributes from the driving cell will be
	set on the port. (UID-401)
Warning: Design rule attributes from the driving cell will be
	set on the port. (UID-401)
Warning: Design rule attributes from the driving cell will be
	set on the port. (UID-401)
Warning: Design rule attributes from the driving cell will be
	set on the port. (UID-401)
Warning: Design rule attributes from the driving cell will be
	set on the port. (UID-401)
Warning: Design rule attributes from the driving cell will be
	set on the port. (UID-401)
Warning: Design rule attributes from the driving cell will be
	set on the port. (UID-401)
Warning: Design rule attributes from the driving cell will be
	set on the port. (UID-401)
Warning: Design rule attributes from the driving cell will be
	set on the port. (UID-401)
Warning: Design rule attributes from the driving cell will be
	set on the port. (UID-401)
Warning: Design rule attributes from the driving cell will be
	set on the port. (UID-401)
Warning: Design rule attributes from the driving cell will be
	set on the port. (UID-401)
Warning: Design rule attributes from the driving cell will be
	set on the port. (UID-401)
Warning: Design rule attributes from the driving cell will be
	set on the port. (UID-401)
Warning: Design rule attributes from the driving cell will be
	set on the port. (UID-401)
Warning: Design rule attributes from the driving cell will be
	set on the port. (UID-401)
Warning: Design rule attributes from the driving cell will be
	set on the port. (UID-401)
Warning: Design rule attributes from the driving cell will be
	set on the port. (UID-401)
Warning: Design rule attributes from the driving cell will be
	set on the port. (UID-401)
Warning: Design rule attributes from the driving cell will be
	set on the port. (UID-401)
Warning: Design rule attributes from the driving cell will be
	set on the port. (UID-401)
Warning: Design rule attributes from the driving cell will be
	set on the port. (UID-401)
Warning: Design rule attributes from the driving cell will be
	set on the port. (UID-401)
Warning: Design rule attributes from the driving cell will be
	set on the port. (UID-401)
Warning: Design rule attributes from the driving cell will be
	set on the port. (UID-401)
Warning: Design rule attributes from the driving cell will be
	set on the port. (UID-401)
Warning: Design rule attributes from the driving cell will be
	set on the port. (UID-401)
Warning: Design rule attributes from the driving cell will be
	set on the port. (UID-401)
Warning: Design rule attributes from the driving cell will be
	set on the port. (UID-401)
Warning: Design rule attributes from the driving cell will be
	set on the port. (UID-401)
Warning: Design rule attributes from the driving cell will be
	set on the port. (UID-401)
Warning: Design rule attributes from the driving cell will be
	set on the port. (UID-401)
Warning: Design rule attributes from the driving cell will be
	set on the port. (UID-401)
Warning: Design rule attributes from the driving cell will be
	set on the port. (UID-401)
Warning: Design rule attributes from the driving cell will be
	set on the port. (UID-401)
Warning: Design rule attributes from the driving cell will be
	set on the port. (UID-401)
Warning: Design rule attributes from the driving cell will be
	set on the port. (UID-401)
Warning: Design rule attributes from the driving cell will be
	set on the port. (UID-401)
Warning: Design rule attributes from the driving cell will be
	set on the port. (UID-401)
Warning: Design rule attributes from the driving cell will be
	set on the port. (UID-401)
Warning: Design rule attributes from the driving cell will be
	set on the port. (UID-401)
Warning: Design rule attributes from the driving cell will be
	set on the port. (UID-401)
Warning: Design rule attributes from the driving cell will be
	set on the port. (UID-401)
Warning: Design rule attributes from the driving cell will be
	set on the port. (UID-401)
Warning: Design rule attributes from the driving cell will be
	set on the port. (UID-401)
Warning: Design rule attributes from the driving cell will be
	set on the port. (UID-401)
Warning: Design rule attributes from the driving cell will be
	set on the port. (UID-401)
Warning: Design rule attributes from the driving cell will be
	set on the port. (UID-401)
Warning: Design rule attributes from the driving cell will be
	set on the port. (UID-401)
Warning: Design rule attributes from the driving cell will be
	set on the port. (UID-401)
Warning: Design rule attributes from the driving cell will be
	set on the port. (UID-401)
Warning: Design rule attributes from the driving cell will be
	set on the port. (UID-401)
Warning: Design rule attributes from the driving cell will be
	set on the port. (UID-401)
Warning: Design rule attributes from the driving cell will be
	set on the port. (UID-401)
Warning: Design rule attributes from the driving cell will be
	set on the port. (UID-401)
Warning: Design rule attributes from the driving cell will be
	set on the port. (UID-401)
Warning: Design rule attributes from the driving cell will be
	set on the port. (UID-401)
Warning: Design rule attributes from the driving cell will be
	set on the port. (UID-401)
Warning: Design rule attributes from the driving cell will be
	set on the port. (UID-401)
Warning: Design rule attributes from the driving cell will be
	set on the port. (UID-401)
Warning: Design rule attributes from the driving cell will be
	set on the port. (UID-401)
Warning: Design rule attributes from the driving cell will be
	set on the port. (UID-401)
Warning: Design rule attributes from the driving cell will be
	set on the port. (UID-401)
Warning: Design rule attributes from the driving cell will be
	set on the port. (UID-401)
Warning: Design rule attributes from the driving cell will be
	set on the port. (UID-401)
Warning: Design rule attributes from the driving cell will be
	set on the port. (UID-401)
Warning: Design rule attributes from the driving cell will be
	set on the port. (UID-401)
Warning: Design rule attributes from the driving cell will be
	set on the port. (UID-401)
Warning: Design rule attributes from the driving cell will be
	set on the port. (UID-401)
Warning: Design rule attributes from the driving cell will be
	set on the port. (UID-401)
Warning: Design rule attributes from the driving cell will be
	set on the port. (UID-401)
Warning: Design rule attributes from the driving cell will be
	set on the port. (UID-401)
Warning: Design rule attributes from the driving cell will be
	set on the port. (UID-401)
Warning: Design rule attributes from the driving cell will be
	set on the port. (UID-401)
Warning: Design rule attributes from the driving cell will be
	set on the port. (UID-401)
Warning: Design rule attributes from the driving cell will be
	set on the port. (UID-401)
Warning: Design rule attributes from the driving cell will be
	set on the port. (UID-401)
Warning: Design rule attributes from the driving cell will be
	set on the port. (UID-401)
Warning: Design rule attributes from the driving cell will be
	set on the port. (UID-401)
Warning: Design rule attributes from the driving cell will be
	set on the port. (UID-401)
Warning: Design rule attributes from the driving cell will be
	set on the port. (UID-401)
Warning: Design rule attributes from the driving cell will be
	set on the port. (UID-401)
Warning: Design rule attributes from the driving cell will be
	set on the port. (UID-401)
Warning: Design rule attributes from the driving cell will be
	set on the port. (UID-401)
Warning: Design rule attributes from the driving cell will be
	set on the port. (UID-401)
Warning: Design rule attributes from the driving cell will be
	set on the port. (UID-401)
Warning: Design rule attributes from the driving cell will be
	set on the port. (UID-401)
Warning: Design rule attributes from the driving cell will be
	set on the port. (UID-401)
Warning: Design rule attributes from the driving cell will be
	set on the port. (UID-401)
Warning: Design rule attributes from the driving cell will be
	set on the port. (UID-401)
Warning: Design rule attributes from the driving cell will be
	set on the port. (UID-401)
Warning: Design rule attributes from the driving cell will be
	set on the port. (UID-401)
Warning: Design rule attributes from the driving cell will be
	set on the port. (UID-401)
Warning: Design rule attributes from the driving cell will be
	set on the port. (UID-401)
Warning: Design rule attributes from the driving cell will be
	set on the port. (UID-401)
Warning: Design rule attributes from the driving cell will be
	set on the port. (UID-401)
Warning: Design rule attributes from the driving cell will be
	set on the port. (UID-401)
Warning: Design rule attributes from the driving cell will be
	set on the port. (UID-401)
Warning: Design rule attributes from the driving cell will be
	set on the port. (UID-401)
Warning: Design rule attributes from the driving cell will be
	set on the port. (UID-401)
Warning: Design rule attributes from the driving cell will be
	set on the port. (UID-401)
Warning: Design rule attributes from the driving cell will be
	set on the port. (UID-401)
Warning: Design rule attributes from the driving cell will be
	set on the port. (UID-401)
Warning: Design rule attributes from the driving cell will be
	set on the port. (UID-401)
Warning: Design rule attributes from the driving cell will be
	set on the port. (UID-401)
Warning: Design rule attributes from the driving cell will be
	set on the port. (UID-401)
Warning: Design rule attributes from the driving cell will be
	set on the port. (UID-401)
Warning: Design rule attributes from the driving cell will be
	set on the port. (UID-401)
Warning: Design rule attributes from the driving cell will be
	set on the port. (UID-401)
Warning: Design rule attributes from the driving cell will be
	set on the port. (UID-401)
Warning: Design rule attributes from the driving cell will be
	set on the port. (UID-401)
Warning: Design rule attributes from the driving cell will be
	set on the port. (UID-401)
Warning: Design rule attributes from the driving cell will be
	set on the port. (UID-401)
Warning: Design rule attributes from the driving cell will be
	set on the port. (UID-401)
Warning: Design rule attributes from the driving cell will be
	set on the port. (UID-401)
Warning: Design rule attributes from the driving cell will be
	set on the port. (UID-401)
Warning: Design rule attributes from the driving cell will be
	set on the port. (UID-401)
Warning: Design rule attributes from the driving cell will be
	set on the port. (UID-401)
Warning: Design rule attributes from the driving cell will be
	set on the port. (UID-401)
Warning: Design rule attributes from the driving cell will be
	set on the port. (UID-401)
Warning: Design rule attributes from the driving cell will be
	set on the port. (UID-401)
Warning: Design rule attributes from the driving cell will be
	set on the port. (UID-401)
Warning: Design rule attributes from the driving cell will be
	set on the port. (UID-401)
Warning: Design rule attributes from the driving cell will be
	set on the port. (UID-401)
Warning: Design rule attributes from the driving cell will be
	set on the port. (UID-401)
Warning: Design rule attributes from the driving cell will be
	set on the port. (UID-401)
Warning: Design rule attributes from the driving cell will be
	set on the port. (UID-401)
Warning: Design rule attributes from the driving cell will be
	set on the port. (UID-401)
Warning: Design rule attributes from the driving cell will be
	set on the port. (UID-401)
Warning: Design rule attributes from the driving cell will be
	set on the port. (UID-401)
Warning: Design rule attributes from the driving cell will be
	set on the port. (UID-401)
Warning: Design rule attributes from the driving cell will be
	set on the port. (UID-401)
Warning: Design rule attributes from the driving cell will be
	set on the port. (UID-401)
Warning: Design rule attributes from the driving cell will be
	set on the port. (UID-401)
Warning: Design rule attributes from the driving cell will be
	set on the port. (UID-401)
Warning: Design rule attributes from the driving cell will be
	set on the port. (UID-401)
Warning: Design rule attributes from the driving cell will be
	set on the port. (UID-401)
Warning: Design rule attributes from the driving cell will be
	set on the port. (UID-401)
Warning: Design rule attributes from the driving cell will be
	set on the port. (UID-401)
Warning: Design rule attributes from the driving cell will be
	set on the port. (UID-401)
Warning: Design rule attributes from the driving cell will be
	set on the port. (UID-401)
Warning: Design rule attributes from the driving cell will be
	set on the port. (UID-401)
Warning: Design rule attributes from the driving cell will be
	set on the port. (UID-401)
Warning: Design rule attributes from the driving cell will be
	set on the port. (UID-401)
Warning: Design rule attributes from the driving cell will be
	set on the port. (UID-401)
Warning: Design rule attributes from the driving cell will be
	set on the port. (UID-401)
Warning: Design rule attributes from the driving cell will be
	set on the port. (UID-401)
Warning: Design rule attributes from the driving cell will be
	set on the port. (UID-401)
Warning: Design rule attributes from the driving cell will be
	set on the port. (UID-401)
Warning: Design rule attributes from the driving cell will be
	set on the port. (UID-401)
Warning: Design rule attributes from the driving cell will be
	set on the port. (UID-401)
Warning: Design rule attributes from the driving cell will be
	set on the port. (UID-401)
Warning: Design rule attributes from the driving cell will be
	set on the port. (UID-401)
Warning: Design rule attributes from the driving cell will be
	set on the port. (UID-401)
Warning: Design rule attributes from the driving cell will be
	set on the port. (UID-401)
Warning: Design rule attributes from the driving cell will be
	set on the port. (UID-401)
Warning: Design rule attributes from the driving cell will be
	set on the port. (UID-401)
Warning: Design rule attributes from the driving cell will be
	set on the port. (UID-401)
Warning: Design rule attributes from the driving cell will be
	set on the port. (UID-401)
Warning: Design rule attributes from the driving cell will be
	set on the port. (UID-401)
Warning: Design rule attributes from the driving cell will be
	set on the port. (UID-401)
Warning: Design rule attributes from the driving cell will be
	set on the port. (UID-401)
Warning: Design rule attributes from the driving cell will be
	set on the port. (UID-401)
Warning: Design rule attributes from the driving cell will be
	set on the port. (UID-401)
Warning: Design rule attributes from the driving cell will be
	set on the port. (UID-401)
Warning: Design rule attributes from the driving cell will be
	set on the port. (UID-401)
Warning: Design rule attributes from the driving cell will be
	set on the port. (UID-401)
Warning: Design rule attributes from the driving cell will be
	set on the port. (UID-401)
Warning: Design rule attributes from the driving cell will be
	set on the port. (UID-401)
Warning: Design rule attributes from the driving cell will be
	set on the port. (UID-401)
Warning: Design rule attributes from the driving cell will be
	set on the port. (UID-401)
Warning: Design rule attributes from the driving cell will be
	set on the port. (UID-401)
Warning: Design rule attributes from the driving cell will be
	set on the port. (UID-401)
Warning: Design rule attributes from the driving cell will be
	set on the port. (UID-401)
Warning: Design rule attributes from the driving cell will be
	set on the port. (UID-401)
Warning: Design rule attributes from the driving cell will be
	set on the port. (UID-401)
Warning: Design rule attributes from the driving cell will be
	set on the port. (UID-401)
Warning: Design rule attributes from the driving cell will be
	set on the port. (UID-401)
Warning: Design rule attributes from the driving cell will be
	set on the port. (UID-401)
Warning: Design rule attributes from the driving cell will be
	set on the port. (UID-401)
Warning: Design rule attributes from the driving cell will be
	set on the port. (UID-401)
Warning: Design rule attributes from the driving cell will be
	set on the port. (UID-401)
Warning: Design rule attributes from the driving cell will be
	set on the port. (UID-401)
Warning: Design rule attributes from the driving cell will be
	set on the port. (UID-401)
Warning: Design rule attributes from the driving cell will be
	set on the port. (UID-401)
Warning: Design rule attributes from the driving cell will be
	set on the port. (UID-401)
Warning: Design rule attributes from the driving cell will be
	set on the port. (UID-401)
Warning: Design rule attributes from the driving cell will be
	set on the port. (UID-401)
Warning: Design rule attributes from the driving cell will be
	set on the port. (UID-401)
Warning: Design rule attributes from the driving cell will be
	set on the port. (UID-401)
Warning: Design rule attributes from the driving cell will be
	set on the port. (UID-401)
Warning: Design rule attributes from the driving cell will be
	set on the port. (UID-401)
Warning: Design rule attributes from the driving cell will be
	set on the port. (UID-401)
Warning: Design rule attributes from the driving cell will be
	set on the port. (UID-401)
Warning: Design rule attributes from the driving cell will be
	set on the port. (UID-401)
Warning: Design rule attributes from the driving cell will be
	set on the port. (UID-401)
Warning: Design rule attributes from the driving cell will be
	set on the port. (UID-401)
Warning: Design rule attributes from the driving cell will be
	set on the port. (UID-401)
Warning: Design rule attributes from the driving cell will be
	set on the port. (UID-401)
Warning: Design rule attributes from the driving cell will be
	set on the port. (UID-401)
Warning: Design rule attributes from the driving cell will be
	set on the port. (UID-401)
Warning: Design rule attributes from the driving cell will be
	set on the port. (UID-401)
Warning: Design rule attributes from the driving cell will be
	set on the port. (UID-401)
Warning: Design rule attributes from the driving cell will be
	set on the port. (UID-401)
Warning: Design rule attributes from the driving cell will be
	set on the port. (UID-401)
Warning: Design rule attributes from the driving cell will be
	set on the port. (UID-401)
Warning: Design rule attributes from the driving cell will be
	set on the port. (UID-401)
Warning: Design rule attributes from the driving cell will be
	set on the port. (UID-401)
Warning: Design rule attributes from the driving cell will be
	set on the port. (UID-401)
Warning: Design rule attributes from the driving cell will be
	set on the port. (UID-401)
Warning: Design rule attributes from the driving cell will be
	set on the port. (UID-401)
Warning: Design rule attributes from the driving cell will be
	set on the port. (UID-401)
Warning: Design rule attributes from the driving cell will be
	set on the port. (UID-401)
Warning: Design rule attributes from the driving cell will be
	set on the port. (UID-401)
Warning: Design rule attributes from the driving cell will be
	set on the port. (UID-401)
Warning: Design rule attributes from the driving cell will be
	set on the port. (UID-401)
Warning: Design rule attributes from the driving cell will be
	set on the port. (UID-401)
Warning: Design rule attributes from the driving cell will be
	set on the port. (UID-401)
Warning: Design rule attributes from the driving cell will be
	set on the port. (UID-401)
Warning: Design rule attributes from the driving cell will be
	set on the port. (UID-401)
Warning: Design rule attributes from the driving cell will be
	set on the port. (UID-401)
Warning: Design rule attributes from the driving cell will be
	set on the port. (UID-401)
Warning: Design rule attributes from the driving cell will be
	set on the port. (UID-401)
Warning: Design rule attributes from the driving cell will be
	set on the port. (UID-401)
Warning: Design rule attributes from the driving cell will be
	set on the port. (UID-401)
Warning: Design rule attributes from the driving cell will be
	set on the port. (UID-401)
Warning: Design rule attributes from the driving cell will be
	set on the port. (UID-401)
Warning: Design rule attributes from the driving cell will be
	set on the port. (UID-401)
Warning: Design rule attributes from the driving cell will be
	set on the port. (UID-401)
Warning: Design rule attributes from the driving cell will be
	set on the port. (UID-401)
Warning: Design rule attributes from the driving cell will be
	set on the port. (UID-401)
Warning: Design rule attributes from the driving cell will be
	set on the port. (UID-401)
Warning: Design rule attributes from the driving cell will be
	set on the port. (UID-401)
Warning: Design rule attributes from the driving cell will be
	set on the port. (UID-401)
Warning: Design rule attributes from the driving cell will be
	set on the port. (UID-401)
Warning: Design rule attributes from the driving cell will be
	set on the port. (UID-401)
Warning: Design rule attributes from the driving cell will be
	set on the port. (UID-401)
Warning: Design rule attributes from the driving cell will be
	set on the port. (UID-401)
Warning: Design rule attributes from the driving cell will be
	set on the port. (UID-401)
Warning: Design rule attributes from the driving cell will be
	set on the port. (UID-401)
Warning: Design rule attributes from the driving cell will be
	set on the port. (UID-401)
Warning: Design rule attributes from the driving cell will be
	set on the port. (UID-401)
Warning: Design rule attributes from the driving cell will be
	set on the port. (UID-401)
Warning: Design rule attributes from the driving cell will be
	set on the port. (UID-401)
Warning: Design rule attributes from the driving cell will be
	set on the port. (UID-401)
Warning: Design rule attributes from the driving cell will be
	set on the port. (UID-401)
Warning: Design rule attributes from the driving cell will be
	set on the port. (UID-401)
Warning: Design rule attributes from the driving cell will be
	set on the port. (UID-401)
Warning: Design rule attributes from the driving cell will be
	set on the port. (UID-401)
Warning: Design rule attributes from the driving cell will be
	set on the port. (UID-401)
Warning: Design rule attributes from the driving cell will be
	set on the port. (UID-401)
Warning: Design rule attributes from the driving cell will be
	set on the port. (UID-401)
Warning: Design rule attributes from the driving cell will be
	set on the port. (UID-401)
Warning: Design rule attributes from the driving cell will be
	set on the port. (UID-401)
Warning: Design rule attributes from the driving cell will be
	set on the port. (UID-401)
Warning: Design rule attributes from the driving cell will be
	set on the port. (UID-401)
Warning: Design rule attributes from the driving cell will be
	set on the port. (UID-401)
Warning: Design rule attributes from the driving cell will be
	set on the port. (UID-401)
Warning: Design rule attributes from the driving cell will be
	set on the port. (UID-401)
Warning: Design rule attributes from the driving cell will be
	set on the port. (UID-401)
Warning: Design rule attributes from the driving cell will be
	set on the port. (UID-401)
Warning: Design rule attributes from the driving cell will be
	set on the port. (UID-401)
Warning: Design rule attributes from the driving cell will be
	set on the port. (UID-401)
Warning: Design rule attributes from the driving cell will be
	set on the port. (UID-401)
Warning: Design rule attributes from the driving cell will be
	set on the port. (UID-401)
Warning: Design rule attributes from the driving cell will be
	set on the port. (UID-401)
Warning: Design rule attributes from the driving cell will be
	set on the port. (UID-401)
Warning: Design rule attributes from the driving cell will be
	set on the port. (UID-401)
Warning: Design rule attributes from the driving cell will be
	set on the port. (UID-401)
Warning: Design rule attributes from the driving cell will be
	set on the port. (UID-401)
Warning: Design rule attributes from the driving cell will be
	set on the port. (UID-401)
Warning: Design rule attributes from the driving cell will be
	set on the port. (UID-401)
Warning: Design rule attributes from the driving cell will be
	set on the port. (UID-401)
Warning: Design rule attributes from the driving cell will be
	set on the port. (UID-401)
Warning: Design rule attributes from the driving cell will be
	set on the port. (UID-401)
Warning: Design rule attributes from the driving cell will be
	set on the port. (UID-401)
Warning: Design rule attributes from the driving cell will be
	set on the port. (UID-401)
Warning: Design rule attributes from the driving cell will be
	set on the port. (UID-401)
Warning: Design rule attributes from the driving cell will be
	set on the port. (UID-401)
Warning: Design rule attributes from the driving cell will be
	set on the port. (UID-401)
Warning: Design rule attributes from the driving cell will be
	set on the port. (UID-401)
Warning: Design rule attributes from the driving cell will be
	set on the port. (UID-401)
Warning: Design rule attributes from the driving cell will be
	set on the port. (UID-401)
Warning: Design rule attributes from the driving cell will be
	set on the port. (UID-401)
Warning: Design rule attributes from the driving cell will be
	set on the port. (UID-401)
Warning: Design rule attributes from the driving cell will be
	set on the port. (UID-401)
Warning: Design rule attributes from the driving cell will be
	set on the port. (UID-401)
Warning: Design rule attributes from the driving cell will be
	set on the port. (UID-401)
Warning: Design rule attributes from the driving cell will be
	set on the port. (UID-401)
Warning: Design rule attributes from the driving cell will be
	set on the port. (UID-401)
Warning: Design rule attributes from the driving cell will be
	set on the port. (UID-401)
Warning: Design rule attributes from the driving cell will be
	set on the port. (UID-401)
Warning: Design rule attributes from the driving cell will be
	set on the port. (UID-401)
Warning: Design rule attributes from the driving cell will be
	set on the port. (UID-401)
Warning: Design rule attributes from the driving cell will be
	set on the port. (UID-401)
Warning: Design rule attributes from the driving cell will be
	set on the port. (UID-401)
Warning: Design rule attributes from the driving cell will be
	set on the port. (UID-401)
Warning: Design rule attributes from the driving cell will be
	set on the port. (UID-401)
Warning: Design rule attributes from the driving cell will be
	set on the port. (UID-401)
Warning: Design rule attributes from the driving cell will be
	set on the port. (UID-401)
Warning: Design rule attributes from the driving cell will be
	set on the port. (UID-401)
Warning: Design rule attributes from the driving cell will be
	set on the port. (UID-401)
Warning: Design rule attributes from the driving cell will be
	set on the port. (UID-401)
Warning: Design rule attributes from the driving cell will be
	set on the port. (UID-401)
Warning: Design rule attributes from the driving cell will be
	set on the port. (UID-401)
Warning: Design rule attributes from the driving cell will be
	set on the port. (UID-401)
Warning: Design rule attributes from the driving cell will be
	set on the port. (UID-401)
Warning: Design rule attributes from the driving cell will be
	set on the port. (UID-401)
Warning: Design rule attributes from the driving cell will be
	set on the port. (UID-401)
Warning: Design rule attributes from the driving cell will be
	set on the port. (UID-401)
Warning: Design rule attributes from the driving cell will be
	set on the port. (UID-401)
Warning: Design rule attributes from the driving cell will be
	set on the port. (UID-401)
Warning: Design rule attributes from the driving cell will be
	set on the port. (UID-401)
Warning: Design rule attributes from the driving cell will be
	set on the port. (UID-401)
Warning: Design rule attributes from the driving cell will be
	set on the port. (UID-401)
Warning: Design rule attributes from the driving cell will be
	set on the port. (UID-401)
Warning: Design rule attributes from the driving cell will be
	set on the port. (UID-401)
Warning: Design rule attributes from the driving cell will be
	set on the port. (UID-401)
Warning: Design rule attributes from the driving cell will be
	set on the port. (UID-401)
Warning: Design rule attributes from the driving cell will be
	set on the port. (UID-401)
Warning: Design rule attributes from the driving cell will be
	set on the port. (UID-401)
Warning: Design rule attributes from the driving cell will be
	set on the port. (UID-401)
Warning: Design rule attributes from the driving cell will be
	set on the port. (UID-401)
Warning: Design rule attributes from the driving cell will be
	set on the port. (UID-401)
Warning: Design rule attributes from the driving cell will be
	set on the port. (UID-401)
Warning: Design rule attributes from the driving cell will be
	set on the port. (UID-401)
Warning: Design rule attributes from the driving cell will be
	set on the port. (UID-401)
Warning: Design rule attributes from the driving cell will be
	set on the port. (UID-401)
Warning: Design rule attributes from the driving cell will be
	set on the port. (UID-401)
Warning: Design rule attributes from the driving cell will be
	set on the port. (UID-401)
Warning: Design rule attributes from the driving cell will be
	set on the port. (UID-401)
Warning: Design rule attributes from the driving cell will be
	set on the port. (UID-401)
Warning: Design rule attributes from the driving cell will be
	set on the port. (UID-401)
Warning: Design rule attributes from the driving cell will be
	set on the port. (UID-401)
Warning: Design rule attributes from the driving cell will be
	set on the port. (UID-401)
Warning: Design rule attributes from the driving cell will be
	set on the port. (UID-401)
Warning: Design rule attributes from the driving cell will be
	set on the port. (UID-401)
Warning: Design rule attributes from the driving cell will be
	set on the port. (UID-401)
Warning: Design rule attributes from the driving cell will be
	set on the port. (UID-401)
Warning: Design rule attributes from the driving cell will be
	set on the port. (UID-401)
Warning: Design rule attributes from the driving cell will be
	set on the port. (UID-401)
Warning: Design rule attributes from the driving cell will be
	set on the port. (UID-401)
Warning: Design rule attributes from the driving cell will be
	set on the port. (UID-401)
Warning: Design rule attributes from the driving cell will be
	set on the port. (UID-401)
Warning: Design rule attributes from the driving cell will be
	set on the port. (UID-401)
Warning: Design rule attributes from the driving cell will be
	set on the port. (UID-401)
Warning: Design rule attributes from the driving cell will be
	set on the port. (UID-401)
Warning: Design rule attributes from the driving cell will be
	set on the port. (UID-401)
Warning: Design rule attributes from the driving cell will be
	set on the port. (UID-401)
Warning: Design rule attributes from the driving cell will be
	set on the port. (UID-401)
Warning: Design rule attributes from the driving cell will be
	set on the port. (UID-401)
Warning: Design rule attributes from the driving cell will be
	set on the port. (UID-401)
Warning: Design rule attributes from the driving cell will be
	set on the port. (UID-401)
Warning: Design rule attributes from the driving cell will be
	set on the port. (UID-401)
Warning: Design rule attributes from the driving cell will be
	set on the port. (UID-401)
Warning: Design rule attributes from the driving cell will be
	set on the port. (UID-401)
Warning: Design rule attributes from the driving cell will be
	set on the port. (UID-401)
Warning: Design rule attributes from the driving cell will be
	set on the port. (UID-401)
Warning: Design rule attributes from the driving cell will be
	set on the port. (UID-401)
Warning: Design rule attributes from the driving cell will be
	set on the port. (UID-401)
Warning: Design rule attributes from the driving cell will be
	set on the port. (UID-401)
Warning: Design rule attributes from the driving cell will be
	set on the port. (UID-401)
Warning: Design rule attributes from the driving cell will be
	set on the port. (UID-401)
Warning: Design rule attributes from the driving cell will be
	set on the port. (UID-401)
Warning: Design rule attributes from the driving cell will be
	set on the port. (UID-401)
Warning: Design rule attributes from the driving cell will be
	set on the port. (UID-401)
Warning: Design rule attributes from the driving cell will be
	set on the port. (UID-401)
Warning: Design rule attributes from the driving cell will be
	set on the port. (UID-401)
Warning: Design rule attributes from the driving cell will be
	set on the port. (UID-401)
Warning: Design rule attributes from the driving cell will be
	set on the port. (UID-401)
Warning: Design rule attributes from the driving cell will be
	set on the port. (UID-401)
Warning: Design rule attributes from the driving cell will be
	set on the port. (UID-401)
Warning: Design rule attributes from the driving cell will be
	set on the port. (UID-401)
Warning: Design rule attributes from the driving cell will be
	set on the port. (UID-401)
Warning: Design rule attributes from the driving cell will be
	set on the port. (UID-401)
Warning: Design rule attributes from the driving cell will be
	set on the port. (UID-401)
Warning: Design rule attributes from the driving cell will be
	set on the port. (UID-401)
Warning: Design rule attributes from the driving cell will be
	set on the port. (UID-401)
Warning: Design rule attributes from the driving cell will be
	set on the port. (UID-401)
Warning: Design rule attributes from the driving cell will be
	set on the port. (UID-401)
Warning: Design rule attributes from the driving cell will be
	set on the port. (UID-401)
Warning: Design rule attributes from the driving cell will be
	set on the port. (UID-401)
Warning: Design rule attributes from the driving cell will be
	set on the port. (UID-401)
Warning: Design rule attributes from the driving cell will be
	set on the port. (UID-401)
Warning: Design rule attributes from the driving cell will be
	set on the port. (UID-401)
Warning: Design rule attributes from the driving cell will be
	set on the port. (UID-401)
Warning: Design rule attributes from the driving cell will be
	set on the port. (UID-401)
Warning: Design rule attributes from the driving cell will be
	set on the port. (UID-401)
Warning: Design rule attributes from the driving cell will be
	set on the port. (UID-401)
Warning: Design rule attributes from the driving cell will be
	set on the port. (UID-401)
Warning: Design rule attributes from the driving cell will be
	set on the port. (UID-401)
Warning: Design rule attributes from the driving cell will be
	set on the port. (UID-401)
Warning: Design rule attributes from the driving cell will be
	set on the port. (UID-401)
Warning: Design rule attributes from the driving cell will be
	set on the port. (UID-401)
Warning: Design rule attributes from the driving cell will be
	set on the port. (UID-401)
Warning: Design rule attributes from the driving cell will be
	set on the port. (UID-401)
Warning: Design rule attributes from the driving cell will be
	set on the port. (UID-401)
Warning: Design rule attributes from the driving cell will be
	set on the port. (UID-401)
Warning: Design rule attributes from the driving cell will be
	set on the port. (UID-401)
Warning: Design rule attributes from the driving cell will be
	set on the port. (UID-401)
Warning: Design rule attributes from the driving cell will be
	set on the port. (UID-401)
Warning: Design rule attributes from the driving cell will be
	set on the port. (UID-401)
Warning: Design rule attributes from the driving cell will be
	set on the port. (UID-401)
Warning: Design rule attributes from the driving cell will be
	set on the port. (UID-401)
Warning: Design rule attributes from the driving cell will be
	set on the port. (UID-401)
Warning: Design rule attributes from the driving cell will be
	set on the port. (UID-401)
Warning: Design rule attributes from the driving cell will be
	set on the port. (UID-401)
Warning: Design rule attributes from the driving cell will be
	set on the port. (UID-401)
Warning: Design rule attributes from the driving cell will be
	set on the port. (UID-401)
Warning: Design rule attributes from the driving cell will be
	set on the port. (UID-401)
Warning: Design rule attributes from the driving cell will be
	set on the port. (UID-401)
Warning: Design rule attributes from the driving cell will be
	set on the port. (UID-401)
Warning: Design rule attributes from the driving cell will be
	set on the port. (UID-401)
Warning: Design rule attributes from the driving cell will be
	set on the port. (UID-401)
Warning: Design rule attributes from the driving cell will be
	set on the port. (UID-401)
Warning: Design rule attributes from the driving cell will be
	set on the port. (UID-401)
Warning: Design rule attributes from the driving cell will be
	set on the port. (UID-401)
Warning: Design rule attributes from the driving cell will be
	set on the port. (UID-401)
Warning: Design rule attributes from the driving cell will be
	set on the port. (UID-401)
Warning: Design rule attributes from the driving cell will be
	set on the port. (UID-401)
Warning: Design rule attributes from the driving cell will be
	set on the port. (UID-401)
Warning: Design rule attributes from the driving cell will be
	set on the port. (UID-401)
Warning: Design rule attributes from the driving cell will be
	set on the port. (UID-401)
Warning: Design rule attributes from the driving cell will be
	set on the port. (UID-401)
Warning: Design rule attributes from the driving cell will be
	set on the port. (UID-401)
Warning: Design rule attributes from the driving cell will be
	set on the port. (UID-401)
Warning: Design rule attributes from the driving cell will be
	set on the port. (UID-401)
Warning: Design rule attributes from the driving cell will be
	set on the port. (UID-401)
Warning: Design rule attributes from the driving cell will be
	set on the port. (UID-401)
Warning: Design rule attributes from the driving cell will be
	set on the port. (UID-401)
Warning: Design rule attributes from the driving cell will be
	set on the port. (UID-401)
Warning: Design rule attributes from the driving cell will be
	set on the port. (UID-401)
Warning: Design rule attributes from the driving cell will be
	set on the port. (UID-401)
Warning: Design rule attributes from the driving cell will be
	set on the port. (UID-401)
Warning: Design rule attributes from the driving cell will be
	set on the port. (UID-401)
Warning: Design rule attributes from the driving cell will be
	set on the port. (UID-401)
Warning: Design rule attributes from the driving cell will be
	set on the port. (UID-401)
Warning: Design rule attributes from the driving cell will be
	set on the port. (UID-401)
Warning: Design rule attributes from the driving cell will be
	set on the port. (UID-401)
Warning: Design rule attributes from the driving cell will be
	set on the port. (UID-401)
Warning: Design rule attributes from the driving cell will be
	set on the port. (UID-401)
Warning: Design rule attributes from the driving cell will be
	set on the port. (UID-401)
Warning: Design rule attributes from the driving cell will be
	set on the port. (UID-401)
Warning: Design rule attributes from the driving cell will be
	set on the port. (UID-401)
Warning: Design rule attributes from the driving cell will be
	set on the port. (UID-401)
Warning: Design rule attributes from the driving cell will be
	set on the port. (UID-401)
Warning: Design rule attributes from the driving cell will be
	set on the port. (UID-401)
Warning: Design rule attributes from the driving cell will be
	set on the port. (UID-401)
Warning: Design rule attributes from the driving cell will be
	set on the port. (UID-401)
Warning: Design rule attributes from the driving cell will be
	set on the port. (UID-401)
Warning: Design rule attributes from the driving cell will be
	set on the port. (UID-401)
Warning: Design rule attributes from the driving cell will be
	set on the port. (UID-401)
Warning: Design rule attributes from the driving cell will be
	set on the port. (UID-401)
Warning: Design rule attributes from the driving cell will be
	set on the port. (UID-401)
Warning: Design rule attributes from the driving cell will be
	set on the port. (UID-401)
Warning: Design rule attributes from the driving cell will be
	set on the port. (UID-401)
Warning: Design rule attributes from the driving cell will be
	set on the port. (UID-401)
Warning: Design rule attributes from the driving cell will be
	set on the port. (UID-401)
Warning: Design rule attributes from the driving cell will be
	set on the port. (UID-401)
Warning: Design rule attributes from the driving cell will be
	set on the port. (UID-401)
Warning: Design rule attributes from the driving cell will be
	set on the port. (UID-401)
Warning: Design rule attributes from the driving cell will be
	set on the port. (UID-401)
Warning: Design rule attributes from the driving cell will be
	set on the port. (UID-401)
Warning: Design rule attributes from the driving cell will be
	set on the port. (UID-401)
Warning: Design rule attributes from the driving cell will be
	set on the port. (UID-401)
Warning: Design rule attributes from the driving cell will be
	set on the port. (UID-401)
Warning: Design rule attributes from the driving cell will be
	set on the port. (UID-401)
Warning: Design rule attributes from the driving cell will be
	set on the port. (UID-401)
Warning: Design rule attributes from the driving cell will be
	set on the port. (UID-401)
Warning: Design rule attributes from the driving cell will be
	set on the port. (UID-401)
Warning: Design rule attributes from the driving cell will be
	set on the port. (UID-401)
Warning: Design rule attributes from the driving cell will be
	set on the port. (UID-401)
Warning: Design rule attributes from the driving cell will be
	set on the port. (UID-401)
Warning: Design rule attributes from the driving cell will be
	set on the port. (UID-401)
Warning: Design rule attributes from the driving cell will be
	set on the port. (UID-401)
Warning: Design rule attributes from the driving cell will be
	set on the port. (UID-401)
Warning: Design rule attributes from the driving cell will be
	set on the port. (UID-401)
Warning: Design rule attributes from the driving cell will be
	set on the port. (UID-401)
Warning: Design rule attributes from the driving cell will be
	set on the port. (UID-401)
Warning: Design rule attributes from the driving cell will be
	set on the port. (UID-401)
Warning: Design rule attributes from the driving cell will be
	set on the port. (UID-401)
Warning: Design rule attributes from the driving cell will be
	set on the port. (UID-401)
Warning: Design rule attributes from the driving cell will be
	set on the port. (UID-401)
Warning: Design rule attributes from the driving cell will be
	set on the port. (UID-401)
Warning: Design rule attributes from the driving cell will be
	set on the port. (UID-401)
Warning: Design rule attributes from the driving cell will be
	set on the port. (UID-401)
Warning: Design rule attributes from the driving cell will be
	set on the port. (UID-401)
Warning: Design rule attributes from the driving cell will be
	set on the port. (UID-401)
Warning: Design rule attributes from the driving cell will be
	set on the port. (UID-401)
Warning: Design rule attributes from the driving cell will be
	set on the port. (UID-401)
Warning: Design rule attributes from the driving cell will be
	set on the port. (UID-401)
Warning: Design rule attributes from the driving cell will be
	set on the port. (UID-401)
Warning: Design rule attributes from the driving cell will be
	set on the port. (UID-401)
Warning: Design rule attributes from the driving cell will be
	set on the port. (UID-401)
Warning: Design rule attributes from the driving cell will be
	set on the port. (UID-401)
Warning: Design rule attributes from the driving cell will be
	set on the port. (UID-401)
Warning: Design rule attributes from the driving cell will be
	set on the port. (UID-401)
Warning: Design rule attributes from the driving cell will be
	set on the port. (UID-401)
Warning: Design rule attributes from the driving cell will be
	set on the port. (UID-401)
Warning: Design rule attributes from the driving cell will be
	set on the port. (UID-401)
Warning: Design rule attributes from the driving cell will be
	set on the port. (UID-401)
Warning: Design rule attributes from the driving cell will be
	set on the port. (UID-401)
Warning: Design rule attributes from the driving cell will be
	set on the port. (UID-401)
Warning: Design rule attributes from the driving cell will be
	set on the port. (UID-401)
Warning: Design rule attributes from the driving cell will be
	set on the port. (UID-401)
Warning: Design rule attributes from the driving cell will be
	set on the port. (UID-401)
Warning: Design rule attributes from the driving cell will be
	set on the port. (UID-401)
Warning: Design rule attributes from the driving cell will be
	set on the port. (UID-401)
Warning: Design rule attributes from the driving cell will be
	set on the port. (UID-401)
Warning: Design rule attributes from the driving cell will be
	set on the port. (UID-401)
Warning: Design rule attributes from the driving cell will be
	set on the port. (UID-401)
Warning: Design rule attributes from the driving cell will be
	set on the port. (UID-401)
Warning: Design rule attributes from the driving cell will be
	set on the port. (UID-401)
Warning: Design rule attributes from the driving cell will be
	set on the port. (UID-401)
Warning: Design rule attributes from the driving cell will be
	set on the port. (UID-401)
Warning: Design rule attributes from the driving cell will be
	set on the port. (UID-401)
Warning: Design rule attributes from the driving cell will be
	set on the port. (UID-401)
Warning: Design rule attributes from the driving cell will be
	set on the port. (UID-401)
Warning: Design rule attributes from the driving cell will be
	set on the port. (UID-401)
Warning: Design rule attributes from the driving cell will be
	set on the port. (UID-401)
Warning: Design rule attributes from the driving cell will be
	set on the port. (UID-401)
Warning: Design rule attributes from the driving cell will be
	set on the port. (UID-401)
Warning: Design rule attributes from the driving cell will be
	set on the port. (UID-401)
Warning: Design rule attributes from the driving cell will be
	set on the port. (UID-401)
Warning: Design rule attributes from the driving cell will be
	set on the port. (UID-401)
Warning: Design rule attributes from the driving cell will be
	set on the port. (UID-401)
Warning: Design rule attributes from the driving cell will be
	set on the port. (UID-401)
Warning: Design rule attributes from the driving cell will be
	set on the port. (UID-401)
Warning: Design rule attributes from the driving cell will be
	set on the port. (UID-401)
Warning: Design rule attributes from the driving cell will be
	set on the port. (UID-401)
Warning: Design rule attributes from the driving cell will be
	set on the port. (UID-401)
Warning: Design rule attributes from the driving cell will be
	set on the port. (UID-401)
Warning: Design rule attributes from the driving cell will be
	set on the port. (UID-401)
Warning: Design rule attributes from the driving cell will be
	set on the port. (UID-401)
Warning: Design rule attributes from the driving cell will be
	set on the port. (UID-401)
Warning: Design rule attributes from the driving cell will be
	set on the port. (UID-401)
Warning: Design rule attributes from the driving cell will be
	set on the port. (UID-401)
Warning: Design rule attributes from the driving cell will be
	set on the port. (UID-401)
Warning: Design rule attributes from the driving cell will be
	set on the port. (UID-401)
Warning: Design rule attributes from the driving cell will be
	set on the port. (UID-401)
Warning: Design rule attributes from the driving cell will be
	set on the port. (UID-401)
Warning: Design rule attributes from the driving cell will be
	set on the port. (UID-401)
Warning: Design rule attributes from the driving cell will be
	set on the port. (UID-401)
Warning: Design rule attributes from the driving cell will be
	set on the port. (UID-401)
Warning: Design rule attributes from the driving cell will be
	set on the port. (UID-401)
Warning: Design rule attributes from the driving cell will be
	set on the port. (UID-401)
Warning: Design rule attributes from the driving cell will be
	set on the port. (UID-401)
Warning: Design rule attributes from the driving cell will be
	set on the port. (UID-401)
Warning: Design rule attributes from the driving cell will be
	set on the port. (UID-401)
Warning: Design rule attributes from the driving cell will be
	set on the port. (UID-401)
Warning: Design rule attributes from the driving cell will be
	set on the port. (UID-401)
Warning: Design rule attributes from the driving cell will be
	set on the port. (UID-401)
Warning: Design rule attributes from the driving cell will be
	set on the port. (UID-401)
Warning: Design rule attributes from the driving cell will be
	set on the port. (UID-401)
Warning: Design rule attributes from the driving cell will be
	set on the port. (UID-401)
Warning: Design rule attributes from the driving cell will be
	set on the port. (UID-401)
Warning: Design rule attributes from the driving cell will be
	set on the port. (UID-401)
Warning: Design rule attributes from the driving cell will be
	set on the port. (UID-401)
Warning: Design rule attributes from the driving cell will be
	set on the port. (UID-401)
Warning: Design rule attributes from the driving cell will be
	set on the port. (UID-401)
Warning: Design rule attributes from the driving cell will be
	set on the port. (UID-401)
Warning: Design rule attributes from the driving cell will be
	set on the port. (UID-401)
Warning: Design rule attributes from the driving cell will be
	set on the port. (UID-401)
Warning: Design rule attributes from the driving cell will be
	set on the port. (UID-401)
Warning: Design rule attributes from the driving cell will be
	set on the port. (UID-401)
Warning: Design rule attributes from the driving cell will be
	set on the port. (UID-401)
Warning: Design rule attributes from the driving cell will be
	set on the port. (UID-401)
Warning: Design rule attributes from the driving cell will be
	set on the port. (UID-401)
Warning: Design rule attributes from the driving cell will be
	set on the port. (UID-401)
Warning: Design rule attributes from the driving cell will be
	set on the port. (UID-401)
Warning: Design rule attributes from the driving cell will be
	set on the port. (UID-401)
Warning: Design rule attributes from the driving cell will be
	set on the port. (UID-401)
Warning: Design rule attributes from the driving cell will be
	set on the port. (UID-401)
Warning: Design rule attributes from the driving cell will be
	set on the port. (UID-401)
Warning: Design rule attributes from the driving cell will be
	set on the port. (UID-401)
Warning: Design rule attributes from the driving cell will be
	set on the port. (UID-401)
Warning: Design rule attributes from the driving cell will be
	set on the port. (UID-401)
Warning: Design rule attributes from the driving cell will be
	set on the port. (UID-401)
Warning: Design rule attributes from the driving cell will be
	set on the port. (UID-401)
Warning: Design rule attributes from the driving cell will be
	set on the port. (UID-401)
Warning: Design rule attributes from the driving cell will be
	set on the port. (UID-401)
Warning: Design rule attributes from the driving cell will be
	set on the port. (UID-401)
Warning: Design rule attributes from the driving cell will be
	set on the port. (UID-401)
Warning: Design rule attributes from the driving cell will be
	set on the port. (UID-401)
Warning: Design rule attributes from the driving cell will be
	set on the port. (UID-401)
Warning: Design rule attributes from the driving cell will be
	set on the port. (UID-401)
Warning: Design rule attributes from the driving cell will be
	set on the port. (UID-401)
Warning: Design rule attributes from the driving cell will be
	set on the port. (UID-401)
Warning: Design rule attributes from the driving cell will be
	set on the port. (UID-401)
Warning: Design rule attributes from the driving cell will be
	set on the port. (UID-401)
Warning: Design rule attributes from the driving cell will be
	set on the port. (UID-401)
Warning: Design rule attributes from the driving cell will be
	set on the port. (UID-401)
Warning: Design rule attributes from the driving cell will be
	set on the port. (UID-401)
Warning: Design rule attributes from the driving cell will be
	set on the port. (UID-401)
Warning: Design rule attributes from the driving cell will be
	set on the port. (UID-401)
Warning: Design rule attributes from the driving cell will be
	set on the port. (UID-401)
Warning: Design rule attributes from the driving cell will be
	set on the port. (UID-401)
Warning: Design rule attributes from the driving cell will be
	set on the port. (UID-401)
Warning: Design rule attributes from the driving cell will be
	set on the port. (UID-401)
Warning: Design rule attributes from the driving cell will be
	set on the port. (UID-401)
Warning: Design rule attributes from the driving cell will be
	set on the port. (UID-401)
Warning: Design rule attributes from the driving cell will be
	set on the port. (UID-401)
Warning: Design rule attributes from the driving cell will be
	set on the port. (UID-401)
Warning: Design rule attributes from the driving cell will be
	set on the port. (UID-401)
Warning: Design rule attributes from the driving cell will be
	set on the port. (UID-401)
Warning: Design rule attributes from the driving cell will be
	set on the port. (UID-401)
Warning: Design rule attributes from the driving cell will be
	set on the port. (UID-401)
Warning: Design rule attributes from the driving cell will be
	set on the port. (UID-401)
Warning: Design rule attributes from the driving cell will be
	set on the port. (UID-401)
Warning: Design rule attributes from the driving cell will be
	set on the port. (UID-401)
Warning: Design rule attributes from the driving cell will be
	set on the port. (UID-401)
Warning: Design rule attributes from the driving cell will be
	set on the port. (UID-401)
Warning: Design rule attributes from the driving cell will be
	set on the port. (UID-401)
Warning: Design rule attributes from the driving cell will be
	set on the port. (UID-401)
Warning: Design rule attributes from the driving cell will be
	set on the port. (UID-401)
Warning: Design rule attributes from the driving cell will be
	set on the port. (UID-401)
Warning: Design rule attributes from the driving cell will be
	set on the port. (UID-401)
Warning: Design rule attributes from the driving cell will be
	set on the port. (UID-401)
Warning: Design rule attributes from the driving cell will be
	set on the port. (UID-401)
Warning: Design rule attributes from the driving cell will be
	set on the port. (UID-401)
Warning: Design rule attributes from the driving cell will be
	set on the port. (UID-401)
Warning: Design rule attributes from the driving cell will be
	set on the port. (UID-401)
Warning: Design rule attributes from the driving cell will be
	set on the port. (UID-401)
Warning: Design rule attributes from the driving cell will be
	set on the port. (UID-401)
Warning: Design rule attributes from the driving cell will be
	set on the port. (UID-401)
Warning: Design rule attributes from the driving cell will be
	set on the port. (UID-401)
Warning: Design rule attributes from the driving cell will be
	set on the port. (UID-401)
Warning: Design rule attributes from the driving cell will be
	set on the port. (UID-401)
Warning: Design rule attributes from the driving cell will be
	set on the port. (UID-401)
Warning: Design rule attributes from the driving cell will be
	set on the port. (UID-401)
Warning: Design rule attributes from the driving cell will be
	set on the port. (UID-401)
Warning: Design rule attributes from the driving cell will be
	set on the port. (UID-401)
Warning: Design rule attributes from the driving cell will be
	set on the port. (UID-401)
Warning: Design rule attributes from the driving cell will be
	set on the port. (UID-401)
Warning: Design rule attributes from the driving cell will be
	set on the port. (UID-401)
Warning: Design rule attributes from the driving cell will be
	set on the port. (UID-401)
Warning: Design rule attributes from the driving cell will be
	set on the port. (UID-401)
Warning: Design rule attributes from the driving cell will be
	set on the port. (UID-401)
Warning: Design rule attributes from the driving cell will be
	set on the port. (UID-401)
Warning: Design rule attributes from the driving cell will be
	set on the port. (UID-401)
Warning: Design rule attributes from the driving cell will be
	set on the port. (UID-401)
Warning: Design rule attributes from the driving cell will be
	set on the port. (UID-401)
Warning: Design rule attributes from the driving cell will be
	set on the port. (UID-401)
Warning: Design rule attributes from the driving cell will be
	set on the port. (UID-401)
Warning: Design rule attributes from the driving cell will be
	set on the port. (UID-401)
Warning: Design rule attributes from the driving cell will be
	set on the port. (UID-401)
Warning: Design rule attributes from the driving cell will be
	set on the port. (UID-401)
Warning: Design rule attributes from the driving cell will be
	set on the port. (UID-401)
Warning: Design rule attributes from the driving cell will be
	set on the port. (UID-401)
Warning: Design rule attributes from the driving cell will be
	set on the port. (UID-401)
Warning: Design rule attributes from the driving cell will be
	set on the port. (UID-401)
Warning: Design rule attributes from the driving cell will be
	set on the port. (UID-401)
Warning: Design rule attributes from the driving cell will be
	set on the port. (UID-401)
Warning: Design rule attributes from the driving cell will be
	set on the port. (UID-401)
Warning: Design rule attributes from the driving cell will be
	set on the port. (UID-401)
Warning: Design rule attributes from the driving cell will be
	set on the port. (UID-401)
Warning: Design rule attributes from the driving cell will be
	set on the port. (UID-401)
Warning: Design rule attributes from the driving cell will be
	set on the port. (UID-401)
Warning: Design rule attributes from the driving cell will be
	set on the port. (UID-401)
Warning: Design rule attributes from the driving cell will be
	set on the port. (UID-401)
Warning: Design rule attributes from the driving cell will be
	set on the port. (UID-401)
Warning: Design rule attributes from the driving cell will be
	set on the port. (UID-401)
Warning: Design rule attributes from the driving cell will be
	set on the port. (UID-401)
Warning: Design rule attributes from the driving cell will be
	set on the port. (UID-401)
Warning: Design rule attributes from the driving cell will be
	set on the port. (UID-401)
Warning: Design rule attributes from the driving cell will be
	set on the port. (UID-401)
Warning: Design rule attributes from the driving cell will be
	set on the port. (UID-401)
Warning: Design rule attributes from the driving cell will be
	set on the port. (UID-401)
Warning: Design rule attributes from the driving cell will be
	set on the port. (UID-401)
Warning: Design rule attributes from the driving cell will be
	set on the port. (UID-401)
Warning: Design rule attributes from the driving cell will be
	set on the port. (UID-401)
Warning: Design rule attributes from the driving cell will be
	set on the port. (UID-401)
Warning: Design rule attributes from the driving cell will be
	set on the port. (UID-401)
Warning: Design rule attributes from the driving cell will be
	set on the port. (UID-401)
Warning: Design rule attributes from the driving cell will be
	set on the port. (UID-401)
Warning: Design rule attributes from the driving cell will be
	set on the port. (UID-401)
Warning: Design rule attributes from the driving cell will be
	set on the port. (UID-401)
Warning: Design rule attributes from the driving cell will be
	set on the port. (UID-401)
Warning: Design rule attributes from the driving cell will be
	set on the port. (UID-401)
Warning: Design rule attributes from the driving cell will be
	set on the port. (UID-401)
Warning: Design rule attributes from the driving cell will be
	set on the port. (UID-401)
Warning: Design rule attributes from the driving cell will be
	set on the port. (UID-401)
Warning: Design rule attributes from the driving cell will be
	set on the port. (UID-401)
Warning: Design rule attributes from the driving cell will be
	set on the port. (UID-401)
Warning: Design rule attributes from the driving cell will be
	set on the port. (UID-401)
Warning: Design rule attributes from the driving cell will be
	set on the port. (UID-401)
Warning: Design rule attributes from the driving cell will be
	set on the port. (UID-401)
Warning: Design rule attributes from the driving cell will be
	set on the port. (UID-401)
Warning: Design rule attributes from the driving cell will be
	set on the port. (UID-401)
Warning: Design rule attributes from the driving cell will be
	set on the port. (UID-401)
Warning: Design rule attributes from the driving cell will be
	set on the port. (UID-401)
Warning: Design rule attributes from the driving cell will be
	set on the port. (UID-401)
Warning: Design rule attributes from the driving cell will be
	set on the port. (UID-401)
Warning: Design rule attributes from the driving cell will be
	set on the port. (UID-401)
Warning: Design rule attributes from the driving cell will be
	set on the port. (UID-401)
Warning: Design rule attributes from the driving cell will be
	set on the port. (UID-401)
Warning: Design rule attributes from the driving cell will be
	set on the port. (UID-401)
Warning: Design rule attributes from the driving cell will be
	set on the port. (UID-401)
Warning: Design rule attributes from the driving cell will be
	set on the port. (UID-401)
Warning: Design rule attributes from the driving cell will be
	set on the port. (UID-401)
Warning: Design rule attributes from the driving cell will be
	set on the port. (UID-401)
Warning: Design rule attributes from the driving cell will be
	set on the port. (UID-401)
Warning: Design rule attributes from the driving cell will be
	set on the port. (UID-401)
Warning: Design rule attributes from the driving cell will be
	set on the port. (UID-401)
Warning: Design rule attributes from the driving cell will be
	set on the port. (UID-401)
Warning: Design rule attributes from the driving cell will be
	set on the port. (UID-401)
Warning: Design rule attributes from the driving cell will be
	set on the port. (UID-401)
Warning: Design rule attributes from the driving cell will be
	set on the port. (UID-401)
Warning: Design rule attributes from the driving cell will be
	set on the port. (UID-401)
Warning: Design rule attributes from the driving cell will be
	set on the port. (UID-401)
Warning: Design rule attributes from the driving cell will be
	set on the port. (UID-401)
Warning: Design rule attributes from the driving cell will be
	set on the port. (UID-401)
Warning: Design rule attributes from the driving cell will be
	set on the port. (UID-401)
Warning: Design rule attributes from the driving cell will be
	set on the port. (UID-401)
Warning: Design rule attributes from the driving cell will be
	set on the port. (UID-401)
Warning: Design rule attributes from the driving cell will be
	set on the port. (UID-401)
Warning: Design rule attributes from the driving cell will be
	set on the port. (UID-401)
Warning: Design rule attributes from the driving cell will be
	set on the port. (UID-401)
Warning: Design rule attributes from the driving cell will be
	set on the port. (UID-401)
Warning: Design rule attributes from the driving cell will be
	set on the port. (UID-401)
Warning: Design rule attributes from the driving cell will be
	set on the port. (UID-401)
Warning: Design rule attributes from the driving cell will be
	set on the port. (UID-401)
Warning: Design rule attributes from the driving cell will be
	set on the port. (UID-401)
Warning: Design rule attributes from the driving cell will be
	set on the port. (UID-401)
Warning: Design rule attributes from the driving cell will be
	set on the port. (UID-401)
Warning: Design rule attributes from the driving cell will be
	set on the port. (UID-401)
Warning: Design rule attributes from the driving cell will be
	set on the port. (UID-401)
Warning: Design rule attributes from the driving cell will be
	set on the port. (UID-401)
Warning: Design rule attributes from the driving cell will be
	set on the port. (UID-401)
Warning: Design rule attributes from the driving cell will be
	set on the port. (UID-401)
Warning: Design rule attributes from the driving cell will be
	set on the port. (UID-401)
Warning: Design rule attributes from the driving cell will be
	set on the port. (UID-401)
Warning: Design rule attributes from the driving cell will be
	set on the port. (UID-401)
Warning: Design rule attributes from the driving cell will be
	set on the port. (UID-401)
Warning: Design rule attributes from the driving cell will be
	set on the port. (UID-401)
Warning: Design rule attributes from the driving cell will be
	set on the port. (UID-401)
Warning: Design rule attributes from the driving cell will be
	set on the port. (UID-401)
Warning: Design rule attributes from the driving cell will be
	set on the port. (UID-401)
Warning: Design rule attributes from the driving cell will be
	set on the port. (UID-401)
Warning: Design rule attributes from the driving cell will be
	set on the port. (UID-401)
Warning: Design rule attributes from the driving cell will be
	set on the port. (UID-401)
Warning: Design rule attributes from the driving cell will be
	set on the port. (UID-401)
Warning: Design rule attributes from the driving cell will be
	set on the port. (UID-401)
Warning: Design rule attributes from the driving cell will be
	set on the port. (UID-401)
Warning: Design rule attributes from the driving cell will be
	set on the port. (UID-401)
Warning: Design rule attributes from the driving cell will be
	set on the port. (UID-401)
Warning: Design rule attributes from the driving cell will be
	set on the port. (UID-401)
Warning: Design rule attributes from the driving cell will be
	set on the port. (UID-401)
Warning: Design rule attributes from the driving cell will be
	set on the port. (UID-401)
Warning: Design rule attributes from the driving cell will be
	set on the port. (UID-401)
Warning: Design rule attributes from the driving cell will be
	set on the port. (UID-401)
Warning: Design rule attributes from the driving cell will be
	set on the port. (UID-401)
Warning: Design rule attributes from the driving cell will be
	set on the port. (UID-401)
Warning: Design rule attributes from the driving cell will be
	set on the port. (UID-401)
Warning: Design rule attributes from the driving cell will be
	set on the port. (UID-401)
Warning: Design rule attributes from the driving cell will be
	set on the port. (UID-401)
Warning: Design rule attributes from the driving cell will be
	set on the port. (UID-401)
Warning: Design rule attributes from the driving cell will be
	set on the port. (UID-401)
Warning: Design rule attributes from the driving cell will be
	set on the port. (UID-401)
Warning: Design rule attributes from the driving cell will be
	set on the port. (UID-401)
Warning: Design rule attributes from the driving cell will be
	set on the port. (UID-401)
Warning: Design rule attributes from the driving cell will be
	set on the port. (UID-401)
Warning: Design rule attributes from the driving cell will be
	set on the port. (UID-401)
Warning: Design rule attributes from the driving cell will be
	set on the port. (UID-401)
Warning: Design rule attributes from the driving cell will be
	set on the port. (UID-401)
Warning: Design rule attributes from the driving cell will be
	set on the port. (UID-401)
Warning: Design rule attributes from the driving cell will be
	set on the port. (UID-401)
Warning: Design rule attributes from the driving cell will be
	set on the port. (UID-401)
Warning: Design rule attributes from the driving cell will be
	set on the port. (UID-401)
Warning: Design rule attributes from the driving cell will be
	set on the port. (UID-401)
Warning: Design rule attributes from the driving cell will be
	set on the port. (UID-401)
Warning: Design rule attributes from the driving cell will be
	set on the port. (UID-401)
Warning: Design rule attributes from the driving cell will be
	set on the port. (UID-401)
Warning: Design rule attributes from the driving cell will be
	set on the port. (UID-401)
Warning: Design rule attributes from the driving cell will be
	set on the port. (UID-401)
Warning: Design rule attributes from the driving cell will be
	set on the port. (UID-401)
Warning: Design rule attributes from the driving cell will be
	set on the port. (UID-401)
Warning: Design rule attributes from the driving cell will be
	set on the port. (UID-401)
Warning: Design rule attributes from the driving cell will be
	set on the port. (UID-401)
Warning: Design rule attributes from the driving cell will be
	set on the port. (UID-401)
Warning: Design rule attributes from the driving cell will be
	set on the port. (UID-401)
Warning: Design rule attributes from the driving cell will be
	set on the port. (UID-401)
Warning: Design rule attributes from the driving cell will be
	set on the port. (UID-401)
Warning: Design rule attributes from the driving cell will be
	set on the port. (UID-401)
Warning: Design rule attributes from the driving cell will be
	set on the port. (UID-401)
Warning: Design rule attributes from the driving cell will be
	set on the port. (UID-401)
Warning: Design rule attributes from the driving cell will be
	set on the port. (UID-401)
Warning: Design rule attributes from the driving cell will be
	set on the port. (UID-401)
Warning: Design rule attributes from the driving cell will be
	set on the port. (UID-401)
Warning: Design rule attributes from the driving cell will be
	set on the port. (UID-401)
Warning: Design rule attributes from the driving cell will be
	set on the port. (UID-401)
Warning: Design rule attributes from the driving cell will be
	set on the port. (UID-401)
Warning: Design rule attributes from the driving cell will be
	set on the port. (UID-401)
Warning: Design rule attributes from the driving cell will be
	set on the port. (UID-401)
Warning: Design rule attributes from the driving cell will be
	set on the port. (UID-401)
Warning: Design rule attributes from the driving cell will be
	set on the port. (UID-401)
Warning: Design rule attributes from the driving cell will be
	set on the port. (UID-401)
Warning: Design rule attributes from the driving cell will be
	set on the port. (UID-401)
Warning: Design rule attributes from the driving cell will be
	set on the port. (UID-401)
Warning: Design rule attributes from the driving cell will be
	set on the port. (UID-401)
Warning: Design rule attributes from the driving cell will be
	set on the port. (UID-401)
Warning: Design rule attributes from the driving cell will be
	set on the port. (UID-401)
Warning: Design rule attributes from the driving cell will be
	set on the port. (UID-401)
Warning: Design rule attributes from the driving cell will be
	set on the port. (UID-401)
Warning: Design rule attributes from the driving cell will be
	set on the port. (UID-401)
Warning: Design rule attributes from the driving cell will be
	set on the port. (UID-401)
Warning: Design rule attributes from the driving cell will be
	set on the port. (UID-401)
Warning: Design rule attributes from the driving cell will be
	set on the port. (UID-401)
Warning: Design rule attributes from the driving cell will be
	set on the port. (UID-401)
Warning: Design rule attributes from the driving cell will be
	set on the port. (UID-401)
Warning: Design rule attributes from the driving cell will be
	set on the port. (UID-401)
Warning: Design rule attributes from the driving cell will be
	set on the port. (UID-401)
Warning: Design rule attributes from the driving cell will be
	set on the port. (UID-401)
Warning: Design rule attributes from the driving cell will be
	set on the port. (UID-401)
Warning: Design rule attributes from the driving cell will be
	set on the port. (UID-401)
Warning: Design rule attributes from the driving cell will be
	set on the port. (UID-401)
Warning: Design rule attributes from the driving cell will be
	set on the port. (UID-401)
Warning: Design rule attributes from the driving cell will be
	set on the port. (UID-401)
Warning: Design rule attributes from the driving cell will be
	set on the port. (UID-401)
Warning: Design rule attributes from the driving cell will be
	set on the port. (UID-401)
Warning: Design rule attributes from the driving cell will be
	set on the port. (UID-401)
Warning: Design rule attributes from the driving cell will be
	set on the port. (UID-401)
Warning: Design rule attributes from the driving cell will be
	set on the port. (UID-401)
Warning: Design rule attributes from the driving cell will be
	set on the port. (UID-401)
Warning: Design rule attributes from the driving cell will be
	set on the port. (UID-401)
Warning: Design rule attributes from the driving cell will be
	set on the port. (UID-401)
Warning: Design rule attributes from the driving cell will be
	set on the port. (UID-401)
Warning: Design rule attributes from the driving cell will be
	set on the port. (UID-401)
Warning: Design rule attributes from the driving cell will be
	set on the port. (UID-401)
Warning: Design rule attributes from the driving cell will be
	set on the port. (UID-401)
Warning: Design rule attributes from the driving cell will be
	set on the port. (UID-401)
Warning: Design rule attributes from the driving cell will be
	set on the port. (UID-401)
Warning: Design rule attributes from the driving cell will be
	set on the port. (UID-401)
Warning: Design rule attributes from the driving cell will be
	set on the port. (UID-401)
Warning: Design rule attributes from the driving cell will be
	set on the port. (UID-401)
Warning: Design rule attributes from the driving cell will be
	set on the port. (UID-401)
Warning: Design rule attributes from the driving cell will be
	set on the port. (UID-401)
Warning: Design rule attributes from the driving cell will be
	set on the port. (UID-401)
Warning: Design rule attributes from the driving cell will be
	set on the port. (UID-401)
Warning: Design rule attributes from the driving cell will be
	set on the port. (UID-401)
Warning: Design rule attributes from the driving cell will be
	set on the port. (UID-401)
Warning: Design rule attributes from the driving cell will be
	set on the port. (UID-401)
Warning: Design rule attributes from the driving cell will be
	set on the port. (UID-401)
Warning: Design rule attributes from the driving cell will be
	set on the port. (UID-401)
Warning: Design rule attributes from the driving cell will be
	set on the port. (UID-401)
Warning: Design rule attributes from the driving cell will be
	set on the port. (UID-401)
Warning: Design rule attributes from the driving cell will be
	set on the port. (UID-401)
Warning: Design rule attributes from the driving cell will be
	set on the port. (UID-401)
Warning: Design rule attributes from the driving cell will be
	set on the port. (UID-401)
Warning: Design rule attributes from the driving cell will be
	set on the port. (UID-401)
Warning: Design rule attributes from the driving cell will be
	set on the port. (UID-401)
Warning: Design rule attributes from the driving cell will be
	set on the port. (UID-401)
Warning: Design rule attributes from the driving cell will be
	set on the port. (UID-401)
Warning: Design rule attributes from the driving cell will be
	set on the port. (UID-401)
Warning: Design rule attributes from the driving cell will be
	set on the port. (UID-401)
Warning: Design rule attributes from the driving cell will be
	set on the port. (UID-401)
Warning: Design rule attributes from the driving cell will be
	set on the port. (UID-401)
Warning: Design rule attributes from the driving cell will be
	set on the port. (UID-401)
Warning: Design rule attributes from the driving cell will be
	set on the port. (UID-401)
Warning: Design rule attributes from the driving cell will be
	set on the port. (UID-401)
Warning: Design rule attributes from the driving cell will be
	set on the port. (UID-401)
Warning: Design rule attributes from the driving cell will be
	set on the port. (UID-401)
Warning: Design rule attributes from the driving cell will be
	set on the port. (UID-401)
Warning: Design rule attributes from the driving cell will be
	set on the port. (UID-401)
Warning: Design rule attributes from the driving cell will be
	set on the port. (UID-401)
Warning: Design rule attributes from the driving cell will be
	set on the port. (UID-401)
Warning: Design rule attributes from the driving cell will be
	set on the port. (UID-401)
Warning: Design rule attributes from the driving cell will be
	set on the port. (UID-401)
Warning: Design rule attributes from the driving cell will be
	set on the port. (UID-401)
Warning: Design rule attributes from the driving cell will be
	set on the port. (UID-401)
Warning: Design rule attributes from the driving cell will be
	set on the port. (UID-401)
Warning: Design rule attributes from the driving cell will be
	set on the port. (UID-401)
Warning: Design rule attributes from the driving cell will be
	set on the port. (UID-401)
Warning: Design rule attributes from the driving cell will be
	set on the port. (UID-401)
Warning: Design rule attributes from the driving cell will be
	set on the port. (UID-401)
Warning: Design rule attributes from the driving cell will be
	set on the port. (UID-401)
Warning: Design rule attributes from the driving cell will be
	set on the port. (UID-401)
Warning: Design rule attributes from the driving cell will be
	set on the port. (UID-401)
Warning: Design rule attributes from the driving cell will be
	set on the port. (UID-401)
Warning: Design rule attributes from the driving cell will be
	set on the port. (UID-401)
Warning: Design rule attributes from the driving cell will be
	set on the port. (UID-401)
Warning: Design rule attributes from the driving cell will be
	set on the port. (UID-401)
Warning: Design rule attributes from the driving cell will be
	set on the port. (UID-401)
Warning: Design rule attributes from the driving cell will be
	set on the port. (UID-401)
Warning: Design rule attributes from the driving cell will be
	set on the port. (UID-401)
Warning: Design rule attributes from the driving cell will be
	set on the port. (UID-401)
Warning: Design rule attributes from the driving cell will be
	set on the port. (UID-401)
Warning: Design rule attributes from the driving cell will be
	set on the port. (UID-401)
Warning: Design rule attributes from the driving cell will be
	set on the port. (UID-401)
Warning: Design rule attributes from the driving cell will be
	set on the port. (UID-401)
Warning: Design rule attributes from the driving cell will be
	set on the port. (UID-401)
Warning: Design rule attributes from the driving cell will be
	set on the port. (UID-401)
Warning: Design rule attributes from the driving cell will be
	set on the port. (UID-401)
Warning: Design rule attributes from the driving cell will be
	set on the port. (UID-401)
Warning: Design rule attributes from the driving cell will be
	set on the port. (UID-401)
Warning: Design rule attributes from the driving cell will be
	set on the port. (UID-401)
Warning: Design rule attributes from the driving cell will be
	set on the port. (UID-401)
Warning: Design rule attributes from the driving cell will be
	set on the port. (UID-401)
Warning: Design rule attributes from the driving cell will be
	set on the port. (UID-401)
Warning: Design rule attributes from the driving cell will be
	set on the port. (UID-401)
Warning: Design rule attributes from the driving cell will be
	set on the port. (UID-401)
Warning: Design rule attributes from the driving cell will be
	set on the port. (UID-401)
Warning: Design rule attributes from the driving cell will be
	set on the port. (UID-401)
Warning: Design rule attributes from the driving cell will be
	set on the port. (UID-401)
Warning: Design rule attributes from the driving cell will be
	set on the port. (UID-401)
Warning: Design rule attributes from the driving cell will be
	set on the port. (UID-401)
Warning: Design rule attributes from the driving cell will be
	set on the port. (UID-401)
Warning: Design rule attributes from the driving cell will be
	set on the port. (UID-401)
Warning: Design rule attributes from the driving cell will be
	set on the port. (UID-401)
Warning: Design rule attributes from the driving cell will be
	set on the port. (UID-401)
Warning: Design rule attributes from the driving cell will be
	set on the port. (UID-401)
Warning: Design rule attributes from the driving cell will be
	set on the port. (UID-401)
Warning: Design rule attributes from the driving cell will be
	set on the port. (UID-401)
Warning: Design rule attributes from the driving cell will be
	set on the port. (UID-401)
Warning: Design rule attributes from the driving cell will be
	set on the port. (UID-401)
Warning: Design rule attributes from the driving cell will be
	set on the port. (UID-401)
Warning: Design rule attributes from the driving cell will be
	set on the port. (UID-401)
Warning: Design rule attributes from the driving cell will be
	set on the port. (UID-401)
Warning: Design rule attributes from the driving cell will be
	set on the port. (UID-401)
Warning: Design rule attributes from the driving cell will be
	set on the port. (UID-401)
Warning: Design rule attributes from the driving cell will be
	set on the port. (UID-401)
Warning: Design rule attributes from the driving cell will be
	set on the port. (UID-401)
Warning: Design rule attributes from the driving cell will be
	set on the port. (UID-401)
Warning: Design rule attributes from the driving cell will be
	set on the port. (UID-401)
Warning: Design rule attributes from the driving cell will be
	set on the port. (UID-401)
Warning: Design rule attributes from the driving cell will be
	set on the port. (UID-401)
Warning: Design rule attributes from the driving cell will be
	set on the port. (UID-401)
Warning: Design rule attributes from the driving cell will be
	set on the port. (UID-401)
Warning: Design rule attributes from the driving cell will be
	set on the port. (UID-401)
Warning: Design rule attributes from the driving cell will be
	set on the port. (UID-401)
Warning: Design rule attributes from the driving cell will be
	set on the port. (UID-401)
Warning: Design rule attributes from the driving cell will be
	set on the port. (UID-401)
Warning: Design rule attributes from the driving cell will be
	set on the port. (UID-401)
Warning: Design rule attributes from the driving cell will be
	set on the port. (UID-401)
Warning: Design rule attributes from the driving cell will be
	set on the port. (UID-401)
Warning: Design rule attributes from the driving cell will be
	set on the port. (UID-401)
Warning: Design rule attributes from the driving cell will be
	set on the port. (UID-401)
Warning: Design rule attributes from the driving cell will be
	set on the port. (UID-401)
Warning: Design rule attributes from the driving cell will be
	set on the port. (UID-401)
Warning: Design rule attributes from the driving cell will be
	set on the port. (UID-401)
Warning: Design rule attributes from the driving cell will be
	set on the port. (UID-401)
Warning: Design rule attributes from the driving cell will be
	set on the port. (UID-401)
Warning: Design rule attributes from the driving cell will be
	set on the port. (UID-401)
Warning: Design rule attributes from the driving cell will be
	set on the port. (UID-401)
Warning: Design rule attributes from the driving cell will be
	set on the port. (UID-401)
Warning: Design rule attributes from the driving cell will be
	set on the port. (UID-401)
Warning: Design rule attributes from the driving cell will be
	set on the port. (UID-401)
Warning: Design rule attributes from the driving cell will be
	set on the port. (UID-401)
Warning: Design rule attributes from the driving cell will be
	set on the port. (UID-401)
Warning: Design rule attributes from the driving cell will be
	set on the port. (UID-401)
Warning: Design rule attributes from the driving cell will be
	set on the port. (UID-401)
Warning: Design rule attributes from the driving cell will be
	set on the port. (UID-401)
Warning: Design rule attributes from the driving cell will be
	set on the port. (UID-401)
Warning: Design rule attributes from the driving cell will be
	set on the port. (UID-401)
Warning: Design rule attributes from the driving cell will be
	set on the port. (UID-401)
Warning: Design rule attributes from the driving cell will be
	set on the port. (UID-401)
Warning: Design rule attributes from the driving cell will be
	set on the port. (UID-401)
Warning: Design rule attributes from the driving cell will be
	set on the port. (UID-401)
Warning: Design rule attributes from the driving cell will be
	set on the port. (UID-401)
Warning: Design rule attributes from the driving cell will be
	set on the port. (UID-401)
Warning: Design rule attributes from the driving cell will be
	set on the port. (UID-401)
Warning: Design rule attributes from the driving cell will be
	set on the port. (UID-401)
Warning: Design rule attributes from the driving cell will be
	set on the port. (UID-401)
Warning: Design rule attributes from the driving cell will be
	set on the port. (UID-401)
Warning: Design rule attributes from the driving cell will be
	set on the port. (UID-401)
Warning: Design rule attributes from the driving cell will be
	set on the port. (UID-401)
Warning: Design rule attributes from the driving cell will be
	set on the port. (UID-401)
Warning: Design rule attributes from the driving cell will be
	set on the port. (UID-401)
Warning: Design rule attributes from the driving cell will be
	set on the port. (UID-401)
Warning: Design rule attributes from the driving cell will be
	set on the port. (UID-401)
Warning: Design rule attributes from the driving cell will be
	set on the port. (UID-401)
Warning: Design rule attributes from the driving cell will be
	set on the port. (UID-401)
Warning: Design rule attributes from the driving cell will be
	set on the port. (UID-401)
Warning: Design rule attributes from the driving cell will be
	set on the port. (UID-401)
Warning: Design rule attributes from the driving cell will be
	set on the port. (UID-401)
Warning: Design rule attributes from the driving cell will be
	set on the port. (UID-401)
Warning: Design rule attributes from the driving cell will be
	set on the port. (UID-401)
Warning: Design rule attributes from the driving cell will be
	set on the port. (UID-401)
Warning: Design rule attributes from the driving cell will be
	set on the port. (UID-401)
Warning: Design rule attributes from the driving cell will be
	set on the port. (UID-401)
Warning: Design rule attributes from the driving cell will be
	set on the port. (UID-401)
Warning: Design rule attributes from the driving cell will be
	set on the port. (UID-401)
Warning: Design rule attributes from the driving cell will be
	set on the port. (UID-401)
Warning: Design rule attributes from the driving cell will be
	set on the port. (UID-401)
Warning: Design rule attributes from the driving cell will be
	set on the port. (UID-401)
Warning: Design rule attributes from the driving cell will be
	set on the port. (UID-401)
Warning: Design rule attributes from the driving cell will be
	set on the port. (UID-401)
Warning: Design rule attributes from the driving cell will be
	set on the port. (UID-401)
Warning: Design rule attributes from the driving cell will be
	set on the port. (UID-401)
Warning: Design rule attributes from the driving cell will be
	set on the port. (UID-401)
Warning: Design rule attributes from the driving cell will be
	set on the port. (UID-401)
Warning: Design rule attributes from the driving cell will be
	set on the port. (UID-401)
Warning: Design rule attributes from the driving cell will be
	set on the port. (UID-401)
Warning: Design rule attributes from the driving cell will be
	set on the port. (UID-401)
Warning: Design rule attributes from the driving cell will be
	set on the port. (UID-401)
Warning: Design rule attributes from the driving cell will be
	set on the port. (UID-401)
Warning: Design rule attributes from the driving cell will be
	set on the port. (UID-401)
Warning: Design rule attributes from the driving cell will be
	set on the port. (UID-401)
Warning: Design rule attributes from the driving cell will be
	set on the port. (UID-401)
Warning: Design rule attributes from the driving cell will be
	set on the port. (UID-401)
Warning: Design rule attributes from the driving cell will be
	set on the port. (UID-401)
Warning: Design rule attributes from the driving cell will be
	set on the port. (UID-401)
Warning: Design rule attributes from the driving cell will be
	set on the port. (UID-401)
Warning: Design rule attributes from the driving cell will be
	set on the port. (UID-401)
Warning: Design rule attributes from the driving cell will be
	set on the port. (UID-401)
Warning: Design rule attributes from the driving cell will be
	set on the port. (UID-401)
Warning: Design rule attributes from the driving cell will be
	set on the port. (UID-401)
Warning: Design rule attributes from the driving cell will be
	set on the port. (UID-401)
Warning: Design rule attributes from the driving cell will be
	set on the port. (UID-401)
Warning: Design rule attributes from the driving cell will be
	set on the port. (UID-401)
Warning: Design rule attributes from the driving cell will be
	set on the port. (UID-401)
Warning: Design rule attributes from the driving cell will be
	set on the port. (UID-401)
Warning: Design rule attributes from the driving cell will be
	set on the port. (UID-401)
Warning: Design rule attributes from the driving cell will be
	set on the port. (UID-401)
Warning: Design rule attributes from the driving cell will be
	set on the port. (UID-401)
Warning: Design rule attributes from the driving cell will be
	set on the port. (UID-401)
Warning: Design rule attributes from the driving cell will be
	set on the port. (UID-401)
Warning: Design rule attributes from the driving cell will be
	set on the port. (UID-401)
Warning: Design rule attributes from the driving cell will be
	set on the port. (UID-401)
Warning: Design rule attributes from the driving cell will be
	set on the port. (UID-401)
Warning: Design rule attributes from the driving cell will be
	set on the port. (UID-401)
Warning: Design rule attributes from the driving cell will be
	set on the port. (UID-401)
Warning: Design rule attributes from the driving cell will be
	set on the port. (UID-401)
Warning: Design rule attributes from the driving cell will be
	set on the port. (UID-401)
Warning: Design rule attributes from the driving cell will be
	set on the port. (UID-401)
Warning: Design rule attributes from the driving cell will be
	set on the port. (UID-401)
Warning: Design rule attributes from the driving cell will be
	set on the port. (UID-401)
Warning: Design rule attributes from the driving cell will be
	set on the port. (UID-401)
Warning: Design rule attributes from the driving cell will be
	set on the port. (UID-401)
Warning: Design rule attributes from the driving cell will be
	set on the port. (UID-401)
Warning: Design rule attributes from the driving cell will be
	set on the port. (UID-401)
Warning: Design rule attributes from the driving cell will be
	set on the port. (UID-401)
Warning: Design rule attributes from the driving cell will be
	set on the port. (UID-401)
Warning: Design rule attributes from the driving cell will be
	set on the port. (UID-401)
Warning: Design rule attributes from the driving cell will be
	set on the port. (UID-401)
Warning: Design rule attributes from the driving cell will be
	set on the port. (UID-401)
Warning: Design rule attributes from the driving cell will be
	set on the port. (UID-401)
Warning: Design rule attributes from the driving cell will be
	set on the port. (UID-401)
Warning: Design rule attributes from the driving cell will be
	set on the port. (UID-401)
Warning: Design rule attributes from the driving cell will be
	set on the port. (UID-401)
Warning: Design rule attributes from the driving cell will be
	set on the port. (UID-401)
Warning: Design rule attributes from the driving cell will be
	set on the port. (UID-401)
Warning: Design rule attributes from the driving cell will be
	set on the port. (UID-401)
Warning: Design rule attributes from the driving cell will be
	set on the port. (UID-401)
Warning: Design rule attributes from the driving cell will be
	set on the port. (UID-401)
Warning: Design rule attributes from the driving cell will be
	set on the port. (UID-401)
Warning: Design rule attributes from the driving cell will be
	set on the port. (UID-401)
Warning: Design rule attributes from the driving cell will be
	set on the port. (UID-401)
Warning: Design rule attributes from the driving cell will be
	set on the port. (UID-401)
Warning: Design rule attributes from the driving cell will be
	set on the port. (UID-401)
Warning: Design rule attributes from the driving cell will be
	set on the port. (UID-401)
Warning: Design rule attributes from the driving cell will be
	set on the port. (UID-401)
Warning: Design rule attributes from the driving cell will be
	set on the port. (UID-401)
Warning: Design rule attributes from the driving cell will be
	set on the port. (UID-401)
Warning: Design rule attributes from the driving cell will be
	set on the port. (UID-401)
Warning: Design rule attributes from the driving cell will be
	set on the port. (UID-401)
Warning: Design rule attributes from the driving cell will be
	set on the port. (UID-401)
Warning: Design rule attributes from the driving cell will be
	set on the port. (UID-401)
Warning: Design rule attributes from the driving cell will be
	set on the port. (UID-401)
Warning: Design rule attributes from the driving cell will be
	set on the port. (UID-401)
Warning: Design rule attributes from the driving cell will be
	set on the port. (UID-401)
Warning: Design rule attributes from the driving cell will be
	set on the port. (UID-401)
Warning: Design rule attributes from the driving cell will be
	set on the port. (UID-401)
Warning: Design rule attributes from the driving cell will be
	set on the port. (UID-401)
Warning: Design rule attributes from the driving cell will be
	set on the port. (UID-401)
Warning: Design rule attributes from the driving cell will be
	set on the port. (UID-401)
Warning: Design rule attributes from the driving cell will be
	set on the port. (UID-401)
Warning: Design rule attributes from the driving cell will be
	set on the port. (UID-401)
Warning: Design rule attributes from the driving cell will be
	set on the port. (UID-401)
Warning: Design rule attributes from the driving cell will be
	set on the port. (UID-401)
Warning: Design rule attributes from the driving cell will be
	set on the port. (UID-401)
Warning: Design rule attributes from the driving cell will be
	set on the port. (UID-401)
Warning: Design rule attributes from the driving cell will be
	set on the port. (UID-401)
Warning: Design rule attributes from the driving cell will be
	set on the port. (UID-401)
Warning: Design rule attributes from the driving cell will be
	set on the port. (UID-401)
Warning: Design rule attributes from the driving cell will be
	set on the port. (UID-401)
Warning: Design rule attributes from the driving cell will be
	set on the port. (UID-401)
Warning: Design rule attributes from the driving cell will be
	set on the port. (UID-401)
Warning: Design rule attributes from the driving cell will be
	set on the port. (UID-401)
Warning: Design rule attributes from the driving cell will be
	set on the port. (UID-401)
Warning: Design rule attributes from the driving cell will be
	set on the port. (UID-401)
Warning: Design rule attributes from the driving cell will be
	set on the port. (UID-401)
Warning: Design rule attributes from the driving cell will be
	set on the port. (UID-401)
Warning: Design rule attributes from the driving cell will be
	set on the port. (UID-401)
Warning: Design rule attributes from the driving cell will be
	set on the port. (UID-401)
Warning: Design rule attributes from the driving cell will be
	set on the port. (UID-401)
Warning: Design rule attributes from the driving cell will be
	set on the port. (UID-401)
Warning: Design rule attributes from the driving cell will be
	set on the port. (UID-401)
Warning: Design rule attributes from the driving cell will be
	set on the port. (UID-401)
Warning: Design rule attributes from the driving cell will be
	set on the port. (UID-401)
Warning: Design rule attributes from the driving cell will be
	set on the port. (UID-401)
Warning: Design rule attributes from the driving cell will be
	set on the port. (UID-401)
Warning: Design rule attributes from the driving cell will be
	set on the port. (UID-401)
Warning: Design rule attributes from the driving cell will be
	set on the port. (UID-401)
Warning: Design rule attributes from the driving cell will be
	set on the port. (UID-401)
Warning: Design rule attributes from the driving cell will be
	set on the port. (UID-401)
Warning: Design rule attributes from the driving cell will be
	set on the port. (UID-401)
Warning: Design rule attributes from the driving cell will be
	set on the port. (UID-401)
Warning: Design rule attributes from the driving cell will be
	set on the port. (UID-401)
Warning: Design rule attributes from the driving cell will be
	set on the port. (UID-401)
Warning: Design rule attributes from the driving cell will be
	set on the port. (UID-401)
Warning: Design rule attributes from the driving cell will be
	set on the port. (UID-401)
Warning: Design rule attributes from the driving cell will be
	set on the port. (UID-401)
Warning: Design rule attributes from the driving cell will be
	set on the port. (UID-401)
Warning: Design rule attributes from the driving cell will be
	set on the port. (UID-401)
Warning: Design rule attributes from the driving cell will be
	set on the port. (UID-401)
Warning: Design rule attributes from the driving cell will be
	set on the port. (UID-401)
Warning: Design rule attributes from the driving cell will be
	set on the port. (UID-401)
Warning: Design rule attributes from the driving cell will be
	set on the port. (UID-401)
Warning: Design rule attributes from the driving cell will be
	set on the port. (UID-401)
Warning: Design rule attributes from the driving cell will be
	set on the port. (UID-401)
Warning: Design rule attributes from the driving cell will be
	set on the port. (UID-401)
Warning: Design rule attributes from the driving cell will be
	set on the port. (UID-401)
Warning: Design rule attributes from the driving cell will be
	set on the port. (UID-401)
Warning: Design rule attributes from the driving cell will be
	set on the port. (UID-401)
Warning: Design rule attributes from the driving cell will be
	set on the port. (UID-401)
Warning: Design rule attributes from the driving cell will be
	set on the port. (UID-401)
Warning: Design rule attributes from the driving cell will be
	set on the port. (UID-401)
Warning: Design rule attributes from the driving cell will be
	set on the port. (UID-401)
Warning: Design rule attributes from the driving cell will be
	set on the port. (UID-401)
Warning: Design rule attributes from the driving cell will be
	set on the port. (UID-401)
Warning: Design rule attributes from the driving cell will be
	set on the port. (UID-401)
Warning: Design rule attributes from the driving cell will be
	set on the port. (UID-401)
Warning: Design rule attributes from the driving cell will be
	set on the port. (UID-401)
Warning: Design rule attributes from the driving cell will be
	set on the port. (UID-401)
Warning: Design rule attributes from the driving cell will be
	set on the port. (UID-401)
Warning: Design rule attributes from the driving cell will be
	set on the port. (UID-401)
Warning: Design rule attributes from the driving cell will be
	set on the port. (UID-401)
Warning: Design rule attributes from the driving cell will be
	set on the port. (UID-401)
Warning: Design rule attributes from the driving cell will be
	set on the port. (UID-401)
Warning: Design rule attributes from the driving cell will be
	set on the port. (UID-401)
Warning: Design rule attributes from the driving cell will be
	set on the port. (UID-401)
Warning: Design rule attributes from the driving cell will be
	set on the port. (UID-401)
Warning: Design rule attributes from the driving cell will be
	set on the port. (UID-401)
Warning: Design rule attributes from the driving cell will be
	set on the port. (UID-401)
Warning: Design rule attributes from the driving cell will be
	set on the port. (UID-401)
Warning: Design rule attributes from the driving cell will be
	set on the port. (UID-401)
Warning: Design rule attributes from the driving cell will be
	set on the port. (UID-401)
Warning: Design rule attributes from the driving cell will be
	set on the port. (UID-401)
Warning: Design rule attributes from the driving cell will be
	set on the port. (UID-401)
Warning: Design rule attributes from the driving cell will be
	set on the port. (UID-401)
Warning: Design rule attributes from the driving cell will be
	set on the port. (UID-401)
Warning: Design rule attributes from the driving cell will be
	set on the port. (UID-401)
Warning: Design rule attributes from the driving cell will be
	set on the port. (UID-401)
Warning: Design rule attributes from the driving cell will be
	set on the port. (UID-401)
Warning: Design rule attributes from the driving cell will be
	set on the port. (UID-401)
Warning: Design rule attributes from the driving cell will be
	set on the port. (UID-401)
Warning: Design rule attributes from the driving cell will be
	set on the port. (UID-401)
Warning: Design rule attributes from the driving cell will be
	set on the port. (UID-401)
Warning: Design rule attributes from the driving cell will be
	set on the port. (UID-401)
Warning: Design rule attributes from the driving cell will be
	set on the port. (UID-401)
Warning: Design rule attributes from the driving cell will be
	set on the port. (UID-401)
Warning: Design rule attributes from the driving cell will be
	set on the port. (UID-401)
Warning: Design rule attributes from the driving cell will be
	set on the port. (UID-401)
Warning: Design rule attributes from the driving cell will be
	set on the port. (UID-401)
Warning: Design rule attributes from the driving cell will be
	set on the port. (UID-401)
Warning: Design rule attributes from the driving cell will be
	set on the port. (UID-401)
Warning: Design rule attributes from the driving cell will be
	set on the port. (UID-401)
Warning: Design rule attributes from the driving cell will be
	set on the port. (UID-401)
Warning: Design rule attributes from the driving cell will be
	set on the port. (UID-401)
Warning: Design rule attributes from the driving cell will be
	set on the port. (UID-401)
Warning: Design rule attributes from the driving cell will be
	set on the port. (UID-401)
Warning: Design rule attributes from the driving cell will be
	set on the port. (UID-401)
Warning: Design rule attributes from the driving cell will be
	set on the port. (UID-401)
Warning: Design rule attributes from the driving cell will be
	set on the port. (UID-401)
Warning: Design rule attributes from the driving cell will be
	set on the port. (UID-401)
Warning: Design rule attributes from the driving cell will be
	set on the port. (UID-401)
Warning: Design rule attributes from the driving cell will be
	set on the port. (UID-401)
Warning: Design rule attributes from the driving cell will be
	set on the port. (UID-401)
Warning: Design rule attributes from the driving cell will be
	set on the port. (UID-401)
Warning: Design rule attributes from the driving cell will be
	set on the port. (UID-401)
Warning: Design rule attributes from the driving cell will be
	set on the port. (UID-401)
Warning: Design rule attributes from the driving cell will be
	set on the port. (UID-401)
Warning: Design rule attributes from the driving cell will be
	set on the port. (UID-401)
Warning: Design rule attributes from the driving cell will be
	set on the port. (UID-401)
Warning: Design rule attributes from the driving cell will be
	set on the port. (UID-401)
Warning: Design rule attributes from the driving cell will be
	set on the port. (UID-401)
Warning: Design rule attributes from the driving cell will be
	set on the port. (UID-401)
Warning: Design rule attributes from the driving cell will be
	set on the port. (UID-401)
Warning: Design rule attributes from the driving cell will be
	set on the port. (UID-401)
Warning: Design rule attributes from the driving cell will be
	set on the port. (UID-401)
Warning: Design rule attributes from the driving cell will be
	set on the port. (UID-401)
Warning: Design rule attributes from the driving cell will be
	set on the port. (UID-401)
Warning: Design rule attributes from the driving cell will be
	set on the port. (UID-401)
Warning: Design rule attributes from the driving cell will be
	set on the port. (UID-401)
Warning: Design rule attributes from the driving cell will be
	set on the port. (UID-401)
Warning: Design rule attributes from the driving cell will be
	set on the port. (UID-401)
Warning: Design rule attributes from the driving cell will be
	set on the port. (UID-401)
Warning: Design rule attributes from the driving cell will be
	set on the port. (UID-401)
Warning: Design rule attributes from the driving cell will be
	set on the port. (UID-401)
Warning: Design rule attributes from the driving cell will be
	set on the port. (UID-401)
Warning: Design rule attributes from the driving cell will be
	set on the port. (UID-401)
Warning: Design rule attributes from the driving cell will be
	set on the port. (UID-401)
Warning: Design rule attributes from the driving cell will be
	set on the port. (UID-401)
Warning: Design rule attributes from the driving cell will be
	set on the port. (UID-401)
Warning: Design rule attributes from the driving cell will be
	set on the port. (UID-401)
Warning: Design rule attributes from the driving cell will be
	set on the port. (UID-401)
Warning: Design rule attributes from the driving cell will be
	set on the port. (UID-401)
Warning: Design rule attributes from the driving cell will be
	set on the port. (UID-401)
Warning: Design rule attributes from the driving cell will be
	set on the port. (UID-401)
Warning: Design rule attributes from the driving cell will be
	set on the port. (UID-401)
Warning: Design rule attributes from the driving cell will be
	set on the port. (UID-401)
Warning: Design rule attributes from the driving cell will be
	set on the port. (UID-401)
Warning: Design rule attributes from the driving cell will be
	set on the port. (UID-401)
Warning: Design rule attributes from the driving cell will be
	set on the port. (UID-401)
Warning: Design rule attributes from the driving cell will be
	set on the port. (UID-401)
Warning: Design rule attributes from the driving cell will be
	set on the port. (UID-401)
Warning: Design rule attributes from the driving cell will be
	set on the port. (UID-401)
Warning: Design rule attributes from the driving cell will be
	set on the port. (UID-401)
Warning: Design rule attributes from the driving cell will be
	set on the port. (UID-401)
Warning: Design rule attributes from the driving cell will be
	set on the port. (UID-401)
Warning: Design rule attributes from the driving cell will be
	set on the port. (UID-401)
Warning: Design rule attributes from the driving cell will be
	set on the port. (UID-401)
Warning: Design rule attributes from the driving cell will be
	set on the port. (UID-401)
Warning: Design rule attributes from the driving cell will be
	set on the port. (UID-401)
Warning: Design rule attributes from the driving cell will be
	set on the port. (UID-401)
Warning: Design rule attributes from the driving cell will be
	set on the port. (UID-401)
Warning: Design rule attributes from the driving cell will be
	set on the port. (UID-401)
Warning: Design rule attributes from the driving cell will be
	set on the port. (UID-401)
Warning: Design rule attributes from the driving cell will be
	set on the port. (UID-401)
Warning: Design rule attributes from the driving cell will be
	set on the port. (UID-401)
Warning: Design rule attributes from the driving cell will be
	set on the port. (UID-401)
Warning: Design rule attributes from the driving cell will be
	set on the port. (UID-401)
Warning: Design rule attributes from the driving cell will be
	set on the port. (UID-401)
Warning: Design rule attributes from the driving cell will be
	set on the port. (UID-401)
Warning: Design rule attributes from the driving cell will be
	set on the port. (UID-401)
Warning: Design rule attributes from the driving cell will be
	set on the port. (UID-401)
Warning: Design rule attributes from the driving cell will be
	set on the port. (UID-401)
Warning: Design rule attributes from the driving cell will be
	set on the port. (UID-401)
Warning: Design rule attributes from the driving cell will be
	set on the port. (UID-401)
Warning: Design rule attributes from the driving cell will be
	set on the port. (UID-401)
Warning: Design rule attributes from the driving cell will be
	set on the port. (UID-401)
Warning: Design rule attributes from the driving cell will be
	set on the port. (UID-401)
Warning: Design rule attributes from the driving cell will be
	set on the port. (UID-401)
Warning: Design rule attributes from the driving cell will be
	set on the port. (UID-401)
Warning: Design rule attributes from the driving cell will be
	set on the port. (UID-401)
Warning: Design rule attributes from the driving cell will be
	set on the port. (UID-401)
Warning: Design rule attributes from the driving cell will be
	set on the port. (UID-401)
Warning: Design rule attributes from the driving cell will be
	set on the port. (UID-401)
Warning: Design rule attributes from the driving cell will be
	set on the port. (UID-401)
Warning: Design rule attributes from the driving cell will be
	set on the port. (UID-401)
Warning: Design rule attributes from the driving cell will be
	set on the port. (UID-401)
Warning: Design rule attributes from the driving cell will be
	set on the port. (UID-401)
Warning: Design rule attributes from the driving cell will be
	set on the port. (UID-401)
Warning: Design rule attributes from the driving cell will be
	set on the port. (UID-401)
Warning: Design rule attributes from the driving cell will be
	set on the port. (UID-401)
Warning: Design rule attributes from the driving cell will be
	set on the port. (UID-401)
Warning: Design rule attributes from the driving cell will be
	set on the port. (UID-401)
Warning: Design rule attributes from the driving cell will be
	set on the port. (UID-401)
Warning: Design rule attributes from the driving cell will be
	set on the port. (UID-401)
Warning: Design rule attributes from the driving cell will be
	set on the port. (UID-401)
Warning: Design rule attributes from the driving cell will be
	set on the port. (UID-401)
Warning: Design rule attributes from the driving cell will be
	set on the port. (UID-401)
Warning: Design rule attributes from the driving cell will be
	set on the port. (UID-401)
Warning: Design rule attributes from the driving cell will be
	set on the port. (UID-401)
Warning: Design rule attributes from the driving cell will be
	set on the port. (UID-401)
Warning: Design rule attributes from the driving cell will be
	set on the port. (UID-401)
Warning: Design rule attributes from the driving cell will be
	set on the port. (UID-401)
Warning: Design rule attributes from the driving cell will be
	set on the port. (UID-401)
Warning: Design rule attributes from the driving cell will be
	set on the port. (UID-401)
Warning: Design rule attributes from the driving cell will be
	set on the port. (UID-401)
Warning: Design rule attributes from the driving cell will be
	set on the port. (UID-401)
Warning: Design rule attributes from the driving cell will be
	set on the port. (UID-401)
Warning: Design rule attributes from the driving cell will be
	set on the port. (UID-401)
Warning: Design rule attributes from the driving cell will be
	set on the port. (UID-401)
Warning: Design rule attributes from the driving cell will be
	set on the port. (UID-401)
Warning: Design rule attributes from the driving cell will be
	set on the port. (UID-401)
Warning: Design rule attributes from the driving cell will be
	set on the port. (UID-401)
Warning: Design rule attributes from the driving cell will be
	set on the port. (UID-401)
Warning: Design rule attributes from the driving cell will be
	set on the port. (UID-401)
Warning: Design rule attributes from the driving cell will be
	set on the port. (UID-401)
Warning: Design rule attributes from the driving cell will be
	set on the port. (UID-401)
Warning: Design rule attributes from the driving cell will be
	set on the port. (UID-401)
Warning: Design rule attributes from the driving cell will be
	set on the port. (UID-401)
Warning: Design rule attributes from the driving cell will be
	set on the port. (UID-401)
Warning: Design rule attributes from the driving cell will be
	set on the port. (UID-401)
Warning: Design rule attributes from the driving cell will be
	set on the port. (UID-401)
Warning: Design rule attributes from the driving cell will be
	set on the port. (UID-401)
Warning: Design rule attributes from the driving cell will be
	set on the port. (UID-401)
Warning: Design rule attributes from the driving cell will be
	set on the port. (UID-401)
Warning: Design rule attributes from the driving cell will be
	set on the port. (UID-401)
Warning: Design rule attributes from the driving cell will be
	set on the port. (UID-401)
Warning: Design rule attributes from the driving cell will be
	set on the port. (UID-401)
Warning: Design rule attributes from the driving cell will be
	set on the port. (UID-401)
Warning: Design rule attributes from the driving cell will be
	set on the port. (UID-401)
Warning: Design rule attributes from the driving cell will be
	set on the port. (UID-401)
Warning: Design rule attributes from the driving cell will be
	set on the port. (UID-401)
Warning: Design rule attributes from the driving cell will be
	set on the port. (UID-401)
Warning: Design rule attributes from the driving cell will be
	set on the port. (UID-401)
Warning: Design rule attributes from the driving cell will be
	set on the port. (UID-401)
Warning: Design rule attributes from the driving cell will be
	set on the port. (UID-401)
Warning: Design rule attributes from the driving cell will be
	set on the port. (UID-401)
Warning: Design rule attributes from the driving cell will be
	set on the port. (UID-401)
Warning: Design rule attributes from the driving cell will be
	set on the port. (UID-401)
Warning: Design rule attributes from the driving cell will be
	set on the port. (UID-401)
Warning: Design rule attributes from the driving cell will be
	set on the port. (UID-401)
Warning: Design rule attributes from the driving cell will be
	set on the port. (UID-401)
Warning: Design rule attributes from the driving cell will be
	set on the port. (UID-401)
Warning: Design rule attributes from the driving cell will be
	set on the port. (UID-401)
Warning: Design rule attributes from the driving cell will be
	set on the port. (UID-401)
Warning: Design rule attributes from the driving cell will be
	set on the port. (UID-401)
Warning: Design rule attributes from the driving cell will be
	set on the port. (UID-401)
Warning: Design rule attributes from the driving cell will be
	set on the port. (UID-401)
Warning: Design rule attributes from the driving cell will be
	set on the port. (UID-401)
Warning: Design rule attributes from the driving cell will be
	set on the port. (UID-401)
Warning: Design rule attributes from the driving cell will be
	set on the port. (UID-401)
Warning: Design rule attributes from the driving cell will be
	set on the port. (UID-401)
Warning: Design rule attributes from the driving cell will be
	set on the port. (UID-401)
Warning: Design rule attributes from the driving cell will be
	set on the port. (UID-401)
Warning: Design rule attributes from the driving cell will be
	set on the port. (UID-401)
Warning: Design rule attributes from the driving cell will be
	set on the port. (UID-401)
Warning: Design rule attributes from the driving cell will be
	set on the port. (UID-401)
Warning: Design rule attributes from the driving cell will be
	set on the port. (UID-401)
Warning: Design rule attributes from the driving cell will be
	set on the port. (UID-401)
Warning: Design rule attributes from the driving cell will be
	set on the port. (UID-401)
Warning: Design rule attributes from the driving cell will be
	set on the port. (UID-401)
Warning: Design rule attributes from the driving cell will be
	set on the port. (UID-401)
Warning: Design rule attributes from the driving cell will be
	set on the port. (UID-401)
Warning: Design rule attributes from the driving cell will be
	set on the port. (UID-401)
Warning: Design rule attributes from the driving cell will be
	set on the port. (UID-401)
Warning: Design rule attributes from the driving cell will be
	set on the port. (UID-401)
Warning: Design rule attributes from the driving cell will be
	set on the port. (UID-401)
Warning: Design rule attributes from the driving cell will be
	set on the port. (UID-401)
Warning: Design rule attributes from the driving cell will be
	set on the port. (UID-401)
Warning: Design rule attributes from the driving cell will be
	set on the port. (UID-401)
Warning: Design rule attributes from the driving cell will be
	set on the port. (UID-401)
Warning: Design rule attributes from the driving cell will be
	set on the port. (UID-401)
Warning: Design rule attributes from the driving cell will be
	set on the port. (UID-401)
Warning: Design rule attributes from the driving cell will be
	set on the port. (UID-401)
Warning: Design rule attributes from the driving cell will be
	set on the port. (UID-401)
Warning: Design rule attributes from the driving cell will be
	set on the port. (UID-401)
Warning: Design rule attributes from the driving cell will be
	set on the port. (UID-401)
Warning: Design rule attributes from the driving cell will be
	set on the port. (UID-401)
Warning: Design rule attributes from the driving cell will be
	set on the port. (UID-401)
Warning: Design rule attributes from the driving cell will be
	set on the port. (UID-401)
Warning: Design rule attributes from the driving cell will be
	set on the port. (UID-401)
Warning: Design rule attributes from the driving cell will be
	set on the port. (UID-401)
Warning: Design rule attributes from the driving cell will be
	set on the port. (UID-401)
Warning: Design rule attributes from the driving cell will be
	set on the port. (UID-401)
Warning: Design rule attributes from the driving cell will be
	set on the port. (UID-401)
Warning: Design rule attributes from the driving cell will be
	set on the port. (UID-401)
Warning: Design rule attributes from the driving cell will be
	set on the port. (UID-401)
Warning: Design rule attributes from the driving cell will be
	set on the port. (UID-401)
Warning: Design rule attributes from the driving cell will be
	set on the port. (UID-401)
Warning: Design rule attributes from the driving cell will be
	set on the port. (UID-401)
Warning: Design rule attributes from the driving cell will be
	set on the port. (UID-401)
Warning: Design rule attributes from the driving cell will be
	set on the port. (UID-401)
Warning: Design rule attributes from the driving cell will be
	set on the port. (UID-401)
Warning: Design rule attributes from the driving cell will be
	set on the port. (UID-401)
Warning: Design rule attributes from the driving cell will be
	set on the port. (UID-401)
Warning: Design rule attributes from the driving cell will be
	set on the port. (UID-401)
Warning: Design rule attributes from the driving cell will be
	set on the port. (UID-401)
Warning: Design rule attributes from the driving cell will be
	set on the port. (UID-401)
Warning: Design rule attributes from the driving cell will be
	set on the port. (UID-401)
Warning: Design rule attributes from the driving cell will be
	set on the port. (UID-401)
Warning: Design rule attributes from the driving cell will be
	set on the port. (UID-401)
Warning: Design rule attributes from the driving cell will be
	set on the port. (UID-401)
Warning: Design rule attributes from the driving cell will be
	set on the port. (UID-401)
Warning: Design rule attributes from the driving cell will be
	set on the port. (UID-401)
Warning: Design rule attributes from the driving cell will be
	set on the port. (UID-401)
Warning: Design rule attributes from the driving cell will be
	set on the port. (UID-401)
Warning: Design rule attributes from the driving cell will be
	set on the port. (UID-401)
Warning: Design rule attributes from the driving cell will be
	set on the port. (UID-401)
Warning: Design rule attributes from the driving cell will be
	set on the port. (UID-401)
Warning: Design rule attributes from the driving cell will be
	set on the port. (UID-401)
Warning: Design rule attributes from the driving cell will be
	set on the port. (UID-401)
Warning: Design rule attributes from the driving cell will be
	set on the port. (UID-401)
Warning: Design rule attributes from the driving cell will be
	set on the port. (UID-401)
Warning: Design rule attributes from the driving cell will be
	set on the port. (UID-401)
Warning: Design rule attributes from the driving cell will be
	set on the port. (UID-401)
Warning: Design rule attributes from the driving cell will be
	set on the port. (UID-401)
Warning: Design rule attributes from the driving cell will be
	set on the port. (UID-401)
Warning: Design rule attributes from the driving cell will be
	set on the port. (UID-401)
Warning: Design rule attributes from the driving cell will be
	set on the port. (UID-401)
Warning: Design rule attributes from the driving cell will be
	set on the port. (UID-401)
Warning: Design rule attributes from the driving cell will be
	set on the port. (UID-401)
Warning: Design rule attributes from the driving cell will be
	set on the port. (UID-401)
Warning: Design rule attributes from the driving cell will be
	set on the port. (UID-401)
Warning: Design rule attributes from the driving cell will be
	set on the port. (UID-401)
Warning: Design rule attributes from the driving cell will be
	set on the port. (UID-401)
Warning: Design rule attributes from the driving cell will be
	set on the port. (UID-401)
Warning: Design rule attributes from the driving cell will be
	set on the port. (UID-401)
Warning: Design rule attributes from the driving cell will be
	set on the port. (UID-401)
Warning: Design rule attributes from the driving cell will be
	set on the port. (UID-401)
Warning: Design rule attributes from the driving cell will be
	set on the port. (UID-401)
Warning: Design rule attributes from the driving cell will be
	set on the port. (UID-401)
Warning: Design rule attributes from the driving cell will be
	set on the port. (UID-401)
Warning: Design rule attributes from the driving cell will be
	set on the port. (UID-401)
Warning: Design rule attributes from the driving cell will be
	set on the port. (UID-401)
Warning: Design rule attributes from the driving cell will be
	set on the port. (UID-401)
Warning: Design rule attributes from the driving cell will be
	set on the port. (UID-401)
Warning: Design rule attributes from the driving cell will be
	set on the port. (UID-401)
Warning: Design rule attributes from the driving cell will be
	set on the port. (UID-401)
Warning: Design rule attributes from the driving cell will be
	set on the port. (UID-401)
Warning: Design rule attributes from the driving cell will be
	set on the port. (UID-401)
Warning: Design rule attributes from the driving cell will be
	set on the port. (UID-401)
Warning: Design rule attributes from the driving cell will be
	set on the port. (UID-401)
Warning: Design rule attributes from the driving cell will be
	set on the port. (UID-401)
Warning: Design rule attributes from the driving cell will be
	set on the port. (UID-401)
Warning: Design rule attributes from the driving cell will be
	set on the port. (UID-401)
Warning: Design rule attributes from the driving cell will be
	set on the port. (UID-401)
Warning: Design rule attributes from the driving cell will be
	set on the port. (UID-401)
Warning: Design rule attributes from the driving cell will be
	set on the port. (UID-401)
Warning: Design rule attributes from the driving cell will be
	set on the port. (UID-401)
Warning: Design rule attributes from the driving cell will be
	set on the port. (UID-401)
Warning: Design rule attributes from the driving cell will be
	set on the port. (UID-401)
Warning: Design rule attributes from the driving cell will be
	set on the port. (UID-401)
Warning: Design rule attributes from the driving cell will be
	set on the port. (UID-401)
Warning: Design rule attributes from the driving cell will be
	set on the port. (UID-401)
Warning: Design rule attributes from the driving cell will be
	set on the port. (UID-401)
Warning: Design rule attributes from the driving cell will be
	set on the port. (UID-401)
Warning: Design rule attributes from the driving cell will be
	set on the port. (UID-401)
Warning: Design rule attributes from the driving cell will be
	set on the port. (UID-401)
Warning: Design rule attributes from the driving cell will be
	set on the port. (UID-401)
Warning: Design rule attributes from the driving cell will be
	set on the port. (UID-401)
Warning: Design rule attributes from the driving cell will be
	set on the port. (UID-401)
Warning: Design rule attributes from the driving cell will be
	set on the port. (UID-401)
Warning: Design rule attributes from the driving cell will be
	set on the port. (UID-401)
Warning: Design rule attributes from the driving cell will be
	set on the port. (UID-401)
Warning: Design rule attributes from the driving cell will be
	set on the port. (UID-401)
Warning: Design rule attributes from the driving cell will be
	set on the port. (UID-401)
Warning: Design rule attributes from the driving cell will be
	set on the port. (UID-401)
Warning: Design rule attributes from the driving cell will be
	set on the port. (UID-401)
Warning: Design rule attributes from the driving cell will be
	set on the port. (UID-401)
Warning: Design rule attributes from the driving cell will be
	set on the port. (UID-401)
Warning: Design rule attributes from the driving cell will be
	set on the port. (UID-401)
Warning: Design rule attributes from the driving cell will be
	set on the port. (UID-401)
Warning: Design rule attributes from the driving cell will be
	set on the port. (UID-401)
Warning: Design rule attributes from the driving cell will be
	set on the port. (UID-401)
Warning: Design rule attributes from the driving cell will be
	set on the port. (UID-401)
Warning: Design rule attributes from the driving cell will be
	set on the port. (UID-401)
Warning: Design rule attributes from the driving cell will be
	set on the port. (UID-401)
Warning: Design rule attributes from the driving cell will be
	set on the port. (UID-401)
Warning: Design rule attributes from the driving cell will be
	set on the port. (UID-401)
Warning: Design rule attributes from the driving cell will be
	set on the port. (UID-401)
Warning: Design rule attributes from the driving cell will be
	set on the port. (UID-401)
Warning: Design rule attributes from the driving cell will be
	set on the port. (UID-401)
Warning: Design rule attributes from the driving cell will be
	set on the port. (UID-401)
Warning: Design rule attributes from the driving cell will be
	set on the port. (UID-401)
Warning: Design rule attributes from the driving cell will be
	set on the port. (UID-401)
Warning: Design rule attributes from the driving cell will be
	set on the port. (UID-401)
Warning: Design rule attributes from the driving cell will be
	set on the port. (UID-401)
Warning: Design rule attributes from the driving cell will be
	set on the port. (UID-401)
Warning: Design rule attributes from the driving cell will be
	set on the port. (UID-401)
Warning: Design rule attributes from the driving cell will be
	set on the port. (UID-401)
Warning: Design rule attributes from the driving cell will be
	set on the port. (UID-401)
Warning: Design rule attributes from the driving cell will be
	set on the port. (UID-401)
Warning: Design rule attributes from the driving cell will be
	set on the port. (UID-401)
Warning: Design rule attributes from the driving cell will be
	set on the port. (UID-401)
Warning: Design rule attributes from the driving cell will be
	set on the port. (UID-401)
Warning: Design rule attributes from the driving cell will be
	set on the port. (UID-401)
Warning: Design rule attributes from the driving cell will be
	set on the port. (UID-401)
Warning: Design rule attributes from the driving cell will be
	set on the port. (UID-401)
Warning: Design rule attributes from the driving cell will be
	set on the port. (UID-401)
Warning: Design rule attributes from the driving cell will be
	set on the port. (UID-401)
Warning: Design rule attributes from the driving cell will be
	set on the port. (UID-401)
Warning: Design rule attributes from the driving cell will be
	set on the port. (UID-401)
Warning: Design rule attributes from the driving cell will be
	set on the port. (UID-401)
Warning: Design rule attributes from the driving cell will be
	set on the port. (UID-401)
Warning: Design rule attributes from the driving cell will be
	set on the port. (UID-401)
Warning: Design rule attributes from the driving cell will be
	set on the port. (UID-401)
Warning: Design rule attributes from the driving cell will be
	set on the port. (UID-401)
Warning: Design rule attributes from the driving cell will be
	set on the port. (UID-401)
Warning: Design rule attributes from the driving cell will be
	set on the port. (UID-401)
Warning: Design rule attributes from the driving cell will be
	set on the port. (UID-401)
Warning: Design rule attributes from the driving cell will be
	set on the port. (UID-401)
Warning: Design rule attributes from the driving cell will be
	set on the port. (UID-401)
Warning: Design rule attributes from the driving cell will be
	set on the port. (UID-401)
Warning: Design rule attributes from the driving cell will be
	set on the port. (UID-401)
Warning: Design rule attributes from the driving cell will be
	set on the port. (UID-401)
Warning: Design rule attributes from the driving cell will be
	set on the port. (UID-401)
Warning: Design rule attributes from the driving cell will be
	set on the port. (UID-401)
Warning: Design rule attributes from the driving cell will be
	set on the port. (UID-401)
Warning: Design rule attributes from the driving cell will be
	set on the port. (UID-401)
Warning: Design rule attributes from the driving cell will be
	set on the port. (UID-401)
Warning: Design rule attributes from the driving cell will be
	set on the port. (UID-401)
Warning: Design rule attributes from the driving cell will be
	set on the port. (UID-401)
Warning: Design rule attributes from the driving cell will be
	set on the port. (UID-401)
Warning: Design rule attributes from the driving cell will be
	set on the port. (UID-401)
Warning: Design rule attributes from the driving cell will be
	set on the port. (UID-401)
Warning: Design rule attributes from the driving cell will be
	set on the port. (UID-401)
Warning: Design rule attributes from the driving cell will be
	set on the port. (UID-401)
Warning: Design rule attributes from the driving cell will be
	set on the port. (UID-401)
Warning: Design rule attributes from the driving cell will be
	set on the port. (UID-401)
Warning: Design rule attributes from the driving cell will be
	set on the port. (UID-401)
Warning: Design rule attributes from the driving cell will be
	set on the port. (UID-401)
Warning: Design rule attributes from the driving cell will be
	set on the port. (UID-401)
Warning: Design rule attributes from the driving cell will be
	set on the port. (UID-401)
Warning: Design rule attributes from the driving cell will be
	set on the port. (UID-401)
Warning: Design rule attributes from the driving cell will be
	set on the port. (UID-401)
Warning: Design rule attributes from the driving cell will be
	set on the port. (UID-401)
Warning: Design rule attributes from the driving cell will be
	set on the port. (UID-401)
Warning: Design rule attributes from the driving cell will be
	set on the port. (UID-401)
Warning: Design rule attributes from the driving cell will be
	set on the port. (UID-401)
Warning: Design rule attributes from the driving cell will be
	set on the port. (UID-401)
Warning: Design rule attributes from the driving cell will be
	set on the port. (UID-401)
Warning: Design rule attributes from the driving cell will be
	set on the port. (UID-401)
Warning: Design rule attributes from the driving cell will be
	set on the port. (UID-401)
Warning: Design rule attributes from the driving cell will be
	set on the port. (UID-401)
Warning: Design rule attributes from the driving cell will be
	set on the port. (UID-401)
Warning: Design rule attributes from the driving cell will be
	set on the port. (UID-401)
Warning: Design rule attributes from the driving cell will be
	set on the port. (UID-401)
Warning: Design rule attributes from the driving cell will be
	set on the port. (UID-401)
Warning: Design rule attributes from the driving cell will be
	set on the port. (UID-401)
Warning: Design rule attributes from the driving cell will be
	set on the port. (UID-401)
Warning: Design rule attributes from the driving cell will be
	set on the port. (UID-401)
Warning: Design rule attributes from the driving cell will be
	set on the port. (UID-401)
Warning: Design rule attributes from the driving cell will be
	set on the port. (UID-401)
Warning: Design rule attributes from the driving cell will be
	set on the port. (UID-401)
Warning: Design rule attributes from the driving cell will be
	set on the port. (UID-401)
Warning: Design rule attributes from the driving cell will be
	set on the port. (UID-401)
Warning: Design rule attributes from the driving cell will be
	set on the port. (UID-401)
Warning: Design rule attributes from the driving cell will be
	set on the port. (UID-401)
Warning: Design rule attributes from the driving cell will be
	set on the port. (UID-401)
Warning: Design rule attributes from the driving cell will be
	set on the port. (UID-401)
Warning: Design rule attributes from the driving cell will be
	set on the port. (UID-401)
Warning: Design rule attributes from the driving cell will be
	set on the port. (UID-401)
Warning: Design rule attributes from the driving cell will be
	set on the port. (UID-401)
Warning: Design rule attributes from the driving cell will be
	set on the port. (UID-401)
Warning: Design rule attributes from the driving cell will be
	set on the port. (UID-401)
Warning: Design rule attributes from the driving cell will be
	set on the port. (UID-401)
Warning: Design rule attributes from the driving cell will be
	set on the port. (UID-401)
Warning: Design rule attributes from the driving cell will be
	set on the port. (UID-401)
Warning: Design rule attributes from the driving cell will be
	set on the port. (UID-401)
Warning: Design rule attributes from the driving cell will be
	set on the port. (UID-401)
Warning: Design rule attributes from the driving cell will be
	set on the port. (UID-401)
Warning: Design rule attributes from the driving cell will be
	set on the port. (UID-401)
Warning: Design rule attributes from the driving cell will be
	set on the port. (UID-401)
Warning: Design rule attributes from the driving cell will be
	set on the port. (UID-401)
Warning: Design rule attributes from the driving cell will be
	set on the port. (UID-401)
Warning: Design rule attributes from the driving cell will be
	set on the port. (UID-401)
Warning: Design rule attributes from the driving cell will be
	set on the port. (UID-401)
Warning: Design rule attributes from the driving cell will be
	set on the port. (UID-401)
Warning: Design rule attributes from the driving cell will be
	set on the port. (UID-401)
Warning: Design rule attributes from the driving cell will be
	set on the port. (UID-401)
Warning: Design rule attributes from the driving cell will be
	set on the port. (UID-401)
Warning: Design rule attributes from the driving cell will be
	set on the port. (UID-401)
Warning: Design rule attributes from the driving cell will be
	set on the port. (UID-401)
Warning: Design rule attributes from the driving cell will be
	set on the port. (UID-401)
Warning: Design rule attributes from the driving cell will be
	set on the port. (UID-401)
Warning: Design rule attributes from the driving cell will be
	set on the port. (UID-401)
Warning: Design rule attributes from the driving cell will be
	set on the port. (UID-401)
Warning: Design rule attributes from the driving cell will be
	set on the port. (UID-401)
Warning: Design rule attributes from the driving cell will be
	set on the port. (UID-401)
Warning: Design rule attributes from the driving cell will be
	set on the port. (UID-401)
Warning: Design rule attributes from the driving cell will be
	set on the port. (UID-401)
Warning: Design rule attributes from the driving cell will be
	set on the port. (UID-401)
Warning: Design rule attributes from the driving cell will be
	set on the port. (UID-401)
Warning: Design rule attributes from the driving cell will be
	set on the port. (UID-401)
Warning: Design rule attributes from the driving cell will be
	set on the port. (UID-401)
Warning: Design rule attributes from the driving cell will be
	set on the port. (UID-401)
Warning: Design rule attributes from the driving cell will be
	set on the port. (UID-401)
Warning: Design rule attributes from the driving cell will be
	set on the port. (UID-401)
Warning: Design rule attributes from the driving cell will be
	set on the port. (UID-401)
Warning: Design rule attributes from the driving cell will be
	set on the port. (UID-401)
Warning: Design rule attributes from the driving cell will be
	set on the port. (UID-401)
Warning: Design rule attributes from the driving cell will be
	set on the port. (UID-401)
Warning: Design rule attributes from the driving cell will be
	set on the port. (UID-401)
Warning: Design rule attributes from the driving cell will be
	set on the port. (UID-401)
Warning: Design rule attributes from the driving cell will be
	set on the port. (UID-401)
Warning: Design rule attributes from the driving cell will be
	set on the port. (UID-401)
Warning: Design rule attributes from the driving cell will be
	set on the port. (UID-401)
Warning: Design rule attributes from the driving cell will be
	set on the port. (UID-401)
Warning: Design rule attributes from the driving cell will be
	set on the port. (UID-401)
Warning: Design rule attributes from the driving cell will be
	set on the port. (UID-401)
Warning: Design rule attributes from the driving cell will be
	set on the port. (UID-401)
Warning: Design rule attributes from the driving cell will be
	set on the port. (UID-401)
Warning: Design rule attributes from the driving cell will be
	set on the port. (UID-401)
Warning: Design rule attributes from the driving cell will be
	set on the port. (UID-401)
Warning: Design rule attributes from the driving cell will be
	set on the port. (UID-401)
Warning: Design rule attributes from the driving cell will be
	set on the port. (UID-401)
Warning: Design rule attributes from the driving cell will be
	set on the port. (UID-401)
Warning: Design rule attributes from the driving cell will be
	set on the port. (UID-401)
Warning: Design rule attributes from the driving cell will be
	set on the port. (UID-401)
Warning: Design rule attributes from the driving cell will be
	set on the port. (UID-401)
Warning: Design rule attributes from the driving cell will be
	set on the port. (UID-401)
Warning: Design rule attributes from the driving cell will be
	set on the port. (UID-401)
Warning: Design rule attributes from the driving cell will be
	set on the port. (UID-401)
Warning: Design rule attributes from the driving cell will be
	set on the port. (UID-401)
Warning: Design rule attributes from the driving cell will be
	set on the port. (UID-401)
Warning: Design rule attributes from the driving cell will be
	set on the port. (UID-401)
Warning: Design rule attributes from the driving cell will be
	set on the port. (UID-401)
Warning: Design rule attributes from the driving cell will be
	set on the port. (UID-401)
Warning: Design rule attributes from the driving cell will be
	set on the port. (UID-401)
Warning: Design rule attributes from the driving cell will be
	set on the port. (UID-401)
Warning: Design rule attributes from the driving cell will be
	set on the port. (UID-401)
Warning: Design rule attributes from the driving cell will be
	set on the port. (UID-401)
Warning: Design rule attributes from the driving cell will be
	set on the port. (UID-401)
Warning: Design rule attributes from the driving cell will be
	set on the port. (UID-401)
Warning: Design rule attributes from the driving cell will be
	set on the port. (UID-401)
Warning: Design rule attributes from the driving cell will be
	set on the port. (UID-401)
Warning: Design rule attributes from the driving cell will be
	set on the port. (UID-401)
Warning: Design rule attributes from the driving cell will be
	set on the port. (UID-401)
Warning: Design rule attributes from the driving cell will be
	set on the port. (UID-401)
Warning: Design rule attributes from the driving cell will be
	set on the port. (UID-401)
Warning: Design rule attributes from the driving cell will be
	set on the port. (UID-401)
Warning: Design rule attributes from the driving cell will be
	set on the port. (UID-401)
Warning: Design rule attributes from the driving cell will be
	set on the port. (UID-401)
Warning: Design rule attributes from the driving cell will be
	set on the port. (UID-401)
Warning: Design rule attributes from the driving cell will be
	set on the port. (UID-401)
Warning: Design rule attributes from the driving cell will be
	set on the port. (UID-401)
Warning: Design rule attributes from the driving cell will be
	set on the port. (UID-401)
Warning: Design rule attributes from the driving cell will be
	set on the port. (UID-401)
Warning: Design rule attributes from the driving cell will be
	set on the port. (UID-401)
Warning: Design rule attributes from the driving cell will be
	set on the port. (UID-401)
Warning: Design rule attributes from the driving cell will be
	set on the port. (UID-401)
Warning: Design rule attributes from the driving cell will be
	set on the port. (UID-401)
Warning: Design rule attributes from the driving cell will be
	set on the port. (UID-401)
Warning: Design rule attributes from the driving cell will be
	set on the port. (UID-401)
Warning: Design rule attributes from the driving cell will be
	set on the port. (UID-401)
Warning: Design rule attributes from the driving cell will be
	set on the port. (UID-401)
Warning: Design rule attributes from the driving cell will be
	set on the port. (UID-401)
Warning: Design rule attributes from the driving cell will be
	set on the port. (UID-401)
Warning: Design rule attributes from the driving cell will be
	set on the port. (UID-401)
Warning: Design rule attributes from the driving cell will be
	set on the port. (UID-401)
Warning: Design rule attributes from the driving cell will be
	set on the port. (UID-401)
Warning: Design rule attributes from the driving cell will be
	set on the port. (UID-401)
Warning: Design rule attributes from the driving cell will be
	set on the port. (UID-401)
Warning: Design rule attributes from the driving cell will be
	set on the port. (UID-401)
Warning: Design rule attributes from the driving cell will be
	set on the port. (UID-401)
Warning: Design rule attributes from the driving cell will be
	set on the port. (UID-401)
Warning: Design rule attributes from the driving cell will be
	set on the port. (UID-401)
Warning: Design rule attributes from the driving cell will be
	set on the port. (UID-401)
Warning: Design rule attributes from the driving cell will be
	set on the port. (UID-401)
Warning: Design rule attributes from the driving cell will be
	set on the port. (UID-401)
Warning: Design rule attributes from the driving cell will be
	set on the port. (UID-401)
Warning: Design rule attributes from the driving cell will be
	set on the port. (UID-401)
Warning: Design rule attributes from the driving cell will be
	set on the port. (UID-401)
Warning: Design rule attributes from the driving cell will be
	set on the port. (UID-401)
Warning: Design rule attributes from the driving cell will be
	set on the port. (UID-401)
Warning: Design rule attributes from the driving cell will be
	set on the port. (UID-401)
Warning: Design rule attributes from the driving cell will be
	set on the port. (UID-401)
Warning: Design rule attributes from the driving cell will be
	set on the port. (UID-401)
Warning: Design rule attributes from the driving cell will be
	set on the port. (UID-401)
Warning: Design rule attributes from the driving cell will be
	set on the port. (UID-401)
Warning: Design rule attributes from the driving cell will be
	set on the port. (UID-401)
Warning: Design rule attributes from the driving cell will be
	set on the port. (UID-401)
Warning: Design rule attributes from the driving cell will be
	set on the port. (UID-401)
Warning: Design rule attributes from the driving cell will be
	set on the port. (UID-401)
Warning: Design rule attributes from the driving cell will be
	set on the port. (UID-401)
Warning: Design rule attributes from the driving cell will be
	set on the port. (UID-401)
Warning: Design rule attributes from the driving cell will be
	set on the port. (UID-401)
Warning: Design rule attributes from the driving cell will be
	set on the port. (UID-401)
Warning: Design rule attributes from the driving cell will be
	set on the port. (UID-401)
Warning: Design rule attributes from the driving cell will be
	set on the port. (UID-401)
Warning: Design rule attributes from the driving cell will be
	set on the port. (UID-401)
Warning: Design rule attributes from the driving cell will be
	set on the port. (UID-401)
Warning: Design rule attributes from the driving cell will be
	set on the port. (UID-401)
Warning: Design rule attributes from the driving cell will be
	set on the port. (UID-401)
Warning: Design rule attributes from the driving cell will be
	set on the port. (UID-401)
Warning: Design rule attributes from the driving cell will be
	set on the port. (UID-401)
Warning: Design rule attributes from the driving cell will be
	set on the port. (UID-401)
Warning: Design rule attributes from the driving cell will be
	set on the port. (UID-401)
Warning: Design rule attributes from the driving cell will be
	set on the port. (UID-401)
Warning: Design rule attributes from the driving cell will be
	set on the port. (UID-401)
Warning: Design rule attributes from the driving cell will be
	set on the port. (UID-401)
Warning: Design rule attributes from the driving cell will be
	set on the port. (UID-401)
Warning: Design rule attributes from the driving cell will be
	set on the port. (UID-401)
Warning: Design rule attributes from the driving cell will be
	set on the port. (UID-401)
Warning: Design rule attributes from the driving cell will be
	set on the port. (UID-401)
Warning: Design rule attributes from the driving cell will be
	set on the port. (UID-401)
Warning: Design rule attributes from the driving cell will be
	set on the port. (UID-401)
Warning: Design rule attributes from the driving cell will be
	set on the port. (UID-401)
Warning: Design rule attributes from the driving cell will be
	set on the port. (UID-401)
Warning: Design rule attributes from the driving cell will be
	set on the port. (UID-401)
Warning: Design rule attributes from the driving cell will be
	set on the port. (UID-401)
Warning: Design rule attributes from the driving cell will be
	set on the port. (UID-401)
Warning: Design rule attributes from the driving cell will be
	set on the port. (UID-401)
Warning: Design rule attributes from the driving cell will be
	set on the port. (UID-401)
Warning: Design rule attributes from the driving cell will be
	set on the port. (UID-401)
Warning: Design rule attributes from the driving cell will be
	set on the port. (UID-401)
Warning: Design rule attributes from the driving cell will be
	set on the port. (UID-401)
Warning: Design rule attributes from the driving cell will be
	set on the port. (UID-401)
Warning: Design rule attributes from the driving cell will be
	set on the port. (UID-401)
Warning: Design rule attributes from the driving cell will be
	set on the port. (UID-401)
Warning: Design rule attributes from the driving cell will be
	set on the port. (UID-401)
Warning: Design rule attributes from the driving cell will be
	set on the port. (UID-401)
Warning: Design rule attributes from the driving cell will be
	set on the port. (UID-401)
Warning: Design rule attributes from the driving cell will be
	set on the port. (UID-401)
Warning: Design rule attributes from the driving cell will be
	set on the port. (UID-401)
Warning: Design rule attributes from the driving cell will be
	set on the port. (UID-401)
Warning: Design rule attributes from the driving cell will be
	set on the port. (UID-401)
Warning: Design rule attributes from the driving cell will be
	set on the port. (UID-401)
Warning: Design rule attributes from the driving cell will be
	set on the port. (UID-401)
Warning: Design rule attributes from the driving cell will be
	set on the port. (UID-401)
Warning: Design rule attributes from the driving cell will be
	set on the port. (UID-401)
Warning: Design rule attributes from the driving cell will be
	set on the port. (UID-401)
Warning: Design rule attributes from the driving cell will be
	set on the port. (UID-401)
Warning: Design rule attributes from the driving cell will be
	set on the port. (UID-401)
Warning: Design rule attributes from the driving cell will be
	set on the port. (UID-401)
Warning: Design rule attributes from the driving cell will be
	set on the port. (UID-401)
Warning: Design rule attributes from the driving cell will be
	set on the port. (UID-401)
Warning: Design rule attributes from the driving cell will be
	set on the port. (UID-401)
Warning: Design rule attributes from the driving cell will be
	set on the port. (UID-401)
Warning: Design rule attributes from the driving cell will be
	set on the port. (UID-401)
Warning: Design rule attributes from the driving cell will be
	set on the port. (UID-401)
Warning: Design rule attributes from the driving cell will be
	set on the port. (UID-401)
Warning: Design rule attributes from the driving cell will be
	set on the port. (UID-401)
Warning: Design rule attributes from the driving cell will be
	set on the port. (UID-401)
Warning: Design rule attributes from the driving cell will be
	set on the port. (UID-401)
Warning: Design rule attributes from the driving cell will be
	set on the port. (UID-401)
Warning: Design rule attributes from the driving cell will be
	set on the port. (UID-401)
Warning: Design rule attributes from the driving cell will be
	set on the port. (UID-401)
Warning: Design rule attributes from the driving cell will be
	set on the port. (UID-401)
Warning: Design rule attributes from the driving cell will be
	set on the port. (UID-401)
Warning: Design rule attributes from the driving cell will be
	set on the port. (UID-401)
Warning: Design rule attributes from the driving cell will be
	set on the port. (UID-401)
Warning: Design rule attributes from the driving cell will be
	set on the port. (UID-401)
Warning: Design rule attributes from the driving cell will be
	set on the port. (UID-401)
Warning: Design rule attributes from the driving cell will be
	set on the port. (UID-401)
Warning: Design rule attributes from the driving cell will be
	set on the port. (UID-401)
Warning: Design rule attributes from the driving cell will be
	set on the port. (UID-401)
Warning: Design rule attributes from the driving cell will be
	set on the port. (UID-401)
Warning: Design rule attributes from the driving cell will be
	set on the port. (UID-401)
Warning: Design rule attributes from the driving cell will be
	set on the port. (UID-401)
Warning: Design rule attributes from the driving cell will be
	set on the port. (UID-401)
Warning: Design rule attributes from the driving cell will be
	set on the port. (UID-401)
Warning: Design rule attributes from the driving cell will be
	set on the port. (UID-401)
Warning: Design rule attributes from the driving cell will be
	set on the port. (UID-401)
Warning: Design rule attributes from the driving cell will be
	set on the port. (UID-401)
Warning: Design rule attributes from the driving cell will be
	set on the port. (UID-401)
Warning: Design rule attributes from the driving cell will be
	set on the port. (UID-401)
Warning: Design rule attributes from the driving cell will be
	set on the port. (UID-401)
Warning: Design rule attributes from the driving cell will be
	set on the port. (UID-401)
Warning: Design rule attributes from the driving cell will be
	set on the port. (UID-401)
Warning: Design rule attributes from the driving cell will be
	set on the port. (UID-401)
Warning: Design rule attributes from the driving cell will be
	set on the port. (UID-401)
Warning: Design rule attributes from the driving cell will be
	set on the port. (UID-401)
Warning: Design rule attributes from the driving cell will be
	set on the port. (UID-401)
Warning: Design rule attributes from the driving cell will be
	set on the port. (UID-401)
Warning: Design rule attributes from the driving cell will be
	set on the port. (UID-401)
Warning: Design rule attributes from the driving cell will be
	set on the port. (UID-401)
Warning: Design rule attributes from the driving cell will be
	set on the port. (UID-401)
Warning: Design rule attributes from the driving cell will be
	set on the port. (UID-401)
Warning: Design rule attributes from the driving cell will be
	set on the port. (UID-401)
Warning: Design rule attributes from the driving cell will be
	set on the port. (UID-401)
Warning: Design rule attributes from the driving cell will be
	set on the port. (UID-401)
Warning: Design rule attributes from the driving cell will be
	set on the port. (UID-401)
Warning: Design rule attributes from the driving cell will be
	set on the port. (UID-401)
Warning: Design rule attributes from the driving cell will be
	set on the port. (UID-401)
Warning: Design rule attributes from the driving cell will be
	set on the port. (UID-401)
Warning: Design rule attributes from the driving cell will be
	set on the port. (UID-401)
Warning: Design rule attributes from the driving cell will be
	set on the port. (UID-401)
Warning: Design rule attributes from the driving cell will be
	set on the port. (UID-401)
Warning: Design rule attributes from the driving cell will be
	set on the port. (UID-401)
Warning: Design rule attributes from the driving cell will be
	set on the port. (UID-401)
Warning: Design rule attributes from the driving cell will be
	set on the port. (UID-401)
Warning: Design rule attributes from the driving cell will be
	set on the port. (UID-401)
Warning: Design rule attributes from the driving cell will be
	set on the port. (UID-401)
Warning: Design rule attributes from the driving cell will be
	set on the port. (UID-401)
Warning: Design rule attributes from the driving cell will be
	set on the port. (UID-401)
Warning: Design rule attributes from the driving cell will be
	set on the port. (UID-401)
Warning: Design rule attributes from the driving cell will be
	set on the port. (UID-401)
Warning: Design rule attributes from the driving cell will be
	set on the port. (UID-401)
Warning: Design rule attributes from the driving cell will be
	set on the port. (UID-401)
Warning: Design rule attributes from the driving cell will be
	set on the port. (UID-401)
Warning: Design rule attributes from the driving cell will be
	set on the port. (UID-401)
Warning: Design rule attributes from the driving cell will be
	set on the port. (UID-401)
Warning: Design rule attributes from the driving cell will be
	set on the port. (UID-401)
Warning: Design rule attributes from the driving cell will be
	set on the port. (UID-401)
Warning: Design rule attributes from the driving cell will be
	set on the port. (UID-401)
Warning: Design rule attributes from the driving cell will be
	set on the port. (UID-401)
Warning: Design rule attributes from the driving cell will be
	set on the port. (UID-401)
Warning: Design rule attributes from the driving cell will be
	set on the port. (UID-401)
Warning: Design rule attributes from the driving cell will be
	set on the port. (UID-401)
Warning: Design rule attributes from the driving cell will be
	set on the port. (UID-401)
Warning: Design rule attributes from the driving cell will be
	set on the port. (UID-401)
Warning: Design rule attributes from the driving cell will be
	set on the port. (UID-401)
Warning: Design rule attributes from the driving cell will be
	set on the port. (UID-401)
Warning: Design rule attributes from the driving cell will be
	set on the port. (UID-401)
Warning: Design rule attributes from the driving cell will be
	set on the port. (UID-401)
Warning: Design rule attributes from the driving cell will be
	set on the port. (UID-401)
Warning: Design rule attributes from the driving cell will be
	set on the port. (UID-401)
Warning: Design rule attributes from the driving cell will be
	set on the port. (UID-401)
Warning: Design rule attributes from the driving cell will be
	set on the port. (UID-401)
Warning: Design rule attributes from the driving cell will be
	set on the port. (UID-401)
Warning: Design rule attributes from the driving cell will be
	set on the port. (UID-401)
Warning: Design rule attributes from the driving cell will be
	set on the port. (UID-401)
Warning: Design rule attributes from the driving cell will be
	set on the port. (UID-401)
Warning: Design rule attributes from the driving cell will be
	set on the port. (UID-401)
Warning: Design rule attributes from the driving cell will be
	set on the port. (UID-401)
Warning: Design rule attributes from the driving cell will be
	set on the port. (UID-401)
Warning: Design rule attributes from the driving cell will be
	set on the port. (UID-401)
Warning: Design rule attributes from the driving cell will be
	set on the port. (UID-401)
Warning: Design rule attributes from the driving cell will be
	set on the port. (UID-401)
Warning: Design rule attributes from the driving cell will be
	set on the port. (UID-401)
Warning: Design rule attributes from the driving cell will be
	set on the port. (UID-401)
Warning: Design rule attributes from the driving cell will be
	set on the port. (UID-401)
Warning: Design rule attributes from the driving cell will be
	set on the port. (UID-401)
Warning: Design rule attributes from the driving cell will be
	set on the port. (UID-401)
Warning: Design rule attributes from the driving cell will be
	set on the port. (UID-401)
Warning: Design rule attributes from the driving cell will be
	set on the port. (UID-401)
Warning: Design rule attributes from the driving cell will be
	set on the port. (UID-401)
Warning: Design rule attributes from the driving cell will be
	set on the port. (UID-401)
Warning: Design rule attributes from the driving cell will be
	set on the port. (UID-401)
Warning: Design rule attributes from the driving cell will be
	set on the port. (UID-401)
Warning: Design rule attributes from the driving cell will be
	set on the port. (UID-401)
Warning: Design rule attributes from the driving cell will be
	set on the port. (UID-401)
Warning: Design rule attributes from the driving cell will be
	set on the port. (UID-401)
Warning: Design rule attributes from the driving cell will be
	set on the port. (UID-401)
Warning: Design rule attributes from the driving cell will be
	set on the port. (UID-401)
Warning: Design rule attributes from the driving cell will be
	set on the port. (UID-401)
Warning: Design rule attributes from the driving cell will be
	set on the port. (UID-401)
Warning: Design rule attributes from the driving cell will be
	set on the port. (UID-401)
Warning: Design rule attributes from the driving cell will be
	set on the port. (UID-401)
Warning: Design rule attributes from the driving cell will be
	set on the port. (UID-401)
Warning: Design rule attributes from the driving cell will be
	set on the port. (UID-401)
Warning: Design rule attributes from the driving cell will be
	set on the port. (UID-401)
Warning: Design rule attributes from the driving cell will be
	set on the port. (UID-401)
Warning: Design rule attributes from the driving cell will be
	set on the port. (UID-401)
Warning: Design rule attributes from the driving cell will be
	set on the port. (UID-401)
Warning: Design rule attributes from the driving cell will be
	set on the port. (UID-401)
Warning: Design rule attributes from the driving cell will be
	set on the port. (UID-401)
Warning: Design rule attributes from the driving cell will be
	set on the port. (UID-401)
Warning: Design rule attributes from the driving cell will be
	set on the port. (UID-401)
Warning: Design rule attributes from the driving cell will be
	set on the port. (UID-401)
Warning: Design rule attributes from the driving cell will be
	set on the port. (UID-401)
Warning: Design rule attributes from the driving cell will be
	set on the port. (UID-401)
Warning: Design rule attributes from the driving cell will be
	set on the port. (UID-401)
Warning: Design rule attributes from the driving cell will be
	set on the port. (UID-401)
Warning: Design rule attributes from the driving cell will be
	set on the port. (UID-401)
Warning: Design rule attributes from the driving cell will be
	set on the port. (UID-401)
Warning: Design rule attributes from the driving cell will be
	set on the port. (UID-401)
Warning: Design rule attributes from the driving cell will be
	set on the port. (UID-401)
Warning: Design rule attributes from the driving cell will be
	set on the port. (UID-401)
Warning: Design rule attributes from the driving cell will be
	set on the port. (UID-401)
Warning: Design rule attributes from the driving cell will be
	set on the port. (UID-401)
Warning: Design rule attributes from the driving cell will be
	set on the port. (UID-401)
Warning: Design rule attributes from the driving cell will be
	set on the port. (UID-401)
Warning: Design rule attributes from the driving cell will be
	set on the port. (UID-401)
Warning: Design rule attributes from the driving cell will be
	set on the port. (UID-401)
Warning: Design rule attributes from the driving cell will be
	set on the port. (UID-401)
Warning: Design rule attributes from the driving cell will be
	set on the port. (UID-401)
Warning: Design rule attributes from the driving cell will be
	set on the port. (UID-401)
Warning: Design rule attributes from the driving cell will be
	set on the port. (UID-401)
Warning: Design rule attributes from the driving cell will be
	set on the port. (UID-401)
Warning: Design rule attributes from the driving cell will be
	set on the port. (UID-401)
Warning: Design rule attributes from the driving cell will be
	set on the port. (UID-401)
Warning: Design rule attributes from the driving cell will be
	set on the port. (UID-401)
Warning: Design rule attributes from the driving cell will be
	set on the port. (UID-401)
Warning: Design rule attributes from the driving cell will be
	set on the port. (UID-401)
Warning: Design rule attributes from the driving cell will be
	set on the port. (UID-401)
Warning: Design rule attributes from the driving cell will be
	set on the port. (UID-401)
Warning: Design rule attributes from the driving cell will be
	set on the port. (UID-401)
Warning: Design rule attributes from the driving cell will be
	set on the port. (UID-401)
Warning: Design rule attributes from the driving cell will be
	set on the port. (UID-401)
1
set_load 0.005 [all_outputs]
1
set_false_path -from [get_ports rst_n]
Warning: Design 'fugue2_logic_die' has '1' unresolved references. For more detailed information, use the "link" command. (UID-341)
1
# Low effort keeps the full matrix practical for the ~0.5 mm² logic-die tops.
# It remains timing/area-driven technology mapping, with identical effort for
# every A/B point; this is not a sign-off/PPA-closure run.
compile -map_effort low -area_effort low
Warning: Design 'fugue2_logic_die' has '1' unresolved references. For more detailed information, use the "link" command. (UID-341)
Warning: The compile -map_effort low is obsolete. Setting this variable now defaults to compile -map_effort medium. Please update your script accordingly. (OPT-1303)
Information: Evaluating DesignWare library utilization. (UISN-27)

============================================================================
| DesignWare Building Block Library  |         Version         | Available |
============================================================================
| Basic DW Building Blocks           | P-2019.03-DWBB_201903.4 |     *     |
| Licensed DW Building Blocks        |                         |           |
============================================================================


Information: There are 2195 potential problems in your design. Please run 'check_design' for more information. (LINT-99)



  Beginning Pass 1 Mapping
  ------------------------
  Processing 'fp32_recip'
Information: The register 'seed_s1_reg[31]' is a constant and will be removed. (OPT-1206)
Information: The register 'seed_s1_reg[30]' is a constant and will be removed. (OPT-1206)
Information: The register 'seed_s2_reg[31]' is a constant and will be removed. (OPT-1206)
Information: The register 'seed_s2_reg[30]' is a constant and will be removed. (OPT-1206)
Information: The register 'y_reg[31]' is a constant and will be removed. (OPT-1206)
  Processing 'fp32_add_0'
  Processing 'fp32_mul_0'
  Processing 'fp32_exp_0'
Information: The register 'y_reg[31]' is a constant and will be removed. (OPT-1206)
  Processing 'streaming_softmax_unit_LANES16_MAX_TOKENS2048_CONTEXTS32'
Warning: Cell 'U158/U1' (*GEN*1207) cannot be exactly translated 1 for 1 into target library.  Ignoring set_compile_directives. (TRANS-9)
Warning: Cell 'U159/U1' (*GEN*1206) cannot be exactly translated 1 for 1 into target library.  Ignoring set_compile_directives. (TRANS-9)
  Processing 'diff_decoder'
Warning: Target library does not contain any 2-1 multiplexor. (OPT-853)
  Processing 'fp16_add_0'
  Processing 'accumulator_N4'
  Processing 'fp16_mult_0'
  Processing 'dbuf_16x256_0'
  Processing 'gemv_unit_0'
  Processing 'kv_scan_planner_ENTRIES32'
  Processing 'kv_ptw'
  Processing 'kv_seg_tlb_ENTRIES32'
Warning: Target library does not contain any 2-1 multiplexor. (OPT-853)
Information: The register 'ai_reg[0][4]' is a constant and will be removed. (OPT-1206)
Information: The register 'ai_reg[0][3]' is a constant and will be removed. (OPT-1206)
Information: The register 'ai_reg[0][2]' is a constant and will be removed. (OPT-1206)
Information: The register 'ai_reg[1][4]' is a constant and will be removed. (OPT-1206)
Information: The register 'ai_reg[1][3]' is a constant and will be removed. (OPT-1206)
Information: The register 'ai_reg[2][4]' is a constant and will be removed. (OPT-1206)
Information: The register 'ai_reg[2][2]' is a constant and will be removed. (OPT-1206)
Information: The register 'ai_reg[3][4]' is a constant and will be removed. (OPT-1206)
Information: The register 'ai_reg[4][3]' is a constant and will be removed. (OPT-1206)
Information: The register 'ai_reg[4][2]' is a constant and will be removed. (OPT-1206)
Information: The register 'ai_reg[5][3]' is a constant and will be removed. (OPT-1206)
Information: The register 'ai_reg[6][2]' is a constant and will be removed. (OPT-1206)
  Processing 'kv_tlb_top_ENTRIES32'
  Processing 'attacc_controller'
Warning: Target library does not contain any 2-1 multiplexor. (OPT-853)
Information: The register 'open_row_reg[15]' is a constant and will be removed. (OPT-1206)
Information: The register 'dram_cmd_reg[2]' is a constant and will be removed. (OPT-1206)
Information: The register 'dram_row_reg[15]' is a constant and will be removed. (OPT-1206)
  Processing 'fugue2_logic_die'
Information: Building the design 'softmax_buffer_sram' instantiated from design 'streaming_softmax_unit_LANES16_MAX_TOKENS2048_CONTEXTS32' with
	the parameters "NUM_CONTEXTS=32,SEQ_LEN=2048,LANES=16". (HDL-193)
Warning:  /thu-bloor/xinyao-w23/kvpim-rtl/rtl/softmax_buffer_sram.sv:78: signed to unsigned conversion occurs. (VER-318)
Warning:  /thu-bloor/xinyao-w23/kvpim-rtl/rtl/softmax_buffer_sram.sv:80: signed to unsigned conversion occurs. (VER-318)
Error:  /thu-bloor/xinyao-w23/kvpim-rtl/rtl/softmax_buffer_sram.sv:102: Array index out of bounds score_wr_data[63:0], valid bounds are [15:0]. (ELAB-298)
*** Presto compilation terminated with 1 errors. ***
Information: Building the design 'softmax_buffer_sram' instantiated from design 'streaming_softmax_unit_LANES16_MAX_TOKENS2048_CONTEXTS32' with
	the parameters "NUM_CONTEXTS=32,SEQ_LEN=2048,LANES=16". (HDL-193)
Warning: Unable to resolve reference 'softmax_buffer_sram' in 'streaming_softmax_unit_LANES16_MAX_TOKENS2048_CONTEXTS32'. (LINK-5)
Warning: Design 'fugue2_logic_die' has '1' unresolved references. For more detailed information, use the "link" command. (UID-341)

  Updating timing information
Information: Updating design information... (UID-85)

  Beginning Implementation Selection
  ----------------------------------
  Processing 'streaming_softmax_unit_LANES16_MAX_TOKENS2048_CONTEXTS32_DW01_cmp2_0'
  Processing 'streaming_softmax_unit_LANES16_MAX_TOKENS2048_CONTEXTS32_DW01_cmp2_1'
  Processing 'streaming_softmax_unit_LANES16_MAX_TOKENS2048_CONTEXTS32_DW01_cmp2_2'
  Processing 'streaming_softmax_unit_LANES16_MAX_TOKENS2048_CONTEXTS32_DW01_cmp2_3'
  Processing 'streaming_softmax_unit_LANES16_MAX_TOKENS2048_CONTEXTS32_DW01_cmp2_4'
  Processing 'streaming_softmax_unit_LANES16_MAX_TOKENS2048_CONTEXTS32_DW01_cmp2_5'
  Processing 'streaming_softmax_unit_LANES16_MAX_TOKENS2048_CONTEXTS32_DW01_cmp2_6'
  Processing 'streaming_softmax_unit_LANES16_MAX_TOKENS2048_CONTEXTS32_DW01_cmp2_7'
  Processing 'streaming_softmax_unit_LANES16_MAX_TOKENS2048_CONTEXTS32_DW01_cmp2_8'
  Processing 'streaming_softmax_unit_LANES16_MAX_TOKENS2048_CONTEXTS32_DW01_cmp2_9'
  Processing 'streaming_softmax_unit_LANES16_MAX_TOKENS2048_CONTEXTS32_DW01_cmp2_10'
  Processing 'streaming_softmax_unit_LANES16_MAX_TOKENS2048_CONTEXTS32_DW01_cmp2_11'
  Processing 'streaming_softmax_unit_LANES16_MAX_TOKENS2048_CONTEXTS32_DW01_cmp2_12'
  Processing 'streaming_softmax_unit_LANES16_MAX_TOKENS2048_CONTEXTS32_DW01_cmp2_13'
  Processing 'streaming_softmax_unit_LANES16_MAX_TOKENS2048_CONTEXTS32_DW01_cmp2_14'
  Processing 'streaming_softmax_unit_LANES16_MAX_TOKENS2048_CONTEXTS32_DW01_cmp2_15'
  Processing 'streaming_softmax_unit_LANES16_MAX_TOKENS2048_CONTEXTS32_DW01_sub_0'
  Processing 'streaming_softmax_unit_LANES16_MAX_TOKENS2048_CONTEXTS32_DW01_cmp2_16'
  Processing 'streaming_softmax_unit_LANES16_MAX_TOKENS2048_CONTEXTS32_DW01_cmp2_17'
  Processing 'streaming_softmax_unit_LANES16_MAX_TOKENS2048_CONTEXTS32_DW01_cmp2_18'
  Processing 'streaming_softmax_unit_LANES16_MAX_TOKENS2048_CONTEXTS32_DW01_cmp2_19'
  Processing 'streaming_softmax_unit_LANES16_MAX_TOKENS2048_CONTEXTS32_DW01_cmp2_20'
  Processing 'streaming_softmax_unit_LANES16_MAX_TOKENS2048_CONTEXTS32_DW01_cmp2_21'
  Processing 'streaming_softmax_unit_LANES16_MAX_TOKENS2048_CONTEXTS32_DW01_cmp2_22'
  Processing 'streaming_softmax_unit_LANES16_MAX_TOKENS2048_CONTEXTS32_DW01_cmp2_23'
  Processing 'streaming_softmax_unit_LANES16_MAX_TOKENS2048_CONTEXTS32_DW01_cmp2_24'
  Processing 'streaming_softmax_unit_LANES16_MAX_TOKENS2048_CONTEXTS32_DW01_cmp2_25'
  Processing 'streaming_softmax_unit_LANES16_MAX_TOKENS2048_CONTEXTS32_DW01_cmp2_26'
  Processing 'streaming_softmax_unit_LANES16_MAX_TOKENS2048_CONTEXTS32_DW01_cmp2_27'
  Processing 'streaming_softmax_unit_LANES16_MAX_TOKENS2048_CONTEXTS32_DW01_cmp2_28'
  Processing 'streaming_softmax_unit_LANES16_MAX_TOKENS2048_CONTEXTS32_DW01_cmp2_29'
  Processing 'streaming_softmax_unit_LANES16_MAX_TOKENS2048_CONTEXTS32_DW01_cmp2_30'
  Processing 'streaming_softmax_unit_LANES16_MAX_TOKENS2048_CONTEXTS32_DW01_cmp2_31'
  Processing 'streaming_softmax_unit_LANES16_MAX_TOKENS2048_CONTEXTS32_DW01_sub_1'
  Processing 'streaming_softmax_unit_LANES16_MAX_TOKENS2048_CONTEXTS32_DW01_inc_0_DW01_inc_3'
  Processing 'streaming_softmax_unit_LANES16_MAX_TOKENS2048_CONTEXTS32_DW01_cmp6_0_DW01_cmp6_3'
  Processing 'streaming_softmax_unit_LANES16_MAX_TOKENS2048_CONTEXTS32_DW01_dec_0'
  Processing 'streaming_softmax_unit_LANES16_MAX_TOKENS2048_CONTEXTS32_DW01_cmp6_1_DW01_cmp6_4'
  Processing 'streaming_softmax_unit_LANES16_MAX_TOKENS2048_CONTEXTS32_DW01_inc_1_DW01_inc_4'
  Processing 'streaming_softmax_unit_LANES16_MAX_TOKENS2048_CONTEXTS32_DW01_cmp6_2_DW01_cmp6_5'
  Processing 'streaming_softmax_unit_LANES16_MAX_TOKENS2048_CONTEXTS32_DW01_dec_1'
  Processing 'streaming_softmax_unit_LANES16_MAX_TOKENS2048_CONTEXTS32_DW01_cmp6_3_DW01_cmp6_6'
  Processing 'streaming_softmax_unit_LANES16_MAX_TOKENS2048_CONTEXTS32_DW01_cmp6_4_DW01_cmp6_7'
  Processing 'streaming_softmax_unit_LANES16_MAX_TOKENS2048_CONTEXTS32_DW01_cmp2_32'
  Processing 'streaming_softmax_unit_LANES16_MAX_TOKENS2048_CONTEXTS32_DW01_cmp6_5_DW01_cmp6_8'
  Processing 'streaming_softmax_unit_LANES16_MAX_TOKENS2048_CONTEXTS32_DW01_cmp2_33'
  Processing 'streaming_softmax_unit_LANES16_MAX_TOKENS2048_CONTEXTS32_DW01_cmp6_6_DW01_cmp6_9'
  Processing 'streaming_softmax_unit_LANES16_MAX_TOKENS2048_CONTEXTS32_DW01_cmp2_34'
  Processing 'streaming_softmax_unit_LANES16_MAX_TOKENS2048_CONTEXTS32_DW01_cmp6_7_DW01_cmp6_10'
  Processing 'streaming_softmax_unit_LANES16_MAX_TOKENS2048_CONTEXTS32_DW01_cmp2_35'
  Processing 'streaming_softmax_unit_LANES16_MAX_TOKENS2048_CONTEXTS32_DW01_cmp6_8_DW01_cmp6_11'
  Processing 'streaming_softmax_unit_LANES16_MAX_TOKENS2048_CONTEXTS32_DW01_cmp2_36'
  Processing 'streaming_softmax_unit_LANES16_MAX_TOKENS2048_CONTEXTS32_DW01_cmp6_9_DW01_cmp6_12'
  Processing 'streaming_softmax_unit_LANES16_MAX_TOKENS2048_CONTEXTS32_DW01_cmp2_37'
  Processing 'streaming_softmax_unit_LANES16_MAX_TOKENS2048_CONTEXTS32_DW01_cmp6_10_DW01_cmp6_13'
  Processing 'streaming_softmax_unit_LANES16_MAX_TOKENS2048_CONTEXTS32_DW01_cmp2_38'
  Processing 'streaming_softmax_unit_LANES16_MAX_TOKENS2048_CONTEXTS32_DW01_cmp6_11_DW01_cmp6_14'
  Processing 'streaming_softmax_unit_LANES16_MAX_TOKENS2048_CONTEXTS32_DW01_cmp2_39'
  Processing 'streaming_softmax_unit_LANES16_MAX_TOKENS2048_CONTEXTS32_DW01_cmp6_12_DW01_cmp6_15'
  Processing 'streaming_softmax_unit_LANES16_MAX_TOKENS2048_CONTEXTS32_DW01_cmp2_40'
  Processing 'streaming_softmax_unit_LANES16_MAX_TOKENS2048_CONTEXTS32_DW01_cmp6_13_DW01_cmp6_16'
  Processing 'streaming_softmax_unit_LANES16_MAX_TOKENS2048_CONTEXTS32_DW01_cmp2_41'
  Processing 'streaming_softmax_unit_LANES16_MAX_TOKENS2048_CONTEXTS32_DW01_cmp6_14_DW01_cmp6_17'
  Processing 'streaming_softmax_unit_LANES16_MAX_TOKENS2048_CONTEXTS32_DW01_cmp2_42'
  Processing 'streaming_softmax_unit_LANES16_MAX_TOKENS2048_CONTEXTS32_DW01_cmp6_15_DW01_cmp6_18'
  Processing 'streaming_softmax_unit_LANES16_MAX_TOKENS2048_CONTEXTS32_DW01_cmp2_43'
  Processing 'streaming_softmax_unit_LANES16_MAX_TOKENS2048_CONTEXTS32_DW01_cmp6_16_DW01_cmp6_19'
  Processing 'streaming_softmax_unit_LANES16_MAX_TOKENS2048_CONTEXTS32_DW01_cmp2_44'
  Processing 'streaming_softmax_unit_LANES16_MAX_TOKENS2048_CONTEXTS32_DW01_cmp6_17_DW01_cmp6_20'
  Processing 'streaming_softmax_unit_LANES16_MAX_TOKENS2048_CONTEXTS32_DW01_cmp2_45'
  Processing 'streaming_softmax_unit_LANES16_MAX_TOKENS2048_CONTEXTS32_DW01_cmp6_18_DW01_cmp6_21'
  Processing 'streaming_softmax_unit_LANES16_MAX_TOKENS2048_CONTEXTS32_DW01_cmp2_46'
  Processing 'streaming_softmax_unit_LANES16_MAX_TOKENS2048_CONTEXTS32_DW01_cmp2_47'
  Processing 'streaming_softmax_unit_LANES16_MAX_TOKENS2048_CONTEXTS32_DW01_cmp2_48'
  Processing 'streaming_softmax_unit_LANES16_MAX_TOKENS2048_CONTEXTS32_DW01_sub_2'
  Processing 'fp32_recip_DW01_cmp2_0_DW01_cmp2_49'
  Processing 'fp32_recip_DW01_cmp2_1_DW01_cmp2_50'
  Processing 'fp32_recip_DW01_inc_0_DW01_inc_5'
  Processing 'fp32_recip_DW01_add_0_DW01_add_13'
  Processing 'fp32_add_1_DW01_cmp2_0_DW01_cmp2_51'
  Processing 'fp32_add_1_DW01_inc_0_DW01_inc_6'
  Processing 'fp32_add_1_DW01_add_0_DW01_add_14'
  Processing 'fp32_add_1_DW01_sub_0_DW01_sub_3'
  Processing 'fp32_add_1_DW01_cmp2_1_DW01_cmp2_52'
  Processing 'fp32_add_1_DW01_ash_0'
  Processing 'fp32_add_1_DW01_inc_1_DW01_inc_7'
  Processing 'fp32_add_1_DW01_sub_1_DW01_sub_4'
  Processing 'fp32_add_1_DW01_add_1_DW01_add_15'
  Allocating blocks in 'DW01_ash_A_width27_SH_width8'
  Processing 'fp32_add_1_DW01_ash_1'
  Processing 'fp32_add_1_DW01_sub_2_DW01_sub_5'
  Allocating blocks in 'DW_rash_A_width27_SH_width8'
  Processing 'fp32_add_1_DW_rash_0'
  Processing 'fp32_add_1_DW01_cmp2_2_DW01_cmp2_53'
  Processing 'fp32_add_1_DW01_sub_3_DW01_sub_6'
  Processing 'fp32_add_1_DW01_cmp2_3_DW01_cmp2_54'
  Processing 'fp32_add_2_DW01_cmp2_0_DW01_cmp2_55'
  Processing 'fp32_add_2_DW01_inc_0_DW01_inc_8'
  Processing 'fp32_add_2_DW01_add_0_DW01_add_16'
  Processing 'fp32_add_2_DW01_sub_0_DW01_sub_7'
  Processing 'fp32_add_2_DW01_cmp2_1_DW01_cmp2_56'
  Processing 'fp32_add_2_DW01_ash_0_DW01_ash_2'
  Processing 'fp32_add_2_DW01_inc_1_DW01_inc_9'
  Processing 'fp32_add_2_DW01_sub_1_DW01_sub_8'
  Processing 'fp32_add_2_DW01_add_1_DW01_add_17'
  Processing 'fp32_add_2_DW01_ash_1_DW01_ash_3'
  Processing 'fp32_add_2_DW01_sub_2_DW01_sub_9'
  Processing 'fp32_add_2_DW_rash_0_DW_rash_1'
  Processing 'fp32_add_2_DW01_cmp2_2_DW01_cmp2_57'
  Processing 'fp32_add_2_DW01_sub_3_DW01_sub_10'
  Processing 'fp32_add_2_DW01_cmp2_3_DW01_cmp2_58'
  Processing 'fp32_add_3_DW01_cmp2_0_DW01_cmp2_59'
  Processing 'fp32_add_3_DW01_inc_0_DW01_inc_10'
  Processing 'fp32_add_3_DW01_add_0_DW01_add_18'
  Processing 'fp32_add_3_DW01_sub_0_DW01_sub_11'
  Processing 'fp32_add_3_DW01_cmp2_1_DW01_cmp2_60'
  Processing 'fp32_add_3_DW01_ash_0_DW01_ash_4'
  Processing 'fp32_add_3_DW01_inc_1_DW01_inc_11'
  Processing 'fp32_add_3_DW01_sub_1_DW01_sub_12'
  Processing 'fp32_add_3_DW01_add_1_DW01_add_19'
  Processing 'fp32_add_3_DW01_ash_1_DW01_ash_5'
  Processing 'fp32_add_3_DW01_sub_2_DW01_sub_13'
  Processing 'fp32_add_3_DW_rash_0_DW_rash_2'
  Processing 'fp32_add_3_DW01_cmp2_2_DW01_cmp2_61'
  Processing 'fp32_add_3_DW01_sub_3_DW01_sub_14'
  Processing 'fp32_add_3_DW01_cmp2_3_DW01_cmp2_62'
  Processing 'fp32_add_4_DW01_cmp2_0_DW01_cmp2_63'
  Processing 'fp32_add_4_DW01_inc_0_DW01_inc_12'
  Processing 'fp32_add_4_DW01_add_0_DW01_add_20'
  Processing 'fp32_add_4_DW01_sub_0_DW01_sub_15'
  Processing 'fp32_add_4_DW01_cmp2_1_DW01_cmp2_64'
  Processing 'fp32_add_4_DW01_ash_0_DW01_ash_6'
  Processing 'fp32_add_4_DW01_inc_1_DW01_inc_13'
  Processing 'fp32_add_4_DW01_sub_1_DW01_sub_16'
  Processing 'fp32_add_4_DW01_add_1_DW01_add_21'
  Processing 'fp32_add_4_DW01_ash_1_DW01_ash_7'
  Processing 'fp32_add_4_DW01_sub_2_DW01_sub_17'
  Processing 'fp32_add_4_DW_rash_0_DW_rash_3'
  Processing 'fp32_add_4_DW01_cmp2_2_DW01_cmp2_65'
  Processing 'fp32_add_4_DW01_sub_3_DW01_sub_18'
  Processing 'fp32_add_4_DW01_cmp2_3_DW01_cmp2_66'
  Processing 'fp32_add_5_DW01_cmp2_0_DW01_cmp2_67'
  Processing 'fp32_add_5_DW01_inc_0_DW01_inc_14'
  Processing 'fp32_add_5_DW01_add_0_DW01_add_22'
  Processing 'fp32_add_5_DW01_sub_0_DW01_sub_19'
  Processing 'fp32_add_5_DW01_cmp2_1_DW01_cmp2_68'
  Processing 'fp32_add_5_DW01_ash_0_DW01_ash_8'
  Processing 'fp32_add_5_DW01_inc_1_DW01_inc_15'
  Processing 'fp32_add_5_DW01_sub_1_DW01_sub_20'
  Processing 'fp32_add_5_DW01_add_1_DW01_add_23'
  Processing 'fp32_add_5_DW01_ash_1_DW01_ash_9'
  Processing 'fp32_add_5_DW01_sub_2_DW01_sub_21'
  Processing 'fp32_add_5_DW_rash_0_DW_rash_4'
  Processing 'fp32_add_5_DW01_cmp2_2_DW01_cmp2_69'
  Processing 'fp32_add_5_DW01_sub_3_DW01_sub_22'
  Processing 'fp32_add_5_DW01_cmp2_3_DW01_cmp2_70'
  Processing 'fp32_add_6_DW01_cmp2_0_DW01_cmp2_71'
  Processing 'fp32_add_6_DW01_inc_0_DW01_inc_16'
  Processing 'fp32_add_6_DW01_add_0_DW01_add_24'
  Processing 'fp32_add_6_DW01_sub_0_DW01_sub_23'
  Processing 'fp32_add_6_DW01_cmp2_1_DW01_cmp2_72'
  Processing 'fp32_add_6_DW01_ash_0_DW01_ash_10'
  Processing 'fp32_add_6_DW01_inc_1_DW01_inc_17'
  Processing 'fp32_add_6_DW01_sub_1_DW01_sub_24'
  Processing 'fp32_add_6_DW01_add_1_DW01_add_25'
  Processing 'fp32_add_6_DW01_ash_1_DW01_ash_11'
  Processing 'fp32_add_6_DW01_sub_2_DW01_sub_25'
  Processing 'fp32_add_6_DW_rash_0_DW_rash_5'
  Processing 'fp32_add_6_DW01_cmp2_2_DW01_cmp2_73'
  Processing 'fp32_add_6_DW01_sub_3_DW01_sub_26'
  Processing 'fp32_add_6_DW01_cmp2_3_DW01_cmp2_74'
  Processing 'fp32_add_7_DW01_cmp2_0_DW01_cmp2_75'
  Processing 'fp32_add_7_DW01_inc_0_DW01_inc_18'
  Processing 'fp32_add_7_DW01_add_0_DW01_add_26'
  Processing 'fp32_add_7_DW01_sub_0_DW01_sub_27'
  Processing 'fp32_add_7_DW01_cmp2_1_DW01_cmp2_76'
  Processing 'fp32_add_7_DW01_ash_0_DW01_ash_12'
  Processing 'fp32_add_7_DW01_inc_1_DW01_inc_19'
  Processing 'fp32_add_7_DW01_sub_1_DW01_sub_28'
  Processing 'fp32_add_7_DW01_add_1_DW01_add_27'
  Processing 'fp32_add_7_DW01_ash_1_DW01_ash_13'
  Processing 'fp32_add_7_DW01_sub_2_DW01_sub_29'
  Processing 'fp32_add_7_DW_rash_0_DW_rash_6'
  Processing 'fp32_add_7_DW01_cmp2_2_DW01_cmp2_77'
  Processing 'fp32_add_7_DW01_sub_3_DW01_sub_30'
  Processing 'fp32_add_7_DW01_cmp2_3_DW01_cmp2_78'
  Processing 'fp32_add_8_DW01_cmp2_0_DW01_cmp2_79'
  Processing 'fp32_add_8_DW01_inc_0_DW01_inc_20'
  Processing 'fp32_add_8_DW01_add_0_DW01_add_28'
  Processing 'fp32_add_8_DW01_sub_0_DW01_sub_31'
  Processing 'fp32_add_8_DW01_cmp2_1_DW01_cmp2_80'
  Processing 'fp32_add_8_DW01_ash_0_DW01_ash_14'
  Processing 'fp32_add_8_DW01_inc_1_DW01_inc_21'
  Processing 'fp32_add_8_DW01_sub_1_DW01_sub_32'
  Processing 'fp32_add_8_DW01_add_1_DW01_add_29'
  Processing 'fp32_add_8_DW01_ash_1_DW01_ash_15'
  Processing 'fp32_add_8_DW01_sub_2_DW01_sub_33'
  Processing 'fp32_add_8_DW_rash_0_DW_rash_7'
  Processing 'fp32_add_8_DW01_cmp2_2_DW01_cmp2_81'
  Processing 'fp32_add_8_DW01_sub_3_DW01_sub_34'
  Processing 'fp32_add_8_DW01_cmp2_3_DW01_cmp2_82'
  Processing 'fp32_add_9_DW01_cmp2_0_DW01_cmp2_83'
  Processing 'fp32_add_9_DW01_inc_0_DW01_inc_22'
  Processing 'fp32_add_9_DW01_add_0_DW01_add_30'
  Processing 'fp32_add_9_DW01_sub_0_DW01_sub_35'
  Processing 'fp32_add_9_DW01_cmp2_1_DW01_cmp2_84'
  Processing 'fp32_add_9_DW01_ash_0_DW01_ash_16'
  Processing 'fp32_add_9_DW01_inc_1_DW01_inc_23'
  Processing 'fp32_add_9_DW01_sub_1_DW01_sub_36'
  Processing 'fp32_add_9_DW01_add_1_DW01_add_31'
  Processing 'fp32_add_9_DW01_ash_1_DW01_ash_17'
  Processing 'fp32_add_9_DW01_sub_2_DW01_sub_37'
  Processing 'fp32_add_9_DW_rash_0_DW_rash_8'
  Processing 'fp32_add_9_DW01_cmp2_2_DW01_cmp2_85'
  Processing 'fp32_add_9_DW01_sub_3_DW01_sub_38'
  Processing 'fp32_add_9_DW01_cmp2_3_DW01_cmp2_86'
  Processing 'fp32_add_10_DW01_cmp2_0_DW01_cmp2_87'
  Processing 'fp32_add_10_DW01_inc_0_DW01_inc_24'
  Processing 'fp32_add_10_DW01_add_0_DW01_add_32'
  Processing 'fp32_add_10_DW01_sub_0_DW01_sub_39'
  Processing 'fp32_add_10_DW01_cmp2_1_DW01_cmp2_88'
  Processing 'fp32_add_10_DW01_ash_0_DW01_ash_18'
  Processing 'fp32_add_10_DW01_inc_1_DW01_inc_25'
  Processing 'fp32_add_10_DW01_sub_1_DW01_sub_40'
  Processing 'fp32_add_10_DW01_add_1_DW01_add_33'
  Processing 'fp32_add_10_DW01_ash_1_DW01_ash_19'
  Processing 'fp32_add_10_DW01_sub_2_DW01_sub_41'
  Processing 'fp32_add_10_DW_rash_0_DW_rash_9'
  Processing 'fp32_add_10_DW01_cmp2_2_DW01_cmp2_89'
  Processing 'fp32_add_10_DW01_sub_3_DW01_sub_42'
  Processing 'fp32_add_10_DW01_cmp2_3_DW01_cmp2_90'
  Processing 'fp32_add_11_DW01_cmp2_0_DW01_cmp2_91'
  Processing 'fp32_add_11_DW01_inc_0_DW01_inc_26'
  Processing 'fp32_add_11_DW01_add_0_DW01_add_34'
  Processing 'fp32_add_11_DW01_sub_0_DW01_sub_43'
  Processing 'fp32_add_11_DW01_cmp2_1_DW01_cmp2_92'
  Processing 'fp32_add_11_DW01_ash_0_DW01_ash_20'
  Processing 'fp32_add_11_DW01_inc_1_DW01_inc_27'
  Processing 'fp32_add_11_DW01_sub_1_DW01_sub_44'
  Processing 'fp32_add_11_DW01_add_1_DW01_add_35'
  Processing 'fp32_add_11_DW01_ash_1_DW01_ash_21'
  Processing 'fp32_add_11_DW01_sub_2_DW01_sub_45'
  Processing 'fp32_add_11_DW_rash_0_DW_rash_10'
  Processing 'fp32_add_11_DW01_cmp2_2_DW01_cmp2_93'
  Processing 'fp32_add_11_DW01_sub_3_DW01_sub_46'
  Processing 'fp32_add_11_DW01_cmp2_3_DW01_cmp2_94'
  Processing 'fp32_add_12_DW01_cmp2_0_DW01_cmp2_95'
  Processing 'fp32_add_12_DW01_inc_0_DW01_inc_28'
  Processing 'fp32_add_12_DW01_add_0_DW01_add_36'
  Processing 'fp32_add_12_DW01_sub_0_DW01_sub_47'
  Processing 'fp32_add_12_DW01_cmp2_1_DW01_cmp2_96'
  Processing 'fp32_add_12_DW01_ash_0_DW01_ash_22'
  Processing 'fp32_add_12_DW01_inc_1_DW01_inc_29'
  Processing 'fp32_add_12_DW01_sub_1_DW01_sub_48'
  Processing 'fp32_add_12_DW01_add_1_DW01_add_37'
  Processing 'fp32_add_12_DW01_ash_1_DW01_ash_23'
  Processing 'fp32_add_12_DW01_sub_2_DW01_sub_49'
  Processing 'fp32_add_12_DW_rash_0_DW_rash_11'
  Processing 'fp32_add_12_DW01_cmp2_2_DW01_cmp2_97'
  Processing 'fp32_add_12_DW01_sub_3_DW01_sub_50'
  Processing 'fp32_add_12_DW01_cmp2_3_DW01_cmp2_98'
  Processing 'fp32_add_13_DW01_cmp2_0_DW01_cmp2_99'
  Processing 'fp32_add_13_DW01_inc_0_DW01_inc_30'
  Processing 'fp32_add_13_DW01_add_0_DW01_add_38'
  Processing 'fp32_add_13_DW01_sub_0_DW01_sub_51'
  Processing 'fp32_add_13_DW01_cmp2_1_DW01_cmp2_100'
  Processing 'fp32_add_13_DW01_ash_0_DW01_ash_24'
  Processing 'fp32_add_13_DW01_inc_1_DW01_inc_31'
  Processing 'fp32_add_13_DW01_sub_1_DW01_sub_52'
  Processing 'fp32_add_13_DW01_add_1_DW01_add_39'
  Processing 'fp32_add_13_DW01_ash_1_DW01_ash_25'
  Processing 'fp32_add_13_DW01_sub_2_DW01_sub_53'
  Processing 'fp32_add_13_DW_rash_0_DW_rash_12'
  Processing 'fp32_add_13_DW01_cmp2_2_DW01_cmp2_101'
  Processing 'fp32_add_13_DW01_sub_3_DW01_sub_54'
  Processing 'fp32_add_13_DW01_cmp2_3_DW01_cmp2_102'
  Processing 'fp32_add_14_DW01_cmp2_0_DW01_cmp2_103'
  Processing 'fp32_add_14_DW01_inc_0_DW01_inc_32'
  Processing 'fp32_add_14_DW01_add_0_DW01_add_40'
  Processing 'fp32_add_14_DW01_sub_0_DW01_sub_55'
  Processing 'fp32_add_14_DW01_cmp2_1_DW01_cmp2_104'
  Processing 'fp32_add_14_DW01_ash_0_DW01_ash_26'
  Processing 'fp32_add_14_DW01_inc_1_DW01_inc_33'
  Processing 'fp32_add_14_DW01_sub_1_DW01_sub_56'
  Processing 'fp32_add_14_DW01_add_1_DW01_add_41'
  Processing 'fp32_add_14_DW01_ash_1_DW01_ash_27'
  Processing 'fp32_add_14_DW01_sub_2_DW01_sub_57'
  Processing 'fp32_add_14_DW_rash_0_DW_rash_13'
  Processing 'fp32_add_14_DW01_cmp2_2_DW01_cmp2_105'
  Processing 'fp32_add_14_DW01_sub_3_DW01_sub_58'
  Processing 'fp32_add_14_DW01_cmp2_3_DW01_cmp2_106'
  Processing 'fp32_add_15_DW01_cmp2_0_DW01_cmp2_107'
  Processing 'fp32_add_15_DW01_inc_0_DW01_inc_34'
  Processing 'fp32_add_15_DW01_add_0_DW01_add_42'
  Processing 'fp32_add_15_DW01_sub_0_DW01_sub_59'
  Processing 'fp32_add_15_DW01_cmp2_1_DW01_cmp2_108'
  Processing 'fp32_add_15_DW01_ash_0_DW01_ash_28'
  Processing 'fp32_add_15_DW01_inc_1_DW01_inc_35'
  Processing 'fp32_add_15_DW01_sub_1_DW01_sub_60'
  Processing 'fp32_add_15_DW01_add_1_DW01_add_43'
  Processing 'fp32_add_15_DW01_ash_1_DW01_ash_29'
  Processing 'fp32_add_15_DW01_sub_2_DW01_sub_61'
  Processing 'fp32_add_15_DW_rash_0_DW_rash_14'
  Processing 'fp32_add_15_DW01_cmp2_2_DW01_cmp2_109'
  Processing 'fp32_add_15_DW01_sub_3_DW01_sub_62'
  Processing 'fp32_add_15_DW01_cmp2_3_DW01_cmp2_110'
  Processing 'fp32_add_16_DW01_cmp2_0_DW01_cmp2_111'
  Processing 'fp32_add_16_DW01_inc_0_DW01_inc_36'
  Processing 'fp32_add_16_DW01_add_0_DW01_add_44'
  Processing 'fp32_add_16_DW01_sub_0_DW01_sub_63'
  Processing 'fp32_add_16_DW01_cmp2_1_DW01_cmp2_112'
  Processing 'fp32_add_16_DW01_ash_0_DW01_ash_30'
  Processing 'fp32_add_16_DW01_inc_1_DW01_inc_37'
  Processing 'fp32_add_16_DW01_sub_1_DW01_sub_64'
  Processing 'fp32_add_16_DW01_add_1_DW01_add_45'
  Processing 'fp32_add_16_DW01_ash_1_DW01_ash_31'
  Processing 'fp32_add_16_DW01_sub_2_DW01_sub_65'
  Processing 'fp32_add_16_DW_rash_0_DW_rash_15'
  Processing 'fp32_add_16_DW01_cmp2_2_DW01_cmp2_113'
  Processing 'fp32_add_16_DW01_sub_3_DW01_sub_66'
  Processing 'fp32_add_16_DW01_cmp2_3_DW01_cmp2_114'
  Processing 'fp32_mul_1_DW01_cmp2_0_DW01_cmp2_115'
  Processing 'fp32_mul_1_DW01_cmp2_1_DW01_cmp2_116'
  Processing 'fp32_mul_1_DW01_inc_0_DW01_inc_38'
  Processing 'fp32_mul_1_DW01_add_0_DW01_add_46'
  Processing 'fp32_exp_1_DW01_cmp2_0_DW01_cmp2_117'
  Processing 'fp32_exp_1_DW01_cmp2_1_DW01_cmp2_118'
  Processing 'fp32_exp_1_DW01_sub_0_DW01_sub_67'
  Processing 'fp32_exp_1_DW01_sub_1_DW01_sub_68'
  Processing 'fp32_exp_1_DW01_cmp2_2_DW01_cmp2_119'
  Processing 'fp32_exp_1_DW01_cmp6_0_DW01_cmp6_22'
  Allocating blocks in 'DW_rash_A_width24_SH_width10'
  Processing 'fp32_exp_1_DW_rash_0_DW_rash_16'
  Processing 'fp32_exp_1_DW01_sub_2_DW01_sub_69'
  Processing 'fp32_exp_1_DW01_ash_0_DW01_ash_32'
  Processing 'fp32_exp_1_DW01_cmp2_3_DW01_cmp2_120'
  Processing 'fp32_exp_1_DW01_sub_3_DW01_sub_70'
  Processing 'fp32_exp_1_DW01_cmp2_4_DW01_cmp2_121'
  Processing 'fp32_exp_1_DW01_cmp2_5_DW01_cmp2_122'
  Processing 'fp32_exp_1_DW01_sub_4_DW01_sub_71'
  Processing 'fp32_add_17_DW01_cmp2_0_DW01_cmp2_123'
  Processing 'fp32_add_17_DW01_inc_0_DW01_inc_39'
  Processing 'fp32_add_17_DW01_add_0_DW01_add_47'
  Processing 'fp32_add_17_DW01_sub_0_DW01_sub_72'
  Processing 'fp32_add_17_DW01_cmp2_1_DW01_cmp2_124'
  Processing 'fp32_add_17_DW01_ash_0_DW01_ash_33'
  Processing 'fp32_add_17_DW01_inc_1_DW01_inc_40'
  Processing 'fp32_add_17_DW01_sub_1_DW01_sub_73'
  Processing 'fp32_add_17_DW01_add_1_DW01_add_48'
  Processing 'fp32_add_17_DW01_ash_1_DW01_ash_34'
  Processing 'fp32_add_17_DW01_sub_2_DW01_sub_74'
  Processing 'fp32_add_17_DW_rash_0_DW_rash_17'
  Processing 'fp32_add_17_DW01_cmp2_2_DW01_cmp2_125'
  Processing 'fp32_add_17_DW01_sub_3_DW01_sub_75'
  Processing 'fp32_add_17_DW01_cmp2_3_DW01_cmp2_126'
  Processing 'fp32_mul_2_DW01_cmp2_0_DW01_cmp2_127'
  Processing 'fp32_mul_2_DW01_cmp2_1_DW01_cmp2_128'
  Processing 'fp32_mul_2_DW01_inc_0_DW01_inc_41'
  Processing 'fp32_mul_2_DW01_add_0_DW01_add_49'
  Processing 'fp32_exp_2_DW01_cmp2_0_DW01_cmp2_129'
  Processing 'fp32_exp_2_DW01_cmp2_1_DW01_cmp2_130'
  Processing 'fp32_exp_2_DW01_sub_0_DW01_sub_76'
  Processing 'fp32_exp_2_DW01_sub_1_DW01_sub_77'
  Processing 'fp32_exp_2_DW01_cmp2_2_DW01_cmp2_131'
  Processing 'fp32_exp_2_DW01_cmp6_0_DW01_cmp6_23'
  Processing 'fp32_exp_2_DW_rash_0_DW_rash_18'
  Processing 'fp32_exp_2_DW01_sub_2_DW01_sub_78'
  Processing 'fp32_exp_2_DW01_ash_0_DW01_ash_35'
  Processing 'fp32_exp_2_DW01_cmp2_3_DW01_cmp2_132'
  Processing 'fp32_exp_2_DW01_sub_3_DW01_sub_79'
  Processing 'fp32_exp_2_DW01_cmp2_4_DW01_cmp2_133'
  Processing 'fp32_exp_2_DW01_cmp2_5_DW01_cmp2_134'
  Processing 'fp32_exp_2_DW01_sub_4_DW01_sub_80'
  Processing 'fp32_add_18_DW01_cmp2_0_DW01_cmp2_135'
  Processing 'fp32_add_18_DW01_inc_0_DW01_inc_42'
  Processing 'fp32_add_18_DW01_add_0_DW01_add_50'
  Processing 'fp32_add_18_DW01_sub_0_DW01_sub_81'
  Processing 'fp32_add_18_DW01_cmp2_1_DW01_cmp2_136'
  Processing 'fp32_add_18_DW01_ash_0_DW01_ash_36'
  Processing 'fp32_add_18_DW01_inc_1_DW01_inc_43'
  Processing 'fp32_add_18_DW01_sub_1_DW01_sub_82'
  Processing 'fp32_add_18_DW01_add_1_DW01_add_51'
  Processing 'fp32_add_18_DW01_ash_1_DW01_ash_37'
  Processing 'fp32_add_18_DW01_sub_2_DW01_sub_83'
  Processing 'fp32_add_18_DW_rash_0_DW_rash_19'
  Processing 'fp32_add_18_DW01_cmp2_2_DW01_cmp2_137'
  Processing 'fp32_add_18_DW01_sub_3_DW01_sub_84'
  Processing 'fp32_add_18_DW01_cmp2_3_DW01_cmp2_138'
  Processing 'fp32_mul_3_DW01_cmp2_0_DW01_cmp2_139'
  Processing 'fp32_mul_3_DW01_cmp2_1_DW01_cmp2_140'
  Processing 'fp32_mul_3_DW01_inc_0_DW01_inc_44'
  Processing 'fp32_mul_3_DW01_add_0_DW01_add_52'
  Processing 'fp32_exp_3_DW01_cmp2_0_DW01_cmp2_141'
  Processing 'fp32_exp_3_DW01_cmp2_1_DW01_cmp2_142'
  Processing 'fp32_exp_3_DW01_sub_0_DW01_sub_85'
  Processing 'fp32_exp_3_DW01_sub_1_DW01_sub_86'
  Processing 'fp32_exp_3_DW01_cmp2_2_DW01_cmp2_143'
  Processing 'fp32_exp_3_DW01_cmp6_0_DW01_cmp6_24'
  Processing 'fp32_exp_3_DW_rash_0_DW_rash_20'
  Processing 'fp32_exp_3_DW01_sub_2_DW01_sub_87'
  Processing 'fp32_exp_3_DW01_ash_0_DW01_ash_38'
  Processing 'fp32_exp_3_DW01_cmp2_3_DW01_cmp2_144'
  Processing 'fp32_exp_3_DW01_sub_3_DW01_sub_88'
  Processing 'fp32_exp_3_DW01_cmp2_4_DW01_cmp2_145'
  Processing 'fp32_exp_3_DW01_cmp2_5_DW01_cmp2_146'
  Processing 'fp32_exp_3_DW01_sub_4_DW01_sub_89'
  Processing 'fp32_add_19_DW01_cmp2_0_DW01_cmp2_147'
  Processing 'fp32_add_19_DW01_inc_0_DW01_inc_45'
  Processing 'fp32_add_19_DW01_add_0_DW01_add_53'
  Processing 'fp32_add_19_DW01_sub_0_DW01_sub_90'
  Processing 'fp32_add_19_DW01_cmp2_1_DW01_cmp2_148'
  Processing 'fp32_add_19_DW01_ash_0_DW01_ash_39'
  Processing 'fp32_add_19_DW01_inc_1_DW01_inc_46'
  Processing 'fp32_add_19_DW01_sub_1_DW01_sub_91'
  Processing 'fp32_add_19_DW01_add_1_DW01_add_54'
  Processing 'fp32_add_19_DW01_ash_1_DW01_ash_40'
  Processing 'fp32_add_19_DW01_sub_2_DW01_sub_92'
  Processing 'fp32_add_19_DW_rash_0_DW_rash_21'
  Processing 'fp32_add_19_DW01_cmp2_2_DW01_cmp2_149'
  Processing 'fp32_add_19_DW01_sub_3_DW01_sub_93'
  Processing 'fp32_add_19_DW01_cmp2_3_DW01_cmp2_150'
  Processing 'fp32_mul_4_DW01_cmp2_0_DW01_cmp2_151'
  Processing 'fp32_mul_4_DW01_cmp2_1_DW01_cmp2_152'
  Processing 'fp32_mul_4_DW01_inc_0_DW01_inc_47'
  Processing 'fp32_mul_4_DW01_add_0_DW01_add_55'
  Processing 'fp32_exp_4_DW01_cmp2_0_DW01_cmp2_153'
  Processing 'fp32_exp_4_DW01_cmp2_1_DW01_cmp2_154'
  Processing 'fp32_exp_4_DW01_sub_0_DW01_sub_94'
  Processing 'fp32_exp_4_DW01_sub_1_DW01_sub_95'
  Processing 'fp32_exp_4_DW01_cmp2_2_DW01_cmp2_155'
  Processing 'fp32_exp_4_DW01_cmp6_0_DW01_cmp6_25'
  Processing 'fp32_exp_4_DW_rash_0_DW_rash_22'
  Processing 'fp32_exp_4_DW01_sub_2_DW01_sub_96'
  Processing 'fp32_exp_4_DW01_ash_0_DW01_ash_41'
  Processing 'fp32_exp_4_DW01_cmp2_3_DW01_cmp2_156'
  Processing 'fp32_exp_4_DW01_sub_3_DW01_sub_97'
  Processing 'fp32_exp_4_DW01_cmp2_4_DW01_cmp2_157'
  Processing 'fp32_exp_4_DW01_cmp2_5_DW01_cmp2_158'
  Processing 'fp32_exp_4_DW01_sub_4_DW01_sub_98'
  Processing 'fp32_add_20_DW01_cmp2_0_DW01_cmp2_159'
  Processing 'fp32_add_20_DW01_inc_0_DW01_inc_48'
  Processing 'fp32_add_20_DW01_add_0_DW01_add_56'
  Processing 'fp32_add_20_DW01_sub_0_DW01_sub_99'
  Processing 'fp32_add_20_DW01_cmp2_1_DW01_cmp2_160'
  Processing 'fp32_add_20_DW01_ash_0_DW01_ash_42'
  Processing 'fp32_add_20_DW01_inc_1_DW01_inc_49'
  Processing 'fp32_add_20_DW01_sub_1_DW01_sub_100'
  Processing 'fp32_add_20_DW01_add_1_DW01_add_57'
  Processing 'fp32_add_20_DW01_ash_1_DW01_ash_43'
  Processing 'fp32_add_20_DW01_sub_2_DW01_sub_101'
  Processing 'fp32_add_20_DW_rash_0_DW_rash_23'
  Processing 'fp32_add_20_DW01_cmp2_2_DW01_cmp2_161'
  Processing 'fp32_add_20_DW01_sub_3_DW01_sub_102'
  Processing 'fp32_add_20_DW01_cmp2_3_DW01_cmp2_162'
  Processing 'fp32_mul_5_DW01_cmp2_0_DW01_cmp2_163'
  Processing 'fp32_mul_5_DW01_cmp2_1_DW01_cmp2_164'
  Processing 'fp32_mul_5_DW01_inc_0_DW01_inc_50'
  Processing 'fp32_mul_5_DW01_add_0_DW01_add_58'
  Processing 'fp32_exp_5_DW01_cmp2_0_DW01_cmp2_165'
  Processing 'fp32_exp_5_DW01_cmp2_1_DW01_cmp2_166'
  Processing 'fp32_exp_5_DW01_sub_0_DW01_sub_103'
  Processing 'fp32_exp_5_DW01_sub_1_DW01_sub_104'
  Processing 'fp32_exp_5_DW01_cmp2_2_DW01_cmp2_167'
  Processing 'fp32_exp_5_DW01_cmp6_0_DW01_cmp6_26'
  Processing 'fp32_exp_5_DW_rash_0_DW_rash_24'
  Processing 'fp32_exp_5_DW01_sub_2_DW01_sub_105'
  Processing 'fp32_exp_5_DW01_ash_0_DW01_ash_44'
  Processing 'fp32_exp_5_DW01_cmp2_3_DW01_cmp2_168'
  Processing 'fp32_exp_5_DW01_sub_3_DW01_sub_106'
  Processing 'fp32_exp_5_DW01_cmp2_4_DW01_cmp2_169'
  Processing 'fp32_exp_5_DW01_cmp2_5_DW01_cmp2_170'
  Processing 'fp32_exp_5_DW01_sub_4_DW01_sub_107'
  Processing 'fp32_add_21_DW01_cmp2_0_DW01_cmp2_171'
  Processing 'fp32_add_21_DW01_inc_0_DW01_inc_51'
  Processing 'fp32_add_21_DW01_add_0_DW01_add_59'
  Processing 'fp32_add_21_DW01_sub_0_DW01_sub_108'
  Processing 'fp32_add_21_DW01_cmp2_1_DW01_cmp2_172'
  Processing 'fp32_add_21_DW01_ash_0_DW01_ash_45'
  Processing 'fp32_add_21_DW01_inc_1_DW01_inc_52'
  Processing 'fp32_add_21_DW01_sub_1_DW01_sub_109'
  Processing 'fp32_add_21_DW01_add_1_DW01_add_60'
  Processing 'fp32_add_21_DW01_ash_1_DW01_ash_46'
  Processing 'fp32_add_21_DW01_sub_2_DW01_sub_110'
  Processing 'fp32_add_21_DW_rash_0_DW_rash_25'
  Processing 'fp32_add_21_DW01_cmp2_2_DW01_cmp2_173'
  Processing 'fp32_add_21_DW01_sub_3_DW01_sub_111'
  Processing 'fp32_add_21_DW01_cmp2_3_DW01_cmp2_174'
  Processing 'fp32_mul_6_DW01_cmp2_0_DW01_cmp2_175'
  Processing 'fp32_mul_6_DW01_cmp2_1_DW01_cmp2_176'
  Processing 'fp32_mul_6_DW01_inc_0_DW01_inc_53'
  Processing 'fp32_mul_6_DW01_add_0_DW01_add_61'
  Processing 'fp32_exp_6_DW01_cmp2_0_DW01_cmp2_177'
  Processing 'fp32_exp_6_DW01_cmp2_1_DW01_cmp2_178'
  Processing 'fp32_exp_6_DW01_sub_0_DW01_sub_112'
  Processing 'fp32_exp_6_DW01_sub_1_DW01_sub_113'
  Processing 'fp32_exp_6_DW01_cmp2_2_DW01_cmp2_179'
  Processing 'fp32_exp_6_DW01_cmp6_0_DW01_cmp6_27'
  Processing 'fp32_exp_6_DW_rash_0_DW_rash_26'
  Processing 'fp32_exp_6_DW01_sub_2_DW01_sub_114'
  Processing 'fp32_exp_6_DW01_ash_0_DW01_ash_47'
  Processing 'fp32_exp_6_DW01_cmp2_3_DW01_cmp2_180'
  Processing 'fp32_exp_6_DW01_sub_3_DW01_sub_115'
  Processing 'fp32_exp_6_DW01_cmp2_4_DW01_cmp2_181'
  Processing 'fp32_exp_6_DW01_cmp2_5_DW01_cmp2_182'
  Processing 'fp32_exp_6_DW01_sub_4_DW01_sub_116'
  Processing 'fp32_add_22_DW01_cmp2_0_DW01_cmp2_183'
  Processing 'fp32_add_22_DW01_inc_0_DW01_inc_54'
  Processing 'fp32_add_22_DW01_add_0_DW01_add_62'
  Processing 'fp32_add_22_DW01_sub_0_DW01_sub_117'
  Processing 'fp32_add_22_DW01_cmp2_1_DW01_cmp2_184'
  Processing 'fp32_add_22_DW01_ash_0_DW01_ash_48'
  Processing 'fp32_add_22_DW01_inc_1_DW01_inc_55'
  Processing 'fp32_add_22_DW01_sub_1_DW01_sub_118'
  Processing 'fp32_add_22_DW01_add_1_DW01_add_63'
  Processing 'fp32_add_22_DW01_ash_1_DW01_ash_49'
  Processing 'fp32_add_22_DW01_sub_2_DW01_sub_119'
  Processing 'fp32_add_22_DW_rash_0_DW_rash_27'
  Processing 'fp32_add_22_DW01_cmp2_2_DW01_cmp2_185'
  Processing 'fp32_add_22_DW01_sub_3_DW01_sub_120'
  Processing 'fp32_add_22_DW01_cmp2_3_DW01_cmp2_186'
  Processing 'fp32_mul_7_DW01_cmp2_0_DW01_cmp2_187'
  Processing 'fp32_mul_7_DW01_cmp2_1_DW01_cmp2_188'
  Processing 'fp32_mul_7_DW01_inc_0_DW01_inc_56'
  Processing 'fp32_mul_7_DW01_add_0_DW01_add_64'
  Processing 'fp32_exp_7_DW01_cmp2_0_DW01_cmp2_189'
  Processing 'fp32_exp_7_DW01_cmp2_1_DW01_cmp2_190'
  Processing 'fp32_exp_7_DW01_sub_0_DW01_sub_121'
  Processing 'fp32_exp_7_DW01_sub_1_DW01_sub_122'
  Processing 'fp32_exp_7_DW01_cmp2_2_DW01_cmp2_191'
  Processing 'fp32_exp_7_DW01_cmp6_0_DW01_cmp6_28'
  Processing 'fp32_exp_7_DW_rash_0_DW_rash_28'
  Processing 'fp32_exp_7_DW01_sub_2_DW01_sub_123'
  Processing 'fp32_exp_7_DW01_ash_0_DW01_ash_50'
  Processing 'fp32_exp_7_DW01_cmp2_3_DW01_cmp2_192'
  Processing 'fp32_exp_7_DW01_sub_3_DW01_sub_124'
  Processing 'fp32_exp_7_DW01_cmp2_4_DW01_cmp2_193'
  Processing 'fp32_exp_7_DW01_cmp2_5_DW01_cmp2_194'
  Processing 'fp32_exp_7_DW01_sub_4_DW01_sub_125'
  Processing 'fp32_add_23_DW01_cmp2_0_DW01_cmp2_195'
  Processing 'fp32_add_23_DW01_inc_0_DW01_inc_57'
  Processing 'fp32_add_23_DW01_add_0_DW01_add_65'
  Processing 'fp32_add_23_DW01_sub_0_DW01_sub_126'
  Processing 'fp32_add_23_DW01_cmp2_1_DW01_cmp2_196'
  Processing 'fp32_add_23_DW01_ash_0_DW01_ash_51'
  Processing 'fp32_add_23_DW01_inc_1_DW01_inc_58'
  Processing 'fp32_add_23_DW01_sub_1_DW01_sub_127'
  Processing 'fp32_add_23_DW01_add_1_DW01_add_66'
  Processing 'fp32_add_23_DW01_ash_1_DW01_ash_52'
  Processing 'fp32_add_23_DW01_sub_2_DW01_sub_128'
  Processing 'fp32_add_23_DW_rash_0_DW_rash_29'
  Processing 'fp32_add_23_DW01_cmp2_2_DW01_cmp2_197'
  Processing 'fp32_add_23_DW01_sub_3_DW01_sub_129'
  Processing 'fp32_add_23_DW01_cmp2_3_DW01_cmp2_198'
  Processing 'fp32_mul_8_DW01_cmp2_0_DW01_cmp2_199'
  Processing 'fp32_mul_8_DW01_cmp2_1_DW01_cmp2_200'
  Processing 'fp32_mul_8_DW01_inc_0_DW01_inc_59'
  Processing 'fp32_mul_8_DW01_add_0_DW01_add_67'
  Processing 'fp32_exp_8_DW01_cmp2_0_DW01_cmp2_201'
  Processing 'fp32_exp_8_DW01_cmp2_1_DW01_cmp2_202'
  Processing 'fp32_exp_8_DW01_sub_0_DW01_sub_130'
  Processing 'fp32_exp_8_DW01_sub_1_DW01_sub_131'
  Processing 'fp32_exp_8_DW01_cmp2_2_DW01_cmp2_203'
  Processing 'fp32_exp_8_DW01_cmp6_0_DW01_cmp6_29'
  Processing 'fp32_exp_8_DW_rash_0_DW_rash_30'
  Processing 'fp32_exp_8_DW01_sub_2_DW01_sub_132'
  Processing 'fp32_exp_8_DW01_ash_0_DW01_ash_53'
  Processing 'fp32_exp_8_DW01_cmp2_3_DW01_cmp2_204'
  Processing 'fp32_exp_8_DW01_sub_3_DW01_sub_133'
  Processing 'fp32_exp_8_DW01_cmp2_4_DW01_cmp2_205'
  Processing 'fp32_exp_8_DW01_cmp2_5_DW01_cmp2_206'
  Processing 'fp32_exp_8_DW01_sub_4_DW01_sub_134'
  Processing 'fp32_add_24_DW01_cmp2_0_DW01_cmp2_207'
  Processing 'fp32_add_24_DW01_inc_0_DW01_inc_60'
  Processing 'fp32_add_24_DW01_add_0_DW01_add_68'
  Processing 'fp32_add_24_DW01_sub_0_DW01_sub_135'
  Processing 'fp32_add_24_DW01_cmp2_1_DW01_cmp2_208'
  Processing 'fp32_add_24_DW01_ash_0_DW01_ash_54'
  Processing 'fp32_add_24_DW01_inc_1_DW01_inc_61'
  Processing 'fp32_add_24_DW01_sub_1_DW01_sub_136'
  Processing 'fp32_add_24_DW01_add_1_DW01_add_69'
  Processing 'fp32_add_24_DW01_ash_1_DW01_ash_55'
  Processing 'fp32_add_24_DW01_sub_2_DW01_sub_137'
  Processing 'fp32_add_24_DW_rash_0_DW_rash_31'
  Processing 'fp32_add_24_DW01_cmp2_2_DW01_cmp2_209'
  Processing 'fp32_add_24_DW01_sub_3_DW01_sub_138'
  Processing 'fp32_add_24_DW01_cmp2_3_DW01_cmp2_210'
  Processing 'fp32_mul_9_DW01_cmp2_0_DW01_cmp2_211'
  Processing 'fp32_mul_9_DW01_cmp2_1_DW01_cmp2_212'
  Processing 'fp32_mul_9_DW01_inc_0_DW01_inc_62'
  Processing 'fp32_mul_9_DW01_add_0_DW01_add_70'
  Processing 'fp32_exp_9_DW01_cmp2_0_DW01_cmp2_213'
  Processing 'fp32_exp_9_DW01_cmp2_1_DW01_cmp2_214'
  Processing 'fp32_exp_9_DW01_sub_0_DW01_sub_139'
  Processing 'fp32_exp_9_DW01_sub_1_DW01_sub_140'
  Processing 'fp32_exp_9_DW01_cmp2_2_DW01_cmp2_215'
  Processing 'fp32_exp_9_DW01_cmp6_0_DW01_cmp6_30'
  Processing 'fp32_exp_9_DW_rash_0_DW_rash_32'
  Processing 'fp32_exp_9_DW01_sub_2_DW01_sub_141'
  Processing 'fp32_exp_9_DW01_ash_0_DW01_ash_56'
  Processing 'fp32_exp_9_DW01_cmp2_3_DW01_cmp2_216'
  Processing 'fp32_exp_9_DW01_sub_3_DW01_sub_142'
  Processing 'fp32_exp_9_DW01_cmp2_4_DW01_cmp2_217'
  Processing 'fp32_exp_9_DW01_cmp2_5_DW01_cmp2_218'
  Processing 'fp32_exp_9_DW01_sub_4_DW01_sub_143'
  Processing 'fp32_add_25_DW01_cmp2_0_DW01_cmp2_219'
  Processing 'fp32_add_25_DW01_inc_0_DW01_inc_63'
  Processing 'fp32_add_25_DW01_add_0_DW01_add_71'
  Processing 'fp32_add_25_DW01_sub_0_DW01_sub_144'
  Processing 'fp32_add_25_DW01_cmp2_1_DW01_cmp2_220'
  Processing 'fp32_add_25_DW01_ash_0_DW01_ash_57'
  Processing 'fp32_add_25_DW01_inc_1_DW01_inc_64'
  Processing 'fp32_add_25_DW01_sub_1_DW01_sub_145'
  Processing 'fp32_add_25_DW01_add_1_DW01_add_72'
  Processing 'fp32_add_25_DW01_ash_1_DW01_ash_58'
  Processing 'fp32_add_25_DW01_sub_2_DW01_sub_146'
  Processing 'fp32_add_25_DW_rash_0_DW_rash_33'
  Processing 'fp32_add_25_DW01_cmp2_2_DW01_cmp2_221'
  Processing 'fp32_add_25_DW01_sub_3_DW01_sub_147'
  Processing 'fp32_add_25_DW01_cmp2_3_DW01_cmp2_222'
  Processing 'fp32_mul_10_DW01_cmp2_0_DW01_cmp2_223'
  Processing 'fp32_mul_10_DW01_cmp2_1_DW01_cmp2_224'
  Processing 'fp32_mul_10_DW01_inc_0_DW01_inc_65'
  Processing 'fp32_mul_10_DW01_add_0_DW01_add_73'
  Processing 'fp32_exp_10_DW01_cmp2_0_DW01_cmp2_225'
  Processing 'fp32_exp_10_DW01_cmp2_1_DW01_cmp2_226'
  Processing 'fp32_exp_10_DW01_sub_0_DW01_sub_148'
  Processing 'fp32_exp_10_DW01_sub_1_DW01_sub_149'
  Processing 'fp32_exp_10_DW01_cmp2_2_DW01_cmp2_227'
  Processing 'fp32_exp_10_DW01_cmp6_0_DW01_cmp6_31'
  Processing 'fp32_exp_10_DW_rash_0_DW_rash_34'
  Processing 'fp32_exp_10_DW01_sub_2_DW01_sub_150'
  Processing 'fp32_exp_10_DW01_ash_0_DW01_ash_59'
  Processing 'fp32_exp_10_DW01_cmp2_3_DW01_cmp2_228'
  Processing 'fp32_exp_10_DW01_sub_3_DW01_sub_151'
  Processing 'fp32_exp_10_DW01_cmp2_4_DW01_cmp2_229'
  Processing 'fp32_exp_10_DW01_cmp2_5_DW01_cmp2_230'
  Processing 'fp32_exp_10_DW01_sub_4_DW01_sub_152'
  Processing 'fp32_add_26_DW01_cmp2_0_DW01_cmp2_231'
  Processing 'fp32_add_26_DW01_inc_0_DW01_inc_66'
  Processing 'fp32_add_26_DW01_add_0_DW01_add_74'
  Processing 'fp32_add_26_DW01_sub_0_DW01_sub_153'
  Processing 'fp32_add_26_DW01_cmp2_1_DW01_cmp2_232'
  Processing 'fp32_add_26_DW01_ash_0_DW01_ash_60'
  Processing 'fp32_add_26_DW01_inc_1_DW01_inc_67'
  Processing 'fp32_add_26_DW01_sub_1_DW01_sub_154'
  Processing 'fp32_add_26_DW01_add_1_DW01_add_75'
  Processing 'fp32_add_26_DW01_ash_1_DW01_ash_61'
  Processing 'fp32_add_26_DW01_sub_2_DW01_sub_155'
  Processing 'fp32_add_26_DW_rash_0_DW_rash_35'
  Processing 'fp32_add_26_DW01_cmp2_2_DW01_cmp2_233'
  Processing 'fp32_add_26_DW01_sub_3_DW01_sub_156'
  Processing 'fp32_add_26_DW01_cmp2_3_DW01_cmp2_234'
  Processing 'fp32_mul_11_DW01_cmp2_0_DW01_cmp2_235'
  Processing 'fp32_mul_11_DW01_cmp2_1_DW01_cmp2_236'
  Processing 'fp32_mul_11_DW01_inc_0_DW01_inc_68'
  Processing 'fp32_mul_11_DW01_add_0_DW01_add_76'
  Processing 'fp32_exp_11_DW01_cmp2_0_DW01_cmp2_237'
  Processing 'fp32_exp_11_DW01_cmp2_1_DW01_cmp2_238'
  Processing 'fp32_exp_11_DW01_sub_0_DW01_sub_157'
  Processing 'fp32_exp_11_DW01_sub_1_DW01_sub_158'
  Processing 'fp32_exp_11_DW01_cmp2_2_DW01_cmp2_239'
  Processing 'fp32_exp_11_DW01_cmp6_0_DW01_cmp6_32'
  Processing 'fp32_exp_11_DW_rash_0_DW_rash_36'
  Processing 'fp32_exp_11_DW01_sub_2_DW01_sub_159'
  Processing 'fp32_exp_11_DW01_ash_0_DW01_ash_62'
  Processing 'fp32_exp_11_DW01_cmp2_3_DW01_cmp2_240'
  Processing 'fp32_exp_11_DW01_sub_3_DW01_sub_160'
  Processing 'fp32_exp_11_DW01_cmp2_4_DW01_cmp2_241'
  Processing 'fp32_exp_11_DW01_cmp2_5_DW01_cmp2_242'
  Processing 'fp32_exp_11_DW01_sub_4_DW01_sub_161'
  Processing 'fp32_add_27_DW01_cmp2_0_DW01_cmp2_243'
  Processing 'fp32_add_27_DW01_inc_0_DW01_inc_69'
  Processing 'fp32_add_27_DW01_add_0_DW01_add_77'
  Processing 'fp32_add_27_DW01_sub_0_DW01_sub_162'
  Processing 'fp32_add_27_DW01_cmp2_1_DW01_cmp2_244'
  Processing 'fp32_add_27_DW01_ash_0_DW01_ash_63'
  Processing 'fp32_add_27_DW01_inc_1_DW01_inc_70'
  Processing 'fp32_add_27_DW01_sub_1_DW01_sub_163'
  Processing 'fp32_add_27_DW01_add_1_DW01_add_78'
  Processing 'fp32_add_27_DW01_ash_1_DW01_ash_64'
  Processing 'fp32_add_27_DW01_sub_2_DW01_sub_164'
  Processing 'fp32_add_27_DW_rash_0_DW_rash_37'
  Processing 'fp32_add_27_DW01_cmp2_2_DW01_cmp2_245'
  Processing 'fp32_add_27_DW01_sub_3_DW01_sub_165'
  Processing 'fp32_add_27_DW01_cmp2_3_DW01_cmp2_246'
  Processing 'fp32_mul_12_DW01_cmp2_0_DW01_cmp2_247'
  Processing 'fp32_mul_12_DW01_cmp2_1_DW01_cmp2_248'
  Processing 'fp32_mul_12_DW01_inc_0_DW01_inc_71'
  Processing 'fp32_mul_12_DW01_add_0_DW01_add_79'
  Processing 'fp32_exp_12_DW01_cmp2_0_DW01_cmp2_249'
  Processing 'fp32_exp_12_DW01_cmp2_1_DW01_cmp2_250'
  Processing 'fp32_exp_12_DW01_sub_0_DW01_sub_166'
  Processing 'fp32_exp_12_DW01_sub_1_DW01_sub_167'
  Processing 'fp32_exp_12_DW01_cmp2_2_DW01_cmp2_251'
  Processing 'fp32_exp_12_DW01_cmp6_0_DW01_cmp6_33'
  Processing 'fp32_exp_12_DW_rash_0_DW_rash_38'
  Processing 'fp32_exp_12_DW01_sub_2_DW01_sub_168'
  Processing 'fp32_exp_12_DW01_ash_0_DW01_ash_65'
  Processing 'fp32_exp_12_DW01_cmp2_3_DW01_cmp2_252'
  Processing 'fp32_exp_12_DW01_sub_3_DW01_sub_169'
  Processing 'fp32_exp_12_DW01_cmp2_4_DW01_cmp2_253'
  Processing 'fp32_exp_12_DW01_cmp2_5_DW01_cmp2_254'
  Processing 'fp32_exp_12_DW01_sub_4_DW01_sub_170'
  Processing 'fp32_add_28_DW01_cmp2_0_DW01_cmp2_255'
  Processing 'fp32_add_28_DW01_inc_0_DW01_inc_72'
  Processing 'fp32_add_28_DW01_add_0_DW01_add_80'
  Processing 'fp32_add_28_DW01_sub_0_DW01_sub_171'
  Processing 'fp32_add_28_DW01_cmp2_1_DW01_cmp2_256'
  Processing 'fp32_add_28_DW01_ash_0_DW01_ash_66'
  Processing 'fp32_add_28_DW01_inc_1_DW01_inc_73'
  Processing 'fp32_add_28_DW01_sub_1_DW01_sub_172'
  Processing 'fp32_add_28_DW01_add_1_DW01_add_81'
  Processing 'fp32_add_28_DW01_ash_1_DW01_ash_67'
  Processing 'fp32_add_28_DW01_sub_2_DW01_sub_173'
  Processing 'fp32_add_28_DW_rash_0_DW_rash_39'
  Processing 'fp32_add_28_DW01_cmp2_2_DW01_cmp2_257'
  Processing 'fp32_add_28_DW01_sub_3_DW01_sub_174'
  Processing 'fp32_add_28_DW01_cmp2_3_DW01_cmp2_258'
  Processing 'fp32_mul_13_DW01_cmp2_0_DW01_cmp2_259'
  Processing 'fp32_mul_13_DW01_cmp2_1_DW01_cmp2_260'
  Processing 'fp32_mul_13_DW01_inc_0_DW01_inc_74'
  Processing 'fp32_mul_13_DW01_add_0_DW01_add_82'
  Processing 'fp32_exp_13_DW01_cmp2_0_DW01_cmp2_261'
  Processing 'fp32_exp_13_DW01_cmp2_1_DW01_cmp2_262'
  Processing 'fp32_exp_13_DW01_sub_0_DW01_sub_175'
  Processing 'fp32_exp_13_DW01_sub_1_DW01_sub_176'
  Processing 'fp32_exp_13_DW01_cmp2_2_DW01_cmp2_263'
  Processing 'fp32_exp_13_DW01_cmp6_0_DW01_cmp6_34'
  Processing 'fp32_exp_13_DW_rash_0_DW_rash_40'
  Processing 'fp32_exp_13_DW01_sub_2_DW01_sub_177'
  Processing 'fp32_exp_13_DW01_ash_0_DW01_ash_68'
  Processing 'fp32_exp_13_DW01_cmp2_3_DW01_cmp2_264'
  Processing 'fp32_exp_13_DW01_sub_3_DW01_sub_178'
  Processing 'fp32_exp_13_DW01_cmp2_4_DW01_cmp2_265'
  Processing 'fp32_exp_13_DW01_cmp2_5_DW01_cmp2_266'
  Processing 'fp32_exp_13_DW01_sub_4_DW01_sub_179'
  Processing 'fp32_add_29_DW01_cmp2_0_DW01_cmp2_267'
  Processing 'fp32_add_29_DW01_inc_0_DW01_inc_75'
  Processing 'fp32_add_29_DW01_add_0_DW01_add_83'
  Processing 'fp32_add_29_DW01_sub_0_DW01_sub_180'
  Processing 'fp32_add_29_DW01_cmp2_1_DW01_cmp2_268'
  Processing 'fp32_add_29_DW01_ash_0_DW01_ash_69'
  Processing 'fp32_add_29_DW01_inc_1_DW01_inc_76'
  Processing 'fp32_add_29_DW01_sub_1_DW01_sub_181'
  Processing 'fp32_add_29_DW01_add_1_DW01_add_84'
  Processing 'fp32_add_29_DW01_ash_1_DW01_ash_70'
  Processing 'fp32_add_29_DW01_sub_2_DW01_sub_182'
  Processing 'fp32_add_29_DW_rash_0_DW_rash_41'
  Processing 'fp32_add_29_DW01_cmp2_2_DW01_cmp2_269'
  Processing 'fp32_add_29_DW01_sub_3_DW01_sub_183'
  Processing 'fp32_add_29_DW01_cmp2_3_DW01_cmp2_270'
  Processing 'fp32_mul_14_DW01_cmp2_0_DW01_cmp2_271'
  Processing 'fp32_mul_14_DW01_cmp2_1_DW01_cmp2_272'
  Processing 'fp32_mul_14_DW01_inc_0_DW01_inc_77'
  Processing 'fp32_mul_14_DW01_add_0_DW01_add_85'
  Processing 'fp32_exp_14_DW01_cmp2_0_DW01_cmp2_273'
  Processing 'fp32_exp_14_DW01_cmp2_1_DW01_cmp2_274'
  Processing 'fp32_exp_14_DW01_sub_0_DW01_sub_184'
  Processing 'fp32_exp_14_DW01_sub_1_DW01_sub_185'
  Processing 'fp32_exp_14_DW01_cmp2_2_DW01_cmp2_275'
  Processing 'fp32_exp_14_DW01_cmp6_0_DW01_cmp6_35'
  Processing 'fp32_exp_14_DW_rash_0_DW_rash_42'
  Processing 'fp32_exp_14_DW01_sub_2_DW01_sub_186'
  Processing 'fp32_exp_14_DW01_ash_0_DW01_ash_71'
  Processing 'fp32_exp_14_DW01_cmp2_3_DW01_cmp2_276'
  Processing 'fp32_exp_14_DW01_sub_3_DW01_sub_187'
  Processing 'fp32_exp_14_DW01_cmp2_4_DW01_cmp2_277'
  Processing 'fp32_exp_14_DW01_cmp2_5_DW01_cmp2_278'
  Processing 'fp32_exp_14_DW01_sub_4_DW01_sub_188'
  Processing 'fp32_add_30_DW01_cmp2_0_DW01_cmp2_279'
  Processing 'fp32_add_30_DW01_inc_0_DW01_inc_78'
  Processing 'fp32_add_30_DW01_add_0_DW01_add_86'
  Processing 'fp32_add_30_DW01_sub_0_DW01_sub_189'
  Processing 'fp32_add_30_DW01_cmp2_1_DW01_cmp2_280'
  Processing 'fp32_add_30_DW01_ash_0_DW01_ash_72'
  Processing 'fp32_add_30_DW01_inc_1_DW01_inc_79'
  Processing 'fp32_add_30_DW01_sub_1_DW01_sub_190'
  Processing 'fp32_add_30_DW01_add_1_DW01_add_87'
  Processing 'fp32_add_30_DW01_ash_1_DW01_ash_73'
  Processing 'fp32_add_30_DW01_sub_2_DW01_sub_191'
  Processing 'fp32_add_30_DW_rash_0_DW_rash_43'
  Processing 'fp32_add_30_DW01_cmp2_2_DW01_cmp2_281'
  Processing 'fp32_add_30_DW01_sub_3_DW01_sub_192'
  Processing 'fp32_add_30_DW01_cmp2_3_DW01_cmp2_282'
  Processing 'fp32_mul_15_DW01_cmp2_0_DW01_cmp2_283'
  Processing 'fp32_mul_15_DW01_cmp2_1_DW01_cmp2_284'
  Processing 'fp32_mul_15_DW01_inc_0_DW01_inc_80'
  Processing 'fp32_mul_15_DW01_add_0_DW01_add_88'
  Processing 'fp32_exp_15_DW01_cmp2_0_DW01_cmp2_285'
  Processing 'fp32_exp_15_DW01_cmp2_1_DW01_cmp2_286'
  Processing 'fp32_exp_15_DW01_sub_0_DW01_sub_193'
  Processing 'fp32_exp_15_DW01_sub_1_DW01_sub_194'
  Processing 'fp32_exp_15_DW01_cmp2_2_DW01_cmp2_287'
  Processing 'fp32_exp_15_DW01_cmp6_0_DW01_cmp6_36'
  Processing 'fp32_exp_15_DW_rash_0_DW_rash_44'
  Processing 'fp32_exp_15_DW01_sub_2_DW01_sub_195'
  Processing 'fp32_exp_15_DW01_ash_0_DW01_ash_74'
  Processing 'fp32_exp_15_DW01_cmp2_3_DW01_cmp2_288'
  Processing 'fp32_exp_15_DW01_sub_3_DW01_sub_196'
  Processing 'fp32_exp_15_DW01_cmp2_4_DW01_cmp2_289'
  Processing 'fp32_exp_15_DW01_cmp2_5_DW01_cmp2_290'
  Processing 'fp32_exp_15_DW01_sub_4_DW01_sub_197'
  Processing 'fp32_add_31_DW01_cmp2_0_DW01_cmp2_291'
  Processing 'fp32_add_31_DW01_inc_0_DW01_inc_81'
  Processing 'fp32_add_31_DW01_add_0_DW01_add_89'
  Processing 'fp32_add_31_DW01_sub_0_DW01_sub_198'
  Processing 'fp32_add_31_DW01_cmp2_1_DW01_cmp2_292'
  Processing 'fp32_add_31_DW01_ash_0_DW01_ash_75'
  Processing 'fp32_add_31_DW01_inc_1_DW01_inc_82'
  Processing 'fp32_add_31_DW01_sub_1_DW01_sub_199'
  Processing 'fp32_add_31_DW01_add_1_DW01_add_90'
  Processing 'fp32_add_31_DW01_ash_1_DW01_ash_76'
  Processing 'fp32_add_31_DW01_sub_2_DW01_sub_200'
  Processing 'fp32_add_31_DW_rash_0_DW_rash_45'
  Processing 'fp32_add_31_DW01_cmp2_2_DW01_cmp2_293'
  Processing 'fp32_add_31_DW01_sub_3_DW01_sub_201'
  Processing 'fp32_add_31_DW01_cmp2_3_DW01_cmp2_294'
  Processing 'fp32_mul_0_DW01_cmp2_0_DW01_cmp2_295'
  Processing 'fp32_mul_0_DW01_cmp2_1_DW01_cmp2_296'
  Processing 'fp32_mul_0_DW01_inc_0_DW01_inc_83'
  Processing 'fp32_mul_0_DW01_add_0_DW01_add_91'
  Processing 'fp32_exp_0_DW01_cmp2_0_DW01_cmp2_297'
  Processing 'fp32_exp_0_DW01_cmp2_1_DW01_cmp2_298'
  Processing 'fp32_exp_0_DW01_sub_0_DW01_sub_202'
  Processing 'fp32_exp_0_DW01_sub_1_DW01_sub_203'
  Processing 'fp32_exp_0_DW01_cmp2_2_DW01_cmp2_299'
  Processing 'fp32_exp_0_DW01_cmp6_0_DW01_cmp6_37'
  Processing 'fp32_exp_0_DW_rash_0_DW_rash_46'
  Processing 'fp32_exp_0_DW01_sub_2_DW01_sub_204'
  Processing 'fp32_exp_0_DW01_ash_0_DW01_ash_77'
  Processing 'fp32_exp_0_DW01_cmp2_3_DW01_cmp2_300'
  Processing 'fp32_exp_0_DW01_sub_3_DW01_sub_205'
  Processing 'fp32_exp_0_DW01_cmp2_4_DW01_cmp2_301'
  Processing 'fp32_exp_0_DW01_cmp2_5_DW01_cmp2_302'
  Processing 'fp32_exp_0_DW01_sub_4_DW01_sub_206'
  Processing 'fp32_add_0_DW01_cmp2_0_DW01_cmp2_303'
  Processing 'fp32_add_0_DW01_inc_0_DW01_inc_84'
  Processing 'fp32_add_0_DW01_add_0_DW01_add_92'
  Processing 'fp32_add_0_DW01_sub_0_DW01_sub_207'
  Processing 'fp32_add_0_DW01_cmp2_1_DW01_cmp2_304'
  Processing 'fp32_add_0_DW01_ash_0_DW01_ash_78'
  Processing 'fp32_add_0_DW01_inc_1_DW01_inc_85'
  Processing 'fp32_add_0_DW01_sub_1_DW01_sub_208'
  Processing 'fp32_add_0_DW01_add_1_DW01_add_93'
  Processing 'fp32_add_0_DW01_ash_1_DW01_ash_79'
  Processing 'fp32_add_0_DW01_sub_2_DW01_sub_209'
  Processing 'fp32_add_0_DW_rash_0_DW_rash_47'
  Processing 'fp32_add_0_DW01_cmp2_2_DW01_cmp2_305'
  Processing 'fp32_add_0_DW01_sub_3_DW01_sub_210'
  Processing 'fp32_add_0_DW01_cmp2_3_DW01_cmp2_306'
Warning: Target library does not contain any 2-1 multiplexor. (OPT-853)
  Processing 'fp16_add_1_DW01_inc_0_DW01_inc_86'
  Processing 'fp16_add_1_DW01_add_0_DW01_add_94'
  Processing 'fp16_add_1_DW01_sub_0_DW01_sub_211'
  Processing 'fp16_add_1_DW01_cmp2_0_DW01_cmp2_307'
  Processing 'fp16_add_1_DW01_ash_0_DW01_ash_80'
  Processing 'fp16_add_1_DW01_inc_1_DW01_inc_87'
  Processing 'fp16_add_1_DW01_sub_1_DW01_sub_212'
  Processing 'fp16_add_1_DW01_add_1_DW01_add_95'
  Processing 'fp16_add_1_DW01_ash_1_DW01_ash_81'
  Processing 'fp16_add_1_DW01_sub_2_DW01_sub_213'
  Processing 'fp16_add_1_DW_rash_0_DW_rash_48'
  Processing 'fp16_add_1_DW01_cmp2_1_DW01_cmp2_308'
  Processing 'fp16_add_1_DW01_sub_3_DW01_sub_214'
  Processing 'fp16_add_1_DW01_cmp2_2_DW01_cmp2_309'
  Processing 'fp16_add_2_DW01_inc_0_DW01_inc_88'
  Processing 'fp16_add_2_DW01_add_0_DW01_add_96'
  Processing 'fp16_add_2_DW01_sub_0_DW01_sub_215'
  Processing 'fp16_add_2_DW01_cmp2_0_DW01_cmp2_310'
  Processing 'fp16_add_2_DW01_ash_0_DW01_ash_82'
  Processing 'fp16_add_2_DW01_inc_1_DW01_inc_89'
  Processing 'fp16_add_2_DW01_sub_1_DW01_sub_216'
  Processing 'fp16_add_2_DW01_add_1_DW01_add_97'
  Processing 'fp16_add_2_DW01_ash_1_DW01_ash_83'
  Processing 'fp16_add_2_DW01_sub_2_DW01_sub_217'
  Processing 'fp16_add_2_DW_rash_0_DW_rash_49'
  Processing 'fp16_add_2_DW01_cmp2_1_DW01_cmp2_311'
  Processing 'fp16_add_2_DW01_sub_3_DW01_sub_218'
  Processing 'fp16_add_2_DW01_cmp2_2_DW01_cmp2_312'
  Processing 'fp16_add_3_DW01_inc_0_DW01_inc_90'
  Processing 'fp16_add_3_DW01_add_0_DW01_add_98'
  Processing 'fp16_add_3_DW01_sub_0_DW01_sub_219'
  Processing 'fp16_add_3_DW01_cmp2_0_DW01_cmp2_313'
  Processing 'fp16_add_3_DW01_ash_0_DW01_ash_84'
  Processing 'fp16_add_3_DW01_inc_1_DW01_inc_91'
  Processing 'fp16_add_3_DW01_sub_1_DW01_sub_220'
  Processing 'fp16_add_3_DW01_add_1_DW01_add_99'
  Processing 'fp16_add_3_DW01_ash_1_DW01_ash_85'
  Processing 'fp16_add_3_DW01_sub_2_DW01_sub_221'
  Processing 'fp16_add_3_DW_rash_0_DW_rash_50'
  Processing 'fp16_add_3_DW01_cmp2_1_DW01_cmp2_314'
  Processing 'fp16_add_3_DW01_sub_3_DW01_sub_222'
  Processing 'fp16_add_3_DW01_cmp2_2_DW01_cmp2_315'
  Processing 'fp16_add_4_DW01_inc_0_DW01_inc_92'
  Processing 'fp16_add_4_DW01_add_0_DW01_add_100'
  Processing 'fp16_add_4_DW01_sub_0_DW01_sub_223'
  Processing 'fp16_add_4_DW01_cmp2_0_DW01_cmp2_316'
  Processing 'fp16_add_4_DW01_ash_0_DW01_ash_86'
  Processing 'fp16_add_4_DW01_inc_1_DW01_inc_93'
  Processing 'fp16_add_4_DW01_sub_1_DW01_sub_224'
  Processing 'fp16_add_4_DW01_add_1_DW01_add_101'
  Processing 'fp16_add_4_DW01_ash_1_DW01_ash_87'
  Processing 'fp16_add_4_DW01_sub_2_DW01_sub_225'
  Processing 'fp16_add_4_DW_rash_0_DW_rash_51'
  Processing 'fp16_add_4_DW01_cmp2_1_DW01_cmp2_317'
  Processing 'fp16_add_4_DW01_sub_3_DW01_sub_226'
  Processing 'fp16_add_4_DW01_cmp2_2_DW01_cmp2_318'
  Processing 'fp16_add_5_DW01_inc_0_DW01_inc_94'
  Processing 'fp16_add_5_DW01_add_0_DW01_add_102'
  Processing 'fp16_add_5_DW01_sub_0_DW01_sub_227'
  Processing 'fp16_add_5_DW01_cmp2_0_DW01_cmp2_319'
  Processing 'fp16_add_5_DW01_ash_0_DW01_ash_88'
  Processing 'fp16_add_5_DW01_inc_1_DW01_inc_95'
  Processing 'fp16_add_5_DW01_sub_1_DW01_sub_228'
  Processing 'fp16_add_5_DW01_add_1_DW01_add_103'
  Processing 'fp16_add_5_DW01_ash_1_DW01_ash_89'
  Processing 'fp16_add_5_DW01_sub_2_DW01_sub_229'
  Processing 'fp16_add_5_DW_rash_0_DW_rash_52'
  Processing 'fp16_add_5_DW01_cmp2_1_DW01_cmp2_320'
  Processing 'fp16_add_5_DW01_sub_3_DW01_sub_230'
  Processing 'fp16_add_5_DW01_cmp2_2_DW01_cmp2_321'
  Processing 'fp16_add_6_DW01_inc_0_DW01_inc_96'
  Processing 'fp16_add_6_DW01_add_0_DW01_add_104'
  Processing 'fp16_add_6_DW01_sub_0_DW01_sub_231'
  Processing 'fp16_add_6_DW01_cmp2_0_DW01_cmp2_322'
  Processing 'fp16_add_6_DW01_ash_0_DW01_ash_90'
  Processing 'fp16_add_6_DW01_inc_1_DW01_inc_97'
  Processing 'fp16_add_6_DW01_sub_1_DW01_sub_232'
  Processing 'fp16_add_6_DW01_add_1_DW01_add_105'
  Processing 'fp16_add_6_DW01_ash_1_DW01_ash_91'
  Processing 'fp16_add_6_DW01_sub_2_DW01_sub_233'
  Processing 'fp16_add_6_DW_rash_0_DW_rash_53'
  Processing 'fp16_add_6_DW01_cmp2_1_DW01_cmp2_323'
  Processing 'fp16_add_6_DW01_sub_3_DW01_sub_234'
  Processing 'fp16_add_6_DW01_cmp2_2_DW01_cmp2_324'
  Processing 'fp16_add_7_DW01_inc_0_DW01_inc_98'
  Processing 'fp16_add_7_DW01_add_0_DW01_add_106'
  Processing 'fp16_add_7_DW01_sub_0_DW01_sub_235'
  Processing 'fp16_add_7_DW01_cmp2_0_DW01_cmp2_325'
  Processing 'fp16_add_7_DW01_ash_0_DW01_ash_92'
  Processing 'fp16_add_7_DW01_inc_1_DW01_inc_99'
  Processing 'fp16_add_7_DW01_sub_1_DW01_sub_236'
  Processing 'fp16_add_7_DW01_add_1_DW01_add_107'
  Processing 'fp16_add_7_DW01_ash_1_DW01_ash_93'
  Processing 'fp16_add_7_DW01_sub_2_DW01_sub_237'
  Processing 'fp16_add_7_DW_rash_0_DW_rash_54'
  Processing 'fp16_add_7_DW01_cmp2_1_DW01_cmp2_326'
  Processing 'fp16_add_7_DW01_sub_3_DW01_sub_238'
  Processing 'fp16_add_7_DW01_cmp2_2_DW01_cmp2_327'
  Processing 'fp16_add_8_DW01_inc_0_DW01_inc_100'
  Processing 'fp16_add_8_DW01_add_0_DW01_add_108'
  Processing 'fp16_add_8_DW01_sub_0_DW01_sub_239'
  Processing 'fp16_add_8_DW01_cmp2_0_DW01_cmp2_328'
  Processing 'fp16_add_8_DW01_ash_0_DW01_ash_94'
  Processing 'fp16_add_8_DW01_inc_1_DW01_inc_101'
  Processing 'fp16_add_8_DW01_sub_1_DW01_sub_240'
  Processing 'fp16_add_8_DW01_add_1_DW01_add_109'
  Processing 'fp16_add_8_DW01_ash_1_DW01_ash_95'
  Processing 'fp16_add_8_DW01_sub_2_DW01_sub_241'
  Processing 'fp16_add_8_DW_rash_0_DW_rash_55'
  Processing 'fp16_add_8_DW01_cmp2_1_DW01_cmp2_329'
  Processing 'fp16_add_8_DW01_sub_3_DW01_sub_242'
  Processing 'fp16_add_8_DW01_cmp2_2_DW01_cmp2_330'
  Processing 'fp16_add_9_DW01_inc_0_DW01_inc_102'
  Processing 'fp16_add_9_DW01_add_0_DW01_add_110'
  Processing 'fp16_add_9_DW01_sub_0_DW01_sub_243'
  Processing 'fp16_add_9_DW01_cmp2_0_DW01_cmp2_331'
  Processing 'fp16_add_9_DW01_ash_0_DW01_ash_96'
  Processing 'fp16_add_9_DW01_inc_1_DW01_inc_103'
  Processing 'fp16_add_9_DW01_sub_1_DW01_sub_244'
  Processing 'fp16_add_9_DW01_add_1_DW01_add_111'
  Processing 'fp16_add_9_DW01_ash_1_DW01_ash_97'
  Processing 'fp16_add_9_DW01_sub_2_DW01_sub_245'
  Processing 'fp16_add_9_DW_rash_0_DW_rash_56'
  Processing 'fp16_add_9_DW01_cmp2_1_DW01_cmp2_332'
  Processing 'fp16_add_9_DW01_sub_3_DW01_sub_246'
  Processing 'fp16_add_9_DW01_cmp2_2_DW01_cmp2_333'
  Processing 'fp16_add_10_DW01_inc_0_DW01_inc_104'
  Processing 'fp16_add_10_DW01_add_0_DW01_add_112'
  Processing 'fp16_add_10_DW01_sub_0_DW01_sub_247'
  Processing 'fp16_add_10_DW01_cmp2_0_DW01_cmp2_334'
  Processing 'fp16_add_10_DW01_ash_0_DW01_ash_98'
  Processing 'fp16_add_10_DW01_inc_1_DW01_inc_105'
  Processing 'fp16_add_10_DW01_sub_1_DW01_sub_248'
  Processing 'fp16_add_10_DW01_add_1_DW01_add_113'
  Processing 'fp16_add_10_DW01_ash_1_DW01_ash_99'
  Processing 'fp16_add_10_DW01_sub_2_DW01_sub_249'
  Processing 'fp16_add_10_DW_rash_0_DW_rash_57'
  Processing 'fp16_add_10_DW01_cmp2_1_DW01_cmp2_335'
  Processing 'fp16_add_10_DW01_sub_3_DW01_sub_250'
  Processing 'fp16_add_10_DW01_cmp2_2_DW01_cmp2_336'
  Processing 'fp16_add_11_DW01_inc_0_DW01_inc_106'
  Processing 'fp16_add_11_DW01_add_0_DW01_add_114'
  Processing 'fp16_add_11_DW01_sub_0_DW01_sub_251'
  Processing 'fp16_add_11_DW01_cmp2_0_DW01_cmp2_337'
  Processing 'fp16_add_11_DW01_ash_0_DW01_ash_100'
  Processing 'fp16_add_11_DW01_inc_1_DW01_inc_107'
  Processing 'fp16_add_11_DW01_sub_1_DW01_sub_252'
  Processing 'fp16_add_11_DW01_add_1_DW01_add_115'
  Processing 'fp16_add_11_DW01_ash_1_DW01_ash_101'
  Processing 'fp16_add_11_DW01_sub_2_DW01_sub_253'
  Processing 'fp16_add_11_DW_rash_0_DW_rash_58'
  Processing 'fp16_add_11_DW01_cmp2_1_DW01_cmp2_338'
  Processing 'fp16_add_11_DW01_sub_3_DW01_sub_254'
  Processing 'fp16_add_11_DW01_cmp2_2_DW01_cmp2_339'
  Processing 'fp16_add_12_DW01_inc_0_DW01_inc_108'
  Processing 'fp16_add_12_DW01_add_0_DW01_add_116'
  Processing 'fp16_add_12_DW01_sub_0_DW01_sub_255'
  Processing 'fp16_add_12_DW01_cmp2_0_DW01_cmp2_340'
  Processing 'fp16_add_12_DW01_ash_0_DW01_ash_102'
  Processing 'fp16_add_12_DW01_inc_1_DW01_inc_109'
  Processing 'fp16_add_12_DW01_sub_1_DW01_sub_256'
  Processing 'fp16_add_12_DW01_add_1_DW01_add_117'
  Processing 'fp16_add_12_DW01_ash_1_DW01_ash_103'
  Processing 'fp16_add_12_DW01_sub_2_DW01_sub_257'
  Processing 'fp16_add_12_DW_rash_0_DW_rash_59'
  Processing 'fp16_add_12_DW01_cmp2_1_DW01_cmp2_341'
  Processing 'fp16_add_12_DW01_sub_3_DW01_sub_258'
  Processing 'fp16_add_12_DW01_cmp2_2_DW01_cmp2_342'
  Processing 'fp16_add_13_DW01_inc_0_DW01_inc_110'
  Processing 'fp16_add_13_DW01_add_0_DW01_add_118'
  Processing 'fp16_add_13_DW01_sub_0_DW01_sub_259'
  Processing 'fp16_add_13_DW01_cmp2_0_DW01_cmp2_343'
  Processing 'fp16_add_13_DW01_ash_0_DW01_ash_104'
  Processing 'fp16_add_13_DW01_inc_1_DW01_inc_111'
  Processing 'fp16_add_13_DW01_sub_1_DW01_sub_260'
  Processing 'fp16_add_13_DW01_add_1_DW01_add_119'
  Processing 'fp16_add_13_DW01_ash_1_DW01_ash_105'
  Processing 'fp16_add_13_DW01_sub_2_DW01_sub_261'
  Processing 'fp16_add_13_DW_rash_0_DW_rash_60'
  Processing 'fp16_add_13_DW01_cmp2_1_DW01_cmp2_344'
  Processing 'fp16_add_13_DW01_sub_3_DW01_sub_262'
  Processing 'fp16_add_13_DW01_cmp2_2_DW01_cmp2_345'
  Processing 'fp16_add_14_DW01_inc_0_DW01_inc_112'
  Processing 'fp16_add_14_DW01_add_0_DW01_add_120'
  Processing 'fp16_add_14_DW01_sub_0_DW01_sub_263'
  Processing 'fp16_add_14_DW01_cmp2_0_DW01_cmp2_346'
  Processing 'fp16_add_14_DW01_ash_0_DW01_ash_106'
  Processing 'fp16_add_14_DW01_inc_1_DW01_inc_113'
  Processing 'fp16_add_14_DW01_sub_1_DW01_sub_264'
  Processing 'fp16_add_14_DW01_add_1_DW01_add_121'
  Processing 'fp16_add_14_DW01_ash_1_DW01_ash_107'
  Processing 'fp16_add_14_DW01_sub_2_DW01_sub_265'
  Processing 'fp16_add_14_DW_rash_0_DW_rash_61'
  Processing 'fp16_add_14_DW01_cmp2_1_DW01_cmp2_347'
  Processing 'fp16_add_14_DW01_sub_3_DW01_sub_266'
  Processing 'fp16_add_14_DW01_cmp2_2_DW01_cmp2_348'
  Processing 'fp16_add_15_DW01_inc_0_DW01_inc_114'
  Processing 'fp16_add_15_DW01_add_0_DW01_add_122'
  Processing 'fp16_add_15_DW01_sub_0_DW01_sub_267'
  Processing 'fp16_add_15_DW01_cmp2_0_DW01_cmp2_349'
  Processing 'fp16_add_15_DW01_ash_0_DW01_ash_108'
  Processing 'fp16_add_15_DW01_inc_1_DW01_inc_115'
  Processing 'fp16_add_15_DW01_sub_1_DW01_sub_268'
  Processing 'fp16_add_15_DW01_add_1_DW01_add_123'
  Processing 'fp16_add_15_DW01_ash_1_DW01_ash_109'
  Processing 'fp16_add_15_DW01_sub_2_DW01_sub_269'
  Processing 'fp16_add_15_DW_rash_0_DW_rash_62'
  Processing 'fp16_add_15_DW01_cmp2_1_DW01_cmp2_350'
  Processing 'fp16_add_15_DW01_sub_3_DW01_sub_270'
  Processing 'fp16_add_15_DW01_cmp2_2_DW01_cmp2_351'
  Processing 'fp16_add_16_DW01_inc_0_DW01_inc_116'
  Processing 'fp16_add_16_DW01_add_0_DW01_add_124'
  Processing 'fp16_add_16_DW01_sub_0_DW01_sub_271'
  Processing 'fp16_add_16_DW01_cmp2_0_DW01_cmp2_352'
  Processing 'fp16_add_16_DW01_ash_0_DW01_ash_110'
  Processing 'fp16_add_16_DW01_inc_1_DW01_inc_117'
  Processing 'fp16_add_16_DW01_sub_1_DW01_sub_272'
  Processing 'fp16_add_16_DW01_add_1_DW01_add_125'
  Processing 'fp16_add_16_DW01_ash_1_DW01_ash_111'
  Processing 'fp16_add_16_DW01_sub_2_DW01_sub_273'
  Processing 'fp16_add_16_DW_rash_0_DW_rash_63'
  Processing 'fp16_add_16_DW01_cmp2_1_DW01_cmp2_353'
  Processing 'fp16_add_16_DW01_sub_3_DW01_sub_274'
  Processing 'fp16_add_16_DW01_cmp2_2_DW01_cmp2_354'
  Processing 'fp16_add_17_DW01_inc_0_DW01_inc_118'
  Processing 'fp16_add_17_DW01_add_0_DW01_add_126'
  Processing 'fp16_add_17_DW01_sub_0_DW01_sub_275'
  Processing 'fp16_add_17_DW01_cmp2_0_DW01_cmp2_355'
  Processing 'fp16_add_17_DW01_ash_0_DW01_ash_112'
  Processing 'fp16_add_17_DW01_inc_1_DW01_inc_119'
  Processing 'fp16_add_17_DW01_sub_1_DW01_sub_276'
  Processing 'fp16_add_17_DW01_add_1_DW01_add_127'
  Processing 'fp16_add_17_DW01_ash_1_DW01_ash_113'
  Processing 'fp16_add_17_DW01_sub_2_DW01_sub_277'
  Processing 'fp16_add_17_DW_rash_0_DW_rash_64'
  Processing 'fp16_add_17_DW01_cmp2_1_DW01_cmp2_356'
  Processing 'fp16_add_17_DW01_sub_3_DW01_sub_278'
  Processing 'fp16_add_17_DW01_cmp2_2_DW01_cmp2_357'
  Processing 'fp16_add_18_DW01_inc_0_DW01_inc_120'
  Processing 'fp16_add_18_DW01_add_0_DW01_add_128'
  Processing 'fp16_add_18_DW01_sub_0_DW01_sub_279'
  Processing 'fp16_add_18_DW01_cmp2_0_DW01_cmp2_358'
  Processing 'fp16_add_18_DW01_ash_0_DW01_ash_114'
  Processing 'fp16_add_18_DW01_inc_1_DW01_inc_121'
  Processing 'fp16_add_18_DW01_sub_1_DW01_sub_280'
  Processing 'fp16_add_18_DW01_add_1_DW01_add_129'
  Processing 'fp16_add_18_DW01_ash_1_DW01_ash_115'
  Processing 'fp16_add_18_DW01_sub_2_DW01_sub_281'
  Processing 'fp16_add_18_DW_rash_0_DW_rash_65'
  Processing 'fp16_add_18_DW01_cmp2_1_DW01_cmp2_359'
  Processing 'fp16_add_18_DW01_sub_3_DW01_sub_282'
  Processing 'fp16_add_18_DW01_cmp2_2_DW01_cmp2_360'
  Processing 'fp16_add_19_DW01_inc_0_DW01_inc_122'
  Processing 'fp16_add_19_DW01_add_0_DW01_add_130'
  Processing 'fp16_add_19_DW01_sub_0_DW01_sub_283'
  Processing 'fp16_add_19_DW01_cmp2_0_DW01_cmp2_361'
  Processing 'fp16_add_19_DW01_ash_0_DW01_ash_116'
  Processing 'fp16_add_19_DW01_inc_1_DW01_inc_123'
  Processing 'fp16_add_19_DW01_sub_1_DW01_sub_284'
  Processing 'fp16_add_19_DW01_add_1_DW01_add_131'
  Processing 'fp16_add_19_DW01_ash_1_DW01_ash_117'
  Processing 'fp16_add_19_DW01_sub_2_DW01_sub_285'
  Processing 'fp16_add_19_DW_rash_0_DW_rash_66'
  Processing 'fp16_add_19_DW01_cmp2_1_DW01_cmp2_362'
  Processing 'fp16_add_19_DW01_sub_3_DW01_sub_286'
  Processing 'fp16_add_19_DW01_cmp2_2_DW01_cmp2_363'
  Processing 'fp16_add_20_DW01_inc_0_DW01_inc_124'
  Processing 'fp16_add_20_DW01_add_0_DW01_add_132'
  Processing 'fp16_add_20_DW01_sub_0_DW01_sub_287'
  Processing 'fp16_add_20_DW01_cmp2_0_DW01_cmp2_364'
  Processing 'fp16_add_20_DW01_ash_0_DW01_ash_118'
  Processing 'fp16_add_20_DW01_inc_1_DW01_inc_125'
  Processing 'fp16_add_20_DW01_sub_1_DW01_sub_288'
  Processing 'fp16_add_20_DW01_add_1_DW01_add_133'
  Processing 'fp16_add_20_DW01_ash_1_DW01_ash_119'
  Processing 'fp16_add_20_DW01_sub_2_DW01_sub_289'
  Processing 'fp16_add_20_DW_rash_0_DW_rash_67'
  Processing 'fp16_add_20_DW01_cmp2_1_DW01_cmp2_365'
  Processing 'fp16_add_20_DW01_sub_3_DW01_sub_290'
  Processing 'fp16_add_20_DW01_cmp2_2_DW01_cmp2_366'
  Processing 'fp16_add_21_DW01_inc_0_DW01_inc_126'
  Processing 'fp16_add_21_DW01_add_0_DW01_add_134'
  Processing 'fp16_add_21_DW01_sub_0_DW01_sub_291'
  Processing 'fp16_add_21_DW01_cmp2_0_DW01_cmp2_367'
  Processing 'fp16_add_21_DW01_ash_0_DW01_ash_120'
  Processing 'fp16_add_21_DW01_inc_1_DW01_inc_127'
  Processing 'fp16_add_21_DW01_sub_1_DW01_sub_292'
  Processing 'fp16_add_21_DW01_add_1_DW01_add_135'
  Processing 'fp16_add_21_DW01_ash_1_DW01_ash_121'
  Processing 'fp16_add_21_DW01_sub_2_DW01_sub_293'
  Processing 'fp16_add_21_DW_rash_0_DW_rash_68'
  Processing 'fp16_add_21_DW01_cmp2_1_DW01_cmp2_368'
  Processing 'fp16_add_21_DW01_sub_3_DW01_sub_294'
  Processing 'fp16_add_21_DW01_cmp2_2_DW01_cmp2_369'
  Processing 'fp16_add_22_DW01_inc_0_DW01_inc_128'
  Processing 'fp16_add_22_DW01_add_0_DW01_add_136'
  Processing 'fp16_add_22_DW01_sub_0_DW01_sub_295'
  Processing 'fp16_add_22_DW01_cmp2_0_DW01_cmp2_370'
  Processing 'fp16_add_22_DW01_ash_0_DW01_ash_122'
  Processing 'fp16_add_22_DW01_inc_1_DW01_inc_129'
  Processing 'fp16_add_22_DW01_sub_1_DW01_sub_296'
  Processing 'fp16_add_22_DW01_add_1_DW01_add_137'
  Processing 'fp16_add_22_DW01_ash_1_DW01_ash_123'
  Processing 'fp16_add_22_DW01_sub_2_DW01_sub_297'
  Processing 'fp16_add_22_DW_rash_0_DW_rash_69'
  Processing 'fp16_add_22_DW01_cmp2_1_DW01_cmp2_371'
  Processing 'fp16_add_22_DW01_sub_3_DW01_sub_298'
  Processing 'fp16_add_22_DW01_cmp2_2_DW01_cmp2_372'
  Processing 'fp16_add_23_DW01_inc_0_DW01_inc_130'
  Processing 'fp16_add_23_DW01_add_0_DW01_add_138'
  Processing 'fp16_add_23_DW01_sub_0_DW01_sub_299'
  Processing 'fp16_add_23_DW01_cmp2_0_DW01_cmp2_373'
  Processing 'fp16_add_23_DW01_ash_0_DW01_ash_124'
  Processing 'fp16_add_23_DW01_inc_1_DW01_inc_131'
  Processing 'fp16_add_23_DW01_sub_1_DW01_sub_300'
  Processing 'fp16_add_23_DW01_add_1_DW01_add_139'
  Processing 'fp16_add_23_DW01_ash_1_DW01_ash_125'
  Processing 'fp16_add_23_DW01_sub_2_DW01_sub_301'
  Processing 'fp16_add_23_DW_rash_0_DW_rash_70'
  Processing 'fp16_add_23_DW01_cmp2_1_DW01_cmp2_374'
  Processing 'fp16_add_23_DW01_sub_3_DW01_sub_302'
  Processing 'fp16_add_23_DW01_cmp2_2_DW01_cmp2_375'
  Processing 'fp16_add_24_DW01_inc_0_DW01_inc_132'
  Processing 'fp16_add_24_DW01_add_0_DW01_add_140'
  Processing 'fp16_add_24_DW01_sub_0_DW01_sub_303'
  Processing 'fp16_add_24_DW01_cmp2_0_DW01_cmp2_376'
  Processing 'fp16_add_24_DW01_ash_0_DW01_ash_126'
  Processing 'fp16_add_24_DW01_inc_1_DW01_inc_133'
  Processing 'fp16_add_24_DW01_sub_1_DW01_sub_304'
  Processing 'fp16_add_24_DW01_add_1_DW01_add_141'
  Processing 'fp16_add_24_DW01_ash_1_DW01_ash_127'
  Processing 'fp16_add_24_DW01_sub_2_DW01_sub_305'
  Processing 'fp16_add_24_DW_rash_0_DW_rash_71'
  Processing 'fp16_add_24_DW01_cmp2_1_DW01_cmp2_377'
  Processing 'fp16_add_24_DW01_sub_3_DW01_sub_306'
  Processing 'fp16_add_24_DW01_cmp2_2_DW01_cmp2_378'
  Processing 'fp16_add_25_DW01_inc_0_DW01_inc_134'
  Processing 'fp16_add_25_DW01_add_0_DW01_add_142'
  Processing 'fp16_add_25_DW01_sub_0_DW01_sub_307'
  Processing 'fp16_add_25_DW01_cmp2_0_DW01_cmp2_379'
  Processing 'fp16_add_25_DW01_ash_0_DW01_ash_128'
  Processing 'fp16_add_25_DW01_inc_1_DW01_inc_135'
  Processing 'fp16_add_25_DW01_sub_1_DW01_sub_308'
  Processing 'fp16_add_25_DW01_add_1_DW01_add_143'
  Processing 'fp16_add_25_DW01_ash_1_DW01_ash_129'
  Processing 'fp16_add_25_DW01_sub_2_DW01_sub_309'
  Processing 'fp16_add_25_DW_rash_0_DW_rash_72'
  Processing 'fp16_add_25_DW01_cmp2_1_DW01_cmp2_380'
  Processing 'fp16_add_25_DW01_sub_3_DW01_sub_310'
  Processing 'fp16_add_25_DW01_cmp2_2_DW01_cmp2_381'
  Processing 'fp16_add_26_DW01_inc_0_DW01_inc_136'
  Processing 'fp16_add_26_DW01_add_0_DW01_add_144'
  Processing 'fp16_add_26_DW01_sub_0_DW01_sub_311'
  Processing 'fp16_add_26_DW01_cmp2_0_DW01_cmp2_382'
  Processing 'fp16_add_26_DW01_ash_0_DW01_ash_130'
  Processing 'fp16_add_26_DW01_inc_1_DW01_inc_137'
  Processing 'fp16_add_26_DW01_sub_1_DW01_sub_312'
  Processing 'fp16_add_26_DW01_add_1_DW01_add_145'
  Processing 'fp16_add_26_DW01_ash_1_DW01_ash_131'
  Processing 'fp16_add_26_DW01_sub_2_DW01_sub_313'
  Processing 'fp16_add_26_DW_rash_0_DW_rash_73'
  Processing 'fp16_add_26_DW01_cmp2_1_DW01_cmp2_383'
  Processing 'fp16_add_26_DW01_sub_3_DW01_sub_314'
  Processing 'fp16_add_26_DW01_cmp2_2_DW01_cmp2_384'
  Processing 'fp16_add_27_DW01_inc_0_DW01_inc_138'
  Processing 'fp16_add_27_DW01_add_0_DW01_add_146'
  Processing 'fp16_add_27_DW01_sub_0_DW01_sub_315'
  Processing 'fp16_add_27_DW01_cmp2_0_DW01_cmp2_385'
  Processing 'fp16_add_27_DW01_ash_0_DW01_ash_132'
  Processing 'fp16_add_27_DW01_inc_1_DW01_inc_139'
  Processing 'fp16_add_27_DW01_sub_1_DW01_sub_316'
  Processing 'fp16_add_27_DW01_add_1_DW01_add_147'
  Processing 'fp16_add_27_DW01_ash_1_DW01_ash_133'
  Processing 'fp16_add_27_DW01_sub_2_DW01_sub_317'
  Processing 'fp16_add_27_DW_rash_0_DW_rash_74'
  Processing 'fp16_add_27_DW01_cmp2_1_DW01_cmp2_386'
  Processing 'fp16_add_27_DW01_sub_3_DW01_sub_318'
  Processing 'fp16_add_27_DW01_cmp2_2_DW01_cmp2_387'
  Processing 'fp16_add_28_DW01_inc_0_DW01_inc_140'
  Processing 'fp16_add_28_DW01_add_0_DW01_add_148'
  Processing 'fp16_add_28_DW01_sub_0_DW01_sub_319'
  Processing 'fp16_add_28_DW01_cmp2_0_DW01_cmp2_388'
  Processing 'fp16_add_28_DW01_ash_0_DW01_ash_134'
  Processing 'fp16_add_28_DW01_inc_1_DW01_inc_141'
  Processing 'fp16_add_28_DW01_sub_1_DW01_sub_320'
  Processing 'fp16_add_28_DW01_add_1_DW01_add_149'
  Processing 'fp16_add_28_DW01_ash_1_DW01_ash_135'
  Processing 'fp16_add_28_DW01_sub_2_DW01_sub_321'
  Processing 'fp16_add_28_DW_rash_0_DW_rash_75'
  Processing 'fp16_add_28_DW01_cmp2_1_DW01_cmp2_389'
  Processing 'fp16_add_28_DW01_sub_3_DW01_sub_322'
  Processing 'fp16_add_28_DW01_cmp2_2_DW01_cmp2_390'
  Processing 'fp16_add_29_DW01_inc_0_DW01_inc_142'
  Processing 'fp16_add_29_DW01_add_0_DW01_add_150'
  Processing 'fp16_add_29_DW01_sub_0_DW01_sub_323'
  Processing 'fp16_add_29_DW01_cmp2_0_DW01_cmp2_391'
  Processing 'fp16_add_29_DW01_ash_0_DW01_ash_136'
  Processing 'fp16_add_29_DW01_inc_1_DW01_inc_143'
  Processing 'fp16_add_29_DW01_sub_1_DW01_sub_324'
  Processing 'fp16_add_29_DW01_add_1_DW01_add_151'
  Processing 'fp16_add_29_DW01_ash_1_DW01_ash_137'
  Processing 'fp16_add_29_DW01_sub_2_DW01_sub_325'
  Processing 'fp16_add_29_DW_rash_0_DW_rash_76'
  Processing 'fp16_add_29_DW01_cmp2_1_DW01_cmp2_392'
  Processing 'fp16_add_29_DW01_sub_3_DW01_sub_326'
  Processing 'fp16_add_29_DW01_cmp2_2_DW01_cmp2_393'
  Processing 'fp16_add_30_DW01_inc_0_DW01_inc_144'
  Processing 'fp16_add_30_DW01_add_0_DW01_add_152'
  Processing 'fp16_add_30_DW01_sub_0_DW01_sub_327'
  Processing 'fp16_add_30_DW01_cmp2_0_DW01_cmp2_394'
  Processing 'fp16_add_30_DW01_ash_0_DW01_ash_138'
  Processing 'fp16_add_30_DW01_inc_1_DW01_inc_145'
  Processing 'fp16_add_30_DW01_sub_1_DW01_sub_328'
  Processing 'fp16_add_30_DW01_add_1_DW01_add_153'
  Processing 'fp16_add_30_DW01_ash_1_DW01_ash_139'
  Processing 'fp16_add_30_DW01_sub_2_DW01_sub_329'
  Processing 'fp16_add_30_DW_rash_0_DW_rash_77'
  Processing 'fp16_add_30_DW01_cmp2_1_DW01_cmp2_395'
  Processing 'fp16_add_30_DW01_sub_3_DW01_sub_330'
  Processing 'fp16_add_30_DW01_cmp2_2_DW01_cmp2_396'
  Processing 'fp16_add_31_DW01_inc_0_DW01_inc_146'
  Processing 'fp16_add_31_DW01_add_0_DW01_add_154'
  Processing 'fp16_add_31_DW01_sub_0_DW01_sub_331'
  Processing 'fp16_add_31_DW01_cmp2_0_DW01_cmp2_397'
  Processing 'fp16_add_31_DW01_ash_0_DW01_ash_140'
  Processing 'fp16_add_31_DW01_inc_1_DW01_inc_147'
  Processing 'fp16_add_31_DW01_sub_1_DW01_sub_332'
  Processing 'fp16_add_31_DW01_add_1_DW01_add_155'
  Processing 'fp16_add_31_DW01_ash_1_DW01_ash_141'
  Processing 'fp16_add_31_DW01_sub_2_DW01_sub_333'
  Processing 'fp16_add_31_DW_rash_0_DW_rash_78'
  Processing 'fp16_add_31_DW01_cmp2_1_DW01_cmp2_398'
  Processing 'fp16_add_31_DW01_sub_3_DW01_sub_334'
  Processing 'fp16_add_31_DW01_cmp2_2_DW01_cmp2_399'
  Processing 'fp16_add_32_DW01_inc_0_DW01_inc_148'
  Processing 'fp16_add_32_DW01_add_0_DW01_add_156'
  Processing 'fp16_add_32_DW01_sub_0_DW01_sub_335'
  Processing 'fp16_add_32_DW01_cmp2_0_DW01_cmp2_400'
  Processing 'fp16_add_32_DW01_ash_0_DW01_ash_142'
  Processing 'fp16_add_32_DW01_inc_1_DW01_inc_149'
  Processing 'fp16_add_32_DW01_sub_1_DW01_sub_336'
  Processing 'fp16_add_32_DW01_add_1_DW01_add_157'
  Processing 'fp16_add_32_DW01_ash_1_DW01_ash_143'
  Processing 'fp16_add_32_DW01_sub_2_DW01_sub_337'
  Processing 'fp16_add_32_DW_rash_0_DW_rash_79'
  Processing 'fp16_add_32_DW01_cmp2_1_DW01_cmp2_401'
  Processing 'fp16_add_32_DW01_sub_3_DW01_sub_338'
  Processing 'fp16_add_32_DW01_cmp2_2_DW01_cmp2_402'
  Processing 'fp16_add_33_DW01_inc_0_DW01_inc_150'
  Processing 'fp16_add_33_DW01_add_0_DW01_add_158'
  Processing 'fp16_add_33_DW01_sub_0_DW01_sub_339'
  Processing 'fp16_add_33_DW01_cmp2_0_DW01_cmp2_403'
  Processing 'fp16_add_33_DW01_ash_0_DW01_ash_144'
  Processing 'fp16_add_33_DW01_inc_1_DW01_inc_151'
  Processing 'fp16_add_33_DW01_sub_1_DW01_sub_340'
  Processing 'fp16_add_33_DW01_add_1_DW01_add_159'
  Processing 'fp16_add_33_DW01_ash_1_DW01_ash_145'
  Processing 'fp16_add_33_DW01_sub_2_DW01_sub_341'
  Processing 'fp16_add_33_DW_rash_0_DW_rash_80'
  Processing 'fp16_add_33_DW01_cmp2_1_DW01_cmp2_404'
  Processing 'fp16_add_33_DW01_sub_3_DW01_sub_342'
  Processing 'fp16_add_33_DW01_cmp2_2_DW01_cmp2_405'
  Processing 'fp16_add_34_DW01_inc_0_DW01_inc_152'
  Processing 'fp16_add_34_DW01_add_0_DW01_add_160'
  Processing 'fp16_add_34_DW01_sub_0_DW01_sub_343'
  Processing 'fp16_add_34_DW01_cmp2_0_DW01_cmp2_406'
  Processing 'fp16_add_34_DW01_ash_0_DW01_ash_146'
  Processing 'fp16_add_34_DW01_inc_1_DW01_inc_153'
  Processing 'fp16_add_34_DW01_sub_1_DW01_sub_344'
  Processing 'fp16_add_34_DW01_add_1_DW01_add_161'
  Processing 'fp16_add_34_DW01_ash_1_DW01_ash_147'
  Processing 'fp16_add_34_DW01_sub_2_DW01_sub_345'
  Processing 'fp16_add_34_DW_rash_0_DW_rash_81'
  Processing 'fp16_add_34_DW01_cmp2_1_DW01_cmp2_407'
  Processing 'fp16_add_34_DW01_sub_3_DW01_sub_346'
  Processing 'fp16_add_34_DW01_cmp2_2_DW01_cmp2_408'
  Processing 'fp16_add_35_DW01_inc_0_DW01_inc_154'
  Processing 'fp16_add_35_DW01_add_0_DW01_add_162'
  Processing 'fp16_add_35_DW01_sub_0_DW01_sub_347'
  Processing 'fp16_add_35_DW01_cmp2_0_DW01_cmp2_409'
  Processing 'fp16_add_35_DW01_ash_0_DW01_ash_148'
  Processing 'fp16_add_35_DW01_inc_1_DW01_inc_155'
  Processing 'fp16_add_35_DW01_sub_1_DW01_sub_348'
  Processing 'fp16_add_35_DW01_add_1_DW01_add_163'
  Processing 'fp16_add_35_DW01_ash_1_DW01_ash_149'
  Processing 'fp16_add_35_DW01_sub_2_DW01_sub_349'
  Processing 'fp16_add_35_DW_rash_0_DW_rash_82'
  Processing 'fp16_add_35_DW01_cmp2_1_DW01_cmp2_410'
  Processing 'fp16_add_35_DW01_sub_3_DW01_sub_350'
  Processing 'fp16_add_35_DW01_cmp2_2_DW01_cmp2_411'
  Processing 'fp16_add_36_DW01_inc_0_DW01_inc_156'
  Processing 'fp16_add_36_DW01_add_0_DW01_add_164'
  Processing 'fp16_add_36_DW01_sub_0_DW01_sub_351'
  Processing 'fp16_add_36_DW01_cmp2_0_DW01_cmp2_412'
  Processing 'fp16_add_36_DW01_ash_0_DW01_ash_150'
  Processing 'fp16_add_36_DW01_inc_1_DW01_inc_157'
  Processing 'fp16_add_36_DW01_sub_1_DW01_sub_352'
  Processing 'fp16_add_36_DW01_add_1_DW01_add_165'
  Processing 'fp16_add_36_DW01_ash_1_DW01_ash_151'
  Processing 'fp16_add_36_DW01_sub_2_DW01_sub_353'
  Processing 'fp16_add_36_DW_rash_0_DW_rash_83'
  Processing 'fp16_add_36_DW01_cmp2_1_DW01_cmp2_413'
  Processing 'fp16_add_36_DW01_sub_3_DW01_sub_354'
  Processing 'fp16_add_36_DW01_cmp2_2_DW01_cmp2_414'
  Processing 'fp16_mult_1_DW01_cmp2_0_DW01_cmp2_415'
  Processing 'fp16_mult_1_DW01_cmp2_1_DW01_cmp2_416'
  Processing 'fp16_mult_1_DW01_inc_0_DW01_inc_158'
  Processing 'fp16_mult_1_DW01_add_0_DW01_add_166'
  Processing 'fp16_mult_2_DW01_cmp2_0_DW01_cmp2_417'
  Processing 'fp16_mult_2_DW01_cmp2_1_DW01_cmp2_418'
  Processing 'fp16_mult_2_DW01_inc_0_DW01_inc_159'
  Processing 'fp16_mult_2_DW01_add_0_DW01_add_167'
  Processing 'fp16_mult_3_DW01_cmp2_0_DW01_cmp2_419'
  Processing 'fp16_mult_3_DW01_cmp2_1_DW01_cmp2_420'
  Processing 'fp16_mult_3_DW01_inc_0_DW01_inc_160'
  Processing 'fp16_mult_3_DW01_add_0_DW01_add_168'
  Processing 'fp16_mult_4_DW01_cmp2_0_DW01_cmp2_421'
  Processing 'fp16_mult_4_DW01_cmp2_1_DW01_cmp2_422'
  Processing 'fp16_mult_4_DW01_inc_0_DW01_inc_161'
  Processing 'fp16_mult_4_DW01_add_0_DW01_add_169'
  Processing 'fp16_mult_5_DW01_cmp2_0_DW01_cmp2_423'
  Processing 'fp16_mult_5_DW01_cmp2_1_DW01_cmp2_424'
  Processing 'fp16_mult_5_DW01_inc_0_DW01_inc_162'
  Processing 'fp16_mult_5_DW01_add_0_DW01_add_170'
  Processing 'fp16_mult_6_DW01_cmp2_0_DW01_cmp2_425'
  Processing 'fp16_mult_6_DW01_cmp2_1_DW01_cmp2_426'
  Processing 'fp16_mult_6_DW01_inc_0_DW01_inc_163'
  Processing 'fp16_mult_6_DW01_add_0_DW01_add_171'
  Processing 'fp16_mult_7_DW01_cmp2_0_DW01_cmp2_427'
  Processing 'fp16_mult_7_DW01_cmp2_1_DW01_cmp2_428'
  Processing 'fp16_mult_7_DW01_inc_0_DW01_inc_164'
  Processing 'fp16_mult_7_DW01_add_0_DW01_add_172'
  Processing 'fp16_mult_8_DW01_cmp2_0_DW01_cmp2_429'
  Processing 'fp16_mult_8_DW01_cmp2_1_DW01_cmp2_430'
  Processing 'fp16_mult_8_DW01_inc_0_DW01_inc_165'
  Processing 'fp16_mult_8_DW01_add_0_DW01_add_173'
  Processing 'fp16_mult_9_DW01_cmp2_0_DW01_cmp2_431'
  Processing 'fp16_mult_9_DW01_cmp2_1_DW01_cmp2_432'
  Processing 'fp16_mult_9_DW01_inc_0_DW01_inc_166'
  Processing 'fp16_mult_9_DW01_add_0_DW01_add_174'
  Processing 'fp16_mult_10_DW01_cmp2_0_DW01_cmp2_433'
  Processing 'fp16_mult_10_DW01_cmp2_1_DW01_cmp2_434'
  Processing 'fp16_mult_10_DW01_inc_0_DW01_inc_167'
  Processing 'fp16_mult_10_DW01_add_0_DW01_add_175'
  Processing 'fp16_mult_11_DW01_cmp2_0_DW01_cmp2_435'
  Processing 'fp16_mult_11_DW01_cmp2_1_DW01_cmp2_436'
  Processing 'fp16_mult_11_DW01_inc_0_DW01_inc_168'
  Processing 'fp16_mult_11_DW01_add_0_DW01_add_176'
  Processing 'fp16_mult_12_DW01_cmp2_0_DW01_cmp2_437'
  Processing 'fp16_mult_12_DW01_cmp2_1_DW01_cmp2_438'
  Processing 'fp16_mult_12_DW01_inc_0_DW01_inc_169'
  Processing 'fp16_mult_12_DW01_add_0_DW01_add_177'
  Processing 'fp16_mult_13_DW01_cmp2_0_DW01_cmp2_439'
  Processing 'fp16_mult_13_DW01_cmp2_1_DW01_cmp2_440'
  Processing 'fp16_mult_13_DW01_inc_0_DW01_inc_170'
  Processing 'fp16_mult_13_DW01_add_0_DW01_add_178'
  Processing 'fp16_mult_14_DW01_cmp2_0_DW01_cmp2_441'
  Processing 'fp16_mult_14_DW01_cmp2_1_DW01_cmp2_442'
  Processing 'fp16_mult_14_DW01_inc_0_DW01_inc_171'
  Processing 'fp16_mult_14_DW01_add_0_DW01_add_179'
  Processing 'fp16_mult_15_DW01_cmp2_0_DW01_cmp2_443'
  Processing 'fp16_mult_15_DW01_cmp2_1_DW01_cmp2_444'
  Processing 'fp16_mult_15_DW01_inc_0_DW01_inc_172'
  Processing 'fp16_mult_15_DW01_add_0_DW01_add_180'
  Processing 'fp16_mult_16_DW01_cmp2_0_DW01_cmp2_445'
  Processing 'fp16_mult_16_DW01_cmp2_1_DW01_cmp2_446'
  Processing 'fp16_mult_16_DW01_inc_0_DW01_inc_173'
  Processing 'fp16_mult_16_DW01_add_0_DW01_add_181'
  Processing 'fp16_add_37_DW01_inc_0_DW01_inc_174'
  Processing 'fp16_add_37_DW01_add_0_DW01_add_182'
  Processing 'fp16_add_37_DW01_sub_0_DW01_sub_355'
  Processing 'fp16_add_37_DW01_cmp2_0_DW01_cmp2_447'
  Processing 'fp16_add_37_DW01_ash_0_DW01_ash_152'
  Processing 'fp16_add_37_DW01_inc_1_DW01_inc_175'
  Processing 'fp16_add_37_DW01_sub_1_DW01_sub_356'
  Processing 'fp16_add_37_DW01_add_1_DW01_add_183'
  Processing 'fp16_add_37_DW01_ash_1_DW01_ash_153'
  Processing 'fp16_add_37_DW01_sub_2_DW01_sub_357'
  Processing 'fp16_add_37_DW_rash_0_DW_rash_84'
  Processing 'fp16_add_37_DW01_cmp2_1_DW01_cmp2_448'
  Processing 'fp16_add_37_DW01_sub_3_DW01_sub_358'
  Processing 'fp16_add_37_DW01_cmp2_2_DW01_cmp2_449'
  Processing 'fp16_add_38_DW01_inc_0_DW01_inc_176'
  Processing 'fp16_add_38_DW01_add_0_DW01_add_184'
  Processing 'fp16_add_38_DW01_sub_0_DW01_sub_359'
  Processing 'fp16_add_38_DW01_cmp2_0_DW01_cmp2_450'
  Processing 'fp16_add_38_DW01_ash_0_DW01_ash_154'
  Processing 'fp16_add_38_DW01_inc_1_DW01_inc_177'
  Processing 'fp16_add_38_DW01_sub_1_DW01_sub_360'
  Processing 'fp16_add_38_DW01_add_1_DW01_add_185'
  Processing 'fp16_add_38_DW01_ash_1_DW01_ash_155'
  Processing 'fp16_add_38_DW01_sub_2_DW01_sub_361'
  Processing 'fp16_add_38_DW_rash_0_DW_rash_85'
  Processing 'fp16_add_38_DW01_cmp2_1_DW01_cmp2_451'
  Processing 'fp16_add_38_DW01_sub_3_DW01_sub_362'
  Processing 'fp16_add_38_DW01_cmp2_2_DW01_cmp2_452'
  Processing 'fp16_add_39_DW01_inc_0_DW01_inc_178'
  Processing 'fp16_add_39_DW01_add_0_DW01_add_186'
  Processing 'fp16_add_39_DW01_sub_0_DW01_sub_363'
  Processing 'fp16_add_39_DW01_cmp2_0_DW01_cmp2_453'
  Processing 'fp16_add_39_DW01_ash_0_DW01_ash_156'
  Processing 'fp16_add_39_DW01_inc_1_DW01_inc_179'
  Processing 'fp16_add_39_DW01_sub_1_DW01_sub_364'
  Processing 'fp16_add_39_DW01_add_1_DW01_add_187'
  Processing 'fp16_add_39_DW01_ash_1_DW01_ash_157'
  Processing 'fp16_add_39_DW01_sub_2_DW01_sub_365'
  Processing 'fp16_add_39_DW_rash_0_DW_rash_86'
  Processing 'fp16_add_39_DW01_cmp2_1_DW01_cmp2_454'
  Processing 'fp16_add_39_DW01_sub_3_DW01_sub_366'
  Processing 'fp16_add_39_DW01_cmp2_2_DW01_cmp2_455'
  Processing 'fp16_add_40_DW01_inc_0_DW01_inc_180'
  Processing 'fp16_add_40_DW01_add_0_DW01_add_188'
  Processing 'fp16_add_40_DW01_sub_0_DW01_sub_367'
  Processing 'fp16_add_40_DW01_cmp2_0_DW01_cmp2_456'
  Processing 'fp16_add_40_DW01_ash_0_DW01_ash_158'
  Processing 'fp16_add_40_DW01_inc_1_DW01_inc_181'
  Processing 'fp16_add_40_DW01_sub_1_DW01_sub_368'
  Processing 'fp16_add_40_DW01_add_1_DW01_add_189'
  Processing 'fp16_add_40_DW01_ash_1_DW01_ash_159'
  Processing 'fp16_add_40_DW01_sub_2_DW01_sub_369'
  Processing 'fp16_add_40_DW_rash_0_DW_rash_87'
  Processing 'fp16_add_40_DW01_cmp2_1_DW01_cmp2_457'
  Processing 'fp16_add_40_DW01_sub_3_DW01_sub_370'
  Processing 'fp16_add_40_DW01_cmp2_2_DW01_cmp2_458'
  Processing 'fp16_add_41_DW01_inc_0_DW01_inc_182'
  Processing 'fp16_add_41_DW01_add_0_DW01_add_190'
  Processing 'fp16_add_41_DW01_sub_0_DW01_sub_371'
  Processing 'fp16_add_41_DW01_cmp2_0_DW01_cmp2_459'
  Processing 'fp16_add_41_DW01_ash_0_DW01_ash_160'
  Processing 'fp16_add_41_DW01_inc_1_DW01_inc_183'
  Processing 'fp16_add_41_DW01_sub_1_DW01_sub_372'
  Processing 'fp16_add_41_DW01_add_1_DW01_add_191'
  Processing 'fp16_add_41_DW01_ash_1_DW01_ash_161'
  Processing 'fp16_add_41_DW01_sub_2_DW01_sub_373'
  Processing 'fp16_add_41_DW_rash_0_DW_rash_88'
  Processing 'fp16_add_41_DW01_cmp2_1_DW01_cmp2_460'
  Processing 'fp16_add_41_DW01_sub_3_DW01_sub_374'
  Processing 'fp16_add_41_DW01_cmp2_2_DW01_cmp2_461'
  Processing 'fp16_add_42_DW01_inc_0_DW01_inc_184'
  Processing 'fp16_add_42_DW01_add_0_DW01_add_192'
  Processing 'fp16_add_42_DW01_sub_0_DW01_sub_375'
  Processing 'fp16_add_42_DW01_cmp2_0_DW01_cmp2_462'
  Processing 'fp16_add_42_DW01_ash_0_DW01_ash_162'
  Processing 'fp16_add_42_DW01_inc_1_DW01_inc_185'
  Processing 'fp16_add_42_DW01_sub_1_DW01_sub_376'
  Processing 'fp16_add_42_DW01_add_1_DW01_add_193'
  Processing 'fp16_add_42_DW01_ash_1_DW01_ash_163'
  Processing 'fp16_add_42_DW01_sub_2_DW01_sub_377'
  Processing 'fp16_add_42_DW_rash_0_DW_rash_89'
  Processing 'fp16_add_42_DW01_cmp2_1_DW01_cmp2_463'
  Processing 'fp16_add_42_DW01_sub_3_DW01_sub_378'
  Processing 'fp16_add_42_DW01_cmp2_2_DW01_cmp2_464'
  Processing 'fp16_add_43_DW01_inc_0_DW01_inc_186'
  Processing 'fp16_add_43_DW01_add_0_DW01_add_194'
  Processing 'fp16_add_43_DW01_sub_0_DW01_sub_379'
  Processing 'fp16_add_43_DW01_cmp2_0_DW01_cmp2_465'
  Processing 'fp16_add_43_DW01_ash_0_DW01_ash_164'
  Processing 'fp16_add_43_DW01_inc_1_DW01_inc_187'
  Processing 'fp16_add_43_DW01_sub_1_DW01_sub_380'
  Processing 'fp16_add_43_DW01_add_1_DW01_add_195'
  Processing 'fp16_add_43_DW01_ash_1_DW01_ash_165'
  Processing 'fp16_add_43_DW01_sub_2_DW01_sub_381'
  Processing 'fp16_add_43_DW_rash_0_DW_rash_90'
  Processing 'fp16_add_43_DW01_cmp2_1_DW01_cmp2_466'
  Processing 'fp16_add_43_DW01_sub_3_DW01_sub_382'
  Processing 'fp16_add_43_DW01_cmp2_2_DW01_cmp2_467'
  Processing 'fp16_add_44_DW01_inc_0_DW01_inc_188'
  Processing 'fp16_add_44_DW01_add_0_DW01_add_196'
  Processing 'fp16_add_44_DW01_sub_0_DW01_sub_383'
  Processing 'fp16_add_44_DW01_cmp2_0_DW01_cmp2_468'
  Processing 'fp16_add_44_DW01_ash_0_DW01_ash_166'
  Processing 'fp16_add_44_DW01_inc_1_DW01_inc_189'
  Processing 'fp16_add_44_DW01_sub_1_DW01_sub_384'
  Processing 'fp16_add_44_DW01_add_1_DW01_add_197'
  Processing 'fp16_add_44_DW01_ash_1_DW01_ash_167'
  Processing 'fp16_add_44_DW01_sub_2_DW01_sub_385'
  Processing 'fp16_add_44_DW_rash_0_DW_rash_91'
  Processing 'fp16_add_44_DW01_cmp2_1_DW01_cmp2_469'
  Processing 'fp16_add_44_DW01_sub_3_DW01_sub_386'
  Processing 'fp16_add_44_DW01_cmp2_2_DW01_cmp2_470'
  Processing 'fp16_add_45_DW01_inc_0_DW01_inc_190'
  Processing 'fp16_add_45_DW01_add_0_DW01_add_198'
  Processing 'fp16_add_45_DW01_sub_0_DW01_sub_387'
  Processing 'fp16_add_45_DW01_cmp2_0_DW01_cmp2_471'
  Processing 'fp16_add_45_DW01_ash_0_DW01_ash_168'
  Processing 'fp16_add_45_DW01_inc_1_DW01_inc_191'
  Processing 'fp16_add_45_DW01_sub_1_DW01_sub_388'
  Processing 'fp16_add_45_DW01_add_1_DW01_add_199'
  Processing 'fp16_add_45_DW01_ash_1_DW01_ash_169'
  Processing 'fp16_add_45_DW01_sub_2_DW01_sub_389'
  Processing 'fp16_add_45_DW_rash_0_DW_rash_92'
  Processing 'fp16_add_45_DW01_cmp2_1_DW01_cmp2_472'
  Processing 'fp16_add_45_DW01_sub_3_DW01_sub_390'
  Processing 'fp16_add_45_DW01_cmp2_2_DW01_cmp2_473'
  Processing 'fp16_add_46_DW01_inc_0_DW01_inc_192'
  Processing 'fp16_add_46_DW01_add_0_DW01_add_200'
  Processing 'fp16_add_46_DW01_sub_0_DW01_sub_391'
  Processing 'fp16_add_46_DW01_cmp2_0_DW01_cmp2_474'
  Processing 'fp16_add_46_DW01_ash_0_DW01_ash_170'
  Processing 'fp16_add_46_DW01_inc_1_DW01_inc_193'
  Processing 'fp16_add_46_DW01_sub_1_DW01_sub_392'
  Processing 'fp16_add_46_DW01_add_1_DW01_add_201'
  Processing 'fp16_add_46_DW01_ash_1_DW01_ash_171'
  Processing 'fp16_add_46_DW01_sub_2_DW01_sub_393'
  Processing 'fp16_add_46_DW_rash_0_DW_rash_93'
  Processing 'fp16_add_46_DW01_cmp2_1_DW01_cmp2_475'
  Processing 'fp16_add_46_DW01_sub_3_DW01_sub_394'
  Processing 'fp16_add_46_DW01_cmp2_2_DW01_cmp2_476'
  Processing 'fp16_add_47_DW01_inc_0_DW01_inc_194'
  Processing 'fp16_add_47_DW01_add_0_DW01_add_202'
  Processing 'fp16_add_47_DW01_sub_0_DW01_sub_395'
  Processing 'fp16_add_47_DW01_cmp2_0_DW01_cmp2_477'
  Processing 'fp16_add_47_DW01_ash_0_DW01_ash_172'
  Processing 'fp16_add_47_DW01_inc_1_DW01_inc_195'
  Processing 'fp16_add_47_DW01_sub_1_DW01_sub_396'
  Processing 'fp16_add_47_DW01_add_1_DW01_add_203'
  Processing 'fp16_add_47_DW01_ash_1_DW01_ash_173'
  Processing 'fp16_add_47_DW01_sub_2_DW01_sub_397'
  Processing 'fp16_add_47_DW_rash_0_DW_rash_94'
  Processing 'fp16_add_47_DW01_cmp2_1_DW01_cmp2_478'
  Processing 'fp16_add_47_DW01_sub_3_DW01_sub_398'
  Processing 'fp16_add_47_DW01_cmp2_2_DW01_cmp2_479'
  Processing 'fp16_add_48_DW01_inc_0_DW01_inc_196'
  Processing 'fp16_add_48_DW01_add_0_DW01_add_204'
  Processing 'fp16_add_48_DW01_sub_0_DW01_sub_399'
  Processing 'fp16_add_48_DW01_cmp2_0_DW01_cmp2_480'
  Processing 'fp16_add_48_DW01_ash_0_DW01_ash_174'
  Processing 'fp16_add_48_DW01_inc_1_DW01_inc_197'
  Processing 'fp16_add_48_DW01_sub_1_DW01_sub_400'
  Processing 'fp16_add_48_DW01_add_1_DW01_add_205'
  Processing 'fp16_add_48_DW01_ash_1_DW01_ash_175'
  Processing 'fp16_add_48_DW01_sub_2_DW01_sub_401'
  Processing 'fp16_add_48_DW_rash_0_DW_rash_95'
  Processing 'fp16_add_48_DW01_cmp2_1_DW01_cmp2_481'
  Processing 'fp16_add_48_DW01_sub_3_DW01_sub_402'
  Processing 'fp16_add_48_DW01_cmp2_2_DW01_cmp2_482'
  Processing 'fp16_add_49_DW01_inc_0_DW01_inc_198'
  Processing 'fp16_add_49_DW01_add_0_DW01_add_206'
  Processing 'fp16_add_49_DW01_sub_0_DW01_sub_403'
  Processing 'fp16_add_49_DW01_cmp2_0_DW01_cmp2_483'
  Processing 'fp16_add_49_DW01_ash_0_DW01_ash_176'
  Processing 'fp16_add_49_DW01_inc_1_DW01_inc_199'
  Processing 'fp16_add_49_DW01_sub_1_DW01_sub_404'
  Processing 'fp16_add_49_DW01_add_1_DW01_add_207'
  Processing 'fp16_add_49_DW01_ash_1_DW01_ash_177'
  Processing 'fp16_add_49_DW01_sub_2_DW01_sub_405'
  Processing 'fp16_add_49_DW_rash_0_DW_rash_96'
  Processing 'fp16_add_49_DW01_cmp2_1_DW01_cmp2_484'
  Processing 'fp16_add_49_DW01_sub_3_DW01_sub_406'
  Processing 'fp16_add_49_DW01_cmp2_2_DW01_cmp2_485'
  Processing 'fp16_add_50_DW01_inc_0_DW01_inc_200'
  Processing 'fp16_add_50_DW01_add_0_DW01_add_208'
  Processing 'fp16_add_50_DW01_sub_0_DW01_sub_407'
  Processing 'fp16_add_50_DW01_cmp2_0_DW01_cmp2_486'
  Processing 'fp16_add_50_DW01_ash_0_DW01_ash_178'
  Processing 'fp16_add_50_DW01_inc_1_DW01_inc_201'
  Processing 'fp16_add_50_DW01_sub_1_DW01_sub_408'
  Processing 'fp16_add_50_DW01_add_1_DW01_add_209'
  Processing 'fp16_add_50_DW01_ash_1_DW01_ash_179'
  Processing 'fp16_add_50_DW01_sub_2_DW01_sub_409'
  Processing 'fp16_add_50_DW_rash_0_DW_rash_97'
  Processing 'fp16_add_50_DW01_cmp2_1_DW01_cmp2_487'
  Processing 'fp16_add_50_DW01_sub_3_DW01_sub_410'
  Processing 'fp16_add_50_DW01_cmp2_2_DW01_cmp2_488'
  Processing 'fp16_add_51_DW01_inc_0_DW01_inc_202'
  Processing 'fp16_add_51_DW01_add_0_DW01_add_210'
  Processing 'fp16_add_51_DW01_sub_0_DW01_sub_411'
  Processing 'fp16_add_51_DW01_cmp2_0_DW01_cmp2_489'
  Processing 'fp16_add_51_DW01_ash_0_DW01_ash_180'
  Processing 'fp16_add_51_DW01_inc_1_DW01_inc_203'
  Processing 'fp16_add_51_DW01_sub_1_DW01_sub_412'
  Processing 'fp16_add_51_DW01_add_1_DW01_add_211'
  Processing 'fp16_add_51_DW01_ash_1_DW01_ash_181'
  Processing 'fp16_add_51_DW01_sub_2_DW01_sub_413'
  Processing 'fp16_add_51_DW_rash_0_DW_rash_98'
  Processing 'fp16_add_51_DW01_cmp2_1_DW01_cmp2_490'
  Processing 'fp16_add_51_DW01_sub_3_DW01_sub_414'
  Processing 'fp16_add_51_DW01_cmp2_2_DW01_cmp2_491'
  Processing 'fp16_add_52_DW01_inc_0_DW01_inc_204'
  Processing 'fp16_add_52_DW01_add_0_DW01_add_212'
  Processing 'fp16_add_52_DW01_sub_0_DW01_sub_415'
  Processing 'fp16_add_52_DW01_cmp2_0_DW01_cmp2_492'
  Processing 'fp16_add_52_DW01_ash_0_DW01_ash_182'
  Processing 'fp16_add_52_DW01_inc_1_DW01_inc_205'
  Processing 'fp16_add_52_DW01_sub_1_DW01_sub_416'
  Processing 'fp16_add_52_DW01_add_1_DW01_add_213'
  Processing 'fp16_add_52_DW01_ash_1_DW01_ash_183'
  Processing 'fp16_add_52_DW01_sub_2_DW01_sub_417'
  Processing 'fp16_add_52_DW_rash_0_DW_rash_99'
  Processing 'fp16_add_52_DW01_cmp2_1_DW01_cmp2_493'
  Processing 'fp16_add_52_DW01_sub_3_DW01_sub_418'
  Processing 'fp16_add_52_DW01_cmp2_2_DW01_cmp2_494'
  Processing 'fp16_add_53_DW01_inc_0_DW01_inc_206'
  Processing 'fp16_add_53_DW01_add_0_DW01_add_214'
  Processing 'fp16_add_53_DW01_sub_0_DW01_sub_419'
  Processing 'fp16_add_53_DW01_cmp2_0_DW01_cmp2_495'
  Processing 'fp16_add_53_DW01_ash_0_DW01_ash_184'
  Processing 'fp16_add_53_DW01_inc_1_DW01_inc_207'
  Processing 'fp16_add_53_DW01_sub_1_DW01_sub_420'
  Processing 'fp16_add_53_DW01_add_1_DW01_add_215'
  Processing 'fp16_add_53_DW01_ash_1_DW01_ash_185'
  Processing 'fp16_add_53_DW01_sub_2_DW01_sub_421'
  Processing 'fp16_add_53_DW_rash_0_DW_rash_100'
  Processing 'fp16_add_53_DW01_cmp2_1_DW01_cmp2_496'
  Processing 'fp16_add_53_DW01_sub_3_DW01_sub_422'
  Processing 'fp16_add_53_DW01_cmp2_2_DW01_cmp2_497'
  Processing 'fp16_add_54_DW01_inc_0_DW01_inc_208'
  Processing 'fp16_add_54_DW01_add_0_DW01_add_216'
  Processing 'fp16_add_54_DW01_sub_0_DW01_sub_423'
  Processing 'fp16_add_54_DW01_cmp2_0_DW01_cmp2_498'
  Processing 'fp16_add_54_DW01_ash_0_DW01_ash_186'
  Processing 'fp16_add_54_DW01_inc_1_DW01_inc_209'
  Processing 'fp16_add_54_DW01_sub_1_DW01_sub_424'
  Processing 'fp16_add_54_DW01_add_1_DW01_add_217'
  Processing 'fp16_add_54_DW01_ash_1_DW01_ash_187'
  Processing 'fp16_add_54_DW01_sub_2_DW01_sub_425'
  Processing 'fp16_add_54_DW_rash_0_DW_rash_101'
  Processing 'fp16_add_54_DW01_cmp2_1_DW01_cmp2_499'
  Processing 'fp16_add_54_DW01_sub_3_DW01_sub_426'
  Processing 'fp16_add_54_DW01_cmp2_2_DW01_cmp2_500'
  Processing 'fp16_add_55_DW01_inc_0_DW01_inc_210'
  Processing 'fp16_add_55_DW01_add_0_DW01_add_218'
  Processing 'fp16_add_55_DW01_sub_0_DW01_sub_427'
  Processing 'fp16_add_55_DW01_cmp2_0_DW01_cmp2_501'
  Processing 'fp16_add_55_DW01_ash_0_DW01_ash_188'
  Processing 'fp16_add_55_DW01_inc_1_DW01_inc_211'
  Processing 'fp16_add_55_DW01_sub_1_DW01_sub_428'
  Processing 'fp16_add_55_DW01_add_1_DW01_add_219'
  Processing 'fp16_add_55_DW01_ash_1_DW01_ash_189'
  Processing 'fp16_add_55_DW01_sub_2_DW01_sub_429'
  Processing 'fp16_add_55_DW_rash_0_DW_rash_102'
  Processing 'fp16_add_55_DW01_cmp2_1_DW01_cmp2_502'
  Processing 'fp16_add_55_DW01_sub_3_DW01_sub_430'
  Processing 'fp16_add_55_DW01_cmp2_2_DW01_cmp2_503'
  Processing 'fp16_add_56_DW01_inc_0_DW01_inc_212'
  Processing 'fp16_add_56_DW01_add_0_DW01_add_220'
  Processing 'fp16_add_56_DW01_sub_0_DW01_sub_431'
  Processing 'fp16_add_56_DW01_cmp2_0_DW01_cmp2_504'
  Processing 'fp16_add_56_DW01_ash_0_DW01_ash_190'
  Processing 'fp16_add_56_DW01_inc_1_DW01_inc_213'
  Processing 'fp16_add_56_DW01_sub_1_DW01_sub_432'
  Processing 'fp16_add_56_DW01_add_1_DW01_add_221'
  Processing 'fp16_add_56_DW01_ash_1_DW01_ash_191'
  Processing 'fp16_add_56_DW01_sub_2_DW01_sub_433'
  Processing 'fp16_add_56_DW_rash_0_DW_rash_103'
  Processing 'fp16_add_56_DW01_cmp2_1_DW01_cmp2_505'
  Processing 'fp16_add_56_DW01_sub_3_DW01_sub_434'
  Processing 'fp16_add_56_DW01_cmp2_2_DW01_cmp2_506'
  Processing 'fp16_add_57_DW01_inc_0_DW01_inc_214'
  Processing 'fp16_add_57_DW01_add_0_DW01_add_222'
  Processing 'fp16_add_57_DW01_sub_0_DW01_sub_435'
  Processing 'fp16_add_57_DW01_cmp2_0_DW01_cmp2_507'
  Processing 'fp16_add_57_DW01_ash_0_DW01_ash_192'
  Processing 'fp16_add_57_DW01_inc_1_DW01_inc_215'
  Processing 'fp16_add_57_DW01_sub_1_DW01_sub_436'
  Processing 'fp16_add_57_DW01_add_1_DW01_add_223'
  Processing 'fp16_add_57_DW01_ash_1_DW01_ash_193'
  Processing 'fp16_add_57_DW01_sub_2_DW01_sub_437'
  Processing 'fp16_add_57_DW_rash_0_DW_rash_104'
  Processing 'fp16_add_57_DW01_cmp2_1_DW01_cmp2_508'
  Processing 'fp16_add_57_DW01_sub_3_DW01_sub_438'
  Processing 'fp16_add_57_DW01_cmp2_2_DW01_cmp2_509'
  Processing 'fp16_add_58_DW01_inc_0_DW01_inc_216'
  Processing 'fp16_add_58_DW01_add_0_DW01_add_224'
  Processing 'fp16_add_58_DW01_sub_0_DW01_sub_439'
  Processing 'fp16_add_58_DW01_cmp2_0_DW01_cmp2_510'
  Processing 'fp16_add_58_DW01_ash_0_DW01_ash_194'
  Processing 'fp16_add_58_DW01_inc_1_DW01_inc_217'
  Processing 'fp16_add_58_DW01_sub_1_DW01_sub_440'
  Processing 'fp16_add_58_DW01_add_1_DW01_add_225'
  Processing 'fp16_add_58_DW01_ash_1_DW01_ash_195'
  Processing 'fp16_add_58_DW01_sub_2_DW01_sub_441'
  Processing 'fp16_add_58_DW_rash_0_DW_rash_105'
  Processing 'fp16_add_58_DW01_cmp2_1_DW01_cmp2_511'
  Processing 'fp16_add_58_DW01_sub_3_DW01_sub_442'
  Processing 'fp16_add_58_DW01_cmp2_2_DW01_cmp2_512'
  Processing 'fp16_add_59_DW01_inc_0_DW01_inc_218'
  Processing 'fp16_add_59_DW01_add_0_DW01_add_226'
  Processing 'fp16_add_59_DW01_sub_0_DW01_sub_443'
  Processing 'fp16_add_59_DW01_cmp2_0_DW01_cmp2_513'
  Processing 'fp16_add_59_DW01_ash_0_DW01_ash_196'
  Processing 'fp16_add_59_DW01_inc_1_DW01_inc_219'
  Processing 'fp16_add_59_DW01_sub_1_DW01_sub_444'
  Processing 'fp16_add_59_DW01_add_1_DW01_add_227'
  Processing 'fp16_add_59_DW01_ash_1_DW01_ash_197'
  Processing 'fp16_add_59_DW01_sub_2_DW01_sub_445'
  Processing 'fp16_add_59_DW_rash_0_DW_rash_106'
  Processing 'fp16_add_59_DW01_cmp2_1_DW01_cmp2_514'
  Processing 'fp16_add_59_DW01_sub_3_DW01_sub_446'
  Processing 'fp16_add_59_DW01_cmp2_2_DW01_cmp2_515'
  Processing 'fp16_add_60_DW01_inc_0_DW01_inc_220'
  Processing 'fp16_add_60_DW01_add_0_DW01_add_228'
  Processing 'fp16_add_60_DW01_sub_0_DW01_sub_447'
  Processing 'fp16_add_60_DW01_cmp2_0_DW01_cmp2_516'
  Processing 'fp16_add_60_DW01_ash_0_DW01_ash_198'
  Processing 'fp16_add_60_DW01_inc_1_DW01_inc_221'
  Processing 'fp16_add_60_DW01_sub_1_DW01_sub_448'
  Processing 'fp16_add_60_DW01_add_1_DW01_add_229'
  Processing 'fp16_add_60_DW01_ash_1_DW01_ash_199'
  Processing 'fp16_add_60_DW01_sub_2_DW01_sub_449'
  Processing 'fp16_add_60_DW_rash_0_DW_rash_107'
  Processing 'fp16_add_60_DW01_cmp2_1_DW01_cmp2_517'
  Processing 'fp16_add_60_DW01_sub_3_DW01_sub_450'
  Processing 'fp16_add_60_DW01_cmp2_2_DW01_cmp2_518'
  Processing 'fp16_add_61_DW01_inc_0_DW01_inc_222'
  Processing 'fp16_add_61_DW01_add_0_DW01_add_230'
  Processing 'fp16_add_61_DW01_sub_0_DW01_sub_451'
  Processing 'fp16_add_61_DW01_cmp2_0_DW01_cmp2_519'
  Processing 'fp16_add_61_DW01_ash_0_DW01_ash_200'
  Processing 'fp16_add_61_DW01_inc_1_DW01_inc_223'
  Processing 'fp16_add_61_DW01_sub_1_DW01_sub_452'
  Processing 'fp16_add_61_DW01_add_1_DW01_add_231'
  Processing 'fp16_add_61_DW01_ash_1_DW01_ash_201'
  Processing 'fp16_add_61_DW01_sub_2_DW01_sub_453'
  Processing 'fp16_add_61_DW_rash_0_DW_rash_108'
  Processing 'fp16_add_61_DW01_cmp2_1_DW01_cmp2_520'
  Processing 'fp16_add_61_DW01_sub_3_DW01_sub_454'
  Processing 'fp16_add_61_DW01_cmp2_2_DW01_cmp2_521'
  Processing 'fp16_add_62_DW01_inc_0_DW01_inc_224'
  Processing 'fp16_add_62_DW01_add_0_DW01_add_232'
  Processing 'fp16_add_62_DW01_sub_0_DW01_sub_455'
  Processing 'fp16_add_62_DW01_cmp2_0_DW01_cmp2_522'
  Processing 'fp16_add_62_DW01_ash_0_DW01_ash_202'
  Processing 'fp16_add_62_DW01_inc_1_DW01_inc_225'
  Processing 'fp16_add_62_DW01_sub_1_DW01_sub_456'
  Processing 'fp16_add_62_DW01_add_1_DW01_add_233'
  Processing 'fp16_add_62_DW01_ash_1_DW01_ash_203'
  Processing 'fp16_add_62_DW01_sub_2_DW01_sub_457'
  Processing 'fp16_add_62_DW_rash_0_DW_rash_109'
  Processing 'fp16_add_62_DW01_cmp2_1_DW01_cmp2_523'
  Processing 'fp16_add_62_DW01_sub_3_DW01_sub_458'
  Processing 'fp16_add_62_DW01_cmp2_2_DW01_cmp2_524'
  Processing 'fp16_add_63_DW01_inc_0_DW01_inc_226'
  Processing 'fp16_add_63_DW01_add_0_DW01_add_234'
  Processing 'fp16_add_63_DW01_sub_0_DW01_sub_459'
  Processing 'fp16_add_63_DW01_cmp2_0_DW01_cmp2_525'
  Processing 'fp16_add_63_DW01_ash_0_DW01_ash_204'
  Processing 'fp16_add_63_DW01_inc_1_DW01_inc_227'
  Processing 'fp16_add_63_DW01_sub_1_DW01_sub_460'
  Processing 'fp16_add_63_DW01_add_1_DW01_add_235'
  Processing 'fp16_add_63_DW01_ash_1_DW01_ash_205'
  Processing 'fp16_add_63_DW01_sub_2_DW01_sub_461'
  Processing 'fp16_add_63_DW_rash_0_DW_rash_110'
  Processing 'fp16_add_63_DW01_cmp2_1_DW01_cmp2_526'
  Processing 'fp16_add_63_DW01_sub_3_DW01_sub_462'
  Processing 'fp16_add_63_DW01_cmp2_2_DW01_cmp2_527'
  Processing 'fp16_add_64_DW01_inc_0_DW01_inc_228'
  Processing 'fp16_add_64_DW01_add_0_DW01_add_236'
  Processing 'fp16_add_64_DW01_sub_0_DW01_sub_463'
  Processing 'fp16_add_64_DW01_cmp2_0_DW01_cmp2_528'
  Processing 'fp16_add_64_DW01_ash_0_DW01_ash_206'
  Processing 'fp16_add_64_DW01_inc_1_DW01_inc_229'
  Processing 'fp16_add_64_DW01_sub_1_DW01_sub_464'
  Processing 'fp16_add_64_DW01_add_1_DW01_add_237'
  Processing 'fp16_add_64_DW01_ash_1_DW01_ash_207'
  Processing 'fp16_add_64_DW01_sub_2_DW01_sub_465'
  Processing 'fp16_add_64_DW_rash_0_DW_rash_111'
  Processing 'fp16_add_64_DW01_cmp2_1_DW01_cmp2_529'
  Processing 'fp16_add_64_DW01_sub_3_DW01_sub_466'
  Processing 'fp16_add_64_DW01_cmp2_2_DW01_cmp2_530'
  Processing 'fp16_add_65_DW01_inc_0_DW01_inc_230'
  Processing 'fp16_add_65_DW01_add_0_DW01_add_238'
  Processing 'fp16_add_65_DW01_sub_0_DW01_sub_467'
  Processing 'fp16_add_65_DW01_cmp2_0_DW01_cmp2_531'
  Processing 'fp16_add_65_DW01_ash_0_DW01_ash_208'
  Processing 'fp16_add_65_DW01_inc_1_DW01_inc_231'
  Processing 'fp16_add_65_DW01_sub_1_DW01_sub_468'
  Processing 'fp16_add_65_DW01_add_1_DW01_add_239'
  Processing 'fp16_add_65_DW01_ash_1_DW01_ash_209'
  Processing 'fp16_add_65_DW01_sub_2_DW01_sub_469'
  Processing 'fp16_add_65_DW_rash_0_DW_rash_112'
  Processing 'fp16_add_65_DW01_cmp2_1_DW01_cmp2_532'
  Processing 'fp16_add_65_DW01_sub_3_DW01_sub_470'
  Processing 'fp16_add_65_DW01_cmp2_2_DW01_cmp2_533'
  Processing 'fp16_add_66_DW01_inc_0_DW01_inc_232'
  Processing 'fp16_add_66_DW01_add_0_DW01_add_240'
  Processing 'fp16_add_66_DW01_sub_0_DW01_sub_471'
  Processing 'fp16_add_66_DW01_cmp2_0_DW01_cmp2_534'
  Processing 'fp16_add_66_DW01_ash_0_DW01_ash_210'
  Processing 'fp16_add_66_DW01_inc_1_DW01_inc_233'
  Processing 'fp16_add_66_DW01_sub_1_DW01_sub_472'
  Processing 'fp16_add_66_DW01_add_1_DW01_add_241'
  Processing 'fp16_add_66_DW01_ash_1_DW01_ash_211'
  Processing 'fp16_add_66_DW01_sub_2_DW01_sub_473'
  Processing 'fp16_add_66_DW_rash_0_DW_rash_113'
  Processing 'fp16_add_66_DW01_cmp2_1_DW01_cmp2_535'
  Processing 'fp16_add_66_DW01_sub_3_DW01_sub_474'
  Processing 'fp16_add_66_DW01_cmp2_2_DW01_cmp2_536'
  Processing 'fp16_add_67_DW01_inc_0_DW01_inc_234'
  Processing 'fp16_add_67_DW01_add_0_DW01_add_242'
  Processing 'fp16_add_67_DW01_sub_0_DW01_sub_475'
  Processing 'fp16_add_67_DW01_cmp2_0_DW01_cmp2_537'
  Processing 'fp16_add_67_DW01_ash_0_DW01_ash_212'
  Processing 'fp16_add_67_DW01_inc_1_DW01_inc_235'
  Processing 'fp16_add_67_DW01_sub_1_DW01_sub_476'
  Processing 'fp16_add_67_DW01_add_1_DW01_add_243'
  Processing 'fp16_add_67_DW01_ash_1_DW01_ash_213'
  Processing 'fp16_add_67_DW01_sub_2_DW01_sub_477'
  Processing 'fp16_add_67_DW_rash_0_DW_rash_114'
  Processing 'fp16_add_67_DW01_cmp2_1_DW01_cmp2_538'
  Processing 'fp16_add_67_DW01_sub_3_DW01_sub_478'
  Processing 'fp16_add_67_DW01_cmp2_2_DW01_cmp2_539'
  Processing 'fp16_add_68_DW01_inc_0_DW01_inc_236'
  Processing 'fp16_add_68_DW01_add_0_DW01_add_244'
  Processing 'fp16_add_68_DW01_sub_0_DW01_sub_479'
  Processing 'fp16_add_68_DW01_cmp2_0_DW01_cmp2_540'
  Processing 'fp16_add_68_DW01_ash_0_DW01_ash_214'
  Processing 'fp16_add_68_DW01_inc_1_DW01_inc_237'
  Processing 'fp16_add_68_DW01_sub_1_DW01_sub_480'
  Processing 'fp16_add_68_DW01_add_1_DW01_add_245'
  Processing 'fp16_add_68_DW01_ash_1_DW01_ash_215'
  Processing 'fp16_add_68_DW01_sub_2_DW01_sub_481'
  Processing 'fp16_add_68_DW_rash_0_DW_rash_115'
  Processing 'fp16_add_68_DW01_cmp2_1_DW01_cmp2_541'
  Processing 'fp16_add_68_DW01_sub_3_DW01_sub_482'
  Processing 'fp16_add_68_DW01_cmp2_2_DW01_cmp2_542'
  Processing 'fp16_mult_17_DW01_cmp2_0_DW01_cmp2_543'
  Processing 'fp16_mult_17_DW01_cmp2_1_DW01_cmp2_544'
  Processing 'fp16_mult_17_DW01_inc_0_DW01_inc_238'
  Processing 'fp16_mult_17_DW01_add_0_DW01_add_246'
  Processing 'fp16_mult_18_DW01_cmp2_0_DW01_cmp2_545'
  Processing 'fp16_mult_18_DW01_cmp2_1_DW01_cmp2_546'
  Processing 'fp16_mult_18_DW01_inc_0_DW01_inc_239'
  Processing 'fp16_mult_18_DW01_add_0_DW01_add_247'
  Processing 'fp16_mult_19_DW01_cmp2_0_DW01_cmp2_547'
  Processing 'fp16_mult_19_DW01_cmp2_1_DW01_cmp2_548'
  Processing 'fp16_mult_19_DW01_inc_0_DW01_inc_240'
  Processing 'fp16_mult_19_DW01_add_0_DW01_add_248'
  Processing 'fp16_mult_20_DW01_cmp2_0_DW01_cmp2_549'
  Processing 'fp16_mult_20_DW01_cmp2_1_DW01_cmp2_550'
  Processing 'fp16_mult_20_DW01_inc_0_DW01_inc_241'
  Processing 'fp16_mult_20_DW01_add_0_DW01_add_249'
  Processing 'fp16_mult_21_DW01_cmp2_0_DW01_cmp2_551'
  Processing 'fp16_mult_21_DW01_cmp2_1_DW01_cmp2_552'
  Processing 'fp16_mult_21_DW01_inc_0_DW01_inc_242'
  Processing 'fp16_mult_21_DW01_add_0_DW01_add_250'
  Processing 'fp16_mult_22_DW01_cmp2_0_DW01_cmp2_553'
  Processing 'fp16_mult_22_DW01_cmp2_1_DW01_cmp2_554'
  Processing 'fp16_mult_22_DW01_inc_0_DW01_inc_243'
  Processing 'fp16_mult_22_DW01_add_0_DW01_add_251'
  Processing 'fp16_mult_23_DW01_cmp2_0_DW01_cmp2_555'
  Processing 'fp16_mult_23_DW01_cmp2_1_DW01_cmp2_556'
  Processing 'fp16_mult_23_DW01_inc_0_DW01_inc_244'
  Processing 'fp16_mult_23_DW01_add_0_DW01_add_252'
  Processing 'fp16_mult_24_DW01_cmp2_0_DW01_cmp2_557'
  Processing 'fp16_mult_24_DW01_cmp2_1_DW01_cmp2_558'
  Processing 'fp16_mult_24_DW01_inc_0_DW01_inc_245'
  Processing 'fp16_mult_24_DW01_add_0_DW01_add_253'
  Processing 'fp16_mult_25_DW01_cmp2_0_DW01_cmp2_559'
  Processing 'fp16_mult_25_DW01_cmp2_1_DW01_cmp2_560'
  Processing 'fp16_mult_25_DW01_inc_0_DW01_inc_246'
  Processing 'fp16_mult_25_DW01_add_0_DW01_add_254'
  Processing 'fp16_mult_26_DW01_cmp2_0_DW01_cmp2_561'
  Processing 'fp16_mult_26_DW01_cmp2_1_DW01_cmp2_562'
  Processing 'fp16_mult_26_DW01_inc_0_DW01_inc_247'
  Processing 'fp16_mult_26_DW01_add_0_DW01_add_255'
  Processing 'fp16_mult_27_DW01_cmp2_0_DW01_cmp2_563'
  Processing 'fp16_mult_27_DW01_cmp2_1_DW01_cmp2_564'
  Processing 'fp16_mult_27_DW01_inc_0_DW01_inc_248'
  Processing 'fp16_mult_27_DW01_add_0_DW01_add_256'
  Processing 'fp16_mult_28_DW01_cmp2_0_DW01_cmp2_565'
  Processing 'fp16_mult_28_DW01_cmp2_1_DW01_cmp2_566'
  Processing 'fp16_mult_28_DW01_inc_0_DW01_inc_249'
  Processing 'fp16_mult_28_DW01_add_0_DW01_add_257'
  Processing 'fp16_mult_29_DW01_cmp2_0_DW01_cmp2_567'
  Processing 'fp16_mult_29_DW01_cmp2_1_DW01_cmp2_568'
  Processing 'fp16_mult_29_DW01_inc_0_DW01_inc_250'
  Processing 'fp16_mult_29_DW01_add_0_DW01_add_258'
  Processing 'fp16_mult_30_DW01_cmp2_0_DW01_cmp2_569'
  Processing 'fp16_mult_30_DW01_cmp2_1_DW01_cmp2_570'
  Processing 'fp16_mult_30_DW01_inc_0_DW01_inc_251'
  Processing 'fp16_mult_30_DW01_add_0_DW01_add_259'
  Processing 'fp16_mult_31_DW01_cmp2_0_DW01_cmp2_571'
  Processing 'fp16_mult_31_DW01_cmp2_1_DW01_cmp2_572'
  Processing 'fp16_mult_31_DW01_inc_0_DW01_inc_252'
  Processing 'fp16_mult_31_DW01_add_0_DW01_add_260'
  Processing 'fp16_mult_32_DW01_cmp2_0_DW01_cmp2_573'
  Processing 'fp16_mult_32_DW01_cmp2_1_DW01_cmp2_574'
  Processing 'fp16_mult_32_DW01_inc_0_DW01_inc_253'
  Processing 'fp16_mult_32_DW01_add_0_DW01_add_261'
  Processing 'fp16_add_69_DW01_inc_0_DW01_inc_254'
  Processing 'fp16_add_69_DW01_add_0_DW01_add_262'
  Processing 'fp16_add_69_DW01_sub_0_DW01_sub_483'
  Processing 'fp16_add_69_DW01_cmp2_0_DW01_cmp2_575'
  Processing 'fp16_add_69_DW01_ash_0_DW01_ash_216'
  Processing 'fp16_add_69_DW01_inc_1_DW01_inc_255'
  Processing 'fp16_add_69_DW01_sub_1_DW01_sub_484'
  Processing 'fp16_add_69_DW01_add_1_DW01_add_263'
  Processing 'fp16_add_69_DW01_ash_1_DW01_ash_217'
  Processing 'fp16_add_69_DW01_sub_2_DW01_sub_485'
  Processing 'fp16_add_69_DW_rash_0_DW_rash_116'
  Processing 'fp16_add_69_DW01_cmp2_1_DW01_cmp2_576'
  Processing 'fp16_add_69_DW01_sub_3_DW01_sub_486'
  Processing 'fp16_add_69_DW01_cmp2_2_DW01_cmp2_577'
  Processing 'fp16_add_70_DW01_inc_0_DW01_inc_256'
  Processing 'fp16_add_70_DW01_add_0_DW01_add_264'
  Processing 'fp16_add_70_DW01_sub_0_DW01_sub_487'
  Processing 'fp16_add_70_DW01_cmp2_0_DW01_cmp2_578'
  Processing 'fp16_add_70_DW01_ash_0_DW01_ash_218'
  Processing 'fp16_add_70_DW01_inc_1_DW01_inc_257'
  Processing 'fp16_add_70_DW01_sub_1_DW01_sub_488'
  Processing 'fp16_add_70_DW01_add_1_DW01_add_265'
  Processing 'fp16_add_70_DW01_ash_1_DW01_ash_219'
  Processing 'fp16_add_70_DW01_sub_2_DW01_sub_489'
  Processing 'fp16_add_70_DW_rash_0_DW_rash_117'
  Processing 'fp16_add_70_DW01_cmp2_1_DW01_cmp2_579'
  Processing 'fp16_add_70_DW01_sub_3_DW01_sub_490'
  Processing 'fp16_add_70_DW01_cmp2_2_DW01_cmp2_580'
  Processing 'fp16_add_71_DW01_inc_0_DW01_inc_258'
  Processing 'fp16_add_71_DW01_add_0_DW01_add_266'
  Processing 'fp16_add_71_DW01_sub_0_DW01_sub_491'
  Processing 'fp16_add_71_DW01_cmp2_0_DW01_cmp2_581'
  Processing 'fp16_add_71_DW01_ash_0_DW01_ash_220'
  Processing 'fp16_add_71_DW01_inc_1_DW01_inc_259'
  Processing 'fp16_add_71_DW01_sub_1_DW01_sub_492'
  Processing 'fp16_add_71_DW01_add_1_DW01_add_267'
  Processing 'fp16_add_71_DW01_ash_1_DW01_ash_221'
  Processing 'fp16_add_71_DW01_sub_2_DW01_sub_493'
  Processing 'fp16_add_71_DW_rash_0_DW_rash_118'
  Processing 'fp16_add_71_DW01_cmp2_1_DW01_cmp2_582'
  Processing 'fp16_add_71_DW01_sub_3_DW01_sub_494'
  Processing 'fp16_add_71_DW01_cmp2_2_DW01_cmp2_583'
  Processing 'fp16_add_72_DW01_inc_0_DW01_inc_260'
  Processing 'fp16_add_72_DW01_add_0_DW01_add_268'
  Processing 'fp16_add_72_DW01_sub_0_DW01_sub_495'
  Processing 'fp16_add_72_DW01_cmp2_0_DW01_cmp2_584'
  Processing 'fp16_add_72_DW01_ash_0_DW01_ash_222'
  Processing 'fp16_add_72_DW01_inc_1_DW01_inc_261'
  Processing 'fp16_add_72_DW01_sub_1_DW01_sub_496'
  Processing 'fp16_add_72_DW01_add_1_DW01_add_269'
  Processing 'fp16_add_72_DW01_ash_1_DW01_ash_223'
  Processing 'fp16_add_72_DW01_sub_2_DW01_sub_497'
  Processing 'fp16_add_72_DW_rash_0_DW_rash_119'
  Processing 'fp16_add_72_DW01_cmp2_1_DW01_cmp2_585'
  Processing 'fp16_add_72_DW01_sub_3_DW01_sub_498'
  Processing 'fp16_add_72_DW01_cmp2_2_DW01_cmp2_586'
  Processing 'fp16_add_73_DW01_inc_0_DW01_inc_262'
  Processing 'fp16_add_73_DW01_add_0_DW01_add_270'
  Processing 'fp16_add_73_DW01_sub_0_DW01_sub_499'
  Processing 'fp16_add_73_DW01_cmp2_0_DW01_cmp2_587'
  Processing 'fp16_add_73_DW01_ash_0_DW01_ash_224'
  Processing 'fp16_add_73_DW01_inc_1_DW01_inc_263'
  Processing 'fp16_add_73_DW01_sub_1_DW01_sub_500'
  Processing 'fp16_add_73_DW01_add_1_DW01_add_271'
  Processing 'fp16_add_73_DW01_ash_1_DW01_ash_225'
  Processing 'fp16_add_73_DW01_sub_2_DW01_sub_501'
  Processing 'fp16_add_73_DW_rash_0_DW_rash_120'
  Processing 'fp16_add_73_DW01_cmp2_1_DW01_cmp2_588'
  Processing 'fp16_add_73_DW01_sub_3_DW01_sub_502'
  Processing 'fp16_add_73_DW01_cmp2_2_DW01_cmp2_589'
  Processing 'fp16_add_74_DW01_inc_0_DW01_inc_264'
  Processing 'fp16_add_74_DW01_add_0_DW01_add_272'
  Processing 'fp16_add_74_DW01_sub_0_DW01_sub_503'
  Processing 'fp16_add_74_DW01_cmp2_0_DW01_cmp2_590'
  Processing 'fp16_add_74_DW01_ash_0_DW01_ash_226'
  Processing 'fp16_add_74_DW01_inc_1_DW01_inc_265'
  Processing 'fp16_add_74_DW01_sub_1_DW01_sub_504'
  Processing 'fp16_add_74_DW01_add_1_DW01_add_273'
  Processing 'fp16_add_74_DW01_ash_1_DW01_ash_227'
  Processing 'fp16_add_74_DW01_sub_2_DW01_sub_505'
  Processing 'fp16_add_74_DW_rash_0_DW_rash_121'
  Processing 'fp16_add_74_DW01_cmp2_1_DW01_cmp2_591'
  Processing 'fp16_add_74_DW01_sub_3_DW01_sub_506'
  Processing 'fp16_add_74_DW01_cmp2_2_DW01_cmp2_592'
  Processing 'fp16_add_75_DW01_inc_0_DW01_inc_266'
  Processing 'fp16_add_75_DW01_add_0_DW01_add_274'
  Processing 'fp16_add_75_DW01_sub_0_DW01_sub_507'
  Processing 'fp16_add_75_DW01_cmp2_0_DW01_cmp2_593'
  Processing 'fp16_add_75_DW01_ash_0_DW01_ash_228'
  Processing 'fp16_add_75_DW01_inc_1_DW01_inc_267'
  Processing 'fp16_add_75_DW01_sub_1_DW01_sub_508'
  Processing 'fp16_add_75_DW01_add_1_DW01_add_275'
  Processing 'fp16_add_75_DW01_ash_1_DW01_ash_229'
  Processing 'fp16_add_75_DW01_sub_2_DW01_sub_509'
  Processing 'fp16_add_75_DW_rash_0_DW_rash_122'
  Processing 'fp16_add_75_DW01_cmp2_1_DW01_cmp2_594'
  Processing 'fp16_add_75_DW01_sub_3_DW01_sub_510'
  Processing 'fp16_add_75_DW01_cmp2_2_DW01_cmp2_595'
  Processing 'fp16_add_76_DW01_inc_0_DW01_inc_268'
  Processing 'fp16_add_76_DW01_add_0_DW01_add_276'
  Processing 'fp16_add_76_DW01_sub_0_DW01_sub_511'
  Processing 'fp16_add_76_DW01_cmp2_0_DW01_cmp2_596'
  Processing 'fp16_add_76_DW01_ash_0_DW01_ash_230'
  Processing 'fp16_add_76_DW01_inc_1_DW01_inc_269'
  Processing 'fp16_add_76_DW01_sub_1_DW01_sub_512'
  Processing 'fp16_add_76_DW01_add_1_DW01_add_277'
  Processing 'fp16_add_76_DW01_ash_1_DW01_ash_231'
  Processing 'fp16_add_76_DW01_sub_2_DW01_sub_513'
  Processing 'fp16_add_76_DW_rash_0_DW_rash_123'
  Processing 'fp16_add_76_DW01_cmp2_1_DW01_cmp2_597'
  Processing 'fp16_add_76_DW01_sub_3_DW01_sub_514'
  Processing 'fp16_add_76_DW01_cmp2_2_DW01_cmp2_598'
  Processing 'fp16_add_77_DW01_inc_0_DW01_inc_270'
  Processing 'fp16_add_77_DW01_add_0_DW01_add_278'
  Processing 'fp16_add_77_DW01_sub_0_DW01_sub_515'
  Processing 'fp16_add_77_DW01_cmp2_0_DW01_cmp2_599'
  Processing 'fp16_add_77_DW01_ash_0_DW01_ash_232'
  Processing 'fp16_add_77_DW01_inc_1_DW01_inc_271'
  Processing 'fp16_add_77_DW01_sub_1_DW01_sub_516'
  Processing 'fp16_add_77_DW01_add_1_DW01_add_279'
  Processing 'fp16_add_77_DW01_ash_1_DW01_ash_233'
  Processing 'fp16_add_77_DW01_sub_2_DW01_sub_517'
  Processing 'fp16_add_77_DW_rash_0_DW_rash_124'
  Processing 'fp16_add_77_DW01_cmp2_1_DW01_cmp2_600'
  Processing 'fp16_add_77_DW01_sub_3_DW01_sub_518'
  Processing 'fp16_add_77_DW01_cmp2_2_DW01_cmp2_601'
  Processing 'fp16_add_78_DW01_inc_0_DW01_inc_272'
  Processing 'fp16_add_78_DW01_add_0_DW01_add_280'
  Processing 'fp16_add_78_DW01_sub_0_DW01_sub_519'
  Processing 'fp16_add_78_DW01_cmp2_0_DW01_cmp2_602'
  Processing 'fp16_add_78_DW01_ash_0_DW01_ash_234'
  Processing 'fp16_add_78_DW01_inc_1_DW01_inc_273'
  Processing 'fp16_add_78_DW01_sub_1_DW01_sub_520'
  Processing 'fp16_add_78_DW01_add_1_DW01_add_281'
  Processing 'fp16_add_78_DW01_ash_1_DW01_ash_235'
  Processing 'fp16_add_78_DW01_sub_2_DW01_sub_521'
  Processing 'fp16_add_78_DW_rash_0_DW_rash_125'
  Processing 'fp16_add_78_DW01_cmp2_1_DW01_cmp2_603'
  Processing 'fp16_add_78_DW01_sub_3_DW01_sub_522'
  Processing 'fp16_add_78_DW01_cmp2_2_DW01_cmp2_604'
  Processing 'fp16_add_79_DW01_inc_0_DW01_inc_274'
  Processing 'fp16_add_79_DW01_add_0_DW01_add_282'
  Processing 'fp16_add_79_DW01_sub_0_DW01_sub_523'
  Processing 'fp16_add_79_DW01_cmp2_0_DW01_cmp2_605'
  Processing 'fp16_add_79_DW01_ash_0_DW01_ash_236'
  Processing 'fp16_add_79_DW01_inc_1_DW01_inc_275'
  Processing 'fp16_add_79_DW01_sub_1_DW01_sub_524'
  Processing 'fp16_add_79_DW01_add_1_DW01_add_283'
  Processing 'fp16_add_79_DW01_ash_1_DW01_ash_237'
  Processing 'fp16_add_79_DW01_sub_2_DW01_sub_525'
  Processing 'fp16_add_79_DW_rash_0_DW_rash_126'
  Processing 'fp16_add_79_DW01_cmp2_1_DW01_cmp2_606'
  Processing 'fp16_add_79_DW01_sub_3_DW01_sub_526'
  Processing 'fp16_add_79_DW01_cmp2_2_DW01_cmp2_607'
  Processing 'fp16_add_80_DW01_inc_0_DW01_inc_276'
  Processing 'fp16_add_80_DW01_add_0_DW01_add_284'
  Processing 'fp16_add_80_DW01_sub_0_DW01_sub_527'
  Processing 'fp16_add_80_DW01_cmp2_0_DW01_cmp2_608'
  Processing 'fp16_add_80_DW01_ash_0_DW01_ash_238'
  Processing 'fp16_add_80_DW01_inc_1_DW01_inc_277'
  Processing 'fp16_add_80_DW01_sub_1_DW01_sub_528'
  Processing 'fp16_add_80_DW01_add_1_DW01_add_285'
  Processing 'fp16_add_80_DW01_ash_1_DW01_ash_239'
  Processing 'fp16_add_80_DW01_sub_2_DW01_sub_529'
  Processing 'fp16_add_80_DW_rash_0_DW_rash_127'
  Processing 'fp16_add_80_DW01_cmp2_1_DW01_cmp2_609'
  Processing 'fp16_add_80_DW01_sub_3_DW01_sub_530'
  Processing 'fp16_add_80_DW01_cmp2_2_DW01_cmp2_610'
  Processing 'fp16_add_81_DW01_inc_0_DW01_inc_278'
  Processing 'fp16_add_81_DW01_add_0_DW01_add_286'
  Processing 'fp16_add_81_DW01_sub_0_DW01_sub_531'
  Processing 'fp16_add_81_DW01_cmp2_0_DW01_cmp2_611'
  Processing 'fp16_add_81_DW01_ash_0_DW01_ash_240'
  Processing 'fp16_add_81_DW01_inc_1_DW01_inc_279'
  Processing 'fp16_add_81_DW01_sub_1_DW01_sub_532'
  Processing 'fp16_add_81_DW01_add_1_DW01_add_287'
  Processing 'fp16_add_81_DW01_ash_1_DW01_ash_241'
  Processing 'fp16_add_81_DW01_sub_2_DW01_sub_533'
  Processing 'fp16_add_81_DW_rash_0_DW_rash_128'
  Processing 'fp16_add_81_DW01_cmp2_1_DW01_cmp2_612'
  Processing 'fp16_add_81_DW01_sub_3_DW01_sub_534'
  Processing 'fp16_add_81_DW01_cmp2_2_DW01_cmp2_613'
  Processing 'fp16_add_82_DW01_inc_0_DW01_inc_280'
  Processing 'fp16_add_82_DW01_add_0_DW01_add_288'
  Processing 'fp16_add_82_DW01_sub_0_DW01_sub_535'
  Processing 'fp16_add_82_DW01_cmp2_0_DW01_cmp2_614'
  Processing 'fp16_add_82_DW01_ash_0_DW01_ash_242'
  Processing 'fp16_add_82_DW01_inc_1_DW01_inc_281'
  Processing 'fp16_add_82_DW01_sub_1_DW01_sub_536'
  Processing 'fp16_add_82_DW01_add_1_DW01_add_289'
  Processing 'fp16_add_82_DW01_ash_1_DW01_ash_243'
  Processing 'fp16_add_82_DW01_sub_2_DW01_sub_537'
  Processing 'fp16_add_82_DW_rash_0_DW_rash_129'
  Processing 'fp16_add_82_DW01_cmp2_1_DW01_cmp2_615'
  Processing 'fp16_add_82_DW01_sub_3_DW01_sub_538'
  Processing 'fp16_add_82_DW01_cmp2_2_DW01_cmp2_616'
  Processing 'fp16_add_83_DW01_inc_0_DW01_inc_282'
  Processing 'fp16_add_83_DW01_add_0_DW01_add_290'
  Processing 'fp16_add_83_DW01_sub_0_DW01_sub_539'
  Processing 'fp16_add_83_DW01_cmp2_0_DW01_cmp2_617'
  Processing 'fp16_add_83_DW01_ash_0_DW01_ash_244'
  Processing 'fp16_add_83_DW01_inc_1_DW01_inc_283'
  Processing 'fp16_add_83_DW01_sub_1_DW01_sub_540'
  Processing 'fp16_add_83_DW01_add_1_DW01_add_291'
  Processing 'fp16_add_83_DW01_ash_1_DW01_ash_245'
  Processing 'fp16_add_83_DW01_sub_2_DW01_sub_541'
  Processing 'fp16_add_83_DW_rash_0_DW_rash_130'
  Processing 'fp16_add_83_DW01_cmp2_1_DW01_cmp2_618'
  Processing 'fp16_add_83_DW01_sub_3_DW01_sub_542'
  Processing 'fp16_add_83_DW01_cmp2_2_DW01_cmp2_619'
  Processing 'fp16_add_84_DW01_inc_0_DW01_inc_284'
  Processing 'fp16_add_84_DW01_add_0_DW01_add_292'
  Processing 'fp16_add_84_DW01_sub_0_DW01_sub_543'
  Processing 'fp16_add_84_DW01_cmp2_0_DW01_cmp2_620'
  Processing 'fp16_add_84_DW01_ash_0_DW01_ash_246'
  Processing 'fp16_add_84_DW01_inc_1_DW01_inc_285'
  Processing 'fp16_add_84_DW01_sub_1_DW01_sub_544'
  Processing 'fp16_add_84_DW01_add_1_DW01_add_293'
  Processing 'fp16_add_84_DW01_ash_1_DW01_ash_247'
  Processing 'fp16_add_84_DW01_sub_2_DW01_sub_545'
  Processing 'fp16_add_84_DW_rash_0_DW_rash_131'
  Processing 'fp16_add_84_DW01_cmp2_1_DW01_cmp2_621'
  Processing 'fp16_add_84_DW01_sub_3_DW01_sub_546'
  Processing 'fp16_add_84_DW01_cmp2_2_DW01_cmp2_622'
  Processing 'fp16_add_85_DW01_inc_0_DW01_inc_286'
  Processing 'fp16_add_85_DW01_add_0_DW01_add_294'
  Processing 'fp16_add_85_DW01_sub_0_DW01_sub_547'
  Processing 'fp16_add_85_DW01_cmp2_0_DW01_cmp2_623'
  Processing 'fp16_add_85_DW01_ash_0_DW01_ash_248'
  Processing 'fp16_add_85_DW01_inc_1_DW01_inc_287'
  Processing 'fp16_add_85_DW01_sub_1_DW01_sub_548'
  Processing 'fp16_add_85_DW01_add_1_DW01_add_295'
  Processing 'fp16_add_85_DW01_ash_1_DW01_ash_249'
  Processing 'fp16_add_85_DW01_sub_2_DW01_sub_549'
  Processing 'fp16_add_85_DW_rash_0_DW_rash_132'
  Processing 'fp16_add_85_DW01_cmp2_1_DW01_cmp2_624'
  Processing 'fp16_add_85_DW01_sub_3_DW01_sub_550'
  Processing 'fp16_add_85_DW01_cmp2_2_DW01_cmp2_625'
  Processing 'fp16_add_86_DW01_inc_0_DW01_inc_288'
  Processing 'fp16_add_86_DW01_add_0_DW01_add_296'
  Processing 'fp16_add_86_DW01_sub_0_DW01_sub_551'
  Processing 'fp16_add_86_DW01_cmp2_0_DW01_cmp2_626'
  Processing 'fp16_add_86_DW01_ash_0_DW01_ash_250'
  Processing 'fp16_add_86_DW01_inc_1_DW01_inc_289'
  Processing 'fp16_add_86_DW01_sub_1_DW01_sub_552'
  Processing 'fp16_add_86_DW01_add_1_DW01_add_297'
  Processing 'fp16_add_86_DW01_ash_1_DW01_ash_251'
  Processing 'fp16_add_86_DW01_sub_2_DW01_sub_553'
  Processing 'fp16_add_86_DW_rash_0_DW_rash_133'
  Processing 'fp16_add_86_DW01_cmp2_1_DW01_cmp2_627'
  Processing 'fp16_add_86_DW01_sub_3_DW01_sub_554'
  Processing 'fp16_add_86_DW01_cmp2_2_DW01_cmp2_628'
  Processing 'fp16_add_87_DW01_inc_0_DW01_inc_290'
  Processing 'fp16_add_87_DW01_add_0_DW01_add_298'
  Processing 'fp16_add_87_DW01_sub_0_DW01_sub_555'
  Processing 'fp16_add_87_DW01_cmp2_0_DW01_cmp2_629'
  Processing 'fp16_add_87_DW01_ash_0_DW01_ash_252'
  Processing 'fp16_add_87_DW01_inc_1_DW01_inc_291'
  Processing 'fp16_add_87_DW01_sub_1_DW01_sub_556'
  Processing 'fp16_add_87_DW01_add_1_DW01_add_299'
  Processing 'fp16_add_87_DW01_ash_1_DW01_ash_253'
  Processing 'fp16_add_87_DW01_sub_2_DW01_sub_557'
  Processing 'fp16_add_87_DW_rash_0_DW_rash_134'
  Processing 'fp16_add_87_DW01_cmp2_1_DW01_cmp2_630'
  Processing 'fp16_add_87_DW01_sub_3_DW01_sub_558'
  Processing 'fp16_add_87_DW01_cmp2_2_DW01_cmp2_631'
  Processing 'fp16_add_88_DW01_inc_0_DW01_inc_292'
  Processing 'fp16_add_88_DW01_add_0_DW01_add_300'
  Processing 'fp16_add_88_DW01_sub_0_DW01_sub_559'
  Processing 'fp16_add_88_DW01_cmp2_0_DW01_cmp2_632'
  Processing 'fp16_add_88_DW01_ash_0_DW01_ash_254'
  Processing 'fp16_add_88_DW01_inc_1_DW01_inc_293'
  Processing 'fp16_add_88_DW01_sub_1_DW01_sub_560'
  Processing 'fp16_add_88_DW01_add_1_DW01_add_301'
  Processing 'fp16_add_88_DW01_ash_1_DW01_ash_255'
  Processing 'fp16_add_88_DW01_sub_2_DW01_sub_561'
  Processing 'fp16_add_88_DW_rash_0_DW_rash_135'
  Processing 'fp16_add_88_DW01_cmp2_1_DW01_cmp2_633'
  Processing 'fp16_add_88_DW01_sub_3_DW01_sub_562'
  Processing 'fp16_add_88_DW01_cmp2_2_DW01_cmp2_634'
  Processing 'fp16_add_89_DW01_inc_0_DW01_inc_294'
  Processing 'fp16_add_89_DW01_add_0_DW01_add_302'
  Processing 'fp16_add_89_DW01_sub_0_DW01_sub_563'
  Processing 'fp16_add_89_DW01_cmp2_0_DW01_cmp2_635'
  Processing 'fp16_add_89_DW01_ash_0_DW01_ash_256'
  Processing 'fp16_add_89_DW01_inc_1_DW01_inc_295'
  Processing 'fp16_add_89_DW01_sub_1_DW01_sub_564'
  Processing 'fp16_add_89_DW01_add_1_DW01_add_303'
  Processing 'fp16_add_89_DW01_ash_1_DW01_ash_257'
  Processing 'fp16_add_89_DW01_sub_2_DW01_sub_565'
  Processing 'fp16_add_89_DW_rash_0_DW_rash_136'
  Processing 'fp16_add_89_DW01_cmp2_1_DW01_cmp2_636'
  Processing 'fp16_add_89_DW01_sub_3_DW01_sub_566'
  Processing 'fp16_add_89_DW01_cmp2_2_DW01_cmp2_637'
  Processing 'fp16_add_90_DW01_inc_0_DW01_inc_296'
  Processing 'fp16_add_90_DW01_add_0_DW01_add_304'
  Processing 'fp16_add_90_DW01_sub_0_DW01_sub_567'
  Processing 'fp16_add_90_DW01_cmp2_0_DW01_cmp2_638'
  Processing 'fp16_add_90_DW01_ash_0_DW01_ash_258'
  Processing 'fp16_add_90_DW01_inc_1_DW01_inc_297'
  Processing 'fp16_add_90_DW01_sub_1_DW01_sub_568'
  Processing 'fp16_add_90_DW01_add_1_DW01_add_305'
  Processing 'fp16_add_90_DW01_ash_1_DW01_ash_259'
  Processing 'fp16_add_90_DW01_sub_2_DW01_sub_569'
  Processing 'fp16_add_90_DW_rash_0_DW_rash_137'
  Processing 'fp16_add_90_DW01_cmp2_1_DW01_cmp2_639'
  Processing 'fp16_add_90_DW01_sub_3_DW01_sub_570'
  Processing 'fp16_add_90_DW01_cmp2_2_DW01_cmp2_640'
  Processing 'fp16_add_91_DW01_inc_0_DW01_inc_298'
  Processing 'fp16_add_91_DW01_add_0_DW01_add_306'
  Processing 'fp16_add_91_DW01_sub_0_DW01_sub_571'
  Processing 'fp16_add_91_DW01_cmp2_0_DW01_cmp2_641'
  Processing 'fp16_add_91_DW01_ash_0_DW01_ash_260'
  Processing 'fp16_add_91_DW01_inc_1_DW01_inc_299'
  Processing 'fp16_add_91_DW01_sub_1_DW01_sub_572'
  Processing 'fp16_add_91_DW01_add_1_DW01_add_307'
  Processing 'fp16_add_91_DW01_ash_1_DW01_ash_261'
  Processing 'fp16_add_91_DW01_sub_2_DW01_sub_573'
  Processing 'fp16_add_91_DW_rash_0_DW_rash_138'
  Processing 'fp16_add_91_DW01_cmp2_1_DW01_cmp2_642'
  Processing 'fp16_add_91_DW01_sub_3_DW01_sub_574'
  Processing 'fp16_add_91_DW01_cmp2_2_DW01_cmp2_643'
  Processing 'fp16_add_92_DW01_inc_0_DW01_inc_300'
  Processing 'fp16_add_92_DW01_add_0_DW01_add_308'
  Processing 'fp16_add_92_DW01_sub_0_DW01_sub_575'
  Processing 'fp16_add_92_DW01_cmp2_0_DW01_cmp2_644'
  Processing 'fp16_add_92_DW01_ash_0_DW01_ash_262'
  Processing 'fp16_add_92_DW01_inc_1_DW01_inc_301'
  Processing 'fp16_add_92_DW01_sub_1_DW01_sub_576'
  Processing 'fp16_add_92_DW01_add_1_DW01_add_309'
  Processing 'fp16_add_92_DW01_ash_1_DW01_ash_263'
  Processing 'fp16_add_92_DW01_sub_2_DW01_sub_577'
  Processing 'fp16_add_92_DW_rash_0_DW_rash_139'
  Processing 'fp16_add_92_DW01_cmp2_1_DW01_cmp2_645'
  Processing 'fp16_add_92_DW01_sub_3_DW01_sub_578'
  Processing 'fp16_add_92_DW01_cmp2_2_DW01_cmp2_646'
  Processing 'fp16_add_93_DW01_inc_0_DW01_inc_302'
  Processing 'fp16_add_93_DW01_add_0_DW01_add_310'
  Processing 'fp16_add_93_DW01_sub_0_DW01_sub_579'
  Processing 'fp16_add_93_DW01_cmp2_0_DW01_cmp2_647'
  Processing 'fp16_add_93_DW01_ash_0_DW01_ash_264'
  Processing 'fp16_add_93_DW01_inc_1_DW01_inc_303'
  Processing 'fp16_add_93_DW01_sub_1_DW01_sub_580'
  Processing 'fp16_add_93_DW01_add_1_DW01_add_311'
  Processing 'fp16_add_93_DW01_ash_1_DW01_ash_265'
  Processing 'fp16_add_93_DW01_sub_2_DW01_sub_581'
  Processing 'fp16_add_93_DW_rash_0_DW_rash_140'
  Processing 'fp16_add_93_DW01_cmp2_1_DW01_cmp2_648'
  Processing 'fp16_add_93_DW01_sub_3_DW01_sub_582'
  Processing 'fp16_add_93_DW01_cmp2_2_DW01_cmp2_649'
  Processing 'fp16_add_94_DW01_inc_0_DW01_inc_304'
  Processing 'fp16_add_94_DW01_add_0_DW01_add_312'
  Processing 'fp16_add_94_DW01_sub_0_DW01_sub_583'
  Processing 'fp16_add_94_DW01_cmp2_0_DW01_cmp2_650'
  Processing 'fp16_add_94_DW01_ash_0_DW01_ash_266'
  Processing 'fp16_add_94_DW01_inc_1_DW01_inc_305'
  Processing 'fp16_add_94_DW01_sub_1_DW01_sub_584'
  Processing 'fp16_add_94_DW01_add_1_DW01_add_313'
  Processing 'fp16_add_94_DW01_ash_1_DW01_ash_267'
  Processing 'fp16_add_94_DW01_sub_2_DW01_sub_585'
  Processing 'fp16_add_94_DW_rash_0_DW_rash_141'
  Processing 'fp16_add_94_DW01_cmp2_1_DW01_cmp2_651'
  Processing 'fp16_add_94_DW01_sub_3_DW01_sub_586'
  Processing 'fp16_add_94_DW01_cmp2_2_DW01_cmp2_652'
  Processing 'fp16_add_95_DW01_inc_0_DW01_inc_306'
  Processing 'fp16_add_95_DW01_add_0_DW01_add_314'
  Processing 'fp16_add_95_DW01_sub_0_DW01_sub_587'
  Processing 'fp16_add_95_DW01_cmp2_0_DW01_cmp2_653'
  Processing 'fp16_add_95_DW01_ash_0_DW01_ash_268'
  Processing 'fp16_add_95_DW01_inc_1_DW01_inc_307'
  Processing 'fp16_add_95_DW01_sub_1_DW01_sub_588'
  Processing 'fp16_add_95_DW01_add_1_DW01_add_315'
  Processing 'fp16_add_95_DW01_ash_1_DW01_ash_269'
  Processing 'fp16_add_95_DW01_sub_2_DW01_sub_589'
  Processing 'fp16_add_95_DW_rash_0_DW_rash_142'
  Processing 'fp16_add_95_DW01_cmp2_1_DW01_cmp2_654'
  Processing 'fp16_add_95_DW01_sub_3_DW01_sub_590'
  Processing 'fp16_add_95_DW01_cmp2_2_DW01_cmp2_655'
  Processing 'fp16_add_96_DW01_inc_0_DW01_inc_308'
  Processing 'fp16_add_96_DW01_add_0_DW01_add_316'
  Processing 'fp16_add_96_DW01_sub_0_DW01_sub_591'
  Processing 'fp16_add_96_DW01_cmp2_0_DW01_cmp2_656'
  Processing 'fp16_add_96_DW01_ash_0_DW01_ash_270'
  Processing 'fp16_add_96_DW01_inc_1_DW01_inc_309'
  Processing 'fp16_add_96_DW01_sub_1_DW01_sub_592'
  Processing 'fp16_add_96_DW01_add_1_DW01_add_317'
  Processing 'fp16_add_96_DW01_ash_1_DW01_ash_271'
  Processing 'fp16_add_96_DW01_sub_2_DW01_sub_593'
  Processing 'fp16_add_96_DW_rash_0_DW_rash_143'
  Processing 'fp16_add_96_DW01_cmp2_1_DW01_cmp2_657'
  Processing 'fp16_add_96_DW01_sub_3_DW01_sub_594'
  Processing 'fp16_add_96_DW01_cmp2_2_DW01_cmp2_658'
  Processing 'fp16_add_97_DW01_inc_0_DW01_inc_310'
  Processing 'fp16_add_97_DW01_add_0_DW01_add_318'
  Processing 'fp16_add_97_DW01_sub_0_DW01_sub_595'
  Processing 'fp16_add_97_DW01_cmp2_0_DW01_cmp2_659'
  Processing 'fp16_add_97_DW01_ash_0_DW01_ash_272'
  Processing 'fp16_add_97_DW01_inc_1_DW01_inc_311'
  Processing 'fp16_add_97_DW01_sub_1_DW01_sub_596'
  Processing 'fp16_add_97_DW01_add_1_DW01_add_319'
  Processing 'fp16_add_97_DW01_ash_1_DW01_ash_273'
  Processing 'fp16_add_97_DW01_sub_2_DW01_sub_597'
  Processing 'fp16_add_97_DW_rash_0_DW_rash_144'
  Processing 'fp16_add_97_DW01_cmp2_1_DW01_cmp2_660'
  Processing 'fp16_add_97_DW01_sub_3_DW01_sub_598'
  Processing 'fp16_add_97_DW01_cmp2_2_DW01_cmp2_661'
  Processing 'fp16_add_98_DW01_inc_0_DW01_inc_312'
  Processing 'fp16_add_98_DW01_add_0_DW01_add_320'
  Processing 'fp16_add_98_DW01_sub_0_DW01_sub_599'
  Processing 'fp16_add_98_DW01_cmp2_0_DW01_cmp2_662'
  Processing 'fp16_add_98_DW01_ash_0_DW01_ash_274'
  Processing 'fp16_add_98_DW01_inc_1_DW01_inc_313'
  Processing 'fp16_add_98_DW01_sub_1_DW01_sub_600'
  Processing 'fp16_add_98_DW01_add_1_DW01_add_321'
  Processing 'fp16_add_98_DW01_ash_1_DW01_ash_275'
  Processing 'fp16_add_98_DW01_sub_2_DW01_sub_601'
  Processing 'fp16_add_98_DW_rash_0_DW_rash_145'
  Processing 'fp16_add_98_DW01_cmp2_1_DW01_cmp2_663'
  Processing 'fp16_add_98_DW01_sub_3_DW01_sub_602'
  Processing 'fp16_add_98_DW01_cmp2_2_DW01_cmp2_664'
  Processing 'fp16_add_99_DW01_inc_0_DW01_inc_314'
  Processing 'fp16_add_99_DW01_add_0_DW01_add_322'
  Processing 'fp16_add_99_DW01_sub_0_DW01_sub_603'
  Processing 'fp16_add_99_DW01_cmp2_0_DW01_cmp2_665'
  Processing 'fp16_add_99_DW01_ash_0_DW01_ash_276'
  Processing 'fp16_add_99_DW01_inc_1_DW01_inc_315'
  Processing 'fp16_add_99_DW01_sub_1_DW01_sub_604'
  Processing 'fp16_add_99_DW01_add_1_DW01_add_323'
  Processing 'fp16_add_99_DW01_ash_1_DW01_ash_277'
  Processing 'fp16_add_99_DW01_sub_2_DW01_sub_605'
  Processing 'fp16_add_99_DW_rash_0_DW_rash_146'
  Processing 'fp16_add_99_DW01_cmp2_1_DW01_cmp2_666'
  Processing 'fp16_add_99_DW01_sub_3_DW01_sub_606'
  Processing 'fp16_add_99_DW01_cmp2_2_DW01_cmp2_667'
  Processing 'fp16_add_100_DW01_inc_0_DW01_inc_316'
  Processing 'fp16_add_100_DW01_add_0_DW01_add_324'
  Processing 'fp16_add_100_DW01_sub_0_DW01_sub_607'
  Processing 'fp16_add_100_DW01_cmp2_0_DW01_cmp2_668'
  Processing 'fp16_add_100_DW01_ash_0_DW01_ash_278'
  Processing 'fp16_add_100_DW01_inc_1_DW01_inc_317'
  Processing 'fp16_add_100_DW01_sub_1_DW01_sub_608'
  Processing 'fp16_add_100_DW01_add_1_DW01_add_325'
  Processing 'fp16_add_100_DW01_ash_1_DW01_ash_279'
  Processing 'fp16_add_100_DW01_sub_2_DW01_sub_609'
  Processing 'fp16_add_100_DW_rash_0_DW_rash_147'
  Processing 'fp16_add_100_DW01_cmp2_1_DW01_cmp2_669'
  Processing 'fp16_add_100_DW01_sub_3_DW01_sub_610'
  Processing 'fp16_add_100_DW01_cmp2_2_DW01_cmp2_670'
  Processing 'fp16_mult_33_DW01_cmp2_0_DW01_cmp2_671'
  Processing 'fp16_mult_33_DW01_cmp2_1_DW01_cmp2_672'
  Processing 'fp16_mult_33_DW01_inc_0_DW01_inc_318'
  Processing 'fp16_mult_33_DW01_add_0_DW01_add_326'
  Processing 'fp16_mult_34_DW01_cmp2_0_DW01_cmp2_673'
  Processing 'fp16_mult_34_DW01_cmp2_1_DW01_cmp2_674'
  Processing 'fp16_mult_34_DW01_inc_0_DW01_inc_319'
  Processing 'fp16_mult_34_DW01_add_0_DW01_add_327'
  Processing 'fp16_mult_35_DW01_cmp2_0_DW01_cmp2_675'
  Processing 'fp16_mult_35_DW01_cmp2_1_DW01_cmp2_676'
  Processing 'fp16_mult_35_DW01_inc_0_DW01_inc_320'
  Processing 'fp16_mult_35_DW01_add_0_DW01_add_328'
  Processing 'fp16_mult_36_DW01_cmp2_0_DW01_cmp2_677'
  Processing 'fp16_mult_36_DW01_cmp2_1_DW01_cmp2_678'
  Processing 'fp16_mult_36_DW01_inc_0_DW01_inc_321'
  Processing 'fp16_mult_36_DW01_add_0_DW01_add_329'
  Processing 'fp16_mult_37_DW01_cmp2_0_DW01_cmp2_679'
  Processing 'fp16_mult_37_DW01_cmp2_1_DW01_cmp2_680'
  Processing 'fp16_mult_37_DW01_inc_0_DW01_inc_322'
  Processing 'fp16_mult_37_DW01_add_0_DW01_add_330'
  Processing 'fp16_mult_38_DW01_cmp2_0_DW01_cmp2_681'
  Processing 'fp16_mult_38_DW01_cmp2_1_DW01_cmp2_682'
  Processing 'fp16_mult_38_DW01_inc_0_DW01_inc_323'
  Processing 'fp16_mult_38_DW01_add_0_DW01_add_331'
  Processing 'fp16_mult_39_DW01_cmp2_0_DW01_cmp2_683'
  Processing 'fp16_mult_39_DW01_cmp2_1_DW01_cmp2_684'
  Processing 'fp16_mult_39_DW01_inc_0_DW01_inc_324'
  Processing 'fp16_mult_39_DW01_add_0_DW01_add_332'
  Processing 'fp16_mult_40_DW01_cmp2_0_DW01_cmp2_685'
  Processing 'fp16_mult_40_DW01_cmp2_1_DW01_cmp2_686'
  Processing 'fp16_mult_40_DW01_inc_0_DW01_inc_325'
  Processing 'fp16_mult_40_DW01_add_0_DW01_add_333'
  Processing 'fp16_mult_41_DW01_cmp2_0_DW01_cmp2_687'
  Processing 'fp16_mult_41_DW01_cmp2_1_DW01_cmp2_688'
  Processing 'fp16_mult_41_DW01_inc_0_DW01_inc_326'
  Processing 'fp16_mult_41_DW01_add_0_DW01_add_334'
  Processing 'fp16_mult_42_DW01_cmp2_0_DW01_cmp2_689'
  Processing 'fp16_mult_42_DW01_cmp2_1_DW01_cmp2_690'
  Processing 'fp16_mult_42_DW01_inc_0_DW01_inc_327'
  Processing 'fp16_mult_42_DW01_add_0_DW01_add_335'
  Processing 'fp16_mult_43_DW01_cmp2_0_DW01_cmp2_691'
  Processing 'fp16_mult_43_DW01_cmp2_1_DW01_cmp2_692'
  Processing 'fp16_mult_43_DW01_inc_0_DW01_inc_328'
  Processing 'fp16_mult_43_DW01_add_0_DW01_add_336'
  Processing 'fp16_mult_44_DW01_cmp2_0_DW01_cmp2_693'
  Processing 'fp16_mult_44_DW01_cmp2_1_DW01_cmp2_694'
  Processing 'fp16_mult_44_DW01_inc_0_DW01_inc_329'
  Processing 'fp16_mult_44_DW01_add_0_DW01_add_337'
  Processing 'fp16_mult_45_DW01_cmp2_0_DW01_cmp2_695'
  Processing 'fp16_mult_45_DW01_cmp2_1_DW01_cmp2_696'
  Processing 'fp16_mult_45_DW01_inc_0_DW01_inc_330'
  Processing 'fp16_mult_45_DW01_add_0_DW01_add_338'
  Processing 'fp16_mult_46_DW01_cmp2_0_DW01_cmp2_697'
  Processing 'fp16_mult_46_DW01_cmp2_1_DW01_cmp2_698'
  Processing 'fp16_mult_46_DW01_inc_0_DW01_inc_331'
  Processing 'fp16_mult_46_DW01_add_0_DW01_add_339'
  Processing 'fp16_mult_47_DW01_cmp2_0_DW01_cmp2_699'
  Processing 'fp16_mult_47_DW01_cmp2_1_DW01_cmp2_700'
  Processing 'fp16_mult_47_DW01_inc_0_DW01_inc_332'
  Processing 'fp16_mult_47_DW01_add_0_DW01_add_340'
  Processing 'fp16_mult_48_DW01_cmp2_0_DW01_cmp2_701'
  Processing 'fp16_mult_48_DW01_cmp2_1_DW01_cmp2_702'
  Processing 'fp16_mult_48_DW01_inc_0_DW01_inc_333'
  Processing 'fp16_mult_48_DW01_add_0_DW01_add_341'
  Processing 'fp16_add_101_DW01_inc_0_DW01_inc_334'
  Processing 'fp16_add_101_DW01_add_0_DW01_add_342'
  Processing 'fp16_add_101_DW01_sub_0_DW01_sub_611'
  Processing 'fp16_add_101_DW01_cmp2_0_DW01_cmp2_703'
  Processing 'fp16_add_101_DW01_ash_0_DW01_ash_280'
  Processing 'fp16_add_101_DW01_inc_1_DW01_inc_335'
  Processing 'fp16_add_101_DW01_sub_1_DW01_sub_612'
  Processing 'fp16_add_101_DW01_add_1_DW01_add_343'
  Processing 'fp16_add_101_DW01_ash_1_DW01_ash_281'
  Processing 'fp16_add_101_DW01_sub_2_DW01_sub_613'
  Processing 'fp16_add_101_DW_rash_0_DW_rash_148'
  Processing 'fp16_add_101_DW01_cmp2_1_DW01_cmp2_704'
  Processing 'fp16_add_101_DW01_sub_3_DW01_sub_614'
  Processing 'fp16_add_101_DW01_cmp2_2_DW01_cmp2_705'
  Processing 'fp16_add_102_DW01_inc_0_DW01_inc_336'
  Processing 'fp16_add_102_DW01_add_0_DW01_add_344'
  Processing 'fp16_add_102_DW01_sub_0_DW01_sub_615'
  Processing 'fp16_add_102_DW01_cmp2_0_DW01_cmp2_706'
  Processing 'fp16_add_102_DW01_ash_0_DW01_ash_282'
  Processing 'fp16_add_102_DW01_inc_1_DW01_inc_337'
  Processing 'fp16_add_102_DW01_sub_1_DW01_sub_616'
  Processing 'fp16_add_102_DW01_add_1_DW01_add_345'
  Processing 'fp16_add_102_DW01_ash_1_DW01_ash_283'
  Processing 'fp16_add_102_DW01_sub_2_DW01_sub_617'
  Processing 'fp16_add_102_DW_rash_0_DW_rash_149'
  Processing 'fp16_add_102_DW01_cmp2_1_DW01_cmp2_707'
  Processing 'fp16_add_102_DW01_sub_3_DW01_sub_618'
  Processing 'fp16_add_102_DW01_cmp2_2_DW01_cmp2_708'
  Processing 'fp16_add_103_DW01_inc_0_DW01_inc_338'
  Processing 'fp16_add_103_DW01_add_0_DW01_add_346'
  Processing 'fp16_add_103_DW01_sub_0_DW01_sub_619'
  Processing 'fp16_add_103_DW01_cmp2_0_DW01_cmp2_709'
  Processing 'fp16_add_103_DW01_ash_0_DW01_ash_284'
  Processing 'fp16_add_103_DW01_inc_1_DW01_inc_339'
  Processing 'fp16_add_103_DW01_sub_1_DW01_sub_620'
  Processing 'fp16_add_103_DW01_add_1_DW01_add_347'
  Processing 'fp16_add_103_DW01_ash_1_DW01_ash_285'
  Processing 'fp16_add_103_DW01_sub_2_DW01_sub_621'
  Processing 'fp16_add_103_DW_rash_0_DW_rash_150'
  Processing 'fp16_add_103_DW01_cmp2_1_DW01_cmp2_710'
  Processing 'fp16_add_103_DW01_sub_3_DW01_sub_622'
  Processing 'fp16_add_103_DW01_cmp2_2_DW01_cmp2_711'
  Processing 'fp16_add_104_DW01_inc_0_DW01_inc_340'
  Processing 'fp16_add_104_DW01_add_0_DW01_add_348'
  Processing 'fp16_add_104_DW01_sub_0_DW01_sub_623'
  Processing 'fp16_add_104_DW01_cmp2_0_DW01_cmp2_712'
  Processing 'fp16_add_104_DW01_ash_0_DW01_ash_286'
  Processing 'fp16_add_104_DW01_inc_1_DW01_inc_341'
  Processing 'fp16_add_104_DW01_sub_1_DW01_sub_624'
  Processing 'fp16_add_104_DW01_add_1_DW01_add_349'
  Processing 'fp16_add_104_DW01_ash_1_DW01_ash_287'
  Processing 'fp16_add_104_DW01_sub_2_DW01_sub_625'
  Processing 'fp16_add_104_DW_rash_0_DW_rash_151'
  Processing 'fp16_add_104_DW01_cmp2_1_DW01_cmp2_713'
  Processing 'fp16_add_104_DW01_sub_3_DW01_sub_626'
  Processing 'fp16_add_104_DW01_cmp2_2_DW01_cmp2_714'
  Processing 'fp16_add_105_DW01_inc_0_DW01_inc_342'
  Processing 'fp16_add_105_DW01_add_0_DW01_add_350'
  Processing 'fp16_add_105_DW01_sub_0_DW01_sub_627'
  Processing 'fp16_add_105_DW01_cmp2_0_DW01_cmp2_715'
  Processing 'fp16_add_105_DW01_ash_0_DW01_ash_288'
  Processing 'fp16_add_105_DW01_inc_1_DW01_inc_343'
  Processing 'fp16_add_105_DW01_sub_1_DW01_sub_628'
  Processing 'fp16_add_105_DW01_add_1_DW01_add_351'
  Processing 'fp16_add_105_DW01_ash_1_DW01_ash_289'
  Processing 'fp16_add_105_DW01_sub_2_DW01_sub_629'
  Processing 'fp16_add_105_DW_rash_0_DW_rash_152'
  Processing 'fp16_add_105_DW01_cmp2_1_DW01_cmp2_716'
  Processing 'fp16_add_105_DW01_sub_3_DW01_sub_630'
  Processing 'fp16_add_105_DW01_cmp2_2_DW01_cmp2_717'
  Processing 'fp16_add_106_DW01_inc_0_DW01_inc_344'
  Processing 'fp16_add_106_DW01_add_0_DW01_add_352'
  Processing 'fp16_add_106_DW01_sub_0_DW01_sub_631'
  Processing 'fp16_add_106_DW01_cmp2_0_DW01_cmp2_718'
  Processing 'fp16_add_106_DW01_ash_0_DW01_ash_290'
  Processing 'fp16_add_106_DW01_inc_1_DW01_inc_345'
  Processing 'fp16_add_106_DW01_sub_1_DW01_sub_632'
  Processing 'fp16_add_106_DW01_add_1_DW01_add_353'
  Processing 'fp16_add_106_DW01_ash_1_DW01_ash_291'
  Processing 'fp16_add_106_DW01_sub_2_DW01_sub_633'
  Processing 'fp16_add_106_DW_rash_0_DW_rash_153'
  Processing 'fp16_add_106_DW01_cmp2_1_DW01_cmp2_719'
  Processing 'fp16_add_106_DW01_sub_3_DW01_sub_634'
  Processing 'fp16_add_106_DW01_cmp2_2_DW01_cmp2_720'
  Processing 'fp16_add_107_DW01_inc_0_DW01_inc_346'
  Processing 'fp16_add_107_DW01_add_0_DW01_add_354'
  Processing 'fp16_add_107_DW01_sub_0_DW01_sub_635'
  Processing 'fp16_add_107_DW01_cmp2_0_DW01_cmp2_721'
  Processing 'fp16_add_107_DW01_ash_0_DW01_ash_292'
  Processing 'fp16_add_107_DW01_inc_1_DW01_inc_347'
  Processing 'fp16_add_107_DW01_sub_1_DW01_sub_636'
  Processing 'fp16_add_107_DW01_add_1_DW01_add_355'
  Processing 'fp16_add_107_DW01_ash_1_DW01_ash_293'
  Processing 'fp16_add_107_DW01_sub_2_DW01_sub_637'
  Processing 'fp16_add_107_DW_rash_0_DW_rash_154'
  Processing 'fp16_add_107_DW01_cmp2_1_DW01_cmp2_722'
  Processing 'fp16_add_107_DW01_sub_3_DW01_sub_638'
  Processing 'fp16_add_107_DW01_cmp2_2_DW01_cmp2_723'
  Processing 'fp16_add_108_DW01_inc_0_DW01_inc_348'
  Processing 'fp16_add_108_DW01_add_0_DW01_add_356'
  Processing 'fp16_add_108_DW01_sub_0_DW01_sub_639'
  Processing 'fp16_add_108_DW01_cmp2_0_DW01_cmp2_724'
  Processing 'fp16_add_108_DW01_ash_0_DW01_ash_294'
  Processing 'fp16_add_108_DW01_inc_1_DW01_inc_349'
  Processing 'fp16_add_108_DW01_sub_1_DW01_sub_640'
  Processing 'fp16_add_108_DW01_add_1_DW01_add_357'
  Processing 'fp16_add_108_DW01_ash_1_DW01_ash_295'
  Processing 'fp16_add_108_DW01_sub_2_DW01_sub_641'
  Processing 'fp16_add_108_DW_rash_0_DW_rash_155'
  Processing 'fp16_add_108_DW01_cmp2_1_DW01_cmp2_725'
  Processing 'fp16_add_108_DW01_sub_3_DW01_sub_642'
  Processing 'fp16_add_108_DW01_cmp2_2_DW01_cmp2_726'
  Processing 'fp16_add_109_DW01_inc_0_DW01_inc_350'
  Processing 'fp16_add_109_DW01_add_0_DW01_add_358'
  Processing 'fp16_add_109_DW01_sub_0_DW01_sub_643'
  Processing 'fp16_add_109_DW01_cmp2_0_DW01_cmp2_727'
  Processing 'fp16_add_109_DW01_ash_0_DW01_ash_296'
  Processing 'fp16_add_109_DW01_inc_1_DW01_inc_351'
  Processing 'fp16_add_109_DW01_sub_1_DW01_sub_644'
  Processing 'fp16_add_109_DW01_add_1_DW01_add_359'
  Processing 'fp16_add_109_DW01_ash_1_DW01_ash_297'
  Processing 'fp16_add_109_DW01_sub_2_DW01_sub_645'
  Processing 'fp16_add_109_DW_rash_0_DW_rash_156'
  Processing 'fp16_add_109_DW01_cmp2_1_DW01_cmp2_728'
  Processing 'fp16_add_109_DW01_sub_3_DW01_sub_646'
  Processing 'fp16_add_109_DW01_cmp2_2_DW01_cmp2_729'
  Processing 'fp16_add_110_DW01_inc_0_DW01_inc_352'
  Processing 'fp16_add_110_DW01_add_0_DW01_add_360'
  Processing 'fp16_add_110_DW01_sub_0_DW01_sub_647'
  Processing 'fp16_add_110_DW01_cmp2_0_DW01_cmp2_730'
  Processing 'fp16_add_110_DW01_ash_0_DW01_ash_298'
  Processing 'fp16_add_110_DW01_inc_1_DW01_inc_353'
  Processing 'fp16_add_110_DW01_sub_1_DW01_sub_648'
  Processing 'fp16_add_110_DW01_add_1_DW01_add_361'
  Processing 'fp16_add_110_DW01_ash_1_DW01_ash_299'
  Processing 'fp16_add_110_DW01_sub_2_DW01_sub_649'
  Processing 'fp16_add_110_DW_rash_0_DW_rash_157'
  Processing 'fp16_add_110_DW01_cmp2_1_DW01_cmp2_731'
  Processing 'fp16_add_110_DW01_sub_3_DW01_sub_650'
  Processing 'fp16_add_110_DW01_cmp2_2_DW01_cmp2_732'
  Processing 'fp16_add_111_DW01_inc_0_DW01_inc_354'
  Processing 'fp16_add_111_DW01_add_0_DW01_add_362'
  Processing 'fp16_add_111_DW01_sub_0_DW01_sub_651'
  Processing 'fp16_add_111_DW01_cmp2_0_DW01_cmp2_733'
  Processing 'fp16_add_111_DW01_ash_0_DW01_ash_300'
  Processing 'fp16_add_111_DW01_inc_1_DW01_inc_355'
  Processing 'fp16_add_111_DW01_sub_1_DW01_sub_652'
  Processing 'fp16_add_111_DW01_add_1_DW01_add_363'
  Processing 'fp16_add_111_DW01_ash_1_DW01_ash_301'
  Processing 'fp16_add_111_DW01_sub_2_DW01_sub_653'
  Processing 'fp16_add_111_DW_rash_0_DW_rash_158'
  Processing 'fp16_add_111_DW01_cmp2_1_DW01_cmp2_734'
  Processing 'fp16_add_111_DW01_sub_3_DW01_sub_654'
  Processing 'fp16_add_111_DW01_cmp2_2_DW01_cmp2_735'
  Processing 'fp16_add_112_DW01_inc_0_DW01_inc_356'
  Processing 'fp16_add_112_DW01_add_0_DW01_add_364'
  Processing 'fp16_add_112_DW01_sub_0_DW01_sub_655'
  Processing 'fp16_add_112_DW01_cmp2_0_DW01_cmp2_736'
  Processing 'fp16_add_112_DW01_ash_0_DW01_ash_302'
  Processing 'fp16_add_112_DW01_inc_1_DW01_inc_357'
  Processing 'fp16_add_112_DW01_sub_1_DW01_sub_656'
  Processing 'fp16_add_112_DW01_add_1_DW01_add_365'
  Processing 'fp16_add_112_DW01_ash_1_DW01_ash_303'
  Processing 'fp16_add_112_DW01_sub_2_DW01_sub_657'
  Processing 'fp16_add_112_DW_rash_0_DW_rash_159'
  Processing 'fp16_add_112_DW01_cmp2_1_DW01_cmp2_737'
  Processing 'fp16_add_112_DW01_sub_3_DW01_sub_658'
  Processing 'fp16_add_112_DW01_cmp2_2_DW01_cmp2_738'
  Processing 'fp16_add_113_DW01_inc_0_DW01_inc_358'
  Processing 'fp16_add_113_DW01_add_0_DW01_add_366'
  Processing 'fp16_add_113_DW01_sub_0_DW01_sub_659'
  Processing 'fp16_add_113_DW01_cmp2_0_DW01_cmp2_739'
  Processing 'fp16_add_113_DW01_ash_0_DW01_ash_304'
  Processing 'fp16_add_113_DW01_inc_1_DW01_inc_359'
  Processing 'fp16_add_113_DW01_sub_1_DW01_sub_660'
  Processing 'fp16_add_113_DW01_add_1_DW01_add_367'
  Processing 'fp16_add_113_DW01_ash_1_DW01_ash_305'
  Processing 'fp16_add_113_DW01_sub_2_DW01_sub_661'
  Processing 'fp16_add_113_DW_rash_0_DW_rash_160'
  Processing 'fp16_add_113_DW01_cmp2_1_DW01_cmp2_740'
  Processing 'fp16_add_113_DW01_sub_3_DW01_sub_662'
  Processing 'fp16_add_113_DW01_cmp2_2_DW01_cmp2_741'
  Processing 'fp16_add_114_DW01_inc_0_DW01_inc_360'
  Processing 'fp16_add_114_DW01_add_0_DW01_add_368'
  Processing 'fp16_add_114_DW01_sub_0_DW01_sub_663'
  Processing 'fp16_add_114_DW01_cmp2_0_DW01_cmp2_742'
  Processing 'fp16_add_114_DW01_ash_0_DW01_ash_306'
  Processing 'fp16_add_114_DW01_inc_1_DW01_inc_361'
  Processing 'fp16_add_114_DW01_sub_1_DW01_sub_664'
  Processing 'fp16_add_114_DW01_add_1_DW01_add_369'
  Processing 'fp16_add_114_DW01_ash_1_DW01_ash_307'
  Processing 'fp16_add_114_DW01_sub_2_DW01_sub_665'
  Processing 'fp16_add_114_DW_rash_0_DW_rash_161'
  Processing 'fp16_add_114_DW01_cmp2_1_DW01_cmp2_743'
  Processing 'fp16_add_114_DW01_sub_3_DW01_sub_666'
  Processing 'fp16_add_114_DW01_cmp2_2_DW01_cmp2_744'
  Processing 'fp16_add_115_DW01_inc_0_DW01_inc_362'
  Processing 'fp16_add_115_DW01_add_0_DW01_add_370'
  Processing 'fp16_add_115_DW01_sub_0_DW01_sub_667'
  Processing 'fp16_add_115_DW01_cmp2_0_DW01_cmp2_745'
  Processing 'fp16_add_115_DW01_ash_0_DW01_ash_308'
  Processing 'fp16_add_115_DW01_inc_1_DW01_inc_363'
  Processing 'fp16_add_115_DW01_sub_1_DW01_sub_668'
  Processing 'fp16_add_115_DW01_add_1_DW01_add_371'
  Processing 'fp16_add_115_DW01_ash_1_DW01_ash_309'
  Processing 'fp16_add_115_DW01_sub_2_DW01_sub_669'
  Processing 'fp16_add_115_DW_rash_0_DW_rash_162'
  Processing 'fp16_add_115_DW01_cmp2_1_DW01_cmp2_746'
  Processing 'fp16_add_115_DW01_sub_3_DW01_sub_670'
  Processing 'fp16_add_115_DW01_cmp2_2_DW01_cmp2_747'
  Processing 'fp16_add_116_DW01_inc_0_DW01_inc_364'
  Processing 'fp16_add_116_DW01_add_0_DW01_add_372'
  Processing 'fp16_add_116_DW01_sub_0_DW01_sub_671'
  Processing 'fp16_add_116_DW01_cmp2_0_DW01_cmp2_748'
  Processing 'fp16_add_116_DW01_ash_0_DW01_ash_310'
  Processing 'fp16_add_116_DW01_inc_1_DW01_inc_365'
  Processing 'fp16_add_116_DW01_sub_1_DW01_sub_672'
  Processing 'fp16_add_116_DW01_add_1_DW01_add_373'
  Processing 'fp16_add_116_DW01_ash_1_DW01_ash_311'
  Processing 'fp16_add_116_DW01_sub_2_DW01_sub_673'
  Processing 'fp16_add_116_DW_rash_0_DW_rash_163'
  Processing 'fp16_add_116_DW01_cmp2_1_DW01_cmp2_749'
  Processing 'fp16_add_116_DW01_sub_3_DW01_sub_674'
  Processing 'fp16_add_116_DW01_cmp2_2_DW01_cmp2_750'
  Processing 'fp16_add_117_DW01_inc_0_DW01_inc_366'
  Processing 'fp16_add_117_DW01_add_0_DW01_add_374'
  Processing 'fp16_add_117_DW01_sub_0_DW01_sub_675'
  Processing 'fp16_add_117_DW01_cmp2_0_DW01_cmp2_751'
  Processing 'fp16_add_117_DW01_ash_0_DW01_ash_312'
  Processing 'fp16_add_117_DW01_inc_1_DW01_inc_367'
  Processing 'fp16_add_117_DW01_sub_1_DW01_sub_676'
  Processing 'fp16_add_117_DW01_add_1_DW01_add_375'
  Processing 'fp16_add_117_DW01_ash_1_DW01_ash_313'
  Processing 'fp16_add_117_DW01_sub_2_DW01_sub_677'
  Processing 'fp16_add_117_DW_rash_0_DW_rash_164'
  Processing 'fp16_add_117_DW01_cmp2_1_DW01_cmp2_752'
  Processing 'fp16_add_117_DW01_sub_3_DW01_sub_678'
  Processing 'fp16_add_117_DW01_cmp2_2_DW01_cmp2_753'
  Processing 'fp16_add_118_DW01_inc_0_DW01_inc_368'
  Processing 'fp16_add_118_DW01_add_0_DW01_add_376'
  Processing 'fp16_add_118_DW01_sub_0_DW01_sub_679'
  Processing 'fp16_add_118_DW01_cmp2_0_DW01_cmp2_754'
  Processing 'fp16_add_118_DW01_ash_0_DW01_ash_314'
  Processing 'fp16_add_118_DW01_inc_1_DW01_inc_369'
  Processing 'fp16_add_118_DW01_sub_1_DW01_sub_680'
  Processing 'fp16_add_118_DW01_add_1_DW01_add_377'
  Processing 'fp16_add_118_DW01_ash_1_DW01_ash_315'
  Processing 'fp16_add_118_DW01_sub_2_DW01_sub_681'
  Processing 'fp16_add_118_DW_rash_0_DW_rash_165'
  Processing 'fp16_add_118_DW01_cmp2_1_DW01_cmp2_755'
  Processing 'fp16_add_118_DW01_sub_3_DW01_sub_682'
  Processing 'fp16_add_118_DW01_cmp2_2_DW01_cmp2_756'
  Processing 'fp16_add_119_DW01_inc_0_DW01_inc_370'
  Processing 'fp16_add_119_DW01_add_0_DW01_add_378'
  Processing 'fp16_add_119_DW01_sub_0_DW01_sub_683'
  Processing 'fp16_add_119_DW01_cmp2_0_DW01_cmp2_757'
  Processing 'fp16_add_119_DW01_ash_0_DW01_ash_316'
  Processing 'fp16_add_119_DW01_inc_1_DW01_inc_371'
  Processing 'fp16_add_119_DW01_sub_1_DW01_sub_684'
  Processing 'fp16_add_119_DW01_add_1_DW01_add_379'
  Processing 'fp16_add_119_DW01_ash_1_DW01_ash_317'
  Processing 'fp16_add_119_DW01_sub_2_DW01_sub_685'
  Processing 'fp16_add_119_DW_rash_0_DW_rash_166'
  Processing 'fp16_add_119_DW01_cmp2_1_DW01_cmp2_758'
  Processing 'fp16_add_119_DW01_sub_3_DW01_sub_686'
  Processing 'fp16_add_119_DW01_cmp2_2_DW01_cmp2_759'
  Processing 'fp16_add_120_DW01_inc_0_DW01_inc_372'
  Processing 'fp16_add_120_DW01_add_0_DW01_add_380'
  Processing 'fp16_add_120_DW01_sub_0_DW01_sub_687'
  Processing 'fp16_add_120_DW01_cmp2_0_DW01_cmp2_760'
  Processing 'fp16_add_120_DW01_ash_0_DW01_ash_318'
  Processing 'fp16_add_120_DW01_inc_1_DW01_inc_373'
  Processing 'fp16_add_120_DW01_sub_1_DW01_sub_688'
  Processing 'fp16_add_120_DW01_add_1_DW01_add_381'
  Processing 'fp16_add_120_DW01_ash_1_DW01_ash_319'
  Processing 'fp16_add_120_DW01_sub_2_DW01_sub_689'
  Processing 'fp16_add_120_DW_rash_0_DW_rash_167'
  Processing 'fp16_add_120_DW01_cmp2_1_DW01_cmp2_761'
  Processing 'fp16_add_120_DW01_sub_3_DW01_sub_690'
  Processing 'fp16_add_120_DW01_cmp2_2_DW01_cmp2_762'
  Processing 'fp16_add_121_DW01_inc_0_DW01_inc_374'
  Processing 'fp16_add_121_DW01_add_0_DW01_add_382'
  Processing 'fp16_add_121_DW01_sub_0_DW01_sub_691'
  Processing 'fp16_add_121_DW01_cmp2_0_DW01_cmp2_763'
  Processing 'fp16_add_121_DW01_ash_0_DW01_ash_320'
  Processing 'fp16_add_121_DW01_inc_1_DW01_inc_375'
  Processing 'fp16_add_121_DW01_sub_1_DW01_sub_692'
  Processing 'fp16_add_121_DW01_add_1_DW01_add_383'
  Processing 'fp16_add_121_DW01_ash_1_DW01_ash_321'
  Processing 'fp16_add_121_DW01_sub_2_DW01_sub_693'
  Processing 'fp16_add_121_DW_rash_0_DW_rash_168'
  Processing 'fp16_add_121_DW01_cmp2_1_DW01_cmp2_764'
  Processing 'fp16_add_121_DW01_sub_3_DW01_sub_694'
  Processing 'fp16_add_121_DW01_cmp2_2_DW01_cmp2_765'
  Processing 'fp16_add_122_DW01_inc_0_DW01_inc_376'
  Processing 'fp16_add_122_DW01_add_0_DW01_add_384'
  Processing 'fp16_add_122_DW01_sub_0_DW01_sub_695'
  Processing 'fp16_add_122_DW01_cmp2_0_DW01_cmp2_766'
  Processing 'fp16_add_122_DW01_ash_0_DW01_ash_322'
  Processing 'fp16_add_122_DW01_inc_1_DW01_inc_377'
  Processing 'fp16_add_122_DW01_sub_1_DW01_sub_696'
  Processing 'fp16_add_122_DW01_add_1_DW01_add_385'
  Processing 'fp16_add_122_DW01_ash_1_DW01_ash_323'
  Processing 'fp16_add_122_DW01_sub_2_DW01_sub_697'
  Processing 'fp16_add_122_DW_rash_0_DW_rash_169'
  Processing 'fp16_add_122_DW01_cmp2_1_DW01_cmp2_767'
  Processing 'fp16_add_122_DW01_sub_3_DW01_sub_698'
  Processing 'fp16_add_122_DW01_cmp2_2_DW01_cmp2_768'
  Processing 'fp16_add_123_DW01_inc_0_DW01_inc_378'
  Processing 'fp16_add_123_DW01_add_0_DW01_add_386'
  Processing 'fp16_add_123_DW01_sub_0_DW01_sub_699'
  Processing 'fp16_add_123_DW01_cmp2_0_DW01_cmp2_769'
  Processing 'fp16_add_123_DW01_ash_0_DW01_ash_324'
  Processing 'fp16_add_123_DW01_inc_1_DW01_inc_379'
  Processing 'fp16_add_123_DW01_sub_1_DW01_sub_700'
  Processing 'fp16_add_123_DW01_add_1_DW01_add_387'
  Processing 'fp16_add_123_DW01_ash_1_DW01_ash_325'
  Processing 'fp16_add_123_DW01_sub_2_DW01_sub_701'
  Processing 'fp16_add_123_DW_rash_0_DW_rash_170'
  Processing 'fp16_add_123_DW01_cmp2_1_DW01_cmp2_770'
  Processing 'fp16_add_123_DW01_sub_3_DW01_sub_702'
  Processing 'fp16_add_123_DW01_cmp2_2_DW01_cmp2_771'
  Processing 'fp16_add_124_DW01_inc_0_DW01_inc_380'
  Processing 'fp16_add_124_DW01_add_0_DW01_add_388'
  Processing 'fp16_add_124_DW01_sub_0_DW01_sub_703'
  Processing 'fp16_add_124_DW01_cmp2_0_DW01_cmp2_772'
  Processing 'fp16_add_124_DW01_ash_0_DW01_ash_326'
  Processing 'fp16_add_124_DW01_inc_1_DW01_inc_381'
  Processing 'fp16_add_124_DW01_sub_1_DW01_sub_704'
  Processing 'fp16_add_124_DW01_add_1_DW01_add_389'
  Processing 'fp16_add_124_DW01_ash_1_DW01_ash_327'
  Processing 'fp16_add_124_DW01_sub_2_DW01_sub_705'
  Processing 'fp16_add_124_DW_rash_0_DW_rash_171'
  Processing 'fp16_add_124_DW01_cmp2_1_DW01_cmp2_773'
  Processing 'fp16_add_124_DW01_sub_3_DW01_sub_706'
  Processing 'fp16_add_124_DW01_cmp2_2_DW01_cmp2_774'
  Processing 'fp16_add_125_DW01_inc_0_DW01_inc_382'
  Processing 'fp16_add_125_DW01_add_0_DW01_add_390'
  Processing 'fp16_add_125_DW01_sub_0_DW01_sub_707'
  Processing 'fp16_add_125_DW01_cmp2_0_DW01_cmp2_775'
  Processing 'fp16_add_125_DW01_ash_0_DW01_ash_328'
  Processing 'fp16_add_125_DW01_inc_1_DW01_inc_383'
  Processing 'fp16_add_125_DW01_sub_1_DW01_sub_708'
  Processing 'fp16_add_125_DW01_add_1_DW01_add_391'
  Processing 'fp16_add_125_DW01_ash_1_DW01_ash_329'
  Processing 'fp16_add_125_DW01_sub_2_DW01_sub_709'
  Processing 'fp16_add_125_DW_rash_0_DW_rash_172'
  Processing 'fp16_add_125_DW01_cmp2_1_DW01_cmp2_776'
  Processing 'fp16_add_125_DW01_sub_3_DW01_sub_710'
  Processing 'fp16_add_125_DW01_cmp2_2_DW01_cmp2_777'
  Processing 'fp16_add_126_DW01_inc_0_DW01_inc_384'
  Processing 'fp16_add_126_DW01_add_0_DW01_add_392'
  Processing 'fp16_add_126_DW01_sub_0_DW01_sub_711'
  Processing 'fp16_add_126_DW01_cmp2_0_DW01_cmp2_778'
  Processing 'fp16_add_126_DW01_ash_0_DW01_ash_330'
  Processing 'fp16_add_126_DW01_inc_1_DW01_inc_385'
  Processing 'fp16_add_126_DW01_sub_1_DW01_sub_712'
  Processing 'fp16_add_126_DW01_add_1_DW01_add_393'
  Processing 'fp16_add_126_DW01_ash_1_DW01_ash_331'
  Processing 'fp16_add_126_DW01_sub_2_DW01_sub_713'
  Processing 'fp16_add_126_DW_rash_0_DW_rash_173'
  Processing 'fp16_add_126_DW01_cmp2_1_DW01_cmp2_779'
  Processing 'fp16_add_126_DW01_sub_3_DW01_sub_714'
  Processing 'fp16_add_126_DW01_cmp2_2_DW01_cmp2_780'
  Processing 'fp16_add_127_DW01_inc_0_DW01_inc_386'
  Processing 'fp16_add_127_DW01_add_0_DW01_add_394'
  Processing 'fp16_add_127_DW01_sub_0_DW01_sub_715'
  Processing 'fp16_add_127_DW01_cmp2_0_DW01_cmp2_781'
  Processing 'fp16_add_127_DW01_ash_0_DW01_ash_332'
  Processing 'fp16_add_127_DW01_inc_1_DW01_inc_387'
  Processing 'fp16_add_127_DW01_sub_1_DW01_sub_716'
  Processing 'fp16_add_127_DW01_add_1_DW01_add_395'
  Processing 'fp16_add_127_DW01_ash_1_DW01_ash_333'
  Processing 'fp16_add_127_DW01_sub_2_DW01_sub_717'
  Processing 'fp16_add_127_DW_rash_0_DW_rash_174'
  Processing 'fp16_add_127_DW01_cmp2_1_DW01_cmp2_782'
  Processing 'fp16_add_127_DW01_sub_3_DW01_sub_718'
  Processing 'fp16_add_127_DW01_cmp2_2_DW01_cmp2_783'
  Processing 'fp16_add_128_DW01_inc_0_DW01_inc_388'
  Processing 'fp16_add_128_DW01_add_0_DW01_add_396'
  Processing 'fp16_add_128_DW01_sub_0_DW01_sub_719'
  Processing 'fp16_add_128_DW01_cmp2_0_DW01_cmp2_784'
  Processing 'fp16_add_128_DW01_ash_0_DW01_ash_334'
  Processing 'fp16_add_128_DW01_inc_1_DW01_inc_389'
  Processing 'fp16_add_128_DW01_sub_1_DW01_sub_720'
  Processing 'fp16_add_128_DW01_add_1_DW01_add_397'
  Processing 'fp16_add_128_DW01_ash_1_DW01_ash_335'
  Processing 'fp16_add_128_DW01_sub_2_DW01_sub_721'
  Processing 'fp16_add_128_DW_rash_0_DW_rash_175'
  Processing 'fp16_add_128_DW01_cmp2_1_DW01_cmp2_785'
  Processing 'fp16_add_128_DW01_sub_3_DW01_sub_722'
  Processing 'fp16_add_128_DW01_cmp2_2_DW01_cmp2_786'
  Processing 'fp16_add_129_DW01_inc_0_DW01_inc_390'
  Processing 'fp16_add_129_DW01_add_0_DW01_add_398'
  Processing 'fp16_add_129_DW01_sub_0_DW01_sub_723'
  Processing 'fp16_add_129_DW01_cmp2_0_DW01_cmp2_787'
  Processing 'fp16_add_129_DW01_ash_0_DW01_ash_336'
  Processing 'fp16_add_129_DW01_inc_1_DW01_inc_391'
  Processing 'fp16_add_129_DW01_sub_1_DW01_sub_724'
  Processing 'fp16_add_129_DW01_add_1_DW01_add_399'
  Processing 'fp16_add_129_DW01_ash_1_DW01_ash_337'
  Processing 'fp16_add_129_DW01_sub_2_DW01_sub_725'
  Processing 'fp16_add_129_DW_rash_0_DW_rash_176'
  Processing 'fp16_add_129_DW01_cmp2_1_DW01_cmp2_788'
  Processing 'fp16_add_129_DW01_sub_3_DW01_sub_726'
  Processing 'fp16_add_129_DW01_cmp2_2_DW01_cmp2_789'
  Processing 'fp16_add_130_DW01_inc_0_DW01_inc_392'
  Processing 'fp16_add_130_DW01_add_0_DW01_add_400'
  Processing 'fp16_add_130_DW01_sub_0_DW01_sub_727'
  Processing 'fp16_add_130_DW01_cmp2_0_DW01_cmp2_790'
  Processing 'fp16_add_130_DW01_ash_0_DW01_ash_338'
  Processing 'fp16_add_130_DW01_inc_1_DW01_inc_393'
  Processing 'fp16_add_130_DW01_sub_1_DW01_sub_728'
  Processing 'fp16_add_130_DW01_add_1_DW01_add_401'
  Processing 'fp16_add_130_DW01_ash_1_DW01_ash_339'
  Processing 'fp16_add_130_DW01_sub_2_DW01_sub_729'
  Processing 'fp16_add_130_DW_rash_0_DW_rash_177'
  Processing 'fp16_add_130_DW01_cmp2_1_DW01_cmp2_791'
  Processing 'fp16_add_130_DW01_sub_3_DW01_sub_730'
  Processing 'fp16_add_130_DW01_cmp2_2_DW01_cmp2_792'
  Processing 'fp16_add_131_DW01_inc_0_DW01_inc_394'
  Processing 'fp16_add_131_DW01_add_0_DW01_add_402'
  Processing 'fp16_add_131_DW01_sub_0_DW01_sub_731'
  Processing 'fp16_add_131_DW01_cmp2_0_DW01_cmp2_793'
  Processing 'fp16_add_131_DW01_ash_0_DW01_ash_340'
  Processing 'fp16_add_131_DW01_inc_1_DW01_inc_395'
  Processing 'fp16_add_131_DW01_sub_1_DW01_sub_732'
  Processing 'fp16_add_131_DW01_add_1_DW01_add_403'
  Processing 'fp16_add_131_DW01_ash_1_DW01_ash_341'
  Processing 'fp16_add_131_DW01_sub_2_DW01_sub_733'
  Processing 'fp16_add_131_DW_rash_0_DW_rash_178'
  Processing 'fp16_add_131_DW01_cmp2_1_DW01_cmp2_794'
  Processing 'fp16_add_131_DW01_sub_3_DW01_sub_734'
  Processing 'fp16_add_131_DW01_cmp2_2_DW01_cmp2_795'
  Processing 'fp16_add_0_DW01_inc_0_DW01_inc_396'
  Processing 'fp16_add_0_DW01_add_0_DW01_add_404'
  Processing 'fp16_add_0_DW01_sub_0_DW01_sub_735'
  Processing 'fp16_add_0_DW01_cmp2_0_DW01_cmp2_796'
  Processing 'fp16_add_0_DW01_ash_0_DW01_ash_342'
  Processing 'fp16_add_0_DW01_inc_1_DW01_inc_397'
  Processing 'fp16_add_0_DW01_sub_1_DW01_sub_736'
  Processing 'fp16_add_0_DW01_add_1_DW01_add_405'
  Processing 'fp16_add_0_DW01_ash_1_DW01_ash_343'
  Processing 'fp16_add_0_DW01_sub_2_DW01_sub_737'
  Processing 'fp16_add_0_DW_rash_0_DW_rash_179'
  Processing 'fp16_add_0_DW01_cmp2_1_DW01_cmp2_797'
  Processing 'fp16_add_0_DW01_sub_3_DW01_sub_738'
  Processing 'fp16_add_0_DW01_cmp2_2_DW01_cmp2_798'
  Processing 'fp16_mult_49_DW01_cmp2_0_DW01_cmp2_799'
  Processing 'fp16_mult_49_DW01_cmp2_1_DW01_cmp2_800'
  Processing 'fp16_mult_49_DW01_inc_0_DW01_inc_398'
  Processing 'fp16_mult_49_DW01_add_0_DW01_add_406'
  Processing 'fp16_mult_50_DW01_cmp2_0_DW01_cmp2_801'
  Processing 'fp16_mult_50_DW01_cmp2_1_DW01_cmp2_802'
  Processing 'fp16_mult_50_DW01_inc_0_DW01_inc_399'
  Processing 'fp16_mult_50_DW01_add_0_DW01_add_407'
  Processing 'fp16_mult_51_DW01_cmp2_0_DW01_cmp2_803'
  Processing 'fp16_mult_51_DW01_cmp2_1_DW01_cmp2_804'
  Processing 'fp16_mult_51_DW01_inc_0_DW01_inc_400'
  Processing 'fp16_mult_51_DW01_add_0_DW01_add_408'
  Processing 'fp16_mult_52_DW01_cmp2_0_DW01_cmp2_805'
  Processing 'fp16_mult_52_DW01_cmp2_1_DW01_cmp2_806'
  Processing 'fp16_mult_52_DW01_inc_0_DW01_inc_401'
  Processing 'fp16_mult_52_DW01_add_0_DW01_add_409'
  Processing 'fp16_mult_53_DW01_cmp2_0_DW01_cmp2_807'
  Processing 'fp16_mult_53_DW01_cmp2_1_DW01_cmp2_808'
  Processing 'fp16_mult_53_DW01_inc_0_DW01_inc_402'
  Processing 'fp16_mult_53_DW01_add_0_DW01_add_410'
  Processing 'fp16_mult_54_DW01_cmp2_0_DW01_cmp2_809'
  Processing 'fp16_mult_54_DW01_cmp2_1_DW01_cmp2_810'
  Processing 'fp16_mult_54_DW01_inc_0_DW01_inc_403'
  Processing 'fp16_mult_54_DW01_add_0_DW01_add_411'
  Processing 'fp16_mult_55_DW01_cmp2_0_DW01_cmp2_811'
  Processing 'fp16_mult_55_DW01_cmp2_1_DW01_cmp2_812'
  Processing 'fp16_mult_55_DW01_inc_0_DW01_inc_404'
  Processing 'fp16_mult_55_DW01_add_0_DW01_add_412'
  Processing 'fp16_mult_56_DW01_cmp2_0_DW01_cmp2_813'
  Processing 'fp16_mult_56_DW01_cmp2_1_DW01_cmp2_814'
  Processing 'fp16_mult_56_DW01_inc_0_DW01_inc_405'
  Processing 'fp16_mult_56_DW01_add_0_DW01_add_413'
  Processing 'fp16_mult_57_DW01_cmp2_0_DW01_cmp2_815'
  Processing 'fp16_mult_57_DW01_cmp2_1_DW01_cmp2_816'
  Processing 'fp16_mult_57_DW01_inc_0_DW01_inc_406'
  Processing 'fp16_mult_57_DW01_add_0_DW01_add_414'
  Processing 'fp16_mult_58_DW01_cmp2_0_DW01_cmp2_817'
  Processing 'fp16_mult_58_DW01_cmp2_1_DW01_cmp2_818'
  Processing 'fp16_mult_58_DW01_inc_0_DW01_inc_407'
  Processing 'fp16_mult_58_DW01_add_0_DW01_add_415'
  Processing 'fp16_mult_59_DW01_cmp2_0_DW01_cmp2_819'
  Processing 'fp16_mult_59_DW01_cmp2_1_DW01_cmp2_820'
  Processing 'fp16_mult_59_DW01_inc_0_DW01_inc_408'
  Processing 'fp16_mult_59_DW01_add_0_DW01_add_416'
  Processing 'fp16_mult_60_DW01_cmp2_0_DW01_cmp2_821'
  Processing 'fp16_mult_60_DW01_cmp2_1_DW01_cmp2_822'
  Processing 'fp16_mult_60_DW01_inc_0_DW01_inc_409'
  Processing 'fp16_mult_60_DW01_add_0_DW01_add_417'
  Processing 'fp16_mult_61_DW01_cmp2_0_DW01_cmp2_823'
  Processing 'fp16_mult_61_DW01_cmp2_1_DW01_cmp2_824'
  Processing 'fp16_mult_61_DW01_inc_0_DW01_inc_410'
  Processing 'fp16_mult_61_DW01_add_0_DW01_add_418'
  Processing 'fp16_mult_62_DW01_cmp2_0_DW01_cmp2_825'
  Processing 'fp16_mult_62_DW01_cmp2_1_DW01_cmp2_826'
  Processing 'fp16_mult_62_DW01_inc_0_DW01_inc_411'
  Processing 'fp16_mult_62_DW01_add_0_DW01_add_419'
  Processing 'fp16_mult_63_DW01_cmp2_0_DW01_cmp2_827'
  Processing 'fp16_mult_63_DW01_cmp2_1_DW01_cmp2_828'
  Processing 'fp16_mult_63_DW01_inc_0_DW01_inc_412'
  Processing 'fp16_mult_63_DW01_add_0_DW01_add_420'
  Processing 'fp16_mult_0_DW01_cmp2_0_DW01_cmp2_829'
  Processing 'fp16_mult_0_DW01_cmp2_1_DW01_cmp2_830'
  Processing 'fp16_mult_0_DW01_inc_0_DW01_inc_413'
  Processing 'fp16_mult_0_DW01_add_0_DW01_add_421'
  Processing 'kv_tlb_top_ENTRIES32_DW01_inc_0_DW01_inc_414'
  Processing 'kv_tlb_top_ENTRIES32_DW01_add_0_DW01_add_422'
  Processing 'kv_scan_planner_ENTRIES32_DW01_add_0_DW01_add_423'
  Processing 'kv_scan_planner_ENTRIES32_DW01_cmp2_0_DW01_cmp2_831'
  Processing 'kv_scan_planner_ENTRIES32_DW01_cmp2_1_DW01_cmp2_832'
  Processing 'kv_scan_planner_ENTRIES32_DW01_cmp6_0_DW01_cmp6_38'
  Processing 'kv_scan_planner_ENTRIES32_DW01_cmp6_1_DW01_cmp6_39'
  Processing 'kv_scan_planner_ENTRIES32_DW01_add_1_DW01_add_424'
  Processing 'kv_scan_planner_ENTRIES32_DW01_sub_0_DW01_sub_739'
  Processing 'kv_scan_planner_ENTRIES32_DW01_sub_1_DW01_sub_740'
  Processing 'kv_scan_planner_ENTRIES32_DW01_cmp2_2_DW01_cmp2_833'
  Processing 'kv_scan_planner_ENTRIES32_DW01_cmp2_3_DW01_cmp2_834'
  Processing 'kv_scan_planner_ENTRIES32_DW01_cmp2_4_DW01_cmp2_835'
  Processing 'kv_ptw_DW01_inc_0_DW01_inc_415'
  Processing 'kv_ptw_DW01_dec_0_DW01_dec_2'
  Processing 'kv_ptw_DW01_cmp2_0_DW01_cmp2_836'
  Processing 'kv_ptw_DW01_cmp2_1_DW01_cmp2_837'
  Processing 'kv_ptw_DW01_dec_1_DW01_dec_3'
  Processing 'kv_ptw_DW01_cmp2_2_DW01_cmp2_838'
  Processing 'kv_ptw_DW01_add_0_DW01_add_425'
  Processing 'kv_ptw_DW01_add_1_DW01_add_426'
  Processing 'kv_ptw_DW01_add_2_DW01_add_427'
  Processing 'kv_ptw_DW01_add_3_DW01_add_428'
  Processing 'kv_ptw_DW01_inc_1_DW01_inc_416'
  Processing 'kv_ptw_DW01_cmp2_3_DW01_cmp2_839'
  Processing 'kv_seg_tlb_ENTRIES32_DW01_cmp2_0_DW01_cmp2_840'
  Processing 'kv_seg_tlb_ENTRIES32_DW01_cmp2_1_DW01_cmp2_841'
  Processing 'kv_seg_tlb_ENTRIES32_DW01_cmp2_2_DW01_cmp2_842'
  Processing 'kv_seg_tlb_ENTRIES32_DW01_cmp2_3_DW01_cmp2_843'
  Processing 'kv_seg_tlb_ENTRIES32_DW01_cmp2_4_DW01_cmp2_844'
  Processing 'kv_seg_tlb_ENTRIES32_DW01_cmp2_5_DW01_cmp2_845'
  Processing 'kv_seg_tlb_ENTRIES32_DW01_cmp2_6_DW01_cmp2_846'
  Processing 'kv_seg_tlb_ENTRIES32_DW01_cmp2_7_DW01_cmp2_847'
  Processing 'kv_seg_tlb_ENTRIES32_DW01_cmp2_8_DW01_cmp2_848'
  Processing 'kv_seg_tlb_ENTRIES32_DW01_cmp2_9_DW01_cmp2_849'
  Processing 'kv_seg_tlb_ENTRIES32_DW01_cmp2_10_DW01_cmp2_850'
  Processing 'kv_seg_tlb_ENTRIES32_DW01_cmp2_11_DW01_cmp2_851'
  Processing 'kv_seg_tlb_ENTRIES32_DW01_cmp2_12_DW01_cmp2_852'
  Processing 'kv_seg_tlb_ENTRIES32_DW01_cmp2_13_DW01_cmp2_853'
  Processing 'kv_seg_tlb_ENTRIES32_DW01_cmp2_14_DW01_cmp2_854'
  Processing 'kv_seg_tlb_ENTRIES32_DW01_cmp2_15_DW01_cmp2_855'
  Processing 'kv_seg_tlb_ENTRIES32_DW01_cmp2_16_DW01_cmp2_856'
  Processing 'kv_seg_tlb_ENTRIES32_DW01_cmp2_17_DW01_cmp2_857'
  Processing 'kv_seg_tlb_ENTRIES32_DW01_cmp2_18_DW01_cmp2_858'
  Processing 'kv_seg_tlb_ENTRIES32_DW01_cmp2_19_DW01_cmp2_859'
  Processing 'kv_seg_tlb_ENTRIES32_DW01_cmp2_20_DW01_cmp2_860'
  Processing 'kv_seg_tlb_ENTRIES32_DW01_cmp2_21_DW01_cmp2_861'
  Processing 'kv_seg_tlb_ENTRIES32_DW01_cmp2_22_DW01_cmp2_862'
  Processing 'kv_seg_tlb_ENTRIES32_DW01_cmp2_23_DW01_cmp2_863'
  Processing 'kv_seg_tlb_ENTRIES32_DW01_cmp2_24_DW01_cmp2_864'
  Processing 'kv_seg_tlb_ENTRIES32_DW01_cmp2_25_DW01_cmp2_865'
  Processing 'kv_seg_tlb_ENTRIES32_DW01_cmp2_26_DW01_cmp2_866'
  Processing 'kv_seg_tlb_ENTRIES32_DW01_cmp2_27_DW01_cmp2_867'
  Processing 'kv_seg_tlb_ENTRIES32_DW01_cmp2_28_DW01_cmp2_868'
  Processing 'kv_seg_tlb_ENTRIES32_DW01_cmp2_29_DW01_cmp2_869'
  Processing 'kv_seg_tlb_ENTRIES32_DW01_cmp2_30_DW01_cmp2_870'
  Processing 'kv_seg_tlb_ENTRIES32_DW01_cmp2_31_DW01_cmp2_871'
  Processing 'kv_seg_tlb_ENTRIES32_DW01_cmp2_32_DW01_cmp2_872'
  Processing 'kv_seg_tlb_ENTRIES32_DW01_cmp6_0_DW01_cmp6_40'
  Processing 'kv_seg_tlb_ENTRIES32_DW01_cmp6_1_DW01_cmp6_41'
  Processing 'kv_seg_tlb_ENTRIES32_DW01_cmp2_33_DW01_cmp2_873'
  Processing 'kv_seg_tlb_ENTRIES32_DW01_cmp2_34_DW01_cmp2_874'
  Processing 'kv_seg_tlb_ENTRIES32_DW01_cmp6_2_DW01_cmp6_42'
  Processing 'kv_seg_tlb_ENTRIES32_DW01_cmp6_3_DW01_cmp6_43'
  Processing 'kv_seg_tlb_ENTRIES32_DW01_cmp2_35_DW01_cmp2_875'
  Processing 'kv_seg_tlb_ENTRIES32_DW01_cmp2_36_DW01_cmp2_876'
  Processing 'kv_seg_tlb_ENTRIES32_DW01_cmp6_4_DW01_cmp6_44'
  Processing 'kv_seg_tlb_ENTRIES32_DW01_cmp6_5_DW01_cmp6_45'
  Processing 'kv_seg_tlb_ENTRIES32_DW01_cmp2_37_DW01_cmp2_877'
  Processing 'kv_seg_tlb_ENTRIES32_DW01_cmp2_38_DW01_cmp2_878'
  Processing 'kv_seg_tlb_ENTRIES32_DW01_cmp6_6_DW01_cmp6_46'
  Processing 'kv_seg_tlb_ENTRIES32_DW01_cmp6_7_DW01_cmp6_47'
  Processing 'kv_seg_tlb_ENTRIES32_DW01_cmp2_39_DW01_cmp2_879'
  Processing 'kv_seg_tlb_ENTRIES32_DW01_cmp2_40_DW01_cmp2_880'
  Processing 'kv_seg_tlb_ENTRIES32_DW01_cmp6_8_DW01_cmp6_48'
  Processing 'kv_seg_tlb_ENTRIES32_DW01_cmp6_9_DW01_cmp6_49'
  Processing 'kv_seg_tlb_ENTRIES32_DW01_cmp2_41_DW01_cmp2_881'
  Processing 'kv_seg_tlb_ENTRIES32_DW01_cmp2_42_DW01_cmp2_882'
  Processing 'kv_seg_tlb_ENTRIES32_DW01_cmp6_10_DW01_cmp6_50'
  Processing 'kv_seg_tlb_ENTRIES32_DW01_cmp6_11_DW01_cmp6_51'
  Processing 'kv_seg_tlb_ENTRIES32_DW01_cmp2_43_DW01_cmp2_883'
  Processing 'kv_seg_tlb_ENTRIES32_DW01_cmp2_44_DW01_cmp2_884'
  Processing 'kv_seg_tlb_ENTRIES32_DW01_cmp6_12_DW01_cmp6_52'
  Processing 'kv_seg_tlb_ENTRIES32_DW01_cmp6_13_DW01_cmp6_53'
  Processing 'kv_seg_tlb_ENTRIES32_DW01_cmp2_45_DW01_cmp2_885'
  Processing 'kv_seg_tlb_ENTRIES32_DW01_cmp2_46_DW01_cmp2_886'
  Processing 'kv_seg_tlb_ENTRIES32_DW01_cmp6_14_DW01_cmp6_54'
  Processing 'kv_seg_tlb_ENTRIES32_DW01_cmp6_15_DW01_cmp6_55'
  Processing 'kv_seg_tlb_ENTRIES32_DW01_cmp2_47_DW01_cmp2_887'
  Processing 'kv_seg_tlb_ENTRIES32_DW01_cmp2_48_DW01_cmp2_888'
  Processing 'kv_seg_tlb_ENTRIES32_DW01_cmp6_16_DW01_cmp6_56'
  Processing 'kv_seg_tlb_ENTRIES32_DW01_cmp6_17_DW01_cmp6_57'
  Processing 'kv_seg_tlb_ENTRIES32_DW01_cmp2_49_DW01_cmp2_889'
  Processing 'kv_seg_tlb_ENTRIES32_DW01_cmp2_50_DW01_cmp2_890'
  Processing 'kv_seg_tlb_ENTRIES32_DW01_cmp6_18_DW01_cmp6_58'
  Processing 'kv_seg_tlb_ENTRIES32_DW01_cmp6_19_DW01_cmp6_59'
  Processing 'kv_seg_tlb_ENTRIES32_DW01_cmp2_51_DW01_cmp2_891'
  Processing 'kv_seg_tlb_ENTRIES32_DW01_cmp2_52_DW01_cmp2_892'
  Processing 'kv_seg_tlb_ENTRIES32_DW01_cmp6_20_DW01_cmp6_60'
  Processing 'kv_seg_tlb_ENTRIES32_DW01_cmp6_21_DW01_cmp6_61'
  Processing 'kv_seg_tlb_ENTRIES32_DW01_cmp2_53_DW01_cmp2_893'
  Processing 'kv_seg_tlb_ENTRIES32_DW01_cmp2_54_DW01_cmp2_894'
  Processing 'kv_seg_tlb_ENTRIES32_DW01_cmp6_22_DW01_cmp6_62'
  Processing 'kv_seg_tlb_ENTRIES32_DW01_cmp6_23_DW01_cmp6_63'
  Processing 'kv_seg_tlb_ENTRIES32_DW01_cmp2_55_DW01_cmp2_895'
  Processing 'kv_seg_tlb_ENTRIES32_DW01_cmp2_56_DW01_cmp2_896'
  Processing 'kv_seg_tlb_ENTRIES32_DW01_cmp6_24_DW01_cmp6_64'
  Processing 'kv_seg_tlb_ENTRIES32_DW01_cmp6_25_DW01_cmp6_65'
  Processing 'kv_seg_tlb_ENTRIES32_DW01_cmp2_57_DW01_cmp2_897'
  Processing 'kv_seg_tlb_ENTRIES32_DW01_cmp2_58_DW01_cmp2_898'
  Processing 'kv_seg_tlb_ENTRIES32_DW01_cmp6_26_DW01_cmp6_66'
  Processing 'kv_seg_tlb_ENTRIES32_DW01_cmp6_27_DW01_cmp6_67'
  Processing 'kv_seg_tlb_ENTRIES32_DW01_cmp2_59_DW01_cmp2_899'
  Processing 'kv_seg_tlb_ENTRIES32_DW01_cmp2_60_DW01_cmp2_900'
  Processing 'kv_seg_tlb_ENTRIES32_DW01_cmp6_28_DW01_cmp6_68'
  Processing 'kv_seg_tlb_ENTRIES32_DW01_cmp6_29_DW01_cmp6_69'
  Processing 'kv_seg_tlb_ENTRIES32_DW01_cmp2_61_DW01_cmp2_901'
  Processing 'kv_seg_tlb_ENTRIES32_DW01_cmp2_62_DW01_cmp2_902'
  Processing 'kv_seg_tlb_ENTRIES32_DW01_cmp6_30_DW01_cmp6_70'
  Processing 'kv_seg_tlb_ENTRIES32_DW01_cmp6_31_DW01_cmp6_71'
  Processing 'kv_seg_tlb_ENTRIES32_DW01_cmp2_63_DW01_cmp2_903'
  Processing 'kv_seg_tlb_ENTRIES32_DW01_cmp2_64_DW01_cmp2_904'
  Processing 'kv_seg_tlb_ENTRIES32_DW01_cmp6_32_DW01_cmp6_72'
  Processing 'kv_seg_tlb_ENTRIES32_DW01_cmp6_33_DW01_cmp6_73'
  Processing 'kv_seg_tlb_ENTRIES32_DW01_cmp2_65_DW01_cmp2_905'
  Processing 'kv_seg_tlb_ENTRIES32_DW01_cmp2_66_DW01_cmp2_906'
  Processing 'kv_seg_tlb_ENTRIES32_DW01_cmp6_34_DW01_cmp6_74'
  Processing 'kv_seg_tlb_ENTRIES32_DW01_cmp6_35_DW01_cmp6_75'
  Processing 'kv_seg_tlb_ENTRIES32_DW01_cmp2_67_DW01_cmp2_907'
  Processing 'kv_seg_tlb_ENTRIES32_DW01_cmp2_68_DW01_cmp2_908'
  Processing 'kv_seg_tlb_ENTRIES32_DW01_cmp6_36_DW01_cmp6_76'
  Processing 'kv_seg_tlb_ENTRIES32_DW01_cmp6_37_DW01_cmp6_77'
  Processing 'kv_seg_tlb_ENTRIES32_DW01_cmp2_69_DW01_cmp2_909'
  Processing 'kv_seg_tlb_ENTRIES32_DW01_cmp2_70_DW01_cmp2_910'
  Processing 'kv_seg_tlb_ENTRIES32_DW01_cmp6_38_DW01_cmp6_78'
  Processing 'kv_seg_tlb_ENTRIES32_DW01_cmp6_39_DW01_cmp6_79'
  Processing 'kv_seg_tlb_ENTRIES32_DW01_cmp2_71_DW01_cmp2_911'
  Processing 'kv_seg_tlb_ENTRIES32_DW01_cmp2_72_DW01_cmp2_912'
  Processing 'kv_seg_tlb_ENTRIES32_DW01_cmp6_40_DW01_cmp6_80'
  Processing 'kv_seg_tlb_ENTRIES32_DW01_cmp6_41_DW01_cmp6_81'
  Processing 'kv_seg_tlb_ENTRIES32_DW01_cmp2_73_DW01_cmp2_913'
  Processing 'kv_seg_tlb_ENTRIES32_DW01_cmp2_74_DW01_cmp2_914'
  Processing 'kv_seg_tlb_ENTRIES32_DW01_cmp6_42_DW01_cmp6_82'
  Processing 'kv_seg_tlb_ENTRIES32_DW01_cmp6_43_DW01_cmp6_83'
  Processing 'kv_seg_tlb_ENTRIES32_DW01_cmp2_75_DW01_cmp2_915'
  Processing 'kv_seg_tlb_ENTRIES32_DW01_cmp2_76_DW01_cmp2_916'
  Processing 'kv_seg_tlb_ENTRIES32_DW01_cmp6_44_DW01_cmp6_84'
  Processing 'kv_seg_tlb_ENTRIES32_DW01_cmp6_45_DW01_cmp6_85'
  Processing 'kv_seg_tlb_ENTRIES32_DW01_cmp2_77_DW01_cmp2_917'
  Processing 'kv_seg_tlb_ENTRIES32_DW01_cmp2_78_DW01_cmp2_918'
  Processing 'kv_seg_tlb_ENTRIES32_DW01_cmp6_46_DW01_cmp6_86'
  Processing 'kv_seg_tlb_ENTRIES32_DW01_cmp6_47_DW01_cmp6_87'
  Processing 'kv_seg_tlb_ENTRIES32_DW01_cmp2_79_DW01_cmp2_919'
  Processing 'kv_seg_tlb_ENTRIES32_DW01_cmp2_80_DW01_cmp2_920'
  Processing 'kv_seg_tlb_ENTRIES32_DW01_cmp6_48_DW01_cmp6_88'
  Processing 'kv_seg_tlb_ENTRIES32_DW01_cmp6_49_DW01_cmp6_89'
  Processing 'kv_seg_tlb_ENTRIES32_DW01_cmp2_81_DW01_cmp2_921'
  Processing 'kv_seg_tlb_ENTRIES32_DW01_cmp2_82_DW01_cmp2_922'
  Processing 'kv_seg_tlb_ENTRIES32_DW01_cmp6_50_DW01_cmp6_90'
  Processing 'kv_seg_tlb_ENTRIES32_DW01_cmp6_51_DW01_cmp6_91'
  Processing 'kv_seg_tlb_ENTRIES32_DW01_cmp2_83_DW01_cmp2_923'
  Processing 'kv_seg_tlb_ENTRIES32_DW01_cmp2_84_DW01_cmp2_924'
  Processing 'kv_seg_tlb_ENTRIES32_DW01_cmp6_52_DW01_cmp6_92'
  Processing 'kv_seg_tlb_ENTRIES32_DW01_cmp6_53_DW01_cmp6_93'
  Processing 'kv_seg_tlb_ENTRIES32_DW01_cmp2_85_DW01_cmp2_925'
  Processing 'kv_seg_tlb_ENTRIES32_DW01_cmp2_86_DW01_cmp2_926'
  Processing 'kv_seg_tlb_ENTRIES32_DW01_cmp6_54_DW01_cmp6_94'
  Processing 'kv_seg_tlb_ENTRIES32_DW01_cmp6_55_DW01_cmp6_95'
  Processing 'kv_seg_tlb_ENTRIES32_DW01_cmp2_87_DW01_cmp2_927'
  Processing 'kv_seg_tlb_ENTRIES32_DW01_cmp2_88_DW01_cmp2_928'
  Processing 'kv_seg_tlb_ENTRIES32_DW01_cmp6_56_DW01_cmp6_96'
  Processing 'kv_seg_tlb_ENTRIES32_DW01_cmp6_57_DW01_cmp6_97'
  Processing 'kv_seg_tlb_ENTRIES32_DW01_cmp2_89_DW01_cmp2_929'
  Processing 'kv_seg_tlb_ENTRIES32_DW01_cmp2_90_DW01_cmp2_930'
  Processing 'kv_seg_tlb_ENTRIES32_DW01_cmp6_58_DW01_cmp6_98'
  Processing 'kv_seg_tlb_ENTRIES32_DW01_cmp6_59_DW01_cmp6_99'
  Processing 'kv_seg_tlb_ENTRIES32_DW01_cmp2_91_DW01_cmp2_931'
  Processing 'kv_seg_tlb_ENTRIES32_DW01_cmp2_92_DW01_cmp2_932'
  Processing 'kv_seg_tlb_ENTRIES32_DW01_cmp6_60_DW01_cmp6_100'
  Processing 'kv_seg_tlb_ENTRIES32_DW01_cmp6_61_DW01_cmp6_101'
  Processing 'kv_seg_tlb_ENTRIES32_DW01_cmp2_93_DW01_cmp2_933'
  Processing 'kv_seg_tlb_ENTRIES32_DW01_cmp2_94_DW01_cmp2_934'
  Processing 'kv_seg_tlb_ENTRIES32_DW01_cmp6_62_DW01_cmp6_102'
  Processing 'kv_seg_tlb_ENTRIES32_DW01_cmp6_63_DW01_cmp6_103'
  Processing 'kv_seg_tlb_ENTRIES32_DW01_inc_0_DW01_inc_417'
  Processing 'kv_seg_tlb_ENTRIES32_DW01_cmp6_64_DW01_cmp6_104'
  Processing 'kv_seg_tlb_ENTRIES32_DW01_cmp6_65_DW01_cmp6_105'
  Processing 'kv_seg_tlb_ENTRIES32_DW01_cmp6_66_DW01_cmp6_106'
  Processing 'kv_seg_tlb_ENTRIES32_DW01_cmp6_67_DW01_cmp6_107'
  Processing 'kv_seg_tlb_ENTRIES32_DW01_cmp6_68_DW01_cmp6_108'
  Processing 'kv_seg_tlb_ENTRIES32_DW01_cmp6_69_DW01_cmp6_109'
  Processing 'kv_seg_tlb_ENTRIES32_DW01_cmp6_70_DW01_cmp6_110'
  Processing 'kv_seg_tlb_ENTRIES32_DW01_cmp6_71_DW01_cmp6_111'
  Processing 'kv_seg_tlb_ENTRIES32_DW01_cmp6_72_DW01_cmp6_112'
  Processing 'kv_seg_tlb_ENTRIES32_DW01_cmp6_73_DW01_cmp6_113'
  Processing 'kv_seg_tlb_ENTRIES32_DW01_cmp6_74_DW01_cmp6_114'
  Processing 'kv_seg_tlb_ENTRIES32_DW01_cmp6_75_DW01_cmp6_115'
  Processing 'kv_seg_tlb_ENTRIES32_DW01_cmp6_76_DW01_cmp6_116'
  Processing 'kv_seg_tlb_ENTRIES32_DW01_cmp6_77_DW01_cmp6_117'
  Processing 'kv_seg_tlb_ENTRIES32_DW01_cmp6_78_DW01_cmp6_118'
  Processing 'kv_seg_tlb_ENTRIES32_DW01_cmp6_79_DW01_cmp6_119'
  Processing 'kv_seg_tlb_ENTRIES32_DW01_cmp6_80_DW01_cmp6_120'
  Processing 'kv_seg_tlb_ENTRIES32_DW01_cmp6_81_DW01_cmp6_121'
  Processing 'kv_seg_tlb_ENTRIES32_DW01_cmp6_82_DW01_cmp6_122'
  Processing 'kv_seg_tlb_ENTRIES32_DW01_cmp6_83_DW01_cmp6_123'
  Processing 'kv_seg_tlb_ENTRIES32_DW01_cmp6_84_DW01_cmp6_124'
  Processing 'kv_seg_tlb_ENTRIES32_DW01_cmp6_85_DW01_cmp6_125'
  Processing 'kv_seg_tlb_ENTRIES32_DW01_cmp6_86_DW01_cmp6_126'
  Processing 'kv_seg_tlb_ENTRIES32_DW01_cmp6_87_DW01_cmp6_127'
  Processing 'kv_seg_tlb_ENTRIES32_DW01_cmp6_88_DW01_cmp6_128'
  Processing 'kv_seg_tlb_ENTRIES32_DW01_cmp6_89_DW01_cmp6_129'
  Processing 'kv_seg_tlb_ENTRIES32_DW01_cmp6_90_DW01_cmp6_130'
  Processing 'kv_seg_tlb_ENTRIES32_DW01_cmp6_91_DW01_cmp6_131'
  Processing 'kv_seg_tlb_ENTRIES32_DW01_cmp6_92_DW01_cmp6_132'
  Processing 'kv_seg_tlb_ENTRIES32_DW01_cmp6_93_DW01_cmp6_133'
  Processing 'kv_seg_tlb_ENTRIES32_DW01_cmp6_94_DW01_cmp6_134'
  Processing 'kv_seg_tlb_ENTRIES32_DW01_cmp6_95_DW01_cmp6_135'
  Processing 'kv_seg_tlb_ENTRIES32_DW01_cmp6_96_DW01_cmp6_136'
  Processing 'kv_seg_tlb_ENTRIES32_DW01_cmp6_97_DW01_cmp6_137'
  Processing 'kv_seg_tlb_ENTRIES32_DW01_cmp6_98_DW01_cmp6_138'
  Processing 'kv_seg_tlb_ENTRIES32_DW01_cmp6_99_DW01_cmp6_139'
  Processing 'kv_seg_tlb_ENTRIES32_DW01_cmp6_100_DW01_cmp6_140'
  Processing 'kv_seg_tlb_ENTRIES32_DW01_cmp6_101_DW01_cmp6_141'
  Processing 'kv_seg_tlb_ENTRIES32_DW01_cmp6_102_DW01_cmp6_142'
  Processing 'kv_seg_tlb_ENTRIES32_DW01_cmp6_103_DW01_cmp6_143'
  Processing 'kv_seg_tlb_ENTRIES32_DW01_cmp6_104_DW01_cmp6_144'
  Processing 'kv_seg_tlb_ENTRIES32_DW01_cmp6_105_DW01_cmp6_145'
  Processing 'kv_seg_tlb_ENTRIES32_DW01_cmp6_106_DW01_cmp6_146'
  Processing 'kv_seg_tlb_ENTRIES32_DW01_cmp6_107_DW01_cmp6_147'
  Processing 'kv_seg_tlb_ENTRIES32_DW01_cmp6_108_DW01_cmp6_148'
  Processing 'kv_seg_tlb_ENTRIES32_DW01_cmp6_109_DW01_cmp6_149'
  Processing 'kv_seg_tlb_ENTRIES32_DW01_cmp6_110_DW01_cmp6_150'
  Processing 'kv_seg_tlb_ENTRIES32_DW01_cmp6_111_DW01_cmp6_151'
  Processing 'kv_seg_tlb_ENTRIES32_DW01_cmp6_112_DW01_cmp6_152'
  Processing 'kv_seg_tlb_ENTRIES32_DW01_cmp6_113_DW01_cmp6_153'
  Processing 'kv_seg_tlb_ENTRIES32_DW01_cmp6_114_DW01_cmp6_154'
  Processing 'kv_seg_tlb_ENTRIES32_DW01_cmp6_115_DW01_cmp6_155'
  Processing 'kv_seg_tlb_ENTRIES32_DW01_cmp6_116_DW01_cmp6_156'
  Processing 'kv_seg_tlb_ENTRIES32_DW01_cmp6_117_DW01_cmp6_157'
  Processing 'kv_seg_tlb_ENTRIES32_DW01_cmp6_118_DW01_cmp6_158'
  Processing 'kv_seg_tlb_ENTRIES32_DW01_cmp6_119_DW01_cmp6_159'
  Processing 'kv_seg_tlb_ENTRIES32_DW01_cmp6_120_DW01_cmp6_160'
  Processing 'kv_seg_tlb_ENTRIES32_DW01_cmp6_121_DW01_cmp6_161'
  Processing 'kv_seg_tlb_ENTRIES32_DW01_cmp6_122_DW01_cmp6_162'
  Processing 'kv_seg_tlb_ENTRIES32_DW01_cmp6_123_DW01_cmp6_163'
  Processing 'kv_seg_tlb_ENTRIES32_DW01_cmp6_124_DW01_cmp6_164'
  Processing 'kv_seg_tlb_ENTRIES32_DW01_cmp6_125_DW01_cmp6_165'
  Processing 'kv_seg_tlb_ENTRIES32_DW01_cmp6_126_DW01_cmp6_166'
  Processing 'kv_seg_tlb_ENTRIES32_DW01_cmp6_127_DW01_cmp6_167'
  Processing 'kv_seg_tlb_ENTRIES32_DW01_cmp6_128_DW01_cmp6_168'
  Processing 'kv_seg_tlb_ENTRIES32_DW01_cmp6_129_DW01_cmp6_169'
  Processing 'kv_seg_tlb_ENTRIES32_DW01_cmp6_130_DW01_cmp6_170'
  Processing 'kv_seg_tlb_ENTRIES32_DW01_cmp6_131_DW01_cmp6_171'
  Processing 'kv_seg_tlb_ENTRIES32_DW01_cmp6_132_DW01_cmp6_172'
  Processing 'kv_seg_tlb_ENTRIES32_DW01_cmp6_133_DW01_cmp6_173'
  Processing 'kv_seg_tlb_ENTRIES32_DW01_cmp6_134_DW01_cmp6_174'
  Processing 'kv_seg_tlb_ENTRIES32_DW01_cmp6_135_DW01_cmp6_175'
  Processing 'kv_seg_tlb_ENTRIES32_DW01_cmp6_136_DW01_cmp6_176'
  Processing 'kv_seg_tlb_ENTRIES32_DW01_cmp6_137_DW01_cmp6_177'
  Processing 'kv_seg_tlb_ENTRIES32_DW01_cmp6_138_DW01_cmp6_178'
  Processing 'kv_seg_tlb_ENTRIES32_DW01_cmp6_139_DW01_cmp6_179'
  Processing 'kv_seg_tlb_ENTRIES32_DW01_cmp6_140_DW01_cmp6_180'
  Processing 'kv_seg_tlb_ENTRIES32_DW01_cmp6_141_DW01_cmp6_181'
  Processing 'kv_seg_tlb_ENTRIES32_DW01_cmp6_142_DW01_cmp6_182'
  Processing 'kv_seg_tlb_ENTRIES32_DW01_cmp6_143_DW01_cmp6_183'
  Processing 'kv_seg_tlb_ENTRIES32_DW01_cmp6_144_DW01_cmp6_184'
  Processing 'kv_seg_tlb_ENTRIES32_DW01_cmp6_145_DW01_cmp6_185'
  Processing 'kv_seg_tlb_ENTRIES32_DW01_cmp6_146_DW01_cmp6_186'
  Processing 'kv_seg_tlb_ENTRIES32_DW01_cmp6_147_DW01_cmp6_187'
  Processing 'kv_seg_tlb_ENTRIES32_DW01_cmp6_148_DW01_cmp6_188'
  Processing 'kv_seg_tlb_ENTRIES32_DW01_cmp6_149_DW01_cmp6_189'
  Processing 'kv_seg_tlb_ENTRIES32_DW01_cmp6_150_DW01_cmp6_190'
  Processing 'kv_seg_tlb_ENTRIES32_DW01_cmp6_151_DW01_cmp6_191'
  Processing 'kv_seg_tlb_ENTRIES32_DW01_cmp6_152_DW01_cmp6_192'
  Processing 'kv_seg_tlb_ENTRIES32_DW01_cmp6_153_DW01_cmp6_193'
  Processing 'kv_seg_tlb_ENTRIES32_DW01_cmp6_154_DW01_cmp6_194'
  Processing 'kv_seg_tlb_ENTRIES32_DW01_cmp6_155_DW01_cmp6_195'
  Processing 'kv_seg_tlb_ENTRIES32_DW01_cmp6_156_DW01_cmp6_196'
  Processing 'kv_seg_tlb_ENTRIES32_DW01_cmp6_157_DW01_cmp6_197'
  Processing 'kv_seg_tlb_ENTRIES32_DW01_cmp6_158_DW01_cmp6_198'
  Processing 'kv_seg_tlb_ENTRIES32_DW01_cmp6_159_DW01_cmp6_199'
  Processing 'kv_seg_tlb_ENTRIES32_DW01_add_0_DW01_add_429'
  Processing 'kv_seg_tlb_ENTRIES32_DW01_sub_0_DW01_sub_741'
  Processing 'kv_seg_tlb_ENTRIES32_DW01_cmp2_95_DW01_cmp2_935'
  Processing 'kv_seg_tlb_ENTRIES32_DW01_cmp2_96_DW01_cmp2_936'
  Processing 'kv_seg_tlb_ENTRIES32_DW01_cmp6_160_DW01_cmp6_200'
  Processing 'kv_seg_tlb_ENTRIES32_DW01_cmp6_161_DW01_cmp6_201'
  Processing 'kv_seg_tlb_ENTRIES32_DW01_cmp2_97_DW01_cmp2_937'
  Processing 'kv_seg_tlb_ENTRIES32_DW01_cmp2_98_DW01_cmp2_938'
  Processing 'kv_seg_tlb_ENTRIES32_DW01_cmp6_162_DW01_cmp6_202'
  Processing 'kv_seg_tlb_ENTRIES32_DW01_cmp6_163_DW01_cmp6_203'
  Processing 'kv_seg_tlb_ENTRIES32_DW01_cmp2_99_DW01_cmp2_939'
  Processing 'kv_seg_tlb_ENTRIES32_DW01_cmp2_100_DW01_cmp2_940'
  Processing 'kv_seg_tlb_ENTRIES32_DW01_cmp6_164_DW01_cmp6_204'
  Processing 'kv_seg_tlb_ENTRIES32_DW01_cmp6_165_DW01_cmp6_205'
  Processing 'kv_seg_tlb_ENTRIES32_DW01_cmp2_101_DW01_cmp2_941'
  Processing 'kv_seg_tlb_ENTRIES32_DW01_cmp2_102_DW01_cmp2_942'
  Processing 'kv_seg_tlb_ENTRIES32_DW01_cmp6_166_DW01_cmp6_206'
  Processing 'kv_seg_tlb_ENTRIES32_DW01_cmp6_167_DW01_cmp6_207'
  Processing 'kv_seg_tlb_ENTRIES32_DW01_cmp2_103_DW01_cmp2_943'
  Processing 'kv_seg_tlb_ENTRIES32_DW01_cmp2_104_DW01_cmp2_944'
  Processing 'kv_seg_tlb_ENTRIES32_DW01_cmp6_168_DW01_cmp6_208'
  Processing 'kv_seg_tlb_ENTRIES32_DW01_cmp6_169_DW01_cmp6_209'
  Processing 'kv_seg_tlb_ENTRIES32_DW01_cmp2_105_DW01_cmp2_945'
  Processing 'kv_seg_tlb_ENTRIES32_DW01_cmp2_106_DW01_cmp2_946'
  Processing 'kv_seg_tlb_ENTRIES32_DW01_cmp6_170_DW01_cmp6_210'
  Processing 'kv_seg_tlb_ENTRIES32_DW01_cmp6_171_DW01_cmp6_211'
  Processing 'kv_seg_tlb_ENTRIES32_DW01_cmp2_107_DW01_cmp2_947'
  Processing 'kv_seg_tlb_ENTRIES32_DW01_cmp2_108_DW01_cmp2_948'
  Processing 'kv_seg_tlb_ENTRIES32_DW01_cmp6_172_DW01_cmp6_212'
  Processing 'kv_seg_tlb_ENTRIES32_DW01_cmp6_173_DW01_cmp6_213'
  Processing 'kv_seg_tlb_ENTRIES32_DW01_cmp2_109_DW01_cmp2_949'
  Processing 'kv_seg_tlb_ENTRIES32_DW01_cmp2_110_DW01_cmp2_950'
  Processing 'kv_seg_tlb_ENTRIES32_DW01_cmp6_174_DW01_cmp6_214'
  Processing 'kv_seg_tlb_ENTRIES32_DW01_cmp6_175_DW01_cmp6_215'
  Processing 'kv_seg_tlb_ENTRIES32_DW01_cmp2_111_DW01_cmp2_951'
  Processing 'kv_seg_tlb_ENTRIES32_DW01_cmp2_112_DW01_cmp2_952'
  Processing 'kv_seg_tlb_ENTRIES32_DW01_cmp6_176_DW01_cmp6_216'
  Processing 'kv_seg_tlb_ENTRIES32_DW01_cmp6_177_DW01_cmp6_217'
  Processing 'kv_seg_tlb_ENTRIES32_DW01_cmp2_113_DW01_cmp2_953'
  Processing 'kv_seg_tlb_ENTRIES32_DW01_cmp2_114_DW01_cmp2_954'
  Processing 'kv_seg_tlb_ENTRIES32_DW01_cmp6_178_DW01_cmp6_218'
  Processing 'kv_seg_tlb_ENTRIES32_DW01_cmp6_179_DW01_cmp6_219'
  Processing 'kv_seg_tlb_ENTRIES32_DW01_cmp2_115_DW01_cmp2_955'
  Processing 'kv_seg_tlb_ENTRIES32_DW01_cmp2_116_DW01_cmp2_956'
  Processing 'kv_seg_tlb_ENTRIES32_DW01_cmp6_180_DW01_cmp6_220'
  Processing 'kv_seg_tlb_ENTRIES32_DW01_cmp6_181_DW01_cmp6_221'
  Processing 'kv_seg_tlb_ENTRIES32_DW01_cmp2_117_DW01_cmp2_957'
  Processing 'kv_seg_tlb_ENTRIES32_DW01_cmp2_118_DW01_cmp2_958'
  Processing 'kv_seg_tlb_ENTRIES32_DW01_cmp6_182_DW01_cmp6_222'
  Processing 'kv_seg_tlb_ENTRIES32_DW01_cmp6_183_DW01_cmp6_223'
  Processing 'kv_seg_tlb_ENTRIES32_DW01_cmp2_119_DW01_cmp2_959'
  Processing 'kv_seg_tlb_ENTRIES32_DW01_cmp2_120_DW01_cmp2_960'
  Processing 'kv_seg_tlb_ENTRIES32_DW01_cmp6_184_DW01_cmp6_224'
  Processing 'kv_seg_tlb_ENTRIES32_DW01_cmp6_185_DW01_cmp6_225'
  Processing 'kv_seg_tlb_ENTRIES32_DW01_cmp2_121_DW01_cmp2_961'
  Processing 'kv_seg_tlb_ENTRIES32_DW01_cmp2_122_DW01_cmp2_962'
  Processing 'kv_seg_tlb_ENTRIES32_DW01_cmp6_186_DW01_cmp6_226'
  Processing 'kv_seg_tlb_ENTRIES32_DW01_cmp6_187_DW01_cmp6_227'
  Processing 'kv_seg_tlb_ENTRIES32_DW01_cmp2_123_DW01_cmp2_963'
  Processing 'kv_seg_tlb_ENTRIES32_DW01_cmp2_124_DW01_cmp2_964'
  Processing 'kv_seg_tlb_ENTRIES32_DW01_cmp6_188_DW01_cmp6_228'
  Processing 'kv_seg_tlb_ENTRIES32_DW01_cmp6_189_DW01_cmp6_229'
  Processing 'kv_seg_tlb_ENTRIES32_DW01_cmp2_125_DW01_cmp2_965'
  Processing 'kv_seg_tlb_ENTRIES32_DW01_cmp2_126_DW01_cmp2_966'
  Processing 'kv_seg_tlb_ENTRIES32_DW01_cmp6_190_DW01_cmp6_230'
  Processing 'kv_seg_tlb_ENTRIES32_DW01_cmp6_191_DW01_cmp6_231'
  Processing 'kv_seg_tlb_ENTRIES32_DW01_cmp2_127_DW01_cmp2_967'
  Processing 'kv_seg_tlb_ENTRIES32_DW01_cmp2_128_DW01_cmp2_968'
  Processing 'kv_seg_tlb_ENTRIES32_DW01_cmp6_192_DW01_cmp6_232'
  Processing 'kv_seg_tlb_ENTRIES32_DW01_cmp6_193_DW01_cmp6_233'
  Processing 'kv_seg_tlb_ENTRIES32_DW01_cmp2_129_DW01_cmp2_969'
  Processing 'kv_seg_tlb_ENTRIES32_DW01_cmp2_130_DW01_cmp2_970'
  Processing 'kv_seg_tlb_ENTRIES32_DW01_cmp6_194_DW01_cmp6_234'
  Processing 'kv_seg_tlb_ENTRIES32_DW01_cmp6_195_DW01_cmp6_235'
  Processing 'kv_seg_tlb_ENTRIES32_DW01_cmp2_131_DW01_cmp2_971'
  Processing 'kv_seg_tlb_ENTRIES32_DW01_cmp2_132_DW01_cmp2_972'
  Processing 'kv_seg_tlb_ENTRIES32_DW01_cmp6_196_DW01_cmp6_236'
  Processing 'kv_seg_tlb_ENTRIES32_DW01_cmp6_197_DW01_cmp6_237'
  Processing 'kv_seg_tlb_ENTRIES32_DW01_cmp2_133_DW01_cmp2_973'
  Processing 'kv_seg_tlb_ENTRIES32_DW01_cmp2_134_DW01_cmp2_974'
  Processing 'kv_seg_tlb_ENTRIES32_DW01_cmp6_198_DW01_cmp6_238'
  Processing 'kv_seg_tlb_ENTRIES32_DW01_cmp6_199_DW01_cmp6_239'
  Processing 'kv_seg_tlb_ENTRIES32_DW01_cmp2_135_DW01_cmp2_975'
  Processing 'kv_seg_tlb_ENTRIES32_DW01_cmp2_136_DW01_cmp2_976'
  Processing 'kv_seg_tlb_ENTRIES32_DW01_cmp6_200_DW01_cmp6_240'
  Processing 'kv_seg_tlb_ENTRIES32_DW01_cmp6_201_DW01_cmp6_241'
  Processing 'kv_seg_tlb_ENTRIES32_DW01_cmp2_137_DW01_cmp2_977'
  Processing 'kv_seg_tlb_ENTRIES32_DW01_cmp2_138_DW01_cmp2_978'
  Processing 'kv_seg_tlb_ENTRIES32_DW01_cmp6_202_DW01_cmp6_242'
  Processing 'kv_seg_tlb_ENTRIES32_DW01_cmp6_203_DW01_cmp6_243'
  Processing 'kv_seg_tlb_ENTRIES32_DW01_cmp2_139_DW01_cmp2_979'
  Processing 'kv_seg_tlb_ENTRIES32_DW01_cmp2_140_DW01_cmp2_980'
  Processing 'kv_seg_tlb_ENTRIES32_DW01_cmp6_204_DW01_cmp6_244'
  Processing 'kv_seg_tlb_ENTRIES32_DW01_cmp6_205_DW01_cmp6_245'
  Processing 'kv_seg_tlb_ENTRIES32_DW01_cmp2_141_DW01_cmp2_981'
  Processing 'kv_seg_tlb_ENTRIES32_DW01_cmp2_142_DW01_cmp2_982'
  Processing 'kv_seg_tlb_ENTRIES32_DW01_cmp6_206_DW01_cmp6_246'
  Processing 'kv_seg_tlb_ENTRIES32_DW01_cmp6_207_DW01_cmp6_247'
  Processing 'kv_seg_tlb_ENTRIES32_DW01_cmp2_143_DW01_cmp2_983'
  Processing 'kv_seg_tlb_ENTRIES32_DW01_cmp2_144_DW01_cmp2_984'
  Processing 'kv_seg_tlb_ENTRIES32_DW01_cmp6_208_DW01_cmp6_248'
  Processing 'kv_seg_tlb_ENTRIES32_DW01_cmp6_209_DW01_cmp6_249'
  Processing 'kv_seg_tlb_ENTRIES32_DW01_cmp2_145_DW01_cmp2_985'
  Processing 'kv_seg_tlb_ENTRIES32_DW01_cmp2_146_DW01_cmp2_986'
  Processing 'kv_seg_tlb_ENTRIES32_DW01_cmp6_210_DW01_cmp6_250'
  Processing 'kv_seg_tlb_ENTRIES32_DW01_cmp6_211_DW01_cmp6_251'
  Processing 'kv_seg_tlb_ENTRIES32_DW01_cmp2_147_DW01_cmp2_987'
  Processing 'kv_seg_tlb_ENTRIES32_DW01_cmp2_148_DW01_cmp2_988'
  Processing 'kv_seg_tlb_ENTRIES32_DW01_cmp6_212_DW01_cmp6_252'
  Processing 'kv_seg_tlb_ENTRIES32_DW01_cmp6_213_DW01_cmp6_253'
  Processing 'kv_seg_tlb_ENTRIES32_DW01_cmp2_149_DW01_cmp2_989'
  Processing 'kv_seg_tlb_ENTRIES32_DW01_cmp2_150_DW01_cmp2_990'
  Processing 'kv_seg_tlb_ENTRIES32_DW01_cmp6_214_DW01_cmp6_254'
  Processing 'kv_seg_tlb_ENTRIES32_DW01_cmp6_215_DW01_cmp6_255'
  Processing 'kv_seg_tlb_ENTRIES32_DW01_cmp2_151_DW01_cmp2_991'
  Processing 'kv_seg_tlb_ENTRIES32_DW01_cmp2_152_DW01_cmp2_992'
  Processing 'kv_seg_tlb_ENTRIES32_DW01_cmp6_216_DW01_cmp6_256'
  Processing 'kv_seg_tlb_ENTRIES32_DW01_cmp6_217_DW01_cmp6_257'
  Processing 'kv_seg_tlb_ENTRIES32_DW01_cmp2_153_DW01_cmp2_993'
  Processing 'kv_seg_tlb_ENTRIES32_DW01_cmp2_154_DW01_cmp2_994'
  Processing 'kv_seg_tlb_ENTRIES32_DW01_cmp6_218_DW01_cmp6_258'
  Processing 'kv_seg_tlb_ENTRIES32_DW01_cmp6_219_DW01_cmp6_259'
  Processing 'kv_seg_tlb_ENTRIES32_DW01_cmp2_155_DW01_cmp2_995'
  Processing 'kv_seg_tlb_ENTRIES32_DW01_cmp2_156_DW01_cmp2_996'
  Processing 'kv_seg_tlb_ENTRIES32_DW01_cmp6_220_DW01_cmp6_260'
  Processing 'kv_seg_tlb_ENTRIES32_DW01_cmp6_221_DW01_cmp6_261'
  Processing 'kv_seg_tlb_ENTRIES32_DW01_cmp2_157_DW01_cmp2_997'
  Processing 'kv_seg_tlb_ENTRIES32_DW01_cmp2_158_DW01_cmp2_998'
  Processing 'kv_seg_tlb_ENTRIES32_DW01_cmp6_222_DW01_cmp6_262'
  Processing 'kv_seg_tlb_ENTRIES32_DW01_cmp6_223_DW01_cmp6_263'
  Processing 'attacc_controller_DW01_cmp2_0_DW01_cmp2_999'
  Processing 'attacc_controller_DW01_cmp6_0_DW01_cmp6_264'
  Processing 'attacc_controller_DW01_dec_0_DW01_dec_4'
  Processing 'attacc_controller_DW01_inc_0_DW01_inc_418'
  Processing 'attacc_controller_DW01_cmp6_1_DW01_cmp6_265'
  Processing 'attacc_controller_DW01_add_0_DW01_add_430'
  Processing 'attacc_controller_DW01_add_1_DW01_add_431'
  Allocating blocks in 'DW02_mult_A_width32_B_width32'
  Building model 'DW01_add_width62' (cla)
Information: Converting time units for library 'srambank_64x4x16_6t122' since those in library 'asap7sc7p5t_AO_RVT_TT_nldm_211120' differ. (TIM-105)
Information: Converting capacitance units for library 'srambank_64x4x16_6t122' since those in library 'asap7sc7p5t_AO_RVT_TT_nldm_211120' differ. (TIM-106)
Warning: The trip points for the library named srambank_64x4x16_6t122 differ from those in the library named asap7sc7p5t_AO_RVT_TT_nldm_211120. (TIM-164)
  Processing 'DW01_add_width62'
  Building model 'DW02_mult_A_width32_B_width32' (csa)
  Processing 'DW02_mult_A_width32_B_width32'
  Building model 'DW01_sub_width32' (rpl)
  Processing 'DW01_sub_width32'
  Building model 'DW01_sub_width32' (cla)
  Processing 'DW01_sub_width32'
  Allocating blocks in 'DW02_mult_A_width24_B_width32'
  Building model 'DW01_add_width54' (cla)
  Processing 'DW01_add_width54'
  Building model 'DW02_mult_A_width24_B_width32' (csa)
  Processing 'DW02_mult_A_width24_B_width32'
  Allocating blocks in 'DW02_mult_A_width32_B_width24'
  Building model 'DW02_mult_A_width32_B_width24' (csa)
  Processing 'DW02_mult_A_width32_B_width24'
  Building model 'DW01_sub_width23' (rpl)
  Processing 'DW01_sub_width23'
  Building model 'DW01_sub_width23' (cla)
  Processing 'DW01_sub_width23'
  Building model 'DW01_inc_width11' (rpl)
  Processing 'DW01_inc_width11'
  Building model 'DW01_add_width10' (rpl)
  Processing 'DW01_add_width10'
  Building model 'DW01_add_width10' (cla)
  Processing 'DW01_add_width10'
  Building model 'DW01_sub_width11' (rpl)
  Processing 'DW01_sub_width11'
  Building model 'DW01_sub_width11' (cla)
  Processing 'DW01_sub_width11'
  Building model 'DW01_add_width12' (rpl)
  Processing 'DW01_add_width12'
  Building model 'DW01_add_width12' (cla)
  Processing 'DW01_add_width12'
  Building model 'DW01_dec_width12' (rpl)
  Processing 'DW01_dec_width12'
  Allocating blocks in 'DW02_mult_A_width24_B_width24'
  Building model 'DW01_add_width46' (cla)
  Processing 'DW01_add_width46'
  Building model 'DW02_mult_A_width24_B_width24' (csa)
  Processing 'DW02_mult_A_width24_B_width24'
  Building model 'DW01_add_width24' (rpl)
  Processing 'DW01_add_width24'
  Building model 'DW01_add_width24' (cla)
  Processing 'DW01_add_width24'
  Allocating blocks in 'DW02_mult_A_width24_B_width17'
  Building model 'DW01_add_width39' (cla)
  Processing 'DW01_add_width39'
  Building model 'DW02_mult_A_width24_B_width17' (csa)
  Processing 'DW02_mult_A_width24_B_width17'
  Allocating blocks in 'DW02_mult_A_width17_B_width24'
  Building model 'DW02_mult_A_width17_B_width24' (csa)
  Processing 'DW02_mult_A_width17_B_width24'
  Building model 'DW01_add_width34' (rpl)
  Processing 'DW01_add_width34'
  Building model 'DW01_add_width34' (cla)
  Processing 'DW01_add_width34'
  Allocating blocks in 'DW02_mult_A_width24_B_width1'
  Allocating blocks in 'DW01_absval_width24'
  Building model 'DW01_inc_width24' (cla)
  Processing 'DW01_inc_width24'
  Building model 'DW01_absval_width24' (cla)
  Processing 'DW01_absval_width24'
  Allocating blocks in 'DW01_absval_width1'
  Building model 'DW01_inc_width1' (cla)
  Processing 'DW01_inc_width1'
  Building model 'DW01_absval_width1' (cla)
  Processing 'DW01_absval_width1'
  Building model 'DW01_inc_width25' (cla)
  Processing 'DW01_inc_width25'
  Building model 'DW02_mult_A_width24_B_width1' (csa)
  Processing 'DW02_mult_A_width24_B_width1'
  Allocating blocks in 'DW02_mult_A_width1_B_width24'
  Building model 'DW02_mult_A_width1_B_width24' (csa)
  Processing 'DW02_mult_A_width1_B_width24'
  Processing 'fp32_recip_DW02_mult_0'
  Processing 'fp32_recip_DW01_add_1_DW01_add_432'
  Processing 'fp32_recip_DW01_sub_0_DW01_sub_742'
  Processing 'fp32_recip_DW02_mult_1'
  Processing 'fp32_recip_DW01_add_2_DW01_add_433'
  Processing 'fp32_exp_1_DW01_sub_5_DW01_sub_743'
  Processing 'fp32_exp_1_DW01_inc_0_DW01_inc_420'
  Processing 'fp32_exp_1_DW02_mult_0_DW02_mult_2'
  Processing 'fp32_exp_1_DW01_add_0_DW01_add_434'
  Processing 'fp32_exp_2_DW01_sub_5_DW01_sub_744'
  Processing 'fp32_exp_2_DW01_inc_0_DW01_inc_421'
  Processing 'fp32_exp_2_DW02_mult_0_DW02_mult_3'
  Processing 'fp32_exp_2_DW01_add_0_DW01_add_435'
  Processing 'fp32_exp_3_DW01_sub_5_DW01_sub_745'
  Processing 'fp32_exp_3_DW01_inc_0_DW01_inc_422'
  Processing 'fp32_exp_3_DW02_mult_0_DW02_mult_4'
  Processing 'fp32_exp_3_DW01_add_0_DW01_add_436'
  Processing 'fp32_exp_4_DW01_sub_5_DW01_sub_746'
  Processing 'fp32_exp_4_DW01_inc_0_DW01_inc_423'
  Processing 'fp32_exp_4_DW02_mult_0_DW02_mult_5'
  Processing 'fp32_exp_4_DW01_add_0_DW01_add_437'
  Processing 'fp32_exp_5_DW01_sub_5_DW01_sub_747'
  Processing 'fp32_exp_5_DW01_inc_0_DW01_inc_424'
  Processing 'fp32_exp_5_DW02_mult_0_DW02_mult_6'
  Processing 'fp32_exp_5_DW01_add_0_DW01_add_438'
  Processing 'fp32_exp_6_DW01_sub_5_DW01_sub_748'
  Processing 'fp32_exp_6_DW01_inc_0_DW01_inc_425'
  Processing 'fp32_exp_6_DW02_mult_0_DW02_mult_7'
  Processing 'fp32_exp_6_DW01_add_0_DW01_add_439'
  Processing 'fp32_exp_7_DW01_sub_5_DW01_sub_749'
  Processing 'fp32_exp_7_DW01_inc_0_DW01_inc_426'
  Processing 'fp32_exp_7_DW02_mult_0_DW02_mult_8'
  Processing 'fp32_exp_7_DW01_add_0_DW01_add_440'
  Processing 'fp32_exp_8_DW01_sub_5_DW01_sub_750'
  Processing 'fp32_exp_8_DW01_inc_0_DW01_inc_427'
  Processing 'fp32_exp_8_DW02_mult_0_DW02_mult_9'
  Processing 'fp32_exp_8_DW01_add_0_DW01_add_441'
  Processing 'fp32_exp_9_DW01_sub_5_DW01_sub_751'
  Processing 'fp32_exp_9_DW01_inc_0_DW01_inc_428'
  Processing 'fp32_exp_9_DW02_mult_0_DW02_mult_10'
  Processing 'fp32_exp_9_DW01_add_0_DW01_add_442'
  Processing 'fp32_exp_10_DW01_sub_5_DW01_sub_752'
  Processing 'fp32_exp_10_DW01_inc_0_DW01_inc_429'
  Processing 'fp32_exp_10_DW02_mult_0_DW02_mult_11'
  Processing 'fp32_exp_10_DW01_add_0_DW01_add_443'
  Processing 'fp32_exp_11_DW01_sub_5_DW01_sub_753'
  Processing 'fp32_exp_11_DW01_inc_0_DW01_inc_430'
  Processing 'fp32_exp_11_DW02_mult_0_DW02_mult_12'
  Processing 'fp32_exp_11_DW01_add_0_DW01_add_444'
  Processing 'fp32_exp_12_DW01_sub_5_DW01_sub_754'
  Processing 'fp32_exp_12_DW01_inc_0_DW01_inc_431'
  Processing 'fp32_exp_12_DW02_mult_0_DW02_mult_13'
  Processing 'fp32_exp_12_DW01_add_0_DW01_add_445'
  Processing 'fp32_exp_13_DW01_sub_5_DW01_sub_755'
  Processing 'fp32_exp_13_DW01_inc_0_DW01_inc_432'
  Processing 'fp32_exp_13_DW02_mult_0_DW02_mult_14'
  Processing 'fp32_exp_13_DW01_add_0_DW01_add_446'
  Processing 'fp32_exp_14_DW01_sub_5_DW01_sub_756'
  Processing 'fp32_exp_14_DW01_inc_0_DW01_inc_433'
  Processing 'fp32_exp_14_DW02_mult_0_DW02_mult_15'
  Processing 'fp32_exp_14_DW01_add_0_DW01_add_447'
  Processing 'fp32_exp_15_DW01_sub_5_DW01_sub_757'
  Processing 'fp32_exp_15_DW01_inc_0_DW01_inc_434'
  Processing 'fp32_exp_15_DW02_mult_0_DW02_mult_16'
  Processing 'fp32_exp_15_DW01_add_0_DW01_add_448'
  Processing 'fp32_exp_0_DW01_sub_5_DW01_sub_758'
  Processing 'fp32_exp_0_DW01_inc_0_DW01_inc_435'
  Processing 'fp32_exp_0_DW02_mult_0_DW02_mult_17'
  Processing 'fp32_exp_0_DW01_add_0_DW01_add_449'
  Processing 'fp32_recip_DW01_sub_1_DW01_sub_759'
  Processing 'fp32_recip_DW01_add_3_DW01_add_450'
  Processing 'streaming_softmax_unit_LANES16_MAX_TOKENS2048_CONTEXTS32_DW01_add_0_DW01_add_451'
  Processing 'streaming_softmax_unit_LANES16_MAX_TOKENS2048_CONTEXTS32_DW01_dec_2_DW01_dec_5'
  Processing 'streaming_softmax_unit_LANES16_MAX_TOKENS2048_CONTEXTS32_DW01_add_1_DW01_add_452'
  Processing 'streaming_softmax_unit_LANES16_MAX_TOKENS2048_CONTEXTS32_DW01_dec_3_DW01_dec_6'
  Processing 'DW01_sub_width4_DW01_sub_760'
  Processing 'DW01_add_width4_DW01_add_453'
  Processing 'fp16_mult_1_DW02_mult_0_DW02_mult_18'
  Processing 'fp16_mult_1_DW01_add_1_DW01_add_454'
  Processing 'fp16_mult_2_DW02_mult_0_DW02_mult_19'
  Processing 'fp16_mult_2_DW01_add_1_DW01_add_455'
  Processing 'fp16_mult_3_DW02_mult_0_DW02_mult_20'
  Processing 'fp16_mult_3_DW01_add_1_DW01_add_456'
  Processing 'fp16_mult_4_DW02_mult_0_DW02_mult_21'
  Processing 'fp16_mult_4_DW01_add_1_DW01_add_457'
  Processing 'fp16_mult_5_DW02_mult_0_DW02_mult_22'
  Processing 'fp16_mult_5_DW01_add_1_DW01_add_458'
  Processing 'fp16_mult_6_DW02_mult_0_DW02_mult_23'
  Processing 'fp16_mult_6_DW01_add_1_DW01_add_459'
  Processing 'fp16_mult_7_DW02_mult_0_DW02_mult_24'
  Processing 'fp16_mult_7_DW01_add_1_DW01_add_460'
  Processing 'fp16_mult_8_DW02_mult_0_DW02_mult_25'
  Processing 'fp16_mult_8_DW01_add_1_DW01_add_461'
  Processing 'fp16_mult_9_DW02_mult_0_DW02_mult_26'
  Processing 'fp16_mult_9_DW01_add_1_DW01_add_462'
  Processing 'fp16_mult_10_DW02_mult_0_DW02_mult_27'
  Processing 'fp16_mult_10_DW01_add_1_DW01_add_463'
  Processing 'fp16_mult_11_DW02_mult_0_DW02_mult_28'
  Processing 'fp16_mult_11_DW01_add_1_DW01_add_464'
  Processing 'fp16_mult_12_DW02_mult_0_DW02_mult_29'
  Processing 'fp16_mult_12_DW01_add_1_DW01_add_465'
  Processing 'fp16_mult_13_DW02_mult_0_DW02_mult_30'
  Processing 'fp16_mult_13_DW01_add_1_DW01_add_466'
  Processing 'fp16_mult_14_DW02_mult_0_DW02_mult_31'
  Processing 'fp16_mult_14_DW01_add_1_DW01_add_467'
  Processing 'fp16_mult_15_DW02_mult_0_DW02_mult_32'
  Processing 'fp16_mult_15_DW01_add_1_DW01_add_468'
  Processing 'fp16_mult_16_DW02_mult_0_DW02_mult_33'
  Processing 'fp16_mult_16_DW01_add_1_DW01_add_469'
  Processing 'fp16_mult_17_DW02_mult_0_DW02_mult_34'
  Processing 'fp16_mult_17_DW01_add_1_DW01_add_470'
  Processing 'fp16_mult_18_DW02_mult_0_DW02_mult_35'
  Processing 'fp16_mult_18_DW01_add_1_DW01_add_471'
  Processing 'fp16_mult_19_DW02_mult_0_DW02_mult_36'
  Processing 'fp16_mult_19_DW01_add_1_DW01_add_472'
  Processing 'fp16_mult_20_DW02_mult_0_DW02_mult_37'
  Processing 'fp16_mult_20_DW01_add_1_DW01_add_473'
  Processing 'fp16_mult_21_DW02_mult_0_DW02_mult_38'
  Processing 'fp16_mult_21_DW01_add_1_DW01_add_474'
  Processing 'fp16_mult_22_DW02_mult_0_DW02_mult_39'
  Processing 'fp16_mult_22_DW01_add_1_DW01_add_475'
  Processing 'fp16_mult_23_DW02_mult_0_DW02_mult_40'
  Processing 'fp16_mult_23_DW01_add_1_DW01_add_476'
  Processing 'fp16_mult_24_DW02_mult_0_DW02_mult_41'
  Processing 'fp16_mult_24_DW01_add_1_DW01_add_477'
  Processing 'fp16_mult_25_DW02_mult_0_DW02_mult_42'
  Processing 'fp16_mult_25_DW01_add_1_DW01_add_478'
  Processing 'fp16_mult_26_DW02_mult_0_DW02_mult_43'
  Processing 'fp16_mult_26_DW01_add_1_DW01_add_479'
  Processing 'fp16_mult_27_DW02_mult_0_DW02_mult_44'
  Processing 'fp16_mult_27_DW01_add_1_DW01_add_480'
  Processing 'fp16_mult_28_DW02_mult_0_DW02_mult_45'
  Processing 'fp16_mult_28_DW01_add_1_DW01_add_481'
  Processing 'fp16_mult_29_DW02_mult_0_DW02_mult_46'
  Processing 'fp16_mult_29_DW01_add_1_DW01_add_482'
  Processing 'fp16_mult_30_DW02_mult_0_DW02_mult_47'
  Processing 'fp16_mult_30_DW01_add_1_DW01_add_483'
  Processing 'fp16_mult_31_DW02_mult_0_DW02_mult_48'
  Processing 'fp16_mult_31_DW01_add_1_DW01_add_484'
  Processing 'fp16_mult_32_DW02_mult_0_DW02_mult_49'
  Processing 'fp16_mult_32_DW01_add_1_DW01_add_485'
  Processing 'fp16_mult_33_DW02_mult_0_DW02_mult_50'
  Processing 'fp16_mult_33_DW01_add_1_DW01_add_486'
  Processing 'fp16_mult_34_DW02_mult_0_DW02_mult_51'
  Processing 'fp16_mult_34_DW01_add_1_DW01_add_487'
  Processing 'fp16_mult_35_DW02_mult_0_DW02_mult_52'
  Processing 'fp16_mult_35_DW01_add_1_DW01_add_488'
  Processing 'fp16_mult_36_DW02_mult_0_DW02_mult_53'
  Processing 'fp16_mult_36_DW01_add_1_DW01_add_489'
  Processing 'fp16_mult_37_DW02_mult_0_DW02_mult_54'
  Processing 'fp16_mult_37_DW01_add_1_DW01_add_490'
  Processing 'fp16_mult_38_DW02_mult_0_DW02_mult_55'
  Processing 'fp16_mult_38_DW01_add_1_DW01_add_491'
  Processing 'fp16_mult_39_DW02_mult_0_DW02_mult_56'
  Processing 'fp16_mult_39_DW01_add_1_DW01_add_492'
  Processing 'fp16_mult_40_DW02_mult_0_DW02_mult_57'
  Processing 'fp16_mult_40_DW01_add_1_DW01_add_493'
  Processing 'fp16_mult_41_DW02_mult_0_DW02_mult_58'
  Processing 'fp16_mult_41_DW01_add_1_DW01_add_494'
  Processing 'fp16_mult_42_DW02_mult_0_DW02_mult_59'
  Processing 'fp16_mult_42_DW01_add_1_DW01_add_495'
  Processing 'fp16_mult_43_DW02_mult_0_DW02_mult_60'
  Processing 'fp16_mult_43_DW01_add_1_DW01_add_496'
  Processing 'fp16_mult_44_DW02_mult_0_DW02_mult_61'
  Processing 'fp16_mult_44_DW01_add_1_DW01_add_497'
  Processing 'fp16_mult_45_DW02_mult_0_DW02_mult_62'
  Processing 'fp16_mult_45_DW01_add_1_DW01_add_498'
  Processing 'fp16_mult_46_DW02_mult_0_DW02_mult_63'
  Processing 'fp16_mult_46_DW01_add_1_DW01_add_499'
  Processing 'fp16_mult_47_DW02_mult_0_DW02_mult_64'
  Processing 'fp16_mult_47_DW01_add_1_DW01_add_500'
  Processing 'fp16_mult_48_DW02_mult_0_DW02_mult_65'
  Processing 'fp16_mult_48_DW01_add_1_DW01_add_501'
  Processing 'fp16_mult_49_DW02_mult_0_DW02_mult_66'
  Processing 'fp16_mult_49_DW01_add_1_DW01_add_502'
  Processing 'fp16_mult_50_DW02_mult_0_DW02_mult_67'
  Processing 'fp16_mult_50_DW01_add_1_DW01_add_503'
  Processing 'fp16_mult_51_DW02_mult_0_DW02_mult_68'
  Processing 'fp16_mult_51_DW01_add_1_DW01_add_504'
  Processing 'fp16_mult_52_DW02_mult_0_DW02_mult_69'
  Processing 'fp16_mult_52_DW01_add_1_DW01_add_505'
  Processing 'fp16_mult_53_DW02_mult_0_DW02_mult_70'
  Processing 'fp16_mult_53_DW01_add_1_DW01_add_506'
  Processing 'fp16_mult_54_DW02_mult_0_DW02_mult_71'
  Processing 'fp16_mult_54_DW01_add_1_DW01_add_507'
  Processing 'fp16_mult_55_DW02_mult_0_DW02_mult_72'
  Processing 'fp16_mult_55_DW01_add_1_DW01_add_508'
  Processing 'fp16_mult_56_DW02_mult_0_DW02_mult_73'
  Processing 'fp16_mult_56_DW01_add_1_DW01_add_509'
  Processing 'fp16_mult_57_DW02_mult_0_DW02_mult_74'
  Processing 'fp16_mult_57_DW01_add_1_DW01_add_510'
  Processing 'fp16_mult_58_DW02_mult_0_DW02_mult_75'
  Processing 'fp16_mult_58_DW01_add_1_DW01_add_511'
  Processing 'fp16_mult_59_DW02_mult_0_DW02_mult_76'
  Processing 'fp16_mult_59_DW01_add_1_DW01_add_512'
  Processing 'fp16_mult_60_DW02_mult_0_DW02_mult_77'
  Processing 'fp16_mult_60_DW01_add_1_DW01_add_513'
  Processing 'fp16_mult_61_DW02_mult_0_DW02_mult_78'
  Processing 'fp16_mult_61_DW01_add_1_DW01_add_514'
  Processing 'fp16_mult_62_DW02_mult_0_DW02_mult_79'
  Processing 'fp16_mult_62_DW01_add_1_DW01_add_515'
  Processing 'fp16_mult_63_DW02_mult_0_DW02_mult_80'
  Processing 'fp16_mult_63_DW01_add_1_DW01_add_516'
  Processing 'fp16_mult_0_DW02_mult_0_DW02_mult_81'
  Processing 'fp16_mult_0_DW01_add_1_DW01_add_517'
  Processing 'fp32_mul_0_DW02_mult_0_DW02_mult_82'
  Processing 'fp32_mul_0_DW01_add_1_DW01_add_518'
  Processing 'fp32_mul_15_DW02_mult_0_DW02_mult_83'
  Processing 'fp32_mul_15_DW01_add_1_DW01_add_519'
  Processing 'fp32_mul_14_DW02_mult_0_DW02_mult_84'
  Processing 'fp32_mul_14_DW01_add_1_DW01_add_520'
  Processing 'fp32_mul_13_DW02_mult_0_DW02_mult_85'
  Processing 'fp32_mul_13_DW01_add_1_DW01_add_521'
  Processing 'fp32_mul_12_DW02_mult_0_DW02_mult_86'
  Processing 'fp32_mul_12_DW01_add_1_DW01_add_522'
  Processing 'fp32_mul_11_DW02_mult_0_DW02_mult_87'
  Processing 'fp32_mul_11_DW01_add_1_DW01_add_523'
  Processing 'fp32_mul_10_DW02_mult_0_DW02_mult_88'
  Processing 'fp32_mul_10_DW01_add_1_DW01_add_524'
  Processing 'fp32_mul_9_DW02_mult_0_DW02_mult_89'
  Processing 'fp32_mul_9_DW01_add_1_DW01_add_525'
  Processing 'fp32_mul_8_DW02_mult_0_DW02_mult_90'
  Processing 'fp32_mul_8_DW01_add_1_DW01_add_526'
  Processing 'fp32_mul_7_DW02_mult_0_DW02_mult_91'
  Processing 'fp32_mul_7_DW01_add_1_DW01_add_527'
  Processing 'fp32_mul_6_DW02_mult_0_DW02_mult_92'
  Processing 'fp32_mul_6_DW01_add_1_DW01_add_528'
  Processing 'fp32_mul_5_DW02_mult_0_DW02_mult_93'
  Processing 'fp32_mul_5_DW01_add_1_DW01_add_529'
  Processing 'fp32_mul_4_DW02_mult_0_DW02_mult_94'
  Processing 'fp32_mul_4_DW01_add_1_DW01_add_530'
  Processing 'fp32_mul_3_DW02_mult_0_DW02_mult_95'
  Processing 'fp32_mul_3_DW01_add_1_DW01_add_531'
  Processing 'fp32_mul_2_DW02_mult_0_DW02_mult_96'
  Processing 'fp32_mul_2_DW01_add_1_DW01_add_532'
  Processing 'fp32_mul_1_DW02_mult_0_DW02_mult_97'
  Processing 'fp32_mul_1_DW01_add_1_DW01_add_533'
  Processing 'fp16_mult_1_DW01_sub_0_DW01_sub_761'
  Processing 'fp16_mult_1_DW01_add_2_DW01_add_534'
  Processing 'fp16_mult_2_DW01_sub_0_DW01_sub_762'
  Processing 'fp16_mult_2_DW01_add_2_DW01_add_535'
  Processing 'fp16_mult_3_DW01_sub_0_DW01_sub_763'
  Processing 'fp16_mult_3_DW01_add_2_DW01_add_536'
  Processing 'fp16_mult_4_DW01_sub_0_DW01_sub_764'
  Processing 'fp16_mult_4_DW01_add_2_DW01_add_537'
  Processing 'fp16_mult_5_DW01_sub_0_DW01_sub_765'
  Processing 'fp16_mult_5_DW01_add_2_DW01_add_538'
  Processing 'fp16_mult_6_DW01_sub_0_DW01_sub_766'
  Processing 'fp16_mult_6_DW01_add_2_DW01_add_539'
  Processing 'fp16_mult_7_DW01_sub_0_DW01_sub_767'
  Processing 'fp16_mult_7_DW01_add_2_DW01_add_540'
  Processing 'fp16_mult_8_DW01_sub_0_DW01_sub_768'
  Processing 'fp16_mult_8_DW01_add_2_DW01_add_541'
  Processing 'fp16_mult_9_DW01_sub_0_DW01_sub_769'
  Processing 'fp16_mult_9_DW01_add_2_DW01_add_542'
  Processing 'fp16_mult_10_DW01_sub_0_DW01_sub_770'
  Processing 'fp16_mult_10_DW01_add_2_DW01_add_543'
  Processing 'fp16_mult_11_DW01_sub_0_DW01_sub_771'
  Processing 'fp16_mult_11_DW01_add_2_DW01_add_544'
  Processing 'fp16_mult_12_DW01_sub_0_DW01_sub_772'
  Processing 'fp16_mult_12_DW01_add_2_DW01_add_545'
  Processing 'fp16_mult_13_DW01_sub_0_DW01_sub_773'
  Processing 'fp16_mult_13_DW01_add_2_DW01_add_546'
  Processing 'fp16_mult_14_DW01_sub_0_DW01_sub_774'
  Processing 'fp16_mult_14_DW01_add_2_DW01_add_547'
  Processing 'fp16_mult_15_DW01_sub_0_DW01_sub_775'
  Processing 'fp16_mult_15_DW01_add_2_DW01_add_548'
  Processing 'fp16_mult_16_DW01_sub_0_DW01_sub_776'
  Processing 'fp16_mult_16_DW01_add_2_DW01_add_549'
  Processing 'fp16_mult_17_DW01_sub_0_DW01_sub_777'
  Processing 'fp16_mult_17_DW01_add_2_DW01_add_550'
  Processing 'fp16_mult_18_DW01_sub_0_DW01_sub_778'
  Processing 'fp16_mult_18_DW01_add_2_DW01_add_551'
  Processing 'fp16_mult_19_DW01_sub_0_DW01_sub_779'
  Processing 'fp16_mult_19_DW01_add_2_DW01_add_552'
  Processing 'fp16_mult_20_DW01_sub_0_DW01_sub_780'
  Processing 'fp16_mult_20_DW01_add_2_DW01_add_553'
  Processing 'fp16_mult_21_DW01_sub_0_DW01_sub_781'
  Processing 'fp16_mult_21_DW01_add_2_DW01_add_554'
  Processing 'fp16_mult_22_DW01_sub_0_DW01_sub_782'
  Processing 'fp16_mult_22_DW01_add_2_DW01_add_555'
  Processing 'fp16_mult_23_DW01_sub_0_DW01_sub_783'
  Processing 'fp16_mult_23_DW01_add_2_DW01_add_556'
  Processing 'fp16_mult_24_DW01_sub_0_DW01_sub_784'
  Processing 'fp16_mult_24_DW01_add_2_DW01_add_557'
  Processing 'fp16_mult_25_DW01_sub_0_DW01_sub_785'
  Processing 'fp16_mult_25_DW01_add_2_DW01_add_558'
  Processing 'fp16_mult_26_DW01_sub_0_DW01_sub_786'
  Processing 'fp16_mult_26_DW01_add_2_DW01_add_559'
  Processing 'fp16_mult_27_DW01_sub_0_DW01_sub_787'
  Processing 'fp16_mult_27_DW01_add_2_DW01_add_560'
  Processing 'fp16_mult_28_DW01_sub_0_DW01_sub_788'
  Processing 'fp16_mult_28_DW01_add_2_DW01_add_561'
  Processing 'fp16_mult_29_DW01_sub_0_DW01_sub_789'
  Processing 'fp16_mult_29_DW01_add_2_DW01_add_562'
  Processing 'fp16_mult_30_DW01_sub_0_DW01_sub_790'
  Processing 'fp16_mult_30_DW01_add_2_DW01_add_563'
  Processing 'fp16_mult_31_DW01_sub_0_DW01_sub_791'
  Processing 'fp16_mult_31_DW01_add_2_DW01_add_564'
  Processing 'fp16_mult_32_DW01_sub_0_DW01_sub_792'
  Processing 'fp16_mult_32_DW01_add_2_DW01_add_565'
  Processing 'fp16_mult_33_DW01_sub_0_DW01_sub_793'
  Processing 'fp16_mult_33_DW01_add_2_DW01_add_566'
  Processing 'fp16_mult_34_DW01_sub_0_DW01_sub_794'
  Processing 'fp16_mult_34_DW01_add_2_DW01_add_567'
  Processing 'fp16_mult_35_DW01_sub_0_DW01_sub_795'
  Processing 'fp16_mult_35_DW01_add_2_DW01_add_568'
  Processing 'fp16_mult_36_DW01_sub_0_DW01_sub_796'
  Processing 'fp16_mult_36_DW01_add_2_DW01_add_569'
  Processing 'fp16_mult_37_DW01_sub_0_DW01_sub_797'
  Processing 'fp16_mult_37_DW01_add_2_DW01_add_570'
  Processing 'fp16_mult_38_DW01_sub_0_DW01_sub_798'
  Processing 'fp16_mult_38_DW01_add_2_DW01_add_571'
  Processing 'fp16_mult_39_DW01_sub_0_DW01_sub_799'
  Processing 'fp16_mult_39_DW01_add_2_DW01_add_572'
  Processing 'fp16_mult_40_DW01_sub_0_DW01_sub_800'
  Processing 'fp16_mult_40_DW01_add_2_DW01_add_573'
  Processing 'fp16_mult_41_DW01_sub_0_DW01_sub_801'
  Processing 'fp16_mult_41_DW01_add_2_DW01_add_574'
  Processing 'fp16_mult_42_DW01_sub_0_DW01_sub_802'
  Processing 'fp16_mult_42_DW01_add_2_DW01_add_575'
  Processing 'fp16_mult_43_DW01_sub_0_DW01_sub_803'
  Processing 'fp16_mult_43_DW01_add_2_DW01_add_576'
  Processing 'fp16_mult_44_DW01_sub_0_DW01_sub_804'
  Processing 'fp16_mult_44_DW01_add_2_DW01_add_577'
  Processing 'fp16_mult_45_DW01_sub_0_DW01_sub_805'
  Processing 'fp16_mult_45_DW01_add_2_DW01_add_578'
  Processing 'fp16_mult_46_DW01_sub_0_DW01_sub_806'
  Processing 'fp16_mult_46_DW01_add_2_DW01_add_579'
  Processing 'fp16_mult_47_DW01_sub_0_DW01_sub_807'
  Processing 'fp16_mult_47_DW01_add_2_DW01_add_580'
  Processing 'fp16_mult_48_DW01_sub_0_DW01_sub_808'
  Processing 'fp16_mult_48_DW01_add_2_DW01_add_581'
  Processing 'fp16_mult_49_DW01_sub_0_DW01_sub_809'
  Processing 'fp16_mult_49_DW01_add_2_DW01_add_582'
  Processing 'fp16_mult_50_DW01_sub_0_DW01_sub_810'
  Processing 'fp16_mult_50_DW01_add_2_DW01_add_583'
  Processing 'fp16_mult_51_DW01_sub_0_DW01_sub_811'
  Processing 'fp16_mult_51_DW01_add_2_DW01_add_584'
  Processing 'fp16_mult_52_DW01_sub_0_DW01_sub_812'
  Processing 'fp16_mult_52_DW01_add_2_DW01_add_585'
  Processing 'fp16_mult_53_DW01_sub_0_DW01_sub_813'
  Processing 'fp16_mult_53_DW01_add_2_DW01_add_586'
  Processing 'fp16_mult_54_DW01_sub_0_DW01_sub_814'
  Processing 'fp16_mult_54_DW01_add_2_DW01_add_587'
  Processing 'fp16_mult_55_DW01_sub_0_DW01_sub_815'
  Processing 'fp16_mult_55_DW01_add_2_DW01_add_588'
  Processing 'fp16_mult_56_DW01_sub_0_DW01_sub_816'
  Processing 'fp16_mult_56_DW01_add_2_DW01_add_589'
  Processing 'fp16_mult_57_DW01_sub_0_DW01_sub_817'
  Processing 'fp16_mult_57_DW01_add_2_DW01_add_590'
  Processing 'fp16_mult_58_DW01_sub_0_DW01_sub_818'
  Processing 'fp16_mult_58_DW01_add_2_DW01_add_591'
  Processing 'fp16_mult_59_DW01_sub_0_DW01_sub_819'
  Processing 'fp16_mult_59_DW01_add_2_DW01_add_592'
  Processing 'fp16_mult_60_DW01_sub_0_DW01_sub_820'
  Processing 'fp16_mult_60_DW01_add_2_DW01_add_593'
  Processing 'fp16_mult_61_DW01_sub_0_DW01_sub_821'
  Processing 'fp16_mult_61_DW01_add_2_DW01_add_594'
  Processing 'fp16_mult_62_DW01_sub_0_DW01_sub_822'
  Processing 'fp16_mult_62_DW01_add_2_DW01_add_595'
  Processing 'fp16_mult_63_DW01_sub_0_DW01_sub_823'
  Processing 'fp16_mult_63_DW01_add_2_DW01_add_596'
  Processing 'fp16_mult_0_DW01_sub_0_DW01_sub_824'
  Processing 'fp16_mult_0_DW01_add_2_DW01_add_597'
  Processing 'streaming_softmax_unit_LANES16_MAX_TOKENS2048_CONTEXTS32_DW01_add_2_DW01_add_598'
  Processing 'streaming_softmax_unit_LANES16_MAX_TOKENS2048_CONTEXTS32_DW01_dec_4_DW01_dec_7'
  Processing 'fp32_mul_0_DW01_sub_0_DW01_sub_825'
  Processing 'fp32_mul_0_DW01_add_2_DW01_add_599'
  Processing 'fp32_mul_15_DW01_sub_0_DW01_sub_826'
  Processing 'fp32_mul_15_DW01_add_2_DW01_add_600'
  Processing 'fp32_mul_14_DW01_sub_0_DW01_sub_827'
  Processing 'fp32_mul_14_DW01_add_2_DW01_add_601'
  Processing 'fp32_mul_13_DW01_sub_0_DW01_sub_828'
  Processing 'fp32_mul_13_DW01_add_2_DW01_add_602'
  Processing 'fp32_mul_12_DW01_sub_0_DW01_sub_829'
  Processing 'fp32_mul_12_DW01_add_2_DW01_add_603'
  Processing 'fp32_mul_11_DW01_sub_0_DW01_sub_830'
  Processing 'fp32_mul_11_DW01_add_2_DW01_add_604'
  Processing 'fp32_mul_10_DW01_sub_0_DW01_sub_831'
  Processing 'fp32_mul_10_DW01_add_2_DW01_add_605'
  Processing 'fp32_mul_9_DW01_sub_0_DW01_sub_832'
  Processing 'fp32_mul_9_DW01_add_2_DW01_add_606'
  Processing 'fp32_mul_8_DW01_sub_0_DW01_sub_833'
  Processing 'fp32_mul_8_DW01_add_2_DW01_add_607'
  Processing 'fp32_mul_7_DW01_sub_0_DW01_sub_834'
  Processing 'fp32_mul_7_DW01_add_2_DW01_add_608'
  Processing 'fp32_mul_6_DW01_sub_0_DW01_sub_835'
  Processing 'fp32_mul_6_DW01_add_2_DW01_add_609'
  Processing 'fp32_mul_5_DW01_sub_0_DW01_sub_836'
  Processing 'fp32_mul_5_DW01_add_2_DW01_add_610'
  Processing 'fp32_mul_4_DW01_sub_0_DW01_sub_837'
  Processing 'fp32_mul_4_DW01_add_2_DW01_add_611'
  Processing 'fp32_mul_3_DW01_sub_0_DW01_sub_838'
  Processing 'fp32_mul_3_DW01_add_2_DW01_add_612'
  Processing 'fp32_mul_2_DW01_sub_0_DW01_sub_839'
  Processing 'fp32_mul_2_DW01_add_2_DW01_add_613'
  Processing 'fp32_mul_1_DW01_sub_0_DW01_sub_840'
  Processing 'fp32_mul_1_DW01_add_2_DW01_add_614'
  Processing 'fp32_exp_1_DW01_add_1_DW01_add_615'
  Processing 'fp32_exp_1_DW02_mult_1_DW02_mult_98'
  Processing 'fp32_exp_1_DW01_add_2_DW01_add_616'
  Processing 'fp32_exp_2_DW01_add_1_DW01_add_617'
  Processing 'fp32_exp_2_DW02_mult_1_DW02_mult_99'
  Processing 'fp32_exp_2_DW01_add_2_DW01_add_618'
  Processing 'fp32_exp_3_DW01_add_1_DW01_add_619'
  Processing 'fp32_exp_3_DW02_mult_1_DW02_mult_100'
  Processing 'fp32_exp_3_DW01_add_2_DW01_add_620'
  Processing 'fp32_exp_4_DW01_add_1_DW01_add_621'
  Processing 'fp32_exp_4_DW02_mult_1_DW02_mult_101'
  Processing 'fp32_exp_4_DW01_add_2_DW01_add_622'
  Processing 'fp32_exp_5_DW01_add_1_DW01_add_623'
  Processing 'fp32_exp_5_DW02_mult_1_DW02_mult_102'
  Processing 'fp32_exp_5_DW01_add_2_DW01_add_624'
  Processing 'fp32_exp_6_DW01_add_1_DW01_add_625'
  Processing 'fp32_exp_6_DW02_mult_1_DW02_mult_103'
  Processing 'fp32_exp_6_DW01_add_2_DW01_add_626'
  Processing 'fp32_exp_7_DW01_add_1_DW01_add_627'
  Processing 'fp32_exp_7_DW02_mult_1_DW02_mult_104'
  Processing 'fp32_exp_7_DW01_add_2_DW01_add_628'
  Processing 'fp32_exp_8_DW01_add_1_DW01_add_629'
  Processing 'fp32_exp_8_DW02_mult_1_DW02_mult_105'
  Processing 'fp32_exp_8_DW01_add_2_DW01_add_630'
  Processing 'fp32_exp_9_DW01_add_1_DW01_add_631'
  Processing 'fp32_exp_9_DW02_mult_1_DW02_mult_106'
  Processing 'fp32_exp_9_DW01_add_2_DW01_add_632'
  Processing 'fp32_exp_10_DW01_add_1_DW01_add_633'
  Processing 'fp32_exp_10_DW02_mult_1_DW02_mult_107'
  Processing 'fp32_exp_10_DW01_add_2_DW01_add_634'
  Processing 'fp32_exp_11_DW01_add_1_DW01_add_635'
  Processing 'fp32_exp_11_DW02_mult_1_DW02_mult_108'
  Processing 'fp32_exp_11_DW01_add_2_DW01_add_636'
  Processing 'fp32_exp_12_DW01_add_1_DW01_add_637'
  Processing 'fp32_exp_12_DW02_mult_1_DW02_mult_109'
  Processing 'fp32_exp_12_DW01_add_2_DW01_add_638'
  Processing 'fp32_exp_13_DW01_add_1_DW01_add_639'
  Processing 'fp32_exp_13_DW02_mult_1_DW02_mult_110'
  Processing 'fp32_exp_13_DW01_add_2_DW01_add_640'
  Processing 'fp32_exp_14_DW01_add_1_DW01_add_641'
  Processing 'fp32_exp_14_DW02_mult_1_DW02_mult_111'
  Processing 'fp32_exp_14_DW01_add_2_DW01_add_642'
  Processing 'fp32_exp_15_DW01_add_1_DW01_add_643'
  Processing 'fp32_exp_15_DW02_mult_1_DW02_mult_112'
  Processing 'fp32_exp_15_DW01_add_2_DW01_add_644'
  Processing 'fp32_exp_0_DW01_add_1_DW01_add_645'
  Processing 'fp32_exp_0_DW02_mult_1_DW02_mult_113'
  Processing 'fp32_exp_0_DW01_add_2_DW01_add_646'
  Processing 'kv_scan_planner_ENTRIES32_DW01_add_2_DW01_add_647'
  Processing 'kv_scan_planner_ENTRIES32_DW02_mult_0_DW02_mult_114'

                                  TOTAL                                      
   ELAPSED            WORST NEG   SETUP    DESIGN                            
    TIME      AREA      SLACK     COST    RULE COST         ENDPOINT         
  --------- --------- --------- --------- --------- -------------------------
    0:13:35   70007.3  17475.93 34275920.0  947969.7                          
    0:13:35   70007.3  17475.93 34275920.0  947969.7                          
    0:13:35   70007.2  17475.93 34275920.0  947969.7                          

  Beginning Mapping Optimizations  (Medium effort)
  -------------------------------
LNC WARNING: Found output_to_output lib arc on HAxp5_ASAP7_75t_R.
  Mapping Optimization (Phase 1)
  Mapping Optimization (Phase 2)
  Mapping Optimization (Phase 3)

                                  TOTAL                                      
   ELAPSED            WORST NEG   SETUP    DESIGN                            
    TIME      AREA      SLACK     COST    RULE COST         ENDPOINT         
  --------- --------- --------- --------- --------- -------------------------
    0:19:15   69524.1   8983.17 27333078.0  597078.3                          
    0:19:15   69524.1   8983.17 27333078.0  597078.3                          
    0:19:15   69563.8   8983.17 27325138.0  595186.3                          
    0:19:17   69608.0   8845.99 26460272.0  612647.3                          
    0:19:20   69639.1   8825.83 26257076.0  609810.6                          
    0:19:21   69655.4   8825.83 26248042.0  608418.9                          
    0:19:25   69661.4   8825.83 26133272.0  606883.6                          
    0:19:28   69669.3   8825.83 26056520.0  606297.0                          
    0:19:28   69684.8   8825.83 24828966.0  603214.5                          
    0:19:31   69853.1   8265.04 13945967.0  384676.7                          
    0:19:33   69921.8   7414.69 13859290.0  373382.0                          
    0:19:35   70049.8   6023.20 12587459.0   11426.5                          
    0:19:37   70070.9   6023.20 12378725.0    7536.9                          
    0:19:39   70126.0   6023.20 12282045.0    7536.9                          
    0:19:40   70172.5   6023.20 12275868.0    7536.9                          
    0:19:41   70218.3   6023.20 12265896.0    7536.9                          
    0:19:42   70260.5   6023.20 12240302.0    7014.0                          
    0:19:43   70303.2   6023.20 12215268.0    6665.4                          
    0:19:44   70345.4   6023.20 12189674.0    6142.5                          
    0:19:45   70388.2   6023.20 12164640.0    5794.0                          
    0:19:46   70430.3   6023.20 12139046.0    5271.1                          
    0:20:43   71418.5   4360.21 11260224.0     620.1                          

  Beginning Delay Optimization Phase
  ----------------------------------

                                  TOTAL                                      
   ELAPSED            WORST NEG   SETUP    DESIGN                            
    TIME      AREA      SLACK     COST    RULE COST         ENDPOINT         
  --------- --------- --------- --------- --------- -------------------------
    0:20:43   71418.5   4360.21 11260224.0     620.1                          
Information: The register 'u_sfm/G[1].u1/s1_mag_u_reg[31]' is a constant and will be removed. (OPT-1206)
Information: The register 'u_sfm/G[2].u1/s1_mag_u_reg[31]' is a constant and will be removed. (OPT-1206)
Information: The register 'u_sfm/G[3].u1/s1_mag_u_reg[31]' is a constant and will be removed. (OPT-1206)
Information: The register 'u_sfm/G[4].u1/s1_mag_u_reg[31]' is a constant and will be removed. (OPT-1206)
Information: The register 'u_sfm/G[5].u1/s1_mag_u_reg[31]' is a constant and will be removed. (OPT-1206)
Information: The register 'u_sfm/G[6].u1/s1_mag_u_reg[31]' is a constant and will be removed. (OPT-1206)
Information: The register 'u_sfm/G[7].u1/s1_mag_u_reg[31]' is a constant and will be removed. (OPT-1206)
Information: The register 'u_sfm/G[8].u1/s1_mag_u_reg[31]' is a constant and will be removed. (OPT-1206)
Information: The register 'u_sfm/G[9].u1/s1_mag_u_reg[31]' is a constant and will be removed. (OPT-1206)
Information: The register 'u_sfm/G[10].u1/s1_mag_u_reg[31]' is a constant and will be removed. (OPT-1206)
Information: The register 'u_sfm/G[11].u1/s1_mag_u_reg[31]' is a constant and will be removed. (OPT-1206)
Information: The register 'u_sfm/G[12].u1/s1_mag_u_reg[31]' is a constant and will be removed. (OPT-1206)
Information: The register 'u_sfm/G[13].u1/s1_mag_u_reg[31]' is a constant and will be removed. (OPT-1206)
Information: The register 'u_sfm/G[14].u1/s1_mag_u_reg[31]' is a constant and will be removed. (OPT-1206)
Information: The register 'u_sfm/G[15].u1/s1_mag_u_reg[31]' is a constant and will be removed. (OPT-1206)
Information: The register 'u_sfm/G[0].u1/s1_mag_u_reg[31]' is a constant and will be removed. (OPT-1206)
Information: The register 'u_sfm/e_q_reg[12][31]' is a constant and will be removed. (OPT-1206)
Information: The register 'u_sfm/e_q_reg[1][31]' is a constant and will be removed. (OPT-1206)
Information: The register 'u_sfm/e_q_reg[2][31]' is a constant and will be removed. (OPT-1206)
Information: The register 'u_sfm/e_q_reg[8][31]' is a constant and will be removed. (OPT-1206)
Information: The register 'u_sfm/e_q_reg[6][31]' is a constant and will be removed. (OPT-1206)
Information: The register 'u_sfm/e_q_reg[0][31]' is a constant and will be removed. (OPT-1206)
Information: The register 'u_sfm/e_q_reg[14][31]' is a constant and will be removed. (OPT-1206)
Information: The register 'u_sfm/e_q_reg[13][31]' is a constant and will be removed. (OPT-1206)
Information: The register 'u_sfm/e_q_reg[5][31]' is a constant and will be removed. (OPT-1206)
Information: The register 'u_sfm/e_q_reg[3][31]' is a constant and will be removed. (OPT-1206)
Information: The register 'u_sfm/e_q_reg[10][31]' is a constant and will be removed. (OPT-1206)
Information: The register 'u_sfm/e_q_reg[4][31]' is a constant and will be removed. (OPT-1206)
Information: The register 'u_sfm/e_q_reg[7][31]' is a constant and will be removed. (OPT-1206)
Information: The register 'u_sfm/e_q_reg[15][31]' is a constant and will be removed. (OPT-1206)
Information: The register 'u_sfm/e_q_reg[9][31]' is a constant and will be removed. (OPT-1206)
Information: The register 'u_sfm/e_q_reg[11][31]' is a constant and will be removed. (OPT-1206)
Information: The register 'u_sfm/recip_reg[31]' is a constant and will be removed. (OPT-1206)
    0:21:47   72160.0   4301.70 10463035.0     620.1 u_sfm/gmax_reg[6]/D      
    0:21:49   72159.6   4283.59 10462456.0     620.1 u_sfm/gmax_reg[9]/D      
    0:21:51   72159.0   4272.48 10462102.0     620.1 u_sfm/gmax_reg[9]/D      
    0:21:51   72158.7   4264.63 10461851.0     620.1 u_sfm/gmax_reg[9]/D      
    0:21:53   72158.5   4259.79 10461686.0     620.1 u_sfm/gmax_reg[6]/D      
    0:21:54   72158.0   4251.11 10461416.0     620.1 u_sfm/gmax_reg[9]/D      
    0:21:56   72157.5   4234.79 10460896.0     620.1 u_sfm/gmax_reg[6]/D      
    0:21:58   72157.6   4222.67 10460504.0     620.1 u_sfm/gmax_reg[6]/D      
    0:21:59   72157.5   4212.53 10460179.0     620.1 u_sfm/gmax_reg[6]/D      
    0:22:01   72158.1   4210.05 10460104.0     620.1 u_sfm/gmax_reg[6]/D      
    0:22:01   72158.1   4209.92 10460100.0     620.1 u_sfm/gmax_reg[6]/D      
    0:22:01   72158.5   4206.48 10459990.0     620.1 u_sfm/gmax_reg[6]/D      
    0:22:03   72158.2   4197.60 10459705.0     620.1 u_sfm/gmax_reg[6]/D      
    0:22:04   72158.2   4195.98 10459655.0     620.1 u_sfm/gmax_reg[6]/D      
    0:22:05   72157.8   4193.33 10459578.0     620.1 u_sfm/gmax_reg[1]/D      
    0:22:05   72157.7   4192.44 10459545.0     620.1 u_sfm/gmax_reg[6]/D      
    0:22:06   72157.6   4190.12 10459471.0     620.1 u_sfm/gmax_reg[6]/D      
    0:22:09   72157.4   4169.40 10458808.0     620.1 u_sfm/gmax_reg[6]/D      
    0:22:09   72157.5   4164.30 10458645.0     620.1 u_sfm/gmax_reg[6]/D      
    0:22:10   72157.3   4159.95 10458505.0     620.1 u_sfm/gmax_reg[6]/D      
    0:22:11   72156.9   4142.99 10457963.0     620.1 u_sfm/gmax_reg[6]/D      
    0:22:14   72155.3   4125.46 10457402.0     620.1 u_sfm/gmax_reg[6]/D      
    0:22:16   72153.7   4117.88 10457163.0     620.1 u_sfm/gmax_reg[6]/D      
    0:22:17   72154.2   4115.01 10457071.0     620.1 u_sfm/gmax_reg[6]/D      
    0:22:17   72154.5   4113.20 10457013.0     620.1 u_sfm/gmax_reg[6]/D      
    0:22:18   72154.6   4111.21 10456949.0     620.1 u_sfm/gmax_reg[6]/D      
    0:22:20   72154.7   4106.65 10456803.0     620.1 u_sfm/gmax_reg[6]/D      
    0:22:20   72154.4   4103.61 10456707.0     620.1 u_sfm/gmax_reg[10]/D     
    0:22:21   72154.4   4102.76 10456680.0     620.1 u_sfm/gmax_reg[10]/D     
    0:22:22   72154.0   4098.19 10456534.0     620.1 u_sfm/gmax_reg[10]/D     
    0:22:23   72153.8   4097.04 10456497.0     620.1 u_sfm/gmax_reg[10]/D     
    0:22:23   72153.8   4096.14 10456468.0     620.1 u_sfm/gmax_reg[10]/D     
    0:22:24   72154.6   4092.44 10456350.0     620.1 u_sfm/gmax_reg[10]/D     
    0:22:25   72154.6   4087.50 10456192.0     620.1 u_sfm/gmax_reg[10]/D     
    0:22:26   72154.3   4084.79 10456104.0     620.1 u_sfm/gmax_reg[6]/D      
    0:22:27   72154.2   4082.45 10456029.0     620.1 u_sfm/gmax_reg[6]/D      
    0:22:28   72154.1   4078.52 10455903.0     620.1 u_sfm/gmax_reg[6]/D      
    0:22:29   72154.8   4074.77 10455783.0     620.1 u_sfm/gmax_reg[6]/D      
    0:22:29   72154.7   4071.87 10455690.0     620.1 u_sfm/gmax_reg[6]/D      
    0:22:30   72154.3   4069.39 10455612.0     620.1 u_sfm/gmax_reg[10]/D     
    0:22:32   72154.4   4060.74 10455331.0     620.1 u_sfm/gmax_reg[6]/D      
    0:22:32   72154.6   4060.24 10455319.0     620.1 u_sfm/gmax_reg[10]/D     
    0:22:34   72154.0   4056.49 10455203.0     620.1 u_sfm/gmax_reg[10]/D     
    0:22:34   72154.1   4052.64 10455077.0     620.1 u_sfm/gmax_reg[10]/D     
    0:22:35   72155.5   4050.83 10455041.0     620.1 u_sfm/gmax_reg[10]/D     
    0:22:37   72155.0   4048.40 10454956.0     620.1 u_sfm/gmax_reg[6]/D      
    0:22:37   72155.2   4046.90 10454903.0     620.1 u_sfm/gmax_reg[10]/D     
    0:22:38   72155.2   4044.30 10454820.0     620.1 u_sfm/gmax_reg[6]/D      
    0:22:39   72155.2   4039.63 10454670.0     620.1 u_sfm/gmax_reg[6]/D      
    0:22:39   72155.2   4039.44 10454664.0     620.1 u_sfm/gmax_reg[6]/D      
    0:22:40   72155.2   4037.29 10454596.0     620.1 u_sfm/gmax_reg[6]/D      
    0:22:41   72155.1   4033.62 10454478.0     620.1 u_sfm/gmax_reg[6]/D      
    0:22:41   72155.2   4033.01 10454458.0     620.1 u_sfm/gmax_reg[6]/D      
    0:22:42   72156.9   4029.65 10454351.0     620.1 u_sfm/gmax_reg[6]/D      
    0:22:43   72157.6   4027.39 10454279.0     620.1 u_sfm/gmax_reg[6]/D      
    0:22:45   72157.2   4023.34 10454155.0     620.1 u_sfm/gmax_reg[6]/D      
    0:22:45   72157.1   4022.89 10454141.0     620.1 u_sfm/gmax_reg[10]/D     
    0:22:46   72157.0   4022.07 10454115.0     620.1 u_sfm/gmax_reg[10]/D     
    0:22:46   72158.0   4020.56 10454066.0     620.1 u_sfm/gmax_reg[6]/D      
    0:22:47   72157.8   4019.45 10454031.0     620.1 u_sfm/gmax_reg[6]/D      
    0:22:47   72157.8   4018.71 10454007.0     620.1 u_sfm/gmax_reg[6]/D      
    0:22:48   72159.5   4015.60 10453908.0     620.1 u_sfm/gmax_reg[6]/D      
    0:22:49   72159.4   4014.65 10453877.0     620.1 u_sfm/gmax_reg[6]/D      
    0:22:50   72159.6   4012.44 10453803.0     620.1 u_sfm/gmax_reg[10]/D     
    0:22:51   72160.1   4008.41 10453679.0     620.1 u_sfm/gmax_reg[6]/D      
    0:22:52   72160.0   4007.30 10453640.0     620.1 u_sfm/gmax_reg[6]/D      
    0:22:52   72160.1   4007.05 10453634.0     620.1 u_sfm/gmax_reg[6]/D      
    0:22:54   72159.8   4000.38 10453418.0     620.1 u_sfm/gmax_reg[6]/D      
    0:22:54   72159.9   3999.54 10453391.0     620.1 u_sfm/gmax_reg[6]/D      
    0:22:55   72160.0   3998.90 10453370.0     620.1 u_sfm/gmax_reg[6]/D      
    0:22:56   72160.0   3998.64 10453364.0     620.1 u_sfm/gmax_reg[10]/D     
    0:22:56   72158.8   3996.12 10453283.0     620.1 u_sfm/gmax_reg[10]/D     
    0:22:57   72158.7   3994.43 10453230.0     515.8 u_sfm/gmax_reg[10]/D     
    0:22:59   72157.0   3991.67 10453141.0     515.8 u_sfm/gmax_reg[10]/D     
    0:23:00   72157.0   3991.09 10453124.0     515.8 u_sfm/gmax_reg[10]/D     
    0:23:00   72157.0   3990.17 10453094.0     515.8 u_sfm/gmax_reg[10]/D     
    0:23:01   72157.0   3989.84 10453086.0     515.8 u_sfm/gmax_reg[10]/D     
    0:23:02   72157.0   3987.02 10452996.0     515.8 u_sfm/gmax_reg[10]/D     
    0:23:03   72157.1   3986.80 10452989.0     515.8 u_sfm/gmax_reg[10]/D     
    0:23:04   72157.1   3985.88 10452960.0     515.8 u_sfm/gmax_reg[10]/D     
    0:23:04   72157.2   3985.35 10452943.0     515.8 u_sfm/gmax_reg[10]/D     
    0:23:05   72157.2   3984.59 10452918.0     515.8 u_sfm/gmax_reg[10]/D     
    0:23:05   72157.3   3983.52 10452884.0     515.8 u_sfm/gmax_reg[10]/D     
    0:23:06   72157.1   3980.62 10452785.0     515.8 u_sfm/gmax_reg[10]/D     
    0:23:07   72157.3   3979.51 10452750.0     515.8 u_sfm/gmax_reg[10]/D     
    0:23:08   72157.4   3978.44 10452716.0     515.8 u_sfm/gmax_reg[10]/D     
    0:23:08   72157.3   3977.57 10452666.0     515.8 u_sfm/gmax_reg[10]/D     
    0:23:08   72157.2   3977.31 10452658.0     515.8 u_sfm/gmax_reg[6]/D      
    0:23:09   72157.2   3977.21 10452654.0     515.8 u_sfm/gmax_reg[6]/D      
    0:23:09   72157.2   3975.89 10452612.0     515.8 u_sfm/gmax_reg[6]/D      
    0:23:10   72157.2   3973.20 10452526.0     515.8 u_sfm/gmax_reg[6]/D      
    0:23:10   72157.1   3972.17 10452493.0     515.8 u_sfm/gmax_reg[6]/D      
    0:23:11   72157.3   3971.41 10452469.0     515.8 u_sfm/gmax_reg[6]/D      
    0:23:11   72157.1   3969.59 10452411.0     515.8 u_sfm/gmax_reg[6]/D      
    0:23:12   72157.2   3968.10 10452363.0     515.8 u_sfm/gmax_reg[6]/D      
    0:23:12   72157.7   3966.83 10452324.0     515.8 u_sfm/gmax_reg[6]/D      
    0:23:13   72157.7   3966.54 10452314.0     515.8 u_sfm/gmax_reg[6]/D      
    0:23:13   72157.7   3965.40 10452278.0     515.8 u_sfm/gmax_reg[6]/D      
    0:23:14   72157.7   3963.83 10452228.0     515.8 u_sfm/gmax_reg[6]/D      
    0:23:15   72157.5   3962.62 10452189.0     515.8 u_sfm/gmax_reg[6]/D      
    0:23:15   72158.2   3961.38 10452158.0     515.8 u_sfm/gmax_reg[6]/D      
    0:23:16   72158.3   3960.76 10452144.0     515.8 u_sfm/gmax_reg[6]/D      
    0:23:17   72158.1   3959.10 10452092.0     515.8 u_sfm/gmax_reg[6]/D      
    0:23:18   72157.5   3957.83 10452051.0     515.8 u_sfm/gmax_reg[6]/D      
    0:23:18   72157.5   3957.23 10452031.0     515.8 u_sfm/gmax_reg[6]/D      
    0:23:18   72158.0   3956.81 10452018.0     515.8 u_sfm/gmax_reg[6]/D      
    0:23:19   72157.9   3954.12 10451933.0     515.8 u_sfm/gmax_reg[6]/D      
    0:23:20   72157.8   3953.70 10451919.0     515.8 u_sfm/gmax_reg[6]/D      
    0:23:20   72157.5   3953.35 10451907.0     515.8 u_sfm/gmax_reg[6]/D      
    0:23:20   72157.5   3952.20 10451870.0     515.8 u_sfm/gmax_reg[6]/D      
    0:23:21   72157.5   3949.39 10451780.0     515.8 u_sfm/gmax_reg[6]/D      
    0:23:22   72157.4   3949.35 10451779.0     515.8 u_sfm/gmax_reg[6]/D      
    0:23:22   72157.3   3948.63 10451755.0     515.8 u_sfm/gmax_reg[6]/D      
    0:23:23   72157.4   3947.02 10451704.0     515.8 u_sfm/gmax_reg[6]/D      
    0:23:24   72157.6   3944.53 10451620.0     515.8 u_sfm/gmax_reg[6]/D      
    0:23:24   72157.7   3942.98 10451573.0     515.8 u_sfm/gmax_reg[6]/D      
    0:23:25   72158.8   3942.45 10451559.0     515.8 u_sfm/gmax_reg[6]/D      
    0:23:25   72159.3   3942.34 10451556.0     515.8 u_sfm/gmax_reg[6]/D      
    0:23:26   72159.5   3942.36 10451556.0     515.8 u_sfm/gmax_reg[6]/D      
    0:23:26   72159.2   3941.86 10451540.0     515.8 u_sfm/gmax_reg[6]/D      
    0:23:27   72159.3   3940.86 10451507.0     515.8 u_sfm/gmax_reg[6]/D      
    0:23:28   72159.2   3939.68 10451469.0     515.8 u_sfm/gmax_reg[6]/D      
    0:23:29   72159.4   3938.72 10451438.0     528.4 u_sfm/gmax_reg[6]/D      
    0:23:30   72159.7   3935.95 10451350.0     528.4 u_sfm/gmax_reg[6]/D      
    0:23:30   72159.7   3935.66 10451341.0     528.4 u_sfm/gmax_reg[6]/D      
    0:23:30   72159.7   3934.85 10451316.0     528.4 u_sfm/gmax_reg[6]/D      
    0:23:31   72160.3   3933.30 10451265.0     528.4 u_sfm/gmax_reg[6]/D      
    0:23:31   72160.8   3931.93 10451221.0     528.4 u_sfm/gmax_reg[6]/D      
    0:23:32   72161.3   3930.61 10451179.0     528.4 u_sfm/gmax_reg[6]/D      
    0:23:33   72161.3   3928.65 10451125.0     528.4 u_sfm/gmax_reg[6]/D      
    0:23:34   72161.1   3928.33 10451114.0     528.4 u_sfm/gmax_reg[6]/D      
    0:23:35   72161.2   3926.87 10451068.0     528.4 u_sfm/gmax_reg[6]/D      
    0:23:35   72161.2   3926.72 10451063.0     528.4 u_sfm/gmax_reg[6]/D      
    0:23:36   72161.0   3925.48 10451018.0     528.4 u_sfm/gmax_reg[6]/D      
    0:23:36   72161.0   3924.75 10451000.0     528.4 u_sfm/gmax_reg[6]/D      
    0:23:37   72161.1   3923.51 10450961.0     528.4 u_sfm/gmax_reg[11]/D     
    0:23:37   72161.2   3922.56 10450923.0     528.4 u_sfm/gmax_reg[6]/D      
    0:23:38   72161.2   3921.48 10450884.0     528.4 u_sfm/gmax_reg[6]/D      
    0:23:39   72161.4   3921.20 10450870.0     528.4 u_sfm/gmax_reg[28]/D     
    0:23:39   72162.2   3920.74 10450859.0     528.4 u_sfm/gmax_reg[6]/D      
    0:23:41   72162.4   3919.57 10450821.0     528.4 u_sfm/gmax_reg[28]/D     
    0:23:42   72162.3   3918.61 10450793.0     528.4 u_sfm/gmax_reg[6]/D      
    0:23:43   72162.9   3917.80 10450771.0     528.4 u_sfm/gmax_reg[28]/D     
    0:23:44   72162.8   3917.40 10450758.0     528.4 u_sfm/gmax_reg[6]/D      
    0:23:44   72163.4   3917.09 10450748.0     528.4 u_sfm/gmax_reg[28]/D     
    0:23:44   72163.3   3916.52 10450730.0     528.4 u_sfm/gmax_reg[6]/D      
    0:23:45   72164.4   3915.11 10450685.0     528.4 u_sfm/gmax_reg[6]/D      
    0:23:45   72164.4   3914.44 10450664.0     528.4 u_sfm/gmax_reg[6]/D      
    0:23:46   72165.8   3913.25 10450625.0     528.4 u_sfm/gmax_reg[6]/D      
    0:23:47   72165.7   3911.81 10450577.0     528.4 u_sfm/gmax_reg[6]/D      
    0:23:47   72165.9   3908.81 10450482.0     528.4 u_sfm/gmax_reg[6]/D      
    0:23:48   72165.9   3908.27 10450466.0     528.4 u_sfm/gmax_reg[6]/D      
    0:23:48   72166.1   3907.46 10450441.0     528.4 u_sfm/gmax_reg[6]/D      
    0:23:49   72166.2   3906.29 10450399.0     528.4 u_sfm/gmax_reg[6]/D      
    0:23:49   72166.2   3906.04 10450393.0     528.4 u_sfm/gmax_reg[28]/D     
    0:23:50   72166.2   3904.81 10450353.0     528.4 u_sfm/gmax_reg[28]/D     
    0:23:51   72166.5   3903.09 10450298.0     528.4 u_sfm/gmax_reg[28]/D     
    0:23:51   72167.1   3902.54 10450281.0     528.4 u_sfm/gmax_reg[28]/D     
    0:23:51   72167.4   3901.93 10450261.0     528.4 u_sfm/gmax_reg[28]/D     
    0:23:52   72167.2   3900.84 10450227.0     528.4 u_sfm/gmax_reg[28]/D     
    0:23:52   72167.2   3900.79 10450226.0     528.4 u_sfm/gmax_reg[28]/D     
    0:23:53   72167.1   3900.09 10450204.0     528.4 u_sfm/gmax_reg[28]/D     
    0:23:53   72167.3   3898.86 10450164.0     528.4 u_sfm/gmax_reg[28]/D     
    0:23:54   72167.4   3897.82 10450131.0     528.4 u_sfm/gmax_reg[28]/D     
    0:23:54   72167.6   3897.26 10450113.0     528.4 u_sfm/gmax_reg[28]/D     
    0:23:54   72167.6   3897.23 10450112.0     528.4 u_sfm/gmax_reg[28]/D     
    0:23:55   72167.4   3896.45 10450087.0     528.4 u_sfm/gmax_reg[28]/D     
    0:23:56   72167.5   3893.94 10450008.0     528.4 u_sfm/gmax_reg[28]/D     
    0:23:56   72167.8   3893.27 10449994.0     528.4 u_sfm/gmax_reg[28]/D     
    0:23:57   72167.9   3892.41 10449964.0     528.4 u_sfm/gmax_reg[28]/D     
    0:23:58   72168.1   3891.39 10449931.0     528.4 u_sfm/gmax_reg[28]/D     
    0:23:59   72168.2   3891.04 10449920.0     528.4 u_sfm/gmax_reg[28]/D     
    0:23:59   72168.4   3890.62 10449906.0     528.4 u_sfm/gmax_reg[28]/D     
    0:23:59   72168.4   3890.41 10449893.0     528.4 u_sfm/gmax_reg[28]/D     
    0:24:00   72168.4   3889.94 10449884.0     528.4 u_sfm/gmax_reg[28]/D     
    0:24:00   72168.6   3889.00 10449854.0     528.4 u_sfm/gmax_reg[28]/D     
    0:24:01   72168.5   3888.45 10449833.0     528.4 u_sfm/gmax_reg[28]/D     
    0:24:01   72168.6   3887.73 10449814.0     528.4 u_sfm/gmax_reg[28]/D     
    0:24:02   72168.6   3886.71 10449781.0     528.4 u_sfm/gmax_reg[28]/D     
    0:24:02   72168.3   3886.32 10449769.0     528.4 u_sfm/gmax_reg[28]/D     
    0:24:02   72168.2   3886.16 10449764.0     528.4 u_sfm/gmax_reg[28]/D     
    0:24:03   72168.2   3885.89 10449755.0     528.4 u_sfm/gmax_reg[28]/D     
    0:24:03   72168.1   3885.08 10449733.0     528.4 u_sfm/gmax_reg[28]/D     
    0:24:04   72168.3   3884.46 10449713.0     528.4 u_sfm/gmax_reg[28]/D     
    0:24:04   72168.3   3884.26 10449703.0     528.4 u_sfm/gmax_reg[28]/D     
    0:24:05   72168.2   3884.19 10449700.0     528.4 u_sfm/gmax_reg[28]/D     
    0:24:05   72168.3   3884.10 10449697.0     528.4 u_sfm/gmax_reg[28]/D     
    0:24:05   72168.3   3883.73 10449686.0     528.4 u_sfm/gmax_reg[28]/D     
    0:24:06   72168.6   3879.51 10449551.0     528.4 u_sfm/gmax_reg[28]/D     
    0:24:06   72168.6   3879.04 10449536.0     528.4 u_sfm/gmax_reg[28]/D     
    0:24:06   72168.8   3877.24 10449476.0     528.4 u_sfm/gmax_reg[28]/D     
    0:24:07   72169.7   3875.90 10449435.0     528.4 u_sfm/gmax_reg[28]/D     
    0:24:08   72169.7   3875.52 10449423.0     528.4 u_sfm/gmax_reg[28]/D     
    0:24:08   72169.6   3874.37 10449386.0     528.4 u_sfm/gmax_reg[28]/D     
    0:24:09   72169.5   3874.08 10449377.0     528.4 u_sfm/gmax_reg[28]/D     
    0:24:09   72169.5   3873.89 10449374.0     528.4 u_sfm/gmax_reg[13]/D     
    0:24:09   72169.5   3873.66 10449364.0     528.4 u_sfm/gmax_reg[28]/D     
    0:24:10   72169.4   3872.49 10449326.0     528.4 u_sfm/gmax_reg[28]/D     
    0:24:10   72169.4   3872.00 10449310.0     528.4 u_sfm/gmax_reg[28]/D     
    0:24:10   72169.4   3871.34 10449289.0     528.4 u_sfm/gmax_reg[28]/D     
    0:24:11   72169.4   3870.77 10449271.0     528.4 u_sfm/gmax_reg[28]/D     
    0:24:11   72169.3   3870.72 10449270.0     528.4 u_sfm/gmax_reg[28]/D     
    0:24:11   72169.3   3870.46 10449261.0     528.4 u_sfm/gmax_reg[28]/D     
    0:24:12   72169.2   3869.95 10449245.0     528.4 u_sfm/gmax_reg[28]/D     
    0:24:12   72169.1   3869.20 10449221.0     528.4 u_sfm/gmax_reg[28]/D     
    0:24:13   72169.1   3868.87 10449205.0     528.4 u_sfm/gmax_reg[28]/D     
    0:24:13   72169.0   3867.88 10449180.0     528.4 u_sfm/gmax_reg[28]/D     
    0:24:14   72169.0   3867.63 10449172.0     528.4 u_sfm/gmax_reg[28]/D     
    0:24:14   72169.0   3866.59 10449137.0     528.4 u_sfm/gmax_reg[28]/D     
    0:24:15   72168.9   3866.18 10449124.0     528.4 u_sfm/gmax_reg[28]/D     
    0:24:15   72168.9   3866.03 10449120.0     528.4 u_sfm/gmax_reg[28]/D     
    0:24:16   72168.9   3865.37 10449098.0     528.4 u_sfm/gmax_reg[28]/D     
    0:24:16   72168.9   3864.82 10449081.0     528.4 u_sfm/gmax_reg[28]/D     
    0:24:17   72168.9   3864.49 10449070.0     528.4 u_sfm/gmax_reg[28]/D     
    0:24:17   72168.7   3864.36 10449066.0     528.4 u_sfm/gmax_reg[28]/D     
    0:24:18   72168.7   3864.11 10449058.0     528.4 u_sfm/gmax_reg[28]/D     
    0:24:18   72168.8   3863.74 10449046.0     528.4 u_sfm/gmax_reg[28]/D     
    0:24:19   72168.7   3863.55 10449040.0     528.4 u_sfm/gmax_reg[28]/D     
    0:24:19   72168.8   3862.50 10449007.0     528.4 u_sfm/gmax_reg[28]/D     
    0:24:19   72168.9   3862.00 10448992.0     528.4 u_sfm/gmax_reg[13]/D     
    0:24:20   72168.9   3859.74 10448918.0     528.4 u_sfm/gmax_reg[28]/D     
    0:24:21   72169.0   3859.53 10448913.0     528.4 u_sfm/gmax_reg[13]/D     
    0:24:21   72168.8   3859.28 10448905.0     528.4 u_sfm/gmax_reg[13]/D     
    0:24:22   72169.1   3857.67 10448854.0     528.4 u_sfm/gmax_reg[13]/D     
    0:24:23   72169.2   3856.35 10448811.0     528.4 u_sfm/gmax_reg[13]/D     
    0:24:23   72169.1   3855.66 10448789.0     528.4 u_sfm/gmax_reg[13]/D     
    0:24:24   72169.2   3854.89 10448764.0     528.4 u_sfm/gmax_reg[13]/D     
    0:24:24   72169.2   3854.13 10448740.0     528.4 u_sfm/gmax_reg[13]/D     
    0:24:25   72169.6   3853.47 10448720.0     528.4 u_sfm/gmax_reg[13]/D     
    0:24:25   72169.7   3853.14 10448706.0     528.4 u_sfm/gmax_reg[13]/D     
    0:24:25   72169.7   3852.86 10448697.0     528.4 u_sfm/gmax_reg[13]/D     
    0:24:27   72169.6   3851.51 10448654.0     528.4 u_sfm/gmax_reg[13]/D     
    0:24:27   72169.6   3849.99 10448605.0     528.4 u_sfm/gmax_reg[13]/D     
    0:24:27   72169.5   3849.82 10448600.0     528.4 u_sfm/gmax_reg[13]/D     
    0:24:28   72169.6   3849.40 10448587.0     528.4 u_sfm/gmax_reg[13]/D     
    0:24:29   72169.6   3849.29 10448583.0     528.4 u_sfm/gmax_reg[13]/D     
    0:24:29   72169.5   3848.78 10448568.0     528.4 u_sfm/gmax_reg[13]/D     
    0:24:30   72169.5   3848.30 10448553.0     528.4 u_sfm/gmax_reg[13]/D     
    0:24:30   72169.6   3846.32 10448490.0     528.4 u_sfm/gmax_reg[13]/D     
    0:24:30   72169.6   3846.22 10448487.0     528.4 u_sfm/gmax_reg[13]/D     
    0:24:31   72170.1   3846.01 10448480.0     528.4 u_sfm/gmax_reg[13]/D     
    0:24:32   72170.2   3845.78 10448473.0     528.4 u_sfm/gmax_reg[13]/D     
    0:24:32   72170.2   3845.39 10448460.0     528.4 u_sfm/gmax_reg[13]/D     
    0:24:32   72170.3   3844.47 10448430.0     528.4 u_sfm/gmax_reg[13]/D     
    0:24:33   72170.2   3844.38 10448427.0     528.4 u_sfm/gmax_reg[13]/D     
    0:24:33   72170.2   3844.08 10448418.0     528.4 u_sfm/gmax_reg[13]/D     
    0:24:33   72170.2   3843.49 10448400.0     528.4 u_sfm/gmax_reg[13]/D     
    0:24:34   72170.2   3843.15 10448390.0     528.4 u_sfm/gmax_reg[13]/D     
    0:24:34   72170.3   3842.81 10448379.0     528.4 u_sfm/gmax_reg[13]/D     
    0:24:35   72169.9   3841.75 10448344.0     528.4 u_sfm/gmax_reg[13]/D     
    0:24:35   72169.9   3840.74 10448314.0     528.4 u_sfm/gmax_reg[13]/D     
    0:24:36   72170.0   3840.50 10448306.0     528.4 u_sfm/gmax_reg[13]/D     
    0:24:36   72170.3   3840.22 10448294.0     528.4 u_sfm/gmax_reg[13]/D     
    0:24:36   72170.2   3839.67 10448276.0     528.4 u_sfm/gmax_reg[13]/D     
    0:24:37   72172.3   3838.17 10448228.0     528.4 u_sfm/gmax_reg[13]/D     
    0:24:38   72172.3   3837.29 10448201.0     528.4 u_sfm/gmax_reg[13]/D     
    0:24:38   72172.4   3836.79 10448185.0     528.4 u_sfm/gmax_reg[13]/D     
    0:24:39   72172.3   3836.36 10448171.0     528.4 u_sfm/gmax_reg[13]/D     
    0:24:40   72172.0   3834.76 10448120.0     528.4 u_sfm/gmax_reg[13]/D     
    0:24:41   72172.1   3834.38 10448108.0     528.4 u_sfm/gmax_reg[13]/D     
    0:24:41   72171.9   3833.79 10448090.0     528.4 u_sfm/gmax_reg[13]/D     
    0:24:42   72172.5   3831.40 10448016.0     528.4 u_sfm/gmax_reg[13]/D     
    0:24:42   72172.6   3830.71 10447995.0     528.4 u_sfm/gmax_reg[13]/D     
    0:24:43   72172.7   3830.30 10447982.0     528.4 u_sfm/gmax_reg[13]/D     
    0:24:43   72172.6   3828.70 10447932.0     528.4 u_sfm/gmax_reg[13]/D     
    0:24:44   72172.7   3827.81 10447895.0     528.4 u_sfm/gmax_reg[28]/D     
    0:24:45   72172.8   3826.72 10447869.0     528.4 u_sfm/gmax_reg[13]/D     
    0:24:46   72172.7   3826.08 10447841.0     528.4 u_sfm/gmax_reg[13]/D     
    0:24:46   72172.7   3826.01 10447840.0     528.4 u_sfm/gmax_reg[28]/D     
    0:24:46   72172.6   3825.67 10447832.0     528.4 u_sfm/gmax_reg[28]/D     
    0:24:47   72172.6   3824.83 10447805.0     528.4 u_sfm/gmax_reg[28]/D     
    0:24:47   72173.1   3824.36 10447795.0     528.4 u_sfm/gmax_reg[28]/D     
    0:24:48   72173.1   3823.75 10447775.0     528.4 u_sfm/gmax_reg[28]/D     
    0:24:49   72173.1   3822.86 10447743.0     528.4 u_sfm/gmax_reg[28]/D     
    0:24:50   72173.0   3822.22 10447721.0     528.4 u_sfm/gmax_reg[13]/D     
    0:24:50   72173.0   3822.14 10447718.0     528.4 u_sfm/gmax_reg[13]/D     
    0:24:51   72172.9   3821.96 10447713.0     528.4 u_sfm/gmax_reg[13]/D     
    0:24:51   72172.9   3821.47 10447697.0     528.4 u_sfm/gmax_reg[13]/D     
    0:24:52   72172.9   3821.27 10447690.0     528.4 u_sfm/gmax_reg[13]/D     
    0:24:52   72172.9   3821.21 10447689.0     528.4 u_sfm/gmax_reg[13]/D     
    0:24:53   72173.0   3820.93 10447680.0     528.4 u_sfm/gmax_reg[13]/D     
    0:24:54   72172.9   3820.40 10447663.0     528.4 u_sfm/gmax_reg[13]/D     
    0:24:54   72173.0   3820.04 10447645.0     528.4 u_sfm/gmax_reg[28]/D     
    0:24:55   72173.1   3818.86 10447614.0     528.4 u_sfm/gmax_reg[13]/D     
    0:24:55   72173.1   3816.48 10447537.0     528.4 u_sfm/gmax_reg[13]/D     
    0:24:56   72173.2   3814.27 10447467.0     528.4 u_sfm/gmax_reg[28]/D     
    0:24:57   72173.3   3813.30 10447436.0     528.4 u_sfm/gmax_reg[13]/D     
    0:24:57   72173.4   3812.79 10447419.0     528.4 u_sfm/gmax_reg[13]/D     
    0:24:58   72173.7   3811.88 10447390.0     528.4 u_sfm/gmax_reg[28]/D     
    0:24:58   72173.9   3809.74 10447322.0     528.4 u_sfm/gmax_reg[13]/D     
    0:24:59   72175.3   3808.90 10447295.0     528.4 u_sfm/gmax_reg[28]/D     
    0:24:59   72175.3   3808.29 10447275.0     528.4 u_sfm/gmax_reg[28]/D     
    0:25:00   72175.5   3806.94 10447232.0      51.9 u_sfm/gmax_reg[28]/D     
    0:25:00   72175.7   3805.96 10447200.0      51.9 u_sfm/gmax_reg[28]/D     
    0:25:01   72176.8   3804.70 10447161.0      51.9 u_sfm/gmax_reg[13]/D     
    0:25:02   72176.8   3804.55 10447156.0      51.9 u_sfm/gmax_reg[13]/D     
    0:25:02   72176.9   3803.89 10447108.0      51.9 u_sfm/gmax_reg[28]/D     
    0:25:03   72177.0   3802.31 10447082.0      51.9 u_sfm/gmax_reg[9]/D      
    0:25:03   72177.3   3800.73 10447031.0      51.9 u_sfm/gmax_reg[9]/D      
    0:25:04   72177.4   3800.06 10447011.0      51.9 u_sfm/gmax_reg[9]/D      
    0:25:04   72177.5   3798.63 10446965.0      51.9 u_sfm/gmax_reg[9]/D      
    0:25:05   72177.5   3797.73 10446936.0      51.9 u_sfm/gmax_reg[9]/D      
    0:25:05   72177.5   3797.15 10446917.0      51.9 u_sfm/gmax_reg[9]/D      
    0:25:06   72177.6   3796.07 10446883.0      51.9 u_sfm/gmax_reg[9]/D      
    0:25:06   72177.6   3795.09 10446851.0      51.9 u_sfm/gmax_reg[9]/D      
    0:25:07   72177.7   3793.85 10446812.0      51.9 u_sfm/gmax_reg[9]/D      
    0:25:08   72177.9   3792.69 10446775.0      51.9 u_sfm/gmax_reg[9]/D      
    0:25:08   72177.9   3791.10 10446724.0      51.9 u_sfm/gmax_reg[9]/D      
    0:25:09   72178.0   3788.56 10446642.0      51.9 u_sfm/gmax_reg[9]/D      
    0:25:10   72178.0   3786.44 10446575.0      51.9 u_sfm/gmax_reg[9]/D      
    0:25:10   72178.2   3785.00 10446531.0      51.9 u_sfm/gmax_reg[9]/D      
    0:25:11   72178.4   3784.58 10446518.0      51.9 u_sfm/gmax_reg[28]/D     
    0:25:11   72178.4   3784.13 10446503.0      51.9 u_sfm/gmax_reg[28]/D     
    0:25:12   72178.4   3783.28 10446476.0      51.9 u_sfm/gmax_reg[28]/D     
    0:25:12   72178.3   3781.76 10446439.0      51.9 u_sfm/gmax_reg[28]/D     
    0:25:13   72180.0   3781.24 10446423.0      51.9 u_sfm/gmax_reg[28]/D     
    0:25:14   72180.0   3779.61 10446372.0      51.9 u_sfm/gmax_reg[9]/D      
    0:25:14   72180.0   3778.93 10446349.0      51.9 u_sfm/gmax_reg[9]/D      
    0:25:15   72179.4   3777.93 10446318.0      51.9 u_sfm/gmax_reg[9]/D      
    0:25:16   72179.6   3775.67 10446240.0      51.9 u_sfm/gmax_reg[28]/D     
    0:25:16   72179.6   3773.72 10446177.0      51.9 u_sfm/gmax_reg[28]/D     
    0:25:17   72179.7   3773.27 10446163.0      51.9 u_sfm/gmax_reg[28]/D     
    0:25:17   72179.7   3772.13 10446126.0      51.9 u_sfm/gmax_reg[28]/D     
    0:25:18   72179.8   3771.21 10446097.0      51.9 u_sfm/gmax_reg[28]/D     
    0:25:18   72180.0   3771.16 10446095.0      51.9 u_sfm/gmax_reg[28]/D     
    0:25:19   72180.0   3771.04 10446091.0      51.9 u_sfm/gmax_reg[28]/D     
    0:25:20   72180.1   3770.26 10446070.0      51.9 u_sfm/gmax_reg[28]/D     
    0:25:20   72180.6   3769.62 10446050.0      51.9 u_sfm/gmax_reg[28]/D     
    0:25:21   72180.8   3769.11 10446034.0      51.9 u_sfm/gmax_reg[28]/D     
    0:25:21   72180.9   3768.65 10446019.0      51.9 u_sfm/gmax_reg[28]/D     
    0:25:21   72180.9   3768.63 10446019.0      51.9 u_sfm/gmax_reg[28]/D     
    0:25:22   72180.9   3768.03 10446000.0      51.9 u_sfm/gmax_reg[28]/D     
    0:25:23   72180.9   3767.82 10445992.0      51.9 u_sfm/gmax_reg[28]/D     
    0:25:23   72180.9   3766.88 10445962.0      51.9 u_sfm/gmax_reg[28]/D     
    0:25:24   72181.2   3766.53 10445952.0      51.9 u_sfm/gmax_reg[28]/D     
    0:25:25   72181.4   3765.89 10445931.0      51.9 u_sfm/gmax_reg[28]/D     
    0:25:25   72181.3   3765.40 10445916.0      51.9 u_sfm/gmax_reg[28]/D     
    0:25:26   72181.2   3764.67 10445893.0      51.9 u_sfm/gmax_reg[28]/D     
    0:25:26   72181.0   3764.38 10445884.0      51.9 u_sfm/gmax_reg[28]/D     
    0:25:27   72181.1   3763.73 10445864.0      51.9 u_sfm/gmax_reg[28]/D     
    0:25:28   72181.2   3763.66 10445862.0      51.9 u_sfm/gmax_reg[28]/D     
    0:25:28   72181.2   3763.28 10445850.0      51.9 u_sfm/gmax_reg[28]/D     
    0:25:29   72181.2   3762.95 10445840.0      51.9 u_sfm/gmax_reg[28]/D     
    0:25:30   72181.1   3762.60 10445828.0      51.9 u_sfm/gmax_reg[28]/D     
    0:25:30   72181.1   3762.46 10445824.0      51.9 u_sfm/gmax_reg[9]/D      
    0:25:30   72180.9   3762.18 10445815.0      51.9 u_sfm/gmax_reg[9]/D      
    0:25:31   72181.1   3761.60 10445796.0      51.9 u_sfm/gmax_reg[9]/D      
    0:25:31   72180.5   3760.89 10445773.0      51.9 u_sfm/gmax_reg[9]/D      
    0:25:32   72180.7   3760.32 10445755.0      51.9 u_sfm/gmax_reg[9]/D      
    0:25:33   72179.0   3760.15 10445750.0      51.9 u_sfm/gmax_reg[9]/D      
    0:25:33   72179.0   3759.53 10445730.0      51.9 u_sfm/gmax_reg[9]/D      
    0:25:33   72179.0   3759.30 10445722.0      51.9 u_sfm/gmax_reg[9]/D      
    0:25:34   72179.0   3759.05 10445711.0      51.9 u_sfm/gmax_reg[28]/D     
    0:25:34   72179.1   3758.69 10445705.0      51.9 u_sfm/gmax_reg[28]/D     
    0:25:35   72179.1   3758.36 10445694.0      51.9 u_sfm/gmax_reg[28]/D     
    0:25:36   72179.3   3757.45 10445665.0      51.9 u_sfm/gmax_reg[28]/D     
    0:25:36   72179.3   3757.38 10445663.0      51.9 u_sfm/gmax_reg[28]/D     
    0:25:37   72179.3   3756.87 10445647.0      51.9 u_sfm/gmax_reg[28]/D     
    0:25:37   72179.9   3755.77 10445611.0      51.9 u_sfm/gmax_reg[28]/D     
    0:25:38   72180.0   3754.42 10445568.0      51.9 u_sfm/gmax_reg[28]/D     
    0:25:38   72180.2   3753.83 10445549.0      51.9 u_sfm/gmax_reg[28]/D     
    0:25:39   72180.2   3753.23 10445529.0      51.9 u_sfm/gmax_reg[28]/D     
    0:25:39   72180.3   3752.74 10445514.0      51.9 u_sfm/gmax_reg[9]/D      
    0:25:40   72180.3   3752.18 10445496.0      51.9 u_sfm/gmax_reg[9]/D      
    0:25:40   72180.3   3751.37 10445469.0      51.9 u_sfm/gmax_reg[9]/D      
    0:25:41   72180.8   3750.95 10445456.0      51.9 u_sfm/gmax_reg[9]/D      
    0:25:42   72181.0   3750.17 10445431.0      51.9 u_sfm/gmax_reg[9]/D      
    0:25:43   72181.1   3749.13 10445398.0      51.9 u_sfm/gmax_reg[9]/D      
    0:25:43   72182.3   3748.50 10445378.0      51.9 u_sfm/gmax_reg[9]/D      
    0:25:44   72183.0   3747.54 10445347.0      51.9 u_sfm/gmax_reg[9]/D      
    0:25:44   72183.1   3747.05 10445331.0      51.9 u_sfm/gmax_reg[9]/D      
    0:25:45   72183.2   3746.98 10445329.0      51.9 u_sfm/gmax_reg[9]/D      
    0:25:46   72183.2   3746.84 10445324.0      51.9 u_sfm/gmax_reg[9]/D      
    0:25:46   72183.1   3746.23 10445305.0      51.9 u_sfm/gmax_reg[9]/D      
    0:25:47   72183.1   3745.30 10445275.0      51.9 u_sfm/gmax_reg[9]/D      
    0:25:47   72183.2   3744.82 10445260.0      51.9 u_sfm/gmax_reg[9]/D      
    0:25:48   72184.4   3744.06 10445235.0      51.9 u_sfm/gmax_reg[9]/D      
    0:25:48   72184.4   3743.19 10445204.0      51.9 u_sfm/gmax_reg[9]/D      
    0:25:49   72184.5   3739.46 10445088.0      51.9 u_sfm/gmax_reg[9]/D      
    0:25:49   72184.7   3738.24 10445049.0      51.9 u_sfm/gmax_reg[9]/D      
    0:25:50   72184.2   3737.28 10445017.0      51.9 u_sfm/gmax_reg[28]/D     
    0:25:51   72184.2   3737.06 10445010.0      51.9 u_sfm/gmax_reg[11]/D     
    0:25:51   72184.3   3736.44 10444990.0      51.9 u_sfm/gmax_reg[11]/D     
    0:25:52   72184.3   3735.83 10444972.0      51.9 u_sfm/gmax_reg[9]/D      
    0:25:52   72184.3   3734.59 10444933.0      51.9 u_sfm/gmax_reg[9]/D      
    0:25:53   72183.6   3734.20 10444919.0      51.9 u_sfm/gmax_reg[9]/D      
    0:25:53   72183.6   3734.03 10444914.0      51.9 u_sfm/gmax_reg[9]/D      
    0:25:54   72183.8   3733.14 10444885.0      51.9 u_sfm/gmax_reg[9]/D      
    0:25:55   72183.6   3732.74 10444873.0      51.9 u_sfm/gmax_reg[9]/D      
    0:25:55   72184.7   3732.13 10444853.0      51.9 u_sfm/gmax_reg[9]/D      
    0:25:55   72184.6   3731.62 10444837.0      51.9 u_sfm/gmax_reg[9]/D      
    0:25:56   72184.7   3731.48 10444832.0      51.9 u_sfm/gmax_reg[9]/D      
    0:25:56   72184.7   3731.06 10444819.0      51.9 u_sfm/gmax_reg[9]/D      
    0:25:57   72184.8   3730.48 10444800.0      51.9 u_sfm/gmax_reg[9]/D      
    0:25:57   72184.9   3729.92 10444782.0      51.9 u_sfm/gmax_reg[9]/D      
    0:25:58   72184.9   3729.58 10444772.0      51.9 u_sfm/gmax_reg[9]/D      
    0:25:58   72184.9   3729.18 10444759.0      51.9 u_sfm/gmax_reg[9]/D      
    0:25:59   72184.9   3728.31 10444731.0      51.9 u_sfm/gmax_reg[9]/D      
    0:25:59   72184.9   3727.42 10444702.0      51.9 u_sfm/gmax_reg[9]/D      
    0:26:00   72184.9   3727.20 10444696.0      51.9 u_sfm/gmax_reg[9]/D      
    0:26:01   72184.9   3725.97 10444656.0      51.9 u_sfm/gmax_reg[9]/D      
    0:26:01   72185.1   3725.27 10444634.0      51.9 u_sfm/gmax_reg[9]/D      
    0:26:02   72185.1   3724.69 10444615.0      51.9 u_sfm/gmax_reg[9]/D      
    0:26:02   72185.0   3722.12 10444534.0      51.9 u_sfm/gmax_reg[11]/D     
    0:26:03   72185.1   3721.80 10444523.0      51.9 u_sfm/gmax_reg[9]/D      
    0:26:03   72185.1   3721.62 10444517.0      51.9 u_sfm/gmax_reg[9]/D      
    0:26:04   72185.1   3721.46 10444512.0      51.9 u_sfm/gmax_reg[9]/D      
    0:26:04   72185.0   3721.40 10444510.0      51.9 u_sfm/gmax_reg[9]/D      
    0:26:05   72184.9   3720.52 10444482.0      51.9 u_sfm/gmax_reg[9]/D      
    0:26:05   72185.0   3719.89 10444456.0      51.9 u_sfm/gmax_reg[15]/D     
    0:26:06   72185.0   3719.42 10444443.0      51.9 u_sfm/gmax_reg[28]/D     
    0:26:06   72184.9   3718.61 10444417.0      51.9 u_sfm/gmax_reg[28]/D     
    0:26:06   72185.1   3718.19 10444403.0      51.9 u_sfm/gmax_reg[28]/D     
    0:26:07   72185.1   3718.11 10444401.0      51.9 u_sfm/gmax_reg[28]/D     
    0:26:08   72184.9   3717.98 10444397.0      51.9 u_sfm/gmax_reg[28]/D     
    0:26:08   72184.1   3716.45 10444348.0      51.9 u_sfm/gmax_reg[28]/D     
    0:26:09   72184.1   3716.41 10444347.0      51.9 u_sfm/gmax_reg[28]/D     
    0:26:09   72184.1   3716.29 10444343.0      51.9 u_sfm/gmax_reg[28]/D     
    0:26:09   72184.2   3715.67 10444323.0      51.9 u_sfm/gmax_reg[28]/D     
    0:26:10   72184.2   3714.79 10444295.0      51.9 u_sfm/gmax_reg[28]/D     
    0:26:10   72184.3   3714.32 10444280.0      51.9 u_sfm/gmax_reg[28]/D     
    0:26:12   72184.4   3713.83 10444264.0      51.9 u_sfm/gmax_reg[28]/D     
    0:26:12   72185.1   3713.54 10444255.0      51.9 u_sfm/gmax_reg[28]/D     
    0:26:12   72185.3   3712.76 10444230.0      51.9 u_sfm/gmax_reg[28]/D     
    0:26:13   72185.5   3711.86 10444201.0      51.9 u_sfm/gmax_reg[28]/D     
    0:26:13   72185.6   3711.51 10444190.0      51.9 u_sfm/gmax_reg[28]/D     
    0:26:14   72185.6   3711.23 10444181.0      51.9 u_sfm/gmax_reg[28]/D     
    0:26:14   72185.6   3710.82 10444168.0      51.9 u_sfm/gmax_reg[28]/D     
    0:26:15   72185.7   3710.40 10444154.0      51.9 u_sfm/gmax_reg[28]/D     
    0:26:15   72185.7   3710.04 10444143.0      51.9 u_sfm/gmax_reg[28]/D     
    0:26:15   72185.7   3709.65 10444130.0      51.9 u_sfm/gmax_reg[28]/D     
    0:26:16   72185.6   3709.53 10444126.0      51.9 u_sfm/gmax_reg[28]/D     
    0:26:16   72185.5   3708.87 10444105.0      51.9 u_sfm/gmax_reg[28]/D     
    0:26:16   72185.5   3708.54 10444095.0      51.9 u_sfm/gmax_reg[28]/D     
    0:26:17   72185.5   3708.44 10444092.0      51.9 u_sfm/gmax_reg[28]/D     
    0:26:18   72185.5   3707.96 10444076.0      51.9 u_sfm/gmax_reg[28]/D     
    0:26:18   72185.5   3707.32 10444056.0      51.9 u_sfm/gmax_reg[28]/D     
    0:26:18   72185.8   3705.72 10444005.0      51.9 u_sfm/gmax_reg[28]/D     
    0:26:19   72185.9   3704.96 10443980.0      51.9 u_sfm/gmax_reg[28]/D     
    0:26:19   72185.8   3704.38 10443962.0      51.9 u_sfm/gmax_reg[28]/D     
    0:26:20   72185.9   3704.24 10443957.0      51.9 u_sfm/gmax_reg[28]/D     
    0:26:21   72186.0   3703.80 10443944.0      51.9 u_sfm/gmax_reg[28]/D     
    0:26:21   72186.2   3703.34 10443929.0      51.9 u_sfm/gmax_reg[28]/D     
    0:26:21   72186.3   3702.87 10443913.0      51.9 u_sfm/gmax_reg[28]/D     
    0:26:22   72186.2   3702.23 10443892.0      51.9 u_sfm/gmax_reg[28]/D     
    0:26:22   72186.2   3701.90 10443882.0      51.9 u_sfm/gmax_reg[28]/D     
    0:26:23   72186.4   3701.90 10443882.0      51.9 u_sfm/gmax_reg[28]/D     
    0:26:23   72186.4   3701.72 10443877.0      51.9 u_sfm/gmax_reg[28]/D     
    0:26:23   72186.5   3701.48 10443869.0      51.9 u_sfm/gmax_reg[28]/D     
    0:26:23   72186.5   3701.06 10443856.0      51.9 u_sfm/gmax_reg[28]/D     
    0:26:24   72186.5   3701.00 10443854.0      51.9 u_sfm/gmax_reg[28]/D     
    0:26:24   72186.5   3700.73 10443846.0      51.9 u_sfm/gmax_reg[28]/D     
    0:26:25   72186.4   3699.97 10443821.0      51.9 u_sfm/gmax_reg[28]/D     
    0:26:25   72186.4   3699.36 10443802.0      51.9 u_sfm/gmax_reg[28]/D     
    0:26:26   72186.5   3698.60 10443777.0      51.9 u_sfm/gmax_reg[28]/D     
    0:26:26   72186.6   3697.66 10443747.0      51.9 u_sfm/gmax_reg[28]/D     
    0:26:27   72186.5   3697.48 10443741.0      51.9 u_sfm/gmax_reg[22]/D     
    0:26:27   72186.6   3697.39 10443738.0      51.9 u_sfm/gmax_reg[22]/D     
    0:26:28   72186.7   3696.79 10443720.0      51.9 u_sfm/gmax_reg[28]/D     
    0:26:28   72186.6   3696.54 10443712.0      51.9 u_sfm/gmax_reg[28]/D     
    0:26:28   72186.7   3696.13 10443699.0      51.9 u_sfm/gmax_reg[28]/D     
    0:26:29   72187.4   3695.36 10443674.0      51.9 u_sfm/gmax_reg[28]/D     
    0:26:29   72187.5   3694.98 10443662.0      51.9 u_sfm/gmax_reg[28]/D     
    0:26:30   72187.3   3694.69 10443653.0      51.9 u_sfm/gmax_reg[28]/D     
    0:26:30   72187.4   3694.10 10443634.0      51.9 u_sfm/gmax_reg[28]/D     
    0:26:31   72187.5   3693.86 10443626.0      51.9 u_sfm/gmax_reg[28]/D     
    0:26:31   72187.5   3693.85 10443626.0      51.9 u_sfm/gmax_reg[28]/D     
    0:26:32   72187.5   3693.31 10443613.0      51.9 u_sfm/gmax_reg[22]/D     
    0:26:32   72187.6   3692.77 10443596.0      51.9 u_sfm/gmax_reg[22]/D     
    0:26:33   72187.6   3692.69 10443594.0      51.9 u_sfm/gmax_reg[22]/D     
    0:26:33   72187.7   3692.23 10443579.0      51.9 u_sfm/gmax_reg[22]/D     
    0:26:34   72187.9   3691.86 10443568.0      51.9 u_sfm/gmax_reg[22]/D     
    0:26:34   72187.9   3691.68 10443561.0      51.9 u_sfm/gmax_reg[22]/D     
    0:26:34   72187.4   3691.13 10443544.0      51.9 u_sfm/gmax_reg[22]/D     
    0:26:35   72187.4   3690.53 10443525.0      51.9 u_sfm/gmax_reg[28]/D     
    0:26:35   72187.4   3690.25 10443516.0      51.9 u_sfm/gmax_reg[16]/D     
    0:26:36   72187.5   3689.51 10443492.0      51.9 u_sfm/gmax_reg[16]/D     
    0:26:36   72187.6   3689.41 10443488.0      51.9 u_sfm/gmax_reg[22]/D     
    0:26:36   72187.7   3688.82 10443470.0      51.9 u_sfm/gmax_reg[22]/D     
    0:26:37   72187.8   3688.12 10443447.0      51.9 u_sfm/gmax_reg[22]/D     
    0:26:37   72188.0   3687.26 10443420.0      51.9 u_sfm/gmax_reg[22]/D     
    0:26:37   72187.9   3687.14 10443416.0      51.9 u_sfm/gmax_reg[22]/D     
    0:26:37   72187.9   3686.73 10443403.0      51.9 u_sfm/gmax_reg[22]/D     
    0:26:38   72188.1   3686.38 10443391.0      51.9 u_sfm/gmax_reg[22]/D     
    0:26:38   72188.1   3685.78 10443372.0      51.9 u_sfm/gmax_reg[22]/D     
    0:26:39   72188.1   3685.34 10443358.0      51.9 u_sfm/gmax_reg[22]/D     
    0:26:39   72188.0   3685.14 10443352.0      51.9 u_sfm/gmax_reg[22]/D     
    0:26:39   72188.0   3684.94 10443345.0      51.9 u_sfm/gmax_reg[28]/D     
    0:26:39   72188.0   3684.39 10443328.0      51.9 u_sfm/gmax_reg[28]/D     
    0:26:40   72188.0   3683.84 10443310.0      51.9 u_sfm/gmax_reg[28]/D     
    0:26:40   72188.3   3683.36 10443295.0      51.9 u_sfm/gmax_reg[28]/D     
    0:26:41   72188.3   3682.93 10443279.0      51.9 u_sfm/gmax_reg[28]/D     
    0:26:41   72188.3   3682.74 10443272.0      51.9 u_sfm/gmax_reg[28]/D     
    0:26:42   72188.4   3682.03 10443250.0      51.9 u_sfm/gmax_reg[28]/D     
    0:26:43   72188.6   3681.24 10443224.0      51.9 u_sfm/gmax_reg[28]/D     
    0:26:43   72188.6   3680.32 10443195.0      51.9 u_sfm/gmax_reg[28]/D     
    0:26:43   72188.6   3680.03 10443186.0      51.9 u_sfm/gmax_reg[28]/D     
    0:26:44   72188.7   3679.73 10443176.0      51.9 u_sfm/gmax_reg[28]/D     
    0:26:44   72188.7   3679.36 10443164.0      51.9 u_sfm/gmax_reg[28]/D     
    0:26:45   72188.7   3679.14 10443157.0      51.9 u_sfm/gmax_reg[28]/D     
    0:26:45   72188.7   3678.92 10443150.0      51.9 u_sfm/gmax_reg[28]/D     
    0:26:45   72188.7   3678.83 10443148.0      51.9 u_sfm/gmax_reg[28]/D     
    0:26:46   72188.8   3678.73 10443144.0      51.9 u_sfm/gmax_reg[28]/D     
    0:26:47   72188.8   3678.33 10443131.0      51.9 u_sfm/gmax_reg[28]/D     
    0:26:48   72188.7   3677.79 10443114.0      51.9 u_sfm/gmax_reg[16]/D     
    0:26:48   72188.8   3677.73 10443111.0      51.9 u_sfm/gmax_reg[28]/D     
    0:26:49   72188.8   3677.68 10443109.0      51.9 u_sfm/gmax_reg[28]/D     
    0:26:49   72189.0   3677.49 10443103.0      51.9 u_sfm/gmax_reg[28]/D     
    0:26:50   72189.0   3677.22 10443094.0      51.9 u_sfm/gmax_reg[28]/D     
    0:26:50   72188.9   3677.17 10443093.0      51.9 u_sfm/gmax_reg[28]/D     
    0:26:51   72188.9   3676.89 10443084.0      51.9 u_sfm/gmax_reg[28]/D     
    0:26:51   72189.1   3676.49 10443071.0      51.9 u_sfm/gmax_reg[28]/D     
    0:26:51   72189.1   3676.31 10443065.0      51.9 u_sfm/gmax_reg[28]/D     
    0:26:51   72189.2   3676.23 10443063.0      51.9 u_sfm/gmax_reg[28]/D     
    0:26:52   72189.2   3676.16 10443060.0      51.9 u_sfm/gmax_reg[28]/D     
    0:26:52   72189.1   3675.99 10443055.0      51.9 u_sfm/gmax_reg[28]/D     
    0:26:53   72189.1   3675.91 10443053.0      51.9 u_sfm/gmax_reg[28]/D     
    0:26:54   72189.1   3675.72 10443046.0      51.9 u_sfm/gmax_reg[28]/D     
    0:26:54   72189.8   3675.38 10443036.0      51.9 u_sfm/gmax_reg[28]/D     
    0:26:55   72190.0   3675.00 10443024.0      51.9 u_sfm/gmax_reg[27]/D     
    0:26:55   72190.1   3674.53 10443009.0      51.9 u_sfm/gmax_reg[27]/D     
    0:26:56   72190.1   3674.42 10443004.0      51.9 u_sfm/gmax_reg[28]/D     
    0:26:56   72190.2   3674.23 10443001.0      51.9 u_sfm/gmax_reg[28]/D     
    0:26:57   72190.2   3674.04 10442993.0      51.9 u_sfm/gmax_reg[22]/D     
    0:26:58   72190.2   3674.05 10442993.0      51.9 u_sfm/gmax_reg[22]/D     
    0:26:58   72190.2   3673.94 10442991.0      51.9 u_sfm/gmax_reg[22]/D     
    0:26:59   72190.2   3673.79 10442983.0      51.9 u_sfm/gmax_reg[28]/D     
    0:26:59   72190.4   3673.25 10442968.0      51.9 u_sfm/gmax_reg[28]/D     
    0:26:59   72190.4   3673.05 10442962.0      51.9 u_sfm/gmax_reg[27]/D     
    0:27:00   72190.5   3672.74 10442951.0      51.9 u_sfm/gmax_reg[28]/D     
    0:27:00   72190.5   3672.57 10442948.0      51.9 u_sfm/gmax_reg[27]/D     
    0:27:01   72190.5   3671.76 10442922.0      51.9 u_sfm/gmax_reg[22]/D     
    0:27:02   72190.5   3671.70 10442920.0      51.9 u_sfm/gmax_reg[27]/D     
    0:27:02   72190.5   3671.53 10442915.0      51.9 u_sfm/gmax_reg[27]/D     
    0:27:02   72190.5   3671.47 10442913.0      51.9 u_sfm/gmax_reg[27]/D     
    0:27:03   72190.4   3671.18 10442904.0      51.9 u_sfm/gmax_reg[27]/D     
    0:27:03   72190.5   3671.08 10442900.0      51.9 u_sfm/gmax_reg[27]/D     
    0:27:04   72190.5   3671.00 10442898.0      51.9 u_sfm/gmax_reg[27]/D     
    0:27:04   72190.5   3670.96 10442896.0      51.9 u_sfm/gmax_reg[27]/D     
    0:27:04   72190.6   3670.61 10442885.0      51.9 u_sfm/gmax_reg[19]/D     
    0:27:05   72190.7   3670.42 10442879.0      51.9 u_sfm/gmax_reg[19]/D     
    0:27:06   72190.8   3670.19 10442872.0      51.9 u_sfm/gmax_reg[19]/D     
    0:27:06   72190.8   3669.94 10442864.0      51.9 u_sfm/gmax_reg[19]/D     
    0:27:07   72190.8   3669.61 10442853.0      51.9 u_sfm/gmax_reg[19]/D     
    0:27:07   72190.8   3669.59 10442852.0      51.9 u_sfm/gmax_reg[19]/D     
    0:27:08   72190.8   3669.42 10442847.0      51.9 u_sfm/gmax_reg[19]/D     
    0:27:08   72190.9   3669.24 10442841.0      51.9 u_sfm/gmax_reg[19]/D     
    0:27:09   72191.0   3669.02 10442834.0      51.9 u_sfm/gmax_reg[19]/D     
    0:27:09   72191.1   3668.94 10442832.0      51.9 u_sfm/gmax_reg[19]/D     
    0:27:10   72191.1   3668.85 10442829.0      51.9 u_sfm/gmax_reg[19]/D     
    0:27:10   72191.1   3668.82 10442828.0      51.9 u_sfm/gmax_reg[19]/D     
    0:27:10   72191.3   3668.29 10442811.0      51.9 u_sfm/gmax_reg[19]/D     
    0:27:10   72191.2   3668.28 10442811.0      51.9 u_sfm/gmax_reg[19]/D     
    0:27:11   72191.2   3668.19 10442807.0      51.9 u_sfm/gmax_reg[19]/D     
    0:27:11   72191.3   3668.12 10442805.0      51.9 u_sfm/gmax_reg[19]/D     
    0:27:11   72191.3   3668.02 10442802.0      51.9 u_sfm/gmax_reg[19]/D     
    0:27:12   72191.3   3667.98 10442801.0      51.9 u_sfm/gmax_reg[19]/D     
    0:27:12   72191.2   3667.79 10442795.0      51.9 u_sfm/gmax_reg[22]/D     
    0:27:13   72191.3   3667.73 10442793.0      51.9 u_sfm/gmax_reg[27]/D     
    0:27:13   72191.3   3667.45 10442784.0      51.9 u_sfm/gmax_reg[27]/D     
    0:27:15   72191.3   3667.33 10442781.0      51.9 u_sfm/gmax_reg[27]/D     
    0:27:16   72191.4   3667.31 10442779.0      51.9 u_sfm/gmax_reg[22]/D     
    0:27:18   72191.4   3667.31 10442779.0      51.9 u_sfm/gmax_reg[22]/D     
    0:27:18   72191.4   3667.26 10442777.0      51.9 u_sfm/gmax_reg[22]/D     
    0:27:19   72191.4   3667.09 10442772.0      51.9 u_sfm/gmax_reg[22]/D     
    0:27:19   72191.4   3667.06 10442771.0      51.9 u_sfm/gmax_reg[22]/D     
    0:27:20   72191.4   3666.77 10442762.0      51.9 u_sfm/gmax_reg[22]/D     
    0:27:20   72191.4   3666.74 10442761.0      51.9 u_sfm/gmax_reg[27]/D     
    0:27:25   72191.3   3666.75 10442760.0      51.9 u_sfm/gmax_reg[22]/D     
    0:27:26   72191.3   3666.69 10442760.0      51.9 u_sfm/gmax_reg[22]/D     
    0:27:26   72191.3   3666.69 10442760.0      51.9 u_sfm/gmax_reg[19]/D     
    0:27:27   72191.4   3666.66 10442759.0      51.9 u_sfm/gmax_reg[27]/D     
    0:27:28   72191.4   3666.70 10442760.0      51.9 u_sfm/gmax_reg[22]/D     
    0:27:36   72191.3   3666.70 10442760.0      51.9                          
    0:27:52   72191.3   3666.67 10442759.0      51.9 u_sfm/gmax_reg[27]/D     
    0:27:54   72191.4   3665.98 10442737.0      51.9 u_sfm/gmax_reg[22]/D     
    0:27:55   72191.3   3665.82 10442733.0      51.9 u_sfm/gmax_reg[27]/D     
    0:27:56   72191.3   3664.49 10442690.0      51.9 u_sfm/gmax_reg[27]/D     
    0:27:57   72191.5   3663.03 10442643.0      51.9 u_sfm/gmax_reg[27]/D     
    0:27:58   72191.4   3662.80 10442639.0      51.9 u_sfm/gmax_reg[27]/D     
    0:27:59   72191.3   3662.55 10442631.0      51.9 u_sfm/gmax_reg[27]/D     
    0:28:02   72191.3   3662.55 10442631.0      51.9                          
    0:28:18   71901.0   3662.55 10443055.0      51.9                          


  Beginning Design Rule Fixing  (max_transition)
  ----------------------------

                                  TOTAL                                      
   ELAPSED            WORST NEG   SETUP    DESIGN                            
    TIME      AREA      SLACK     COST    RULE COST         ENDPOINT         
  --------- --------- --------- --------- --------- -------------------------
    0:28:18   71901.0   3662.55 10443055.0      51.9                          
    0:28:21   71901.2   3662.48 10365876.0       0.0 u_sfm/gmax_reg[27]/D     
    0:28:21   71901.1   3661.91 10365858.0       0.0 u_sfm/gmax_reg[27]/D     
    0:28:22   71901.2   3660.61 10365816.0       0.0 u_sfm/gmax_reg[27]/D     
    0:28:23   71901.2   3660.25 10365805.0       0.0 u_sfm/gmax_reg[27]/D     
    0:28:23   71901.1   3660.22 10365804.0       0.0 u_sfm/gmax_reg[27]/D     
    0:28:23   71901.1   3660.14 10365801.0       0.0 u_sfm/gmax_reg[27]/D     
    0:28:23   71900.9   3660.04 10365798.0       0.0 u_sfm/gmax_reg[27]/D     
    0:28:24   71900.9   3660.03 10365798.0       0.0 u_sfm/gmax_reg[27]/D     
    0:28:24   71900.9   3659.99 10365796.0       0.0 u_sfm/gmax_reg[27]/D     
    0:28:24   71900.9   3659.92 10365794.0       0.0 u_sfm/gmax_reg[27]/D     
    0:28:26   71900.9   3659.82 10365791.0       0.0 u_sfm/gmax_reg[27]/D     
    0:28:26   71901.3   3659.33 10365775.0       0.0                          
    0:28:27   71901.4   3659.04 10365766.0       0.0                          
    0:28:28   71901.4   3658.62 10365753.0       0.0                          
    0:28:28   71901.5   3658.45 10365747.0       0.0                          


  Beginning Area-Recovery Phase  (cleanup)
  -----------------------------

                                  TOTAL                                      
   ELAPSED            WORST NEG   SETUP    DESIGN                            
    TIME      AREA      SLACK     COST    RULE COST         ENDPOINT         
  --------- --------- --------- --------- --------- -------------------------
    0:28:28   71901.5   3658.45 10365747.0       0.0                          
    0:28:30   71901.5   3658.45 10365747.0       0.0                          
    0:29:52   71353.4   3667.77 10066783.0       0.0                          
    0:30:08   71182.9   3669.79 9959574.0       0.0                          
    0:30:13   71122.5   3669.80 9939883.0       0.0                          
    0:30:17   71091.7   3670.23 9925173.0       0.0                          
    0:30:20   71065.5   3673.41 9917609.0       0.0                          
    0:30:22   71046.1   3673.41 9913025.0       0.0                          
    0:30:24   71033.1   3673.42 9910094.0       0.0                          
    0:30:25   71024.7   3673.42 9907962.0       0.0                          
    0:30:26   71017.8   3673.42 9907766.0       0.0                          
    0:30:28   71011.9   3673.42 9907563.0       0.0                          
    0:30:29   71006.9   3673.42 9907367.0       0.0                          
    0:30:30   71003.5   3673.42 9907115.0       0.0                          
    0:30:31   71001.2   3673.42 9906227.0       0.0                          
    0:30:32   70998.8   3673.42 9906035.0       0.0                          
    0:30:33   70996.4   3673.42 9905852.0       0.0                          
    0:30:34   70995.0   3673.42 9905681.0       0.0                          
    0:30:35   70993.6   3673.42 9905651.0       0.0                          
    0:30:36   70991.4   3673.42 9905659.0       0.0                          
    0:30:37   70989.1   3673.42 9905660.0       0.0                          
    0:30:38   70987.8   3673.42 9905674.0       0.0                          
    0:30:39   70986.9   3673.42 9905720.0       0.0                          
    0:30:39   70986.1   3673.42 9905920.0       0.0                          
    0:30:40   70983.9   3673.42 9902945.0       0.0                          
    0:30:41   70983.7   3673.42 9902945.0       0.0                          
    0:30:42   70983.6   3673.42 9902945.0       0.0                          
    0:30:42   70983.6   3673.42 9902945.0       0.0                          
    0:30:47   70980.7   3673.42 9897961.0       0.0                          
    0:31:12   70006.8   3688.40 9758986.0       0.0                          
    0:31:27   69498.6   3688.06 9763552.0       0.0                          
    0:31:38   69213.7   3692.01 9743556.0       0.0                          
    0:31:45   69100.9   3718.26 9727184.0       0.0                          
    0:31:49   69056.9   3762.10 9720948.0       0.0                          
    0:31:52   69027.9   3762.10 9703811.0       0.0                          
    0:31:52   69027.9   3762.10 9703811.0       0.0                          
    0:31:52   69027.9   3762.10 9703811.0       0.0                          
    0:31:53   69027.9   3762.10 9703811.0       0.0                          
    0:31:54   69027.8   3760.78 9703757.0       0.0 u_sfm/gmax_reg[19]/D     
    0:31:55   69028.5   3686.63 9701403.0       0.0 u_sfm/gmax_reg[19]/D     
    0:31:56   69028.7   3680.15 9701183.0       0.0 u_sfm/gmax_reg[19]/D     
    0:31:57   69028.7   3678.26 9701125.0       0.0 u_sfm/gmax_reg[19]/D     
    0:31:58   69028.7   3677.85 9701112.0       0.0 u_sfm/gmax_reg[19]/D     
    0:31:58   69029.2   3677.43 9701100.0       0.0 u_sfm/gmax_reg[19]/D     
    0:31:59   69029.3   3676.73 9701079.0       0.0 u_sfm/gmax_reg[19]/D     
    0:31:59   69029.2   3676.40 9701065.0       0.0 u_sfm/gmax_reg[19]/D     
    0:32:00   69029.3   3675.42 9701037.0       0.0 u_sfm/gmax_reg[19]/D     
    0:32:00   69029.3   3674.99 9701023.0       0.0 u_sfm/gmax_reg[19]/D     
    0:32:00   69029.3   3674.79 9701017.0       0.0 u_sfm/gmax_reg[19]/D     
    0:32:01   69029.6   3674.08 9700994.0       0.0 u_sfm/gmax_reg[19]/D     
    0:32:02   69029.6   3673.43 9700972.0       0.0 u_sfm/gmax_reg[19]/D     
    0:32:02   69029.7   3672.70 9700948.0       0.0 u_sfm/gmax_reg[19]/D     
    0:32:02   69029.8   3671.04 9700895.0       0.0 u_sfm/gmax_reg[19]/D     
    0:32:03   69029.9   3669.32 9700840.0       0.0 u_sfm/gmax_reg[19]/D     
    0:32:03   69029.8   3668.86 9700824.0       0.0 u_sfm/gmax_reg[19]/D     
    0:32:04   69029.9   3668.56 9700819.0       0.0 u_sfm/gmax_reg[19]/D     
    0:32:04   69029.9   3668.46 9700818.0       0.0 u_sfm/gmax_reg[19]/D     
    0:32:05   69030.0   3667.68 9700796.0       0.0 u_sfm/gmax_reg[19]/D     
    0:32:05   69030.0   3667.06 9700765.0       0.0 u_sfm/gmax_reg[19]/D     
    0:32:06   69030.1   3667.02 9700763.0       0.0 u_sfm/gmax_reg[19]/D     
    0:32:06   69030.1   3666.82 9700757.0       0.0 u_sfm/gmax_reg[19]/D     
    0:32:07   69030.1   3666.14 9700741.0       0.0 u_sfm/gmax_reg[19]/D     
    0:32:07   69030.1   3666.07 9700739.0       0.0 u_sfm/gmax_reg[19]/D     
    0:32:08   69030.1   3665.87 9700733.0       0.0 u_sfm/gmax_reg[19]/D     
    0:32:08   69030.1   3665.09 9700708.0       0.0 u_sfm/gmax_reg[19]/D     
    0:32:08   69030.1   3664.98 9700704.0       0.0 u_sfm/gmax_reg[19]/D     
    0:32:09   69030.1   3664.33 9700684.0       0.0 u_sfm/gmax_reg[19]/D     
    0:32:09   69030.1   3662.35 9700620.0       0.0 u_sfm/gmax_reg[19]/D     
    0:32:10   69030.1   3662.12 9700606.0       0.0 u_sfm/gmax_reg[19]/D     
    0:32:11   69030.1   3661.33 9700588.0       0.0                          
    0:32:11   69030.0   3661.33 9700588.0       0.0                          
    0:32:11   69029.8   3661.33 9700588.0       0.0                          
    0:32:11   69029.6   3661.33 9700588.0       0.0                          
    0:32:12   69029.4   3661.34 9700588.0       0.0                          
    0:32:12   69029.0   3661.35 9700588.0       0.0                          
    0:32:12   69028.6   3661.29 9700586.0       0.0                          
    0:32:12   69028.1   3660.54 9700562.0       0.0                          
    0:32:12   69027.9   3660.54 9700562.0       0.0                          
    0:32:12   69027.3   3660.54 9700562.0       0.0                          
    0:32:12   69027.1   3660.54 9700562.0       0.0                          
    0:32:13   69026.2   3660.54 9700562.0       0.0                          
    0:32:13   69024.3   3660.54 9700562.0       0.0                          
    0:32:13   69023.1   3660.54 9700562.0       0.0                          
    0:32:14   69022.7   3660.54 9700562.0       0.0                          
    0:32:14   69021.9   3660.54 9700562.0       0.0                          
    0:32:14   69020.8   3660.54 9700562.0       0.0                          
    0:32:14   69020.3   3660.54 9700562.0       0.0                          
    0:32:14   69019.6   3660.54 9700562.0       0.0                          
    0:32:14   69018.0   3660.54 9700562.0       0.0                          
    0:32:15   69016.2   3660.54 9700562.0       0.0                          
    0:32:15   69014.7   3660.54 9700562.0       0.0                          
    0:32:15   69014.3   3660.54 9700562.0       0.0                          
    0:32:15   69013.9   3660.54 9700562.0       0.0                          
    0:32:16   69013.1   3660.48 9700561.0       0.0                          
    0:32:16   69012.5   3660.52 9700562.0       0.0                          
    0:32:17   69012.2   3660.51 9700561.0       0.0                          
    0:32:18   69011.6   3660.51 9700561.0       0.0                          
    0:32:18   69010.8   3660.50 9700561.0       0.0                          
    0:32:19   69010.4   3660.41 9700558.0       0.0                          
    0:32:19   69010.5   3658.57 9700499.0       0.0                          
    0:32:20   69010.5   3658.09 9700479.0       0.0                          
    0:32:20   69010.6   3657.07 9700451.0       0.0                          
    0:32:21   69010.6   3656.55 9700435.0       0.0                          
    0:32:21   69010.6   3655.92 9700415.0       0.0                          
    0:32:21   69010.6   3655.41 9700398.0       0.0                          
    0:32:22   69010.8   3653.66 9700342.0       0.0 u_sfm/gmax_reg[19]/D     
    0:32:22   69011.1   3653.30 9700331.0       0.0 u_sfm/gmax_reg[19]/D     
    0:32:23   69011.7   3651.63 9700277.0       0.0 u_sfm/gmax_reg[19]/D     
    0:32:23   69011.6   3651.48 9700272.0       0.0 u_sfm/gmax_reg[19]/D     
    0:32:24   69011.7   3650.43 9700239.0       0.0 u_sfm/gmax_reg[19]/D     
    0:32:24   69011.7   3650.01 9700225.0       0.0 u_sfm/gmax_reg[19]/D     
    0:32:25   69012.2   3649.79 9700218.0       0.0 u_sfm/gmax_reg[19]/D     
    0:32:25   69012.2   3649.57 9700211.0       0.0 u_sfm/gmax_reg[19]/D     
    0:32:25   69012.3   3649.35 9700204.0       0.0 u_sfm/gmax_reg[19]/D     
    0:32:26   69012.3   3648.70 9700183.0       0.0 u_sfm/gmax_reg[19]/D     
    0:32:26   69012.3   3648.62 9700181.0       0.0 u_sfm/gmax_reg[19]/D     
    0:32:27   69012.3   3648.51 9700172.0       0.0 u_sfm/gmax_reg[19]/D     
    0:32:27   69012.3   3647.72 9700152.0       0.0 u_sfm/gmax_reg[19]/D     
    0:32:27   69012.2   3647.53 9700146.0       0.0 u_sfm/gmax_reg[19]/D     
    0:32:28   69012.2   3647.12 9700133.0       0.0 u_sfm/gmax_reg[19]/D     
    0:32:28   69012.8   3646.67 9700118.0       0.0 u_sfm/gmax_reg[19]/D     
    0:32:29   69012.7   3646.52 9700114.0       0.0 u_sfm/gmax_reg[19]/D     
    0:32:30   69012.8   3646.44 9700111.0       0.0 u_sfm/gmax_reg[19]/D     
    0:32:30   69012.9   3646.19 9700104.0       0.0 u_sfm/gmax_reg[19]/D     
    0:32:30   69013.0   3645.29 9700075.0       0.0 u_sfm/gmax_reg[19]/D     
    0:32:31   69013.6   3644.24 9700041.0       0.0 u_sfm/gmax_reg[19]/D     
    0:32:32   69013.8   3643.81 9700027.0       0.0 u_sfm/gmax_reg[19]/D     
    0:32:32   69014.1   3642.90 9699998.0       0.0 u_sfm/gmax_reg[19]/D     
    0:32:33   69014.7   3642.46 9699984.0       0.0 u_sfm/gmax_reg[19]/D     
    0:32:34   69014.8   3642.14 9699974.0       0.0 u_sfm/gmax_reg[19]/D     
    0:32:34   69014.8   3641.99 9699969.0       0.0 u_sfm/gmax_reg[19]/D     
    0:32:34   69014.9   3641.73 9699961.0       0.0 u_sfm/gmax_reg[19]/D     
    0:32:35   69014.9   3641.59 9699956.0       0.0 u_sfm/gmax_reg[19]/D     
    0:32:35   69014.9   3641.37 9699949.0       0.0 u_sfm/gmax_reg[19]/D     
    0:32:35   69014.9   3641.14 9699942.0       0.0 u_sfm/gmax_reg[19]/D     
    0:32:36   69014.9   3640.67 9699927.0       0.0 u_sfm/gmax_reg[19]/D     
    0:32:38   69014.9   3640.50 9699921.0       0.0 u_sfm/gmax_reg[19]/D     
    0:32:38   69014.9   3639.82 9699900.0       0.0 u_sfm/gmax_reg[19]/D     
    0:32:39   69014.9   3639.48 9699891.0       0.0 u_sfm/gmax_reg[13]/D     
    0:32:39   69015.0   3638.99 9699875.0       0.0 u_sfm/gmax_reg[13]/D     
    0:32:39   69015.7   3638.33 9699854.0       0.0 u_sfm/gmax_reg[28]/D     
    0:32:40   69015.7   3638.00 9699849.0       0.0 u_sfm/gmax_reg[28]/D     
    0:32:40   69015.7   3637.88 9699845.0       0.0 u_sfm/gmax_reg[28]/D     
    0:32:41   69015.7   3637.74 9699840.0       0.0 u_sfm/gmax_reg[28]/D     
    0:32:41   69015.8   3637.44 9699831.0       0.0 u_sfm/gmax_reg[28]/D     
    0:32:42   69015.9   3637.13 9699821.0       0.0 u_sfm/gmax_reg[28]/D     
    0:32:42   69015.9   3636.95 9699815.0       0.0 u_sfm/gmax_reg[28]/D     
    0:32:43   69015.9   3636.61 9699804.0       0.0 u_sfm/gmax_reg[28]/D     
    0:32:43   69016.0   3636.56 9699803.0       0.0 u_sfm/gmax_reg[28]/D     
    0:32:43   69016.1   3636.20 9699791.0       0.0 u_sfm/gmax_reg[28]/D     
    0:32:44   69016.2   3635.76 9699777.0       0.0 u_sfm/gmax_reg[28]/D     
    0:32:44   69016.8   3635.46 9699767.0       0.0 u_sfm/gmax_reg[28]/D     
    0:32:45   69016.8   3634.89 9699750.0       0.0 u_sfm/gmax_reg[28]/D     
    0:32:46   69016.8   3634.76 9699746.0       0.0 u_sfm/gmax_reg[2]/D      
    0:32:46   69017.0   3634.25 9699730.0       0.0 u_sfm/gmax_reg[28]/D     
    0:32:46   69017.0   3633.98 9699721.0       0.0 u_sfm/gmax_reg[28]/D     
    0:32:47   69017.1   3633.85 9699715.0       0.0 u_sfm/gmax_reg[28]/D     
    0:32:47   69017.0   3633.34 9699698.0       0.0 u_sfm/gmax_reg[2]/D      
    0:32:48   69017.1   3632.23 9699664.0       0.0 u_sfm/gmax_reg[2]/D      
    0:32:48   69017.3   3631.41 9699637.0       0.0 u_sfm/gmax_reg[2]/D      
    0:32:49   69017.4   3631.03 9699627.0       0.0 u_sfm/gmax_reg[28]/D     
    0:32:49   69017.4   3630.41 9699607.0       0.0 u_sfm/gmax_reg[2]/D      
    0:32:50   69017.5   3630.20 9699606.0       0.0 u_sfm/gmax_reg[2]/D      
    0:32:50   69017.6   3630.04 9699600.0       0.0 u_sfm/gmax_reg[2]/D      
    0:32:52   69017.7   3629.77 9699593.0       0.0 u_sfm/gmax_reg[2]/D      
    0:32:53   69017.7   3629.51 9699586.0       0.0 u_sfm/gmax_reg[28]/D     
    0:32:54   69017.7   3629.36 9699581.0       0.0 u_sfm/gmax_reg[28]/D     
    0:32:55   69017.6   3629.21 9699575.0       0.0 u_sfm/gmax_reg[2]/D      
    0:32:55   69017.7   3628.81 9699563.0       0.0 u_sfm/gmax_reg[2]/D      
    0:32:56   69017.8   3628.69 9699560.0       0.0 u_sfm/gmax_reg[2]/D      
    0:32:56   69017.9   3628.29 9699547.0       0.0 u_sfm/gmax_reg[28]/D     
    0:32:57   69017.9   3627.90 9699535.0       0.0 u_sfm/gmax_reg[28]/D     
    0:32:57   69017.9   3627.44 9699520.0       0.0 u_sfm/gmax_reg[2]/D      
    0:32:57   69017.9   3627.08 9699509.0       0.0 u_sfm/gmax_reg[2]/D      
    0:32:58   69018.0   3626.91 9699503.0       0.0 u_sfm/gmax_reg[28]/D     
    0:32:58   69018.0   3626.94 9699504.0       0.0 u_sfm/gmax_reg[28]/D     
    0:32:59   69018.0   3626.82 9699501.0       0.0 u_sfm/gmax_reg[2]/D      
    0:32:59   69018.0   3626.55 9699492.0       0.0 u_sfm/gmax_reg[2]/D      
    0:32:59   69018.0   3626.32 9699484.0       0.0 u_sfm/gmax_reg[28]/D     
    0:33:00   69018.0   3626.29 9699484.0       0.0 u_sfm/gmax_reg[28]/D     
    0:33:00   69018.0   3626.08 9699477.0       0.0 u_sfm/gmax_reg[2]/D      
    0:33:00   69018.0   3625.91 9699471.0       0.0 u_sfm/gmax_reg[28]/D     
    0:33:01   69018.2   3625.49 9699451.0       0.0 u_sfm/gmax_reg[28]/D     
    0:33:01   69018.3   3625.18 9699441.0       0.0 u_sfm/gmax_reg[28]/D     
    0:33:02   69018.4   3623.70 9699398.0       0.0 u_sfm/gmax_reg[2]/D      
    0:33:02   69018.6   3623.03 9699378.0       0.0 u_sfm/gmax_reg[2]/D      
    0:33:03   69018.8   3621.81 9699339.0       0.0 u_sfm/gmax_reg[2]/D      
    0:33:03   69019.0   3620.84 9699308.0       0.0 u_sfm/gmax_reg[2]/D      
    0:33:03   69019.6   3620.64 9699301.0       0.0 u_sfm/gmax_reg[2]/D      
    0:33:04   69019.6   3620.42 9699294.0       0.0 u_sfm/gmax_reg[2]/D      
    0:33:04   69020.2   3619.63 9699269.0       0.0 u_sfm/gmax_reg[2]/D      
    0:33:05   69020.4   3618.51 9699233.0       0.0 u_sfm/gmax_reg[2]/D      
    0:33:05   69020.4   3618.24 9699225.0       0.0 u_sfm/gmax_reg[2]/D      
    0:33:06   69020.6   3617.80 9699210.0       0.0 u_sfm/gmax_reg[28]/D     
    0:33:06   69020.6   3617.50 9699201.0       0.0 u_sfm/gmax_reg[28]/D     
    0:33:06   69020.8   3617.18 9699193.0       0.0 u_sfm/gmax_reg[28]/D     
    0:33:07   69020.8   3616.64 9699176.0       0.0 u_sfm/gmax_reg[28]/D     
    0:33:07   69020.8   3616.47 9699170.0       0.0 u_sfm/gmax_reg[28]/D     
    0:33:08   69020.9   3616.24 9699163.0       0.0 u_sfm/gmax_reg[28]/D     
    0:33:08   69020.9   3616.06 9699157.0       0.0 u_sfm/gmax_reg[28]/D     
    0:33:08   69021.1   3615.63 9699143.0       0.0 u_sfm/gmax_reg[28]/D     
    0:33:09   69021.2   3615.33 9699134.0       0.0 u_sfm/gmax_reg[28]/D     
    0:33:09   69021.2   3614.93 9699121.0       0.0 u_sfm/gmax_reg[28]/D     
    0:33:10   69021.1   3614.72 9699114.0       0.0 u_sfm/gmax_reg[28]/D     
    0:33:10   69021.2   3614.30 9699101.0       0.0 u_sfm/gmax_reg[28]/D     
    0:33:10   69021.3   3614.01 9699092.0       0.0 u_sfm/gmax_reg[28]/D     
    0:33:11   69021.3   3613.78 9699084.0       0.0 u_sfm/gmax_reg[28]/D     
    0:33:11   69021.5   3613.44 9699072.0       0.0 u_sfm/gmax_reg[28]/D     
    0:33:12   69021.6   3613.28 9699066.0       0.0 u_sfm/gmax_reg[28]/D     
    0:33:12   69021.7   3612.94 9699057.0       0.0 u_sfm/gmax_reg[2]/D      
    0:33:13   69021.7   3612.51 9699044.0       0.0 u_sfm/gmax_reg[28]/D     
    0:33:13   69021.6   3611.76 9699018.0       0.0 u_sfm/gmax_reg[28]/D     
    0:33:13   69021.6   3611.56 9699011.0       0.0 u_sfm/gmax_reg[28]/D     
    0:33:14   69021.7   3610.99 9698993.0       0.0 u_sfm/gmax_reg[28]/D     
    0:33:14   69021.9   3610.73 9698985.0       0.0 u_sfm/gmax_reg[28]/D     
    0:33:15   69021.9   3610.58 9698980.0       0.0 u_sfm/gmax_reg[28]/D     
    0:33:15   69022.0   3610.26 9698970.0       0.0 u_sfm/gmax_reg[28]/D     
    0:33:16   69022.1   3609.84 9698956.0       0.0 u_sfm/gmax_reg[28]/D     
    0:33:16   69022.0   3609.70 9698954.0       0.0 u_sfm/gmax_reg[14]/D     
    0:33:16   69022.1   3609.64 9698951.0       0.0 u_sfm/gmax_reg[14]/D     
    0:33:17   69022.2   3609.32 9698938.0       0.0 u_sfm/gmax_reg[28]/D     
    0:33:17   69022.2   3609.25 9698936.0       0.0 u_sfm/gmax_reg[28]/D     
    0:33:18   69022.2   3608.99 9698927.0       0.0 u_sfm/gmax_reg[28]/D     
    0:33:19   69022.2   3608.81 9698930.0       0.0 u_sfm/gmax_reg[28]/D     
    0:33:19   69022.4   3608.43 9698918.0       0.0 u_sfm/gmax_reg[28]/D     
    0:33:19   69022.3   3608.06 9698905.0       0.0 u_sfm/gmax_reg[28]/D     
    0:33:20   69022.3   3607.84 9698898.0       0.0 u_sfm/gmax_reg[14]/D     
    0:33:20   69022.3   3607.46 9698886.0       0.0 u_sfm/gmax_reg[14]/D     
    0:33:21   69022.4   3607.31 9698881.0       0.0 u_sfm/gmax_reg[14]/D     
    0:33:21   69022.5   3606.97 9698870.0       0.0 u_sfm/gmax_reg[14]/D     
    0:33:22   69022.5   3606.64 9698860.0       0.0 u_sfm/gmax_reg[14]/D     
    0:33:22   69022.5   3606.26 9698847.0       0.0 u_sfm/gmax_reg[14]/D     
    0:33:23   69022.5   3606.07 9698841.0       0.0 u_sfm/gmax_reg[14]/D     
    0:33:23   69022.6   3605.74 9698831.0       0.0 u_sfm/gmax_reg[14]/D     
    0:33:24   69022.7   3605.22 9698814.0       0.0 u_sfm/gmax_reg[14]/D     
    0:33:24   69022.8   3605.12 9698811.0       0.0 u_sfm/gmax_reg[14]/D     
    0:33:25   69022.8   3605.04 9698808.0       0.0 u_sfm/gmax_reg[14]/D     
    0:33:25   69023.0   3604.44 9698789.0       0.0 u_sfm/gmax_reg[14]/D     
    0:33:26   69023.0   3604.17 9698781.0       0.0 u_sfm/gmax_reg[14]/D     
    0:33:26   69023.0   3603.85 9698770.0       0.0 u_sfm/gmax_reg[14]/D     
    0:33:27   69023.0   3603.54 9698761.0       0.0 u_sfm/gmax_reg[14]/D     
    0:33:27   69023.1   3603.24 9698751.0       0.0 u_sfm/gmax_reg[14]/D     
    0:33:28   69023.1   3603.03 9698744.0       0.0 u_sfm/gmax_reg[14]/D     
    0:33:28   69023.4   3602.20 9698717.0       0.0 u_sfm/gmax_reg[14]/D     
    0:33:29   69023.5   3601.05 9698681.0       0.0 u_sfm/gmax_reg[14]/D     
    0:33:29   69023.5   3600.78 9698672.0       0.0 u_sfm/gmax_reg[14]/D     
    0:33:30   69023.5   3600.76 9698671.0       0.0 u_sfm/gmax_reg[14]/D     
    0:33:30   69023.6   3600.66 9698668.0       0.0 u_sfm/gmax_reg[14]/D     
    0:33:30   69023.7   3600.39 9698660.0       0.0 u_sfm/gmax_reg[14]/D     
    0:33:30   69024.2   3600.34 9698658.0       0.0 u_sfm/gmax_reg[14]/D     
    0:33:31   69024.2   3600.31 9698657.0       0.0 u_sfm/gmax_reg[14]/D     
    0:33:32   69024.2   3600.18 9698653.0       0.0 u_sfm/gmax_reg[14]/D     
    0:33:32   69024.2   3600.11 9698651.0       0.0 u_sfm/gmax_reg[14]/D     
    0:33:33   69024.3   3600.09 9698650.0       0.0 u_sfm/gmax_reg[14]/D     
    0:33:33   69024.3   3599.98 9698647.0       0.0 u_sfm/gmax_reg[14]/D     
    0:33:33   69024.3   3599.94 9698645.0       0.0 u_sfm/gmax_reg[14]/D     
    0:33:34   69024.3   3599.81 9698641.0       0.0 u_sfm/gmax_reg[14]/D     
    0:33:35   69024.3   3599.65 9698636.0       0.0 u_sfm/gmax_reg[14]/D     
    0:33:36   69024.3   3599.43 9698629.0       0.0 u_sfm/gmax_reg[14]/D     
    0:33:38   69024.3   3599.39 9698628.0       0.0 u_sfm/gmax_reg[14]/D     
    0:33:38   69024.2   3599.37 9698627.0       0.0 u_sfm/gmax_reg[14]/D     
    0:33:38   69024.3   3599.28 9698624.0       0.0 u_sfm/gmax_reg[14]/D     
    0:33:39   69024.4   3599.26 9698624.0       0.0 u_sfm/gmax_reg[14]/D     
    0:33:39   69024.5   3599.05 9698617.0       0.0 u_sfm/gmax_reg[14]/D     
    0:33:42   69025.0   3598.87 9698611.0       0.0 u_sfm/gmax_reg[14]/D     
    0:33:44   69025.0   3598.79 9698608.0       0.0 u_sfm/gmax_reg[14]/D     
Loading db file '/thu-bloor/xinyao-w23/kvpim-rtl/third_party/asap7_lib/db/asap7sc7p5t_AO_RVT_TT_nldm_211120.db'
Loading db file '/thu-bloor/xinyao-w23/kvpim-rtl/third_party/asap7_lib/db/asap7sc7p5t_INVBUF_RVT_TT_nldm_211120.db'
Loading db file '/thu-bloor/xinyao-w23/kvpim-rtl/third_party/asap7_lib/db/asap7sc7p5t_OA_RVT_TT_nldm_211120.db'
Loading db file '/thu-bloor/xinyao-w23/kvpim-rtl/third_party/asap7_lib/db/asap7sc7p5t_SEQ_RVT_TT_nldm_220123.db'
Loading db file '/thu-bloor/xinyao-w23/kvpim-rtl/third_party/asap7_lib/db/asap7sc7p5t_SIMPLE_RVT_TT_nldm_211120.db'
Loading db file '/thu-bloor/xinyao-w23/kvpim-rtl/third_party/asap7/asap7_sram_0p0/generated/db/srambank_256x4x64_6t122.db'
Loading db file '/thu-bloor/xinyao-w23/kvpim-rtl/third_party/asap7/asap7_sram_0p0/generated/db/srambank_64x4x16_6t122.db'


Note: Symbol # after min delay cost means estimated hold TNS across all active scenarios 


  Optimization Complete
  ---------------------
Warning: Design 'fugue2_logic_die' contains 5 high-fanout nets. A fanout number of 1000 will be used for delay calculations involving these nets. (TIM-134)
     Net 'u_diff/n4122': 2048 load(s), 1 driver(s)
     Net 'u_sfm/n4867': 1710 load(s), 1 driver(s)
     Net 'u_tlb/u_tlb/n10280': 4727 load(s), 1 driver(s)
     Net 'u_sfm/G[0].u0/clk': 18544 load(s), 1 driver(s), 1 inout(s)
     Net 'u_sfm/G[0].u0/rst_n': 17826 load(s), 1 driver(s), 1 inout(s)
1
report_qor -nosplit > [file join $out_dir ${top_module}_qor.rpt]
report_area -hierarchy -nosplit > [file join $out_dir ${top_module}_area.rpt]
# Keeps the SRAM macro count, reference and mapped area explicit instead of
# folding it into the surrounding softmax-buffer hierarchy.
report_reference -hierarchy -nosplit > [file join $out_dir ${top_module}_references.rpt]
report_timing -delay_type max -max_paths 20 -nosplit > [file join $out_dir ${top_module}_timing.rpt]
report_power -nosplit > [file join $out_dir ${top_module}_power.rpt]
write -format verilog -hierarchy -output [file join $out_dir ${top_module}_mapped.v]
Warning: Design 'fugue2_logic_die' has '1' unresolved references. For more detailed information, use the "link" command. (UID-341)
Writing verilog file '/thu-bloor/xinyao-w23/kvpim-rtl/syn/xinyao_0828/fugue2_logic_die_p769/fugue2_logic_die_mapped.v'.
Warning: Verilog 'assign' or 'tran' statements are written out. (VO-4)
Warning: Verilog writer has added 8 nets to module kv_seg_tlb_ENTRIES32 using SYNOPSYS_UNCONNECTED_ as prefix.  Please use the change_names command to make the correct changes before invoking the verilog writer.  (VO-11)
Warning: Verilog writer has added 13 nets to module kv_ptw using SYNOPSYS_UNCONNECTED_ as prefix.  Please use the change_names command to make the correct changes before invoking the verilog writer.  (VO-11)
Warning: Verilog writer has added 5 nets to module kv_tlb_top_ENTRIES32 using SYNOPSYS_UNCONNECTED_ as prefix.  Please use the change_names command to make the correct changes before invoking the verilog writer.  (VO-11)
Warning: Verilog writer has added 1 nets to module fp16_add_0 using SYNOPSYS_UNCONNECTED_ as prefix.  Please use the change_names command to make the correct changes before invoking the verilog writer.  (VO-11)
Warning: Verilog writer has added 1 nets to module fp16_add_131 using SYNOPSYS_UNCONNECTED_ as prefix.  Please use the change_names command to make the correct changes before invoking the verilog writer.  (VO-11)
Warning: Verilog writer has added 1 nets to module fp16_add_130 using SYNOPSYS_UNCONNECTED_ as prefix.  Please use the change_names command to make the correct changes before invoking the verilog writer.  (VO-11)
Warning: Verilog writer has added 1 nets to module fp16_add_129 using SYNOPSYS_UNCONNECTED_ as prefix.  Please use the change_names command to make the correct changes before invoking the verilog writer.  (VO-11)
Warning: Verilog writer has added 1 nets to module fp16_add_128 using SYNOPSYS_UNCONNECTED_ as prefix.  Please use the change_names command to make the correct changes before invoking the verilog writer.  (VO-11)
Warning: Verilog writer has added 1 nets to module fp16_add_127 using SYNOPSYS_UNCONNECTED_ as prefix.  Please use the change_names command to make the correct changes before invoking the verilog writer.  (VO-11)
Warning: Verilog writer has added 1 nets to module fp16_add_126 using SYNOPSYS_UNCONNECTED_ as prefix.  Please use the change_names command to make the correct changes before invoking the verilog writer.  (VO-11)
Warning: Verilog writer has added 1 nets to module fp16_add_125 using SYNOPSYS_UNCONNECTED_ as prefix.  Please use the change_names command to make the correct changes before invoking the verilog writer.  (VO-11)
Warning: Verilog writer has added 1 nets to module fp16_add_124 using SYNOPSYS_UNCONNECTED_ as prefix.  Please use the change_names command to make the correct changes before invoking the verilog writer.  (VO-11)
Warning: Verilog writer has added 1 nets to module fp16_add_123 using SYNOPSYS_UNCONNECTED_ as prefix.  Please use the change_names command to make the correct changes before invoking the verilog writer.  (VO-11)
Warning: Verilog writer has added 1 nets to module fp16_add_122 using SYNOPSYS_UNCONNECTED_ as prefix.  Please use the change_names command to make the correct changes before invoking the verilog writer.  (VO-11)
Warning: Verilog writer has added 1 nets to module fp16_add_121 using SYNOPSYS_UNCONNECTED_ as prefix.  Please use the change_names command to make the correct changes before invoking the verilog writer.  (VO-11)
Warning: Verilog writer has added 1 nets to module fp16_add_120 using SYNOPSYS_UNCONNECTED_ as prefix.  Please use the change_names command to make the correct changes before invoking the verilog writer.  (VO-11)
Warning: Verilog writer has added 1 nets to module fp16_add_119 using SYNOPSYS_UNCONNECTED_ as prefix.  Please use the change_names command to make the correct changes before invoking the verilog writer.  (VO-11)
Warning: Verilog writer has added 1 nets to module fp16_add_118 using SYNOPSYS_UNCONNECTED_ as prefix.  Please use the change_names command to make the correct changes before invoking the verilog writer.  (VO-11)
Warning: Verilog writer has added 1 nets to module fp16_add_117 using SYNOPSYS_UNCONNECTED_ as prefix.  Please use the change_names command to make the correct changes before invoking the verilog writer.  (VO-11)
Warning: Verilog writer has added 1 nets to module fp16_add_116 using SYNOPSYS_UNCONNECTED_ as prefix.  Please use the change_names command to make the correct changes before invoking the verilog writer.  (VO-11)
Warning: Verilog writer has added 1 nets to module fp16_add_115 using SYNOPSYS_UNCONNECTED_ as prefix.  Please use the change_names command to make the correct changes before invoking the verilog writer.  (VO-11)
Warning: Verilog writer has added 1 nets to module fp16_add_114 using SYNOPSYS_UNCONNECTED_ as prefix.  Please use the change_names command to make the correct changes before invoking the verilog writer.  (VO-11)
Warning: Verilog writer has added 1 nets to module fp16_add_113 using SYNOPSYS_UNCONNECTED_ as prefix.  Please use the change_names command to make the correct changes before invoking the verilog writer.  (VO-11)
Warning: Verilog writer has added 1 nets to module fp16_add_112 using SYNOPSYS_UNCONNECTED_ as prefix.  Please use the change_names command to make the correct changes before invoking the verilog writer.  (VO-11)
Warning: Verilog writer has added 1 nets to module fp16_add_111 using SYNOPSYS_UNCONNECTED_ as prefix.  Please use the change_names command to make the correct changes before invoking the verilog writer.  (VO-11)
Warning: Verilog writer has added 1 nets to module fp16_add_110 using SYNOPSYS_UNCONNECTED_ as prefix.  Please use the change_names command to make the correct changes before invoking the verilog writer.  (VO-11)
Warning: Verilog writer has added 1 nets to module fp16_add_109 using SYNOPSYS_UNCONNECTED_ as prefix.  Please use the change_names command to make the correct changes before invoking the verilog writer.  (VO-11)
Warning: Verilog writer has added 1 nets to module fp16_add_108 using SYNOPSYS_UNCONNECTED_ as prefix.  Please use the change_names command to make the correct changes before invoking the verilog writer.  (VO-11)
Warning: Verilog writer has added 1 nets to module fp16_add_107 using SYNOPSYS_UNCONNECTED_ as prefix.  Please use the change_names command to make the correct changes before invoking the verilog writer.  (VO-11)
Warning: Verilog writer has added 1 nets to module fp16_add_106 using SYNOPSYS_UNCONNECTED_ as prefix.  Please use the change_names command to make the correct changes before invoking the verilog writer.  (VO-11)
Warning: Verilog writer has added 1 nets to module fp16_add_105 using SYNOPSYS_UNCONNECTED_ as prefix.  Please use the change_names command to make the correct changes before invoking the verilog writer.  (VO-11)
Warning: Verilog writer has added 1 nets to module fp16_add_104 using SYNOPSYS_UNCONNECTED_ as prefix.  Please use the change_names command to make the correct changes before invoking the verilog writer.  (VO-11)
Warning: Verilog writer has added 1 nets to module fp16_add_103 using SYNOPSYS_UNCONNECTED_ as prefix.  Please use the change_names command to make the correct changes before invoking the verilog writer.  (VO-11)
Warning: Verilog writer has added 1 nets to module fp16_add_102 using SYNOPSYS_UNCONNECTED_ as prefix.  Please use the change_names command to make the correct changes before invoking the verilog writer.  (VO-11)
Warning: Verilog writer has added 1 nets to module fp16_add_101 using SYNOPSYS_UNCONNECTED_ as prefix.  Please use the change_names command to make the correct changes before invoking the verilog writer.  (VO-11)
Warning: Verilog writer has added 1 nets to module fp16_add_100 using SYNOPSYS_UNCONNECTED_ as prefix.  Please use the change_names command to make the correct changes before invoking the verilog writer.  (VO-11)
Warning: Verilog writer has added 1 nets to module fp16_add_99 using SYNOPSYS_UNCONNECTED_ as prefix.  Please use the change_names command to make the correct changes before invoking the verilog writer.  (VO-11)
Warning: Verilog writer has added 1 nets to module fp16_add_98 using SYNOPSYS_UNCONNECTED_ as prefix.  Please use the change_names command to make the correct changes before invoking the verilog writer.  (VO-11)
Warning: Verilog writer has added 1 nets to module fp16_add_97 using SYNOPSYS_UNCONNECTED_ as prefix.  Please use the change_names command to make the correct changes before invoking the verilog writer.  (VO-11)
Warning: Verilog writer has added 1 nets to module fp16_add_96 using SYNOPSYS_UNCONNECTED_ as prefix.  Please use the change_names command to make the correct changes before invoking the verilog writer.  (VO-11)
Warning: Verilog writer has added 1 nets to module fp16_add_95 using SYNOPSYS_UNCONNECTED_ as prefix.  Please use the change_names command to make the correct changes before invoking the verilog writer.  (VO-11)
Warning: Verilog writer has added 1 nets to module fp16_add_94 using SYNOPSYS_UNCONNECTED_ as prefix.  Please use the change_names command to make the correct changes before invoking the verilog writer.  (VO-11)
Warning: Verilog writer has added 1 nets to module fp16_add_93 using SYNOPSYS_UNCONNECTED_ as prefix.  Please use the change_names command to make the correct changes before invoking the verilog writer.  (VO-11)
Warning: Verilog writer has added 1 nets to module fp16_add_92 using SYNOPSYS_UNCONNECTED_ as prefix.  Please use the change_names command to make the correct changes before invoking the verilog writer.  (VO-11)
Warning: Verilog writer has added 1 nets to module fp16_add_91 using SYNOPSYS_UNCONNECTED_ as prefix.  Please use the change_names command to make the correct changes before invoking the verilog writer.  (VO-11)
Warning: Verilog writer has added 1 nets to module fp16_add_90 using SYNOPSYS_UNCONNECTED_ as prefix.  Please use the change_names command to make the correct changes before invoking the verilog writer.  (VO-11)
Warning: Verilog writer has added 1 nets to module fp16_add_89 using SYNOPSYS_UNCONNECTED_ as prefix.  Please use the change_names command to make the correct changes before invoking the verilog writer.  (VO-11)
Warning: Verilog writer has added 1 nets to module fp16_add_88 using SYNOPSYS_UNCONNECTED_ as prefix.  Please use the change_names command to make the correct changes before invoking the verilog writer.  (VO-11)
Warning: Verilog writer has added 1 nets to module fp16_add_87 using SYNOPSYS_UNCONNECTED_ as prefix.  Please use the change_names command to make the correct changes before invoking the verilog writer.  (VO-11)
Warning: Verilog writer has added 1 nets to module fp16_add_86 using SYNOPSYS_UNCONNECTED_ as prefix.  Please use the change_names command to make the correct changes before invoking the verilog writer.  (VO-11)
Warning: Verilog writer has added 1 nets to module fp16_add_85 using SYNOPSYS_UNCONNECTED_ as prefix.  Please use the change_names command to make the correct changes before invoking the verilog writer.  (VO-11)
Warning: Verilog writer has added 1 nets to module fp16_add_84 using SYNOPSYS_UNCONNECTED_ as prefix.  Please use the change_names command to make the correct changes before invoking the verilog writer.  (VO-11)
Warning: Verilog writer has added 1 nets to module fp16_add_83 using SYNOPSYS_UNCONNECTED_ as prefix.  Please use the change_names command to make the correct changes before invoking the verilog writer.  (VO-11)
Warning: Verilog writer has added 1 nets to module fp16_add_82 using SYNOPSYS_UNCONNECTED_ as prefix.  Please use the change_names command to make the correct changes before invoking the verilog writer.  (VO-11)
Warning: Verilog writer has added 1 nets to module fp16_add_81 using SYNOPSYS_UNCONNECTED_ as prefix.  Please use the change_names command to make the correct changes before invoking the verilog writer.  (VO-11)
Warning: Verilog writer has added 1 nets to module fp16_add_80 using SYNOPSYS_UNCONNECTED_ as prefix.  Please use the change_names command to make the correct changes before invoking the verilog writer.  (VO-11)
Warning: Verilog writer has added 1 nets to module fp16_add_79 using SYNOPSYS_UNCONNECTED_ as prefix.  Please use the change_names command to make the correct changes before invoking the verilog writer.  (VO-11)
Warning: Verilog writer has added 1 nets to module fp16_add_78 using SYNOPSYS_UNCONNECTED_ as prefix.  Please use the change_names command to make the correct changes before invoking the verilog writer.  (VO-11)
Warning: Verilog writer has added 1 nets to module fp16_add_77 using SYNOPSYS_UNCONNECTED_ as prefix.  Please use the change_names command to make the correct changes before invoking the verilog writer.  (VO-11)
Warning: Verilog writer has added 1 nets to module fp16_add_76 using SYNOPSYS_UNCONNECTED_ as prefix.  Please use the change_names command to make the correct changes before invoking the verilog writer.  (VO-11)
Warning: Verilog writer has added 1 nets to module fp16_add_75 using SYNOPSYS_UNCONNECTED_ as prefix.  Please use the change_names command to make the correct changes before invoking the verilog writer.  (VO-11)
Warning: Verilog writer has added 1 nets to module fp16_add_74 using SYNOPSYS_UNCONNECTED_ as prefix.  Please use the change_names command to make the correct changes before invoking the verilog writer.  (VO-11)
Warning: Verilog writer has added 1 nets to module fp16_add_73 using SYNOPSYS_UNCONNECTED_ as prefix.  Please use the change_names command to make the correct changes before invoking the verilog writer.  (VO-11)
Warning: Verilog writer has added 1 nets to module fp16_add_72 using SYNOPSYS_UNCONNECTED_ as prefix.  Please use the change_names command to make the correct changes before invoking the verilog writer.  (VO-11)
Warning: Verilog writer has added 1 nets to module fp16_add_71 using SYNOPSYS_UNCONNECTED_ as prefix.  Please use the change_names command to make the correct changes before invoking the verilog writer.  (VO-11)
Warning: Verilog writer has added 1 nets to module fp16_add_70 using SYNOPSYS_UNCONNECTED_ as prefix.  Please use the change_names command to make the correct changes before invoking the verilog writer.  (VO-11)
Warning: Verilog writer has added 1 nets to module fp16_add_69 using SYNOPSYS_UNCONNECTED_ as prefix.  Please use the change_names command to make the correct changes before invoking the verilog writer.  (VO-11)
Warning: Verilog writer has added 1 nets to module fp16_add_68 using SYNOPSYS_UNCONNECTED_ as prefix.  Please use the change_names command to make the correct changes before invoking the verilog writer.  (VO-11)
Warning: Verilog writer has added 1 nets to module fp16_add_67 using SYNOPSYS_UNCONNECTED_ as prefix.  Please use the change_names command to make the correct changes before invoking the verilog writer.  (VO-11)
Warning: Verilog writer has added 1 nets to module fp16_add_66 using SYNOPSYS_UNCONNECTED_ as prefix.  Please use the change_names command to make the correct changes before invoking the verilog writer.  (VO-11)
Warning: Verilog writer has added 1 nets to module fp16_add_65 using SYNOPSYS_UNCONNECTED_ as prefix.  Please use the change_names command to make the correct changes before invoking the verilog writer.  (VO-11)
Warning: Verilog writer has added 1 nets to module fp16_add_64 using SYNOPSYS_UNCONNECTED_ as prefix.  Please use the change_names command to make the correct changes before invoking the verilog writer.  (VO-11)
Warning: Verilog writer has added 1 nets to module fp16_add_63 using SYNOPSYS_UNCONNECTED_ as prefix.  Please use the change_names command to make the correct changes before invoking the verilog writer.  (VO-11)
Warning: Verilog writer has added 1 nets to module fp16_add_62 using SYNOPSYS_UNCONNECTED_ as prefix.  Please use the change_names command to make the correct changes before invoking the verilog writer.  (VO-11)
Warning: Verilog writer has added 1 nets to module fp16_add_61 using SYNOPSYS_UNCONNECTED_ as prefix.  Please use the change_names command to make the correct changes before invoking the verilog writer.  (VO-11)
Warning: Verilog writer has added 1 nets to module fp16_add_60 using SYNOPSYS_UNCONNECTED_ as prefix.  Please use the change_names command to make the correct changes before invoking the verilog writer.  (VO-11)
Warning: Verilog writer has added 1 nets to module fp16_add_59 using SYNOPSYS_UNCONNECTED_ as prefix.  Please use the change_names command to make the correct changes before invoking the verilog writer.  (VO-11)
Warning: Verilog writer has added 1 nets to module fp16_add_58 using SYNOPSYS_UNCONNECTED_ as prefix.  Please use the change_names command to make the correct changes before invoking the verilog writer.  (VO-11)
Warning: Verilog writer has added 1 nets to module fp16_add_57 using SYNOPSYS_UNCONNECTED_ as prefix.  Please use the change_names command to make the correct changes before invoking the verilog writer.  (VO-11)
Warning: Verilog writer has added 1 nets to module fp16_add_56 using SYNOPSYS_UNCONNECTED_ as prefix.  Please use the change_names command to make the correct changes before invoking the verilog writer.  (VO-11)
Warning: Verilog writer has added 1 nets to module fp16_add_55 using SYNOPSYS_UNCONNECTED_ as prefix.  Please use the change_names command to make the correct changes before invoking the verilog writer.  (VO-11)
Warning: Verilog writer has added 1 nets to module fp16_add_54 using SYNOPSYS_UNCONNECTED_ as prefix.  Please use the change_names command to make the correct changes before invoking the verilog writer.  (VO-11)
Warning: Verilog writer has added 1 nets to module fp16_add_53 using SYNOPSYS_UNCONNECTED_ as prefix.  Please use the change_names command to make the correct changes before invoking the verilog writer.  (VO-11)
Warning: Verilog writer has added 1 nets to module fp16_add_52 using SYNOPSYS_UNCONNECTED_ as prefix.  Please use the change_names command to make the correct changes before invoking the verilog writer.  (VO-11)
Warning: Verilog writer has added 1 nets to module fp16_add_51 using SYNOPSYS_UNCONNECTED_ as prefix.  Please use the change_names command to make the correct changes before invoking the verilog writer.  (VO-11)
Warning: Verilog writer has added 1 nets to module fp16_add_50 using SYNOPSYS_UNCONNECTED_ as prefix.  Please use the change_names command to make the correct changes before invoking the verilog writer.  (VO-11)
Warning: Verilog writer has added 1 nets to module fp16_add_49 using SYNOPSYS_UNCONNECTED_ as prefix.  Please use the change_names command to make the correct changes before invoking the verilog writer.  (VO-11)
Warning: Verilog writer has added 1 nets to module fp16_add_48 using SYNOPSYS_UNCONNECTED_ as prefix.  Please use the change_names command to make the correct changes before invoking the verilog writer.  (VO-11)
Warning: Verilog writer has added 1 nets to module fp16_add_47 using SYNOPSYS_UNCONNECTED_ as prefix.  Please use the change_names command to make the correct changes before invoking the verilog writer.  (VO-11)
Warning: Verilog writer has added 1 nets to module fp16_add_46 using SYNOPSYS_UNCONNECTED_ as prefix.  Please use the change_names command to make the correct changes before invoking the verilog writer.  (VO-11)
Warning: Verilog writer has added 1 nets to module fp16_add_45 using SYNOPSYS_UNCONNECTED_ as prefix.  Please use the change_names command to make the correct changes before invoking the verilog writer.  (VO-11)
Warning: Verilog writer has added 1 nets to module fp16_add_44 using SYNOPSYS_UNCONNECTED_ as prefix.  Please use the change_names command to make the correct changes before invoking the verilog writer.  (VO-11)
Warning: Verilog writer has added 1 nets to module fp16_add_43 using SYNOPSYS_UNCONNECTED_ as prefix.  Please use the change_names command to make the correct changes before invoking the verilog writer.  (VO-11)
Warning: Verilog writer has added 1 nets to module fp16_add_42 using SYNOPSYS_UNCONNECTED_ as prefix.  Please use the change_names command to make the correct changes before invoking the verilog writer.  (VO-11)
Warning: Verilog writer has added 1 nets to module fp16_add_41 using SYNOPSYS_UNCONNECTED_ as prefix.  Please use the change_names command to make the correct changes before invoking the verilog writer.  (VO-11)
Warning: Verilog writer has added 1 nets to module fp16_add_40 using SYNOPSYS_UNCONNECTED_ as prefix.  Please use the change_names command to make the correct changes before invoking the verilog writer.  (VO-11)
Warning: Verilog writer has added 1 nets to module fp16_add_39 using SYNOPSYS_UNCONNECTED_ as prefix.  Please use the change_names command to make the correct changes before invoking the verilog writer.  (VO-11)
Warning: Verilog writer has added 1 nets to module fp16_add_38 using SYNOPSYS_UNCONNECTED_ as prefix.  Please use the change_names command to make the correct changes before invoking the verilog writer.  (VO-11)
Warning: Verilog writer has added 1 nets to module fp16_add_37 using SYNOPSYS_UNCONNECTED_ as prefix.  Please use the change_names command to make the correct changes before invoking the verilog writer.  (VO-11)
Warning: Verilog writer has added 1 nets to module fp16_add_36 using SYNOPSYS_UNCONNECTED_ as prefix.  Please use the change_names command to make the correct changes before invoking the verilog writer.  (VO-11)
Warning: Verilog writer has added 1 nets to module fp16_add_35 using SYNOPSYS_UNCONNECTED_ as prefix.  Please use the change_names command to make the correct changes before invoking the verilog writer.  (VO-11)
Warning: Verilog writer has added 1 nets to module fp16_add_34 using SYNOPSYS_UNCONNECTED_ as prefix.  Please use the change_names command to make the correct changes before invoking the verilog writer.  (VO-11)
Warning: Verilog writer has added 1 nets to module fp16_add_33 using SYNOPSYS_UNCONNECTED_ as prefix.  Please use the change_names command to make the correct changes before invoking the verilog writer.  (VO-11)
Warning: Verilog writer has added 1 nets to module fp16_add_32 using SYNOPSYS_UNCONNECTED_ as prefix.  Please use the change_names command to make the correct changes before invoking the verilog writer.  (VO-11)
Warning: Verilog writer has added 1 nets to module fp16_add_31 using SYNOPSYS_UNCONNECTED_ as prefix.  Please use the change_names command to make the correct changes before invoking the verilog writer.  (VO-11)
Warning: Verilog writer has added 1 nets to module fp16_add_30 using SYNOPSYS_UNCONNECTED_ as prefix.  Please use the change_names command to make the correct changes before invoking the verilog writer.  (VO-11)
Warning: Verilog writer has added 1 nets to module fp16_add_29 using SYNOPSYS_UNCONNECTED_ as prefix.  Please use the change_names command to make the correct changes before invoking the verilog writer.  (VO-11)
Warning: Verilog writer has added 1 nets to module fp16_add_28 using SYNOPSYS_UNCONNECTED_ as prefix.  Please use the change_names command to make the correct changes before invoking the verilog writer.  (VO-11)
Warning: Verilog writer has added 1 nets to module fp16_add_27 using SYNOPSYS_UNCONNECTED_ as prefix.  Please use the change_names command to make the correct changes before invoking the verilog writer.  (VO-11)
Warning: Verilog writer has added 1 nets to module fp16_add_26 using SYNOPSYS_UNCONNECTED_ as prefix.  Please use the change_names command to make the correct changes before invoking the verilog writer.  (VO-11)
Warning: Verilog writer has added 1 nets to module fp16_add_25 using SYNOPSYS_UNCONNECTED_ as prefix.  Please use the change_names command to make the correct changes before invoking the verilog writer.  (VO-11)
Warning: Verilog writer has added 1 nets to module fp16_add_24 using SYNOPSYS_UNCONNECTED_ as prefix.  Please use the change_names command to make the correct changes before invoking the verilog writer.  (VO-11)
Warning: Verilog writer has added 1 nets to module fp16_add_23 using SYNOPSYS_UNCONNECTED_ as prefix.  Please use the change_names command to make the correct changes before invoking the verilog writer.  (VO-11)
Warning: Verilog writer has added 1 nets to module fp16_add_22 using SYNOPSYS_UNCONNECTED_ as prefix.  Please use the change_names command to make the correct changes before invoking the verilog writer.  (VO-11)
Warning: Verilog writer has added 1 nets to module fp16_add_21 using SYNOPSYS_UNCONNECTED_ as prefix.  Please use the change_names command to make the correct changes before invoking the verilog writer.  (VO-11)
Warning: Verilog writer has added 1 nets to module fp16_add_20 using SYNOPSYS_UNCONNECTED_ as prefix.  Please use the change_names command to make the correct changes before invoking the verilog writer.  (VO-11)
Warning: Verilog writer has added 1 nets to module fp16_add_19 using SYNOPSYS_UNCONNECTED_ as prefix.  Please use the change_names command to make the correct changes before invoking the verilog writer.  (VO-11)
Warning: Verilog writer has added 1 nets to module fp16_add_18 using SYNOPSYS_UNCONNECTED_ as prefix.  Please use the change_names command to make the correct changes before invoking the verilog writer.  (VO-11)
Warning: Verilog writer has added 1 nets to module fp16_add_17 using SYNOPSYS_UNCONNECTED_ as prefix.  Please use the change_names command to make the correct changes before invoking the verilog writer.  (VO-11)
Warning: Verilog writer has added 1 nets to module fp16_add_16 using SYNOPSYS_UNCONNECTED_ as prefix.  Please use the change_names command to make the correct changes before invoking the verilog writer.  (VO-11)
Warning: Verilog writer has added 1 nets to module fp16_add_15 using SYNOPSYS_UNCONNECTED_ as prefix.  Please use the change_names command to make the correct changes before invoking the verilog writer.  (VO-11)
Warning: Verilog writer has added 1 nets to module fp16_add_14 using SYNOPSYS_UNCONNECTED_ as prefix.  Please use the change_names command to make the correct changes before invoking the verilog writer.  (VO-11)
Warning: Verilog writer has added 1 nets to module fp16_add_13 using SYNOPSYS_UNCONNECTED_ as prefix.  Please use the change_names command to make the correct changes before invoking the verilog writer.  (VO-11)
Warning: Verilog writer has added 1 nets to module fp16_add_12 using SYNOPSYS_UNCONNECTED_ as prefix.  Please use the change_names command to make the correct changes before invoking the verilog writer.  (VO-11)
Warning: Verilog writer has added 1 nets to module fp16_add_11 using SYNOPSYS_UNCONNECTED_ as prefix.  Please use the change_names command to make the correct changes before invoking the verilog writer.  (VO-11)
Warning: Verilog writer has added 1 nets to module fp16_add_10 using SYNOPSYS_UNCONNECTED_ as prefix.  Please use the change_names command to make the correct changes before invoking the verilog writer.  (VO-11)
Warning: Verilog writer has added 1 nets to module fp16_add_9 using SYNOPSYS_UNCONNECTED_ as prefix.  Please use the change_names command to make the correct changes before invoking the verilog writer.  (VO-11)
Warning: Verilog writer has added 1 nets to module fp16_add_8 using SYNOPSYS_UNCONNECTED_ as prefix.  Please use the change_names command to make the correct changes before invoking the verilog writer.  (VO-11)
Warning: Verilog writer has added 1 nets to module fp16_add_7 using SYNOPSYS_UNCONNECTED_ as prefix.  Please use the change_names command to make the correct changes before invoking the verilog writer.  (VO-11)
Warning: Verilog writer has added 1 nets to module fp16_add_6 using SYNOPSYS_UNCONNECTED_ as prefix.  Please use the change_names command to make the correct changes before invoking the verilog writer.  (VO-11)
Warning: Verilog writer has added 1 nets to module fp16_add_5 using SYNOPSYS_UNCONNECTED_ as prefix.  Please use the change_names command to make the correct changes before invoking the verilog writer.  (VO-11)
Warning: Verilog writer has added 1 nets to module fp16_add_4 using SYNOPSYS_UNCONNECTED_ as prefix.  Please use the change_names command to make the correct changes before invoking the verilog writer.  (VO-11)
Warning: Verilog writer has added 1 nets to module fp16_add_3 using SYNOPSYS_UNCONNECTED_ as prefix.  Please use the change_names command to make the correct changes before invoking the verilog writer.  (VO-11)
Warning: Verilog writer has added 1 nets to module fp16_add_2 using SYNOPSYS_UNCONNECTED_ as prefix.  Please use the change_names command to make the correct changes before invoking the verilog writer.  (VO-11)
Warning: Verilog writer has added 1 nets to module fp16_add_1 using SYNOPSYS_UNCONNECTED_ as prefix.  Please use the change_names command to make the correct changes before invoking the verilog writer.  (VO-11)
Warning: Verilog writer has added 4 nets to module fp32_add_0 using SYNOPSYS_UNCONNECTED_ as prefix.  Please use the change_names command to make the correct changes before invoking the verilog writer.  (VO-11)
Warning: Verilog writer has added 15 nets to module fp32_exp_0_DW02_mult_1_DW02_mult_113 using SYNOPSYS_UNCONNECTED_ as prefix.  Please use the change_names command to make the correct changes before invoking the verilog writer.  (VO-11)
Warning: Verilog writer has added 21 nets to module fp32_exp_0_DW02_mult_0_DW02_mult_17 using SYNOPSYS_UNCONNECTED_ as prefix.  Please use the change_names command to make the correct changes before invoking the verilog writer.  (VO-11)
Warning: Verilog writer has added 40 nets to module fp32_exp_0 using SYNOPSYS_UNCONNECTED_ as prefix.  Please use the change_names command to make the correct changes before invoking the verilog writer.  (VO-11)
Warning: Verilog writer has added 1 nets to module fp32_mul_0 using SYNOPSYS_UNCONNECTED_ as prefix.  Please use the change_names command to make the correct changes before invoking the verilog writer.  (VO-11)
Warning: Verilog writer has added 4 nets to module fp32_add_31 using SYNOPSYS_UNCONNECTED_ as prefix.  Please use the change_names command to make the correct changes before invoking the verilog writer.  (VO-11)
Warning: Verilog writer has added 15 nets to module fp32_exp_15_DW02_mult_1_DW02_mult_112 using SYNOPSYS_UNCONNECTED_ as prefix.  Please use the change_names command to make the correct changes before invoking the verilog writer.  (VO-11)
Warning: Verilog writer has added 21 nets to module fp32_exp_15_DW02_mult_0_DW02_mult_16 using SYNOPSYS_UNCONNECTED_ as prefix.  Please use the change_names command to make the correct changes before invoking the verilog writer.  (VO-11)
Warning: Verilog writer has added 40 nets to module fp32_exp_15 using SYNOPSYS_UNCONNECTED_ as prefix.  Please use the change_names command to make the correct changes before invoking the verilog writer.  (VO-11)
Warning: Verilog writer has added 1 nets to module fp32_mul_15 using SYNOPSYS_UNCONNECTED_ as prefix.  Please use the change_names command to make the correct changes before invoking the verilog writer.  (VO-11)
Warning: Verilog writer has added 4 nets to module fp32_add_30 using SYNOPSYS_UNCONNECTED_ as prefix.  Please use the change_names command to make the correct changes before invoking the verilog writer.  (VO-11)
Warning: Verilog writer has added 15 nets to module fp32_exp_14_DW02_mult_1_DW02_mult_111 using SYNOPSYS_UNCONNECTED_ as prefix.  Please use the change_names command to make the correct changes before invoking the verilog writer.  (VO-11)
Warning: Verilog writer has added 21 nets to module fp32_exp_14_DW02_mult_0_DW02_mult_15 using SYNOPSYS_UNCONNECTED_ as prefix.  Please use the change_names command to make the correct changes before invoking the verilog writer.  (VO-11)
Warning: Verilog writer has added 40 nets to module fp32_exp_14 using SYNOPSYS_UNCONNECTED_ as prefix.  Please use the change_names command to make the correct changes before invoking the verilog writer.  (VO-11)
Warning: Verilog writer has added 1 nets to module fp32_mul_14 using SYNOPSYS_UNCONNECTED_ as prefix.  Please use the change_names command to make the correct changes before invoking the verilog writer.  (VO-11)
Warning: Verilog writer has added 4 nets to module fp32_add_29 using SYNOPSYS_UNCONNECTED_ as prefix.  Please use the change_names command to make the correct changes before invoking the verilog writer.  (VO-11)
Warning: Verilog writer has added 15 nets to module fp32_exp_13_DW02_mult_1_DW02_mult_110 using SYNOPSYS_UNCONNECTED_ as prefix.  Please use the change_names command to make the correct changes before invoking the verilog writer.  (VO-11)
Warning: Verilog writer has added 21 nets to module fp32_exp_13_DW02_mult_0_DW02_mult_14 using SYNOPSYS_UNCONNECTED_ as prefix.  Please use the change_names command to make the correct changes before invoking the verilog writer.  (VO-11)
Warning: Verilog writer has added 40 nets to module fp32_exp_13 using SYNOPSYS_UNCONNECTED_ as prefix.  Please use the change_names command to make the correct changes before invoking the verilog writer.  (VO-11)
Warning: Verilog writer has added 1 nets to module fp32_mul_13 using SYNOPSYS_UNCONNECTED_ as prefix.  Please use the change_names command to make the correct changes before invoking the verilog writer.  (VO-11)
Warning: Verilog writer has added 4 nets to module fp32_add_28 using SYNOPSYS_UNCONNECTED_ as prefix.  Please use the change_names command to make the correct changes before invoking the verilog writer.  (VO-11)
Warning: Verilog writer has added 15 nets to module fp32_exp_12_DW02_mult_1_DW02_mult_109 using SYNOPSYS_UNCONNECTED_ as prefix.  Please use the change_names command to make the correct changes before invoking the verilog writer.  (VO-11)
Warning: Verilog writer has added 21 nets to module fp32_exp_12_DW02_mult_0_DW02_mult_13 using SYNOPSYS_UNCONNECTED_ as prefix.  Please use the change_names command to make the correct changes before invoking the verilog writer.  (VO-11)
Warning: Verilog writer has added 40 nets to module fp32_exp_12 using SYNOPSYS_UNCONNECTED_ as prefix.  Please use the change_names command to make the correct changes before invoking the verilog writer.  (VO-11)
Warning: Verilog writer has added 1 nets to module fp32_mul_12 using SYNOPSYS_UNCONNECTED_ as prefix.  Please use the change_names command to make the correct changes before invoking the verilog writer.  (VO-11)
Warning: Verilog writer has added 4 nets to module fp32_add_27 using SYNOPSYS_UNCONNECTED_ as prefix.  Please use the change_names command to make the correct changes before invoking the verilog writer.  (VO-11)
Warning: Verilog writer has added 15 nets to module fp32_exp_11_DW02_mult_1_DW02_mult_108 using SYNOPSYS_UNCONNECTED_ as prefix.  Please use the change_names command to make the correct changes before invoking the verilog writer.  (VO-11)
Warning: Verilog writer has added 21 nets to module fp32_exp_11_DW02_mult_0_DW02_mult_12 using SYNOPSYS_UNCONNECTED_ as prefix.  Please use the change_names command to make the correct changes before invoking the verilog writer.  (VO-11)
Warning: Verilog writer has added 40 nets to module fp32_exp_11 using SYNOPSYS_UNCONNECTED_ as prefix.  Please use the change_names command to make the correct changes before invoking the verilog writer.  (VO-11)
Warning: Verilog writer has added 1 nets to module fp32_mul_11 using SYNOPSYS_UNCONNECTED_ as prefix.  Please use the change_names command to make the correct changes before invoking the verilog writer.  (VO-11)
Warning: Verilog writer has added 4 nets to module fp32_add_26 using SYNOPSYS_UNCONNECTED_ as prefix.  Please use the change_names command to make the correct changes before invoking the verilog writer.  (VO-11)
Warning: Verilog writer has added 15 nets to module fp32_exp_10_DW02_mult_1_DW02_mult_107 using SYNOPSYS_UNCONNECTED_ as prefix.  Please use the change_names command to make the correct changes before invoking the verilog writer.  (VO-11)
Warning: Verilog writer has added 21 nets to module fp32_exp_10_DW02_mult_0_DW02_mult_11 using SYNOPSYS_UNCONNECTED_ as prefix.  Please use the change_names command to make the correct changes before invoking the verilog writer.  (VO-11)
Warning: Verilog writer has added 40 nets to module fp32_exp_10 using SYNOPSYS_UNCONNECTED_ as prefix.  Please use the change_names command to make the correct changes before invoking the verilog writer.  (VO-11)
Warning: Verilog writer has added 1 nets to module fp32_mul_10 using SYNOPSYS_UNCONNECTED_ as prefix.  Please use the change_names command to make the correct changes before invoking the verilog writer.  (VO-11)
Warning: Verilog writer has added 4 nets to module fp32_add_25 using SYNOPSYS_UNCONNECTED_ as prefix.  Please use the change_names command to make the correct changes before invoking the verilog writer.  (VO-11)
Warning: Verilog writer has added 15 nets to module fp32_exp_9_DW02_mult_1_DW02_mult_106 using SYNOPSYS_UNCONNECTED_ as prefix.  Please use the change_names command to make the correct changes before invoking the verilog writer.  (VO-11)
Warning: Verilog writer has added 21 nets to module fp32_exp_9_DW02_mult_0_DW02_mult_10 using SYNOPSYS_UNCONNECTED_ as prefix.  Please use the change_names command to make the correct changes before invoking the verilog writer.  (VO-11)
Warning: Verilog writer has added 40 nets to module fp32_exp_9 using SYNOPSYS_UNCONNECTED_ as prefix.  Please use the change_names command to make the correct changes before invoking the verilog writer.  (VO-11)
Warning: Verilog writer has added 1 nets to module fp32_mul_9 using SYNOPSYS_UNCONNECTED_ as prefix.  Please use the change_names command to make the correct changes before invoking the verilog writer.  (VO-11)
Warning: Verilog writer has added 4 nets to module fp32_add_24 using SYNOPSYS_UNCONNECTED_ as prefix.  Please use the change_names command to make the correct changes before invoking the verilog writer.  (VO-11)
Warning: Verilog writer has added 15 nets to module fp32_exp_8_DW02_mult_1_DW02_mult_105 using SYNOPSYS_UNCONNECTED_ as prefix.  Please use the change_names command to make the correct changes before invoking the verilog writer.  (VO-11)
Warning: Verilog writer has added 21 nets to module fp32_exp_8_DW02_mult_0_DW02_mult_9 using SYNOPSYS_UNCONNECTED_ as prefix.  Please use the change_names command to make the correct changes before invoking the verilog writer.  (VO-11)
Warning: Verilog writer has added 40 nets to module fp32_exp_8 using SYNOPSYS_UNCONNECTED_ as prefix.  Please use the change_names command to make the correct changes before invoking the verilog writer.  (VO-11)
Warning: Verilog writer has added 1 nets to module fp32_mul_8 using SYNOPSYS_UNCONNECTED_ as prefix.  Please use the change_names command to make the correct changes before invoking the verilog writer.  (VO-11)
Warning: Verilog writer has added 4 nets to module fp32_add_23 using SYNOPSYS_UNCONNECTED_ as prefix.  Please use the change_names command to make the correct changes before invoking the verilog writer.  (VO-11)
Warning: Verilog writer has added 15 nets to module fp32_exp_7_DW02_mult_1_DW02_mult_104 using SYNOPSYS_UNCONNECTED_ as prefix.  Please use the change_names command to make the correct changes before invoking the verilog writer.  (VO-11)
Warning: Verilog writer has added 21 nets to module fp32_exp_7_DW02_mult_0_DW02_mult_8 using SYNOPSYS_UNCONNECTED_ as prefix.  Please use the change_names command to make the correct changes before invoking the verilog writer.  (VO-11)
Warning: Verilog writer has added 40 nets to module fp32_exp_7 using SYNOPSYS_UNCONNECTED_ as prefix.  Please use the change_names command to make the correct changes before invoking the verilog writer.  (VO-11)
Warning: Verilog writer has added 1 nets to module fp32_mul_7 using SYNOPSYS_UNCONNECTED_ as prefix.  Please use the change_names command to make the correct changes before invoking the verilog writer.  (VO-11)
Warning: Verilog writer has added 4 nets to module fp32_add_22 using SYNOPSYS_UNCONNECTED_ as prefix.  Please use the change_names command to make the correct changes before invoking the verilog writer.  (VO-11)
Warning: Verilog writer has added 15 nets to module fp32_exp_6_DW02_mult_1_DW02_mult_103 using SYNOPSYS_UNCONNECTED_ as prefix.  Please use the change_names command to make the correct changes before invoking the verilog writer.  (VO-11)
Warning: Verilog writer has added 21 nets to module fp32_exp_6_DW02_mult_0_DW02_mult_7 using SYNOPSYS_UNCONNECTED_ as prefix.  Please use the change_names command to make the correct changes before invoking the verilog writer.  (VO-11)
Warning: Verilog writer has added 40 nets to module fp32_exp_6 using SYNOPSYS_UNCONNECTED_ as prefix.  Please use the change_names command to make the correct changes before invoking the verilog writer.  (VO-11)
Warning: Verilog writer has added 1 nets to module fp32_mul_6 using SYNOPSYS_UNCONNECTED_ as prefix.  Please use the change_names command to make the correct changes before invoking the verilog writer.  (VO-11)
Warning: Verilog writer has added 4 nets to module fp32_add_21 using SYNOPSYS_UNCONNECTED_ as prefix.  Please use the change_names command to make the correct changes before invoking the verilog writer.  (VO-11)
Warning: Verilog writer has added 15 nets to module fp32_exp_5_DW02_mult_1_DW02_mult_102 using SYNOPSYS_UNCONNECTED_ as prefix.  Please use the change_names command to make the correct changes before invoking the verilog writer.  (VO-11)
Warning: Verilog writer has added 21 nets to module fp32_exp_5_DW02_mult_0_DW02_mult_6 using SYNOPSYS_UNCONNECTED_ as prefix.  Please use the change_names command to make the correct changes before invoking the verilog writer.  (VO-11)
Warning: Verilog writer has added 40 nets to module fp32_exp_5 using SYNOPSYS_UNCONNECTED_ as prefix.  Please use the change_names command to make the correct changes before invoking the verilog writer.  (VO-11)
Warning: Verilog writer has added 1 nets to module fp32_mul_5 using SYNOPSYS_UNCONNECTED_ as prefix.  Please use the change_names command to make the correct changes before invoking the verilog writer.  (VO-11)
Warning: Verilog writer has added 4 nets to module fp32_add_20 using SYNOPSYS_UNCONNECTED_ as prefix.  Please use the change_names command to make the correct changes before invoking the verilog writer.  (VO-11)
Warning: Verilog writer has added 15 nets to module fp32_exp_4_DW02_mult_1_DW02_mult_101 using SYNOPSYS_UNCONNECTED_ as prefix.  Please use the change_names command to make the correct changes before invoking the verilog writer.  (VO-11)
Warning: Verilog writer has added 21 nets to module fp32_exp_4_DW02_mult_0_DW02_mult_5 using SYNOPSYS_UNCONNECTED_ as prefix.  Please use the change_names command to make the correct changes before invoking the verilog writer.  (VO-11)
Warning: Verilog writer has added 40 nets to module fp32_exp_4 using SYNOPSYS_UNCONNECTED_ as prefix.  Please use the change_names command to make the correct changes before invoking the verilog writer.  (VO-11)
Warning: Verilog writer has added 1 nets to module fp32_mul_4 using SYNOPSYS_UNCONNECTED_ as prefix.  Please use the change_names command to make the correct changes before invoking the verilog writer.  (VO-11)
Warning: Verilog writer has added 4 nets to module fp32_add_19 using SYNOPSYS_UNCONNECTED_ as prefix.  Please use the change_names command to make the correct changes before invoking the verilog writer.  (VO-11)
Warning: Verilog writer has added 15 nets to module fp32_exp_3_DW02_mult_1_DW02_mult_100 using SYNOPSYS_UNCONNECTED_ as prefix.  Please use the change_names command to make the correct changes before invoking the verilog writer.  (VO-11)
Warning: Verilog writer has added 21 nets to module fp32_exp_3_DW02_mult_0_DW02_mult_4 using SYNOPSYS_UNCONNECTED_ as prefix.  Please use the change_names command to make the correct changes before invoking the verilog writer.  (VO-11)
Warning: Verilog writer has added 40 nets to module fp32_exp_3 using SYNOPSYS_UNCONNECTED_ as prefix.  Please use the change_names command to make the correct changes before invoking the verilog writer.  (VO-11)
Warning: Verilog writer has added 1 nets to module fp32_mul_3 using SYNOPSYS_UNCONNECTED_ as prefix.  Please use the change_names command to make the correct changes before invoking the verilog writer.  (VO-11)
Warning: Verilog writer has added 4 nets to module fp32_add_18 using SYNOPSYS_UNCONNECTED_ as prefix.  Please use the change_names command to make the correct changes before invoking the verilog writer.  (VO-11)
Warning: Verilog writer has added 15 nets to module fp32_exp_2_DW02_mult_1_DW02_mult_99 using SYNOPSYS_UNCONNECTED_ as prefix.  Please use the change_names command to make the correct changes before invoking the verilog writer.  (VO-11)
Warning: Verilog writer has added 21 nets to module fp32_exp_2_DW02_mult_0_DW02_mult_3 using SYNOPSYS_UNCONNECTED_ as prefix.  Please use the change_names command to make the correct changes before invoking the verilog writer.  (VO-11)
Warning: Verilog writer has added 40 nets to module fp32_exp_2 using SYNOPSYS_UNCONNECTED_ as prefix.  Please use the change_names command to make the correct changes before invoking the verilog writer.  (VO-11)
Warning: Verilog writer has added 1 nets to module fp32_mul_2 using SYNOPSYS_UNCONNECTED_ as prefix.  Please use the change_names command to make the correct changes before invoking the verilog writer.  (VO-11)
Warning: Verilog writer has added 4 nets to module fp32_add_17 using SYNOPSYS_UNCONNECTED_ as prefix.  Please use the change_names command to make the correct changes before invoking the verilog writer.  (VO-11)
Warning: Verilog writer has added 15 nets to module fp32_exp_1_DW02_mult_1_DW02_mult_98 using SYNOPSYS_UNCONNECTED_ as prefix.  Please use the change_names command to make the correct changes before invoking the verilog writer.  (VO-11)
Warning: Verilog writer has added 21 nets to module fp32_exp_1_DW02_mult_0_DW02_mult_2 using SYNOPSYS_UNCONNECTED_ as prefix.  Please use the change_names command to make the correct changes before invoking the verilog writer.  (VO-11)
Warning: Verilog writer has added 40 nets to module fp32_exp_1 using SYNOPSYS_UNCONNECTED_ as prefix.  Please use the change_names command to make the correct changes before invoking the verilog writer.  (VO-11)
Warning: Verilog writer has added 1 nets to module fp32_mul_1 using SYNOPSYS_UNCONNECTED_ as prefix.  Please use the change_names command to make the correct changes before invoking the verilog writer.  (VO-11)
Warning: Verilog writer has added 4 nets to module fp32_add_16 using SYNOPSYS_UNCONNECTED_ as prefix.  Please use the change_names command to make the correct changes before invoking the verilog writer.  (VO-11)
Warning: Verilog writer has added 4 nets to module fp32_add_15 using SYNOPSYS_UNCONNECTED_ as prefix.  Please use the change_names command to make the correct changes before invoking the verilog writer.  (VO-11)
Warning: Verilog writer has added 4 nets to module fp32_add_14 using SYNOPSYS_UNCONNECTED_ as prefix.  Please use the change_names command to make the correct changes before invoking the verilog writer.  (VO-11)
Warning: Verilog writer has added 4 nets to module fp32_add_13 using SYNOPSYS_UNCONNECTED_ as prefix.  Please use the change_names command to make the correct changes before invoking the verilog writer.  (VO-11)
Warning: Verilog writer has added 4 nets to module fp32_add_12 using SYNOPSYS_UNCONNECTED_ as prefix.  Please use the change_names command to make the correct changes before invoking the verilog writer.  (VO-11)
Warning: Verilog writer has added 4 nets to module fp32_add_11 using SYNOPSYS_UNCONNECTED_ as prefix.  Please use the change_names command to make the correct changes before invoking the verilog writer.  (VO-11)
Warning: Verilog writer has added 4 nets to module fp32_add_10 using SYNOPSYS_UNCONNECTED_ as prefix.  Please use the change_names command to make the correct changes before invoking the verilog writer.  (VO-11)
Warning: Verilog writer has added 4 nets to module fp32_add_9 using SYNOPSYS_UNCONNECTED_ as prefix.  Please use the change_names command to make the correct changes before invoking the verilog writer.  (VO-11)
Warning: Verilog writer has added 4 nets to module fp32_add_8 using SYNOPSYS_UNCONNECTED_ as prefix.  Please use the change_names command to make the correct changes before invoking the verilog writer.  (VO-11)
Warning: Verilog writer has added 4 nets to module fp32_add_7 using SYNOPSYS_UNCONNECTED_ as prefix.  Please use the change_names command to make the correct changes before invoking the verilog writer.  (VO-11)
Warning: Verilog writer has added 4 nets to module fp32_add_6 using SYNOPSYS_UNCONNECTED_ as prefix.  Please use the change_names command to make the correct changes before invoking the verilog writer.  (VO-11)
Warning: Verilog writer has added 4 nets to module fp32_add_5 using SYNOPSYS_UNCONNECTED_ as prefix.  Please use the change_names command to make the correct changes before invoking the verilog writer.  (VO-11)
Warning: Verilog writer has added 4 nets to module fp32_add_4 using SYNOPSYS_UNCONNECTED_ as prefix.  Please use the change_names command to make the correct changes before invoking the verilog writer.  (VO-11)
Warning: Verilog writer has added 4 nets to module fp32_add_3 using SYNOPSYS_UNCONNECTED_ as prefix.  Please use the change_names command to make the correct changes before invoking the verilog writer.  (VO-11)
Warning: Verilog writer has added 4 nets to module fp32_add_2 using SYNOPSYS_UNCONNECTED_ as prefix.  Please use the change_names command to make the correct changes before invoking the verilog writer.  (VO-11)
Warning: Verilog writer has added 4 nets to module fp32_add_1 using SYNOPSYS_UNCONNECTED_ as prefix.  Please use the change_names command to make the correct changes before invoking the verilog writer.  (VO-11)
Warning: Verilog writer has added 22 nets to module fp32_recip_DW02_mult_1 using SYNOPSYS_UNCONNECTED_ as prefix.  Please use the change_names command to make the correct changes before invoking the verilog writer.  (VO-11)
Warning: Verilog writer has added 31 nets to module fp32_recip_DW02_mult_0 using SYNOPSYS_UNCONNECTED_ as prefix.  Please use the change_names command to make the correct changes before invoking the verilog writer.  (VO-11)
Warning: Verilog writer has added 58 nets to module fp32_recip using SYNOPSYS_UNCONNECTED_ as prefix.  Please use the change_names command to make the correct changes before invoking the verilog writer.  (VO-11)
Warning: Verilog writer has added 17 nets to module streaming_softmax_unit_LANES16_MAX_TOKENS2048_CONTEXTS32 using SYNOPSYS_UNCONNECTED_ as prefix.  Please use the change_names command to make the correct changes before invoking the verilog writer.  (VO-11)
Warning: Verilog writer has added 20 nets to module fugue2_logic_die using SYNOPSYS_UNCONNECTED_ as prefix.  Please use the change_names command to make the correct changes before invoking the verilog writer.  (VO-11)
1
write_sdc [file join $out_dir ${top_module}.sdc]
Warning: Design 'fugue2_logic_die' has '1' unresolved references. For more detailed information, use the "link" command. (UID-341)
1
quit

Thank you...
