
                           Design Compiler Graphical 
                                 DC Ultra (TM)
                                  DFTMAX (TM)
                              Power Compiler (TM)
                                 DesignWare (R)
                                 DC Expert (TM)
                               Design Vision (TM)
                               HDL Compiler (TM)
                               VHDL Compiler (TM)
                                  DFT Compiler
                               Design Compiler(R)

              Version P-2019.03-SP5-6 for linux64 - Aug 20, 2020 

                    Copyright (c) 1988 - 2020 Synopsys, Inc.
   This software and the associated documentation are proprietary to Synopsys,
 Inc. This software may only be used in accordance with the terms and conditions
 of a written license agreement with Synopsys, Inc. All other use, reproduction,
            or distribution of this software is strictly prohibited.
Initializing...
# Reproducible module/top synthesis using the bundled open ASAP7 RVT/TT NLDM
# libraries.  All constraints are deliberately identical across profiles.
#
# Example (from syn/):
#   . /home/common/profile_synopsys
#   SYN_TOP=softmax_unit SYN_PROFILE=logic SYN_TAG=softmax_p20 #     SYN_PERIOD_NS=2.0 dc_shell -f run_dc_asap7.tcl
set script_dir [file dirname [file normalize [info script]]]
/thu-bloor/xinyao-w23/kvpim-rtl/syn
set root_dir   [file normalize [file join $script_dir ..]]
/thu-bloor/xinyao-w23/kvpim-rtl
set rtl_dir    [file join $root_dir rtl]
/thu-bloor/xinyao-w23/kvpim-rtl/rtl
set lib_dir    [file join $root_dir third_party asap7_lib db]
/thu-bloor/xinyao-w23/kvpim-rtl/third_party/asap7_lib/db
set sram_dir   [file join $root_dir third_party asap7 asap7_sram_0p0 generated]
/thu-bloor/xinyao-w23/kvpim-rtl/third_party/asap7/asap7_sram_0p0/generated
proc envdef {name default} {
    return [expr {[info exists ::env($name)] ? $::env($name) : $default}]
}
set top_module [envdef SYN_TOP attacc_logic_die]
diff_decoder
set profile    [envdef SYN_PROFILE logic]
diff
set tag        [envdef SYN_TAG $top_module]
fugue_diff_p769
set period_ns  [envdef SYN_PERIOD_NS 2.0]
0.769
set max_cores  [envdef SYN_MAX_CORES 4]
1
set period     [expr {$period_ns * 1000.0}]
769.0
set out_root   [envdef SYN_OUT_ROOT dc_asap7]
xinyao_0828
if {[file pathtype $out_root] ne "absolute"} {
    set out_root [file join $script_dir $out_root]
}
/thu-bloor/xinyao-w23/kvpim-rtl/syn/xinyao_0828
set out_dir    [file join $out_root $tag]
/thu-bloor/xinyao-w23/kvpim-rtl/syn/xinyao_0828/fugue_diff_p769
file mkdir $out_dir
set target_library [glob -nocomplain [file join $lib_dir *.db]]
/thu-bloor/xinyao-w23/kvpim-rtl/third_party/asap7_lib/db/asap7sc7p5t_AO_RVT_TT_nldm_211120.db /thu-bloor/xinyao-w23/kvpim-rtl/third_party/asap7_lib/db/asap7sc7p5t_INVBUF_RVT_TT_nldm_211120.db /thu-bloor/xinyao-w23/kvpim-rtl/third_party/asap7_lib/db/asap7sc7p5t_OA_RVT_TT_nldm_211120.db /thu-bloor/xinyao-w23/kvpim-rtl/third_party/asap7_lib/db/asap7sc7p5t_SEQ_RVT_TT_nldm_220123.db /thu-bloor/xinyao-w23/kvpim-rtl/third_party/asap7_lib/db/asap7sc7p5t_SIMPLE_RVT_TT_nldm_211120.db
if {[llength $target_library] == 0} {
    error "No ASAP7 .db views in $lib_dir"
}
set link_library "* $target_library"
* /thu-bloor/xinyao-w23/kvpim-rtl/third_party/asap7_lib/db/asap7sc7p5t_AO_RVT_TT_nldm_211120.db /thu-bloor/xinyao-w23/kvpim-rtl/third_party/asap7_lib/db/asap7sc7p5t_INVBUF_RVT_TT_nldm_211120.db /thu-bloor/xinyao-w23/kvpim-rtl/third_party/asap7_lib/db/asap7sc7p5t_OA_RVT_TT_nldm_211120.db /thu-bloor/xinyao-w23/kvpim-rtl/third_party/asap7_lib/db/asap7sc7p5t_SEQ_RVT_TT_nldm_220123.db /thu-bloor/xinyao-w23/kvpim-rtl/third_party/asap7_lib/db/asap7sc7p5t_SIMPLE_RVT_TT_nldm_211120.db
set search_path [list $rtl_dir $lib_dir $sram_dir [file join $sram_dir verilog]]
/thu-bloor/xinyao-w23/kvpim-rtl/rtl /thu-bloor/xinyao-w23/kvpim-rtl/third_party/asap7_lib/db /thu-bloor/xinyao-w23/kvpim-rtl/third_party/asap7/asap7_sram_0p0/generated /thu-bloor/xinyao-w23/kvpim-rtl/third_party/asap7/asap7_sram_0p0/generated/verilog
# Bound a single DC invocation to the requested local CPU budget.  The matrix
# shell driver runs jobs sequentially, so SYN_MAX_CORES=4 means at most four
# CPU cores are used by this flow (rather than four concurrent DC jobs).
set_host_options -max_cores $max_cores
1
# Profiles keep package/source ordering deterministic and only compile RTL used
# by the requested hardware block.
set common_logic [list     fugue_pkg.sv kv_tlb_pkg.sv fp16_mult.sv fp16_add.sv dbuf_16x256.sv     fp32_add.sv fp32_mul.sv fp32_exp.sv fp32_recip.sv gemv_unit.sv     accumulator.sv softmax_unit.sv]
fugue_pkg.sv kv_tlb_pkg.sv fp16_mult.sv fp16_add.sv dbuf_16x256.sv fp32_add.sv fp32_mul.sv fp32_exp.sv fp32_recip.sv gemv_unit.sv accumulator.sv softmax_unit.sv
set sram_common [list     fugue_pkg.sv kv_tlb_pkg.sv fp16_mult.sv fp16_add.sv dbuf_16x256_asap7.sv     fp32_add.sv fp32_mul.sv fp32_exp.sv fp32_recip.sv gemv_unit.sv     accumulator.sv softmax_buffer_sram.sv softmax_buffer.sv streaming_softmax_unit.sv]
fugue_pkg.sv kv_tlb_pkg.sv fp16_mult.sv fp16_add.sv dbuf_16x256_asap7.sv fp32_add.sv fp32_mul.sv fp32_exp.sv fp32_recip.sv gemv_unit.sv accumulator.sv softmax_buffer_sram.sv softmax_buffer.sv streaming_softmax_unit.sv
proc enable_asap7_sram {sram_dir} {
    global target_library link_library
    foreach name {srambank_256x4x64_6t122 srambank_64x4x16_6t122} {
        set db [file join $sram_dir db ${name}.db]
        if {![file exists $db]} { error "Missing $db. Run: lc_shell -f compile_asap7_sram_libs.tcl" }
        lappend target_library $db
    }
    set link_library "* $target_library"
}
switch -- $profile {
    logic {
        set sources $common_logic
    }
    diff {
        set sources [concat $common_logic [list diff_decoder.sv]]
    }
    attacc {
        set sources [concat $common_logic [list direct_addr_plan.sv attacc_controller.sv attacc_logic_die.sv]]
    }
    attacc_sram {
        enable_asap7_sram $sram_dir
        set sources [concat $sram_common [list direct_addr_plan.sv attacc_controller.sv attacc_logic_die.sv             [file join $sram_dir verilog srambank_256x4x64_6t122.v]             [file join $sram_dir verilog srambank_64x4x16_6t122.v]]]
    }
    fugue2 {
        set sources [concat $common_logic [list kv_seg_tlb.sv kv_ptw.sv kv_scan_planner.sv kv_tlb_top.sv diff_decoder.sv attacc_controller.sv fugue2_logic_die.sv]]
    }
    fugue2_sram {
        enable_asap7_sram $sram_dir
        set sources [concat $sram_common [list kv_seg_tlb.sv kv_ptw.sv kv_scan_planner.sv kv_tlb_top.sv diff_decoder.sv attacc_controller.sv fugue2_logic_die.sv             [file join $sram_dir verilog srambank_256x4x64_6t122.v]             [file join $sram_dir verilog srambank_64x4x16_6t122.v]]]
    }
    fugue {
        set sources [concat $common_logic [list bf16_mult.sv bf16_add.sv sincos_bf16.sv rotate_q_bf16.sv kv_seg_tlb.sv kv_ptw.sv kv_scan_planner.sv kv_tlb_top.sv diff_decoder.sv attacc_controller.sv fugue_logic_die.sv]]
    }
    fugue_sram {
        enable_asap7_sram $sram_dir
        set sources [concat $sram_common [list bf16_mult.sv bf16_add.sv sincos_bf16.sv rotate_q_bf16.sv kv_seg_tlb.sv kv_ptw.sv kv_scan_planner.sv kv_tlb_top.sv diff_decoder.sv attacc_controller.sv fugue_logic_die.sv             [file join $sram_dir verilog srambank_256x4x64_6t122.v]             [file join $sram_dir verilog srambank_64x4x16_6t122.v]]]
    }
    kvtlb {
        set sources [list kv_tlb_pkg.sv kv_seg_tlb.sv kv_ptw.sv kv_scan_planner.sv kv_tlb_top.sv kv_tlb_variants.sv]
    }
    rotate {
        set sources [list bf16_mult.sv bf16_add.sv sincos_bf16.sv rotate_q_bf16.sv]
    }
    smbuf {
        set sources [list fugue_pkg.sv softmax_buffer.sv]
    }
    smbuf_sram {
        set sram_db [file join $sram_dir db srambank_256x4x64_6t122.db]
        if {![file exists $sram_db]} {
            error "Missing $sram_db. Run: lc_shell -f compile_asap7_sram_libs.tcl"
        }
        lappend target_library $sram_db
        set link_library "* $target_library"
        set sources [list fugue_pkg.sv softmax_buffer_sram.sv softmax_buffer.sv             [file join $sram_dir verilog srambank_256x4x64_6t122.v]]
    }
    bankpe {
        set sources [list fugue_pkg.sv fp16_mult.sv fp16_add.sv fp16_mult_piped.sv fp16_add_piped.sv mac_tree16_piped.sv dbuf_16x256.sv gemv_unit.sv mq_bank_pe.sv]
    }
    default { error "Unknown SYN_PROFILE=$profile" }
}
fugue_pkg.sv kv_tlb_pkg.sv fp16_mult.sv fp16_add.sv dbuf_16x256.sv fp32_add.sv fp32_mul.sv fp32_exp.sv fp32_recip.sv gemv_unit.sv accumulator.sv softmax_unit.sv diff_decoder.sv
set src_paths {}
foreach source $sources {
    if {[file pathtype $source] eq "absolute"} { lappend src_paths $source }     else { lappend src_paths [file join $rtl_dir $source] }
}
define_design_lib WORK -path [file join $out_dir WORK]
1
analyze -format sverilog $src_paths
Running PRESTO HDLC
Compiling source file /thu-bloor/xinyao-w23/kvpim-rtl/rtl/fugue_pkg.sv
Compiling source file /thu-bloor/xinyao-w23/kvpim-rtl/rtl/kv_tlb_pkg.sv
Compiling source file /thu-bloor/xinyao-w23/kvpim-rtl/rtl/fp16_mult.sv
Warning:  /thu-bloor/xinyao-w23/kvpim-rtl/rtl/kv_tlb_pkg.sv:120: signed to unsigned conversion occurs. (VER-318)
Compiling source file /thu-bloor/xinyao-w23/kvpim-rtl/rtl/fp16_add.sv
Compiling source file /thu-bloor/xinyao-w23/kvpim-rtl/rtl/dbuf_16x256.sv
Compiling source file /thu-bloor/xinyao-w23/kvpim-rtl/rtl/fp32_add.sv
Compiling source file /thu-bloor/xinyao-w23/kvpim-rtl/rtl/fp32_mul.sv
Compiling source file /thu-bloor/xinyao-w23/kvpim-rtl/rtl/fp32_exp.sv
Compiling source file /thu-bloor/xinyao-w23/kvpim-rtl/rtl/fp32_recip.sv
Compiling source file /thu-bloor/xinyao-w23/kvpim-rtl/rtl/gemv_unit.sv
Compiling source file /thu-bloor/xinyao-w23/kvpim-rtl/rtl/accumulator.sv
Compiling source file /thu-bloor/xinyao-w23/kvpim-rtl/rtl/softmax_unit.sv
Compiling source file /thu-bloor/xinyao-w23/kvpim-rtl/rtl/diff_decoder.sv
Presto compilation completed successfully.
Loading db file '/thu-bloor/xinyao-w23/kvpim-rtl/third_party/asap7_lib/db/asap7sc7p5t_AO_RVT_TT_nldm_211120.db'
Loading db file '/thu-bloor/xinyao-w23/kvpim-rtl/third_party/asap7_lib/db/asap7sc7p5t_INVBUF_RVT_TT_nldm_211120.db'
Loading db file '/thu-bloor/xinyao-w23/kvpim-rtl/third_party/asap7_lib/db/asap7sc7p5t_OA_RVT_TT_nldm_211120.db'
Loading db file '/thu-bloor/xinyao-w23/kvpim-rtl/third_party/asap7_lib/db/asap7sc7p5t_SEQ_RVT_TT_nldm_220123.db'
Loading db file '/thu-bloor/xinyao-w23/kvpim-rtl/third_party/asap7_lib/db/asap7sc7p5t_SIMPLE_RVT_TT_nldm_211120.db'
1
elaborate $top_module
Loading db file '/usr/local/bin/Synopsys/syn/P-2019.03-SP5-6/libraries/syn/gtech.db'
Loading db file '/usr/local/bin/Synopsys/syn/P-2019.03-SP5-6/libraries/syn/standard.sldb'
  Loading link library 'asap7sc7p5t_AO_RVT_TT_nldm_211120'
  Loading link library 'asap7sc7p5t_INVBUF_RVT_TT_nldm_211120'
  Loading link library 'asap7sc7p5t_OA_RVT_TT_nldm_211120'
  Loading link library 'asap7sc7p5t_SEQ_RVT_TT_nldm_220123'
  Loading link library 'asap7sc7p5t_SIMPLE_RVT_TT_nldm_211120'
  Loading link library 'gtech'
Running PRESTO HDLC
Warning:  /thu-bloor/xinyao-w23/kvpim-rtl/rtl/diff_decoder.sv:74: signed to unsigned part selection occurs. (VER-318)

Inferred memory devices in process
	in routine diff_decoder line 57 in file
		'/thu-bloor/xinyao-w23/kvpim-rtl/rtl/diff_decoder.sv'.
===============================================================================
|    Register Name    |   Type    | Width | Bus | MB | AR | AS | SR | SS | ST |
===============================================================================
|    diff_mask_reg    | Flip-flop | 2048  |  Y  | N  | Y  | N  | N  | N  | N  |
===============================================================================
Statistics for MUX_OPs
======================================================
| block name/line  | Inputs | Outputs | # sel inputs |
======================================================
| diff_decoder/66  |  128   |   16    |      7       |
| diff_decoder/82  |   16   |   32    |      4       |
| diff_decoder/82  |   16   |   32    |      4       |
| diff_decoder/82  |   16   |   32    |      4       |
| diff_decoder/82  |   16   |   32    |      4       |
| diff_decoder/82  |   16   |   32    |      4       |
| diff_decoder/82  |   16   |   32    |      4       |
| diff_decoder/82  |   16   |   32    |      4       |
| diff_decoder/82  |   16   |   32    |      4       |
| diff_decoder/82  |   16   |   32    |      4       |
| diff_decoder/82  |   16   |   32    |      4       |
| diff_decoder/82  |   16   |   32    |      4       |
| diff_decoder/82  |   16   |   32    |      4       |
| diff_decoder/82  |   16   |   32    |      4       |
| diff_decoder/82  |   16   |   32    |      4       |
| diff_decoder/82  |   16   |   32    |      4       |
| diff_decoder/82  |   16   |   32    |      4       |
| diff_decoder/91  |  128   |   16    |      7       |
======================================================
Presto compilation completed successfully. (diff_decoder)
Elaborated 1 design.
Current design is now 'diff_decoder'.
1
current_design $top_module
Current design is 'diff_decoder'.
{diff_decoder}
link

  Linking design 'diff_decoder'
  Using the following designs and libraries:
  --------------------------------------------------------------------------
  diff_decoder                /thu-bloor/xinyao-w23/kvpim-rtl/syn/diff_decoder.db
  asap7sc7p5t_AO_RVT_TT_nldm_211120 (library) /thu-bloor/xinyao-w23/kvpim-rtl/third_party/asap7_lib/db/asap7sc7p5t_AO_RVT_TT_nldm_211120.db
  asap7sc7p5t_INVBUF_RVT_TT_nldm_211120 (library) /thu-bloor/xinyao-w23/kvpim-rtl/third_party/asap7_lib/db/asap7sc7p5t_INVBUF_RVT_TT_nldm_211120.db
  asap7sc7p5t_OA_RVT_TT_nldm_211120 (library) /thu-bloor/xinyao-w23/kvpim-rtl/third_party/asap7_lib/db/asap7sc7p5t_OA_RVT_TT_nldm_211120.db
  asap7sc7p5t_SEQ_RVT_TT_nldm_220123 (library) /thu-bloor/xinyao-w23/kvpim-rtl/third_party/asap7_lib/db/asap7sc7p5t_SEQ_RVT_TT_nldm_220123.db
  asap7sc7p5t_SIMPLE_RVT_TT_nldm_211120 (library) /thu-bloor/xinyao-w23/kvpim-rtl/third_party/asap7_lib/db/asap7sc7p5t_SIMPLE_RVT_TT_nldm_211120.db

1
create_clock -name clk -period $period [get_ports clk]
1
set_clock_uncertainty 50.0 [get_clocks clk]
1
set_clock_transition 20.0 [get_clocks clk]
1
set data_ports [remove_from_collection [all_inputs] [get_ports {clk rst_n}]]
{meta_wr_en meta_wr_idx[6] meta_wr_idx[5] meta_wr_idx[4] meta_wr_idx[3] meta_wr_idx[2] meta_wr_idx[1] meta_wr_idx[0] meta_wr_mask[15] meta_wr_mask[14] meta_wr_mask[13] meta_wr_mask[12] meta_wr_mask[11] meta_wr_mask[10] meta_wr_mask[9] meta_wr_mask[8] meta_wr_mask[7] meta_wr_mask[6] meta_wr_mask[5] meta_wr_mask[4] meta_wr_mask[3] meta_wr_mask[2] meta_wr_mask[1] meta_wr_mask[0] fwd_valid fwd_word_idx[6] fwd_word_idx[5] fwd_word_idx[4] fwd_word_idx[3] fwd_word_idx[2] fwd_word_idx[1] fwd_word_idx[0] master_score[15][31] master_score[15][30] master_score[15][29] master_score[15][28] master_score[15][27] master_score[15][26] master_score[15][25] master_score[15][24] master_score[15][23] master_score[15][22] master_score[15][21] master_score[15][20] master_score[15][19] master_score[15][18] master_score[15][17] master_score[15][16] master_score[15][15] master_score[15][14] master_score[15][13] master_score[15][12] master_score[15][11] master_score[15][10] master_score[15][9] master_score[15][8] master_score[15][7] master_score[15][6] master_score[15][5] master_score[15][4] master_score[15][3] master_score[15][2] master_score[15][1] master_score[15][0] master_score[14][31] master_score[14][30] master_score[14][29] master_score[14][28] master_score[14][27] master_score[14][26] master_score[14][25] master_score[14][24] master_score[14][23] master_score[14][22] master_score[14][21] master_score[14][20] master_score[14][19] master_score[14][18] master_score[14][17] master_score[14][16] master_score[14][15] master_score[14][14] master_score[14][13] master_score[14][12] master_score[14][11] master_score[14][10] master_score[14][9] master_score[14][8] master_score[14][7] master_score[14][6] master_score[14][5] master_score[14][4] master_score[14][3] master_score[14][2] master_score[14][1] master_score[14][0] master_score[13][31] master_score[13][30] master_score[13][29] master_score[13][28] ...}
set_input_delay [expr {$period * 0.30}] -clock clk $data_ports
1
set_output_delay [expr {$period * 0.30}] -clock clk [all_outputs]
1
set_driving_cell -lib_cell BUFx2_ASAP7_75t_R $data_ports
Warning: Design rule attributes from the driving cell will be
	set on the port. (UID-401)
Warning: Design rule attributes from the driving cell will be
	set on the port. (UID-401)
Warning: Design rule attributes from the driving cell will be
	set on the port. (UID-401)
Warning: Design rule attributes from the driving cell will be
	set on the port. (UID-401)
Warning: Design rule attributes from the driving cell will be
	set on the port. (UID-401)
Warning: Design rule attributes from the driving cell will be
	set on the port. (UID-401)
Warning: Design rule attributes from the driving cell will be
	set on the port. (UID-401)
Warning: Design rule attributes from the driving cell will be
	set on the port. (UID-401)
Warning: Design rule attributes from the driving cell will be
	set on the port. (UID-401)
Warning: Design rule attributes from the driving cell will be
	set on the port. (UID-401)
Warning: Design rule attributes from the driving cell will be
	set on the port. (UID-401)
Warning: Design rule attributes from the driving cell will be
	set on the port. (UID-401)
Warning: Design rule attributes from the driving cell will be
	set on the port. (UID-401)
Warning: Design rule attributes from the driving cell will be
	set on the port. (UID-401)
Warning: Design rule attributes from the driving cell will be
	set on the port. (UID-401)
Warning: Design rule attributes from the driving cell will be
	set on the port. (UID-401)
Warning: Design rule attributes from the driving cell will be
	set on the port. (UID-401)
Warning: Design rule attributes from the driving cell will be
	set on the port. (UID-401)
Warning: Design rule attributes from the driving cell will be
	set on the port. (UID-401)
Warning: Design rule attributes from the driving cell will be
	set on the port. (UID-401)
Warning: Design rule attributes from the driving cell will be
	set on the port. (UID-401)
Warning: Design rule attributes from the driving cell will be
	set on the port. (UID-401)
Warning: Design rule attributes from the driving cell will be
	set on the port. (UID-401)
Warning: Design rule attributes from the driving cell will be
	set on the port. (UID-401)
Warning: Design rule attributes from the driving cell will be
	set on the port. (UID-401)
Warning: Design rule attributes from the driving cell will be
	set on the port. (UID-401)
Warning: Design rule attributes from the driving cell will be
	set on the port. (UID-401)
Warning: Design rule attributes from the driving cell will be
	set on the port. (UID-401)
Warning: Design rule attributes from the driving cell will be
	set on the port. (UID-401)
Warning: Design rule attributes from the driving cell will be
	set on the port. (UID-401)
Warning: Design rule attributes from the driving cell will be
	set on the port. (UID-401)
Warning: Design rule attributes from the driving cell will be
	set on the port. (UID-401)
Warning: Design rule attributes from the driving cell will be
	set on the port. (UID-401)
Warning: Design rule attributes from the driving cell will be
	set on the port. (UID-401)
Warning: Design rule attributes from the driving cell will be
	set on the port. (UID-401)
Warning: Design rule attributes from the driving cell will be
	set on the port. (UID-401)
Warning: Design rule attributes from the driving cell will be
	set on the port. (UID-401)
Warning: Design rule attributes from the driving cell will be
	set on the port. (UID-401)
Warning: Design rule attributes from the driving cell will be
	set on the port. (UID-401)
Warning: Design rule attributes from the driving cell will be
	set on the port. (UID-401)
Warning: Design rule attributes from the driving cell will be
	set on the port. (UID-401)
Warning: Design rule attributes from the driving cell will be
	set on the port. (UID-401)
Warning: Design rule attributes from the driving cell will be
	set on the port. (UID-401)
Warning: Design rule attributes from the driving cell will be
	set on the port. (UID-401)
Warning: Design rule attributes from the driving cell will be
	set on the port. (UID-401)
Warning: Design rule attributes from the driving cell will be
	set on the port. (UID-401)
Warning: Design rule attributes from the driving cell will be
	set on the port. (UID-401)
Warning: Design rule attributes from the driving cell will be
	set on the port. (UID-401)
Warning: Design rule attributes from the driving cell will be
	set on the port. (UID-401)
Warning: Design rule attributes from the driving cell will be
	set on the port. (UID-401)
Warning: Design rule attributes from the driving cell will be
	set on the port. (UID-401)
Warning: Design rule attributes from the driving cell will be
	set on the port. (UID-401)
Warning: Design rule attributes from the driving cell will be
	set on the port. (UID-401)
Warning: Design rule attributes from the driving cell will be
	set on the port. (UID-401)
Warning: Design rule attributes from the driving cell will be
	set on the port. (UID-401)
Warning: Design rule attributes from the driving cell will be
	set on the port. (UID-401)
Warning: Design rule attributes from the driving cell will be
	set on the port. (UID-401)
Warning: Design rule attributes from the driving cell will be
	set on the port. (UID-401)
Warning: Design rule attributes from the driving cell will be
	set on the port. (UID-401)
Warning: Design rule attributes from the driving cell will be
	set on the port. (UID-401)
Warning: Design rule attributes from the driving cell will be
	set on the port. (UID-401)
Warning: Design rule attributes from the driving cell will be
	set on the port. (UID-401)
Warning: Design rule attributes from the driving cell will be
	set on the port. (UID-401)
Warning: Design rule attributes from the driving cell will be
	set on the port. (UID-401)
Warning: Design rule attributes from the driving cell will be
	set on the port. (UID-401)
Warning: Design rule attributes from the driving cell will be
	set on the port. (UID-401)
Warning: Design rule attributes from the driving cell will be
	set on the port. (UID-401)
Warning: Design rule attributes from the driving cell will be
	set on the port. (UID-401)
Warning: Design rule attributes from the driving cell will be
	set on the port. (UID-401)
Warning: Design rule attributes from the driving cell will be
	set on the port. (UID-401)
Warning: Design rule attributes from the driving cell will be
	set on the port. (UID-401)
Warning: Design rule attributes from the driving cell will be
	set on the port. (UID-401)
Warning: Design rule attributes from the driving cell will be
	set on the port. (UID-401)
Warning: Design rule attributes from the driving cell will be
	set on the port. (UID-401)
Warning: Design rule attributes from the driving cell will be
	set on the port. (UID-401)
Warning: Design rule attributes from the driving cell will be
	set on the port. (UID-401)
Warning: Design rule attributes from the driving cell will be
	set on the port. (UID-401)
Warning: Design rule attributes from the driving cell will be
	set on the port. (UID-401)
Warning: Design rule attributes from the driving cell will be
	set on the port. (UID-401)
Warning: Design rule attributes from the driving cell will be
	set on the port. (UID-401)
Warning: Design rule attributes from the driving cell will be
	set on the port. (UID-401)
Warning: Design rule attributes from the driving cell will be
	set on the port. (UID-401)
Warning: Design rule attributes from the driving cell will be
	set on the port. (UID-401)
Warning: Design rule attributes from the driving cell will be
	set on the port. (UID-401)
Warning: Design rule attributes from the driving cell will be
	set on the port. (UID-401)
Warning: Design rule attributes from the driving cell will be
	set on the port. (UID-401)
Warning: Design rule attributes from the driving cell will be
	set on the port. (UID-401)
Warning: Design rule attributes from the driving cell will be
	set on the port. (UID-401)
Warning: Design rule attributes from the driving cell will be
	set on the port. (UID-401)
Warning: Design rule attributes from the driving cell will be
	set on the port. (UID-401)
Warning: Design rule attributes from the driving cell will be
	set on the port. (UID-401)
Warning: Design rule attributes from the driving cell will be
	set on the port. (UID-401)
Warning: Design rule attributes from the driving cell will be
	set on the port. (UID-401)
Warning: Design rule attributes from the driving cell will be
	set on the port. (UID-401)
Warning: Design rule attributes from the driving cell will be
	set on the port. (UID-401)
Warning: Design rule attributes from the driving cell will be
	set on the port. (UID-401)
Warning: Design rule attributes from the driving cell will be
	set on the port. (UID-401)
Warning: Design rule attributes from the driving cell will be
	set on the port. (UID-401)
Warning: Design rule attributes from the driving cell will be
	set on the port. (UID-401)
Warning: Design rule attributes from the driving cell will be
	set on the port. (UID-401)
Warning: Design rule attributes from the driving cell will be
	set on the port. (UID-401)
Warning: Design rule attributes from the driving cell will be
	set on the port. (UID-401)
Warning: Design rule attributes from the driving cell will be
	set on the port. (UID-401)
Warning: Design rule attributes from the driving cell will be
	set on the port. (UID-401)
Warning: Design rule attributes from the driving cell will be
	set on the port. (UID-401)
Warning: Design rule attributes from the driving cell will be
	set on the port. (UID-401)
Warning: Design rule attributes from the driving cell will be
	set on the port. (UID-401)
Warning: Design rule attributes from the driving cell will be
	set on the port. (UID-401)
Warning: Design rule attributes from the driving cell will be
	set on the port. (UID-401)
Warning: Design rule attributes from the driving cell will be
	set on the port. (UID-401)
Warning: Design rule attributes from the driving cell will be
	set on the port. (UID-401)
Warning: Design rule attributes from the driving cell will be
	set on the port. (UID-401)
Warning: Design rule attributes from the driving cell will be
	set on the port. (UID-401)
Warning: Design rule attributes from the driving cell will be
	set on the port. (UID-401)
Warning: Design rule attributes from the driving cell will be
	set on the port. (UID-401)
Warning: Design rule attributes from the driving cell will be
	set on the port. (UID-401)
Warning: Design rule attributes from the driving cell will be
	set on the port. (UID-401)
Warning: Design rule attributes from the driving cell will be
	set on the port. (UID-401)
Warning: Design rule attributes from the driving cell will be
	set on the port. (UID-401)
Warning: Design rule attributes from the driving cell will be
	set on the port. (UID-401)
Warning: Design rule attributes from the driving cell will be
	set on the port. (UID-401)
Warning: Design rule attributes from the driving cell will be
	set on the port. (UID-401)
Warning: Design rule attributes from the driving cell will be
	set on the port. (UID-401)
Warning: Design rule attributes from the driving cell will be
	set on the port. (UID-401)
Warning: Design rule attributes from the driving cell will be
	set on the port. (UID-401)
Warning: Design rule attributes from the driving cell will be
	set on the port. (UID-401)
Warning: Design rule attributes from the driving cell will be
	set on the port. (UID-401)
Warning: Design rule attributes from the driving cell will be
	set on the port. (UID-401)
Warning: Design rule attributes from the driving cell will be
	set on the port. (UID-401)
Warning: Design rule attributes from the driving cell will be
	set on the port. (UID-401)
Warning: Design rule attributes from the driving cell will be
	set on the port. (UID-401)
Warning: Design rule attributes from the driving cell will be
	set on the port. (UID-401)
Warning: Design rule attributes from the driving cell will be
	set on the port. (UID-401)
Warning: Design rule attributes from the driving cell will be
	set on the port. (UID-401)
Warning: Design rule attributes from the driving cell will be
	set on the port. (UID-401)
Warning: Design rule attributes from the driving cell will be
	set on the port. (UID-401)
Warning: Design rule attributes from the driving cell will be
	set on the port. (UID-401)
Warning: Design rule attributes from the driving cell will be
	set on the port. (UID-401)
Warning: Design rule attributes from the driving cell will be
	set on the port. (UID-401)
Warning: Design rule attributes from the driving cell will be
	set on the port. (UID-401)
Warning: Design rule attributes from the driving cell will be
	set on the port. (UID-401)
Warning: Design rule attributes from the driving cell will be
	set on the port. (UID-401)
Warning: Design rule attributes from the driving cell will be
	set on the port. (UID-401)
Warning: Design rule attributes from the driving cell will be
	set on the port. (UID-401)
Warning: Design rule attributes from the driving cell will be
	set on the port. (UID-401)
Warning: Design rule attributes from the driving cell will be
	set on the port. (UID-401)
Warning: Design rule attributes from the driving cell will be
	set on the port. (UID-401)
Warning: Design rule attributes from the driving cell will be
	set on the port. (UID-401)
Warning: Design rule attributes from the driving cell will be
	set on the port. (UID-401)
Warning: Design rule attributes from the driving cell will be
	set on the port. (UID-401)
Warning: Design rule attributes from the driving cell will be
	set on the port. (UID-401)
Warning: Design rule attributes from the driving cell will be
	set on the port. (UID-401)
Warning: Design rule attributes from the driving cell will be
	set on the port. (UID-401)
Warning: Design rule attributes from the driving cell will be
	set on the port. (UID-401)
Warning: Design rule attributes from the driving cell will be
	set on the port. (UID-401)
Warning: Design rule attributes from the driving cell will be
	set on the port. (UID-401)
Warning: Design rule attributes from the driving cell will be
	set on the port. (UID-401)
Warning: Design rule attributes from the driving cell will be
	set on the port. (UID-401)
Warning: Design rule attributes from the driving cell will be
	set on the port. (UID-401)
Warning: Design rule attributes from the driving cell will be
	set on the port. (UID-401)
Warning: Design rule attributes from the driving cell will be
	set on the port. (UID-401)
Warning: Design rule attributes from the driving cell will be
	set on the port. (UID-401)
Warning: Design rule attributes from the driving cell will be
	set on the port. (UID-401)
Warning: Design rule attributes from the driving cell will be
	set on the port. (UID-401)
Warning: Design rule attributes from the driving cell will be
	set on the port. (UID-401)
Warning: Design rule attributes from the driving cell will be
	set on the port. (UID-401)
Warning: Design rule attributes from the driving cell will be
	set on the port. (UID-401)
Warning: Design rule attributes from the driving cell will be
	set on the port. (UID-401)
Warning: Design rule attributes from the driving cell will be
	set on the port. (UID-401)
Warning: Design rule attributes from the driving cell will be
	set on the port. (UID-401)
Warning: Design rule attributes from the driving cell will be
	set on the port. (UID-401)
Warning: Design rule attributes from the driving cell will be
	set on the port. (UID-401)
Warning: Design rule attributes from the driving cell will be
	set on the port. (UID-401)
Warning: Design rule attributes from the driving cell will be
	set on the port. (UID-401)
Warning: Design rule attributes from the driving cell will be
	set on the port. (UID-401)
Warning: Design rule attributes from the driving cell will be
	set on the port. (UID-401)
Warning: Design rule attributes from the driving cell will be
	set on the port. (UID-401)
Warning: Design rule attributes from the driving cell will be
	set on the port. (UID-401)
Warning: Design rule attributes from the driving cell will be
	set on the port. (UID-401)
Warning: Design rule attributes from the driving cell will be
	set on the port. (UID-401)
Warning: Design rule attributes from the driving cell will be
	set on the port. (UID-401)
Warning: Design rule attributes from the driving cell will be
	set on the port. (UID-401)
Warning: Design rule attributes from the driving cell will be
	set on the port. (UID-401)
Warning: Design rule attributes from the driving cell will be
	set on the port. (UID-401)
Warning: Design rule attributes from the driving cell will be
	set on the port. (UID-401)
Warning: Design rule attributes from the driving cell will be
	set on the port. (UID-401)
Warning: Design rule attributes from the driving cell will be
	set on the port. (UID-401)
Warning: Design rule attributes from the driving cell will be
	set on the port. (UID-401)
Warning: Design rule attributes from the driving cell will be
	set on the port. (UID-401)
Warning: Design rule attributes from the driving cell will be
	set on the port. (UID-401)
Warning: Design rule attributes from the driving cell will be
	set on the port. (UID-401)
Warning: Design rule attributes from the driving cell will be
	set on the port. (UID-401)
Warning: Design rule attributes from the driving cell will be
	set on the port. (UID-401)
Warning: Design rule attributes from the driving cell will be
	set on the port. (UID-401)
Warning: Design rule attributes from the driving cell will be
	set on the port. (UID-401)
Warning: Design rule attributes from the driving cell will be
	set on the port. (UID-401)
Warning: Design rule attributes from the driving cell will be
	set on the port. (UID-401)
Warning: Design rule attributes from the driving cell will be
	set on the port. (UID-401)
Warning: Design rule attributes from the driving cell will be
	set on the port. (UID-401)
Warning: Design rule attributes from the driving cell will be
	set on the port. (UID-401)
Warning: Design rule attributes from the driving cell will be
	set on the port. (UID-401)
Warning: Design rule attributes from the driving cell will be
	set on the port. (UID-401)
Warning: Design rule attributes from the driving cell will be
	set on the port. (UID-401)
Warning: Design rule attributes from the driving cell will be
	set on the port. (UID-401)
Warning: Design rule attributes from the driving cell will be
	set on the port. (UID-401)
Warning: Design rule attributes from the driving cell will be
	set on the port. (UID-401)
Warning: Design rule attributes from the driving cell will be
	set on the port. (UID-401)
Warning: Design rule attributes from the driving cell will be
	set on the port. (UID-401)
Warning: Design rule attributes from the driving cell will be
	set on the port. (UID-401)
Warning: Design rule attributes from the driving cell will be
	set on the port. (UID-401)
Warning: Design rule attributes from the driving cell will be
	set on the port. (UID-401)
Warning: Design rule attributes from the driving cell will be
	set on the port. (UID-401)
Warning: Design rule attributes from the driving cell will be
	set on the port. (UID-401)
Warning: Design rule attributes from the driving cell will be
	set on the port. (UID-401)
Warning: Design rule attributes from the driving cell will be
	set on the port. (UID-401)
Warning: Design rule attributes from the driving cell will be
	set on the port. (UID-401)
Warning: Design rule attributes from the driving cell will be
	set on the port. (UID-401)
Warning: Design rule attributes from the driving cell will be
	set on the port. (UID-401)
Warning: Design rule attributes from the driving cell will be
	set on the port. (UID-401)
Warning: Design rule attributes from the driving cell will be
	set on the port. (UID-401)
Warning: Design rule attributes from the driving cell will be
	set on the port. (UID-401)
Warning: Design rule attributes from the driving cell will be
	set on the port. (UID-401)
Warning: Design rule attributes from the driving cell will be
	set on the port. (UID-401)
Warning: Design rule attributes from the driving cell will be
	set on the port. (UID-401)
Warning: Design rule attributes from the driving cell will be
	set on the port. (UID-401)
Warning: Design rule attributes from the driving cell will be
	set on the port. (UID-401)
Warning: Design rule attributes from the driving cell will be
	set on the port. (UID-401)
Warning: Design rule attributes from the driving cell will be
	set on the port. (UID-401)
Warning: Design rule attributes from the driving cell will be
	set on the port. (UID-401)
Warning: Design rule attributes from the driving cell will be
	set on the port. (UID-401)
Warning: Design rule attributes from the driving cell will be
	set on the port. (UID-401)
Warning: Design rule attributes from the driving cell will be
	set on the port. (UID-401)
Warning: Design rule attributes from the driving cell will be
	set on the port. (UID-401)
Warning: Design rule attributes from the driving cell will be
	set on the port. (UID-401)
Warning: Design rule attributes from the driving cell will be
	set on the port. (UID-401)
Warning: Design rule attributes from the driving cell will be
	set on the port. (UID-401)
Warning: Design rule attributes from the driving cell will be
	set on the port. (UID-401)
Warning: Design rule attributes from the driving cell will be
	set on the port. (UID-401)
Warning: Design rule attributes from the driving cell will be
	set on the port. (UID-401)
Warning: Design rule attributes from the driving cell will be
	set on the port. (UID-401)
Warning: Design rule attributes from the driving cell will be
	set on the port. (UID-401)
Warning: Design rule attributes from the driving cell will be
	set on the port. (UID-401)
Warning: Design rule attributes from the driving cell will be
	set on the port. (UID-401)
Warning: Design rule attributes from the driving cell will be
	set on the port. (UID-401)
Warning: Design rule attributes from the driving cell will be
	set on the port. (UID-401)
Warning: Design rule attributes from the driving cell will be
	set on the port. (UID-401)
Warning: Design rule attributes from the driving cell will be
	set on the port. (UID-401)
Warning: Design rule attributes from the driving cell will be
	set on the port. (UID-401)
Warning: Design rule attributes from the driving cell will be
	set on the port. (UID-401)
Warning: Design rule attributes from the driving cell will be
	set on the port. (UID-401)
Warning: Design rule attributes from the driving cell will be
	set on the port. (UID-401)
Warning: Design rule attributes from the driving cell will be
	set on the port. (UID-401)
Warning: Design rule attributes from the driving cell will be
	set on the port. (UID-401)
Warning: Design rule attributes from the driving cell will be
	set on the port. (UID-401)
Warning: Design rule attributes from the driving cell will be
	set on the port. (UID-401)
Warning: Design rule attributes from the driving cell will be
	set on the port. (UID-401)
Warning: Design rule attributes from the driving cell will be
	set on the port. (UID-401)
Warning: Design rule attributes from the driving cell will be
	set on the port. (UID-401)
Warning: Design rule attributes from the driving cell will be
	set on the port. (UID-401)
Warning: Design rule attributes from the driving cell will be
	set on the port. (UID-401)
Warning: Design rule attributes from the driving cell will be
	set on the port. (UID-401)
Warning: Design rule attributes from the driving cell will be
	set on the port. (UID-401)
Warning: Design rule attributes from the driving cell will be
	set on the port. (UID-401)
Warning: Design rule attributes from the driving cell will be
	set on the port. (UID-401)
Warning: Design rule attributes from the driving cell will be
	set on the port. (UID-401)
Warning: Design rule attributes from the driving cell will be
	set on the port. (UID-401)
Warning: Design rule attributes from the driving cell will be
	set on the port. (UID-401)
Warning: Design rule attributes from the driving cell will be
	set on the port. (UID-401)
Warning: Design rule attributes from the driving cell will be
	set on the port. (UID-401)
Warning: Design rule attributes from the driving cell will be
	set on the port. (UID-401)
Warning: Design rule attributes from the driving cell will be
	set on the port. (UID-401)
Warning: Design rule attributes from the driving cell will be
	set on the port. (UID-401)
Warning: Design rule attributes from the driving cell will be
	set on the port. (UID-401)
Warning: Design rule attributes from the driving cell will be
	set on the port. (UID-401)
Warning: Design rule attributes from the driving cell will be
	set on the port. (UID-401)
Warning: Design rule attributes from the driving cell will be
	set on the port. (UID-401)
Warning: Design rule attributes from the driving cell will be
	set on the port. (UID-401)
Warning: Design rule attributes from the driving cell will be
	set on the port. (UID-401)
Warning: Design rule attributes from the driving cell will be
	set on the port. (UID-401)
Warning: Design rule attributes from the driving cell will be
	set on the port. (UID-401)
Warning: Design rule attributes from the driving cell will be
	set on the port. (UID-401)
Warning: Design rule attributes from the driving cell will be
	set on the port. (UID-401)
Warning: Design rule attributes from the driving cell will be
	set on the port. (UID-401)
Warning: Design rule attributes from the driving cell will be
	set on the port. (UID-401)
Warning: Design rule attributes from the driving cell will be
	set on the port. (UID-401)
Warning: Design rule attributes from the driving cell will be
	set on the port. (UID-401)
Warning: Design rule attributes from the driving cell will be
	set on the port. (UID-401)
Warning: Design rule attributes from the driving cell will be
	set on the port. (UID-401)
Warning: Design rule attributes from the driving cell will be
	set on the port. (UID-401)
Warning: Design rule attributes from the driving cell will be
	set on the port. (UID-401)
Warning: Design rule attributes from the driving cell will be
	set on the port. (UID-401)
Warning: Design rule attributes from the driving cell will be
	set on the port. (UID-401)
Warning: Design rule attributes from the driving cell will be
	set on the port. (UID-401)
Warning: Design rule attributes from the driving cell will be
	set on the port. (UID-401)
Warning: Design rule attributes from the driving cell will be
	set on the port. (UID-401)
Warning: Design rule attributes from the driving cell will be
	set on the port. (UID-401)
Warning: Design rule attributes from the driving cell will be
	set on the port. (UID-401)
Warning: Design rule attributes from the driving cell will be
	set on the port. (UID-401)
Warning: Design rule attributes from the driving cell will be
	set on the port. (UID-401)
Warning: Design rule attributes from the driving cell will be
	set on the port. (UID-401)
Warning: Design rule attributes from the driving cell will be
	set on the port. (UID-401)
Warning: Design rule attributes from the driving cell will be
	set on the port. (UID-401)
Warning: Design rule attributes from the driving cell will be
	set on the port. (UID-401)
Warning: Design rule attributes from the driving cell will be
	set on the port. (UID-401)
Warning: Design rule attributes from the driving cell will be
	set on the port. (UID-401)
Warning: Design rule attributes from the driving cell will be
	set on the port. (UID-401)
Warning: Design rule attributes from the driving cell will be
	set on the port. (UID-401)
Warning: Design rule attributes from the driving cell will be
	set on the port. (UID-401)
Warning: Design rule attributes from the driving cell will be
	set on the port. (UID-401)
Warning: Design rule attributes from the driving cell will be
	set on the port. (UID-401)
Warning: Design rule attributes from the driving cell will be
	set on the port. (UID-401)
Warning: Design rule attributes from the driving cell will be
	set on the port. (UID-401)
Warning: Design rule attributes from the driving cell will be
	set on the port. (UID-401)
Warning: Design rule attributes from the driving cell will be
	set on the port. (UID-401)
Warning: Design rule attributes from the driving cell will be
	set on the port. (UID-401)
Warning: Design rule attributes from the driving cell will be
	set on the port. (UID-401)
Warning: Design rule attributes from the driving cell will be
	set on the port. (UID-401)
Warning: Design rule attributes from the driving cell will be
	set on the port. (UID-401)
Warning: Design rule attributes from the driving cell will be
	set on the port. (UID-401)
Warning: Design rule attributes from the driving cell will be
	set on the port. (UID-401)
Warning: Design rule attributes from the driving cell will be
	set on the port. (UID-401)
Warning: Design rule attributes from the driving cell will be
	set on the port. (UID-401)
Warning: Design rule attributes from the driving cell will be
	set on the port. (UID-401)
Warning: Design rule attributes from the driving cell will be
	set on the port. (UID-401)
Warning: Design rule attributes from the driving cell will be
	set on the port. (UID-401)
Warning: Design rule attributes from the driving cell will be
	set on the port. (UID-401)
Warning: Design rule attributes from the driving cell will be
	set on the port. (UID-401)
Warning: Design rule attributes from the driving cell will be
	set on the port. (UID-401)
Warning: Design rule attributes from the driving cell will be
	set on the port. (UID-401)
Warning: Design rule attributes from the driving cell will be
	set on the port. (UID-401)
Warning: Design rule attributes from the driving cell will be
	set on the port. (UID-401)
Warning: Design rule attributes from the driving cell will be
	set on the port. (UID-401)
Warning: Design rule attributes from the driving cell will be
	set on the port. (UID-401)
Warning: Design rule attributes from the driving cell will be
	set on the port. (UID-401)
Warning: Design rule attributes from the driving cell will be
	set on the port. (UID-401)
Warning: Design rule attributes from the driving cell will be
	set on the port. (UID-401)
Warning: Design rule attributes from the driving cell will be
	set on the port. (UID-401)
Warning: Design rule attributes from the driving cell will be
	set on the port. (UID-401)
Warning: Design rule attributes from the driving cell will be
	set on the port. (UID-401)
Warning: Design rule attributes from the driving cell will be
	set on the port. (UID-401)
Warning: Design rule attributes from the driving cell will be
	set on the port. (UID-401)
Warning: Design rule attributes from the driving cell will be
	set on the port. (UID-401)
Warning: Design rule attributes from the driving cell will be
	set on the port. (UID-401)
Warning: Design rule attributes from the driving cell will be
	set on the port. (UID-401)
Warning: Design rule attributes from the driving cell will be
	set on the port. (UID-401)
Warning: Design rule attributes from the driving cell will be
	set on the port. (UID-401)
Warning: Design rule attributes from the driving cell will be
	set on the port. (UID-401)
Warning: Design rule attributes from the driving cell will be
	set on the port. (UID-401)
Warning: Design rule attributes from the driving cell will be
	set on the port. (UID-401)
Warning: Design rule attributes from the driving cell will be
	set on the port. (UID-401)
Warning: Design rule attributes from the driving cell will be
	set on the port. (UID-401)
Warning: Design rule attributes from the driving cell will be
	set on the port. (UID-401)
Warning: Design rule attributes from the driving cell will be
	set on the port. (UID-401)
Warning: Design rule attributes from the driving cell will be
	set on the port. (UID-401)
Warning: Design rule attributes from the driving cell will be
	set on the port. (UID-401)
Warning: Design rule attributes from the driving cell will be
	set on the port. (UID-401)
Warning: Design rule attributes from the driving cell will be
	set on the port. (UID-401)
Warning: Design rule attributes from the driving cell will be
	set on the port. (UID-401)
Warning: Design rule attributes from the driving cell will be
	set on the port. (UID-401)
Warning: Design rule attributes from the driving cell will be
	set on the port. (UID-401)
Warning: Design rule attributes from the driving cell will be
	set on the port. (UID-401)
Warning: Design rule attributes from the driving cell will be
	set on the port. (UID-401)
Warning: Design rule attributes from the driving cell will be
	set on the port. (UID-401)
Warning: Design rule attributes from the driving cell will be
	set on the port. (UID-401)
Warning: Design rule attributes from the driving cell will be
	set on the port. (UID-401)
Warning: Design rule attributes from the driving cell will be
	set on the port. (UID-401)
Warning: Design rule attributes from the driving cell will be
	set on the port. (UID-401)
Warning: Design rule attributes from the driving cell will be
	set on the port. (UID-401)
Warning: Design rule attributes from the driving cell will be
	set on the port. (UID-401)
Warning: Design rule attributes from the driving cell will be
	set on the port. (UID-401)
Warning: Design rule attributes from the driving cell will be
	set on the port. (UID-401)
Warning: Design rule attributes from the driving cell will be
	set on the port. (UID-401)
Warning: Design rule attributes from the driving cell will be
	set on the port. (UID-401)
Warning: Design rule attributes from the driving cell will be
	set on the port. (UID-401)
Warning: Design rule attributes from the driving cell will be
	set on the port. (UID-401)
Warning: Design rule attributes from the driving cell will be
	set on the port. (UID-401)
Warning: Design rule attributes from the driving cell will be
	set on the port. (UID-401)
Warning: Design rule attributes from the driving cell will be
	set on the port. (UID-401)
Warning: Design rule attributes from the driving cell will be
	set on the port. (UID-401)
Warning: Design rule attributes from the driving cell will be
	set on the port. (UID-401)
Warning: Design rule attributes from the driving cell will be
	set on the port. (UID-401)
Warning: Design rule attributes from the driving cell will be
	set on the port. (UID-401)
Warning: Design rule attributes from the driving cell will be
	set on the port. (UID-401)
Warning: Design rule attributes from the driving cell will be
	set on the port. (UID-401)
Warning: Design rule attributes from the driving cell will be
	set on the port. (UID-401)
Warning: Design rule attributes from the driving cell will be
	set on the port. (UID-401)
Warning: Design rule attributes from the driving cell will be
	set on the port. (UID-401)
Warning: Design rule attributes from the driving cell will be
	set on the port. (UID-401)
Warning: Design rule attributes from the driving cell will be
	set on the port. (UID-401)
Warning: Design rule attributes from the driving cell will be
	set on the port. (UID-401)
Warning: Design rule attributes from the driving cell will be
	set on the port. (UID-401)
Warning: Design rule attributes from the driving cell will be
	set on the port. (UID-401)
Warning: Design rule attributes from the driving cell will be
	set on the port. (UID-401)
Warning: Design rule attributes from the driving cell will be
	set on the port. (UID-401)
Warning: Design rule attributes from the driving cell will be
	set on the port. (UID-401)
Warning: Design rule attributes from the driving cell will be
	set on the port. (UID-401)
Warning: Design rule attributes from the driving cell will be
	set on the port. (UID-401)
Warning: Design rule attributes from the driving cell will be
	set on the port. (UID-401)
Warning: Design rule attributes from the driving cell will be
	set on the port. (UID-401)
Warning: Design rule attributes from the driving cell will be
	set on the port. (UID-401)
Warning: Design rule attributes from the driving cell will be
	set on the port. (UID-401)
Warning: Design rule attributes from the driving cell will be
	set on the port. (UID-401)
Warning: Design rule attributes from the driving cell will be
	set on the port. (UID-401)
Warning: Design rule attributes from the driving cell will be
	set on the port. (UID-401)
Warning: Design rule attributes from the driving cell will be
	set on the port. (UID-401)
Warning: Design rule attributes from the driving cell will be
	set on the port. (UID-401)
Warning: Design rule attributes from the driving cell will be
	set on the port. (UID-401)
Warning: Design rule attributes from the driving cell will be
	set on the port. (UID-401)
Warning: Design rule attributes from the driving cell will be
	set on the port. (UID-401)
Warning: Design rule attributes from the driving cell will be
	set on the port. (UID-401)
Warning: Design rule attributes from the driving cell will be
	set on the port. (UID-401)
Warning: Design rule attributes from the driving cell will be
	set on the port. (UID-401)
Warning: Design rule attributes from the driving cell will be
	set on the port. (UID-401)
Warning: Design rule attributes from the driving cell will be
	set on the port. (UID-401)
Warning: Design rule attributes from the driving cell will be
	set on the port. (UID-401)
Warning: Design rule attributes from the driving cell will be
	set on the port. (UID-401)
Warning: Design rule attributes from the driving cell will be
	set on the port. (UID-401)
Warning: Design rule attributes from the driving cell will be
	set on the port. (UID-401)
Warning: Design rule attributes from the driving cell will be
	set on the port. (UID-401)
Warning: Design rule attributes from the driving cell will be
	set on the port. (UID-401)
Warning: Design rule attributes from the driving cell will be
	set on the port. (UID-401)
Warning: Design rule attributes from the driving cell will be
	set on the port. (UID-401)
Warning: Design rule attributes from the driving cell will be
	set on the port. (UID-401)
Warning: Design rule attributes from the driving cell will be
	set on the port. (UID-401)
Warning: Design rule attributes from the driving cell will be
	set on the port. (UID-401)
Warning: Design rule attributes from the driving cell will be
	set on the port. (UID-401)
Warning: Design rule attributes from the driving cell will be
	set on the port. (UID-401)
Warning: Design rule attributes from the driving cell will be
	set on the port. (UID-401)
Warning: Design rule attributes from the driving cell will be
	set on the port. (UID-401)
Warning: Design rule attributes from the driving cell will be
	set on the port. (UID-401)
Warning: Design rule attributes from the driving cell will be
	set on the port. (UID-401)
Warning: Design rule attributes from the driving cell will be
	set on the port. (UID-401)
Warning: Design rule attributes from the driving cell will be
	set on the port. (UID-401)
Warning: Design rule attributes from the driving cell will be
	set on the port. (UID-401)
Warning: Design rule attributes from the driving cell will be
	set on the port. (UID-401)
Warning: Design rule attributes from the driving cell will be
	set on the port. (UID-401)
Warning: Design rule attributes from the driving cell will be
	set on the port. (UID-401)
Warning: Design rule attributes from the driving cell will be
	set on the port. (UID-401)
Warning: Design rule attributes from the driving cell will be
	set on the port. (UID-401)
Warning: Design rule attributes from the driving cell will be
	set on the port. (UID-401)
Warning: Design rule attributes from the driving cell will be
	set on the port. (UID-401)
Warning: Design rule attributes from the driving cell will be
	set on the port. (UID-401)
Warning: Design rule attributes from the driving cell will be
	set on the port. (UID-401)
Warning: Design rule attributes from the driving cell will be
	set on the port. (UID-401)
Warning: Design rule attributes from the driving cell will be
	set on the port. (UID-401)
Warning: Design rule attributes from the driving cell will be
	set on the port. (UID-401)
Warning: Design rule attributes from the driving cell will be
	set on the port. (UID-401)
Warning: Design rule attributes from the driving cell will be
	set on the port. (UID-401)
Warning: Design rule attributes from the driving cell will be
	set on the port. (UID-401)
Warning: Design rule attributes from the driving cell will be
	set on the port. (UID-401)
Warning: Design rule attributes from the driving cell will be
	set on the port. (UID-401)
Warning: Design rule attributes from the driving cell will be
	set on the port. (UID-401)
Warning: Design rule attributes from the driving cell will be
	set on the port. (UID-401)
Warning: Design rule attributes from the driving cell will be
	set on the port. (UID-401)
Warning: Design rule attributes from the driving cell will be
	set on the port. (UID-401)
Warning: Design rule attributes from the driving cell will be
	set on the port. (UID-401)
Warning: Design rule attributes from the driving cell will be
	set on the port. (UID-401)
Warning: Design rule attributes from the driving cell will be
	set on the port. (UID-401)
Warning: Design rule attributes from the driving cell will be
	set on the port. (UID-401)
Warning: Design rule attributes from the driving cell will be
	set on the port. (UID-401)
Warning: Design rule attributes from the driving cell will be
	set on the port. (UID-401)
Warning: Design rule attributes from the driving cell will be
	set on the port. (UID-401)
Warning: Design rule attributes from the driving cell will be
	set on the port. (UID-401)
Warning: Design rule attributes from the driving cell will be
	set on the port. (UID-401)
Warning: Design rule attributes from the driving cell will be
	set on the port. (UID-401)
Warning: Design rule attributes from the driving cell will be
	set on the port. (UID-401)
Warning: Design rule attributes from the driving cell will be
	set on the port. (UID-401)
Warning: Design rule attributes from the driving cell will be
	set on the port. (UID-401)
Warning: Design rule attributes from the driving cell will be
	set on the port. (UID-401)
Warning: Design rule attributes from the driving cell will be
	set on the port. (UID-401)
Warning: Design rule attributes from the driving cell will be
	set on the port. (UID-401)
Warning: Design rule attributes from the driving cell will be
	set on the port. (UID-401)
Warning: Design rule attributes from the driving cell will be
	set on the port. (UID-401)
Warning: Design rule attributes from the driving cell will be
	set on the port. (UID-401)
Warning: Design rule attributes from the driving cell will be
	set on the port. (UID-401)
Warning: Design rule attributes from the driving cell will be
	set on the port. (UID-401)
Warning: Design rule attributes from the driving cell will be
	set on the port. (UID-401)
Warning: Design rule attributes from the driving cell will be
	set on the port. (UID-401)
Warning: Design rule attributes from the driving cell will be
	set on the port. (UID-401)
Warning: Design rule attributes from the driving cell will be
	set on the port. (UID-401)
Warning: Design rule attributes from the driving cell will be
	set on the port. (UID-401)
Warning: Design rule attributes from the driving cell will be
	set on the port. (UID-401)
Warning: Design rule attributes from the driving cell will be
	set on the port. (UID-401)
Warning: Design rule attributes from the driving cell will be
	set on the port. (UID-401)
Warning: Design rule attributes from the driving cell will be
	set on the port. (UID-401)
Warning: Design rule attributes from the driving cell will be
	set on the port. (UID-401)
Warning: Design rule attributes from the driving cell will be
	set on the port. (UID-401)
Warning: Design rule attributes from the driving cell will be
	set on the port. (UID-401)
Warning: Design rule attributes from the driving cell will be
	set on the port. (UID-401)
Warning: Design rule attributes from the driving cell will be
	set on the port. (UID-401)
Warning: Design rule attributes from the driving cell will be
	set on the port. (UID-401)
Warning: Design rule attributes from the driving cell will be
	set on the port. (UID-401)
Warning: Design rule attributes from the driving cell will be
	set on the port. (UID-401)
Warning: Design rule attributes from the driving cell will be
	set on the port. (UID-401)
Warning: Design rule attributes from the driving cell will be
	set on the port. (UID-401)
Warning: Design rule attributes from the driving cell will be
	set on the port. (UID-401)
Warning: Design rule attributes from the driving cell will be
	set on the port. (UID-401)
Warning: Design rule attributes from the driving cell will be
	set on the port. (UID-401)
Warning: Design rule attributes from the driving cell will be
	set on the port. (UID-401)
Warning: Design rule attributes from the driving cell will be
	set on the port. (UID-401)
Warning: Design rule attributes from the driving cell will be
	set on the port. (UID-401)
Warning: Design rule attributes from the driving cell will be
	set on the port. (UID-401)
Warning: Design rule attributes from the driving cell will be
	set on the port. (UID-401)
Warning: Design rule attributes from the driving cell will be
	set on the port. (UID-401)
Warning: Design rule attributes from the driving cell will be
	set on the port. (UID-401)
Warning: Design rule attributes from the driving cell will be
	set on the port. (UID-401)
Warning: Design rule attributes from the driving cell will be
	set on the port. (UID-401)
Warning: Design rule attributes from the driving cell will be
	set on the port. (UID-401)
Warning: Design rule attributes from the driving cell will be
	set on the port. (UID-401)
Warning: Design rule attributes from the driving cell will be
	set on the port. (UID-401)
Warning: Design rule attributes from the driving cell will be
	set on the port. (UID-401)
Warning: Design rule attributes from the driving cell will be
	set on the port. (UID-401)
Warning: Design rule attributes from the driving cell will be
	set on the port. (UID-401)
Warning: Design rule attributes from the driving cell will be
	set on the port. (UID-401)
Warning: Design rule attributes from the driving cell will be
	set on the port. (UID-401)
Warning: Design rule attributes from the driving cell will be
	set on the port. (UID-401)
Warning: Design rule attributes from the driving cell will be
	set on the port. (UID-401)
Warning: Design rule attributes from the driving cell will be
	set on the port. (UID-401)
Warning: Design rule attributes from the driving cell will be
	set on the port. (UID-401)
Warning: Design rule attributes from the driving cell will be
	set on the port. (UID-401)
Warning: Design rule attributes from the driving cell will be
	set on the port. (UID-401)
Warning: Design rule attributes from the driving cell will be
	set on the port. (UID-401)
Warning: Design rule attributes from the driving cell will be
	set on the port. (UID-401)
Warning: Design rule attributes from the driving cell will be
	set on the port. (UID-401)
Warning: Design rule attributes from the driving cell will be
	set on the port. (UID-401)
Warning: Design rule attributes from the driving cell will be
	set on the port. (UID-401)
Warning: Design rule attributes from the driving cell will be
	set on the port. (UID-401)
Warning: Design rule attributes from the driving cell will be
	set on the port. (UID-401)
Warning: Design rule attributes from the driving cell will be
	set on the port. (UID-401)
Warning: Design rule attributes from the driving cell will be
	set on the port. (UID-401)
Warning: Design rule attributes from the driving cell will be
	set on the port. (UID-401)
Warning: Design rule attributes from the driving cell will be
	set on the port. (UID-401)
Warning: Design rule attributes from the driving cell will be
	set on the port. (UID-401)
Warning: Design rule attributes from the driving cell will be
	set on the port. (UID-401)
Warning: Design rule attributes from the driving cell will be
	set on the port. (UID-401)
Warning: Design rule attributes from the driving cell will be
	set on the port. (UID-401)
Warning: Design rule attributes from the driving cell will be
	set on the port. (UID-401)
Warning: Design rule attributes from the driving cell will be
	set on the port. (UID-401)
Warning: Design rule attributes from the driving cell will be
	set on the port. (UID-401)
Warning: Design rule attributes from the driving cell will be
	set on the port. (UID-401)
Warning: Design rule attributes from the driving cell will be
	set on the port. (UID-401)
Warning: Design rule attributes from the driving cell will be
	set on the port. (UID-401)
Warning: Design rule attributes from the driving cell will be
	set on the port. (UID-401)
Warning: Design rule attributes from the driving cell will be
	set on the port. (UID-401)
Warning: Design rule attributes from the driving cell will be
	set on the port. (UID-401)
Warning: Design rule attributes from the driving cell will be
	set on the port. (UID-401)
Warning: Design rule attributes from the driving cell will be
	set on the port. (UID-401)
Warning: Design rule attributes from the driving cell will be
	set on the port. (UID-401)
Warning: Design rule attributes from the driving cell will be
	set on the port. (UID-401)
Warning: Design rule attributes from the driving cell will be
	set on the port. (UID-401)
Warning: Design rule attributes from the driving cell will be
	set on the port. (UID-401)
Warning: Design rule attributes from the driving cell will be
	set on the port. (UID-401)
Warning: Design rule attributes from the driving cell will be
	set on the port. (UID-401)
Warning: Design rule attributes from the driving cell will be
	set on the port. (UID-401)
Warning: Design rule attributes from the driving cell will be
	set on the port. (UID-401)
Warning: Design rule attributes from the driving cell will be
	set on the port. (UID-401)
Warning: Design rule attributes from the driving cell will be
	set on the port. (UID-401)
Warning: Design rule attributes from the driving cell will be
	set on the port. (UID-401)
Warning: Design rule attributes from the driving cell will be
	set on the port. (UID-401)
Warning: Design rule attributes from the driving cell will be
	set on the port. (UID-401)
Warning: Design rule attributes from the driving cell will be
	set on the port. (UID-401)
Warning: Design rule attributes from the driving cell will be
	set on the port. (UID-401)
Warning: Design rule attributes from the driving cell will be
	set on the port. (UID-401)
Warning: Design rule attributes from the driving cell will be
	set on the port. (UID-401)
Warning: Design rule attributes from the driving cell will be
	set on the port. (UID-401)
Warning: Design rule attributes from the driving cell will be
	set on the port. (UID-401)
Warning: Design rule attributes from the driving cell will be
	set on the port. (UID-401)
Warning: Design rule attributes from the driving cell will be
	set on the port. (UID-401)
Warning: Design rule attributes from the driving cell will be
	set on the port. (UID-401)
Warning: Design rule attributes from the driving cell will be
	set on the port. (UID-401)
Warning: Design rule attributes from the driving cell will be
	set on the port. (UID-401)
Warning: Design rule attributes from the driving cell will be
	set on the port. (UID-401)
Warning: Design rule attributes from the driving cell will be
	set on the port. (UID-401)
Warning: Design rule attributes from the driving cell will be
	set on the port. (UID-401)
Warning: Design rule attributes from the driving cell will be
	set on the port. (UID-401)
Warning: Design rule attributes from the driving cell will be
	set on the port. (UID-401)
Warning: Design rule attributes from the driving cell will be
	set on the port. (UID-401)
Warning: Design rule attributes from the driving cell will be
	set on the port. (UID-401)
Warning: Design rule attributes from the driving cell will be
	set on the port. (UID-401)
Warning: Design rule attributes from the driving cell will be
	set on the port. (UID-401)
Warning: Design rule attributes from the driving cell will be
	set on the port. (UID-401)
Warning: Design rule attributes from the driving cell will be
	set on the port. (UID-401)
Warning: Design rule attributes from the driving cell will be
	set on the port. (UID-401)
Warning: Design rule attributes from the driving cell will be
	set on the port. (UID-401)
Warning: Design rule attributes from the driving cell will be
	set on the port. (UID-401)
Warning: Design rule attributes from the driving cell will be
	set on the port. (UID-401)
Warning: Design rule attributes from the driving cell will be
	set on the port. (UID-401)
Warning: Design rule attributes from the driving cell will be
	set on the port. (UID-401)
Warning: Design rule attributes from the driving cell will be
	set on the port. (UID-401)
Warning: Design rule attributes from the driving cell will be
	set on the port. (UID-401)
Warning: Design rule attributes from the driving cell will be
	set on the port. (UID-401)
Warning: Design rule attributes from the driving cell will be
	set on the port. (UID-401)
Warning: Design rule attributes from the driving cell will be
	set on the port. (UID-401)
Warning: Design rule attributes from the driving cell will be
	set on the port. (UID-401)
Warning: Design rule attributes from the driving cell will be
	set on the port. (UID-401)
Warning: Design rule attributes from the driving cell will be
	set on the port. (UID-401)
Warning: Design rule attributes from the driving cell will be
	set on the port. (UID-401)
Warning: Design rule attributes from the driving cell will be
	set on the port. (UID-401)
Warning: Design rule attributes from the driving cell will be
	set on the port. (UID-401)
Warning: Design rule attributes from the driving cell will be
	set on the port. (UID-401)
Warning: Design rule attributes from the driving cell will be
	set on the port. (UID-401)
Warning: Design rule attributes from the driving cell will be
	set on the port. (UID-401)
Warning: Design rule attributes from the driving cell will be
	set on the port. (UID-401)
Warning: Design rule attributes from the driving cell will be
	set on the port. (UID-401)
Warning: Design rule attributes from the driving cell will be
	set on the port. (UID-401)
Warning: Design rule attributes from the driving cell will be
	set on the port. (UID-401)
Warning: Design rule attributes from the driving cell will be
	set on the port. (UID-401)
Warning: Design rule attributes from the driving cell will be
	set on the port. (UID-401)
Warning: Design rule attributes from the driving cell will be
	set on the port. (UID-401)
Warning: Design rule attributes from the driving cell will be
	set on the port. (UID-401)
Warning: Design rule attributes from the driving cell will be
	set on the port. (UID-401)
Warning: Design rule attributes from the driving cell will be
	set on the port. (UID-401)
Warning: Design rule attributes from the driving cell will be
	set on the port. (UID-401)
Warning: Design rule attributes from the driving cell will be
	set on the port. (UID-401)
Warning: Design rule attributes from the driving cell will be
	set on the port. (UID-401)
Warning: Design rule attributes from the driving cell will be
	set on the port. (UID-401)
Warning: Design rule attributes from the driving cell will be
	set on the port. (UID-401)
Warning: Design rule attributes from the driving cell will be
	set on the port. (UID-401)
Warning: Design rule attributes from the driving cell will be
	set on the port. (UID-401)
Warning: Design rule attributes from the driving cell will be
	set on the port. (UID-401)
Warning: Design rule attributes from the driving cell will be
	set on the port. (UID-401)
Warning: Design rule attributes from the driving cell will be
	set on the port. (UID-401)
Warning: Design rule attributes from the driving cell will be
	set on the port. (UID-401)
Warning: Design rule attributes from the driving cell will be
	set on the port. (UID-401)
Warning: Design rule attributes from the driving cell will be
	set on the port. (UID-401)
Warning: Design rule attributes from the driving cell will be
	set on the port. (UID-401)
Warning: Design rule attributes from the driving cell will be
	set on the port. (UID-401)
Warning: Design rule attributes from the driving cell will be
	set on the port. (UID-401)
Warning: Design rule attributes from the driving cell will be
	set on the port. (UID-401)
Warning: Design rule attributes from the driving cell will be
	set on the port. (UID-401)
Warning: Design rule attributes from the driving cell will be
	set on the port. (UID-401)
Warning: Design rule attributes from the driving cell will be
	set on the port. (UID-401)
Warning: Design rule attributes from the driving cell will be
	set on the port. (UID-401)
Warning: Design rule attributes from the driving cell will be
	set on the port. (UID-401)
Warning: Design rule attributes from the driving cell will be
	set on the port. (UID-401)
Warning: Design rule attributes from the driving cell will be
	set on the port. (UID-401)
Warning: Design rule attributes from the driving cell will be
	set on the port. (UID-401)
Warning: Design rule attributes from the driving cell will be
	set on the port. (UID-401)
Warning: Design rule attributes from the driving cell will be
	set on the port. (UID-401)
Warning: Design rule attributes from the driving cell will be
	set on the port. (UID-401)
Warning: Design rule attributes from the driving cell will be
	set on the port. (UID-401)
Warning: Design rule attributes from the driving cell will be
	set on the port. (UID-401)
Warning: Design rule attributes from the driving cell will be
	set on the port. (UID-401)
Warning: Design rule attributes from the driving cell will be
	set on the port. (UID-401)
Warning: Design rule attributes from the driving cell will be
	set on the port. (UID-401)
Warning: Design rule attributes from the driving cell will be
	set on the port. (UID-401)
Warning: Design rule attributes from the driving cell will be
	set on the port. (UID-401)
Warning: Design rule attributes from the driving cell will be
	set on the port. (UID-401)
Warning: Design rule attributes from the driving cell will be
	set on the port. (UID-401)
Warning: Design rule attributes from the driving cell will be
	set on the port. (UID-401)
Warning: Design rule attributes from the driving cell will be
	set on the port. (UID-401)
Warning: Design rule attributes from the driving cell will be
	set on the port. (UID-401)
Warning: Design rule attributes from the driving cell will be
	set on the port. (UID-401)
Warning: Design rule attributes from the driving cell will be
	set on the port. (UID-401)
Warning: Design rule attributes from the driving cell will be
	set on the port. (UID-401)
Warning: Design rule attributes from the driving cell will be
	set on the port. (UID-401)
Warning: Design rule attributes from the driving cell will be
	set on the port. (UID-401)
Warning: Design rule attributes from the driving cell will be
	set on the port. (UID-401)
Warning: Design rule attributes from the driving cell will be
	set on the port. (UID-401)
Warning: Design rule attributes from the driving cell will be
	set on the port. (UID-401)
Warning: Design rule attributes from the driving cell will be
	set on the port. (UID-401)
Warning: Design rule attributes from the driving cell will be
	set on the port. (UID-401)
Warning: Design rule attributes from the driving cell will be
	set on the port. (UID-401)
Warning: Design rule attributes from the driving cell will be
	set on the port. (UID-401)
Warning: Design rule attributes from the driving cell will be
	set on the port. (UID-401)
Warning: Design rule attributes from the driving cell will be
	set on the port. (UID-401)
Warning: Design rule attributes from the driving cell will be
	set on the port. (UID-401)
Warning: Design rule attributes from the driving cell will be
	set on the port. (UID-401)
Warning: Design rule attributes from the driving cell will be
	set on the port. (UID-401)
Warning: Design rule attributes from the driving cell will be
	set on the port. (UID-401)
Warning: Design rule attributes from the driving cell will be
	set on the port. (UID-401)
Warning: Design rule attributes from the driving cell will be
	set on the port. (UID-401)
Warning: Design rule attributes from the driving cell will be
	set on the port. (UID-401)
Warning: Design rule attributes from the driving cell will be
	set on the port. (UID-401)
Warning: Design rule attributes from the driving cell will be
	set on the port. (UID-401)
Warning: Design rule attributes from the driving cell will be
	set on the port. (UID-401)
Warning: Design rule attributes from the driving cell will be
	set on the port. (UID-401)
Warning: Design rule attributes from the driving cell will be
	set on the port. (UID-401)
Warning: Design rule attributes from the driving cell will be
	set on the port. (UID-401)
Warning: Design rule attributes from the driving cell will be
	set on the port. (UID-401)
Warning: Design rule attributes from the driving cell will be
	set on the port. (UID-401)
Warning: Design rule attributes from the driving cell will be
	set on the port. (UID-401)
Warning: Design rule attributes from the driving cell will be
	set on the port. (UID-401)
Warning: Design rule attributes from the driving cell will be
	set on the port. (UID-401)
Warning: Design rule attributes from the driving cell will be
	set on the port. (UID-401)
Warning: Design rule attributes from the driving cell will be
	set on the port. (UID-401)
Warning: Design rule attributes from the driving cell will be
	set on the port. (UID-401)
Warning: Design rule attributes from the driving cell will be
	set on the port. (UID-401)
Warning: Design rule attributes from the driving cell will be
	set on the port. (UID-401)
Warning: Design rule attributes from the driving cell will be
	set on the port. (UID-401)
Warning: Design rule attributes from the driving cell will be
	set on the port. (UID-401)
Warning: Design rule attributes from the driving cell will be
	set on the port. (UID-401)
Warning: Design rule attributes from the driving cell will be
	set on the port. (UID-401)
Warning: Design rule attributes from the driving cell will be
	set on the port. (UID-401)
Warning: Design rule attributes from the driving cell will be
	set on the port. (UID-401)
Warning: Design rule attributes from the driving cell will be
	set on the port. (UID-401)
Warning: Design rule attributes from the driving cell will be
	set on the port. (UID-401)
Warning: Design rule attributes from the driving cell will be
	set on the port. (UID-401)
Warning: Design rule attributes from the driving cell will be
	set on the port. (UID-401)
Warning: Design rule attributes from the driving cell will be
	set on the port. (UID-401)
Warning: Design rule attributes from the driving cell will be
	set on the port. (UID-401)
Warning: Design rule attributes from the driving cell will be
	set on the port. (UID-401)
Warning: Design rule attributes from the driving cell will be
	set on the port. (UID-401)
Warning: Design rule attributes from the driving cell will be
	set on the port. (UID-401)
Warning: Design rule attributes from the driving cell will be
	set on the port. (UID-401)
Warning: Design rule attributes from the driving cell will be
	set on the port. (UID-401)
Warning: Design rule attributes from the driving cell will be
	set on the port. (UID-401)
Warning: Design rule attributes from the driving cell will be
	set on the port. (UID-401)
Warning: Design rule attributes from the driving cell will be
	set on the port. (UID-401)
Warning: Design rule attributes from the driving cell will be
	set on the port. (UID-401)
Warning: Design rule attributes from the driving cell will be
	set on the port. (UID-401)
Warning: Design rule attributes from the driving cell will be
	set on the port. (UID-401)
Warning: Design rule attributes from the driving cell will be
	set on the port. (UID-401)
Warning: Design rule attributes from the driving cell will be
	set on the port. (UID-401)
Warning: Design rule attributes from the driving cell will be
	set on the port. (UID-401)
Warning: Design rule attributes from the driving cell will be
	set on the port. (UID-401)
Warning: Design rule attributes from the driving cell will be
	set on the port. (UID-401)
Warning: Design rule attributes from the driving cell will be
	set on the port. (UID-401)
Warning: Design rule attributes from the driving cell will be
	set on the port. (UID-401)
Warning: Design rule attributes from the driving cell will be
	set on the port. (UID-401)
Warning: Design rule attributes from the driving cell will be
	set on the port. (UID-401)
Warning: Design rule attributes from the driving cell will be
	set on the port. (UID-401)
Warning: Design rule attributes from the driving cell will be
	set on the port. (UID-401)
Warning: Design rule attributes from the driving cell will be
	set on the port. (UID-401)
Warning: Design rule attributes from the driving cell will be
	set on the port. (UID-401)
Warning: Design rule attributes from the driving cell will be
	set on the port. (UID-401)
Warning: Design rule attributes from the driving cell will be
	set on the port. (UID-401)
Warning: Design rule attributes from the driving cell will be
	set on the port. (UID-401)
Warning: Design rule attributes from the driving cell will be
	set on the port. (UID-401)
Warning: Design rule attributes from the driving cell will be
	set on the port. (UID-401)
Warning: Design rule attributes from the driving cell will be
	set on the port. (UID-401)
Warning: Design rule attributes from the driving cell will be
	set on the port. (UID-401)
Warning: Design rule attributes from the driving cell will be
	set on the port. (UID-401)
Warning: Design rule attributes from the driving cell will be
	set on the port. (UID-401)
Warning: Design rule attributes from the driving cell will be
	set on the port. (UID-401)
Warning: Design rule attributes from the driving cell will be
	set on the port. (UID-401)
Warning: Design rule attributes from the driving cell will be
	set on the port. (UID-401)
Warning: Design rule attributes from the driving cell will be
	set on the port. (UID-401)
Warning: Design rule attributes from the driving cell will be
	set on the port. (UID-401)
Warning: Design rule attributes from the driving cell will be
	set on the port. (UID-401)
Warning: Design rule attributes from the driving cell will be
	set on the port. (UID-401)
Warning: Design rule attributes from the driving cell will be
	set on the port. (UID-401)
Warning: Design rule attributes from the driving cell will be
	set on the port. (UID-401)
Warning: Design rule attributes from the driving cell will be
	set on the port. (UID-401)
Warning: Design rule attributes from the driving cell will be
	set on the port. (UID-401)
Warning: Design rule attributes from the driving cell will be
	set on the port. (UID-401)
Warning: Design rule attributes from the driving cell will be
	set on the port. (UID-401)
Warning: Design rule attributes from the driving cell will be
	set on the port. (UID-401)
Warning: Design rule attributes from the driving cell will be
	set on the port. (UID-401)
Warning: Design rule attributes from the driving cell will be
	set on the port. (UID-401)
Warning: Design rule attributes from the driving cell will be
	set on the port. (UID-401)
Warning: Design rule attributes from the driving cell will be
	set on the port. (UID-401)
Warning: Design rule attributes from the driving cell will be
	set on the port. (UID-401)
Warning: Design rule attributes from the driving cell will be
	set on the port. (UID-401)
Warning: Design rule attributes from the driving cell will be
	set on the port. (UID-401)
Warning: Design rule attributes from the driving cell will be
	set on the port. (UID-401)
Warning: Design rule attributes from the driving cell will be
	set on the port. (UID-401)
Warning: Design rule attributes from the driving cell will be
	set on the port. (UID-401)
Warning: Design rule attributes from the driving cell will be
	set on the port. (UID-401)
Warning: Design rule attributes from the driving cell will be
	set on the port. (UID-401)
Warning: Design rule attributes from the driving cell will be
	set on the port. (UID-401)
Warning: Design rule attributes from the driving cell will be
	set on the port. (UID-401)
Warning: Design rule attributes from the driving cell will be
	set on the port. (UID-401)
Warning: Design rule attributes from the driving cell will be
	set on the port. (UID-401)
Warning: Design rule attributes from the driving cell will be
	set on the port. (UID-401)
Warning: Design rule attributes from the driving cell will be
	set on the port. (UID-401)
Warning: Design rule attributes from the driving cell will be
	set on the port. (UID-401)
Warning: Design rule attributes from the driving cell will be
	set on the port. (UID-401)
Warning: Design rule attributes from the driving cell will be
	set on the port. (UID-401)
Warning: Design rule attributes from the driving cell will be
	set on the port. (UID-401)
Warning: Design rule attributes from the driving cell will be
	set on the port. (UID-401)
Warning: Design rule attributes from the driving cell will be
	set on the port. (UID-401)
Warning: Design rule attributes from the driving cell will be
	set on the port. (UID-401)
Warning: Design rule attributes from the driving cell will be
	set on the port. (UID-401)
Warning: Design rule attributes from the driving cell will be
	set on the port. (UID-401)
Warning: Design rule attributes from the driving cell will be
	set on the port. (UID-401)
Warning: Design rule attributes from the driving cell will be
	set on the port. (UID-401)
Warning: Design rule attributes from the driving cell will be
	set on the port. (UID-401)
Warning: Design rule attributes from the driving cell will be
	set on the port. (UID-401)
Warning: Design rule attributes from the driving cell will be
	set on the port. (UID-401)
Warning: Design rule attributes from the driving cell will be
	set on the port. (UID-401)
Warning: Design rule attributes from the driving cell will be
	set on the port. (UID-401)
Warning: Design rule attributes from the driving cell will be
	set on the port. (UID-401)
Warning: Design rule attributes from the driving cell will be
	set on the port. (UID-401)
Warning: Design rule attributes from the driving cell will be
	set on the port. (UID-401)
Warning: Design rule attributes from the driving cell will be
	set on the port. (UID-401)
Warning: Design rule attributes from the driving cell will be
	set on the port. (UID-401)
Warning: Design rule attributes from the driving cell will be
	set on the port. (UID-401)
Warning: Design rule attributes from the driving cell will be
	set on the port. (UID-401)
Warning: Design rule attributes from the driving cell will be
	set on the port. (UID-401)
Warning: Design rule attributes from the driving cell will be
	set on the port. (UID-401)
Warning: Design rule attributes from the driving cell will be
	set on the port. (UID-401)
Warning: Design rule attributes from the driving cell will be
	set on the port. (UID-401)
Warning: Design rule attributes from the driving cell will be
	set on the port. (UID-401)
Warning: Design rule attributes from the driving cell will be
	set on the port. (UID-401)
Warning: Design rule attributes from the driving cell will be
	set on the port. (UID-401)
Warning: Design rule attributes from the driving cell will be
	set on the port. (UID-401)
Warning: Design rule attributes from the driving cell will be
	set on the port. (UID-401)
Warning: Design rule attributes from the driving cell will be
	set on the port. (UID-401)
Warning: Design rule attributes from the driving cell will be
	set on the port. (UID-401)
Warning: Design rule attributes from the driving cell will be
	set on the port. (UID-401)
Warning: Design rule attributes from the driving cell will be
	set on the port. (UID-401)
Warning: Design rule attributes from the driving cell will be
	set on the port. (UID-401)
Warning: Design rule attributes from the driving cell will be
	set on the port. (UID-401)
Warning: Design rule attributes from the driving cell will be
	set on the port. (UID-401)
Warning: Design rule attributes from the driving cell will be
	set on the port. (UID-401)
Warning: Design rule attributes from the driving cell will be
	set on the port. (UID-401)
Warning: Design rule attributes from the driving cell will be
	set on the port. (UID-401)
Warning: Design rule attributes from the driving cell will be
	set on the port. (UID-401)
Warning: Design rule attributes from the driving cell will be
	set on the port. (UID-401)
Warning: Design rule attributes from the driving cell will be
	set on the port. (UID-401)
Warning: Design rule attributes from the driving cell will be
	set on the port. (UID-401)
Warning: Design rule attributes from the driving cell will be
	set on the port. (UID-401)
Warning: Design rule attributes from the driving cell will be
	set on the port. (UID-401)
Warning: Design rule attributes from the driving cell will be
	set on the port. (UID-401)
Warning: Design rule attributes from the driving cell will be
	set on the port. (UID-401)
Warning: Design rule attributes from the driving cell will be
	set on the port. (UID-401)
Warning: Design rule attributes from the driving cell will be
	set on the port. (UID-401)
Warning: Design rule attributes from the driving cell will be
	set on the port. (UID-401)
Warning: Design rule attributes from the driving cell will be
	set on the port. (UID-401)
Warning: Design rule attributes from the driving cell will be
	set on the port. (UID-401)
Warning: Design rule attributes from the driving cell will be
	set on the port. (UID-401)
Warning: Design rule attributes from the driving cell will be
	set on the port. (UID-401)
Warning: Design rule attributes from the driving cell will be
	set on the port. (UID-401)
Warning: Design rule attributes from the driving cell will be
	set on the port. (UID-401)
Warning: Design rule attributes from the driving cell will be
	set on the port. (UID-401)
Warning: Design rule attributes from the driving cell will be
	set on the port. (UID-401)
Warning: Design rule attributes from the driving cell will be
	set on the port. (UID-401)
Warning: Design rule attributes from the driving cell will be
	set on the port. (UID-401)
Warning: Design rule attributes from the driving cell will be
	set on the port. (UID-401)
Warning: Design rule attributes from the driving cell will be
	set on the port. (UID-401)
Warning: Design rule attributes from the driving cell will be
	set on the port. (UID-401)
Warning: Design rule attributes from the driving cell will be
	set on the port. (UID-401)
Warning: Design rule attributes from the driving cell will be
	set on the port. (UID-401)
Warning: Design rule attributes from the driving cell will be
	set on the port. (UID-401)
Warning: Design rule attributes from the driving cell will be
	set on the port. (UID-401)
Warning: Design rule attributes from the driving cell will be
	set on the port. (UID-401)
Warning: Design rule attributes from the driving cell will be
	set on the port. (UID-401)
Warning: Design rule attributes from the driving cell will be
	set on the port. (UID-401)
Warning: Design rule attributes from the driving cell will be
	set on the port. (UID-401)
Warning: Design rule attributes from the driving cell will be
	set on the port. (UID-401)
Warning: Design rule attributes from the driving cell will be
	set on the port. (UID-401)
Warning: Design rule attributes from the driving cell will be
	set on the port. (UID-401)
Warning: Design rule attributes from the driving cell will be
	set on the port. (UID-401)
Warning: Design rule attributes from the driving cell will be
	set on the port. (UID-401)
Warning: Design rule attributes from the driving cell will be
	set on the port. (UID-401)
Warning: Design rule attributes from the driving cell will be
	set on the port. (UID-401)
Warning: Design rule attributes from the driving cell will be
	set on the port. (UID-401)
Warning: Design rule attributes from the driving cell will be
	set on the port. (UID-401)
Warning: Design rule attributes from the driving cell will be
	set on the port. (UID-401)
Warning: Design rule attributes from the driving cell will be
	set on the port. (UID-401)
Warning: Design rule attributes from the driving cell will be
	set on the port. (UID-401)
Warning: Design rule attributes from the driving cell will be
	set on the port. (UID-401)
Warning: Design rule attributes from the driving cell will be
	set on the port. (UID-401)
Warning: Design rule attributes from the driving cell will be
	set on the port. (UID-401)
Warning: Design rule attributes from the driving cell will be
	set on the port. (UID-401)
Warning: Design rule attributes from the driving cell will be
	set on the port. (UID-401)
Warning: Design rule attributes from the driving cell will be
	set on the port. (UID-401)
Warning: Design rule attributes from the driving cell will be
	set on the port. (UID-401)
Warning: Design rule attributes from the driving cell will be
	set on the port. (UID-401)
Warning: Design rule attributes from the driving cell will be
	set on the port. (UID-401)
Warning: Design rule attributes from the driving cell will be
	set on the port. (UID-401)
Warning: Design rule attributes from the driving cell will be
	set on the port. (UID-401)
Warning: Design rule attributes from the driving cell will be
	set on the port. (UID-401)
Warning: Design rule attributes from the driving cell will be
	set on the port. (UID-401)
Warning: Design rule attributes from the driving cell will be
	set on the port. (UID-401)
Warning: Design rule attributes from the driving cell will be
	set on the port. (UID-401)
Warning: Design rule attributes from the driving cell will be
	set on the port. (UID-401)
Warning: Design rule attributes from the driving cell will be
	set on the port. (UID-401)
Warning: Design rule attributes from the driving cell will be
	set on the port. (UID-401)
Warning: Design rule attributes from the driving cell will be
	set on the port. (UID-401)
Warning: Design rule attributes from the driving cell will be
	set on the port. (UID-401)
Warning: Design rule attributes from the driving cell will be
	set on the port. (UID-401)
Warning: Design rule attributes from the driving cell will be
	set on the port. (UID-401)
Warning: Design rule attributes from the driving cell will be
	set on the port. (UID-401)
Warning: Design rule attributes from the driving cell will be
	set on the port. (UID-401)
Warning: Design rule attributes from the driving cell will be
	set on the port. (UID-401)
Warning: Design rule attributes from the driving cell will be
	set on the port. (UID-401)
Warning: Design rule attributes from the driving cell will be
	set on the port. (UID-401)
Warning: Design rule attributes from the driving cell will be
	set on the port. (UID-401)
Warning: Design rule attributes from the driving cell will be
	set on the port. (UID-401)
Warning: Design rule attributes from the driving cell will be
	set on the port. (UID-401)
Warning: Design rule attributes from the driving cell will be
	set on the port. (UID-401)
Warning: Design rule attributes from the driving cell will be
	set on the port. (UID-401)
Warning: Design rule attributes from the driving cell will be
	set on the port. (UID-401)
Warning: Design rule attributes from the driving cell will be
	set on the port. (UID-401)
Warning: Design rule attributes from the driving cell will be
	set on the port. (UID-401)
Warning: Design rule attributes from the driving cell will be
	set on the port. (UID-401)
Warning: Design rule attributes from the driving cell will be
	set on the port. (UID-401)
Warning: Design rule attributes from the driving cell will be
	set on the port. (UID-401)
Warning: Design rule attributes from the driving cell will be
	set on the port. (UID-401)
Warning: Design rule attributes from the driving cell will be
	set on the port. (UID-401)
Warning: Design rule attributes from the driving cell will be
	set on the port. (UID-401)
Warning: Design rule attributes from the driving cell will be
	set on the port. (UID-401)
Warning: Design rule attributes from the driving cell will be
	set on the port. (UID-401)
Warning: Design rule attributes from the driving cell will be
	set on the port. (UID-401)
Warning: Design rule attributes from the driving cell will be
	set on the port. (UID-401)
Warning: Design rule attributes from the driving cell will be
	set on the port. (UID-401)
Warning: Design rule attributes from the driving cell will be
	set on the port. (UID-401)
Warning: Design rule attributes from the driving cell will be
	set on the port. (UID-401)
Warning: Design rule attributes from the driving cell will be
	set on the port. (UID-401)
Warning: Design rule attributes from the driving cell will be
	set on the port. (UID-401)
Warning: Design rule attributes from the driving cell will be
	set on the port. (UID-401)
Warning: Design rule attributes from the driving cell will be
	set on the port. (UID-401)
Warning: Design rule attributes from the driving cell will be
	set on the port. (UID-401)
Warning: Design rule attributes from the driving cell will be
	set on the port. (UID-401)
Warning: Design rule attributes from the driving cell will be
	set on the port. (UID-401)
Warning: Design rule attributes from the driving cell will be
	set on the port. (UID-401)
Warning: Design rule attributes from the driving cell will be
	set on the port. (UID-401)
Warning: Design rule attributes from the driving cell will be
	set on the port. (UID-401)
Warning: Design rule attributes from the driving cell will be
	set on the port. (UID-401)
Warning: Design rule attributes from the driving cell will be
	set on the port. (UID-401)
Warning: Design rule attributes from the driving cell will be
	set on the port. (UID-401)
Warning: Design rule attributes from the driving cell will be
	set on the port. (UID-401)
Warning: Design rule attributes from the driving cell will be
	set on the port. (UID-401)
Warning: Design rule attributes from the driving cell will be
	set on the port. (UID-401)
Warning: Design rule attributes from the driving cell will be
	set on the port. (UID-401)
Warning: Design rule attributes from the driving cell will be
	set on the port. (UID-401)
Warning: Design rule attributes from the driving cell will be
	set on the port. (UID-401)
Warning: Design rule attributes from the driving cell will be
	set on the port. (UID-401)
Warning: Design rule attributes from the driving cell will be
	set on the port. (UID-401)
Warning: Design rule attributes from the driving cell will be
	set on the port. (UID-401)
Warning: Design rule attributes from the driving cell will be
	set on the port. (UID-401)
Warning: Design rule attributes from the driving cell will be
	set on the port. (UID-401)
Warning: Design rule attributes from the driving cell will be
	set on the port. (UID-401)
Warning: Design rule attributes from the driving cell will be
	set on the port. (UID-401)
Warning: Design rule attributes from the driving cell will be
	set on the port. (UID-401)
Warning: Design rule attributes from the driving cell will be
	set on the port. (UID-401)
Warning: Design rule attributes from the driving cell will be
	set on the port. (UID-401)
Warning: Design rule attributes from the driving cell will be
	set on the port. (UID-401)
Warning: Design rule attributes from the driving cell will be
	set on the port. (UID-401)
Warning: Design rule attributes from the driving cell will be
	set on the port. (UID-401)
Warning: Design rule attributes from the driving cell will be
	set on the port. (UID-401)
Warning: Design rule attributes from the driving cell will be
	set on the port. (UID-401)
Warning: Design rule attributes from the driving cell will be
	set on the port. (UID-401)
Warning: Design rule attributes from the driving cell will be
	set on the port. (UID-401)
Warning: Design rule attributes from the driving cell will be
	set on the port. (UID-401)
Warning: Design rule attributes from the driving cell will be
	set on the port. (UID-401)
Warning: Design rule attributes from the driving cell will be
	set on the port. (UID-401)
Warning: Design rule attributes from the driving cell will be
	set on the port. (UID-401)
Warning: Design rule attributes from the driving cell will be
	set on the port. (UID-401)
Warning: Design rule attributes from the driving cell will be
	set on the port. (UID-401)
Warning: Design rule attributes from the driving cell will be
	set on the port. (UID-401)
Warning: Design rule attributes from the driving cell will be
	set on the port. (UID-401)
Warning: Design rule attributes from the driving cell will be
	set on the port. (UID-401)
Warning: Design rule attributes from the driving cell will be
	set on the port. (UID-401)
Warning: Design rule attributes from the driving cell will be
	set on the port. (UID-401)
Warning: Design rule attributes from the driving cell will be
	set on the port. (UID-401)
Warning: Design rule attributes from the driving cell will be
	set on the port. (UID-401)
Warning: Design rule attributes from the driving cell will be
	set on the port. (UID-401)
Warning: Design rule attributes from the driving cell will be
	set on the port. (UID-401)
Warning: Design rule attributes from the driving cell will be
	set on the port. (UID-401)
Warning: Design rule attributes from the driving cell will be
	set on the port. (UID-401)
Warning: Design rule attributes from the driving cell will be
	set on the port. (UID-401)
Warning: Design rule attributes from the driving cell will be
	set on the port. (UID-401)
Warning: Design rule attributes from the driving cell will be
	set on the port. (UID-401)
Warning: Design rule attributes from the driving cell will be
	set on the port. (UID-401)
Warning: Design rule attributes from the driving cell will be
	set on the port. (UID-401)
Warning: Design rule attributes from the driving cell will be
	set on the port. (UID-401)
Warning: Design rule attributes from the driving cell will be
	set on the port. (UID-401)
Warning: Design rule attributes from the driving cell will be
	set on the port. (UID-401)
Warning: Design rule attributes from the driving cell will be
	set on the port. (UID-401)
Warning: Design rule attributes from the driving cell will be
	set on the port. (UID-401)
Warning: Design rule attributes from the driving cell will be
	set on the port. (UID-401)
Warning: Design rule attributes from the driving cell will be
	set on the port. (UID-401)
Warning: Design rule attributes from the driving cell will be
	set on the port. (UID-401)
Warning: Design rule attributes from the driving cell will be
	set on the port. (UID-401)
Warning: Design rule attributes from the driving cell will be
	set on the port. (UID-401)
Warning: Design rule attributes from the driving cell will be
	set on the port. (UID-401)
Warning: Design rule attributes from the driving cell will be
	set on the port. (UID-401)
Warning: Design rule attributes from the driving cell will be
	set on the port. (UID-401)
Warning: Design rule attributes from the driving cell will be
	set on the port. (UID-401)
Warning: Design rule attributes from the driving cell will be
	set on the port. (UID-401)
Warning: Design rule attributes from the driving cell will be
	set on the port. (UID-401)
Warning: Design rule attributes from the driving cell will be
	set on the port. (UID-401)
Warning: Design rule attributes from the driving cell will be
	set on the port. (UID-401)
Warning: Design rule attributes from the driving cell will be
	set on the port. (UID-401)
Warning: Design rule attributes from the driving cell will be
	set on the port. (UID-401)
Warning: Design rule attributes from the driving cell will be
	set on the port. (UID-401)
Warning: Design rule attributes from the driving cell will be
	set on the port. (UID-401)
Warning: Design rule attributes from the driving cell will be
	set on the port. (UID-401)
Warning: Design rule attributes from the driving cell will be
	set on the port. (UID-401)
Warning: Design rule attributes from the driving cell will be
	set on the port. (UID-401)
Warning: Design rule attributes from the driving cell will be
	set on the port. (UID-401)
Warning: Design rule attributes from the driving cell will be
	set on the port. (UID-401)
Warning: Design rule attributes from the driving cell will be
	set on the port. (UID-401)
Warning: Design rule attributes from the driving cell will be
	set on the port. (UID-401)
Warning: Design rule attributes from the driving cell will be
	set on the port. (UID-401)
Warning: Design rule attributes from the driving cell will be
	set on the port. (UID-401)
Warning: Design rule attributes from the driving cell will be
	set on the port. (UID-401)
Warning: Design rule attributes from the driving cell will be
	set on the port. (UID-401)
Warning: Design rule attributes from the driving cell will be
	set on the port. (UID-401)
Warning: Design rule attributes from the driving cell will be
	set on the port. (UID-401)
Warning: Design rule attributes from the driving cell will be
	set on the port. (UID-401)
Warning: Design rule attributes from the driving cell will be
	set on the port. (UID-401)
Warning: Design rule attributes from the driving cell will be
	set on the port. (UID-401)
Warning: Design rule attributes from the driving cell will be
	set on the port. (UID-401)
Warning: Design rule attributes from the driving cell will be
	set on the port. (UID-401)
Warning: Design rule attributes from the driving cell will be
	set on the port. (UID-401)
Warning: Design rule attributes from the driving cell will be
	set on the port. (UID-401)
Warning: Design rule attributes from the driving cell will be
	set on the port. (UID-401)
Warning: Design rule attributes from the driving cell will be
	set on the port. (UID-401)
Warning: Design rule attributes from the driving cell will be
	set on the port. (UID-401)
Warning: Design rule attributes from the driving cell will be
	set on the port. (UID-401)
Warning: Design rule attributes from the driving cell will be
	set on the port. (UID-401)
Warning: Design rule attributes from the driving cell will be
	set on the port. (UID-401)
Warning: Design rule attributes from the driving cell will be
	set on the port. (UID-401)
Warning: Design rule attributes from the driving cell will be
	set on the port. (UID-401)
Warning: Design rule attributes from the driving cell will be
	set on the port. (UID-401)
Warning: Design rule attributes from the driving cell will be
	set on the port. (UID-401)
Warning: Design rule attributes from the driving cell will be
	set on the port. (UID-401)
Warning: Design rule attributes from the driving cell will be
	set on the port. (UID-401)
Warning: Design rule attributes from the driving cell will be
	set on the port. (UID-401)
Warning: Design rule attributes from the driving cell will be
	set on the port. (UID-401)
Warning: Design rule attributes from the driving cell will be
	set on the port. (UID-401)
Warning: Design rule attributes from the driving cell will be
	set on the port. (UID-401)
Warning: Design rule attributes from the driving cell will be
	set on the port. (UID-401)
Warning: Design rule attributes from the driving cell will be
	set on the port. (UID-401)
Warning: Design rule attributes from the driving cell will be
	set on the port. (UID-401)
Warning: Design rule attributes from the driving cell will be
	set on the port. (UID-401)
Warning: Design rule attributes from the driving cell will be
	set on the port. (UID-401)
Warning: Design rule attributes from the driving cell will be
	set on the port. (UID-401)
Warning: Design rule attributes from the driving cell will be
	set on the port. (UID-401)
Warning: Design rule attributes from the driving cell will be
	set on the port. (UID-401)
Warning: Design rule attributes from the driving cell will be
	set on the port. (UID-401)
Warning: Design rule attributes from the driving cell will be
	set on the port. (UID-401)
Warning: Design rule attributes from the driving cell will be
	set on the port. (UID-401)
Warning: Design rule attributes from the driving cell will be
	set on the port. (UID-401)
Warning: Design rule attributes from the driving cell will be
	set on the port. (UID-401)
Warning: Design rule attributes from the driving cell will be
	set on the port. (UID-401)
Warning: Design rule attributes from the driving cell will be
	set on the port. (UID-401)
Warning: Design rule attributes from the driving cell will be
	set on the port. (UID-401)
Warning: Design rule attributes from the driving cell will be
	set on the port. (UID-401)
Warning: Design rule attributes from the driving cell will be
	set on the port. (UID-401)
Warning: Design rule attributes from the driving cell will be
	set on the port. (UID-401)
Warning: Design rule attributes from the driving cell will be
	set on the port. (UID-401)
Warning: Design rule attributes from the driving cell will be
	set on the port. (UID-401)
Warning: Design rule attributes from the driving cell will be
	set on the port. (UID-401)
Warning: Design rule attributes from the driving cell will be
	set on the port. (UID-401)
Warning: Design rule attributes from the driving cell will be
	set on the port. (UID-401)
Warning: Design rule attributes from the driving cell will be
	set on the port. (UID-401)
Warning: Design rule attributes from the driving cell will be
	set on the port. (UID-401)
Warning: Design rule attributes from the driving cell will be
	set on the port. (UID-401)
Warning: Design rule attributes from the driving cell will be
	set on the port. (UID-401)
Warning: Design rule attributes from the driving cell will be
	set on the port. (UID-401)
Warning: Design rule attributes from the driving cell will be
	set on the port. (UID-401)
Warning: Design rule attributes from the driving cell will be
	set on the port. (UID-401)
Warning: Design rule attributes from the driving cell will be
	set on the port. (UID-401)
Warning: Design rule attributes from the driving cell will be
	set on the port. (UID-401)
Warning: Design rule attributes from the driving cell will be
	set on the port. (UID-401)
Warning: Design rule attributes from the driving cell will be
	set on the port. (UID-401)
Warning: Design rule attributes from the driving cell will be
	set on the port. (UID-401)
Warning: Design rule attributes from the driving cell will be
	set on the port. (UID-401)
Warning: Design rule attributes from the driving cell will be
	set on the port. (UID-401)
Warning: Design rule attributes from the driving cell will be
	set on the port. (UID-401)
Warning: Design rule attributes from the driving cell will be
	set on the port. (UID-401)
Warning: Design rule attributes from the driving cell will be
	set on the port. (UID-401)
Warning: Design rule attributes from the driving cell will be
	set on the port. (UID-401)
Warning: Design rule attributes from the driving cell will be
	set on the port. (UID-401)
Warning: Design rule attributes from the driving cell will be
	set on the port. (UID-401)
Warning: Design rule attributes from the driving cell will be
	set on the port. (UID-401)
Warning: Design rule attributes from the driving cell will be
	set on the port. (UID-401)
Warning: Design rule attributes from the driving cell will be
	set on the port. (UID-401)
Warning: Design rule attributes from the driving cell will be
	set on the port. (UID-401)
Warning: Design rule attributes from the driving cell will be
	set on the port. (UID-401)
Warning: Design rule attributes from the driving cell will be
	set on the port. (UID-401)
Warning: Design rule attributes from the driving cell will be
	set on the port. (UID-401)
Warning: Design rule attributes from the driving cell will be
	set on the port. (UID-401)
Warning: Design rule attributes from the driving cell will be
	set on the port. (UID-401)
Warning: Design rule attributes from the driving cell will be
	set on the port. (UID-401)
Warning: Design rule attributes from the driving cell will be
	set on the port. (UID-401)
Warning: Design rule attributes from the driving cell will be
	set on the port. (UID-401)
Warning: Design rule attributes from the driving cell will be
	set on the port. (UID-401)
Warning: Design rule attributes from the driving cell will be
	set on the port. (UID-401)
Warning: Design rule attributes from the driving cell will be
	set on the port. (UID-401)
Warning: Design rule attributes from the driving cell will be
	set on the port. (UID-401)
Warning: Design rule attributes from the driving cell will be
	set on the port. (UID-401)
Warning: Design rule attributes from the driving cell will be
	set on the port. (UID-401)
Warning: Design rule attributes from the driving cell will be
	set on the port. (UID-401)
Warning: Design rule attributes from the driving cell will be
	set on the port. (UID-401)
Warning: Design rule attributes from the driving cell will be
	set on the port. (UID-401)
Warning: Design rule attributes from the driving cell will be
	set on the port. (UID-401)
Warning: Design rule attributes from the driving cell will be
	set on the port. (UID-401)
Warning: Design rule attributes from the driving cell will be
	set on the port. (UID-401)
Warning: Design rule attributes from the driving cell will be
	set on the port. (UID-401)
Warning: Design rule attributes from the driving cell will be
	set on the port. (UID-401)
Warning: Design rule attributes from the driving cell will be
	set on the port. (UID-401)
Warning: Design rule attributes from the driving cell will be
	set on the port. (UID-401)
Warning: Design rule attributes from the driving cell will be
	set on the port. (UID-401)
Warning: Design rule attributes from the driving cell will be
	set on the port. (UID-401)
Warning: Design rule attributes from the driving cell will be
	set on the port. (UID-401)
Warning: Design rule attributes from the driving cell will be
	set on the port. (UID-401)
Warning: Design rule attributes from the driving cell will be
	set on the port. (UID-401)
Warning: Design rule attributes from the driving cell will be
	set on the port. (UID-401)
Warning: Design rule attributes from the driving cell will be
	set on the port. (UID-401)
Warning: Design rule attributes from the driving cell will be
	set on the port. (UID-401)
Warning: Design rule attributes from the driving cell will be
	set on the port. (UID-401)
Warning: Design rule attributes from the driving cell will be
	set on the port. (UID-401)
Warning: Design rule attributes from the driving cell will be
	set on the port. (UID-401)
Warning: Design rule attributes from the driving cell will be
	set on the port. (UID-401)
Warning: Design rule attributes from the driving cell will be
	set on the port. (UID-401)
Warning: Design rule attributes from the driving cell will be
	set on the port. (UID-401)
Warning: Design rule attributes from the driving cell will be
	set on the port. (UID-401)
Warning: Design rule attributes from the driving cell will be
	set on the port. (UID-401)
Warning: Design rule attributes from the driving cell will be
	set on the port. (UID-401)
Warning: Design rule attributes from the driving cell will be
	set on the port. (UID-401)
Warning: Design rule attributes from the driving cell will be
	set on the port. (UID-401)
Warning: Design rule attributes from the driving cell will be
	set on the port. (UID-401)
Warning: Design rule attributes from the driving cell will be
	set on the port. (UID-401)
Warning: Design rule attributes from the driving cell will be
	set on the port. (UID-401)
Warning: Design rule attributes from the driving cell will be
	set on the port. (UID-401)
Warning: Design rule attributes from the driving cell will be
	set on the port. (UID-401)
Warning: Design rule attributes from the driving cell will be
	set on the port. (UID-401)
Warning: Design rule attributes from the driving cell will be
	set on the port. (UID-401)
Warning: Design rule attributes from the driving cell will be
	set on the port. (UID-401)
Warning: Design rule attributes from the driving cell will be
	set on the port. (UID-401)
Warning: Design rule attributes from the driving cell will be
	set on the port. (UID-401)
Warning: Design rule attributes from the driving cell will be
	set on the port. (UID-401)
Warning: Design rule attributes from the driving cell will be
	set on the port. (UID-401)
Warning: Design rule attributes from the driving cell will be
	set on the port. (UID-401)
Warning: Design rule attributes from the driving cell will be
	set on the port. (UID-401)
Warning: Design rule attributes from the driving cell will be
	set on the port. (UID-401)
Warning: Design rule attributes from the driving cell will be
	set on the port. (UID-401)
Warning: Design rule attributes from the driving cell will be
	set on the port. (UID-401)
Warning: Design rule attributes from the driving cell will be
	set on the port. (UID-401)
Warning: Design rule attributes from the driving cell will be
	set on the port. (UID-401)
Warning: Design rule attributes from the driving cell will be
	set on the port. (UID-401)
Warning: Design rule attributes from the driving cell will be
	set on the port. (UID-401)
Warning: Design rule attributes from the driving cell will be
	set on the port. (UID-401)
Warning: Design rule attributes from the driving cell will be
	set on the port. (UID-401)
Warning: Design rule attributes from the driving cell will be
	set on the port. (UID-401)
Warning: Design rule attributes from the driving cell will be
	set on the port. (UID-401)
Warning: Design rule attributes from the driving cell will be
	set on the port. (UID-401)
Warning: Design rule attributes from the driving cell will be
	set on the port. (UID-401)
Warning: Design rule attributes from the driving cell will be
	set on the port. (UID-401)
Warning: Design rule attributes from the driving cell will be
	set on the port. (UID-401)
Warning: Design rule attributes from the driving cell will be
	set on the port. (UID-401)
Warning: Design rule attributes from the driving cell will be
	set on the port. (UID-401)
Warning: Design rule attributes from the driving cell will be
	set on the port. (UID-401)
Warning: Design rule attributes from the driving cell will be
	set on the port. (UID-401)
Warning: Design rule attributes from the driving cell will be
	set on the port. (UID-401)
Warning: Design rule attributes from the driving cell will be
	set on the port. (UID-401)
Warning: Design rule attributes from the driving cell will be
	set on the port. (UID-401)
Warning: Design rule attributes from the driving cell will be
	set on the port. (UID-401)
Warning: Design rule attributes from the driving cell will be
	set on the port. (UID-401)
Warning: Design rule attributes from the driving cell will be
	set on the port. (UID-401)
Warning: Design rule attributes from the driving cell will be
	set on the port. (UID-401)
Warning: Design rule attributes from the driving cell will be
	set on the port. (UID-401)
Warning: Design rule attributes from the driving cell will be
	set on the port. (UID-401)
Warning: Design rule attributes from the driving cell will be
	set on the port. (UID-401)
Warning: Design rule attributes from the driving cell will be
	set on the port. (UID-401)
Warning: Design rule attributes from the driving cell will be
	set on the port. (UID-401)
Warning: Design rule attributes from the driving cell will be
	set on the port. (UID-401)
Warning: Design rule attributes from the driving cell will be
	set on the port. (UID-401)
Warning: Design rule attributes from the driving cell will be
	set on the port. (UID-401)
Warning: Design rule attributes from the driving cell will be
	set on the port. (UID-401)
Warning: Design rule attributes from the driving cell will be
	set on the port. (UID-401)
Warning: Design rule attributes from the driving cell will be
	set on the port. (UID-401)
Warning: Design rule attributes from the driving cell will be
	set on the port. (UID-401)
Warning: Design rule attributes from the driving cell will be
	set on the port. (UID-401)
Warning: Design rule attributes from the driving cell will be
	set on the port. (UID-401)
Warning: Design rule attributes from the driving cell will be
	set on the port. (UID-401)
Warning: Design rule attributes from the driving cell will be
	set on the port. (UID-401)
Warning: Design rule attributes from the driving cell will be
	set on the port. (UID-401)
Warning: Design rule attributes from the driving cell will be
	set on the port. (UID-401)
Warning: Design rule attributes from the driving cell will be
	set on the port. (UID-401)
Warning: Design rule attributes from the driving cell will be
	set on the port. (UID-401)
Warning: Design rule attributes from the driving cell will be
	set on the port. (UID-401)
Warning: Design rule attributes from the driving cell will be
	set on the port. (UID-401)
Warning: Design rule attributes from the driving cell will be
	set on the port. (UID-401)
Warning: Design rule attributes from the driving cell will be
	set on the port. (UID-401)
Warning: Design rule attributes from the driving cell will be
	set on the port. (UID-401)
Warning: Design rule attributes from the driving cell will be
	set on the port. (UID-401)
Warning: Design rule attributes from the driving cell will be
	set on the port. (UID-401)
Warning: Design rule attributes from the driving cell will be
	set on the port. (UID-401)
Warning: Design rule attributes from the driving cell will be
	set on the port. (UID-401)
Warning: Design rule attributes from the driving cell will be
	set on the port. (UID-401)
Warning: Design rule attributes from the driving cell will be
	set on the port. (UID-401)
Warning: Design rule attributes from the driving cell will be
	set on the port. (UID-401)
Warning: Design rule attributes from the driving cell will be
	set on the port. (UID-401)
Warning: Design rule attributes from the driving cell will be
	set on the port. (UID-401)
Warning: Design rule attributes from the driving cell will be
	set on the port. (UID-401)
Warning: Design rule attributes from the driving cell will be
	set on the port. (UID-401)
Warning: Design rule attributes from the driving cell will be
	set on the port. (UID-401)
Warning: Design rule attributes from the driving cell will be
	set on the port. (UID-401)
Warning: Design rule attributes from the driving cell will be
	set on the port. (UID-401)
Warning: Design rule attributes from the driving cell will be
	set on the port. (UID-401)
Warning: Design rule attributes from the driving cell will be
	set on the port. (UID-401)
Warning: Design rule attributes from the driving cell will be
	set on the port. (UID-401)
Warning: Design rule attributes from the driving cell will be
	set on the port. (UID-401)
Warning: Design rule attributes from the driving cell will be
	set on the port. (UID-401)
Warning: Design rule attributes from the driving cell will be
	set on the port. (UID-401)
Warning: Design rule attributes from the driving cell will be
	set on the port. (UID-401)
Warning: Design rule attributes from the driving cell will be
	set on the port. (UID-401)
Warning: Design rule attributes from the driving cell will be
	set on the port. (UID-401)
Warning: Design rule attributes from the driving cell will be
	set on the port. (UID-401)
Warning: Design rule attributes from the driving cell will be
	set on the port. (UID-401)
Warning: Design rule attributes from the driving cell will be
	set on the port. (UID-401)
Warning: Design rule attributes from the driving cell will be
	set on the port. (UID-401)
Warning: Design rule attributes from the driving cell will be
	set on the port. (UID-401)
Warning: Design rule attributes from the driving cell will be
	set on the port. (UID-401)
Warning: Design rule attributes from the driving cell will be
	set on the port. (UID-401)
Warning: Design rule attributes from the driving cell will be
	set on the port. (UID-401)
Warning: Design rule attributes from the driving cell will be
	set on the port. (UID-401)
Warning: Design rule attributes from the driving cell will be
	set on the port. (UID-401)
Warning: Design rule attributes from the driving cell will be
	set on the port. (UID-401)
Warning: Design rule attributes from the driving cell will be
	set on the port. (UID-401)
Warning: Design rule attributes from the driving cell will be
	set on the port. (UID-401)
Warning: Design rule attributes from the driving cell will be
	set on the port. (UID-401)
Warning: Design rule attributes from the driving cell will be
	set on the port. (UID-401)
Warning: Design rule attributes from the driving cell will be
	set on the port. (UID-401)
Warning: Design rule attributes from the driving cell will be
	set on the port. (UID-401)
Warning: Design rule attributes from the driving cell will be
	set on the port. (UID-401)
Warning: Design rule attributes from the driving cell will be
	set on the port. (UID-401)
Warning: Design rule attributes from the driving cell will be
	set on the port. (UID-401)
Warning: Design rule attributes from the driving cell will be
	set on the port. (UID-401)
Warning: Design rule attributes from the driving cell will be
	set on the port. (UID-401)
Warning: Design rule attributes from the driving cell will be
	set on the port. (UID-401)
Warning: Design rule attributes from the driving cell will be
	set on the port. (UID-401)
Warning: Design rule attributes from the driving cell will be
	set on the port. (UID-401)
Warning: Design rule attributes from the driving cell will be
	set on the port. (UID-401)
Warning: Design rule attributes from the driving cell will be
	set on the port. (UID-401)
Warning: Design rule attributes from the driving cell will be
	set on the port. (UID-401)
Warning: Design rule attributes from the driving cell will be
	set on the port. (UID-401)
Warning: Design rule attributes from the driving cell will be
	set on the port. (UID-401)
Warning: Design rule attributes from the driving cell will be
	set on the port. (UID-401)
Warning: Design rule attributes from the driving cell will be
	set on the port. (UID-401)
Warning: Design rule attributes from the driving cell will be
	set on the port. (UID-401)
Warning: Design rule attributes from the driving cell will be
	set on the port. (UID-401)
Warning: Design rule attributes from the driving cell will be
	set on the port. (UID-401)
Warning: Design rule attributes from the driving cell will be
	set on the port. (UID-401)
Warning: Design rule attributes from the driving cell will be
	set on the port. (UID-401)
Warning: Design rule attributes from the driving cell will be
	set on the port. (UID-401)
Warning: Design rule attributes from the driving cell will be
	set on the port. (UID-401)
Warning: Design rule attributes from the driving cell will be
	set on the port. (UID-401)
Warning: Design rule attributes from the driving cell will be
	set on the port. (UID-401)
Warning: Design rule attributes from the driving cell will be
	set on the port. (UID-401)
Warning: Design rule attributes from the driving cell will be
	set on the port. (UID-401)
Warning: Design rule attributes from the driving cell will be
	set on the port. (UID-401)
Warning: Design rule attributes from the driving cell will be
	set on the port. (UID-401)
Warning: Design rule attributes from the driving cell will be
	set on the port. (UID-401)
Warning: Design rule attributes from the driving cell will be
	set on the port. (UID-401)
Warning: Design rule attributes from the driving cell will be
	set on the port. (UID-401)
Warning: Design rule attributes from the driving cell will be
	set on the port. (UID-401)
Warning: Design rule attributes from the driving cell will be
	set on the port. (UID-401)
Warning: Design rule attributes from the driving cell will be
	set on the port. (UID-401)
Warning: Design rule attributes from the driving cell will be
	set on the port. (UID-401)
Warning: Design rule attributes from the driving cell will be
	set on the port. (UID-401)
Warning: Design rule attributes from the driving cell will be
	set on the port. (UID-401)
Warning: Design rule attributes from the driving cell will be
	set on the port. (UID-401)
Warning: Design rule attributes from the driving cell will be
	set on the port. (UID-401)
Warning: Design rule attributes from the driving cell will be
	set on the port. (UID-401)
Warning: Design rule attributes from the driving cell will be
	set on the port. (UID-401)
Warning: Design rule attributes from the driving cell will be
	set on the port. (UID-401)
Warning: Design rule attributes from the driving cell will be
	set on the port. (UID-401)
Warning: Design rule attributes from the driving cell will be
	set on the port. (UID-401)
Warning: Design rule attributes from the driving cell will be
	set on the port. (UID-401)
Warning: Design rule attributes from the driving cell will be
	set on the port. (UID-401)
Warning: Design rule attributes from the driving cell will be
	set on the port. (UID-401)
Warning: Design rule attributes from the driving cell will be
	set on the port. (UID-401)
Warning: Design rule attributes from the driving cell will be
	set on the port. (UID-401)
Warning: Design rule attributes from the driving cell will be
	set on the port. (UID-401)
Warning: Design rule attributes from the driving cell will be
	set on the port. (UID-401)
Warning: Design rule attributes from the driving cell will be
	set on the port. (UID-401)
Warning: Design rule attributes from the driving cell will be
	set on the port. (UID-401)
Warning: Design rule attributes from the driving cell will be
	set on the port. (UID-401)
Warning: Design rule attributes from the driving cell will be
	set on the port. (UID-401)
Warning: Design rule attributes from the driving cell will be
	set on the port. (UID-401)
Warning: Design rule attributes from the driving cell will be
	set on the port. (UID-401)
Warning: Design rule attributes from the driving cell will be
	set on the port. (UID-401)
Warning: Design rule attributes from the driving cell will be
	set on the port. (UID-401)
Warning: Design rule attributes from the driving cell will be
	set on the port. (UID-401)
Warning: Design rule attributes from the driving cell will be
	set on the port. (UID-401)
Warning: Design rule attributes from the driving cell will be
	set on the port. (UID-401)
Warning: Design rule attributes from the driving cell will be
	set on the port. (UID-401)
Warning: Design rule attributes from the driving cell will be
	set on the port. (UID-401)
Warning: Design rule attributes from the driving cell will be
	set on the port. (UID-401)
Warning: Design rule attributes from the driving cell will be
	set on the port. (UID-401)
Warning: Design rule attributes from the driving cell will be
	set on the port. (UID-401)
Warning: Design rule attributes from the driving cell will be
	set on the port. (UID-401)
Warning: Design rule attributes from the driving cell will be
	set on the port. (UID-401)
Warning: Design rule attributes from the driving cell will be
	set on the port. (UID-401)
Warning: Design rule attributes from the driving cell will be
	set on the port. (UID-401)
Warning: Design rule attributes from the driving cell will be
	set on the port. (UID-401)
Warning: Design rule attributes from the driving cell will be
	set on the port. (UID-401)
Warning: Design rule attributes from the driving cell will be
	set on the port. (UID-401)
Warning: Design rule attributes from the driving cell will be
	set on the port. (UID-401)
Warning: Design rule attributes from the driving cell will be
	set on the port. (UID-401)
Warning: Design rule attributes from the driving cell will be
	set on the port. (UID-401)
Warning: Design rule attributes from the driving cell will be
	set on the port. (UID-401)
Warning: Design rule attributes from the driving cell will be
	set on the port. (UID-401)
Warning: Design rule attributes from the driving cell will be
	set on the port. (UID-401)
Warning: Design rule attributes from the driving cell will be
	set on the port. (UID-401)
Warning: Design rule attributes from the driving cell will be
	set on the port. (UID-401)
Warning: Design rule attributes from the driving cell will be
	set on the port. (UID-401)
Warning: Design rule attributes from the driving cell will be
	set on the port. (UID-401)
Warning: Design rule attributes from the driving cell will be
	set on the port. (UID-401)
Warning: Design rule attributes from the driving cell will be
	set on the port. (UID-401)
Warning: Design rule attributes from the driving cell will be
	set on the port. (UID-401)
Warning: Design rule attributes from the driving cell will be
	set on the port. (UID-401)
Warning: Design rule attributes from the driving cell will be
	set on the port. (UID-401)
Warning: Design rule attributes from the driving cell will be
	set on the port. (UID-401)
Warning: Design rule attributes from the driving cell will be
	set on the port. (UID-401)
Warning: Design rule attributes from the driving cell will be
	set on the port. (UID-401)
Warning: Design rule attributes from the driving cell will be
	set on the port. (UID-401)
Warning: Design rule attributes from the driving cell will be
	set on the port. (UID-401)
Warning: Design rule attributes from the driving cell will be
	set on the port. (UID-401)
Warning: Design rule attributes from the driving cell will be
	set on the port. (UID-401)
Warning: Design rule attributes from the driving cell will be
	set on the port. (UID-401)
Warning: Design rule attributes from the driving cell will be
	set on the port. (UID-401)
Warning: Design rule attributes from the driving cell will be
	set on the port. (UID-401)
Warning: Design rule attributes from the driving cell will be
	set on the port. (UID-401)
Warning: Design rule attributes from the driving cell will be
	set on the port. (UID-401)
Warning: Design rule attributes from the driving cell will be
	set on the port. (UID-401)
Warning: Design rule attributes from the driving cell will be
	set on the port. (UID-401)
Warning: Design rule attributes from the driving cell will be
	set on the port. (UID-401)
Warning: Design rule attributes from the driving cell will be
	set on the port. (UID-401)
Warning: Design rule attributes from the driving cell will be
	set on the port. (UID-401)
Warning: Design rule attributes from the driving cell will be
	set on the port. (UID-401)
Warning: Design rule attributes from the driving cell will be
	set on the port. (UID-401)
Warning: Design rule attributes from the driving cell will be
	set on the port. (UID-401)
Warning: Design rule attributes from the driving cell will be
	set on the port. (UID-401)
Warning: Design rule attributes from the driving cell will be
	set on the port. (UID-401)
Warning: Design rule attributes from the driving cell will be
	set on the port. (UID-401)
Warning: Design rule attributes from the driving cell will be
	set on the port. (UID-401)
Warning: Design rule attributes from the driving cell will be
	set on the port. (UID-401)
Warning: Design rule attributes from the driving cell will be
	set on the port. (UID-401)
Warning: Design rule attributes from the driving cell will be
	set on the port. (UID-401)
Warning: Design rule attributes from the driving cell will be
	set on the port. (UID-401)
Warning: Design rule attributes from the driving cell will be
	set on the port. (UID-401)
Warning: Design rule attributes from the driving cell will be
	set on the port. (UID-401)
Warning: Design rule attributes from the driving cell will be
	set on the port. (UID-401)
Warning: Design rule attributes from the driving cell will be
	set on the port. (UID-401)
Warning: Design rule attributes from the driving cell will be
	set on the port. (UID-401)
Warning: Design rule attributes from the driving cell will be
	set on the port. (UID-401)
Warning: Design rule attributes from the driving cell will be
	set on the port. (UID-401)
Warning: Design rule attributes from the driving cell will be
	set on the port. (UID-401)
Warning: Design rule attributes from the driving cell will be
	set on the port. (UID-401)
Warning: Design rule attributes from the driving cell will be
	set on the port. (UID-401)
Warning: Design rule attributes from the driving cell will be
	set on the port. (UID-401)
Warning: Design rule attributes from the driving cell will be
	set on the port. (UID-401)
Warning: Design rule attributes from the driving cell will be
	set on the port. (UID-401)
Warning: Design rule attributes from the driving cell will be
	set on the port. (UID-401)
Warning: Design rule attributes from the driving cell will be
	set on the port. (UID-401)
Warning: Design rule attributes from the driving cell will be
	set on the port. (UID-401)
Warning: Design rule attributes from the driving cell will be
	set on the port. (UID-401)
Warning: Design rule attributes from the driving cell will be
	set on the port. (UID-401)
Warning: Design rule attributes from the driving cell will be
	set on the port. (UID-401)
Warning: Design rule attributes from the driving cell will be
	set on the port. (UID-401)
Warning: Design rule attributes from the driving cell will be
	set on the port. (UID-401)
Warning: Design rule attributes from the driving cell will be
	set on the port. (UID-401)
Warning: Design rule attributes from the driving cell will be
	set on the port. (UID-401)
Warning: Design rule attributes from the driving cell will be
	set on the port. (UID-401)
Warning: Design rule attributes from the driving cell will be
	set on the port. (UID-401)
Warning: Design rule attributes from the driving cell will be
	set on the port. (UID-401)
Warning: Design rule attributes from the driving cell will be
	set on the port. (UID-401)
Warning: Design rule attributes from the driving cell will be
	set on the port. (UID-401)
Warning: Design rule attributes from the driving cell will be
	set on the port. (UID-401)
Warning: Design rule attributes from the driving cell will be
	set on the port. (UID-401)
Warning: Design rule attributes from the driving cell will be
	set on the port. (UID-401)
Warning: Design rule attributes from the driving cell will be
	set on the port. (UID-401)
Warning: Design rule attributes from the driving cell will be
	set on the port. (UID-401)
Warning: Design rule attributes from the driving cell will be
	set on the port. (UID-401)
Warning: Design rule attributes from the driving cell will be
	set on the port. (UID-401)
Warning: Design rule attributes from the driving cell will be
	set on the port. (UID-401)
Warning: Design rule attributes from the driving cell will be
	set on the port. (UID-401)
Warning: Design rule attributes from the driving cell will be
	set on the port. (UID-401)
Warning: Design rule attributes from the driving cell will be
	set on the port. (UID-401)
Warning: Design rule attributes from the driving cell will be
	set on the port. (UID-401)
Warning: Design rule attributes from the driving cell will be
	set on the port. (UID-401)
Warning: Design rule attributes from the driving cell will be
	set on the port. (UID-401)
Warning: Design rule attributes from the driving cell will be
	set on the port. (UID-401)
Warning: Design rule attributes from the driving cell will be
	set on the port. (UID-401)
Warning: Design rule attributes from the driving cell will be
	set on the port. (UID-401)
Warning: Design rule attributes from the driving cell will be
	set on the port. (UID-401)
Warning: Design rule attributes from the driving cell will be
	set on the port. (UID-401)
Warning: Design rule attributes from the driving cell will be
	set on the port. (UID-401)
Warning: Design rule attributes from the driving cell will be
	set on the port. (UID-401)
Warning: Design rule attributes from the driving cell will be
	set on the port. (UID-401)
Warning: Design rule attributes from the driving cell will be
	set on the port. (UID-401)
Warning: Design rule attributes from the driving cell will be
	set on the port. (UID-401)
Warning: Design rule attributes from the driving cell will be
	set on the port. (UID-401)
Warning: Design rule attributes from the driving cell will be
	set on the port. (UID-401)
Warning: Design rule attributes from the driving cell will be
	set on the port. (UID-401)
Warning: Design rule attributes from the driving cell will be
	set on the port. (UID-401)
Warning: Design rule attributes from the driving cell will be
	set on the port. (UID-401)
Warning: Design rule attributes from the driving cell will be
	set on the port. (UID-401)
Warning: Design rule attributes from the driving cell will be
	set on the port. (UID-401)
Warning: Design rule attributes from the driving cell will be
	set on the port. (UID-401)
Warning: Design rule attributes from the driving cell will be
	set on the port. (UID-401)
Warning: Design rule attributes from the driving cell will be
	set on the port. (UID-401)
Warning: Design rule attributes from the driving cell will be
	set on the port. (UID-401)
Warning: Design rule attributes from the driving cell will be
	set on the port. (UID-401)
Warning: Design rule attributes from the driving cell will be
	set on the port. (UID-401)
Warning: Design rule attributes from the driving cell will be
	set on the port. (UID-401)
Warning: Design rule attributes from the driving cell will be
	set on the port. (UID-401)
Warning: Design rule attributes from the driving cell will be
	set on the port. (UID-401)
Warning: Design rule attributes from the driving cell will be
	set on the port. (UID-401)
Warning: Design rule attributes from the driving cell will be
	set on the port. (UID-401)
Warning: Design rule attributes from the driving cell will be
	set on the port. (UID-401)
Warning: Design rule attributes from the driving cell will be
	set on the port. (UID-401)
Warning: Design rule attributes from the driving cell will be
	set on the port. (UID-401)
Warning: Design rule attributes from the driving cell will be
	set on the port. (UID-401)
Warning: Design rule attributes from the driving cell will be
	set on the port. (UID-401)
Warning: Design rule attributes from the driving cell will be
	set on the port. (UID-401)
Warning: Design rule attributes from the driving cell will be
	set on the port. (UID-401)
Warning: Design rule attributes from the driving cell will be
	set on the port. (UID-401)
Warning: Design rule attributes from the driving cell will be
	set on the port. (UID-401)
Warning: Design rule attributes from the driving cell will be
	set on the port. (UID-401)
Warning: Design rule attributes from the driving cell will be
	set on the port. (UID-401)
Warning: Design rule attributes from the driving cell will be
	set on the port. (UID-401)
Warning: Design rule attributes from the driving cell will be
	set on the port. (UID-401)
Warning: Design rule attributes from the driving cell will be
	set on the port. (UID-401)
Warning: Design rule attributes from the driving cell will be
	set on the port. (UID-401)
Warning: Design rule attributes from the driving cell will be
	set on the port. (UID-401)
Warning: Design rule attributes from the driving cell will be
	set on the port. (UID-401)
Warning: Design rule attributes from the driving cell will be
	set on the port. (UID-401)
Warning: Design rule attributes from the driving cell will be
	set on the port. (UID-401)
Warning: Design rule attributes from the driving cell will be
	set on the port. (UID-401)
Warning: Design rule attributes from the driving cell will be
	set on the port. (UID-401)
Warning: Design rule attributes from the driving cell will be
	set on the port. (UID-401)
Warning: Design rule attributes from the driving cell will be
	set on the port. (UID-401)
Warning: Design rule attributes from the driving cell will be
	set on the port. (UID-401)
Warning: Design rule attributes from the driving cell will be
	set on the port. (UID-401)
Warning: Design rule attributes from the driving cell will be
	set on the port. (UID-401)
Warning: Design rule attributes from the driving cell will be
	set on the port. (UID-401)
Warning: Design rule attributes from the driving cell will be
	set on the port. (UID-401)
Warning: Design rule attributes from the driving cell will be
	set on the port. (UID-401)
Warning: Design rule attributes from the driving cell will be
	set on the port. (UID-401)
Warning: Design rule attributes from the driving cell will be
	set on the port. (UID-401)
Warning: Design rule attributes from the driving cell will be
	set on the port. (UID-401)
Warning: Design rule attributes from the driving cell will be
	set on the port. (UID-401)
Warning: Design rule attributes from the driving cell will be
	set on the port. (UID-401)
Warning: Design rule attributes from the driving cell will be
	set on the port. (UID-401)
Warning: Design rule attributes from the driving cell will be
	set on the port. (UID-401)
Warning: Design rule attributes from the driving cell will be
	set on the port. (UID-401)
Warning: Design rule attributes from the driving cell will be
	set on the port. (UID-401)
Warning: Design rule attributes from the driving cell will be
	set on the port. (UID-401)
Warning: Design rule attributes from the driving cell will be
	set on the port. (UID-401)
Warning: Design rule attributes from the driving cell will be
	set on the port. (UID-401)
Warning: Design rule attributes from the driving cell will be
	set on the port. (UID-401)
Warning: Design rule attributes from the driving cell will be
	set on the port. (UID-401)
Warning: Design rule attributes from the driving cell will be
	set on the port. (UID-401)
Warning: Design rule attributes from the driving cell will be
	set on the port. (UID-401)
Warning: Design rule attributes from the driving cell will be
	set on the port. (UID-401)
Warning: Design rule attributes from the driving cell will be
	set on the port. (UID-401)
Warning: Design rule attributes from the driving cell will be
	set on the port. (UID-401)
Warning: Design rule attributes from the driving cell will be
	set on the port. (UID-401)
Warning: Design rule attributes from the driving cell will be
	set on the port. (UID-401)
Warning: Design rule attributes from the driving cell will be
	set on the port. (UID-401)
Warning: Design rule attributes from the driving cell will be
	set on the port. (UID-401)
Warning: Design rule attributes from the driving cell will be
	set on the port. (UID-401)
Warning: Design rule attributes from the driving cell will be
	set on the port. (UID-401)
Warning: Design rule attributes from the driving cell will be
	set on the port. (UID-401)
Warning: Design rule attributes from the driving cell will be
	set on the port. (UID-401)
Warning: Design rule attributes from the driving cell will be
	set on the port. (UID-401)
Warning: Design rule attributes from the driving cell will be
	set on the port. (UID-401)
Warning: Design rule attributes from the driving cell will be
	set on the port. (UID-401)
Warning: Design rule attributes from the driving cell will be
	set on the port. (UID-401)
Warning: Design rule attributes from the driving cell will be
	set on the port. (UID-401)
Warning: Design rule attributes from the driving cell will be
	set on the port. (UID-401)
Warning: Design rule attributes from the driving cell will be
	set on the port. (UID-401)
Warning: Design rule attributes from the driving cell will be
	set on the port. (UID-401)
Warning: Design rule attributes from the driving cell will be
	set on the port. (UID-401)
Warning: Design rule attributes from the driving cell will be
	set on the port. (UID-401)
Warning: Design rule attributes from the driving cell will be
	set on the port. (UID-401)
Warning: Design rule attributes from the driving cell will be
	set on the port. (UID-401)
Warning: Design rule attributes from the driving cell will be
	set on the port. (UID-401)
Warning: Design rule attributes from the driving cell will be
	set on the port. (UID-401)
Warning: Design rule attributes from the driving cell will be
	set on the port. (UID-401)
Warning: Design rule attributes from the driving cell will be
	set on the port. (UID-401)
Warning: Design rule attributes from the driving cell will be
	set on the port. (UID-401)
Warning: Design rule attributes from the driving cell will be
	set on the port. (UID-401)
Warning: Design rule attributes from the driving cell will be
	set on the port. (UID-401)
Warning: Design rule attributes from the driving cell will be
	set on the port. (UID-401)
Warning: Design rule attributes from the driving cell will be
	set on the port. (UID-401)
Warning: Design rule attributes from the driving cell will be
	set on the port. (UID-401)
Warning: Design rule attributes from the driving cell will be
	set on the port. (UID-401)
Warning: Design rule attributes from the driving cell will be
	set on the port. (UID-401)
Warning: Design rule attributes from the driving cell will be
	set on the port. (UID-401)
Warning: Design rule attributes from the driving cell will be
	set on the port. (UID-401)
Warning: Design rule attributes from the driving cell will be
	set on the port. (UID-401)
Warning: Design rule attributes from the driving cell will be
	set on the port. (UID-401)
Warning: Design rule attributes from the driving cell will be
	set on the port. (UID-401)
Warning: Design rule attributes from the driving cell will be
	set on the port. (UID-401)
Warning: Design rule attributes from the driving cell will be
	set on the port. (UID-401)
Warning: Design rule attributes from the driving cell will be
	set on the port. (UID-401)
Warning: Design rule attributes from the driving cell will be
	set on the port. (UID-401)
Warning: Design rule attributes from the driving cell will be
	set on the port. (UID-401)
Warning: Design rule attributes from the driving cell will be
	set on the port. (UID-401)
Warning: Design rule attributes from the driving cell will be
	set on the port. (UID-401)
Warning: Design rule attributes from the driving cell will be
	set on the port. (UID-401)
Warning: Design rule attributes from the driving cell will be
	set on the port. (UID-401)
Warning: Design rule attributes from the driving cell will be
	set on the port. (UID-401)
Warning: Design rule attributes from the driving cell will be
	set on the port. (UID-401)
Warning: Design rule attributes from the driving cell will be
	set on the port. (UID-401)
Warning: Design rule attributes from the driving cell will be
	set on the port. (UID-401)
Warning: Design rule attributes from the driving cell will be
	set on the port. (UID-401)
Warning: Design rule attributes from the driving cell will be
	set on the port. (UID-401)
Warning: Design rule attributes from the driving cell will be
	set on the port. (UID-401)
Warning: Design rule attributes from the driving cell will be
	set on the port. (UID-401)
Warning: Design rule attributes from the driving cell will be
	set on the port. (UID-401)
Warning: Design rule attributes from the driving cell will be
	set on the port. (UID-401)
Warning: Design rule attributes from the driving cell will be
	set on the port. (UID-401)
Warning: Design rule attributes from the driving cell will be
	set on the port. (UID-401)
Warning: Design rule attributes from the driving cell will be
	set on the port. (UID-401)
Warning: Design rule attributes from the driving cell will be
	set on the port. (UID-401)
Warning: Design rule attributes from the driving cell will be
	set on the port. (UID-401)
Warning: Design rule attributes from the driving cell will be
	set on the port. (UID-401)
Warning: Design rule attributes from the driving cell will be
	set on the port. (UID-401)
Warning: Design rule attributes from the driving cell will be
	set on the port. (UID-401)
Warning: Design rule attributes from the driving cell will be
	set on the port. (UID-401)
Warning: Design rule attributes from the driving cell will be
	set on the port. (UID-401)
Warning: Design rule attributes from the driving cell will be
	set on the port. (UID-401)
Warning: Design rule attributes from the driving cell will be
	set on the port. (UID-401)
Warning: Design rule attributes from the driving cell will be
	set on the port. (UID-401)
Warning: Design rule attributes from the driving cell will be
	set on the port. (UID-401)
Warning: Design rule attributes from the driving cell will be
	set on the port. (UID-401)
Warning: Design rule attributes from the driving cell will be
	set on the port. (UID-401)
Warning: Design rule attributes from the driving cell will be
	set on the port. (UID-401)
Warning: Design rule attributes from the driving cell will be
	set on the port. (UID-401)
Warning: Design rule attributes from the driving cell will be
	set on the port. (UID-401)
Warning: Design rule attributes from the driving cell will be
	set on the port. (UID-401)
Warning: Design rule attributes from the driving cell will be
	set on the port. (UID-401)
Warning: Design rule attributes from the driving cell will be
	set on the port. (UID-401)
Warning: Design rule attributes from the driving cell will be
	set on the port. (UID-401)
Warning: Design rule attributes from the driving cell will be
	set on the port. (UID-401)
Warning: Design rule attributes from the driving cell will be
	set on the port. (UID-401)
Warning: Design rule attributes from the driving cell will be
	set on the port. (UID-401)
Warning: Design rule attributes from the driving cell will be
	set on the port. (UID-401)
Warning: Design rule attributes from the driving cell will be
	set on the port. (UID-401)
Warning: Design rule attributes from the driving cell will be
	set on the port. (UID-401)
Warning: Design rule attributes from the driving cell will be
	set on the port. (UID-401)
Warning: Design rule attributes from the driving cell will be
	set on the port. (UID-401)
Warning: Design rule attributes from the driving cell will be
	set on the port. (UID-401)
Warning: Design rule attributes from the driving cell will be
	set on the port. (UID-401)
Warning: Design rule attributes from the driving cell will be
	set on the port. (UID-401)
Warning: Design rule attributes from the driving cell will be
	set on the port. (UID-401)
Warning: Design rule attributes from the driving cell will be
	set on the port. (UID-401)
Warning: Design rule attributes from the driving cell will be
	set on the port. (UID-401)
Warning: Design rule attributes from the driving cell will be
	set on the port. (UID-401)
Warning: Design rule attributes from the driving cell will be
	set on the port. (UID-401)
Warning: Design rule attributes from the driving cell will be
	set on the port. (UID-401)
Warning: Design rule attributes from the driving cell will be
	set on the port. (UID-401)
Warning: Design rule attributes from the driving cell will be
	set on the port. (UID-401)
Warning: Design rule attributes from the driving cell will be
	set on the port. (UID-401)
Warning: Design rule attributes from the driving cell will be
	set on the port. (UID-401)
Warning: Design rule attributes from the driving cell will be
	set on the port. (UID-401)
Warning: Design rule attributes from the driving cell will be
	set on the port. (UID-401)
Warning: Design rule attributes from the driving cell will be
	set on the port. (UID-401)
Warning: Design rule attributes from the driving cell will be
	set on the port. (UID-401)
Warning: Design rule attributes from the driving cell will be
	set on the port. (UID-401)
Warning: Design rule attributes from the driving cell will be
	set on the port. (UID-401)
Warning: Design rule attributes from the driving cell will be
	set on the port. (UID-401)
Warning: Design rule attributes from the driving cell will be
	set on the port. (UID-401)
Warning: Design rule attributes from the driving cell will be
	set on the port. (UID-401)
Warning: Design rule attributes from the driving cell will be
	set on the port. (UID-401)
Warning: Design rule attributes from the driving cell will be
	set on the port. (UID-401)
Warning: Design rule attributes from the driving cell will be
	set on the port. (UID-401)
Warning: Design rule attributes from the driving cell will be
	set on the port. (UID-401)
Warning: Design rule attributes from the driving cell will be
	set on the port. (UID-401)
Warning: Design rule attributes from the driving cell will be
	set on the port. (UID-401)
Warning: Design rule attributes from the driving cell will be
	set on the port. (UID-401)
Warning: Design rule attributes from the driving cell will be
	set on the port. (UID-401)
Warning: Design rule attributes from the driving cell will be
	set on the port. (UID-401)
Warning: Design rule attributes from the driving cell will be
	set on the port. (UID-401)
Warning: Design rule attributes from the driving cell will be
	set on the port. (UID-401)
Warning: Design rule attributes from the driving cell will be
	set on the port. (UID-401)
Warning: Design rule attributes from the driving cell will be
	set on the port. (UID-401)
Warning: Design rule attributes from the driving cell will be
	set on the port. (UID-401)
Warning: Design rule attributes from the driving cell will be
	set on the port. (UID-401)
Warning: Design rule attributes from the driving cell will be
	set on the port. (UID-401)
Warning: Design rule attributes from the driving cell will be
	set on the port. (UID-401)
Warning: Design rule attributes from the driving cell will be
	set on the port. (UID-401)
Warning: Design rule attributes from the driving cell will be
	set on the port. (UID-401)
Warning: Design rule attributes from the driving cell will be
	set on the port. (UID-401)
1
set_load 0.005 [all_outputs]
1
set_false_path -from [get_ports rst_n]
1
# Low effort keeps the full matrix practical for the ~0.5 mm² logic-die tops.
# It remains timing/area-driven technology mapping, with identical effort for
# every A/B point; this is not a sign-off/PPA-closure run.
compile -map_effort low -area_effort low
Warning: The compile -map_effort low is obsolete. Setting this variable now defaults to compile -map_effort medium. Please update your script accordingly. (OPT-1303)
Information: Evaluating DesignWare library utilization. (UISN-27)

============================================================================
| DesignWare Building Block Library  |         Version         | Available |
============================================================================
| Basic DW Building Blocks           | P-2019.03-DWBB_201903.4 |     *     |
| Licensed DW Building Blocks        |                         |           |
============================================================================


Information: There are 16 potential problems in your design. Please run 'check_design' for more information. (LINT-99)



  Beginning Pass 1 Mapping
  ------------------------
  Processing 'diff_decoder'
Warning: Target library does not contain any 2-1 multiplexor. (OPT-853)

  Updating timing information
Information: Updating design information... (UID-85)

  Beginning Implementation Selection
  ----------------------------------

  Beginning Mapping Optimizations  (Medium effort)
  -------------------------------
LNC WARNING: Found output_to_output lib arc on HAxp5_ASAP7_75t_R.
  Mapping Optimization (Phase 1)
  Mapping Optimization (Phase 2)
  Mapping Optimization (Phase 3)
  Mapping Optimization (Phase 4)
  Mapping Optimization (Phase 5)
  Mapping Optimization (Phase 6)
  Mapping Optimization (Phase 7)
  Mapping Optimization (Phase 8)
  Mapping Optimization (Phase 9)
  Mapping Optimization (Phase 10)
  Mapping Optimization (Phase 11)
  Mapping Optimization (Phase 12)
  Mapping Optimization (Phase 13)
  Mapping Optimization (Phase 14)
  Mapping Optimization (Phase 15)
  Mapping Optimization (Phase 16)
  Mapping Optimization (Phase 17)
  Mapping Optimization (Phase 18)

                                  TOTAL                                      
   ELAPSED            WORST NEG   SETUP    DESIGN                            
    TIME      AREA      SLACK     COST    RULE COST         ENDPOINT         
  --------- --------- --------- --------- --------- -------------------------
    0:01:14    2358.8   1677.14  923109.4    1801.9                          
    0:01:14    2358.8   1677.14  923109.4    1801.9                          
    0:01:28    2456.3    621.90  409433.3       0.6                          

  Beginning Delay Optimization Phase
  ----------------------------------

                                  TOTAL                                      
   ELAPSED            WORST NEG   SETUP    DESIGN                            
    TIME      AREA      SLACK     COST    RULE COST         ENDPOINT         
  --------- --------- --------- --------- --------- -------------------------
    0:01:28    2456.3    621.90  409433.3       0.6                          
    0:01:32    2545.3    617.69  408867.5       0.6 corrected_score[13][23]  
    0:01:32    2545.4    613.52  406538.8       0.6 corrected_score[15][24]  
    0:01:33    2545.5    609.67  404498.0       0.6 corrected_score[15][24]  
    0:01:34    2545.1    604.36  412649.3     117.7 corrected_score[15][24]  
    0:01:35    2545.0    603.03  412143.2     117.7 corrected_score[15][24]  
    0:01:36    2544.9    598.49  411568.7     117.7 corrected_score[15][24]  
    0:01:36    2544.5    595.52  410940.1     117.7 corrected_score[12][21]  
    0:01:37    2544.3    594.65  410487.7     117.7 corrected_score[12][18]  
    0:01:37    2543.4    592.23  409915.2     117.7 corrected_score[12][30]  
    0:01:38    2543.1    591.11  409024.4     117.7 corrected_score[15][7]   
    0:01:38    2542.8    589.49  408773.1     117.7 corrected_score[15][7]   
    0:01:39    2540.6    587.73  407982.3     117.7 corrected_score[15][7]   
    0:01:40    2540.3    586.72  407398.1     117.7 corrected_score[15][7]   
    0:01:40    2539.7    586.10  407080.7     117.7 corrected_score[15][7]   
    0:01:40    2539.1    585.44  406725.0     117.7 corrected_score[15][7]   
    0:01:41    2538.3    584.79  406358.7     117.7 corrected_score[15][7]   
    0:01:41    2538.3    584.07  406036.0     117.7 corrected_score[15][7]   
    0:01:41    2537.8    583.72  405910.5     117.7 corrected_score[15][7]   
    0:01:42    2537.6    583.34  405728.2     117.7 corrected_score[15][7]   
    0:01:42    2537.4    582.95  413435.8     633.1 corrected_score[15][7]   
    0:01:43    2537.2    582.17  412940.6     633.1 corrected_score[15][7]   
    0:01:43    2537.0    581.38  412795.1     633.1 corrected_score[15][7]   
    0:01:44    2537.1    580.84  412488.6     633.1 corrected_score[15][7]   
    0:01:44    2537.0    580.19  412061.2     633.1 corrected_score[15][7]   
    0:01:45    2537.4    579.88  411815.1     633.1 corrected_score[15][7]   
    0:01:45    2537.5    577.76  410623.8     633.1 corrected_score[15][7]   
    0:01:46    2537.5    576.40  409742.7     633.1 corrected_score[15][7]   
    0:01:46    2537.7    576.12  409652.9     633.1 corrected_score[15][7]   
    0:01:47    2537.7    575.29  409301.8     633.1 corrected_score[15][7]   
    0:01:48    2538.6    574.32  409115.3     633.1 corrected_score[15][7]   
    0:01:48    2537.8    573.13  408725.5     633.1 corrected_score[15][7]   
    0:01:49    2538.8    571.77  408083.0     633.1 corrected_score[15][7]   
    0:01:49    2538.9    571.25  407815.5     633.1 corrected_score[15][7]   
    0:01:49    2538.8    569.71  407887.8     633.1 corrected_score[15][5]   
    0:01:49    2538.8    568.99  407820.9     633.1 corrected_score[12][18]  
    0:01:50    2538.7    567.74  407436.9     633.1 corrected_score[15][13]  
    0:01:50    2537.5    566.54  406979.1     633.1 corrected_score[14][31]  
    0:01:50    2537.2    566.41  406972.7     633.1 corrected_score[14][2]   
    0:01:51    2535.9    565.00  406611.1     633.1 corrected_score[14][24]  
    0:01:51    2535.7    563.54  406122.5     633.1 corrected_score[13][21]  
    0:01:52    2535.1    563.26  406003.9     633.1 corrected_score[13][21]  
    0:01:52    2534.4    562.91  405902.5     633.1 corrected_score[13][21]  
    0:01:53    2534.4    562.30  405656.8     633.1 corrected_score[13][21]  
    0:01:53    2534.4    561.55  405300.6     633.1 corrected_score[13][21]  
    0:01:54    2534.1    561.09  405079.2     633.1 corrected_score[13][21]  
    0:01:54    2534.1    561.05  405070.9     633.1 corrected_score[13][21]  
    0:01:54    2533.9    559.67  404882.0     633.1 corrected_score[15][13]  
    0:01:55    2533.3    559.22  404735.9     633.1 corrected_score[13][20]  
    0:01:55    2533.3    558.58  404326.7     633.1 corrected_score[15][3]   
    0:01:56    2533.3    558.35  404294.4     633.1 corrected_score[15][13]  
    0:01:56    2533.3    558.32  404285.4     633.1 corrected_score[15][13]  
    0:01:57    2534.3    557.94  403352.6     633.1 corrected_score[15][13]  
    0:01:57    2534.3    557.34  403235.6     633.1 corrected_score[15][13]  
    0:01:57    2534.1    556.23  402656.1     633.1 corrected_score[13][5]   
    0:01:58    2533.0    555.33  402582.7     633.1 corrected_score[15][13]  
    0:01:58    2532.4    553.68  402523.6     633.1 corrected_score[15][27]  
    0:01:59    2532.5    551.88  402092.2     633.1 corrected_score[12][15]  
    0:01:59    2532.4    551.66  402510.9     633.1 corrected_score[15][31]  
    0:01:59    2532.4    551.40  402483.8     633.1 corrected_score[15][18]  
    0:01:59    2532.4    550.82  402323.7     633.1 corrected_score[12][14]  
    0:02:00    2531.6    550.23  402393.3     633.1 corrected_score[13][9]   
    0:02:00    2531.2    549.62  402440.1     633.1 corrected_score[14][19]  
    0:02:00    2530.9    549.24  402240.6     633.1 corrected_score[14][11]  
    0:02:00    2530.9    549.24  402228.0     633.1 corrected_score[14][1]   
    0:02:00    2530.9    549.17  402219.4     633.1 corrected_score[14][22]  
    0:02:01    2530.1    548.30  402087.3     633.1 corrected_score[15][18]  
    0:02:01    2529.1    547.99  402066.5     633.1 corrected_score[12][11]  
    0:02:01    2529.1    547.97  402057.2     633.1 corrected_score[12][6]   
    0:02:01    2529.3    547.67  401982.7     633.1 corrected_score[14][19]  
    0:02:01    2528.5    547.17  401714.2     633.1 corrected_score[15][6]   
    0:02:02    2529.0    546.51  401866.1     633.1 corrected_score[15][26]  
    0:02:02    2528.8    543.99  401252.1     633.1 corrected_score[13][22]  
    0:02:03    2527.3    543.11  400940.5     633.1 corrected_score[14][18]  
    0:02:03    2527.1    542.78  400645.8     633.1 corrected_score[15][8]   
    0:02:03    2527.2    542.04  400533.0     633.1 corrected_score[14][15]  
    0:02:04    2527.2    542.04  400529.1     633.1 corrected_score[14][5]   
    0:02:04    2527.6    541.02  400444.7     633.1 corrected_score[13][5]   
    0:02:04    2527.6    540.36  400296.2     633.1 corrected_score[13][5]   
    0:02:05    2527.5    540.12  400175.7     633.1 corrected_score[13][5]   
    0:02:05    2527.5    539.65  399701.0     633.1 corrected_score[15][31]  
    0:02:05    2527.1    539.19  399616.2     633.1 corrected_score[13][5]   
    0:02:06    2525.9    538.99  399549.6     633.1 corrected_score[13][5]   
    0:02:06    2526.1    538.91  399480.9     633.1 corrected_score[13][5]   
    0:02:06    2525.1    538.43  399275.1     633.1 corrected_score[13][5]   
    0:02:07    2525.2    537.86  399344.7     633.1 corrected_score[13][5]   
    0:02:07    2525.2    537.29  399175.2     633.1 corrected_score[15][21]  
    0:02:07    2525.3    537.02  399166.0     633.1 corrected_score[15][10]  
    0:02:08    2525.3    537.00  399149.2     633.1 corrected_score[15][21]  
    0:02:08    2525.3    536.86  399103.7     633.1 corrected_score[15][21]  
    0:02:08    2525.3    536.59  399067.1     633.1 corrected_score[13][9]   
    0:02:09    2525.5    535.45  398715.3     633.1 corrected_score[14][23]  
    0:02:09    2525.5    535.17  398614.7     633.1 corrected_score[14][23]  
    0:02:10    2525.6    534.69  398937.8     633.1 corrected_score[14][23]  
    0:02:10    2526.0    534.12  398883.4     633.1 corrected_score[14][20]  
    0:02:11    2526.0    533.77  399231.1     633.1 corrected_score[14][23]  
    0:02:11    2526.0    533.46  399192.3     633.1 corrected_score[13][18]  
    0:02:11    2526.1    533.23  399178.8     633.1 corrected_score[13][0]   
    0:02:11    2526.1    533.17  399162.4     633.1 corrected_score[13][17]  
    0:02:11    2525.7    532.79  399519.1     633.1 corrected_score[12][27]  
    0:02:12    2525.8    532.57  399540.9     633.1 corrected_score[13][7]   
    0:02:12    2525.8    532.36  399407.1     633.1 corrected_score[13][7]   
    0:02:12    2525.9    532.14  399326.7     633.1 corrected_score[15][11]  
    0:02:12    2525.9    532.01  399281.0     633.1 corrected_score[12][17]  
    0:02:13    2525.8    531.45  399209.0     633.1 corrected_score[13][7]   
    0:02:13    2527.0    530.46  398388.0     633.1 corrected_score[13][7]   
    0:02:13    2527.9    529.35  398004.7     633.1 corrected_score[13][7]   
    0:02:14    2527.9    528.65  397495.7     633.1 corrected_score[13][7]   
    0:02:14    2528.4    527.64  397416.1     633.1 corrected_score[13][11]  
    0:02:15    2528.4    527.23  397921.1     633.1 corrected_score[13][11]  
    0:02:15    2528.4    526.97  397835.9     633.1 corrected_score[13][11]  
    0:02:16    2528.5    526.63  397706.8     633.1 corrected_score[13][11]  
    0:02:16    2528.5    526.42  397670.4     633.1 corrected_score[13][11]  
    0:02:17    2529.5    526.17  397676.5     633.1 corrected_score[13][11]  
    0:02:17    2529.6    526.03  397437.8     633.1 corrected_score[13][11]  
    0:02:17    2529.5    525.68  397359.7     633.1 corrected_score[14][11]  
    0:02:17    2529.5    525.53  397131.9     633.1 corrected_score[13][11]  
    0:02:18    2530.4    525.25  396987.8     633.1 corrected_score[13][11]  
    0:02:19    2530.5    525.12  396934.1     633.1 corrected_score[13][11]  
    0:02:19    2531.4    524.81  396919.2     633.1 corrected_score[13][11]  
    0:02:19    2531.4    524.64  399119.4     633.1 corrected_score[13][11]  
    0:02:20    2531.6    524.43  398947.4     633.1 corrected_score[13][11]  
    0:02:20    2531.0    524.06  398795.9     633.1 corrected_score[13][11]  
    0:02:21    2530.6    523.99  398782.0     633.1 corrected_score[13][11]  
    0:02:21    2530.7    523.68  398725.2     633.1 corrected_score[14][20]  
    0:02:22    2530.2    523.32  398512.8     633.1 corrected_score[14][20]  
    0:02:22    2530.2    523.03  398429.6     633.1 corrected_score[13][8]   
    0:02:22    2530.2    522.66  398431.7     633.1 corrected_score[14][1]   
    0:02:22    2530.2    522.61  398418.1     633.1 corrected_score[12][16]  
    0:02:22    2530.1    522.48  398330.7     633.1 corrected_score[12][7]   
    0:02:23    2530.2    521.75  398071.8     633.1 corrected_score[12][15]  
    0:02:23    2530.1    521.37  396826.6     633.1 corrected_score[12][0]   
    0:02:23    2530.1    519.99  396603.6     633.1 corrected_score[12][22]  
    0:02:24    2530.2    519.91  396584.1     633.1 corrected_score[12][27]  
    0:02:24    2530.2    519.91  396570.7     633.1 corrected_score[12][31]  
    0:02:24    2530.2    519.59  396540.5     633.1 corrected_score[14][11]  
    0:02:24    2530.1    519.37  396547.4     633.1 corrected_score[12][3]   
    0:02:24    2530.2    519.20  396475.0     633.1 corrected_score[14][20]  
    0:02:24    2530.1    518.67  396180.3     633.1 corrected_score[14][17]  
    0:02:25    2529.9    518.65  396169.8     633.1 corrected_score[13][15]  
    0:02:25    2529.8    518.44  396174.7     633.1 corrected_score[13][29]  
    0:02:25    2529.7    518.09  396198.1     633.1 corrected_score[13][29]  
    0:02:26    2529.5    518.01  396052.5     633.1 corrected_score[12][14]  
    0:02:26    2529.4    517.65  396040.2     633.1 corrected_score[13][10]  
    0:02:26    2528.9    517.29  396018.8     633.1 corrected_score[13][14]  
    0:02:26    2528.6    517.15  395948.6     633.1 corrected_score[13][15]  
    0:02:26    2528.7    516.85  396291.0     633.0 corrected_score[13][15]  
    0:02:27    2529.3    516.46  396088.3     633.0 corrected_score[13][15]  
    0:02:27    2529.1    516.16  397116.1     633.0 corrected_score[13][15]  
    0:02:27    2528.7    515.97  397078.8     633.0 corrected_score[13][15]  
    0:02:28    2528.7    515.70  396956.2     633.0 corrected_score[13][15]  
    0:02:28    2527.5    515.44  396879.1     633.0 corrected_score[13][15]  
    0:02:28    2527.5    515.37  396840.8     633.0 corrected_score[13][15]  
    0:02:29    2527.4    515.02  396646.5     633.0 corrected_score[13][15]  
    0:02:29    2527.4    514.78  396576.5     633.0 corrected_score[13][15]  
    0:02:29    2527.5    514.38  396457.3     633.0 corrected_score[13][15]  
    0:02:30    2527.5    514.22  396230.8     633.0 corrected_score[13][15]  
    0:02:30    2527.5    514.18  396227.6     633.0 corrected_score[13][15]  
    0:02:30    2527.3    514.12  396209.2     633.0 corrected_score[13][28]  
    0:02:31    2527.1    513.89  396184.4     633.0 corrected_score[13][28]  
    0:02:31    2526.2    513.47  396805.8     633.0 corrected_score[13][28]  
    0:02:32    2525.9    512.83  396770.2     633.0 corrected_score[13][28]  
    0:02:32    2526.1    512.49  396719.8     633.0 corrected_score[14][23]  
    0:02:32    2525.9    512.40  396703.9     633.0 corrected_score[12][21]  
    0:02:32    2525.9    512.40  396700.0     633.0 corrected_score[12][15]  
    0:02:32    2525.9    512.38  396697.0     633.0 corrected_score[14][16]  
    0:02:32    2525.9    512.38  396693.3     633.0 corrected_score[14][7]   
    0:02:32    2525.9    512.35  396693.7     633.0 corrected_score[15][16]  
    0:02:33    2525.9    512.23  396673.7     633.0 corrected_score[14][17]  
    0:02:33    2525.9    512.11  396666.2     633.0 corrected_score[13][25]  
    0:02:33    2525.5    511.93  396638.5     633.0 corrected_score[12][27]  
    0:02:33    2525.4    511.73  396620.8     633.0 corrected_score[13][31]  
    0:02:33    2525.4    511.69  396603.0     633.0 corrected_score[12][9]   
    0:02:33    2525.3    511.57  396595.4     633.0 corrected_score[14][16]  
    0:02:33    2525.0    511.52  396591.2     633.0 corrected_score[15][10]  
    0:02:34    2524.6    511.32  396552.5     633.0 corrected_score[14][20]  
    0:02:34    2524.5    511.10  396229.9     633.0 corrected_score[14][20]  
    0:02:35    2524.7    510.82  396441.8     633.0 corrected_score[14][20]  
    0:02:35    2524.7    510.42  396163.8     633.0 corrected_score[13][10]  
    0:02:35    2524.7    510.11  395794.9     633.0 corrected_score[14][20]  
    0:02:35    2524.7    509.56  395673.6     633.0 corrected_score[14][20]  
    0:02:36    2524.4    509.22  395646.8     633.0 corrected_score[15][21]  
    0:02:36    2524.4    508.91  395597.6     633.0 corrected_score[14][20]  
    0:02:36    2525.4    508.75  395552.7     633.0 corrected_score[14][18]  
    0:02:37    2524.6    508.75  395474.0     633.0 corrected_score[14][20]  
    0:02:37    2524.7    508.48  395461.6     633.0 corrected_score[14][20]  
    0:02:37    2524.7    508.10  395303.4     633.0 corrected_score[14][20]  
    0:02:37    2524.6    507.91  395257.5     633.0 corrected_score[14][20]  
    0:02:38    2524.6    507.84  395207.2     633.0 corrected_score[14][20]  
    0:02:38    2524.6    507.77  395191.3     633.0 corrected_score[14][20]  
    0:02:38    2524.6    507.60  395124.2     633.0 corrected_score[14][20]  
    0:02:40    2524.7    507.52  395279.5     633.0 corrected_score[14][20]  
    0:02:41    2524.6    507.32  395253.9     633.0 corrected_score[15][20]  
    0:02:42    2524.7    507.31  395253.4     633.0                          
    0:02:43    2513.9    507.31  395253.4     633.0                          


  Beginning Design Rule Fixing  (max_transition)  (max_capacitance)
  ----------------------------

                                  TOTAL                                      
   ELAPSED            WORST NEG   SETUP    DESIGN                            
    TIME      AREA      SLACK     COST    RULE COST         ENDPOINT         
  --------- --------- --------- --------- --------- -------------------------
    0:02:43    2513.9    507.31  395253.4     633.0                          
    0:02:43    2514.3    507.28  373610.6       0.0 corrected_score[13][2]   
    0:02:43    2514.2    507.28  373610.6       0.0 corrected_score[14][15]  
    0:02:45    2514.0    507.26  373605.6       0.0                          
    0:02:45    2514.1    507.06  373183.2       0.0                          
    0:02:46    2514.0    506.78  373100.7       0.0                          
    0:02:46    2514.1    506.78  373100.3       0.0                          
    0:02:46    2514.0    506.78  373084.1       0.0                          
    0:02:46    2514.0    506.77  373067.6       0.0                          
    0:02:46    2514.0    506.77  373057.2       0.0                          
    0:02:46    2514.0    506.77  373047.0       0.0                          
    0:02:46    2514.0    506.77  373013.4       0.0                          
    0:02:46    2514.0    506.77  373011.3       0.0                          
    0:02:46    2513.9    506.77  373009.1       0.0                          
    0:02:46    2513.9    506.77  372993.8       0.0                          
    0:02:47    2513.6    506.77  372948.9       0.0                          
    0:02:47    2513.6    506.77  372759.8       0.0                          
    0:02:47    2513.5    506.77  372756.0       0.0                          
    0:02:47    2513.1    506.77  372725.7       0.0                          
    0:02:47    2512.0    506.77  372496.8       0.0                          
    0:02:47    2511.9    506.77  372424.8       0.0                          
    0:02:48    2510.8    506.77  372267.2       0.0                          
    0:02:48    2510.5    506.77  372227.2       0.0                          
    0:02:48    2507.8    506.77  372170.0       0.0                          
    0:02:48    2506.1    506.77  370843.6       0.0                          
    0:02:49    2504.9    506.77  370767.9       0.0                          
    0:02:49    2504.9    506.77  370760.3       0.0                          
    0:02:49    2504.5    506.77  370564.8       0.0                          
    0:02:50    2504.5    506.77  370385.4       0.0                          


  Beginning Area-Recovery Phase  (cleanup)
  -----------------------------

                                  TOTAL                                      
   ELAPSED            WORST NEG   SETUP    DESIGN                            
    TIME      AREA      SLACK     COST    RULE COST         ENDPOINT         
  --------- --------- --------- --------- --------- -------------------------
    0:02:50    2504.5    506.77  370385.4       0.0                          
    0:02:50    2504.5    506.77  370385.4       0.0                          
    0:02:51    2443.3    507.19  368064.5       0.0                          
    0:02:52    2416.4    507.12  350990.5       0.0                          
    0:02:53    2405.6    507.09  343485.7       0.0                          
    0:02:53    2397.3    507.09  328894.0       0.0                          
    0:02:53    2392.6    507.98  328488.5       0.0                          
    0:02:53    2391.8    507.98  328284.8       0.0                          
    0:02:53    2391.8    507.98  328284.8       0.0                          
    0:02:54    2391.8    507.98  328284.8       0.0                          
    0:02:55    2294.6    533.21  327021.4       0.0                          
    0:02:56    2248.9    542.16  317934.6       0.0                          
    0:02:56    2246.3    541.37  318493.3       0.0                          
    0:02:56    2245.5    647.29  372064.2       0.0                          
    0:02:56    2245.5    647.29  372064.2       0.0                          
    0:02:56    2245.5    647.29  372064.2       0.0                          
    0:02:56    2245.5    647.29  372064.2       0.0                          
    0:02:56    2245.5    647.29  372064.2       0.0                          
    0:02:58    2246.1    508.38  314055.4       0.0 corrected_score[14][6]   
    0:02:58    2246.1    508.00  313998.0       0.0 corrected_score[14][6]   
    0:02:59    2246.1    507.80  313991.2       0.0 corrected_score[15][22]  
    0:03:00    2246.1    506.47  314218.8       0.0                          
    0:03:00    2245.1    506.47  314175.9       0.0                          
    0:03:00    2244.4    506.47  313833.5       0.0                          
    0:03:00    2243.5    506.47  313803.1       0.0                          
    0:03:00    2242.9    506.47  313802.6       0.0                          
    0:03:01    2240.8    506.47  313709.1       0.0                          
    0:03:01    2237.6    506.47  313708.7       0.0                          
    0:03:01    2236.4    506.47  313648.4       0.0                          
    0:03:01    2235.8    506.47  313648.3       0.0                          
    0:03:02    2234.7    506.47  313142.3       0.0                          
    0:03:02    2234.3    506.47  312724.4       0.0                          
    0:03:02    2233.8    506.46  312422.8       0.0                          
    0:03:03    2233.5    506.46  312422.8       0.0                          
    0:03:03    2232.8    506.40  312339.0       0.0                          
    0:03:03    2232.8    506.25  312321.2       0.0                          
    0:03:04    2232.8    505.92  312268.6       0.0                          
    0:03:04    2232.9    505.17  312017.1       0.0                          
    0:03:04    2233.0    504.65  311844.3       0.0                          
    0:03:05    2233.0    504.44  312035.3       0.0                          
    0:03:05    2233.0    504.28  311970.3       0.0                          
    0:03:05    2233.0    504.28  311960.5       0.0                          
    0:03:05    2233.0    504.28  311958.2       0.0                          
    0:03:05    2233.0    504.28  311934.2       0.0                          
    0:03:06    2233.1    504.28  311915.2       0.0                          
    0:03:06    2233.2    504.28  311890.8       0.0                          
    0:03:06    2233.3    504.28  311888.8       0.0                          
    0:03:06    2233.3    504.28  311873.8       0.0                          
    0:03:06    2233.3    504.28  311859.3       0.0                          
    0:03:06    2233.3    504.28  311804.3       0.0                          
    0:03:06    2233.3    504.28  311795.4       0.0                          
    0:03:06    2233.3    504.28  311781.9       0.0                          
    0:03:06    2233.3    504.28  311768.4       0.0                          
    0:03:06    2233.3    504.28  311761.2       0.0                          
    0:03:07    2233.3    504.28  311756.5       0.0                          
    0:03:07    2233.2    504.28  311739.0       0.0                          
    0:03:07    2233.2    504.28  311683.3       0.0                          
    0:03:07    2233.2    504.28  311672.4       0.0                          
    0:03:07    2233.2    504.28  311658.1       0.0                          
    0:03:07    2233.2    504.28  311645.8       0.0                          
    0:03:08    2233.1    504.28  311529.3       0.0                          
    0:03:08    2232.9    504.28  311499.7       0.0                          
    0:03:08    2232.1    504.17  311104.3       0.0 corrected_score[14][6]   
    0:03:09    2232.1    504.00  310930.9       0.0 corrected_score[13][2]   
    0:03:09    2232.3    503.67  311192.8       0.0 corrected_score[13][27]  
    0:03:09    2232.3    503.35  311188.5       0.0 corrected_score[13][14]  
    0:03:09    2232.3    502.92  312358.3       0.0 corrected_score[14][6]   
    0:03:10    2232.3    502.40  312277.6       0.0 corrected_score[14][6]   
    0:03:11    2232.3    502.28  312289.7       0.0 corrected_score[14][6]   
    0:03:11    2232.3    502.06  312176.9       0.0 corrected_score[14][6]   
Loading db file '/thu-bloor/xinyao-w23/kvpim-rtl/third_party/asap7_lib/db/asap7sc7p5t_AO_RVT_TT_nldm_211120.db'
Loading db file '/thu-bloor/xinyao-w23/kvpim-rtl/third_party/asap7_lib/db/asap7sc7p5t_INVBUF_RVT_TT_nldm_211120.db'
Loading db file '/thu-bloor/xinyao-w23/kvpim-rtl/third_party/asap7_lib/db/asap7sc7p5t_OA_RVT_TT_nldm_211120.db'
Loading db file '/thu-bloor/xinyao-w23/kvpim-rtl/third_party/asap7_lib/db/asap7sc7p5t_SEQ_RVT_TT_nldm_220123.db'
Loading db file '/thu-bloor/xinyao-w23/kvpim-rtl/third_party/asap7_lib/db/asap7sc7p5t_SIMPLE_RVT_TT_nldm_211120.db'


Note: Symbol # after min delay cost means estimated hold TNS across all active scenarios 


  Optimization Complete
  ---------------------
Warning: Design 'diff_decoder' contains 3 high-fanout nets. A fanout number of 1000 will be used for delay calculations involving these nets. (TIM-134)
     Net 'clk': 2048 load(s), 1 driver(s)
     Net 'rst_n': 2048 load(s), 1 driver(s)
     Net 'n4116': 2048 load(s), 1 driver(s)
1
report_qor -nosplit > [file join $out_dir ${top_module}_qor.rpt]
report_area -hierarchy -nosplit > [file join $out_dir ${top_module}_area.rpt]
# Keeps the SRAM macro count, reference and mapped area explicit instead of
# folding it into the surrounding softmax-buffer hierarchy.
report_reference -hierarchy -nosplit > [file join $out_dir ${top_module}_references.rpt]
report_timing -delay_type max -max_paths 20 -nosplit > [file join $out_dir ${top_module}_timing.rpt]
report_power -nosplit > [file join $out_dir ${top_module}_power.rpt]
write -format verilog -hierarchy -output [file join $out_dir ${top_module}_mapped.v]
Writing verilog file '/thu-bloor/xinyao-w23/kvpim-rtl/syn/xinyao_0828/fugue_diff_p769/diff_decoder_mapped.v'.
Warning: Verilog 'assign' or 'tran' statements are written out. (VO-4)
1
write_sdc [file join $out_dir ${top_module}.sdc]
1
quit

Thank you...
