 
****************************************
Report : timing
        -path full
        -delay max
        -max_paths 20
Design : accumulator_bg
Version: P-2019.03-SP5-6
Date   : Tue Sep  1 00:18:18 2026
****************************************

Operating Conditions: PVT_0P7V_25C   Library: asap7sc7p5t_AO_RVT_TT_nldm_211120
Wire Load Model Mode: top

  Startpoint: parts[0][13]
              (input port clocked by clk)
  Endpoint: u_l1a/y_reg[9]
            (rising edge-triggered flip-flop clocked by clk)
  Path Group: clk
  Path Type: max

  Point                                                   Incr       Path
  --------------------------------------------------------------------------
  clock clk (rise edge)                                   0.00       0.00
  clock network delay (ideal)                             0.00       0.00
  input external delay                                  450.45     450.45 r
  parts[0][13] (in)                                       7.20     457.65 r
  u_l1a/a[13] (fp16_add_0)                                0.00     457.65 r
  u_l1a/U34/Y (INVx2_ASAP7_75t_R)                        10.38     468.03 f
  u_l1a/U157/Y (OAI22x1_ASAP7_75t_R)                     15.35     483.38 r
  u_l1a/U156/Y (INVx1_ASAP7_75t_R)                        9.28     492.66 f
  u_l1a/U317/Y (OAI221xp5_ASAP7_75t_R)                   15.60     508.26 r
  u_l1a/U321/Y (AO31x2_ASAP7_75t_R)                      42.37     550.63 r
  u_l1a/U141/Y (INVx4_ASAP7_75t_R)                       13.89     564.52 f
  u_l1a/U152/Y (OAI22xp5_ASAP7_75t_R)                    14.69     579.21 r
  u_l1a/U199/Y (BUFx3_ASAP7_75t_R)                       25.44     604.65 r
  u_l1a/U112/Y (INVx3_ASAP7_75t_R)                       10.49     615.13 f
  u_l1a/U220/Y (OAI21x1_ASAP7_75t_R)                     11.57     626.71 r
  u_l1a/U18/Y (INVx4_ASAP7_75t_R)                        13.76     640.47 f
  u_l1a/U348/SN (FAx1_ASAP7_75t_R)                       42.58     683.05 r
  u_l1a/U180/Y (INVx1_ASAP7_75t_R)                       27.58     710.62 f
  u_l1a/U165/Y (NAND2x1_ASAP7_75t_R)                     27.18     737.80 r
  u_l1a/U240/Y (INVx2_ASAP7_75t_R)                       17.32     755.12 f
  u_l1a/U158/Y (AOI22xp5_ASAP7_75t_R)                    17.03     772.15 r
  u_l1a/U410/Y (OAI221xp5_ASAP7_75t_R)                   21.28     793.43 f
  u_l1a/U411/Y (NAND2xp5_ASAP7_75t_R)                    24.11     817.54 r
  u_l1a/U225/Y (OAI21x1_ASAP7_75t_R)                     24.38     841.92 f
  u_l1a/sub_75/B[6] (fp16_add_0_DW01_sub_4)               0.00     841.92 f
  u_l1a/sub_75/U117/Y (NAND2xp5_ASAP7_75t_R)             20.04     861.96 r
  u_l1a/sub_75/U22/Y (AND2x2_ASAP7_75t_R)                23.25     885.21 r
  u_l1a/sub_75/U42/Y (AND2x2_ASAP7_75t_R)                19.76     904.98 r
  u_l1a/sub_75/U28/Y (AND2x2_ASAP7_75t_R)                19.97     924.94 r
  u_l1a/sub_75/U110/Y (NAND2xp5_ASAP7_75t_R)             18.71     943.65 f
  u_l1a/sub_75/U92/Y (INVx1_ASAP7_75t_R)                 13.31     956.96 r
  u_l1a/sub_75/U90/Y (AOI321xp33_ASAP7_75t_R)            21.50     978.46 f
  u_l1a/sub_75/U83/Y (XNOR2xp5_ASAP7_75t_R)              28.66    1007.12 f
  u_l1a/sub_75/DIFF[11] (fp16_add_0_DW01_sub_4)           0.00    1007.12 f
  u_l1a/U461/Y (NAND2xp5_ASAP7_75t_R)                    22.40    1029.52 r
  u_l1a/U463/Y (NAND4xp75_ASAP7_75t_R)                   25.60    1055.12 f
  u_l1a/U148/Y (INVx2_ASAP7_75t_R)                       12.56    1067.69 r
  u_l1a/U147/Y (NAND2x1_ASAP7_75t_R)                     10.51    1078.19 f
  u_l1a/U140/Y (INVx2_ASAP7_75t_R)                        7.98    1086.18 r
  u_l1a/U507/Y (NAND3xp33_ASAP7_75t_R)                   16.34    1102.52 f
  u_l1a/U137/Y (OA21x2_ASAP7_75t_R)                      24.32    1126.84 f
  u_l1a/U526/Y (NAND3xp33_ASAP7_75t_R)                   18.99    1145.82 r
  u_l1a/U270/Y (INVx2_ASAP7_75t_R)                       17.82    1163.64 f
  u_l1a/U132/Y (OAI31xp67_ASAP7_75t_R)                   21.35    1184.99 r
  u_l1a/U131/Y (BUFx6f_ASAP7_75t_R)                      29.95    1214.94 r
  u_l1a/U29/Y (INVx2_ASAP7_75t_R)                        16.65    1231.59 f
  u_l1a/U573/Y (NAND2xp5_ASAP7_75t_R)                    17.76    1249.35 r
  u_l1a/U574/Y (OAI322xp33_ASAP7_75t_R)                  32.80    1282.14 f
  u_l1a/U16/Y (NAND2x1p5_ASAP7_75t_R)                    24.12    1306.27 r
  u_l1a/U255/Y (INVx2_ASAP7_75t_R)                       15.54    1321.81 f
  u_l1a/U120/Y (NAND2x1p5_ASAP7_75t_R)                   15.16    1336.97 r
  u_l1a/U166/Y (INVx2_ASAP7_75t_R)                        9.13    1346.10 f
  u_l1a/U242/Y (NAND3x1_ASAP7_75t_R)                     16.65    1362.76 r
  u_l1a/U170/Y (INVx1_ASAP7_75t_R)                       11.15    1373.91 f
  u_l1a/U659/Y (NAND2xp5_ASAP7_75t_R)                    16.36    1390.27 r
  u_l1a/U660/Y (NAND2xp5_ASAP7_75t_R)                    12.03    1402.30 f
  u_l1a/U661/Y (AO21x1_ASAP7_75t_R)                      23.62    1425.92 f
  u_l1a/U143/Y (OAI31xp33_ASAP7_75t_R)                    9.58    1435.50 r
  u_l1a/y_reg[9]/D (DFFASRHQNx1_ASAP7_75t_R)              0.00    1435.50 r
  data arrival time                                               1435.50

  clock clk (rise edge)                                1501.50    1501.50
  clock network delay (ideal)                             0.00    1501.50
  clock uncertainty                                     -50.00    1451.50
  u_l1a/y_reg[9]/CLK (DFFASRHQNx1_ASAP7_75t_R)            0.00    1451.50 r
  library setup time                                    -15.94    1435.56
  data required time                                              1435.56
  --------------------------------------------------------------------------
  data required time                                              1435.56
  data arrival time                                              -1435.50
  --------------------------------------------------------------------------
  slack (MET)                                                        0.06


  Startpoint: parts[3][11]
              (input port clocked by clk)
  Endpoint: u_l1b/y_reg[9]
            (rising edge-triggered flip-flop clocked by clk)
  Path Group: clk
  Path Type: max

  Point                                                   Incr       Path
  --------------------------------------------------------------------------
  clock clk (rise edge)                                   0.00       0.00
  clock network delay (ideal)                             0.00       0.00
  input external delay                                  450.45     450.45 r
  parts[3][11] (in)                                       7.83     458.28 r
  u_l1b/b[11] (fp16_add_2)                                0.00     458.28 r
  u_l1b/U279/Y (INVx1_ASAP7_75t_R)                       13.23     471.51 f
  u_l1b/U280/Y (OAI22xp5_ASAP7_75t_R)                    15.94     487.45 r
  u_l1b/U281/Y (NAND2xp5_ASAP7_75t_R)                    18.99     506.44 f
  u_l1b/U315/Y (AO31x2_ASAP7_75t_R)                      24.81     531.25 f
  u_l1b/U62/Y (INVx2_ASAP7_75t_R)                        12.01     543.27 r
  u_l1b/U187/Y (INVx4_ASAP7_75t_R)                        9.12     552.38 f
  u_l1b/U235/Y (INVx5_ASAP7_75t_R)                        9.84     562.22 r
  u_l1b/U234/Y (OAI31xp33_ASAP7_75t_R)                   13.46     575.68 f
  u_l1b/U75/Y (HB1xp67_ASAP7_75t_R)                      30.31     605.99 f
  u_l1b/U76/Y (INVx1_ASAP7_75t_R)                        18.99     624.99 r
  u_l1b/U46/Y (OAI21xp5_ASAP7_75t_R)                     21.86     646.85 f
  u_l1b/U5/Y (INVx2_ASAP7_75t_R)                         14.51     661.36 r
  u_l1b/U4/Y (XNOR2x1_ASAP7_75t_R)                       26.39     687.75 r
  u_l1b/U16/Y (XOR2x1_ASAP7_75t_R)                       29.73     717.48 r
  u_l1b/U53/Y (INVx1_ASAP7_75t_R)                        17.20     734.68 f
  u_l1b/U408/Y (NAND3xp33_ASAP7_75t_R)                   16.64     751.33 r
  u_l1b/U195/Y (BUFx3_ASAP7_75t_R)                       23.42     774.75 r
  u_l1b/U428/Y (INVx1_ASAP7_75t_R)                       12.12     786.87 f
  u_l1b/U438/Y (AO222x2_ASAP7_75t_R)                     51.88     838.75 f
  u_l1b/sub_75/B[5] (fp16_add_2_DW01_sub_8)               0.00     838.75 f
  u_l1b/sub_75/U54/Y (NAND2x1p5_ASAP7_75t_R)             17.77     856.52 r
  u_l1b/sub_75/U48/Y (INVx2_ASAP7_75t_R)                  9.32     865.84 f
  u_l1b/sub_75/U10/Y (NOR2xp33_ASAP7_75t_R)              12.90     878.74 r
  u_l1b/sub_75/U46/Y (AND2x2_ASAP7_75t_R)                21.67     900.41 r
  u_l1b/sub_75/U44/Y (AND2x2_ASAP7_75t_R)                21.96     922.36 r
  u_l1b/sub_75/U28/Y (NAND2x1p5_ASAP7_75t_R)             12.62     934.98 f
  u_l1b/sub_75/U96/Y (NOR2x1_ASAP7_75t_R)                11.28     946.26 r
  u_l1b/sub_75/U27/Y (AOI221xp5_ASAP7_75t_R)             21.73     967.99 f
  u_l1b/sub_75/U87/Y (XNOR2xp5_ASAP7_75t_R)              26.40     994.39 f
  u_l1b/sub_75/DIFF[11] (fp16_add_2_DW01_sub_8)           0.00     994.39 f
  u_l1b/U479/Y (NAND2xp5_ASAP7_75t_R)                    19.16    1013.55 r
  u_l1b/U20/Y (NAND2xp5_ASAP7_75t_R)                     27.61    1041.16 f
  u_l1b/U225/Y (NOR4xp25_ASAP7_75t_R)                    27.40    1068.56 r
  u_l1b/U535/Y (NAND3xp33_ASAP7_75t_R)                   22.55    1091.12 f
  u_l1b/U247/Y (OAI31xp33_ASAP7_75t_R)                   16.32    1107.43 r
  u_l1b/U536/Y (INVx1_ASAP7_75t_R)                       13.12    1120.55 f
  u_l1b/U106/Y (AND2x2_ASAP7_75t_R)                      22.17    1142.73 f
  u_l1b/U150/Y (NAND2xp5_ASAP7_75t_R)                    14.59    1157.32 r
  u_l1b/U148/Y (INVx2_ASAP7_75t_R)                       14.95    1172.27 f
  u_l1b/U254/Y (NAND2x1p5_ASAP7_75t_R)                   19.90    1192.17 r
  u_l1b/U186/Y (OAI22xp5_ASAP7_75t_R)                    15.86    1208.03 f
  u_l1b/U607/Y (AOI331xp33_ASAP7_75t_R)                  38.62    1246.65 r
  u_l1b/U610/Y (OAI22xp5_ASAP7_75t_R)                    21.92    1268.57 f
  u_l1b/U611/Y (NAND2xp5_ASAP7_75t_R)                    20.43    1289.01 r
  u_l1b/U145/Y (INVx1_ASAP7_75t_R)                       11.47    1300.48 f
  u_l1b/U97/Y (AND2x2_ASAP7_75t_R)                       25.72    1326.20 f
  u_l1b/U107/Y (AND2x2_ASAP7_75t_R)                      22.89    1349.09 f
  u_l1b/U119/Y (NAND3xp33_ASAP7_75t_R)                   14.01    1363.09 r
  u_l1b/U147/Y (INVx1_ASAP7_75t_R)                       13.81    1376.91 f
  u_l1b/U709/Y (NAND2xp5_ASAP7_75t_R)                    14.94    1391.85 r
  u_l1b/U204/Y (AND2x2_ASAP7_75t_R)                      20.64    1412.49 r
  u_l1b/U202/Y (OAI21xp5_ASAP7_75t_R)                    10.28    1422.76 f
  u_l1b/U218/Y (OAI31xp33_ASAP7_75t_R)                   12.27    1435.03 r
  u_l1b/y_reg[9]/D (DFFASRHQNx1_ASAP7_75t_R)              0.00    1435.03 r
  data arrival time                                               1435.03

  clock clk (rise edge)                                1501.50    1501.50
  clock network delay (ideal)                             0.00    1501.50
  clock uncertainty                                     -50.00    1451.50
  u_l1b/y_reg[9]/CLK (DFFASRHQNx1_ASAP7_75t_R)            0.00    1451.50 r
  library setup time                                    -15.98    1435.52
  data required time                                              1435.52
  --------------------------------------------------------------------------
  data required time                                              1435.52
  data arrival time                                              -1435.03
  --------------------------------------------------------------------------
  slack (MET)                                                        0.49


  Startpoint: parts[3][11]
              (input port clocked by clk)
  Endpoint: u_l1b/y_reg[12]
            (rising edge-triggered flip-flop clocked by clk)
  Path Group: clk
  Path Type: max

  Point                                                   Incr       Path
  --------------------------------------------------------------------------
  clock clk (rise edge)                                   0.00       0.00
  clock network delay (ideal)                             0.00       0.00
  input external delay                                  450.45     450.45 r
  parts[3][11] (in)                                       7.83     458.28 r
  u_l1b/b[11] (fp16_add_2)                                0.00     458.28 r
  u_l1b/U279/Y (INVx1_ASAP7_75t_R)                       13.23     471.51 f
  u_l1b/U280/Y (OAI22xp5_ASAP7_75t_R)                    15.94     487.45 r
  u_l1b/U281/Y (NAND2xp5_ASAP7_75t_R)                    18.99     506.44 f
  u_l1b/U315/Y (AO31x2_ASAP7_75t_R)                      24.81     531.25 f
  u_l1b/U62/Y (INVx2_ASAP7_75t_R)                        12.01     543.27 r
  u_l1b/U187/Y (INVx4_ASAP7_75t_R)                        9.12     552.38 f
  u_l1b/U235/Y (INVx5_ASAP7_75t_R)                        9.84     562.22 r
  u_l1b/U234/Y (OAI31xp33_ASAP7_75t_R)                   13.46     575.68 f
  u_l1b/U75/Y (HB1xp67_ASAP7_75t_R)                      30.31     605.99 f
  u_l1b/U76/Y (INVx1_ASAP7_75t_R)                        18.99     624.99 r
  u_l1b/U350/Y (NAND2xp5_ASAP7_75t_R)                    18.82     643.80 f
  u_l1b/U45/Y (INVx1_ASAP7_75t_R)                        29.83     673.64 r
  u_l1b/U385/Y (NAND2xp5_ASAP7_75t_R)                    14.36     688.00 f
  u_l1b/U386/Y (OAI21xp5_ASAP7_75t_R)                    19.07     707.07 r
  u_l1b/U11/Y (INVx2_ASAP7_75t_R)                        14.93     722.00 f
  u_l1b/U392/Y (OAI32xp33_ASAP7_75t_R)                   26.54     748.55 r
  u_l1b/U393/Y (INVx1_ASAP7_75t_R)                       12.39     760.93 f
  u_l1b/U394/Y (NAND3xp33_ASAP7_75t_R)                   17.40     778.34 r
  u_l1b/U421/Y (INVx1_ASAP7_75t_R)                       12.63     790.96 f
  u_l1b/U240/Y (OAI22x1_ASAP7_75t_R)                     26.77     817.73 r
  u_l1b/sub_75/B[6] (fp16_add_2_DW01_sub_8)               0.00     817.73 r
  u_l1b/sub_75/U34/Y (NAND2xp5_ASAP7_75t_R)              23.04     840.77 f
  u_l1b/sub_75/U8/Y (INVx1_ASAP7_75t_R)                  15.86     856.63 r
  u_l1b/sub_75/U10/Y (NOR2xp33_ASAP7_75t_R)              15.26     871.89 f
  u_l1b/sub_75/U46/Y (AND2x2_ASAP7_75t_R)                23.15     895.04 f
  u_l1b/sub_75/U44/Y (AND2x2_ASAP7_75t_R)                22.09     917.13 f
  u_l1b/sub_75/U28/Y (NAND2x1p5_ASAP7_75t_R)             15.47     932.60 r
  u_l1b/sub_75/U96/Y (NOR2x1_ASAP7_75t_R)                11.21     943.80 f
  u_l1b/sub_75/U27/Y (AOI221xp5_ASAP7_75t_R)             24.29     968.09 r
  u_l1b/sub_75/U87/Y (XNOR2xp5_ASAP7_75t_R)              23.86     991.95 r
  u_l1b/sub_75/DIFF[11] (fp16_add_2_DW01_sub_8)           0.00     991.95 r
  u_l1b/U479/Y (NAND2xp5_ASAP7_75t_R)                    17.85    1009.80 f
  u_l1b/U20/Y (NAND2xp5_ASAP7_75t_R)                     33.40    1043.20 r
  u_l1b/U225/Y (NOR4xp25_ASAP7_75t_R)                    16.91    1060.11 f
  u_l1b/U535/Y (NAND3xp33_ASAP7_75t_R)                   19.61    1079.72 r
  u_l1b/U247/Y (OAI31xp33_ASAP7_75t_R)                   19.70    1099.42 f
  u_l1b/U536/Y (INVx1_ASAP7_75t_R)                       13.61    1113.03 r
  u_l1b/U106/Y (AND2x2_ASAP7_75t_R)                      20.95    1133.98 r
  u_l1b/U150/Y (NAND2xp5_ASAP7_75t_R)                    13.13    1147.11 f
  u_l1b/U148/Y (INVx2_ASAP7_75t_R)                       17.01    1164.13 r
  u_l1b/U253/Y (NAND2x1p5_ASAP7_75t_R)                   16.53    1180.66 f
  u_l1b/U58/Y (INVx1_ASAP7_75t_R)                        13.11    1193.77 r
  u_l1b/U614/Y (NAND2xp5_ASAP7_75t_R)                    13.84    1207.61 f
  u_l1b/U146/Y (INVx1_ASAP7_75t_R)                       15.63    1223.24 r
  u_l1b/U109/Y (AND2x2_ASAP7_75t_R)                      21.46    1244.70 r
  u_l1b/U615/Y (NAND3xp33_ASAP7_75t_R)                   12.21    1256.91 f
  u_l1b/U616/Y (OAI321xp33_ASAP7_75t_R)                  19.39    1276.30 r
  u_l1b/U97/Y (AND2x2_ASAP7_75t_R)                       36.82    1313.12 r
  u_l1b/U107/Y (AND2x2_ASAP7_75t_R)                      22.01    1335.13 r
  u_l1b/U119/Y (NAND3xp33_ASAP7_75t_R)                   17.65    1352.77 f
  u_l1b/U657/Y (NAND2xp5_ASAP7_75t_R)                    26.92    1379.69 r
  u_l1b/U257/Y (INVx2_ASAP7_75t_R)                       13.93    1393.62 f
  u_l1b/U718/Y (AO21x1_ASAP7_75t_R)                      21.78    1415.40 f
  u_l1b/U215/Y (AOI31xp33_ASAP7_75t_R)                   18.94    1434.35 r
  u_l1b/y_reg[12]/D (DFFASRHQNx1_ASAP7_75t_R)             0.00    1434.35 r
  data arrival time                                               1434.35

  clock clk (rise edge)                                1501.50    1501.50
  clock network delay (ideal)                             0.00    1501.50
  clock uncertainty                                     -50.00    1451.50
  u_l1b/y_reg[12]/CLK (DFFASRHQNx1_ASAP7_75t_R)           0.00    1451.50 r
  library setup time                                    -16.27    1435.23
  data required time                                              1435.23
  --------------------------------------------------------------------------
  data required time                                              1435.23
  data arrival time                                              -1434.35
  --------------------------------------------------------------------------
  slack (MET)                                                        0.89


  Startpoint: parts[3][11]
              (input port clocked by clk)
  Endpoint: u_l1b/y_reg[11]
            (rising edge-triggered flip-flop clocked by clk)
  Path Group: clk
  Path Type: max

  Point                                                   Incr       Path
  --------------------------------------------------------------------------
  clock clk (rise edge)                                   0.00       0.00
  clock network delay (ideal)                             0.00       0.00
  input external delay                                  450.45     450.45 r
  parts[3][11] (in)                                       7.83     458.28 r
  u_l1b/b[11] (fp16_add_2)                                0.00     458.28 r
  u_l1b/U279/Y (INVx1_ASAP7_75t_R)                       13.23     471.51 f
  u_l1b/U280/Y (OAI22xp5_ASAP7_75t_R)                    15.94     487.45 r
  u_l1b/U281/Y (NAND2xp5_ASAP7_75t_R)                    18.99     506.44 f
  u_l1b/U315/Y (AO31x2_ASAP7_75t_R)                      24.81     531.25 f
  u_l1b/U62/Y (INVx2_ASAP7_75t_R)                        12.01     543.27 r
  u_l1b/U187/Y (INVx4_ASAP7_75t_R)                        9.12     552.38 f
  u_l1b/U235/Y (INVx5_ASAP7_75t_R)                        9.84     562.22 r
  u_l1b/U234/Y (OAI31xp33_ASAP7_75t_R)                   13.46     575.68 f
  u_l1b/U75/Y (HB1xp67_ASAP7_75t_R)                      30.31     605.99 f
  u_l1b/U76/Y (INVx1_ASAP7_75t_R)                        18.99     624.99 r
  u_l1b/U46/Y (OAI21xp5_ASAP7_75t_R)                     21.86     646.85 f
  u_l1b/U5/Y (INVx2_ASAP7_75t_R)                         14.51     661.36 r
  u_l1b/U4/Y (XNOR2x1_ASAP7_75t_R)                       26.39     687.75 r
  u_l1b/U16/Y (XOR2x1_ASAP7_75t_R)                       29.73     717.48 r
  u_l1b/U53/Y (INVx1_ASAP7_75t_R)                        17.20     734.68 f
  u_l1b/U408/Y (NAND3xp33_ASAP7_75t_R)                   16.64     751.33 r
  u_l1b/U195/Y (BUFx3_ASAP7_75t_R)                       23.42     774.75 r
  u_l1b/U428/Y (INVx1_ASAP7_75t_R)                       12.12     786.87 f
  u_l1b/U438/Y (AO222x2_ASAP7_75t_R)                     51.88     838.75 f
  u_l1b/sub_75/B[5] (fp16_add_2_DW01_sub_8)               0.00     838.75 f
  u_l1b/sub_75/U54/Y (NAND2x1p5_ASAP7_75t_R)             17.77     856.52 r
  u_l1b/sub_75/U48/Y (INVx2_ASAP7_75t_R)                  9.32     865.84 f
  u_l1b/sub_75/U10/Y (NOR2xp33_ASAP7_75t_R)              12.90     878.74 r
  u_l1b/sub_75/U46/Y (AND2x2_ASAP7_75t_R)                21.67     900.41 r
  u_l1b/sub_75/U44/Y (AND2x2_ASAP7_75t_R)                21.96     922.36 r
  u_l1b/sub_75/U28/Y (NAND2x1p5_ASAP7_75t_R)             12.62     934.98 f
  u_l1b/sub_75/U96/Y (NOR2x1_ASAP7_75t_R)                11.28     946.26 r
  u_l1b/sub_75/U27/Y (AOI221xp5_ASAP7_75t_R)             21.73     967.99 f
  u_l1b/sub_75/U87/Y (XNOR2xp5_ASAP7_75t_R)              26.40     994.39 f
  u_l1b/sub_75/DIFF[11] (fp16_add_2_DW01_sub_8)           0.00     994.39 f
  u_l1b/U479/Y (NAND2xp5_ASAP7_75t_R)                    19.16    1013.55 r
  u_l1b/U20/Y (NAND2xp5_ASAP7_75t_R)                     27.61    1041.16 f
  u_l1b/U225/Y (NOR4xp25_ASAP7_75t_R)                    27.40    1068.56 r
  u_l1b/U535/Y (NAND3xp33_ASAP7_75t_R)                   22.55    1091.12 f
  u_l1b/U247/Y (OAI31xp33_ASAP7_75t_R)                   16.32    1107.43 r
  u_l1b/U536/Y (INVx1_ASAP7_75t_R)                       13.12    1120.55 f
  u_l1b/U106/Y (AND2x2_ASAP7_75t_R)                      22.17    1142.73 f
  u_l1b/U150/Y (NAND2xp5_ASAP7_75t_R)                    14.59    1157.32 r
  u_l1b/U148/Y (INVx2_ASAP7_75t_R)                       14.95    1172.27 f
  u_l1b/U254/Y (NAND2x1p5_ASAP7_75t_R)                   19.90    1192.17 r
  u_l1b/U186/Y (OAI22xp5_ASAP7_75t_R)                    15.86    1208.03 f
  u_l1b/U607/Y (AOI331xp33_ASAP7_75t_R)                  38.62    1246.65 r
  u_l1b/U610/Y (OAI22xp5_ASAP7_75t_R)                    21.92    1268.57 f
  u_l1b/U611/Y (NAND2xp5_ASAP7_75t_R)                    20.43    1289.01 r
  u_l1b/U145/Y (INVx1_ASAP7_75t_R)                       11.47    1300.48 f
  u_l1b/U97/Y (AND2x2_ASAP7_75t_R)                       25.72    1326.20 f
  u_l1b/U107/Y (AND2x2_ASAP7_75t_R)                      22.89    1349.09 f
  u_l1b/U119/Y (NAND3xp33_ASAP7_75t_R)                   14.01    1363.09 r
  u_l1b/U147/Y (INVx1_ASAP7_75t_R)                       13.81    1376.91 f
  u_l1b/U709/Y (NAND2xp5_ASAP7_75t_R)                    14.94    1391.85 r
  u_l1b/U242/Y (INVxp67_ASAP7_75t_R)                     17.77    1409.62 f
  u_l1b/U216/Y (AOI221xp5_ASAP7_75t_R)                   23.30    1432.92 r
  u_l1b/y_reg[11]/D (DFFASRHQNx1_ASAP7_75t_R)             0.00    1432.92 r
  data arrival time                                               1432.92

  clock clk (rise edge)                                1501.50    1501.50
  clock network delay (ideal)                             0.00    1501.50
  clock uncertainty                                     -50.00    1451.50
  u_l1b/y_reg[11]/CLK (DFFASRHQNx1_ASAP7_75t_R)           0.00    1451.50 r
  library setup time                                    -17.61    1433.89
  data required time                                              1433.89
  --------------------------------------------------------------------------
  data required time                                              1433.89
  data arrival time                                              -1432.92
  --------------------------------------------------------------------------
  slack (MET)                                                        0.97


  Startpoint: parts[0][13]
              (input port clocked by clk)
  Endpoint: u_l1a/y_reg[1]
            (rising edge-triggered flip-flop clocked by clk)
  Path Group: clk
  Path Type: max

  Point                                                   Incr       Path
  --------------------------------------------------------------------------
  clock clk (rise edge)                                   0.00       0.00
  clock network delay (ideal)                             0.00       0.00
  input external delay                                  450.45     450.45 r
  parts[0][13] (in)                                       7.20     457.65 r
  u_l1a/a[13] (fp16_add_0)                                0.00     457.65 r
  u_l1a/U34/Y (INVx2_ASAP7_75t_R)                        10.38     468.03 f
  u_l1a/U157/Y (OAI22x1_ASAP7_75t_R)                     15.35     483.38 r
  u_l1a/U156/Y (INVx1_ASAP7_75t_R)                        9.28     492.66 f
  u_l1a/U317/Y (OAI221xp5_ASAP7_75t_R)                   15.60     508.26 r
  u_l1a/U321/Y (AO31x2_ASAP7_75t_R)                      42.37     550.63 r
  u_l1a/U141/Y (INVx4_ASAP7_75t_R)                       13.89     564.52 f
  u_l1a/U152/Y (OAI22xp5_ASAP7_75t_R)                    14.69     579.21 r
  u_l1a/U199/Y (BUFx3_ASAP7_75t_R)                       25.44     604.65 r
  u_l1a/U112/Y (INVx3_ASAP7_75t_R)                       10.49     615.13 f
  u_l1a/U220/Y (OAI21x1_ASAP7_75t_R)                     11.57     626.71 r
  u_l1a/U18/Y (INVx4_ASAP7_75t_R)                        13.76     640.47 f
  u_l1a/U348/SN (FAx1_ASAP7_75t_R)                       42.58     683.05 r
  u_l1a/U180/Y (INVx1_ASAP7_75t_R)                       27.58     710.62 f
  u_l1a/U165/Y (NAND2x1_ASAP7_75t_R)                     27.18     737.80 r
  u_l1a/U240/Y (INVx2_ASAP7_75t_R)                       17.32     755.12 f
  u_l1a/U158/Y (AOI22xp5_ASAP7_75t_R)                    17.03     772.15 r
  u_l1a/U410/Y (OAI221xp5_ASAP7_75t_R)                   21.28     793.43 f
  u_l1a/U411/Y (NAND2xp5_ASAP7_75t_R)                    24.11     817.54 r
  u_l1a/U225/Y (OAI21x1_ASAP7_75t_R)                     24.38     841.92 f
  u_l1a/sub_75/B[6] (fp16_add_0_DW01_sub_4)               0.00     841.92 f
  u_l1a/sub_75/U18/Y (INVxp67_ASAP7_75t_R)               14.64     856.55 r
  u_l1a/sub_75/U10/Y (NAND2xp5_ASAP7_75t_R)              13.05     869.61 f
  u_l1a/sub_75/U41/Y (AOI22xp5_ASAP7_75t_R)              20.17     889.77 r
  u_l1a/sub_75/U25/Y (AND2x2_ASAP7_75t_R)                25.53     915.30 r
  u_l1a/sub_75/U37/Y (OAI21x1_ASAP7_75t_R)               10.78     926.08 f
  u_l1a/sub_75/U34/Y (INVx2_ASAP7_75t_R)                 12.79     938.87 r
  u_l1a/sub_75/U30/Y (NAND2x1p5_ASAP7_75t_R)             10.60     949.47 f
  u_l1a/sub_75/U26/Y (AND2x2_ASAP7_75t_R)                23.91     973.39 f
  u_l1a/sub_75/U36/Y (OAI21xp5_ASAP7_75t_R)               9.01     982.40 r
  u_l1a/sub_75/U46/Y (AOI221xp5_ASAP7_75t_R)             21.58    1003.98 f
  u_l1a/sub_75/U72/Y (XNOR2xp5_ASAP7_75t_R)              28.20    1032.18 r
  u_l1a/sub_75/DIFF[13] (fp16_add_0_DW01_sub_4)           0.00    1032.18 r
  u_l1a/U496/Y (NAND2xp5_ASAP7_75t_R)                    13.05    1045.24 f
  u_l1a/U497/Y (NAND2xp5_ASAP7_75t_R)                    25.31    1070.54 r
  u_l1a/U511/Y (INVx1_ASAP7_75t_R)                       11.85    1082.40 f
  u_l1a/U512/Y (NAND3xp33_ASAP7_75t_R)                   13.54    1095.93 r
  u_l1a/U93/Y (OA21x2_ASAP7_75t_R)                       24.14    1120.08 r
  u_l1a/U526/Y (NAND3xp33_ASAP7_75t_R)                   24.42    1144.50 f
  u_l1a/U270/Y (INVx2_ASAP7_75t_R)                       23.28    1167.78 r
  u_l1a/U278/Y (NAND2x1p5_ASAP7_75t_R)                   18.01    1185.79 f
  u_l1a/U61/Y (INVx1_ASAP7_75t_R)                        13.33    1199.12 r
  u_l1a/U564/Y (NAND2xp5_ASAP7_75t_R)                    13.88    1213.01 f
  u_l1a/U565/Y (INVx1_ASAP7_75t_R)                       15.36    1228.37 r
  u_l1a/U566/Y (NAND2xp5_ASAP7_75t_R)                    14.24    1242.61 f
  u_l1a/U574/Y (OAI322xp33_ASAP7_75t_R)                  42.51    1285.12 r
  u_l1a/U16/Y (NAND2x1p5_ASAP7_75t_R)                    21.84    1306.97 f
  u_l1a/U255/Y (INVx2_ASAP7_75t_R)                       18.40    1325.37 r
  u_l1a/U120/Y (NAND2x1p5_ASAP7_75t_R)                   11.99    1337.36 f
  u_l1a/U166/Y (INVx2_ASAP7_75t_R)                        9.64    1347.00 r
  u_l1a/U242/Y (NAND3x1_ASAP7_75t_R)                     12.27    1359.27 f
  u_l1a/U87/Y (AND2x2_ASAP7_75t_R)                       30.23    1389.50 f
  u_l1a/U265/Y (OAI21x1_ASAP7_75t_R)                     10.99    1400.49 r
  u_l1a/U42/Y (INVx2_ASAP7_75t_R)                        15.79    1416.28 f
  u_l1a/U614/Y (OAI211xp5_ASAP7_75t_R)                   16.53    1432.82 r
  u_l1a/y_reg[1]/D (DFFASRHQNx1_ASAP7_75t_R)              0.00    1432.82 r
  data arrival time                                               1432.82

  clock clk (rise edge)                                1501.50    1501.50
  clock network delay (ideal)                             0.00    1501.50
  clock uncertainty                                     -50.00    1451.50
  u_l1a/y_reg[1]/CLK (DFFASRHQNx1_ASAP7_75t_R)            0.00    1451.50 r
  library setup time                                    -17.66    1433.84
  data required time                                              1433.84
  --------------------------------------------------------------------------
  data required time                                              1433.84
  data arrival time                                              -1432.82
  --------------------------------------------------------------------------
  slack (MET)                                                        1.02


  Startpoint: parts[3][11]
              (input port clocked by clk)
  Endpoint: u_l1b/y_reg[13]
            (rising edge-triggered flip-flop clocked by clk)
  Path Group: clk
  Path Type: max

  Point                                                   Incr       Path
  --------------------------------------------------------------------------
  clock clk (rise edge)                                   0.00       0.00
  clock network delay (ideal)                             0.00       0.00
  input external delay                                  450.45     450.45 r
  parts[3][11] (in)                                       7.83     458.28 r
  u_l1b/b[11] (fp16_add_2)                                0.00     458.28 r
  u_l1b/U279/Y (INVx1_ASAP7_75t_R)                       13.23     471.51 f
  u_l1b/U280/Y (OAI22xp5_ASAP7_75t_R)                    15.94     487.45 r
  u_l1b/U281/Y (NAND2xp5_ASAP7_75t_R)                    18.99     506.44 f
  u_l1b/U315/Y (AO31x2_ASAP7_75t_R)                      24.81     531.25 f
  u_l1b/U62/Y (INVx2_ASAP7_75t_R)                        12.01     543.27 r
  u_l1b/U187/Y (INVx4_ASAP7_75t_R)                        9.12     552.38 f
  u_l1b/U235/Y (INVx5_ASAP7_75t_R)                        9.84     562.22 r
  u_l1b/U234/Y (OAI31xp33_ASAP7_75t_R)                   13.46     575.68 f
  u_l1b/U75/Y (HB1xp67_ASAP7_75t_R)                      30.31     605.99 f
  u_l1b/U76/Y (INVx1_ASAP7_75t_R)                        18.99     624.99 r
  u_l1b/U46/Y (OAI21xp5_ASAP7_75t_R)                     21.86     646.85 f
  u_l1b/U5/Y (INVx2_ASAP7_75t_R)                         14.51     661.36 r
  u_l1b/U4/Y (XNOR2x1_ASAP7_75t_R)                       26.39     687.75 r
  u_l1b/U16/Y (XOR2x1_ASAP7_75t_R)                       29.73     717.48 r
  u_l1b/U53/Y (INVx1_ASAP7_75t_R)                        17.20     734.68 f
  u_l1b/U408/Y (NAND3xp33_ASAP7_75t_R)                   16.64     751.33 r
  u_l1b/U195/Y (BUFx3_ASAP7_75t_R)                       23.42     774.75 r
  u_l1b/U428/Y (INVx1_ASAP7_75t_R)                       12.12     786.87 f
  u_l1b/U438/Y (AO222x2_ASAP7_75t_R)                     51.88     838.75 f
  u_l1b/sub_75/B[5] (fp16_add_2_DW01_sub_8)               0.00     838.75 f
  u_l1b/sub_75/U54/Y (NAND2x1p5_ASAP7_75t_R)             17.77     856.52 r
  u_l1b/sub_75/U48/Y (INVx2_ASAP7_75t_R)                  9.32     865.84 f
  u_l1b/sub_75/U10/Y (NOR2xp33_ASAP7_75t_R)              12.90     878.74 r
  u_l1b/sub_75/U46/Y (AND2x2_ASAP7_75t_R)                21.67     900.41 r
  u_l1b/sub_75/U44/Y (AND2x2_ASAP7_75t_R)                21.96     922.36 r
  u_l1b/sub_75/U28/Y (NAND2x1p5_ASAP7_75t_R)             12.62     934.98 f
  u_l1b/sub_75/U96/Y (NOR2x1_ASAP7_75t_R)                11.28     946.26 r
  u_l1b/sub_75/U27/Y (AOI221xp5_ASAP7_75t_R)             21.73     967.99 f
  u_l1b/sub_75/U87/Y (XNOR2xp5_ASAP7_75t_R)              26.40     994.39 f
  u_l1b/sub_75/DIFF[11] (fp16_add_2_DW01_sub_8)           0.00     994.39 f
  u_l1b/U479/Y (NAND2xp5_ASAP7_75t_R)                    19.16    1013.55 r
  u_l1b/U20/Y (NAND2xp5_ASAP7_75t_R)                     27.61    1041.16 f
  u_l1b/U225/Y (NOR4xp25_ASAP7_75t_R)                    27.40    1068.56 r
  u_l1b/U535/Y (NAND3xp33_ASAP7_75t_R)                   22.55    1091.12 f
  u_l1b/U247/Y (OAI31xp33_ASAP7_75t_R)                   16.32    1107.43 r
  u_l1b/U536/Y (INVx1_ASAP7_75t_R)                       13.12    1120.55 f
  u_l1b/U106/Y (AND2x2_ASAP7_75t_R)                      22.17    1142.73 f
  u_l1b/U150/Y (NAND2xp5_ASAP7_75t_R)                    14.59    1157.32 r
  u_l1b/U148/Y (INVx2_ASAP7_75t_R)                       14.95    1172.27 f
  u_l1b/U254/Y (NAND2x1p5_ASAP7_75t_R)                   19.90    1192.17 r
  u_l1b/U186/Y (OAI22xp5_ASAP7_75t_R)                    15.86    1208.03 f
  u_l1b/U607/Y (AOI331xp33_ASAP7_75t_R)                  38.62    1246.65 r
  u_l1b/U610/Y (OAI22xp5_ASAP7_75t_R)                    21.92    1268.57 f
  u_l1b/U611/Y (NAND2xp5_ASAP7_75t_R)                    20.43    1289.01 r
  u_l1b/U145/Y (INVx1_ASAP7_75t_R)                       11.47    1300.48 f
  u_l1b/U97/Y (AND2x2_ASAP7_75t_R)                       25.72    1326.20 f
  u_l1b/U107/Y (AND2x2_ASAP7_75t_R)                      22.89    1349.09 f
  u_l1b/U119/Y (NAND3xp33_ASAP7_75t_R)                   14.01    1363.09 r
  u_l1b/U147/Y (INVx1_ASAP7_75t_R)                       13.81    1376.91 f
  u_l1b/U709/Y (NAND2xp5_ASAP7_75t_R)                    14.94    1391.85 r
  u_l1b/U242/Y (INVxp67_ASAP7_75t_R)                     17.77    1409.62 f
  u_l1b/U214/Y (AOI221xp5_ASAP7_75t_R)                   22.66    1432.28 r
  u_l1b/y_reg[13]/D (DFFASRHQNx1_ASAP7_75t_R)             0.00    1432.28 r
  data arrival time                                               1432.28

  clock clk (rise edge)                                1501.50    1501.50
  clock network delay (ideal)                             0.00    1501.50
  clock uncertainty                                     -50.00    1451.50
  u_l1b/y_reg[13]/CLK (DFFASRHQNx1_ASAP7_75t_R)           0.00    1451.50 r
  library setup time                                    -17.61    1433.89
  data required time                                              1433.89
  --------------------------------------------------------------------------
  data required time                                              1433.89
  data arrival time                                              -1432.28
  --------------------------------------------------------------------------
  slack (MET)                                                        1.62


  Startpoint: parts[3][11]
              (input port clocked by clk)
  Endpoint: u_l1b/y_reg[1]
            (rising edge-triggered flip-flop clocked by clk)
  Path Group: clk
  Path Type: max

  Point                                                   Incr       Path
  --------------------------------------------------------------------------
  clock clk (rise edge)                                   0.00       0.00
  clock network delay (ideal)                             0.00       0.00
  input external delay                                  450.45     450.45 r
  parts[3][11] (in)                                       7.83     458.28 r
  u_l1b/b[11] (fp16_add_2)                                0.00     458.28 r
  u_l1b/U279/Y (INVx1_ASAP7_75t_R)                       13.23     471.51 f
  u_l1b/U280/Y (OAI22xp5_ASAP7_75t_R)                    15.94     487.45 r
  u_l1b/U281/Y (NAND2xp5_ASAP7_75t_R)                    18.99     506.44 f
  u_l1b/U315/Y (AO31x2_ASAP7_75t_R)                      24.81     531.25 f
  u_l1b/U62/Y (INVx2_ASAP7_75t_R)                        12.01     543.27 r
  u_l1b/U187/Y (INVx4_ASAP7_75t_R)                        9.12     552.38 f
  u_l1b/U235/Y (INVx5_ASAP7_75t_R)                        9.84     562.22 r
  u_l1b/U234/Y (OAI31xp33_ASAP7_75t_R)                   13.46     575.68 f
  u_l1b/U75/Y (HB1xp67_ASAP7_75t_R)                      30.31     605.99 f
  u_l1b/U76/Y (INVx1_ASAP7_75t_R)                        18.99     624.99 r
  u_l1b/U46/Y (OAI21xp5_ASAP7_75t_R)                     21.86     646.85 f
  u_l1b/U5/Y (INVx2_ASAP7_75t_R)                         14.51     661.36 r
  u_l1b/U4/Y (XNOR2x1_ASAP7_75t_R)                       26.39     687.75 r
  u_l1b/U16/Y (XOR2x1_ASAP7_75t_R)                       29.73     717.48 r
  u_l1b/U53/Y (INVx1_ASAP7_75t_R)                        17.20     734.68 f
  u_l1b/U408/Y (NAND3xp33_ASAP7_75t_R)                   16.64     751.33 r
  u_l1b/U195/Y (BUFx3_ASAP7_75t_R)                       23.42     774.75 r
  u_l1b/U428/Y (INVx1_ASAP7_75t_R)                       12.12     786.87 f
  u_l1b/U438/Y (AO222x2_ASAP7_75t_R)                     51.88     838.75 f
  u_l1b/sub_75/B[5] (fp16_add_2_DW01_sub_8)               0.00     838.75 f
  u_l1b/sub_75/U54/Y (NAND2x1p5_ASAP7_75t_R)             17.77     856.52 r
  u_l1b/sub_75/U48/Y (INVx2_ASAP7_75t_R)                  9.32     865.84 f
  u_l1b/sub_75/U10/Y (NOR2xp33_ASAP7_75t_R)              12.90     878.74 r
  u_l1b/sub_75/U46/Y (AND2x2_ASAP7_75t_R)                21.67     900.41 r
  u_l1b/sub_75/U44/Y (AND2x2_ASAP7_75t_R)                21.96     922.36 r
  u_l1b/sub_75/U28/Y (NAND2x1p5_ASAP7_75t_R)             12.62     934.98 f
  u_l1b/sub_75/U96/Y (NOR2x1_ASAP7_75t_R)                11.28     946.26 r
  u_l1b/sub_75/U27/Y (AOI221xp5_ASAP7_75t_R)             21.73     967.99 f
  u_l1b/sub_75/U87/Y (XNOR2xp5_ASAP7_75t_R)              26.40     994.39 f
  u_l1b/sub_75/DIFF[11] (fp16_add_2_DW01_sub_8)           0.00     994.39 f
  u_l1b/U479/Y (NAND2xp5_ASAP7_75t_R)                    19.16    1013.55 r
  u_l1b/U20/Y (NAND2xp5_ASAP7_75t_R)                     27.61    1041.16 f
  u_l1b/U225/Y (NOR4xp25_ASAP7_75t_R)                    27.40    1068.56 r
  u_l1b/U535/Y (NAND3xp33_ASAP7_75t_R)                   22.55    1091.12 f
  u_l1b/U247/Y (OAI31xp33_ASAP7_75t_R)                   16.32    1107.43 r
  u_l1b/U536/Y (INVx1_ASAP7_75t_R)                       13.12    1120.55 f
  u_l1b/U106/Y (AND2x2_ASAP7_75t_R)                      22.17    1142.73 f
  u_l1b/U150/Y (NAND2xp5_ASAP7_75t_R)                    14.59    1157.32 r
  u_l1b/U148/Y (INVx2_ASAP7_75t_R)                       14.95    1172.27 f
  u_l1b/U254/Y (NAND2x1p5_ASAP7_75t_R)                   19.90    1192.17 r
  u_l1b/U186/Y (OAI22xp5_ASAP7_75t_R)                    15.86    1208.03 f
  u_l1b/U607/Y (AOI331xp33_ASAP7_75t_R)                  38.62    1246.65 r
  u_l1b/U610/Y (OAI22xp5_ASAP7_75t_R)                    21.92    1268.57 f
  u_l1b/U611/Y (NAND2xp5_ASAP7_75t_R)                    20.43    1289.01 r
  u_l1b/U145/Y (INVx1_ASAP7_75t_R)                       11.47    1300.48 f
  u_l1b/U97/Y (AND2x2_ASAP7_75t_R)                       25.72    1326.20 f
  u_l1b/U107/Y (AND2x2_ASAP7_75t_R)                      22.89    1349.09 f
  u_l1b/U119/Y (NAND3xp33_ASAP7_75t_R)                   14.01    1363.09 r
  u_l1b/U657/Y (NAND2xp5_ASAP7_75t_R)                    23.77    1386.86 f
  u_l1b/U257/Y (INVx2_ASAP7_75t_R)                       15.68    1402.54 r
  u_l1b/U151/Y (OA21x2_ASAP7_75t_R)                      31.88    1434.42 r
  u_l1b/U664/Y (NAND2xp5_ASAP7_75t_R)                    12.08    1446.50 f
  u_l1b/y_reg[1]/D (DFFASRHQNx1_ASAP7_75t_R)              0.00    1446.50 f
  data arrival time                                               1446.50

  clock clk (rise edge)                                1501.50    1501.50
  clock network delay (ideal)                             0.00    1501.50
  clock uncertainty                                     -50.00    1451.50
  u_l1b/y_reg[1]/CLK (DFFASRHQNx1_ASAP7_75t_R)            0.00    1451.50 r
  library setup time                                     -2.73    1448.77
  data required time                                              1448.77
  --------------------------------------------------------------------------
  data required time                                              1448.77
  data arrival time                                              -1446.50
  --------------------------------------------------------------------------
  slack (MET)                                                        2.28


  Startpoint: parts[3][11]
              (input port clocked by clk)
  Endpoint: u_l1b/y_reg[0]
            (rising edge-triggered flip-flop clocked by clk)
  Path Group: clk
  Path Type: max

  Point                                                   Incr       Path
  --------------------------------------------------------------------------
  clock clk (rise edge)                                   0.00       0.00
  clock network delay (ideal)                             0.00       0.00
  input external delay                                  450.45     450.45 r
  parts[3][11] (in)                                       7.83     458.28 r
  u_l1b/b[11] (fp16_add_2)                                0.00     458.28 r
  u_l1b/U279/Y (INVx1_ASAP7_75t_R)                       13.23     471.51 f
  u_l1b/U280/Y (OAI22xp5_ASAP7_75t_R)                    15.94     487.45 r
  u_l1b/U281/Y (NAND2xp5_ASAP7_75t_R)                    18.99     506.44 f
  u_l1b/U315/Y (AO31x2_ASAP7_75t_R)                      24.81     531.25 f
  u_l1b/U62/Y (INVx2_ASAP7_75t_R)                        12.01     543.27 r
  u_l1b/U187/Y (INVx4_ASAP7_75t_R)                        9.12     552.38 f
  u_l1b/U235/Y (INVx5_ASAP7_75t_R)                        9.84     562.22 r
  u_l1b/U234/Y (OAI31xp33_ASAP7_75t_R)                   13.46     575.68 f
  u_l1b/U75/Y (HB1xp67_ASAP7_75t_R)                      30.31     605.99 f
  u_l1b/U76/Y (INVx1_ASAP7_75t_R)                        18.99     624.99 r
  u_l1b/U46/Y (OAI21xp5_ASAP7_75t_R)                     21.86     646.85 f
  u_l1b/U5/Y (INVx2_ASAP7_75t_R)                         14.51     661.36 r
  u_l1b/U4/Y (XNOR2x1_ASAP7_75t_R)                       26.39     687.75 r
  u_l1b/U16/Y (XOR2x1_ASAP7_75t_R)                       29.73     717.48 r
  u_l1b/U53/Y (INVx1_ASAP7_75t_R)                        17.20     734.68 f
  u_l1b/U408/Y (NAND3xp33_ASAP7_75t_R)                   16.64     751.33 r
  u_l1b/U195/Y (BUFx3_ASAP7_75t_R)                       23.42     774.75 r
  u_l1b/U428/Y (INVx1_ASAP7_75t_R)                       12.12     786.87 f
  u_l1b/U438/Y (AO222x2_ASAP7_75t_R)                     51.88     838.75 f
  u_l1b/sub_75/B[5] (fp16_add_2_DW01_sub_8)               0.00     838.75 f
  u_l1b/sub_75/U54/Y (NAND2x1p5_ASAP7_75t_R)             17.77     856.52 r
  u_l1b/sub_75/U48/Y (INVx2_ASAP7_75t_R)                  9.32     865.84 f
  u_l1b/sub_75/U10/Y (NOR2xp33_ASAP7_75t_R)              12.90     878.74 r
  u_l1b/sub_75/U46/Y (AND2x2_ASAP7_75t_R)                21.67     900.41 r
  u_l1b/sub_75/U44/Y (AND2x2_ASAP7_75t_R)                21.96     922.36 r
  u_l1b/sub_75/U28/Y (NAND2x1p5_ASAP7_75t_R)             12.62     934.98 f
  u_l1b/sub_75/U96/Y (NOR2x1_ASAP7_75t_R)                11.28     946.26 r
  u_l1b/sub_75/U27/Y (AOI221xp5_ASAP7_75t_R)             21.73     967.99 f
  u_l1b/sub_75/U87/Y (XNOR2xp5_ASAP7_75t_R)              26.40     994.39 f
  u_l1b/sub_75/DIFF[11] (fp16_add_2_DW01_sub_8)           0.00     994.39 f
  u_l1b/U479/Y (NAND2xp5_ASAP7_75t_R)                    19.16    1013.55 r
  u_l1b/U20/Y (NAND2xp5_ASAP7_75t_R)                     27.61    1041.16 f
  u_l1b/U225/Y (NOR4xp25_ASAP7_75t_R)                    27.40    1068.56 r
  u_l1b/U535/Y (NAND3xp33_ASAP7_75t_R)                   22.55    1091.12 f
  u_l1b/U247/Y (OAI31xp33_ASAP7_75t_R)                   16.32    1107.43 r
  u_l1b/U536/Y (INVx1_ASAP7_75t_R)                       13.12    1120.55 f
  u_l1b/U106/Y (AND2x2_ASAP7_75t_R)                      22.17    1142.73 f
  u_l1b/U150/Y (NAND2xp5_ASAP7_75t_R)                    14.59    1157.32 r
  u_l1b/U148/Y (INVx2_ASAP7_75t_R)                       14.95    1172.27 f
  u_l1b/U254/Y (NAND2x1p5_ASAP7_75t_R)                   19.90    1192.17 r
  u_l1b/U186/Y (OAI22xp5_ASAP7_75t_R)                    15.86    1208.03 f
  u_l1b/U607/Y (AOI331xp33_ASAP7_75t_R)                  38.62    1246.65 r
  u_l1b/U610/Y (OAI22xp5_ASAP7_75t_R)                    21.92    1268.57 f
  u_l1b/U611/Y (NAND2xp5_ASAP7_75t_R)                    20.43    1289.01 r
  u_l1b/U145/Y (INVx1_ASAP7_75t_R)                       11.47    1300.48 f
  u_l1b/U97/Y (AND2x2_ASAP7_75t_R)                       25.72    1326.20 f
  u_l1b/U107/Y (AND2x2_ASAP7_75t_R)                      22.89    1349.09 f
  u_l1b/U119/Y (NAND3xp33_ASAP7_75t_R)                   14.01    1363.09 r
  u_l1b/U657/Y (NAND2xp5_ASAP7_75t_R)                    23.77    1386.86 f
  u_l1b/U257/Y (INVx2_ASAP7_75t_R)                       15.68    1402.54 r
  u_l1b/U151/Y (OA21x2_ASAP7_75t_R)                      31.88    1434.42 r
  u_l1b/U663/Y (NAND2xp5_ASAP7_75t_R)                    12.08    1446.50 f
  u_l1b/y_reg[0]/D (DFFASRHQNx1_ASAP7_75t_R)              0.00    1446.50 f
  data arrival time                                               1446.50

  clock clk (rise edge)                                1501.50    1501.50
  clock network delay (ideal)                             0.00    1501.50
  clock uncertainty                                     -50.00    1451.50
  u_l1b/y_reg[0]/CLK (DFFASRHQNx1_ASAP7_75t_R)            0.00    1451.50 r
  library setup time                                     -2.67    1448.83
  data required time                                              1448.83
  --------------------------------------------------------------------------
  data required time                                              1448.83
  data arrival time                                              -1446.50
  --------------------------------------------------------------------------
  slack (MET)                                                        2.34


  Startpoint: parts[3][11]
              (input port clocked by clk)
  Endpoint: u_l1b/y_reg[2]
            (rising edge-triggered flip-flop clocked by clk)
  Path Group: clk
  Path Type: max

  Point                                                   Incr       Path
  --------------------------------------------------------------------------
  clock clk (rise edge)                                   0.00       0.00
  clock network delay (ideal)                             0.00       0.00
  input external delay                                  450.45     450.45 r
  parts[3][11] (in)                                       7.83     458.28 r
  u_l1b/b[11] (fp16_add_2)                                0.00     458.28 r
  u_l1b/U279/Y (INVx1_ASAP7_75t_R)                       13.23     471.51 f
  u_l1b/U280/Y (OAI22xp5_ASAP7_75t_R)                    15.94     487.45 r
  u_l1b/U281/Y (NAND2xp5_ASAP7_75t_R)                    18.99     506.44 f
  u_l1b/U315/Y (AO31x2_ASAP7_75t_R)                      24.81     531.25 f
  u_l1b/U62/Y (INVx2_ASAP7_75t_R)                        12.01     543.27 r
  u_l1b/U187/Y (INVx4_ASAP7_75t_R)                        9.12     552.38 f
  u_l1b/U235/Y (INVx5_ASAP7_75t_R)                        9.84     562.22 r
  u_l1b/U234/Y (OAI31xp33_ASAP7_75t_R)                   13.46     575.68 f
  u_l1b/U75/Y (HB1xp67_ASAP7_75t_R)                      30.31     605.99 f
  u_l1b/U76/Y (INVx1_ASAP7_75t_R)                        18.99     624.99 r
  u_l1b/U46/Y (OAI21xp5_ASAP7_75t_R)                     21.86     646.85 f
  u_l1b/U5/Y (INVx2_ASAP7_75t_R)                         14.51     661.36 r
  u_l1b/U4/Y (XNOR2x1_ASAP7_75t_R)                       26.39     687.75 r
  u_l1b/U16/Y (XOR2x1_ASAP7_75t_R)                       29.73     717.48 r
  u_l1b/U53/Y (INVx1_ASAP7_75t_R)                        17.20     734.68 f
  u_l1b/U408/Y (NAND3xp33_ASAP7_75t_R)                   16.64     751.33 r
  u_l1b/U195/Y (BUFx3_ASAP7_75t_R)                       23.42     774.75 r
  u_l1b/U428/Y (INVx1_ASAP7_75t_R)                       12.12     786.87 f
  u_l1b/U438/Y (AO222x2_ASAP7_75t_R)                     51.88     838.75 f
  u_l1b/sub_75/B[5] (fp16_add_2_DW01_sub_8)               0.00     838.75 f
  u_l1b/sub_75/U54/Y (NAND2x1p5_ASAP7_75t_R)             17.77     856.52 r
  u_l1b/sub_75/U48/Y (INVx2_ASAP7_75t_R)                  9.32     865.84 f
  u_l1b/sub_75/U10/Y (NOR2xp33_ASAP7_75t_R)              12.90     878.74 r
  u_l1b/sub_75/U46/Y (AND2x2_ASAP7_75t_R)                21.67     900.41 r
  u_l1b/sub_75/U44/Y (AND2x2_ASAP7_75t_R)                21.96     922.36 r
  u_l1b/sub_75/U28/Y (NAND2x1p5_ASAP7_75t_R)             12.62     934.98 f
  u_l1b/sub_75/U96/Y (NOR2x1_ASAP7_75t_R)                11.28     946.26 r
  u_l1b/sub_75/U27/Y (AOI221xp5_ASAP7_75t_R)             21.73     967.99 f
  u_l1b/sub_75/U87/Y (XNOR2xp5_ASAP7_75t_R)              26.40     994.39 f
  u_l1b/sub_75/DIFF[11] (fp16_add_2_DW01_sub_8)           0.00     994.39 f
  u_l1b/U479/Y (NAND2xp5_ASAP7_75t_R)                    19.16    1013.55 r
  u_l1b/U20/Y (NAND2xp5_ASAP7_75t_R)                     27.61    1041.16 f
  u_l1b/U225/Y (NOR4xp25_ASAP7_75t_R)                    27.40    1068.56 r
  u_l1b/U535/Y (NAND3xp33_ASAP7_75t_R)                   22.55    1091.12 f
  u_l1b/U247/Y (OAI31xp33_ASAP7_75t_R)                   16.32    1107.43 r
  u_l1b/U536/Y (INVx1_ASAP7_75t_R)                       13.12    1120.55 f
  u_l1b/U106/Y (AND2x2_ASAP7_75t_R)                      22.17    1142.73 f
  u_l1b/U150/Y (NAND2xp5_ASAP7_75t_R)                    14.59    1157.32 r
  u_l1b/U148/Y (INVx2_ASAP7_75t_R)                       14.95    1172.27 f
  u_l1b/U254/Y (NAND2x1p5_ASAP7_75t_R)                   19.90    1192.17 r
  u_l1b/U186/Y (OAI22xp5_ASAP7_75t_R)                    15.86    1208.03 f
  u_l1b/U607/Y (AOI331xp33_ASAP7_75t_R)                  38.62    1246.65 r
  u_l1b/U610/Y (OAI22xp5_ASAP7_75t_R)                    21.92    1268.57 f
  u_l1b/U611/Y (NAND2xp5_ASAP7_75t_R)                    20.43    1289.01 r
  u_l1b/U145/Y (INVx1_ASAP7_75t_R)                       11.47    1300.48 f
  u_l1b/U97/Y (AND2x2_ASAP7_75t_R)                       25.72    1326.20 f
  u_l1b/U107/Y (AND2x2_ASAP7_75t_R)                      22.89    1349.09 f
  u_l1b/U119/Y (NAND3xp33_ASAP7_75t_R)                   14.01    1363.09 r
  u_l1b/U657/Y (NAND2xp5_ASAP7_75t_R)                    23.77    1386.86 f
  u_l1b/U257/Y (INVx2_ASAP7_75t_R)                       15.68    1402.54 r
  u_l1b/U151/Y (OA21x2_ASAP7_75t_R)                      31.88    1434.42 r
  u_l1b/U666/Y (NAND2xp5_ASAP7_75t_R)                    12.08    1446.50 f
  u_l1b/y_reg[2]/D (DFFASRHQNx1_ASAP7_75t_R)              0.00    1446.50 f
  data arrival time                                               1446.50

  clock clk (rise edge)                                1501.50    1501.50
  clock network delay (ideal)                             0.00    1501.50
  clock uncertainty                                     -50.00    1451.50
  u_l1b/y_reg[2]/CLK (DFFASRHQNx1_ASAP7_75t_R)            0.00    1451.50 r
  library setup time                                     -2.65    1448.85
  data required time                                              1448.85
  --------------------------------------------------------------------------
  data required time                                              1448.85
  data arrival time                                              -1446.50
  --------------------------------------------------------------------------
  slack (MET)                                                        2.35


  Startpoint: parts[3][11]
              (input port clocked by clk)
  Endpoint: u_l1b/y_reg[3]
            (rising edge-triggered flip-flop clocked by clk)
  Path Group: clk
  Path Type: max

  Point                                                   Incr       Path
  --------------------------------------------------------------------------
  clock clk (rise edge)                                   0.00       0.00
  clock network delay (ideal)                             0.00       0.00
  input external delay                                  450.45     450.45 r
  parts[3][11] (in)                                       7.83     458.28 r
  u_l1b/b[11] (fp16_add_2)                                0.00     458.28 r
  u_l1b/U279/Y (INVx1_ASAP7_75t_R)                       13.23     471.51 f
  u_l1b/U280/Y (OAI22xp5_ASAP7_75t_R)                    15.94     487.45 r
  u_l1b/U281/Y (NAND2xp5_ASAP7_75t_R)                    18.99     506.44 f
  u_l1b/U315/Y (AO31x2_ASAP7_75t_R)                      24.81     531.25 f
  u_l1b/U62/Y (INVx2_ASAP7_75t_R)                        12.01     543.27 r
  u_l1b/U187/Y (INVx4_ASAP7_75t_R)                        9.12     552.38 f
  u_l1b/U235/Y (INVx5_ASAP7_75t_R)                        9.84     562.22 r
  u_l1b/U234/Y (OAI31xp33_ASAP7_75t_R)                   13.46     575.68 f
  u_l1b/U75/Y (HB1xp67_ASAP7_75t_R)                      30.31     605.99 f
  u_l1b/U76/Y (INVx1_ASAP7_75t_R)                        18.99     624.99 r
  u_l1b/U46/Y (OAI21xp5_ASAP7_75t_R)                     21.86     646.85 f
  u_l1b/U5/Y (INVx2_ASAP7_75t_R)                         14.51     661.36 r
  u_l1b/U4/Y (XNOR2x1_ASAP7_75t_R)                       26.39     687.75 r
  u_l1b/U16/Y (XOR2x1_ASAP7_75t_R)                       29.73     717.48 r
  u_l1b/U53/Y (INVx1_ASAP7_75t_R)                        17.20     734.68 f
  u_l1b/U408/Y (NAND3xp33_ASAP7_75t_R)                   16.64     751.33 r
  u_l1b/U195/Y (BUFx3_ASAP7_75t_R)                       23.42     774.75 r
  u_l1b/U428/Y (INVx1_ASAP7_75t_R)                       12.12     786.87 f
  u_l1b/U438/Y (AO222x2_ASAP7_75t_R)                     51.88     838.75 f
  u_l1b/sub_75/B[5] (fp16_add_2_DW01_sub_8)               0.00     838.75 f
  u_l1b/sub_75/U54/Y (NAND2x1p5_ASAP7_75t_R)             17.77     856.52 r
  u_l1b/sub_75/U48/Y (INVx2_ASAP7_75t_R)                  9.32     865.84 f
  u_l1b/sub_75/U10/Y (NOR2xp33_ASAP7_75t_R)              12.90     878.74 r
  u_l1b/sub_75/U46/Y (AND2x2_ASAP7_75t_R)                21.67     900.41 r
  u_l1b/sub_75/U44/Y (AND2x2_ASAP7_75t_R)                21.96     922.36 r
  u_l1b/sub_75/U28/Y (NAND2x1p5_ASAP7_75t_R)             12.62     934.98 f
  u_l1b/sub_75/U96/Y (NOR2x1_ASAP7_75t_R)                11.28     946.26 r
  u_l1b/sub_75/U27/Y (AOI221xp5_ASAP7_75t_R)             21.73     967.99 f
  u_l1b/sub_75/U87/Y (XNOR2xp5_ASAP7_75t_R)              26.40     994.39 f
  u_l1b/sub_75/DIFF[11] (fp16_add_2_DW01_sub_8)           0.00     994.39 f
  u_l1b/U479/Y (NAND2xp5_ASAP7_75t_R)                    19.16    1013.55 r
  u_l1b/U20/Y (NAND2xp5_ASAP7_75t_R)                     27.61    1041.16 f
  u_l1b/U225/Y (NOR4xp25_ASAP7_75t_R)                    27.40    1068.56 r
  u_l1b/U535/Y (NAND3xp33_ASAP7_75t_R)                   22.55    1091.12 f
  u_l1b/U247/Y (OAI31xp33_ASAP7_75t_R)                   16.32    1107.43 r
  u_l1b/U536/Y (INVx1_ASAP7_75t_R)                       13.12    1120.55 f
  u_l1b/U106/Y (AND2x2_ASAP7_75t_R)                      22.17    1142.73 f
  u_l1b/U150/Y (NAND2xp5_ASAP7_75t_R)                    14.59    1157.32 r
  u_l1b/U148/Y (INVx2_ASAP7_75t_R)                       14.95    1172.27 f
  u_l1b/U254/Y (NAND2x1p5_ASAP7_75t_R)                   19.90    1192.17 r
  u_l1b/U186/Y (OAI22xp5_ASAP7_75t_R)                    15.86    1208.03 f
  u_l1b/U607/Y (AOI331xp33_ASAP7_75t_R)                  38.62    1246.65 r
  u_l1b/U610/Y (OAI22xp5_ASAP7_75t_R)                    21.92    1268.57 f
  u_l1b/U611/Y (NAND2xp5_ASAP7_75t_R)                    20.43    1289.01 r
  u_l1b/U145/Y (INVx1_ASAP7_75t_R)                       11.47    1300.48 f
  u_l1b/U97/Y (AND2x2_ASAP7_75t_R)                       25.72    1326.20 f
  u_l1b/U107/Y (AND2x2_ASAP7_75t_R)                      22.89    1349.09 f
  u_l1b/U119/Y (NAND3xp33_ASAP7_75t_R)                   14.01    1363.09 r
  u_l1b/U657/Y (NAND2xp5_ASAP7_75t_R)                    23.77    1386.86 f
  u_l1b/U257/Y (INVx2_ASAP7_75t_R)                       15.68    1402.54 r
  u_l1b/U151/Y (OA21x2_ASAP7_75t_R)                      31.88    1434.42 r
  u_l1b/U671/Y (NAND2xp5_ASAP7_75t_R)                    12.08    1446.50 f
  u_l1b/y_reg[3]/D (DFFASRHQNx1_ASAP7_75t_R)              0.00    1446.50 f
  data arrival time                                               1446.50

  clock clk (rise edge)                                1501.50    1501.50
  clock network delay (ideal)                             0.00    1501.50
  clock uncertainty                                     -50.00    1451.50
  u_l1b/y_reg[3]/CLK (DFFASRHQNx1_ASAP7_75t_R)            0.00    1451.50 r
  library setup time                                     -2.58    1448.92
  data required time                                              1448.92
  --------------------------------------------------------------------------
  data required time                                              1448.92
  data arrival time                                              -1446.50
  --------------------------------------------------------------------------
  slack (MET)                                                        2.43


  Startpoint: parts[3][11]
              (input port clocked by clk)
  Endpoint: u_l1b/y_reg[7]
            (rising edge-triggered flip-flop clocked by clk)
  Path Group: clk
  Path Type: max

  Point                                                   Incr       Path
  --------------------------------------------------------------------------
  clock clk (rise edge)                                   0.00       0.00
  clock network delay (ideal)                             0.00       0.00
  input external delay                                  450.45     450.45 r
  parts[3][11] (in)                                       7.83     458.28 r
  u_l1b/b[11] (fp16_add_2)                                0.00     458.28 r
  u_l1b/U279/Y (INVx1_ASAP7_75t_R)                       13.23     471.51 f
  u_l1b/U280/Y (OAI22xp5_ASAP7_75t_R)                    15.94     487.45 r
  u_l1b/U281/Y (NAND2xp5_ASAP7_75t_R)                    18.99     506.44 f
  u_l1b/U315/Y (AO31x2_ASAP7_75t_R)                      24.81     531.25 f
  u_l1b/U62/Y (INVx2_ASAP7_75t_R)                        12.01     543.27 r
  u_l1b/U187/Y (INVx4_ASAP7_75t_R)                        9.12     552.38 f
  u_l1b/U235/Y (INVx5_ASAP7_75t_R)                        9.84     562.22 r
  u_l1b/U234/Y (OAI31xp33_ASAP7_75t_R)                   13.46     575.68 f
  u_l1b/U75/Y (HB1xp67_ASAP7_75t_R)                      30.31     605.99 f
  u_l1b/U76/Y (INVx1_ASAP7_75t_R)                        18.99     624.99 r
  u_l1b/U46/Y (OAI21xp5_ASAP7_75t_R)                     21.86     646.85 f
  u_l1b/U5/Y (INVx2_ASAP7_75t_R)                         14.51     661.36 r
  u_l1b/U4/Y (XNOR2x1_ASAP7_75t_R)                       26.39     687.75 r
  u_l1b/U16/Y (XOR2x1_ASAP7_75t_R)                       29.73     717.48 r
  u_l1b/U53/Y (INVx1_ASAP7_75t_R)                        17.20     734.68 f
  u_l1b/U408/Y (NAND3xp33_ASAP7_75t_R)                   16.64     751.33 r
  u_l1b/U195/Y (BUFx3_ASAP7_75t_R)                       23.42     774.75 r
  u_l1b/U428/Y (INVx1_ASAP7_75t_R)                       12.12     786.87 f
  u_l1b/U438/Y (AO222x2_ASAP7_75t_R)                     51.88     838.75 f
  u_l1b/sub_75/B[5] (fp16_add_2_DW01_sub_8)               0.00     838.75 f
  u_l1b/sub_75/U54/Y (NAND2x1p5_ASAP7_75t_R)             17.77     856.52 r
  u_l1b/sub_75/U48/Y (INVx2_ASAP7_75t_R)                  9.32     865.84 f
  u_l1b/sub_75/U10/Y (NOR2xp33_ASAP7_75t_R)              12.90     878.74 r
  u_l1b/sub_75/U46/Y (AND2x2_ASAP7_75t_R)                21.67     900.41 r
  u_l1b/sub_75/U44/Y (AND2x2_ASAP7_75t_R)                21.96     922.36 r
  u_l1b/sub_75/U28/Y (NAND2x1p5_ASAP7_75t_R)             12.62     934.98 f
  u_l1b/sub_75/U96/Y (NOR2x1_ASAP7_75t_R)                11.28     946.26 r
  u_l1b/sub_75/U27/Y (AOI221xp5_ASAP7_75t_R)             21.73     967.99 f
  u_l1b/sub_75/U87/Y (XNOR2xp5_ASAP7_75t_R)              26.40     994.39 f
  u_l1b/sub_75/DIFF[11] (fp16_add_2_DW01_sub_8)           0.00     994.39 f
  u_l1b/U479/Y (NAND2xp5_ASAP7_75t_R)                    19.16    1013.55 r
  u_l1b/U20/Y (NAND2xp5_ASAP7_75t_R)                     27.61    1041.16 f
  u_l1b/U225/Y (NOR4xp25_ASAP7_75t_R)                    27.40    1068.56 r
  u_l1b/U535/Y (NAND3xp33_ASAP7_75t_R)                   22.55    1091.12 f
  u_l1b/U247/Y (OAI31xp33_ASAP7_75t_R)                   16.32    1107.43 r
  u_l1b/U536/Y (INVx1_ASAP7_75t_R)                       13.12    1120.55 f
  u_l1b/U106/Y (AND2x2_ASAP7_75t_R)                      22.17    1142.73 f
  u_l1b/U150/Y (NAND2xp5_ASAP7_75t_R)                    14.59    1157.32 r
  u_l1b/U148/Y (INVx2_ASAP7_75t_R)                       14.95    1172.27 f
  u_l1b/U254/Y (NAND2x1p5_ASAP7_75t_R)                   19.90    1192.17 r
  u_l1b/U186/Y (OAI22xp5_ASAP7_75t_R)                    15.86    1208.03 f
  u_l1b/U607/Y (AOI331xp33_ASAP7_75t_R)                  38.62    1246.65 r
  u_l1b/U610/Y (OAI22xp5_ASAP7_75t_R)                    21.92    1268.57 f
  u_l1b/U611/Y (NAND2xp5_ASAP7_75t_R)                    20.43    1289.01 r
  u_l1b/U145/Y (INVx1_ASAP7_75t_R)                       11.47    1300.48 f
  u_l1b/U97/Y (AND2x2_ASAP7_75t_R)                       25.72    1326.20 f
  u_l1b/U107/Y (AND2x2_ASAP7_75t_R)                      22.89    1349.09 f
  u_l1b/U119/Y (NAND3xp33_ASAP7_75t_R)                   14.01    1363.09 r
  u_l1b/U657/Y (NAND2xp5_ASAP7_75t_R)                    23.77    1386.86 f
  u_l1b/U257/Y (INVx2_ASAP7_75t_R)                       15.68    1402.54 r
  u_l1b/U151/Y (OA21x2_ASAP7_75t_R)                      31.88    1434.42 r
  u_l1b/U689/Y (NAND2xp5_ASAP7_75t_R)                    12.08    1446.50 f
  u_l1b/y_reg[7]/D (DFFASRHQNx1_ASAP7_75t_R)              0.00    1446.50 f
  data arrival time                                               1446.50

  clock clk (rise edge)                                1501.50    1501.50
  clock network delay (ideal)                             0.00    1501.50
  clock uncertainty                                     -50.00    1451.50
  u_l1b/y_reg[7]/CLK (DFFASRHQNx1_ASAP7_75t_R)            0.00    1451.50 r
  library setup time                                     -2.55    1448.95
  data required time                                              1448.95
  --------------------------------------------------------------------------
  data required time                                              1448.95
  data arrival time                                              -1446.50
  --------------------------------------------------------------------------
  slack (MET)                                                        2.46


  Startpoint: parts[3][11]
              (input port clocked by clk)
  Endpoint: u_l1b/y_reg[8]
            (rising edge-triggered flip-flop clocked by clk)
  Path Group: clk
  Path Type: max

  Point                                                   Incr       Path
  --------------------------------------------------------------------------
  clock clk (rise edge)                                   0.00       0.00
  clock network delay (ideal)                             0.00       0.00
  input external delay                                  450.45     450.45 r
  parts[3][11] (in)                                       7.83     458.28 r
  u_l1b/b[11] (fp16_add_2)                                0.00     458.28 r
  u_l1b/U279/Y (INVx1_ASAP7_75t_R)                       13.23     471.51 f
  u_l1b/U280/Y (OAI22xp5_ASAP7_75t_R)                    15.94     487.45 r
  u_l1b/U281/Y (NAND2xp5_ASAP7_75t_R)                    18.99     506.44 f
  u_l1b/U315/Y (AO31x2_ASAP7_75t_R)                      24.81     531.25 f
  u_l1b/U62/Y (INVx2_ASAP7_75t_R)                        12.01     543.27 r
  u_l1b/U187/Y (INVx4_ASAP7_75t_R)                        9.12     552.38 f
  u_l1b/U235/Y (INVx5_ASAP7_75t_R)                        9.84     562.22 r
  u_l1b/U234/Y (OAI31xp33_ASAP7_75t_R)                   13.46     575.68 f
  u_l1b/U75/Y (HB1xp67_ASAP7_75t_R)                      30.31     605.99 f
  u_l1b/U76/Y (INVx1_ASAP7_75t_R)                        18.99     624.99 r
  u_l1b/U350/Y (NAND2xp5_ASAP7_75t_R)                    18.82     643.80 f
  u_l1b/U45/Y (INVx1_ASAP7_75t_R)                        29.83     673.64 r
  u_l1b/U385/Y (NAND2xp5_ASAP7_75t_R)                    14.36     688.00 f
  u_l1b/U386/Y (OAI21xp5_ASAP7_75t_R)                    19.07     707.07 r
  u_l1b/U11/Y (INVx2_ASAP7_75t_R)                        14.93     722.00 f
  u_l1b/U392/Y (OAI32xp33_ASAP7_75t_R)                   26.54     748.55 r
  u_l1b/U393/Y (INVx1_ASAP7_75t_R)                       12.39     760.93 f
  u_l1b/U394/Y (NAND3xp33_ASAP7_75t_R)                   17.40     778.34 r
  u_l1b/U421/Y (INVx1_ASAP7_75t_R)                       12.63     790.96 f
  u_l1b/U240/Y (OAI22x1_ASAP7_75t_R)                     26.77     817.73 r
  u_l1b/sub_75/B[6] (fp16_add_2_DW01_sub_8)               0.00     817.73 r
  u_l1b/sub_75/U34/Y (NAND2xp5_ASAP7_75t_R)              23.04     840.77 f
  u_l1b/sub_75/U8/Y (INVx1_ASAP7_75t_R)                  15.86     856.63 r
  u_l1b/sub_75/U10/Y (NOR2xp33_ASAP7_75t_R)              15.26     871.89 f
  u_l1b/sub_75/U46/Y (AND2x2_ASAP7_75t_R)                23.15     895.04 f
  u_l1b/sub_75/U44/Y (AND2x2_ASAP7_75t_R)                22.09     917.13 f
  u_l1b/sub_75/U28/Y (NAND2x1p5_ASAP7_75t_R)             15.47     932.60 r
  u_l1b/sub_75/U96/Y (NOR2x1_ASAP7_75t_R)                11.21     943.80 f
  u_l1b/sub_75/U27/Y (AOI221xp5_ASAP7_75t_R)             24.29     968.09 r
  u_l1b/sub_75/U87/Y (XNOR2xp5_ASAP7_75t_R)              23.86     991.95 r
  u_l1b/sub_75/DIFF[11] (fp16_add_2_DW01_sub_8)           0.00     991.95 r
  u_l1b/U479/Y (NAND2xp5_ASAP7_75t_R)                    17.85    1009.80 f
  u_l1b/U20/Y (NAND2xp5_ASAP7_75t_R)                     33.40    1043.20 r
  u_l1b/U225/Y (NOR4xp25_ASAP7_75t_R)                    16.91    1060.11 f
  u_l1b/U535/Y (NAND3xp33_ASAP7_75t_R)                   19.61    1079.72 r
  u_l1b/U247/Y (OAI31xp33_ASAP7_75t_R)                   19.70    1099.42 f
  u_l1b/U536/Y (INVx1_ASAP7_75t_R)                       13.61    1113.03 r
  u_l1b/U106/Y (AND2x2_ASAP7_75t_R)                      20.95    1133.98 r
  u_l1b/U150/Y (NAND2xp5_ASAP7_75t_R)                    13.13    1147.11 f
  u_l1b/U148/Y (INVx2_ASAP7_75t_R)                       17.01    1164.13 r
  u_l1b/U253/Y (NAND2x1p5_ASAP7_75t_R)                   16.53    1180.66 f
  u_l1b/U58/Y (INVx1_ASAP7_75t_R)                        13.11    1193.77 r
  u_l1b/U614/Y (NAND2xp5_ASAP7_75t_R)                    13.84    1207.61 f
  u_l1b/U146/Y (INVx1_ASAP7_75t_R)                       15.63    1223.24 r
  u_l1b/U109/Y (AND2x2_ASAP7_75t_R)                      21.46    1244.70 r
  u_l1b/U615/Y (NAND3xp33_ASAP7_75t_R)                   12.21    1256.91 f
  u_l1b/U616/Y (OAI321xp33_ASAP7_75t_R)                  19.39    1276.30 r
  u_l1b/U97/Y (AND2x2_ASAP7_75t_R)                       36.82    1313.12 r
  u_l1b/U107/Y (AND2x2_ASAP7_75t_R)                      22.01    1335.13 r
  u_l1b/U119/Y (NAND3xp33_ASAP7_75t_R)                   17.65    1352.77 f
  u_l1b/U657/Y (NAND2xp5_ASAP7_75t_R)                    26.92    1379.69 r
  u_l1b/U257/Y (INVx2_ASAP7_75t_R)                       13.93    1393.62 f
  u_l1b/U151/Y (OA21x2_ASAP7_75t_R)                      26.16    1419.79 f
  u_l1b/U692/Y (NAND2xp5_ASAP7_75t_R)                    14.81    1434.60 r
  u_l1b/y_reg[8]/D (DFFASRHQNx1_ASAP7_75t_R)              0.00    1434.60 r
  data arrival time                                               1434.60

  clock clk (rise edge)                                1501.50    1501.50
  clock network delay (ideal)                             0.00    1501.50
  clock uncertainty                                     -50.00    1451.50
  u_l1b/y_reg[8]/CLK (DFFASRHQNx1_ASAP7_75t_R)            0.00    1451.50 r
  library setup time                                    -14.43    1437.07
  data required time                                              1437.07
  --------------------------------------------------------------------------
  data required time                                              1437.07
  data arrival time                                              -1434.60
  --------------------------------------------------------------------------
  slack (MET)                                                        2.47


  Startpoint: parts[3][11]
              (input port clocked by clk)
  Endpoint: u_l1b/y_reg[6]
            (rising edge-triggered flip-flop clocked by clk)
  Path Group: clk
  Path Type: max

  Point                                                   Incr       Path
  --------------------------------------------------------------------------
  clock clk (rise edge)                                   0.00       0.00
  clock network delay (ideal)                             0.00       0.00
  input external delay                                  450.45     450.45 r
  parts[3][11] (in)                                       7.83     458.28 r
  u_l1b/b[11] (fp16_add_2)                                0.00     458.28 r
  u_l1b/U279/Y (INVx1_ASAP7_75t_R)                       13.23     471.51 f
  u_l1b/U280/Y (OAI22xp5_ASAP7_75t_R)                    15.94     487.45 r
  u_l1b/U281/Y (NAND2xp5_ASAP7_75t_R)                    18.99     506.44 f
  u_l1b/U315/Y (AO31x2_ASAP7_75t_R)                      24.81     531.25 f
  u_l1b/U62/Y (INVx2_ASAP7_75t_R)                        12.01     543.27 r
  u_l1b/U187/Y (INVx4_ASAP7_75t_R)                        9.12     552.38 f
  u_l1b/U235/Y (INVx5_ASAP7_75t_R)                        9.84     562.22 r
  u_l1b/U234/Y (OAI31xp33_ASAP7_75t_R)                   13.46     575.68 f
  u_l1b/U75/Y (HB1xp67_ASAP7_75t_R)                      30.31     605.99 f
  u_l1b/U76/Y (INVx1_ASAP7_75t_R)                        18.99     624.99 r
  u_l1b/U350/Y (NAND2xp5_ASAP7_75t_R)                    18.82     643.80 f
  u_l1b/U45/Y (INVx1_ASAP7_75t_R)                        29.83     673.64 r
  u_l1b/U385/Y (NAND2xp5_ASAP7_75t_R)                    14.36     688.00 f
  u_l1b/U386/Y (OAI21xp5_ASAP7_75t_R)                    19.07     707.07 r
  u_l1b/U11/Y (INVx2_ASAP7_75t_R)                        14.93     722.00 f
  u_l1b/U392/Y (OAI32xp33_ASAP7_75t_R)                   26.54     748.55 r
  u_l1b/U393/Y (INVx1_ASAP7_75t_R)                       12.39     760.93 f
  u_l1b/U394/Y (NAND3xp33_ASAP7_75t_R)                   17.40     778.34 r
  u_l1b/U421/Y (INVx1_ASAP7_75t_R)                       12.63     790.96 f
  u_l1b/U240/Y (OAI22x1_ASAP7_75t_R)                     26.77     817.73 r
  u_l1b/sub_75/B[6] (fp16_add_2_DW01_sub_8)               0.00     817.73 r
  u_l1b/sub_75/U34/Y (NAND2xp5_ASAP7_75t_R)              23.04     840.77 f
  u_l1b/sub_75/U8/Y (INVx1_ASAP7_75t_R)                  15.86     856.63 r
  u_l1b/sub_75/U10/Y (NOR2xp33_ASAP7_75t_R)              15.26     871.89 f
  u_l1b/sub_75/U46/Y (AND2x2_ASAP7_75t_R)                23.15     895.04 f
  u_l1b/sub_75/U44/Y (AND2x2_ASAP7_75t_R)                22.09     917.13 f
  u_l1b/sub_75/U28/Y (NAND2x1p5_ASAP7_75t_R)             15.47     932.60 r
  u_l1b/sub_75/U96/Y (NOR2x1_ASAP7_75t_R)                11.21     943.80 f
  u_l1b/sub_75/U27/Y (AOI221xp5_ASAP7_75t_R)             24.29     968.09 r
  u_l1b/sub_75/U87/Y (XNOR2xp5_ASAP7_75t_R)              23.86     991.95 r
  u_l1b/sub_75/DIFF[11] (fp16_add_2_DW01_sub_8)           0.00     991.95 r
  u_l1b/U479/Y (NAND2xp5_ASAP7_75t_R)                    17.85    1009.80 f
  u_l1b/U20/Y (NAND2xp5_ASAP7_75t_R)                     33.40    1043.20 r
  u_l1b/U225/Y (NOR4xp25_ASAP7_75t_R)                    16.91    1060.11 f
  u_l1b/U535/Y (NAND3xp33_ASAP7_75t_R)                   19.61    1079.72 r
  u_l1b/U247/Y (OAI31xp33_ASAP7_75t_R)                   19.70    1099.42 f
  u_l1b/U536/Y (INVx1_ASAP7_75t_R)                       13.61    1113.03 r
  u_l1b/U106/Y (AND2x2_ASAP7_75t_R)                      20.95    1133.98 r
  u_l1b/U150/Y (NAND2xp5_ASAP7_75t_R)                    13.13    1147.11 f
  u_l1b/U148/Y (INVx2_ASAP7_75t_R)                       17.01    1164.13 r
  u_l1b/U253/Y (NAND2x1p5_ASAP7_75t_R)                   16.53    1180.66 f
  u_l1b/U58/Y (INVx1_ASAP7_75t_R)                        13.11    1193.77 r
  u_l1b/U614/Y (NAND2xp5_ASAP7_75t_R)                    13.84    1207.61 f
  u_l1b/U146/Y (INVx1_ASAP7_75t_R)                       15.63    1223.24 r
  u_l1b/U109/Y (AND2x2_ASAP7_75t_R)                      21.46    1244.70 r
  u_l1b/U615/Y (NAND3xp33_ASAP7_75t_R)                   12.21    1256.91 f
  u_l1b/U616/Y (OAI321xp33_ASAP7_75t_R)                  19.39    1276.30 r
  u_l1b/U97/Y (AND2x2_ASAP7_75t_R)                       36.82    1313.12 r
  u_l1b/U107/Y (AND2x2_ASAP7_75t_R)                      22.01    1335.13 r
  u_l1b/U119/Y (NAND3xp33_ASAP7_75t_R)                   17.65    1352.77 f
  u_l1b/U657/Y (NAND2xp5_ASAP7_75t_R)                    26.92    1379.69 r
  u_l1b/U257/Y (INVx2_ASAP7_75t_R)                       13.93    1393.62 f
  u_l1b/U151/Y (OA21x2_ASAP7_75t_R)                      26.16    1419.79 f
  u_l1b/U686/Y (NAND2xp5_ASAP7_75t_R)                    14.81    1434.60 r
  u_l1b/y_reg[6]/D (DFFASRHQNx1_ASAP7_75t_R)              0.00    1434.60 r
  data arrival time                                               1434.60

  clock clk (rise edge)                                1501.50    1501.50
  clock network delay (ideal)                             0.00    1501.50
  clock uncertainty                                     -50.00    1451.50
  u_l1b/y_reg[6]/CLK (DFFASRHQNx1_ASAP7_75t_R)            0.00    1451.50 r
  library setup time                                    -14.43    1437.07
  data required time                                              1437.07
  --------------------------------------------------------------------------
  data required time                                              1437.07
  data arrival time                                              -1434.60
  --------------------------------------------------------------------------
  slack (MET)                                                        2.47


  Startpoint: parts[3][11]
              (input port clocked by clk)
  Endpoint: u_l1b/y_reg[5]
            (rising edge-triggered flip-flop clocked by clk)
  Path Group: clk
  Path Type: max

  Point                                                   Incr       Path
  --------------------------------------------------------------------------
  clock clk (rise edge)                                   0.00       0.00
  clock network delay (ideal)                             0.00       0.00
  input external delay                                  450.45     450.45 r
  parts[3][11] (in)                                       7.83     458.28 r
  u_l1b/b[11] (fp16_add_2)                                0.00     458.28 r
  u_l1b/U279/Y (INVx1_ASAP7_75t_R)                       13.23     471.51 f
  u_l1b/U280/Y (OAI22xp5_ASAP7_75t_R)                    15.94     487.45 r
  u_l1b/U281/Y (NAND2xp5_ASAP7_75t_R)                    18.99     506.44 f
  u_l1b/U315/Y (AO31x2_ASAP7_75t_R)                      24.81     531.25 f
  u_l1b/U62/Y (INVx2_ASAP7_75t_R)                        12.01     543.27 r
  u_l1b/U187/Y (INVx4_ASAP7_75t_R)                        9.12     552.38 f
  u_l1b/U235/Y (INVx5_ASAP7_75t_R)                        9.84     562.22 r
  u_l1b/U234/Y (OAI31xp33_ASAP7_75t_R)                   13.46     575.68 f
  u_l1b/U75/Y (HB1xp67_ASAP7_75t_R)                      30.31     605.99 f
  u_l1b/U76/Y (INVx1_ASAP7_75t_R)                        18.99     624.99 r
  u_l1b/U350/Y (NAND2xp5_ASAP7_75t_R)                    18.82     643.80 f
  u_l1b/U45/Y (INVx1_ASAP7_75t_R)                        29.83     673.64 r
  u_l1b/U385/Y (NAND2xp5_ASAP7_75t_R)                    14.36     688.00 f
  u_l1b/U386/Y (OAI21xp5_ASAP7_75t_R)                    19.07     707.07 r
  u_l1b/U11/Y (INVx2_ASAP7_75t_R)                        14.93     722.00 f
  u_l1b/U392/Y (OAI32xp33_ASAP7_75t_R)                   26.54     748.55 r
  u_l1b/U393/Y (INVx1_ASAP7_75t_R)                       12.39     760.93 f
  u_l1b/U394/Y (NAND3xp33_ASAP7_75t_R)                   17.40     778.34 r
  u_l1b/U421/Y (INVx1_ASAP7_75t_R)                       12.63     790.96 f
  u_l1b/U240/Y (OAI22x1_ASAP7_75t_R)                     26.77     817.73 r
  u_l1b/sub_75/B[6] (fp16_add_2_DW01_sub_8)               0.00     817.73 r
  u_l1b/sub_75/U34/Y (NAND2xp5_ASAP7_75t_R)              23.04     840.77 f
  u_l1b/sub_75/U8/Y (INVx1_ASAP7_75t_R)                  15.86     856.63 r
  u_l1b/sub_75/U10/Y (NOR2xp33_ASAP7_75t_R)              15.26     871.89 f
  u_l1b/sub_75/U46/Y (AND2x2_ASAP7_75t_R)                23.15     895.04 f
  u_l1b/sub_75/U44/Y (AND2x2_ASAP7_75t_R)                22.09     917.13 f
  u_l1b/sub_75/U28/Y (NAND2x1p5_ASAP7_75t_R)             15.47     932.60 r
  u_l1b/sub_75/U96/Y (NOR2x1_ASAP7_75t_R)                11.21     943.80 f
  u_l1b/sub_75/U27/Y (AOI221xp5_ASAP7_75t_R)             24.29     968.09 r
  u_l1b/sub_75/U87/Y (XNOR2xp5_ASAP7_75t_R)              23.86     991.95 r
  u_l1b/sub_75/DIFF[11] (fp16_add_2_DW01_sub_8)           0.00     991.95 r
  u_l1b/U479/Y (NAND2xp5_ASAP7_75t_R)                    17.85    1009.80 f
  u_l1b/U20/Y (NAND2xp5_ASAP7_75t_R)                     33.40    1043.20 r
  u_l1b/U225/Y (NOR4xp25_ASAP7_75t_R)                    16.91    1060.11 f
  u_l1b/U535/Y (NAND3xp33_ASAP7_75t_R)                   19.61    1079.72 r
  u_l1b/U247/Y (OAI31xp33_ASAP7_75t_R)                   19.70    1099.42 f
  u_l1b/U536/Y (INVx1_ASAP7_75t_R)                       13.61    1113.03 r
  u_l1b/U106/Y (AND2x2_ASAP7_75t_R)                      20.95    1133.98 r
  u_l1b/U150/Y (NAND2xp5_ASAP7_75t_R)                    13.13    1147.11 f
  u_l1b/U148/Y (INVx2_ASAP7_75t_R)                       17.01    1164.13 r
  u_l1b/U253/Y (NAND2x1p5_ASAP7_75t_R)                   16.53    1180.66 f
  u_l1b/U58/Y (INVx1_ASAP7_75t_R)                        13.11    1193.77 r
  u_l1b/U614/Y (NAND2xp5_ASAP7_75t_R)                    13.84    1207.61 f
  u_l1b/U146/Y (INVx1_ASAP7_75t_R)                       15.63    1223.24 r
  u_l1b/U109/Y (AND2x2_ASAP7_75t_R)                      21.46    1244.70 r
  u_l1b/U615/Y (NAND3xp33_ASAP7_75t_R)                   12.21    1256.91 f
  u_l1b/U616/Y (OAI321xp33_ASAP7_75t_R)                  19.39    1276.30 r
  u_l1b/U97/Y (AND2x2_ASAP7_75t_R)                       36.82    1313.12 r
  u_l1b/U107/Y (AND2x2_ASAP7_75t_R)                      22.01    1335.13 r
  u_l1b/U119/Y (NAND3xp33_ASAP7_75t_R)                   17.65    1352.77 f
  u_l1b/U657/Y (NAND2xp5_ASAP7_75t_R)                    26.92    1379.69 r
  u_l1b/U257/Y (INVx2_ASAP7_75t_R)                       13.93    1393.62 f
  u_l1b/U151/Y (OA21x2_ASAP7_75t_R)                      26.16    1419.79 f
  u_l1b/U684/Y (NAND2xp5_ASAP7_75t_R)                    14.81    1434.60 r
  u_l1b/y_reg[5]/D (DFFASRHQNx1_ASAP7_75t_R)              0.00    1434.60 r
  data arrival time                                               1434.60

  clock clk (rise edge)                                1501.50    1501.50
  clock network delay (ideal)                             0.00    1501.50
  clock uncertainty                                     -50.00    1451.50
  u_l1b/y_reg[5]/CLK (DFFASRHQNx1_ASAP7_75t_R)            0.00    1451.50 r
  library setup time                                    -14.43    1437.07
  data required time                                              1437.07
  --------------------------------------------------------------------------
  data required time                                              1437.07
  data arrival time                                              -1434.60
  --------------------------------------------------------------------------
  slack (MET)                                                        2.47


  Startpoint: parts[3][11]
              (input port clocked by clk)
  Endpoint: u_l1b/y_reg[4]
            (rising edge-triggered flip-flop clocked by clk)
  Path Group: clk
  Path Type: max

  Point                                                   Incr       Path
  --------------------------------------------------------------------------
  clock clk (rise edge)                                   0.00       0.00
  clock network delay (ideal)                             0.00       0.00
  input external delay                                  450.45     450.45 r
  parts[3][11] (in)                                       7.83     458.28 r
  u_l1b/b[11] (fp16_add_2)                                0.00     458.28 r
  u_l1b/U279/Y (INVx1_ASAP7_75t_R)                       13.23     471.51 f
  u_l1b/U280/Y (OAI22xp5_ASAP7_75t_R)                    15.94     487.45 r
  u_l1b/U281/Y (NAND2xp5_ASAP7_75t_R)                    18.99     506.44 f
  u_l1b/U315/Y (AO31x2_ASAP7_75t_R)                      24.81     531.25 f
  u_l1b/U62/Y (INVx2_ASAP7_75t_R)                        12.01     543.27 r
  u_l1b/U187/Y (INVx4_ASAP7_75t_R)                        9.12     552.38 f
  u_l1b/U235/Y (INVx5_ASAP7_75t_R)                        9.84     562.22 r
  u_l1b/U234/Y (OAI31xp33_ASAP7_75t_R)                   13.46     575.68 f
  u_l1b/U75/Y (HB1xp67_ASAP7_75t_R)                      30.31     605.99 f
  u_l1b/U76/Y (INVx1_ASAP7_75t_R)                        18.99     624.99 r
  u_l1b/U350/Y (NAND2xp5_ASAP7_75t_R)                    18.82     643.80 f
  u_l1b/U45/Y (INVx1_ASAP7_75t_R)                        29.83     673.64 r
  u_l1b/U385/Y (NAND2xp5_ASAP7_75t_R)                    14.36     688.00 f
  u_l1b/U386/Y (OAI21xp5_ASAP7_75t_R)                    19.07     707.07 r
  u_l1b/U11/Y (INVx2_ASAP7_75t_R)                        14.93     722.00 f
  u_l1b/U392/Y (OAI32xp33_ASAP7_75t_R)                   26.54     748.55 r
  u_l1b/U393/Y (INVx1_ASAP7_75t_R)                       12.39     760.93 f
  u_l1b/U394/Y (NAND3xp33_ASAP7_75t_R)                   17.40     778.34 r
  u_l1b/U421/Y (INVx1_ASAP7_75t_R)                       12.63     790.96 f
  u_l1b/U240/Y (OAI22x1_ASAP7_75t_R)                     26.77     817.73 r
  u_l1b/sub_75/B[6] (fp16_add_2_DW01_sub_8)               0.00     817.73 r
  u_l1b/sub_75/U34/Y (NAND2xp5_ASAP7_75t_R)              23.04     840.77 f
  u_l1b/sub_75/U8/Y (INVx1_ASAP7_75t_R)                  15.86     856.63 r
  u_l1b/sub_75/U10/Y (NOR2xp33_ASAP7_75t_R)              15.26     871.89 f
  u_l1b/sub_75/U46/Y (AND2x2_ASAP7_75t_R)                23.15     895.04 f
  u_l1b/sub_75/U44/Y (AND2x2_ASAP7_75t_R)                22.09     917.13 f
  u_l1b/sub_75/U28/Y (NAND2x1p5_ASAP7_75t_R)             15.47     932.60 r
  u_l1b/sub_75/U96/Y (NOR2x1_ASAP7_75t_R)                11.21     943.80 f
  u_l1b/sub_75/U27/Y (AOI221xp5_ASAP7_75t_R)             24.29     968.09 r
  u_l1b/sub_75/U87/Y (XNOR2xp5_ASAP7_75t_R)              23.86     991.95 r
  u_l1b/sub_75/DIFF[11] (fp16_add_2_DW01_sub_8)           0.00     991.95 r
  u_l1b/U479/Y (NAND2xp5_ASAP7_75t_R)                    17.85    1009.80 f
  u_l1b/U20/Y (NAND2xp5_ASAP7_75t_R)                     33.40    1043.20 r
  u_l1b/U225/Y (NOR4xp25_ASAP7_75t_R)                    16.91    1060.11 f
  u_l1b/U535/Y (NAND3xp33_ASAP7_75t_R)                   19.61    1079.72 r
  u_l1b/U247/Y (OAI31xp33_ASAP7_75t_R)                   19.70    1099.42 f
  u_l1b/U536/Y (INVx1_ASAP7_75t_R)                       13.61    1113.03 r
  u_l1b/U106/Y (AND2x2_ASAP7_75t_R)                      20.95    1133.98 r
  u_l1b/U150/Y (NAND2xp5_ASAP7_75t_R)                    13.13    1147.11 f
  u_l1b/U148/Y (INVx2_ASAP7_75t_R)                       17.01    1164.13 r
  u_l1b/U253/Y (NAND2x1p5_ASAP7_75t_R)                   16.53    1180.66 f
  u_l1b/U58/Y (INVx1_ASAP7_75t_R)                        13.11    1193.77 r
  u_l1b/U614/Y (NAND2xp5_ASAP7_75t_R)                    13.84    1207.61 f
  u_l1b/U146/Y (INVx1_ASAP7_75t_R)                       15.63    1223.24 r
  u_l1b/U109/Y (AND2x2_ASAP7_75t_R)                      21.46    1244.70 r
  u_l1b/U615/Y (NAND3xp33_ASAP7_75t_R)                   12.21    1256.91 f
  u_l1b/U616/Y (OAI321xp33_ASAP7_75t_R)                  19.39    1276.30 r
  u_l1b/U97/Y (AND2x2_ASAP7_75t_R)                       36.82    1313.12 r
  u_l1b/U107/Y (AND2x2_ASAP7_75t_R)                      22.01    1335.13 r
  u_l1b/U119/Y (NAND3xp33_ASAP7_75t_R)                   17.65    1352.77 f
  u_l1b/U657/Y (NAND2xp5_ASAP7_75t_R)                    26.92    1379.69 r
  u_l1b/U257/Y (INVx2_ASAP7_75t_R)                       13.93    1393.62 f
  u_l1b/U151/Y (OA21x2_ASAP7_75t_R)                      26.16    1419.79 f
  u_l1b/U676/Y (NAND2xp5_ASAP7_75t_R)                    14.81    1434.60 r
  u_l1b/y_reg[4]/D (DFFASRHQNx1_ASAP7_75t_R)              0.00    1434.60 r
  data arrival time                                               1434.60

  clock clk (rise edge)                                1501.50    1501.50
  clock network delay (ideal)                             0.00    1501.50
  clock uncertainty                                     -50.00    1451.50
  u_l1b/y_reg[4]/CLK (DFFASRHQNx1_ASAP7_75t_R)            0.00    1451.50 r
  library setup time                                    -14.43    1437.07
  data required time                                              1437.07
  --------------------------------------------------------------------------
  data required time                                              1437.07
  data arrival time                                              -1434.60
  --------------------------------------------------------------------------
  slack (MET)                                                        2.47


  Startpoint: parts[3][11]
              (input port clocked by clk)
  Endpoint: u_l1b/y_reg[10]
            (rising edge-triggered flip-flop clocked by clk)
  Path Group: clk
  Path Type: max

  Point                                                   Incr       Path
  --------------------------------------------------------------------------
  clock clk (rise edge)                                   0.00       0.00
  clock network delay (ideal)                             0.00       0.00
  input external delay                                  450.45     450.45 r
  parts[3][11] (in)                                       7.83     458.28 r
  u_l1b/b[11] (fp16_add_2)                                0.00     458.28 r
  u_l1b/U279/Y (INVx1_ASAP7_75t_R)                       13.23     471.51 f
  u_l1b/U280/Y (OAI22xp5_ASAP7_75t_R)                    15.94     487.45 r
  u_l1b/U281/Y (NAND2xp5_ASAP7_75t_R)                    18.99     506.44 f
  u_l1b/U315/Y (AO31x2_ASAP7_75t_R)                      24.81     531.25 f
  u_l1b/U62/Y (INVx2_ASAP7_75t_R)                        12.01     543.27 r
  u_l1b/U187/Y (INVx4_ASAP7_75t_R)                        9.12     552.38 f
  u_l1b/U235/Y (INVx5_ASAP7_75t_R)                        9.84     562.22 r
  u_l1b/U234/Y (OAI31xp33_ASAP7_75t_R)                   13.46     575.68 f
  u_l1b/U75/Y (HB1xp67_ASAP7_75t_R)                      30.31     605.99 f
  u_l1b/U76/Y (INVx1_ASAP7_75t_R)                        18.99     624.99 r
  u_l1b/U46/Y (OAI21xp5_ASAP7_75t_R)                     21.86     646.85 f
  u_l1b/U5/Y (INVx2_ASAP7_75t_R)                         14.51     661.36 r
  u_l1b/U4/Y (XNOR2x1_ASAP7_75t_R)                       26.39     687.75 r
  u_l1b/U16/Y (XOR2x1_ASAP7_75t_R)                       29.73     717.48 r
  u_l1b/U53/Y (INVx1_ASAP7_75t_R)                        17.20     734.68 f
  u_l1b/U408/Y (NAND3xp33_ASAP7_75t_R)                   16.64     751.33 r
  u_l1b/U195/Y (BUFx3_ASAP7_75t_R)                       23.42     774.75 r
  u_l1b/U428/Y (INVx1_ASAP7_75t_R)                       12.12     786.87 f
  u_l1b/U438/Y (AO222x2_ASAP7_75t_R)                     51.88     838.75 f
  u_l1b/sub_75/B[5] (fp16_add_2_DW01_sub_8)               0.00     838.75 f
  u_l1b/sub_75/U54/Y (NAND2x1p5_ASAP7_75t_R)             17.77     856.52 r
  u_l1b/sub_75/U48/Y (INVx2_ASAP7_75t_R)                  9.32     865.84 f
  u_l1b/sub_75/U10/Y (NOR2xp33_ASAP7_75t_R)              12.90     878.74 r
  u_l1b/sub_75/U46/Y (AND2x2_ASAP7_75t_R)                21.67     900.41 r
  u_l1b/sub_75/U44/Y (AND2x2_ASAP7_75t_R)                21.96     922.36 r
  u_l1b/sub_75/U28/Y (NAND2x1p5_ASAP7_75t_R)             12.62     934.98 f
  u_l1b/sub_75/U96/Y (NOR2x1_ASAP7_75t_R)                11.28     946.26 r
  u_l1b/sub_75/U27/Y (AOI221xp5_ASAP7_75t_R)             21.73     967.99 f
  u_l1b/sub_75/U87/Y (XNOR2xp5_ASAP7_75t_R)              26.40     994.39 f
  u_l1b/sub_75/DIFF[11] (fp16_add_2_DW01_sub_8)           0.00     994.39 f
  u_l1b/U479/Y (NAND2xp5_ASAP7_75t_R)                    19.16    1013.55 r
  u_l1b/U20/Y (NAND2xp5_ASAP7_75t_R)                     27.61    1041.16 f
  u_l1b/U225/Y (NOR4xp25_ASAP7_75t_R)                    27.40    1068.56 r
  u_l1b/U535/Y (NAND3xp33_ASAP7_75t_R)                   22.55    1091.12 f
  u_l1b/U247/Y (OAI31xp33_ASAP7_75t_R)                   16.32    1107.43 r
  u_l1b/U536/Y (INVx1_ASAP7_75t_R)                       13.12    1120.55 f
  u_l1b/U106/Y (AND2x2_ASAP7_75t_R)                      22.17    1142.73 f
  u_l1b/U150/Y (NAND2xp5_ASAP7_75t_R)                    14.59    1157.32 r
  u_l1b/U148/Y (INVx2_ASAP7_75t_R)                       14.95    1172.27 f
  u_l1b/U254/Y (NAND2x1p5_ASAP7_75t_R)                   19.90    1192.17 r
  u_l1b/U186/Y (OAI22xp5_ASAP7_75t_R)                    15.86    1208.03 f
  u_l1b/U607/Y (AOI331xp33_ASAP7_75t_R)                  38.62    1246.65 r
  u_l1b/U610/Y (OAI22xp5_ASAP7_75t_R)                    21.92    1268.57 f
  u_l1b/U611/Y (NAND2xp5_ASAP7_75t_R)                    20.43    1289.01 r
  u_l1b/U145/Y (INVx1_ASAP7_75t_R)                       11.47    1300.48 f
  u_l1b/U97/Y (AND2x2_ASAP7_75t_R)                       25.72    1326.20 f
  u_l1b/U107/Y (AND2x2_ASAP7_75t_R)                      22.89    1349.09 f
  u_l1b/U119/Y (NAND3xp33_ASAP7_75t_R)                   14.01    1363.09 r
  u_l1b/U147/Y (INVx1_ASAP7_75t_R)                       13.81    1376.91 f
  u_l1b/U709/Y (NAND2xp5_ASAP7_75t_R)                    14.94    1391.85 r
  u_l1b/U242/Y (INVxp67_ASAP7_75t_R)                     17.77    1409.62 f
  u_l1b/U217/Y (O2A1O1Ixp33_ASAP7_75t_R)                 21.25    1430.87 r
  u_l1b/y_reg[10]/D (DFFASRHQNx1_ASAP7_75t_R)             0.00    1430.87 r
  data arrival time                                               1430.87

  clock clk (rise edge)                                1501.50    1501.50
  clock network delay (ideal)                             0.00    1501.50
  clock uncertainty                                     -50.00    1451.50
  u_l1b/y_reg[10]/CLK (DFFASRHQNx1_ASAP7_75t_R)           0.00    1451.50 r
  library setup time                                    -17.65    1433.85
  data required time                                              1433.85
  --------------------------------------------------------------------------
  data required time                                              1433.85
  data arrival time                                              -1430.87
  --------------------------------------------------------------------------
  slack (MET)                                                        2.98


  Startpoint: parts[0][13]
              (input port clocked by clk)
  Endpoint: u_l1a/y_reg[2]
            (rising edge-triggered flip-flop clocked by clk)
  Path Group: clk
  Path Type: max

  Point                                                   Incr       Path
  --------------------------------------------------------------------------
  clock clk (rise edge)                                   0.00       0.00
  clock network delay (ideal)                             0.00       0.00
  input external delay                                  450.45     450.45 r
  parts[0][13] (in)                                       7.20     457.65 r
  u_l1a/a[13] (fp16_add_0)                                0.00     457.65 r
  u_l1a/U34/Y (INVx2_ASAP7_75t_R)                        10.38     468.03 f
  u_l1a/U157/Y (OAI22x1_ASAP7_75t_R)                     15.35     483.38 r
  u_l1a/U156/Y (INVx1_ASAP7_75t_R)                        9.28     492.66 f
  u_l1a/U317/Y (OAI221xp5_ASAP7_75t_R)                   15.60     508.26 r
  u_l1a/U321/Y (AO31x2_ASAP7_75t_R)                      42.37     550.63 r
  u_l1a/U141/Y (INVx4_ASAP7_75t_R)                       13.89     564.52 f
  u_l1a/U152/Y (OAI22xp5_ASAP7_75t_R)                    14.69     579.21 r
  u_l1a/U199/Y (BUFx3_ASAP7_75t_R)                       25.44     604.65 r
  u_l1a/U112/Y (INVx3_ASAP7_75t_R)                       10.49     615.13 f
  u_l1a/U220/Y (OAI21x1_ASAP7_75t_R)                     11.57     626.71 r
  u_l1a/U18/Y (INVx4_ASAP7_75t_R)                        13.76     640.47 f
  u_l1a/U348/SN (FAx1_ASAP7_75t_R)                       42.58     683.05 r
  u_l1a/U180/Y (INVx1_ASAP7_75t_R)                       27.58     710.62 f
  u_l1a/U165/Y (NAND2x1_ASAP7_75t_R)                     27.18     737.80 r
  u_l1a/U240/Y (INVx2_ASAP7_75t_R)                       17.32     755.12 f
  u_l1a/U158/Y (AOI22xp5_ASAP7_75t_R)                    17.03     772.15 r
  u_l1a/U410/Y (OAI221xp5_ASAP7_75t_R)                   21.28     793.43 f
  u_l1a/U411/Y (NAND2xp5_ASAP7_75t_R)                    24.11     817.54 r
  u_l1a/U225/Y (OAI21x1_ASAP7_75t_R)                     24.38     841.92 f
  u_l1a/sub_75/B[6] (fp16_add_0_DW01_sub_4)               0.00     841.92 f
  u_l1a/sub_75/U117/Y (NAND2xp5_ASAP7_75t_R)             20.04     861.96 r
  u_l1a/sub_75/U22/Y (AND2x2_ASAP7_75t_R)                23.25     885.21 r
  u_l1a/sub_75/U42/Y (AND2x2_ASAP7_75t_R)                19.76     904.98 r
  u_l1a/sub_75/U28/Y (AND2x2_ASAP7_75t_R)                19.97     924.94 r
  u_l1a/sub_75/U110/Y (NAND2xp5_ASAP7_75t_R)             18.71     943.65 f
  u_l1a/sub_75/U92/Y (INVx1_ASAP7_75t_R)                 13.31     956.96 r
  u_l1a/sub_75/U90/Y (AOI321xp33_ASAP7_75t_R)            21.50     978.46 f
  u_l1a/sub_75/U83/Y (XNOR2xp5_ASAP7_75t_R)              28.66    1007.12 f
  u_l1a/sub_75/DIFF[11] (fp16_add_0_DW01_sub_4)           0.00    1007.12 f
  u_l1a/U461/Y (NAND2xp5_ASAP7_75t_R)                    22.40    1029.52 r
  u_l1a/U463/Y (NAND4xp75_ASAP7_75t_R)                   25.60    1055.12 f
  u_l1a/U148/Y (INVx2_ASAP7_75t_R)                       12.56    1067.69 r
  u_l1a/U147/Y (NAND2x1_ASAP7_75t_R)                     10.51    1078.19 f
  u_l1a/U140/Y (INVx2_ASAP7_75t_R)                        7.98    1086.18 r
  u_l1a/U507/Y (NAND3xp33_ASAP7_75t_R)                   16.34    1102.52 f
  u_l1a/U137/Y (OA21x2_ASAP7_75t_R)                      24.32    1126.84 f
  u_l1a/U526/Y (NAND3xp33_ASAP7_75t_R)                   18.99    1145.82 r
  u_l1a/U270/Y (INVx2_ASAP7_75t_R)                       17.82    1163.64 f
  u_l1a/U132/Y (OAI31xp67_ASAP7_75t_R)                   21.35    1184.99 r
  u_l1a/U131/Y (BUFx6f_ASAP7_75t_R)                      29.95    1214.94 r
  u_l1a/U29/Y (INVx2_ASAP7_75t_R)                        16.65    1231.59 f
  u_l1a/U573/Y (NAND2xp5_ASAP7_75t_R)                    17.76    1249.35 r
  u_l1a/U574/Y (OAI322xp33_ASAP7_75t_R)                  32.80    1282.14 f
  u_l1a/U16/Y (NAND2x1p5_ASAP7_75t_R)                    24.12    1306.27 r
  u_l1a/U255/Y (INVx2_ASAP7_75t_R)                       15.54    1321.81 f
  u_l1a/U120/Y (NAND2x1p5_ASAP7_75t_R)                   15.16    1336.97 r
  u_l1a/U166/Y (INVx2_ASAP7_75t_R)                        9.13    1346.10 f
  u_l1a/U242/Y (NAND3x1_ASAP7_75t_R)                     16.65    1362.76 r
  u_l1a/U87/Y (AND2x2_ASAP7_75t_R)                       33.65    1396.41 r
  u_l1a/U265/Y (OAI21x1_ASAP7_75t_R)                     14.74    1411.15 f
  u_l1a/U42/Y (INVx2_ASAP7_75t_R)                        16.60    1427.74 r
  u_l1a/U616/Y (NAND3xp33_ASAP7_75t_R)                   15.52    1443.26 f
  u_l1a/y_reg[2]/D (DFFASRHQNx1_ASAP7_75t_R)              0.00    1443.26 f
  data arrival time                                               1443.26

  clock clk (rise edge)                                1501.50    1501.50
  clock network delay (ideal)                             0.00    1501.50
  clock uncertainty                                     -50.00    1451.50
  u_l1a/y_reg[2]/CLK (DFFASRHQNx1_ASAP7_75t_R)            0.00    1451.50 r
  library setup time                                     -4.35    1447.15
  data required time                                              1447.15
  --------------------------------------------------------------------------
  data required time                                              1447.15
  data arrival time                                              -1443.26
  --------------------------------------------------------------------------
  slack (MET)                                                        3.89


  Startpoint: parts[0][13]
              (input port clocked by clk)
  Endpoint: u_l1a/y_reg[12]
            (rising edge-triggered flip-flop clocked by clk)
  Path Group: clk
  Path Type: max

  Point                                                   Incr       Path
  --------------------------------------------------------------------------
  clock clk (rise edge)                                   0.00       0.00
  clock network delay (ideal)                             0.00       0.00
  input external delay                                  450.45     450.45 r
  parts[0][13] (in)                                       7.20     457.65 r
  u_l1a/a[13] (fp16_add_0)                                0.00     457.65 r
  u_l1a/U34/Y (INVx2_ASAP7_75t_R)                        10.38     468.03 f
  u_l1a/U157/Y (OAI22x1_ASAP7_75t_R)                     15.35     483.38 r
  u_l1a/U156/Y (INVx1_ASAP7_75t_R)                        9.28     492.66 f
  u_l1a/U317/Y (OAI221xp5_ASAP7_75t_R)                   15.60     508.26 r
  u_l1a/U321/Y (AO31x2_ASAP7_75t_R)                      42.37     550.63 r
  u_l1a/U141/Y (INVx4_ASAP7_75t_R)                       13.89     564.52 f
  u_l1a/U152/Y (OAI22xp5_ASAP7_75t_R)                    14.69     579.21 r
  u_l1a/U199/Y (BUFx3_ASAP7_75t_R)                       25.44     604.65 r
  u_l1a/U112/Y (INVx3_ASAP7_75t_R)                       10.49     615.13 f
  u_l1a/U220/Y (OAI21x1_ASAP7_75t_R)                     11.57     626.71 r
  u_l1a/U18/Y (INVx4_ASAP7_75t_R)                        13.76     640.47 f
  u_l1a/U348/SN (FAx1_ASAP7_75t_R)                       42.58     683.05 r
  u_l1a/U180/Y (INVx1_ASAP7_75t_R)                       27.58     710.62 f
  u_l1a/U165/Y (NAND2x1_ASAP7_75t_R)                     27.18     737.80 r
  u_l1a/U240/Y (INVx2_ASAP7_75t_R)                       17.32     755.12 f
  u_l1a/U158/Y (AOI22xp5_ASAP7_75t_R)                    17.03     772.15 r
  u_l1a/U410/Y (OAI221xp5_ASAP7_75t_R)                   21.28     793.43 f
  u_l1a/U411/Y (NAND2xp5_ASAP7_75t_R)                    24.11     817.54 r
  u_l1a/U225/Y (OAI21x1_ASAP7_75t_R)                     24.38     841.92 f
  u_l1a/sub_75/B[6] (fp16_add_0_DW01_sub_4)               0.00     841.92 f
  u_l1a/sub_75/U18/Y (INVxp67_ASAP7_75t_R)               14.64     856.55 r
  u_l1a/sub_75/U10/Y (NAND2xp5_ASAP7_75t_R)              13.05     869.61 f
  u_l1a/sub_75/U41/Y (AOI22xp5_ASAP7_75t_R)              20.17     889.77 r
  u_l1a/sub_75/U25/Y (AND2x2_ASAP7_75t_R)                25.53     915.30 r
  u_l1a/sub_75/U37/Y (OAI21x1_ASAP7_75t_R)               10.78     926.08 f
  u_l1a/sub_75/U34/Y (INVx2_ASAP7_75t_R)                 12.79     938.87 r
  u_l1a/sub_75/U30/Y (NAND2x1p5_ASAP7_75t_R)             10.60     949.47 f
  u_l1a/sub_75/U26/Y (AND2x2_ASAP7_75t_R)                23.91     973.39 f
  u_l1a/sub_75/U36/Y (OAI21xp5_ASAP7_75t_R)               9.01     982.40 r
  u_l1a/sub_75/U46/Y (AOI221xp5_ASAP7_75t_R)             21.58    1003.98 f
  u_l1a/sub_75/U72/Y (XNOR2xp5_ASAP7_75t_R)              28.20    1032.18 r
  u_l1a/sub_75/DIFF[13] (fp16_add_0_DW01_sub_4)           0.00    1032.18 r
  u_l1a/U496/Y (NAND2xp5_ASAP7_75t_R)                    13.05    1045.24 f
  u_l1a/U497/Y (NAND2xp5_ASAP7_75t_R)                    25.31    1070.54 r
  u_l1a/U511/Y (INVx1_ASAP7_75t_R)                       11.85    1082.40 f
  u_l1a/U512/Y (NAND3xp33_ASAP7_75t_R)                   13.54    1095.93 r
  u_l1a/U93/Y (OA21x2_ASAP7_75t_R)                       24.14    1120.08 r
  u_l1a/U526/Y (NAND3xp33_ASAP7_75t_R)                   24.42    1144.50 f
  u_l1a/U270/Y (INVx2_ASAP7_75t_R)                       23.28    1167.78 r
  u_l1a/U278/Y (NAND2x1p5_ASAP7_75t_R)                   18.01    1185.79 f
  u_l1a/U61/Y (INVx1_ASAP7_75t_R)                        13.33    1199.12 r
  u_l1a/U564/Y (NAND2xp5_ASAP7_75t_R)                    13.88    1213.01 f
  u_l1a/U565/Y (INVx1_ASAP7_75t_R)                       15.36    1228.37 r
  u_l1a/U566/Y (NAND2xp5_ASAP7_75t_R)                    14.24    1242.61 f
  u_l1a/U574/Y (OAI322xp33_ASAP7_75t_R)                  42.51    1285.12 r
  u_l1a/U16/Y (NAND2x1p5_ASAP7_75t_R)                    21.84    1306.97 f
  u_l1a/U255/Y (INVx2_ASAP7_75t_R)                       18.40    1325.37 r
  u_l1a/U120/Y (NAND2x1p5_ASAP7_75t_R)                   11.99    1337.36 f
  u_l1a/U166/Y (INVx2_ASAP7_75t_R)                        9.64    1347.00 r
  u_l1a/U242/Y (NAND3x1_ASAP7_75t_R)                     12.27    1359.27 f
  u_l1a/U87/Y (AND2x2_ASAP7_75t_R)                       30.23    1389.50 f
  u_l1a/U672/Y (AO21x1_ASAP7_75t_R)                      22.78    1412.28 f
  u_l1a/U79/Y (AOI31xp33_ASAP7_75t_R)                    18.95    1431.23 r
  u_l1a/y_reg[12]/D (DFFASRHQNx1_ASAP7_75t_R)             0.00    1431.23 r
  data arrival time                                               1431.23

  clock clk (rise edge)                                1501.50    1501.50
  clock network delay (ideal)                             0.00    1501.50
  clock uncertainty                                     -50.00    1451.50
  u_l1a/y_reg[12]/CLK (DFFASRHQNx1_ASAP7_75t_R)           0.00    1451.50 r
  library setup time                                    -16.14    1435.36
  data required time                                              1435.36
  --------------------------------------------------------------------------
  data required time                                              1435.36
  data arrival time                                              -1431.23
  --------------------------------------------------------------------------
  slack (MET)                                                        4.13


  Startpoint: parts[0][13]
              (input port clocked by clk)
  Endpoint: u_l1a/y_reg[14]
            (rising edge-triggered flip-flop clocked by clk)
  Path Group: clk
  Path Type: max

  Point                                                   Incr       Path
  --------------------------------------------------------------------------
  clock clk (rise edge)                                   0.00       0.00
  clock network delay (ideal)                             0.00       0.00
  input external delay                                  450.45     450.45 r
  parts[0][13] (in)                                       7.20     457.65 r
  u_l1a/a[13] (fp16_add_0)                                0.00     457.65 r
  u_l1a/U34/Y (INVx2_ASAP7_75t_R)                        10.38     468.03 f
  u_l1a/U157/Y (OAI22x1_ASAP7_75t_R)                     15.35     483.38 r
  u_l1a/U156/Y (INVx1_ASAP7_75t_R)                        9.28     492.66 f
  u_l1a/U317/Y (OAI221xp5_ASAP7_75t_R)                   15.60     508.26 r
  u_l1a/U321/Y (AO31x2_ASAP7_75t_R)                      42.37     550.63 r
  u_l1a/U141/Y (INVx4_ASAP7_75t_R)                       13.89     564.52 f
  u_l1a/U152/Y (OAI22xp5_ASAP7_75t_R)                    14.69     579.21 r
  u_l1a/U199/Y (BUFx3_ASAP7_75t_R)                       25.44     604.65 r
  u_l1a/U112/Y (INVx3_ASAP7_75t_R)                       10.49     615.13 f
  u_l1a/U220/Y (OAI21x1_ASAP7_75t_R)                     11.57     626.71 r
  u_l1a/U18/Y (INVx4_ASAP7_75t_R)                        13.76     640.47 f
  u_l1a/U348/SN (FAx1_ASAP7_75t_R)                       42.58     683.05 r
  u_l1a/U180/Y (INVx1_ASAP7_75t_R)                       27.58     710.62 f
  u_l1a/U165/Y (NAND2x1_ASAP7_75t_R)                     27.18     737.80 r
  u_l1a/U240/Y (INVx2_ASAP7_75t_R)                       17.32     755.12 f
  u_l1a/U158/Y (AOI22xp5_ASAP7_75t_R)                    17.03     772.15 r
  u_l1a/U410/Y (OAI221xp5_ASAP7_75t_R)                   21.28     793.43 f
  u_l1a/U411/Y (NAND2xp5_ASAP7_75t_R)                    24.11     817.54 r
  u_l1a/U225/Y (OAI21x1_ASAP7_75t_R)                     24.38     841.92 f
  u_l1a/sub_75/B[6] (fp16_add_0_DW01_sub_4)               0.00     841.92 f
  u_l1a/sub_75/U117/Y (NAND2xp5_ASAP7_75t_R)             20.04     861.96 r
  u_l1a/sub_75/U22/Y (AND2x2_ASAP7_75t_R)                23.25     885.21 r
  u_l1a/sub_75/U42/Y (AND2x2_ASAP7_75t_R)                19.76     904.98 r
  u_l1a/sub_75/U28/Y (AND2x2_ASAP7_75t_R)                19.97     924.94 r
  u_l1a/sub_75/U110/Y (NAND2xp5_ASAP7_75t_R)             18.71     943.65 f
  u_l1a/sub_75/U92/Y (INVx1_ASAP7_75t_R)                 13.31     956.96 r
  u_l1a/sub_75/U90/Y (AOI321xp33_ASAP7_75t_R)            21.50     978.46 f
  u_l1a/sub_75/U83/Y (XNOR2xp5_ASAP7_75t_R)              28.66    1007.12 f
  u_l1a/sub_75/DIFF[11] (fp16_add_0_DW01_sub_4)           0.00    1007.12 f
  u_l1a/U461/Y (NAND2xp5_ASAP7_75t_R)                    22.40    1029.52 r
  u_l1a/U463/Y (NAND4xp75_ASAP7_75t_R)                   25.60    1055.12 f
  u_l1a/U148/Y (INVx2_ASAP7_75t_R)                       12.56    1067.69 r
  u_l1a/U147/Y (NAND2x1_ASAP7_75t_R)                     10.51    1078.19 f
  u_l1a/U140/Y (INVx2_ASAP7_75t_R)                        7.98    1086.18 r
  u_l1a/U507/Y (NAND3xp33_ASAP7_75t_R)                   16.34    1102.52 f
  u_l1a/U137/Y (OA21x2_ASAP7_75t_R)                      24.32    1126.84 f
  u_l1a/U513/Y (NAND3xp33_ASAP7_75t_R)                   12.17    1139.01 r
  u_l1a/U25/Y (BUFx3_ASAP7_75t_R)                        22.72    1161.72 r
  u_l1a/U19/Y (INVx3_ASAP7_75t_R)                         9.69    1171.42 f
  u_l1a/U35/Y (NAND2xp5_ASAP7_75t_R)                     16.46    1187.88 r
  u_l1a/U514/Y (INVx1_ASAP7_75t_R)                        9.55    1197.43 f
  u_l1a/U519/Y (OAI321xp33_ASAP7_75t_R)                  24.37    1221.80 r
  u_l1a/U7/Y (BUFx3_ASAP7_75t_R)                         26.31    1248.11 r
  u_l1a/U525/SN (FAx1_ASAP7_75t_R)                       34.21    1282.32 f
  u_l1a/U533/Y (OAI22xp5_ASAP7_75t_R)                    19.55    1301.88 r
  u_l1a/U167/Y (BUFx3_ASAP7_75t_R)                       27.41    1329.29 r
  u_l1a/U549/Y (NAND4xp75_ASAP7_75t_R)                   15.95    1345.24 f
  u_l1a/U254/Y (NOR4xp25_ASAP7_75t_R)                    35.70    1380.94 r
  u_l1a/U226/Y (XOR2x2_ASAP7_75t_R)                      33.25    1414.19 f
  u_l1a/U133/Y (NOR2xp33_ASAP7_75t_R)                    14.21    1428.40 r
  u_l1a/y_reg[14]/D (DFFASRHQNx1_ASAP7_75t_R)             0.00    1428.40 r
  data arrival time                                               1428.40

  clock clk (rise edge)                                1501.50    1501.50
  clock network delay (ideal)                             0.00    1501.50
  clock uncertainty                                     -50.00    1451.50
  u_l1a/y_reg[14]/CLK (DFFASRHQNx1_ASAP7_75t_R)           0.00    1451.50 r
  library setup time                                    -16.80    1434.70
  data required time                                              1434.70
  --------------------------------------------------------------------------
  data required time                                              1434.70
  data arrival time                                              -1428.40
  --------------------------------------------------------------------------
  slack (MET)                                                        6.30


  Startpoint: parts[0][13]
              (input port clocked by clk)
  Endpoint: u_l1a/y_reg[0]
            (rising edge-triggered flip-flop clocked by clk)
  Path Group: clk
  Path Type: max

  Point                                                   Incr       Path
  --------------------------------------------------------------------------
  clock clk (rise edge)                                   0.00       0.00
  clock network delay (ideal)                             0.00       0.00
  input external delay                                  450.45     450.45 r
  parts[0][13] (in)                                       7.20     457.65 r
  u_l1a/a[13] (fp16_add_0)                                0.00     457.65 r
  u_l1a/U34/Y (INVx2_ASAP7_75t_R)                        10.38     468.03 f
  u_l1a/U157/Y (OAI22x1_ASAP7_75t_R)                     15.35     483.38 r
  u_l1a/U156/Y (INVx1_ASAP7_75t_R)                        9.28     492.66 f
  u_l1a/U317/Y (OAI221xp5_ASAP7_75t_R)                   15.60     508.26 r
  u_l1a/U321/Y (AO31x2_ASAP7_75t_R)                      42.37     550.63 r
  u_l1a/U141/Y (INVx4_ASAP7_75t_R)                       13.89     564.52 f
  u_l1a/U152/Y (OAI22xp5_ASAP7_75t_R)                    14.69     579.21 r
  u_l1a/U199/Y (BUFx3_ASAP7_75t_R)                       25.44     604.65 r
  u_l1a/U112/Y (INVx3_ASAP7_75t_R)                       10.49     615.13 f
  u_l1a/U220/Y (OAI21x1_ASAP7_75t_R)                     11.57     626.71 r
  u_l1a/U18/Y (INVx4_ASAP7_75t_R)                        13.76     640.47 f
  u_l1a/U348/SN (FAx1_ASAP7_75t_R)                       42.58     683.05 r
  u_l1a/U180/Y (INVx1_ASAP7_75t_R)                       27.58     710.62 f
  u_l1a/U165/Y (NAND2x1_ASAP7_75t_R)                     27.18     737.80 r
  u_l1a/U240/Y (INVx2_ASAP7_75t_R)                       17.32     755.12 f
  u_l1a/U158/Y (AOI22xp5_ASAP7_75t_R)                    17.03     772.15 r
  u_l1a/U410/Y (OAI221xp5_ASAP7_75t_R)                   21.28     793.43 f
  u_l1a/U411/Y (NAND2xp5_ASAP7_75t_R)                    24.11     817.54 r
  u_l1a/U225/Y (OAI21x1_ASAP7_75t_R)                     24.38     841.92 f
  u_l1a/sub_75/B[6] (fp16_add_0_DW01_sub_4)               0.00     841.92 f
  u_l1a/sub_75/U18/Y (INVxp67_ASAP7_75t_R)               14.64     856.55 r
  u_l1a/sub_75/U10/Y (NAND2xp5_ASAP7_75t_R)              13.05     869.61 f
  u_l1a/sub_75/U41/Y (AOI22xp5_ASAP7_75t_R)              20.17     889.77 r
  u_l1a/sub_75/U25/Y (AND2x2_ASAP7_75t_R)                25.53     915.30 r
  u_l1a/sub_75/U37/Y (OAI21x1_ASAP7_75t_R)               10.78     926.08 f
  u_l1a/sub_75/U34/Y (INVx2_ASAP7_75t_R)                 12.79     938.87 r
  u_l1a/sub_75/U30/Y (NAND2x1p5_ASAP7_75t_R)             10.60     949.47 f
  u_l1a/sub_75/U26/Y (AND2x2_ASAP7_75t_R)                23.91     973.39 f
  u_l1a/sub_75/U36/Y (OAI21xp5_ASAP7_75t_R)               9.01     982.40 r
  u_l1a/sub_75/U46/Y (AOI221xp5_ASAP7_75t_R)             21.58    1003.98 f
  u_l1a/sub_75/U72/Y (XNOR2xp5_ASAP7_75t_R)              28.20    1032.18 r
  u_l1a/sub_75/DIFF[13] (fp16_add_0_DW01_sub_4)           0.00    1032.18 r
  u_l1a/U496/Y (NAND2xp5_ASAP7_75t_R)                    13.05    1045.24 f
  u_l1a/U497/Y (NAND2xp5_ASAP7_75t_R)                    25.31    1070.54 r
  u_l1a/U511/Y (INVx1_ASAP7_75t_R)                       11.85    1082.40 f
  u_l1a/U512/Y (NAND3xp33_ASAP7_75t_R)                   13.54    1095.93 r
  u_l1a/U93/Y (OA21x2_ASAP7_75t_R)                       24.14    1120.08 r
  u_l1a/U526/Y (NAND3xp33_ASAP7_75t_R)                   24.42    1144.50 f
  u_l1a/U270/Y (INVx2_ASAP7_75t_R)                       23.28    1167.78 r
  u_l1a/U278/Y (NAND2x1p5_ASAP7_75t_R)                   18.01    1185.79 f
  u_l1a/U61/Y (INVx1_ASAP7_75t_R)                        13.33    1199.12 r
  u_l1a/U564/Y (NAND2xp5_ASAP7_75t_R)                    13.88    1213.01 f
  u_l1a/U565/Y (INVx1_ASAP7_75t_R)                       15.36    1228.37 r
  u_l1a/U566/Y (NAND2xp5_ASAP7_75t_R)                    14.24    1242.61 f
  u_l1a/U574/Y (OAI322xp33_ASAP7_75t_R)                  42.51    1285.12 r
  u_l1a/U16/Y (NAND2x1p5_ASAP7_75t_R)                    21.84    1306.97 f
  u_l1a/U255/Y (INVx2_ASAP7_75t_R)                       18.40    1325.37 r
  u_l1a/U120/Y (NAND2x1p5_ASAP7_75t_R)                   11.99    1337.36 f
  u_l1a/U166/Y (INVx2_ASAP7_75t_R)                        9.64    1347.00 r
  u_l1a/U242/Y (NAND3x1_ASAP7_75t_R)                     12.27    1359.27 f
  u_l1a/U87/Y (AND2x2_ASAP7_75t_R)                       30.23    1389.50 f
  u_l1a/U265/Y (OAI21x1_ASAP7_75t_R)                     10.99    1400.49 r
  u_l1a/U42/Y (INVx2_ASAP7_75t_R)                        15.79    1416.28 f
  u_l1a/U613/Y (NAND2xp5_ASAP7_75t_R)                    13.92    1430.21 r
  u_l1a/y_reg[0]/D (DFFASRHQNx1_ASAP7_75t_R)              0.00    1430.21 r
  data arrival time                                               1430.21

  clock clk (rise edge)                                1501.50    1501.50
  clock network delay (ideal)                             0.00    1501.50
  clock uncertainty                                     -50.00    1451.50
  u_l1a/y_reg[0]/CLK (DFFASRHQNx1_ASAP7_75t_R)            0.00    1451.50 r
  library setup time                                    -14.31    1437.19
  data required time                                              1437.19
  --------------------------------------------------------------------------
  data required time                                              1437.19
  data arrival time                                              -1430.21
  --------------------------------------------------------------------------
  slack (MET)                                                        6.98


1
