 
****************************************
Report : reference
Design : gemv_unit
Version: P-2019.03-SP5-6
Date   : Tue Sep  1 00:17:41 2026
****************************************

Attributes:
    b - black box (unknown)
   bo - allows boundary optimization
    d - dont_touch
   mo - map_only
    h - hierarchical
    n - noncombinational
    r - removable
    s - synthetic operator
    u - contains unmapped logic

Reference          Library       Unit Area   Count    Total Area   Attributes
-----------------------------------------------------------------------------
AND2x2_ASAP7_75t_R asap7sc7p5t_SIMPLE_RVT_TT_nldm_211120     0.087480     215    18.808200
AND2x4_ASAP7_75t_R asap7sc7p5t_SIMPLE_RVT_TT_nldm_211120     0.145800       3     0.437400
AND5x1_ASAP7_75t_R asap7sc7p5t_SIMPLE_RVT_TT_nldm_211120     0.116640       2     0.233280
AO21x1_ASAP7_75t_R asap7sc7p5t_AO_RVT_TT_nldm_211120     0.087480     218    19.070640
AO21x2_ASAP7_75t_R asap7sc7p5t_AO_RVT_TT_nldm_211120     0.102060      28     2.857680
AO22x1_ASAP7_75t_R asap7sc7p5t_AO_RVT_TT_nldm_211120     0.131220      15     1.968300
AOI22x1_ASAP7_75t_R asap7sc7p5t_AO_RVT_TT_nldm_211120     0.145800       2     0.291600
AOI22xp5_ASAP7_75t_R asap7sc7p5t_AO_RVT_TT_nldm_211120     0.087480      78     6.823440
AOI22xp33_ASAP7_75t_R asap7sc7p5t_AO_RVT_TT_nldm_211120     0.087480      22     1.924560
AOI221x1_ASAP7_75t_R asap7sc7p5t_AO_RVT_TT_nldm_211120     0.204120      14     2.857680
AOI221xp5_ASAP7_75t_R asap7sc7p5t_AO_RVT_TT_nldm_211120     0.102060      34     3.470040
BUFx2_ASAP7_75t_R  asap7sc7p5t_INVBUF_RVT_TT_nldm_211120     0.072900      11     0.801900
BUFx3_ASAP7_75t_R  asap7sc7p5t_INVBUF_RVT_TT_nldm_211120     0.087480       3     0.262440
BUFx4_ASAP7_75t_R  asap7sc7p5t_INVBUF_RVT_TT_nldm_211120     0.102060       3     0.306180
BUFx5_ASAP7_75t_R  asap7sc7p5t_INVBUF_RVT_TT_nldm_211120     0.116640       3     0.349920
BUFx6f_ASAP7_75t_R asap7sc7p5t_INVBUF_RVT_TT_nldm_211120     0.145800       5     0.729000
BUFx8_ASAP7_75t_R  asap7sc7p5t_INVBUF_RVT_TT_nldm_211120     0.174960       1     0.174960
BUFx10_ASAP7_75t_R asap7sc7p5t_INVBUF_RVT_TT_nldm_211120     0.204120       2     0.408240
DFFASRHQNx1_ASAP7_75t_R asap7sc7p5t_SEQ_RVT_TT_nldm_220123     0.379080     554   210.010319 n
HB1xp67_ASAP7_75t_R asap7sc7p5t_INVBUF_RVT_TT_nldm_211120     0.058320      33     1.924560
INVx1_ASAP7_75t_R  asap7sc7p5t_INVBUF_RVT_TT_nldm_211120     0.043740     782    34.204680
INVx2_ASAP7_75t_R  asap7sc7p5t_INVBUF_RVT_TT_nldm_211120     0.058320      14     0.816480
INVx3_ASAP7_75t_R  asap7sc7p5t_INVBUF_RVT_TT_nldm_211120     0.072900       7     0.510300
INVx4_ASAP7_75t_R  asap7sc7p5t_INVBUF_RVT_TT_nldm_211120     0.087480       5     0.437400
INVx5_ASAP7_75t_R  asap7sc7p5t_INVBUF_RVT_TT_nldm_211120     0.102060       2     0.204120
INVx6_ASAP7_75t_R  asap7sc7p5t_INVBUF_RVT_TT_nldm_211120     0.116640       1     0.116640
INVx8_ASAP7_75t_R  asap7sc7p5t_INVBUF_RVT_TT_nldm_211120     0.145800       2     0.291600
INVx11_ASAP7_75t_R asap7sc7p5t_INVBUF_RVT_TT_nldm_211120     0.189540       2     0.379080
INVxp33_ASAP7_75t_R asap7sc7p5t_INVBUF_RVT_TT_nldm_211120     0.043740      17     0.743580
INVxp67_ASAP7_75t_R asap7sc7p5t_INVBUF_RVT_TT_nldm_211120     0.043740       2     0.087480
NAND2x1_ASAP7_75t_R asap7sc7p5t_SIMPLE_RVT_TT_nldm_211120     0.087480       1     0.087480
NAND2x1p5_ASAP7_75t_R asap7sc7p5t_SIMPLE_RVT_TT_nldm_211120     0.116640       3     0.349920
NAND2x2_ASAP7_75t_R asap7sc7p5t_SIMPLE_RVT_TT_nldm_211120     0.145800       1     0.145800
NAND2xp5_ASAP7_75t_R asap7sc7p5t_SIMPLE_RVT_TT_nldm_211120     0.058320     863    50.330161
NAND2xp33_ASAP7_75t_R asap7sc7p5t_SIMPLE_RVT_TT_nldm_211120     0.058320      12     0.699840
NAND3xp33_ASAP7_75t_R asap7sc7p5t_SIMPLE_RVT_TT_nldm_211120     0.072900       1     0.072900
NAND5xp2_ASAP7_75t_R asap7sc7p5t_SIMPLE_RVT_TT_nldm_211120     0.102060      19     1.939140
NOR2x1_ASAP7_75t_R asap7sc7p5t_SIMPLE_RVT_TT_nldm_211120     0.087480       3     0.262440
NOR2xp33_ASAP7_75t_R asap7sc7p5t_SIMPLE_RVT_TT_nldm_211120     0.058320      18     1.049760
NOR2xp67_ASAP7_75t_R asap7sc7p5t_SIMPLE_RVT_TT_nldm_211120     0.087480       7     0.612360
NOR3xp33_ASAP7_75t_R asap7sc7p5t_SIMPLE_RVT_TT_nldm_211120     0.072900       1     0.072900
NOR4xp25_ASAP7_75t_R asap7sc7p5t_SIMPLE_RVT_TT_nldm_211120     0.087480       1     0.087480
NOR5xp2_ASAP7_75t_R asap7sc7p5t_SIMPLE_RVT_TT_nldm_211120     0.102060       1     0.102060
O2A1O1Ixp33_ASAP7_75t_R asap7sc7p5t_OA_RVT_TT_nldm_211120     0.087480       2     0.174960
OAI21x1_ASAP7_75t_R asap7sc7p5t_OA_RVT_TT_nldm_211120     0.116640       1     0.116640
OAI21xp5_ASAP7_75t_R asap7sc7p5t_OA_RVT_TT_nldm_211120     0.072900     446    32.513399
OAI21xp33_ASAP7_75t_R asap7sc7p5t_OA_RVT_TT_nldm_211120     0.072900      10     0.729000
OAI22xp5_ASAP7_75t_R asap7sc7p5t_OA_RVT_TT_nldm_211120     0.087480     274    23.969520
OAI22xp33_ASAP7_75t_R asap7sc7p5t_OA_RVT_TT_nldm_211120     0.087480      48     4.199040
OAI31xp33_ASAP7_75t_R asap7sc7p5t_OA_RVT_TT_nldm_211120     0.087480      18     1.574640
OAI31xp67_ASAP7_75t_R asap7sc7p5t_OA_RVT_TT_nldm_211120     0.189540      12     2.274480
OR2x2_ASAP7_75t_R  asap7sc7p5t_SIMPLE_RVT_TT_nldm_211120     0.087480      22     1.924560
OR2x4_ASAP7_75t_R  asap7sc7p5t_SIMPLE_RVT_TT_nldm_211120     0.116640       1     0.116640
OR2x6_ASAP7_75t_R  asap7sc7p5t_SIMPLE_RVT_TT_nldm_211120     0.174960       1     0.174960
TIEHIx1_ASAP7_75t_R asap7sc7p5t_SIMPLE_RVT_TT_nldm_211120     0.043740       1     0.043740
XNOR2xp5_ASAP7_75t_R asap7sc7p5t_SIMPLE_RVT_TT_nldm_211120     0.131220      11     1.443420
XOR2xp5_ASAP7_75t_R asap7sc7p5t_SIMPLE_RVT_TT_nldm_211120     0.131220       5     0.656100
dbuf_16x256                    4307.485967       1   4307.485967  h, n
fp16_add_0                       63.379260       1     63.379260  h, n
fp16_add_1                       63.233460       1     63.233460  h, n
fp16_add_2                       63.685440       1     63.685440  h, n
fp16_add_3                       63.452160       1     63.452160  h, n
fp16_add_4                       63.043920       1     63.043920  h, n
fp16_add_5                       63.277200       1     63.277200  h, n
fp16_add_6                       63.583380       1     63.583380  h, n
fp16_add_7                       63.131400       1     63.131400  h, n
fp16_add_8                       63.495900       1     63.495900  h, n
fp16_add_9                       63.743760       1     63.743760  h, n
fp16_add_10                      63.597960       1     63.597960  h, n
fp16_add_11                      62.694000       1     62.694000  h, n
fp16_add_12                      62.985600       1     62.985600  h, n
fp16_add_13                      63.175140       1     63.175140  h, n
fp16_add_14                      63.802080       1     63.802080  h, n
fp16_add_15                      63.102240       1     63.102240  h, n
fp16_mult_0                      70.465140       1     70.465140  h, n
fp16_mult_1                      70.508880       1     70.508880  h, n
fp16_mult_2                      70.917120       1     70.917120  h, n
fp16_mult_3                      69.867360       1     69.867360  h, n
fp16_mult_4                      69.823620       1     69.823620  h, n
fp16_mult_5                      70.246440       1     70.246440  h, n
fp16_mult_6                      70.202700       1     70.202700  h, n
fp16_mult_7                      70.727580       1     70.727580  h, n
fp16_mult_8                      70.202700       1     70.202700  h, n
fp16_mult_9                      70.844220       1     70.844220  h, n
fp16_mult_10                     70.086060       1     70.086060  h, n
fp16_mult_11                     69.954840       1     69.954840  h, n
fp16_mult_12                     69.911100       1     69.911100  h, n
fp16_mult_13                     69.721560       1     69.721560  h, n
fp16_mult_14                     69.954840       1     69.954840  h, n
fp16_mult_15                     69.604920       1     69.604920  h, n
gemv_unit_DW01_inc_0              1.662120       1      1.662120  h
-----------------------------------------------------------------------------
Total 91 references                                  6882.795102

****************************************
Design: dbuf_16x256 
****************************************
Reference          Library       Unit Area   Count    Total Area   Attributes
-----------------------------------------------------------------------------
AND2x2_ASAP7_75t_R asap7sc7p5t_SIMPLE_RVT_TT_nldm_211120     0.087480      18     1.574640
AND3x1_ASAP7_75t_R asap7sc7p5t_SIMPLE_RVT_TT_nldm_211120     0.087480       8     0.699840
AND4x1_ASAP7_75t_R asap7sc7p5t_SIMPLE_RVT_TT_nldm_211120     0.102060     512    52.254719
AOI22xp33_ASAP7_75t_R asap7sc7p5t_AO_RVT_TT_nldm_211120     0.087480    4096   358.318085
BUFx4_ASAP7_75t_R  asap7sc7p5t_INVBUF_RVT_TT_nldm_211120     0.102060      20     2.041200
BUFx8_ASAP7_75t_R  asap7sc7p5t_INVBUF_RVT_TT_nldm_211120     0.174960       4     0.699840
DFFASRHQNx1_ASAP7_75t_R asap7sc7p5t_SEQ_RVT_TT_nldm_220123     0.379080     257    97.423559 n
DFFHQNx1_ASAP7_75t_R asap7sc7p5t_SEQ_RVT_TT_nldm_220123     0.291600    8192  2388.787109 n
HB1xp67_ASAP7_75t_R asap7sc7p5t_INVBUF_RVT_TT_nldm_211120     0.058320   10085   588.157208
INVx1_ASAP7_75t_R  asap7sc7p5t_INVBUF_RVT_TT_nldm_211120     0.043740     171     7.479540
INVx3_ASAP7_75t_R  asap7sc7p5t_INVBUF_RVT_TT_nldm_211120     0.072900       1     0.072900
INVxp33_ASAP7_75t_R asap7sc7p5t_INVBUF_RVT_TT_nldm_211120     0.043740      20     0.874800
NAND2xp5_ASAP7_75t_R asap7sc7p5t_SIMPLE_RVT_TT_nldm_211120     0.058320      33     1.924560
NAND5xp2_ASAP7_75t_R asap7sc7p5t_SIMPLE_RVT_TT_nldm_211120     0.102060     512    52.254719
NOR2xp33_ASAP7_75t_R asap7sc7p5t_SIMPLE_RVT_TT_nldm_211120     0.058320      12     0.699840
OAI22xp5_ASAP7_75t_R asap7sc7p5t_OA_RVT_TT_nldm_211120     0.087480    8192   716.636169
OAI222xp33_ASAP7_75t_R asap7sc7p5t_OA_RVT_TT_nldm_211120     0.145800     256    37.324799
OR2x2_ASAP7_75t_R  asap7sc7p5t_SIMPLE_RVT_TT_nldm_211120     0.087480       1     0.087480
TIEHIx1_ASAP7_75t_R asap7sc7p5t_SIMPLE_RVT_TT_nldm_211120     0.043740       1     0.043740
XNOR2xp5_ASAP7_75t_R asap7sc7p5t_SIMPLE_RVT_TT_nldm_211120     0.131220       1     0.131220
-----------------------------------------------------------------------------
Total 20 references                                  4307.485967

****************************************
Design: fp16_add_0 
****************************************
Reference          Library       Unit Area   Count    Total Area   Attributes
-----------------------------------------------------------------------------
A2O1A1Ixp33_ASAP7_75t_R asap7sc7p5t_AO_RVT_TT_nldm_211120     0.087480      10     0.874800
AND2x2_ASAP7_75t_R asap7sc7p5t_SIMPLE_RVT_TT_nldm_211120     0.087480      12     1.049760
AND3x1_ASAP7_75t_R asap7sc7p5t_SIMPLE_RVT_TT_nldm_211120     0.087480       2     0.174960
AO21x1_ASAP7_75t_R asap7sc7p5t_AO_RVT_TT_nldm_211120     0.087480       3     0.262440
AO222x2_ASAP7_75t_R asap7sc7p5t_AO_RVT_TT_nldm_211120     0.174960       1     0.174960
AOI21xp5_ASAP7_75t_R asap7sc7p5t_AO_RVT_TT_nldm_211120     0.072900       7     0.510300
AOI21xp33_ASAP7_75t_R asap7sc7p5t_AO_RVT_TT_nldm_211120     0.072900       5     0.364500
AOI22x1_ASAP7_75t_R asap7sc7p5t_AO_RVT_TT_nldm_211120     0.145800       1     0.145800
AOI22xp5_ASAP7_75t_R asap7sc7p5t_AO_RVT_TT_nldm_211120     0.087480      10     0.874800
AOI22xp33_ASAP7_75t_R asap7sc7p5t_AO_RVT_TT_nldm_211120     0.087480      14     1.224720
AOI31xp33_ASAP7_75t_R asap7sc7p5t_AO_RVT_TT_nldm_211120     0.087480       1     0.087480
AOI32xp33_ASAP7_75t_R asap7sc7p5t_AO_RVT_TT_nldm_211120     0.102060       1     0.102060
AOI211xp5_ASAP7_75t_R asap7sc7p5t_AO_RVT_TT_nldm_211120     0.087480       3     0.262440
AOI221x1_ASAP7_75t_R asap7sc7p5t_AO_RVT_TT_nldm_211120     0.204120       1     0.204120
AOI221xp5_ASAP7_75t_R asap7sc7p5t_AO_RVT_TT_nldm_211120     0.102060       5     0.510300
AOI222xp33_ASAP7_75t_R asap7sc7p5t_AO_RVT_TT_nldm_211120     0.145800       2     0.291600
AOI321xp33_ASAP7_75t_R asap7sc7p5t_AO_RVT_TT_nldm_211120     0.116640       3     0.349920
AOI333xp33_ASAP7_75t_R asap7sc7p5t_AO_RVT_TT_nldm_211120     0.160380       1     0.160380
BUFx3_ASAP7_75t_R  asap7sc7p5t_INVBUF_RVT_TT_nldm_211120     0.087480       3     0.262440
BUFx6f_ASAP7_75t_R asap7sc7p5t_INVBUF_RVT_TT_nldm_211120     0.145800       1     0.145800
BUFx8_ASAP7_75t_R  asap7sc7p5t_INVBUF_RVT_TT_nldm_211120     0.174960       2     0.349920
DFFASRHQNx1_ASAP7_75t_R asap7sc7p5t_SEQ_RVT_TT_nldm_220123     0.379080      17     6.444360 n
FAx1_ASAP7_75t_R   asap7sc7p5t_SIMPLE_RVT_TT_nldm_211120     0.204120       3     0.612360 r
HB1xp67_ASAP7_75t_R asap7sc7p5t_INVBUF_RVT_TT_nldm_211120     0.058320       1     0.058320
INVx1_ASAP7_75t_R  asap7sc7p5t_INVBUF_RVT_TT_nldm_211120     0.043740     164     7.173360
INVx2_ASAP7_75t_R  asap7sc7p5t_INVBUF_RVT_TT_nldm_211120     0.058320      10     0.583200
INVx3_ASAP7_75t_R  asap7sc7p5t_INVBUF_RVT_TT_nldm_211120     0.072900       3     0.218700
INVx8_ASAP7_75t_R  asap7sc7p5t_INVBUF_RVT_TT_nldm_211120     0.145800       1     0.145800
INVxp33_ASAP7_75t_R asap7sc7p5t_INVBUF_RVT_TT_nldm_211120     0.043740       3     0.131220
INVxp67_ASAP7_75t_R asap7sc7p5t_INVBUF_RVT_TT_nldm_211120     0.043740       8     0.349920
NAND2x1_ASAP7_75t_R asap7sc7p5t_SIMPLE_RVT_TT_nldm_211120     0.087480       3     0.262440
NAND2x1p5_ASAP7_75t_R asap7sc7p5t_SIMPLE_RVT_TT_nldm_211120     0.116640       3     0.349920
NAND2xp5_ASAP7_75t_R asap7sc7p5t_SIMPLE_RVT_TT_nldm_211120     0.058320      89     5.190480
NAND2xp33_ASAP7_75t_R asap7sc7p5t_SIMPLE_RVT_TT_nldm_211120     0.058320       8     0.466560
NAND3xp33_ASAP7_75t_R asap7sc7p5t_SIMPLE_RVT_TT_nldm_211120     0.072900      19     1.385100
NAND4xp25_ASAP7_75t_R asap7sc7p5t_SIMPLE_RVT_TT_nldm_211120     0.087480       3     0.262440
NAND4xp75_ASAP7_75t_R asap7sc7p5t_SIMPLE_RVT_TT_nldm_211120     0.204120       1     0.204120
NAND5xp2_ASAP7_75t_R asap7sc7p5t_SIMPLE_RVT_TT_nldm_211120     0.102060       4     0.408240
NOR2xp33_ASAP7_75t_R asap7sc7p5t_SIMPLE_RVT_TT_nldm_211120     0.058320      13     0.758160
NOR3xp33_ASAP7_75t_R asap7sc7p5t_SIMPLE_RVT_TT_nldm_211120     0.072900       2     0.145800
NOR4xp25_ASAP7_75t_R asap7sc7p5t_SIMPLE_RVT_TT_nldm_211120     0.087480       2     0.174960
NOR5xp2_ASAP7_75t_R asap7sc7p5t_SIMPLE_RVT_TT_nldm_211120     0.102060       4     0.408240
O2A1O1Ixp33_ASAP7_75t_R asap7sc7p5t_OA_RVT_TT_nldm_211120     0.087480       2     0.174960
OA21x2_ASAP7_75t_R asap7sc7p5t_OA_RVT_TT_nldm_211120     0.102060       3     0.306180
OA22x2_ASAP7_75t_R asap7sc7p5t_OA_RVT_TT_nldm_211120     0.145800       3     0.437400
OA31x2_ASAP7_75t_R asap7sc7p5t_OA_RVT_TT_nldm_211120     0.218700       1     0.218700
OAI21xp5_ASAP7_75t_R asap7sc7p5t_OA_RVT_TT_nldm_211120     0.072900      28     2.041200
OAI21xp33_ASAP7_75t_R asap7sc7p5t_OA_RVT_TT_nldm_211120     0.072900       6     0.437400
OAI22x1_ASAP7_75t_R asap7sc7p5t_OA_RVT_TT_nldm_211120     0.145800       6     0.874800
OAI22xp5_ASAP7_75t_R asap7sc7p5t_OA_RVT_TT_nldm_211120     0.087480      42     3.674160
OAI22xp33_ASAP7_75t_R asap7sc7p5t_OA_RVT_TT_nldm_211120     0.087480       8     0.699840
OAI31xp33_ASAP7_75t_R asap7sc7p5t_OA_RVT_TT_nldm_211120     0.087480       3     0.262440
OAI32xp33_ASAP7_75t_R asap7sc7p5t_OA_RVT_TT_nldm_211120     0.102060       2     0.204120
OAI211xp5_ASAP7_75t_R asap7sc7p5t_OA_RVT_TT_nldm_211120     0.087480      15     1.312200
OAI221xp5_ASAP7_75t_R asap7sc7p5t_OA_RVT_TT_nldm_211120     0.102060       8     0.816480
OAI222xp33_ASAP7_75t_R asap7sc7p5t_OA_RVT_TT_nldm_211120     0.145800       5     0.729000
OAI311xp33_ASAP7_75t_R asap7sc7p5t_OA_RVT_TT_nldm_211120     0.102060       1     0.102060
OAI321xp33_ASAP7_75t_R asap7sc7p5t_OA_RVT_TT_nldm_211120     0.116640       3     0.349920
OAI331xp33_ASAP7_75t_R asap7sc7p5t_OA_RVT_TT_nldm_211120     0.131220       2     0.262440
OR2x2_ASAP7_75t_R  asap7sc7p5t_SIMPLE_RVT_TT_nldm_211120     0.087480       1     0.087480
OR4x1_ASAP7_75t_R  asap7sc7p5t_SIMPLE_RVT_TT_nldm_211120     0.102060       1     0.102060
TIEHIx1_ASAP7_75t_R asap7sc7p5t_SIMPLE_RVT_TT_nldm_211120     0.043740       1     0.043740
TIELOx1_ASAP7_75t_R asap7sc7p5t_SIMPLE_RVT_TT_nldm_211120     0.043740       1     0.043740
XNOR2xp5_ASAP7_75t_R asap7sc7p5t_SIMPLE_RVT_TT_nldm_211120     0.131220       3     0.393660
XOR2x2_ASAP7_75t_R asap7sc7p5t_SIMPLE_RVT_TT_nldm_211120     0.160380       1     0.160380
XOR2xp5_ASAP7_75t_R asap7sc7p5t_SIMPLE_RVT_TT_nldm_211120     0.131220       5     0.656100
fp16_add_0_DW01_add_J8_0          7.290000       1      7.290000  h
fp16_add_0_DW01_sub_J11_0         7.581600       1      7.581600  h
-----------------------------------------------------------------------------
Total 68 references                                    63.379260

****************************************
Design: fp16_add_0_DW01_add_J8_0 
****************************************
Reference          Library       Unit Area   Count    Total Area   Attributes
-----------------------------------------------------------------------------
AND2x2_ASAP7_75t_R asap7sc7p5t_SIMPLE_RVT_TT_nldm_211120     0.087480       4     0.349920
AOI21xp5_ASAP7_75t_R asap7sc7p5t_AO_RVT_TT_nldm_211120     0.072900       2     0.145800
AOI22xp5_ASAP7_75t_R asap7sc7p5t_AO_RVT_TT_nldm_211120     0.087480       1     0.087480
AOI31xp67_ASAP7_75t_R asap7sc7p5t_AO_RVT_TT_nldm_211120     0.189540       1     0.189540
AOI211x1_ASAP7_75t_R asap7sc7p5t_AO_RVT_TT_nldm_211120     0.174960       1     0.174960
INVx1_ASAP7_75t_R  asap7sc7p5t_INVBUF_RVT_TT_nldm_211120     0.043740      19     0.831060
NAND2xp5_ASAP7_75t_R asap7sc7p5t_SIMPLE_RVT_TT_nldm_211120     0.058320      23     1.341360
NAND2xp33_ASAP7_75t_R asap7sc7p5t_SIMPLE_RVT_TT_nldm_211120     0.058320       1     0.058320
NAND3xp33_ASAP7_75t_R asap7sc7p5t_SIMPLE_RVT_TT_nldm_211120     0.072900       2     0.145800
NOR2x1_ASAP7_75t_R asap7sc7p5t_SIMPLE_RVT_TT_nldm_211120     0.087480       1     0.087480
NOR2xp33_ASAP7_75t_R asap7sc7p5t_SIMPLE_RVT_TT_nldm_211120     0.058320       5     0.291600
OA21x2_ASAP7_75t_R asap7sc7p5t_OA_RVT_TT_nldm_211120     0.102060       1     0.102060
OA31x2_ASAP7_75t_R asap7sc7p5t_OA_RVT_TT_nldm_211120     0.218700       1     0.218700
OAI21xp5_ASAP7_75t_R asap7sc7p5t_OA_RVT_TT_nldm_211120     0.072900       7     0.510300
OAI22xp5_ASAP7_75t_R asap7sc7p5t_OA_RVT_TT_nldm_211120     0.087480       1     0.087480
OAI31xp67_ASAP7_75t_R asap7sc7p5t_OA_RVT_TT_nldm_211120     0.189540       1     0.189540
OR2x2_ASAP7_75t_R  asap7sc7p5t_SIMPLE_RVT_TT_nldm_211120     0.087480       9     0.787320
OR2x4_ASAP7_75t_R  asap7sc7p5t_SIMPLE_RVT_TT_nldm_211120     0.116640       1     0.116640
XNOR2xp5_ASAP7_75t_R asap7sc7p5t_SIMPLE_RVT_TT_nldm_211120     0.131220       8     1.049760
XOR2xp5_ASAP7_75t_R asap7sc7p5t_SIMPLE_RVT_TT_nldm_211120     0.131220       4     0.524880
-----------------------------------------------------------------------------
Total 20 references                                     7.290000

****************************************
Design: fp16_add_0_DW01_sub_J11_0 
****************************************
Reference          Library       Unit Area   Count    Total Area   Attributes
-----------------------------------------------------------------------------
AND2x2_ASAP7_75t_R asap7sc7p5t_SIMPLE_RVT_TT_nldm_211120     0.087480       2     0.174960
AOI21xp5_ASAP7_75t_R asap7sc7p5t_AO_RVT_TT_nldm_211120     0.072900       2     0.145800
AOI21xp33_ASAP7_75t_R asap7sc7p5t_AO_RVT_TT_nldm_211120     0.072900       1     0.072900
AOI221x1_ASAP7_75t_R asap7sc7p5t_AO_RVT_TT_nldm_211120     0.204120       1     0.204120
INVx1_ASAP7_75t_R  asap7sc7p5t_INVBUF_RVT_TT_nldm_211120     0.043740      35     1.530900
INVxp33_ASAP7_75t_R asap7sc7p5t_INVBUF_RVT_TT_nldm_211120     0.043740       1     0.043740
INVxp67_ASAP7_75t_R asap7sc7p5t_INVBUF_RVT_TT_nldm_211120     0.043740       2     0.087480
NAND2xp5_ASAP7_75t_R asap7sc7p5t_SIMPLE_RVT_TT_nldm_211120     0.058320      35     2.041200
NOR2x1_ASAP7_75t_R asap7sc7p5t_SIMPLE_RVT_TT_nldm_211120     0.087480       1     0.087480
NOR2xp33_ASAP7_75t_R asap7sc7p5t_SIMPLE_RVT_TT_nldm_211120     0.058320       5     0.291600
OA21x2_ASAP7_75t_R asap7sc7p5t_OA_RVT_TT_nldm_211120     0.102060       2     0.204120
OAI21xp5_ASAP7_75t_R asap7sc7p5t_OA_RVT_TT_nldm_211120     0.072900       6     0.437400
OAI21xp33_ASAP7_75t_R asap7sc7p5t_OA_RVT_TT_nldm_211120     0.072900       4     0.291600
XNOR2xp5_ASAP7_75t_R asap7sc7p5t_SIMPLE_RVT_TT_nldm_211120     0.131220      10     1.312200
XOR2xp5_ASAP7_75t_R asap7sc7p5t_SIMPLE_RVT_TT_nldm_211120     0.131220       5     0.656100
-----------------------------------------------------------------------------
Total 15 references                                     7.581600

****************************************
Design: fp16_add_1 
****************************************
Reference          Library       Unit Area   Count    Total Area   Attributes
-----------------------------------------------------------------------------
A2O1A1Ixp33_ASAP7_75t_R asap7sc7p5t_AO_RVT_TT_nldm_211120     0.087480      10     0.874800
AND2x2_ASAP7_75t_R asap7sc7p5t_SIMPLE_RVT_TT_nldm_211120     0.087480       9     0.787320
AND4x1_ASAP7_75t_R asap7sc7p5t_SIMPLE_RVT_TT_nldm_211120     0.102060       1     0.102060
AND5x1_ASAP7_75t_R asap7sc7p5t_SIMPLE_RVT_TT_nldm_211120     0.116640       1     0.116640
AO21x1_ASAP7_75t_R asap7sc7p5t_AO_RVT_TT_nldm_211120     0.087480       1     0.087480
AO22x1_ASAP7_75t_R asap7sc7p5t_AO_RVT_TT_nldm_211120     0.131220       2     0.262440
AOI21x1_ASAP7_75t_R asap7sc7p5t_AO_RVT_TT_nldm_211120     0.116640       1     0.116640
AOI21xp5_ASAP7_75t_R asap7sc7p5t_AO_RVT_TT_nldm_211120     0.072900       6     0.437400
AOI21xp33_ASAP7_75t_R asap7sc7p5t_AO_RVT_TT_nldm_211120     0.072900       1     0.072900
AOI22x1_ASAP7_75t_R asap7sc7p5t_AO_RVT_TT_nldm_211120     0.145800       1     0.145800
AOI22xp5_ASAP7_75t_R asap7sc7p5t_AO_RVT_TT_nldm_211120     0.087480       5     0.437400
AOI22xp33_ASAP7_75t_R asap7sc7p5t_AO_RVT_TT_nldm_211120     0.087480       9     0.787320
AOI31xp33_ASAP7_75t_R asap7sc7p5t_AO_RVT_TT_nldm_211120     0.087480       4     0.349920
AOI32xp33_ASAP7_75t_R asap7sc7p5t_AO_RVT_TT_nldm_211120     0.102060       1     0.102060
AOI211xp5_ASAP7_75t_R asap7sc7p5t_AO_RVT_TT_nldm_211120     0.087480       1     0.087480
AOI221xp5_ASAP7_75t_R asap7sc7p5t_AO_RVT_TT_nldm_211120     0.102060       9     0.918540
AOI222xp33_ASAP7_75t_R asap7sc7p5t_AO_RVT_TT_nldm_211120     0.145800       4     0.583200
AOI311xp33_ASAP7_75t_R asap7sc7p5t_AO_RVT_TT_nldm_211120     0.102060       1     0.102060
AOI321xp33_ASAP7_75t_R asap7sc7p5t_AO_RVT_TT_nldm_211120     0.116640       1     0.116640
BUFx3_ASAP7_75t_R  asap7sc7p5t_INVBUF_RVT_TT_nldm_211120     0.087480       4     0.349920
BUFx6f_ASAP7_75t_R asap7sc7p5t_INVBUF_RVT_TT_nldm_211120     0.145800       1     0.145800
BUFx8_ASAP7_75t_R  asap7sc7p5t_INVBUF_RVT_TT_nldm_211120     0.174960       2     0.349920
DFFASRHQNx1_ASAP7_75t_R asap7sc7p5t_SEQ_RVT_TT_nldm_220123     0.379080      17     6.444360 n
FAx1_ASAP7_75t_R   asap7sc7p5t_SIMPLE_RVT_TT_nldm_211120     0.204120       2     0.408240 r
INVx1_ASAP7_75t_R  asap7sc7p5t_INVBUF_RVT_TT_nldm_211120     0.043740     157     6.867180
INVx2_ASAP7_75t_R  asap7sc7p5t_INVBUF_RVT_TT_nldm_211120     0.058320      13     0.758160
INVx3_ASAP7_75t_R  asap7sc7p5t_INVBUF_RVT_TT_nldm_211120     0.072900       2     0.145800
INVx8_ASAP7_75t_R  asap7sc7p5t_INVBUF_RVT_TT_nldm_211120     0.145800       1     0.145800
INVxp33_ASAP7_75t_R asap7sc7p5t_INVBUF_RVT_TT_nldm_211120     0.043740       3     0.131220
INVxp67_ASAP7_75t_R asap7sc7p5t_INVBUF_RVT_TT_nldm_211120     0.043740       2     0.087480
NAND2x1_ASAP7_75t_R asap7sc7p5t_SIMPLE_RVT_TT_nldm_211120     0.087480       1     0.087480
NAND2x1p5_ASAP7_75t_R asap7sc7p5t_SIMPLE_RVT_TT_nldm_211120     0.116640       4     0.466560
NAND2xp5_ASAP7_75t_R asap7sc7p5t_SIMPLE_RVT_TT_nldm_211120     0.058320      94     5.482080
NAND2xp33_ASAP7_75t_R asap7sc7p5t_SIMPLE_RVT_TT_nldm_211120     0.058320       6     0.349920
NAND2xp67_ASAP7_75t_R asap7sc7p5t_SIMPLE_RVT_TT_nldm_211120     0.087480       1     0.087480
NAND3x1_ASAP7_75t_R asap7sc7p5t_SIMPLE_RVT_TT_nldm_211120     0.160380       1     0.160380
NAND3xp33_ASAP7_75t_R asap7sc7p5t_SIMPLE_RVT_TT_nldm_211120     0.072900      20     1.458000
NAND4xp25_ASAP7_75t_R asap7sc7p5t_SIMPLE_RVT_TT_nldm_211120     0.087480       2     0.174960
NAND5xp2_ASAP7_75t_R asap7sc7p5t_SIMPLE_RVT_TT_nldm_211120     0.102060       5     0.510300
NOR2x1_ASAP7_75t_R asap7sc7p5t_SIMPLE_RVT_TT_nldm_211120     0.087480       1     0.087480
NOR2xp33_ASAP7_75t_R asap7sc7p5t_SIMPLE_RVT_TT_nldm_211120     0.058320      20     1.166400
NOR3xp33_ASAP7_75t_R asap7sc7p5t_SIMPLE_RVT_TT_nldm_211120     0.072900       1     0.072900
NOR4xp25_ASAP7_75t_R asap7sc7p5t_SIMPLE_RVT_TT_nldm_211120     0.087480       2     0.174960
NOR5xp2_ASAP7_75t_R asap7sc7p5t_SIMPLE_RVT_TT_nldm_211120     0.102060       4     0.408240
O2A1O1Ixp5_ASAP7_75t_R asap7sc7p5t_OA_RVT_TT_nldm_211120     0.116640       2     0.233280
O2A1O1Ixp33_ASAP7_75t_R asap7sc7p5t_OA_RVT_TT_nldm_211120     0.087480       8     0.699840
OA31x2_ASAP7_75t_R asap7sc7p5t_OA_RVT_TT_nldm_211120     0.218700       1     0.218700
OAI21xp5_ASAP7_75t_R asap7sc7p5t_OA_RVT_TT_nldm_211120     0.072900      21     1.530900
OAI21xp33_ASAP7_75t_R asap7sc7p5t_OA_RVT_TT_nldm_211120     0.072900       6     0.437400
OAI22x1_ASAP7_75t_R asap7sc7p5t_OA_RVT_TT_nldm_211120     0.145800       4     0.583200
OAI22xp5_ASAP7_75t_R asap7sc7p5t_OA_RVT_TT_nldm_211120     0.087480      50     4.374000
OAI22xp33_ASAP7_75t_R asap7sc7p5t_OA_RVT_TT_nldm_211120     0.087480      16     1.399680
OAI31xp33_ASAP7_75t_R asap7sc7p5t_OA_RVT_TT_nldm_211120     0.087480       2     0.174960
OAI31xp67_ASAP7_75t_R asap7sc7p5t_OA_RVT_TT_nldm_211120     0.189540       3     0.568620
OAI32xp33_ASAP7_75t_R asap7sc7p5t_OA_RVT_TT_nldm_211120     0.102060       1     0.102060
OAI211xp5_ASAP7_75t_R asap7sc7p5t_OA_RVT_TT_nldm_211120     0.087480      13     1.137240
OAI221xp5_ASAP7_75t_R asap7sc7p5t_OA_RVT_TT_nldm_211120     0.102060       6     0.612360
OAI222xp33_ASAP7_75t_R asap7sc7p5t_OA_RVT_TT_nldm_211120     0.145800       7     1.020600
OAI311xp33_ASAP7_75t_R asap7sc7p5t_OA_RVT_TT_nldm_211120     0.102060       1     0.102060
OAI331xp33_ASAP7_75t_R asap7sc7p5t_OA_RVT_TT_nldm_211120     0.131220       2     0.262440
OR2x2_ASAP7_75t_R  asap7sc7p5t_SIMPLE_RVT_TT_nldm_211120     0.087480       1     0.087480
TIEHIx1_ASAP7_75t_R asap7sc7p5t_SIMPLE_RVT_TT_nldm_211120     0.043740       1     0.043740
TIELOx1_ASAP7_75t_R asap7sc7p5t_SIMPLE_RVT_TT_nldm_211120     0.043740       1     0.043740
XNOR2xp5_ASAP7_75t_R asap7sc7p5t_SIMPLE_RVT_TT_nldm_211120     0.131220       5     0.656100
XOR2x2_ASAP7_75t_R asap7sc7p5t_SIMPLE_RVT_TT_nldm_211120     0.160380       1     0.160380
XOR2xp5_ASAP7_75t_R asap7sc7p5t_SIMPLE_RVT_TT_nldm_211120     0.131220       5     0.656100
fp16_add_1_DW01_add_J7_0          7.508700       1      7.508700  h
fp16_add_1_DW01_sub_J10_0         7.610760       1      7.610760  h
-----------------------------------------------------------------------------
Total 68 references                                    63.233460

****************************************
Design: fp16_add_1_DW01_add_J7_0 
****************************************
Reference          Library       Unit Area   Count    Total Area   Attributes
-----------------------------------------------------------------------------
AND2x2_ASAP7_75t_R asap7sc7p5t_SIMPLE_RVT_TT_nldm_211120     0.087480       1     0.087480
AOI21xp5_ASAP7_75t_R asap7sc7p5t_AO_RVT_TT_nldm_211120     0.072900       1     0.072900
AOI22xp5_ASAP7_75t_R asap7sc7p5t_AO_RVT_TT_nldm_211120     0.087480       1     0.087480
AOI31xp67_ASAP7_75t_R asap7sc7p5t_AO_RVT_TT_nldm_211120     0.189540       1     0.189540
AOI221x1_ASAP7_75t_R asap7sc7p5t_AO_RVT_TT_nldm_211120     0.204120       1     0.204120
INVx1_ASAP7_75t_R  asap7sc7p5t_INVBUF_RVT_TT_nldm_211120     0.043740      23     1.006020
NAND2xp5_ASAP7_75t_R asap7sc7p5t_SIMPLE_RVT_TT_nldm_211120     0.058320      26     1.516320
NAND3xp33_ASAP7_75t_R asap7sc7p5t_SIMPLE_RVT_TT_nldm_211120     0.072900       2     0.145800
NOR2x1_ASAP7_75t_R asap7sc7p5t_SIMPLE_RVT_TT_nldm_211120     0.087480       1     0.087480
NOR2xp33_ASAP7_75t_R asap7sc7p5t_SIMPLE_RVT_TT_nldm_211120     0.058320       5     0.291600
O2A1O1Ixp5_ASAP7_75t_R asap7sc7p5t_OA_RVT_TT_nldm_211120     0.116640       1     0.116640
O2A1O1Ixp33_ASAP7_75t_R asap7sc7p5t_OA_RVT_TT_nldm_211120     0.087480       1     0.087480
OA21x2_ASAP7_75t_R asap7sc7p5t_OA_RVT_TT_nldm_211120     0.102060       1     0.102060
OA31x2_ASAP7_75t_R asap7sc7p5t_OA_RVT_TT_nldm_211120     0.218700       1     0.218700
OAI21xp5_ASAP7_75t_R asap7sc7p5t_OA_RVT_TT_nldm_211120     0.072900       8     0.583200
OAI22xp33_ASAP7_75t_R asap7sc7p5t_OA_RVT_TT_nldm_211120     0.087480       1     0.087480
OR2x2_ASAP7_75t_R  asap7sc7p5t_SIMPLE_RVT_TT_nldm_211120     0.087480      12     1.049760
XNOR2xp5_ASAP7_75t_R asap7sc7p5t_SIMPLE_RVT_TT_nldm_211120     0.131220      10     1.312200
XOR2xp5_ASAP7_75t_R asap7sc7p5t_SIMPLE_RVT_TT_nldm_211120     0.131220       2     0.262440
-----------------------------------------------------------------------------
Total 19 references                                     7.508700

****************************************
Design: fp16_add_1_DW01_sub_J10_0 
****************************************
Reference          Library       Unit Area   Count    Total Area   Attributes
-----------------------------------------------------------------------------
AND2x2_ASAP7_75t_R asap7sc7p5t_SIMPLE_RVT_TT_nldm_211120     0.087480       2     0.174960
AOI21xp5_ASAP7_75t_R asap7sc7p5t_AO_RVT_TT_nldm_211120     0.072900       2     0.145800
AOI21xp33_ASAP7_75t_R asap7sc7p5t_AO_RVT_TT_nldm_211120     0.072900       1     0.072900
AOI221x1_ASAP7_75t_R asap7sc7p5t_AO_RVT_TT_nldm_211120     0.204120       1     0.204120
INVx1_ASAP7_75t_R  asap7sc7p5t_INVBUF_RVT_TT_nldm_211120     0.043740      34     1.487160
INVxp33_ASAP7_75t_R asap7sc7p5t_INVBUF_RVT_TT_nldm_211120     0.043740       2     0.087480
INVxp67_ASAP7_75t_R asap7sc7p5t_INVBUF_RVT_TT_nldm_211120     0.043740       2     0.087480
NAND2xp5_ASAP7_75t_R asap7sc7p5t_SIMPLE_RVT_TT_nldm_211120     0.058320      35     2.041200
NOR2x1_ASAP7_75t_R asap7sc7p5t_SIMPLE_RVT_TT_nldm_211120     0.087480       1     0.087480
NOR2xp33_ASAP7_75t_R asap7sc7p5t_SIMPLE_RVT_TT_nldm_211120     0.058320       4     0.233280
NOR2xp67_ASAP7_75t_R asap7sc7p5t_SIMPLE_RVT_TT_nldm_211120     0.087480       1     0.087480
OA21x2_ASAP7_75t_R asap7sc7p5t_OA_RVT_TT_nldm_211120     0.102060       2     0.204120
OAI21xp5_ASAP7_75t_R asap7sc7p5t_OA_RVT_TT_nldm_211120     0.072900       4     0.291600
OAI21xp33_ASAP7_75t_R asap7sc7p5t_OA_RVT_TT_nldm_211120     0.072900       6     0.437400
XNOR2xp5_ASAP7_75t_R asap7sc7p5t_SIMPLE_RVT_TT_nldm_211120     0.131220      10     1.312200
XOR2xp5_ASAP7_75t_R asap7sc7p5t_SIMPLE_RVT_TT_nldm_211120     0.131220       5     0.656100
-----------------------------------------------------------------------------
Total 16 references                                     7.610760

****************************************
Design: fp16_add_2 
****************************************
Reference          Library       Unit Area   Count    Total Area   Attributes
-----------------------------------------------------------------------------
A2O1A1Ixp33_ASAP7_75t_R asap7sc7p5t_AO_RVT_TT_nldm_211120     0.087480      10     0.874800
AND2x2_ASAP7_75t_R asap7sc7p5t_SIMPLE_RVT_TT_nldm_211120     0.087480      11     0.962280
AND2x4_ASAP7_75t_R asap7sc7p5t_SIMPLE_RVT_TT_nldm_211120     0.145800       1     0.145800
AND3x1_ASAP7_75t_R asap7sc7p5t_SIMPLE_RVT_TT_nldm_211120     0.087480       3     0.262440
AO21x1_ASAP7_75t_R asap7sc7p5t_AO_RVT_TT_nldm_211120     0.087480       3     0.262440
AO222x2_ASAP7_75t_R asap7sc7p5t_AO_RVT_TT_nldm_211120     0.174960       1     0.174960
AOI21x1_ASAP7_75t_R asap7sc7p5t_AO_RVT_TT_nldm_211120     0.116640       2     0.233280
AOI21xp5_ASAP7_75t_R asap7sc7p5t_AO_RVT_TT_nldm_211120     0.072900       8     0.583200
AOI21xp33_ASAP7_75t_R asap7sc7p5t_AO_RVT_TT_nldm_211120     0.072900       2     0.145800
AOI22xp5_ASAP7_75t_R asap7sc7p5t_AO_RVT_TT_nldm_211120     0.087480      10     0.874800
AOI22xp33_ASAP7_75t_R asap7sc7p5t_AO_RVT_TT_nldm_211120     0.087480      15     1.312200
AOI31xp33_ASAP7_75t_R asap7sc7p5t_AO_RVT_TT_nldm_211120     0.087480       1     0.087480
AOI32xp33_ASAP7_75t_R asap7sc7p5t_AO_RVT_TT_nldm_211120     0.102060       1     0.102060
AOI211xp5_ASAP7_75t_R asap7sc7p5t_AO_RVT_TT_nldm_211120     0.087480       3     0.262440
AOI221xp5_ASAP7_75t_R asap7sc7p5t_AO_RVT_TT_nldm_211120     0.102060       6     0.612360
AOI222xp33_ASAP7_75t_R asap7sc7p5t_AO_RVT_TT_nldm_211120     0.145800       2     0.291600
AOI321xp33_ASAP7_75t_R asap7sc7p5t_AO_RVT_TT_nldm_211120     0.116640       3     0.349920
AOI333xp33_ASAP7_75t_R asap7sc7p5t_AO_RVT_TT_nldm_211120     0.160380       1     0.160380
BUFx2_ASAP7_75t_R  asap7sc7p5t_INVBUF_RVT_TT_nldm_211120     0.072900       1     0.072900
BUFx3_ASAP7_75t_R  asap7sc7p5t_INVBUF_RVT_TT_nldm_211120     0.087480       5     0.437400
BUFx6f_ASAP7_75t_R asap7sc7p5t_INVBUF_RVT_TT_nldm_211120     0.145800       1     0.145800
BUFx8_ASAP7_75t_R  asap7sc7p5t_INVBUF_RVT_TT_nldm_211120     0.174960       2     0.349920
DFFASRHQNx1_ASAP7_75t_R asap7sc7p5t_SEQ_RVT_TT_nldm_220123     0.379080      17     6.444360 n
FAx1_ASAP7_75t_R   asap7sc7p5t_SIMPLE_RVT_TT_nldm_211120     0.204120       3     0.612360 r
INVx1_ASAP7_75t_R  asap7sc7p5t_INVBUF_RVT_TT_nldm_211120     0.043740     161     7.042140
INVx2_ASAP7_75t_R  asap7sc7p5t_INVBUF_RVT_TT_nldm_211120     0.058320      13     0.758160
INVx3_ASAP7_75t_R  asap7sc7p5t_INVBUF_RVT_TT_nldm_211120     0.072900       1     0.072900
INVx4_ASAP7_75t_R  asap7sc7p5t_INVBUF_RVT_TT_nldm_211120     0.087480       1     0.087480
INVx8_ASAP7_75t_R  asap7sc7p5t_INVBUF_RVT_TT_nldm_211120     0.145800       1     0.145800
INVxp33_ASAP7_75t_R asap7sc7p5t_INVBUF_RVT_TT_nldm_211120     0.043740       2     0.087480
INVxp67_ASAP7_75t_R asap7sc7p5t_INVBUF_RVT_TT_nldm_211120     0.043740       3     0.131220
NAND2x1_ASAP7_75t_R asap7sc7p5t_SIMPLE_RVT_TT_nldm_211120     0.087480       3     0.262440
NAND2x1p5_ASAP7_75t_R asap7sc7p5t_SIMPLE_RVT_TT_nldm_211120     0.116640       2     0.233280
NAND2xp5_ASAP7_75t_R asap7sc7p5t_SIMPLE_RVT_TT_nldm_211120     0.058320      94     5.482080
NAND2xp33_ASAP7_75t_R asap7sc7p5t_SIMPLE_RVT_TT_nldm_211120     0.058320       4     0.233280
NAND3x1_ASAP7_75t_R asap7sc7p5t_SIMPLE_RVT_TT_nldm_211120     0.160380       3     0.481140
NAND3xp33_ASAP7_75t_R asap7sc7p5t_SIMPLE_RVT_TT_nldm_211120     0.072900      15     1.093500
NAND4xp25_ASAP7_75t_R asap7sc7p5t_SIMPLE_RVT_TT_nldm_211120     0.087480       2     0.174960
NAND4xp75_ASAP7_75t_R asap7sc7p5t_SIMPLE_RVT_TT_nldm_211120     0.204120       2     0.408240
NAND5xp2_ASAP7_75t_R asap7sc7p5t_SIMPLE_RVT_TT_nldm_211120     0.102060       4     0.408240
NOR2x1_ASAP7_75t_R asap7sc7p5t_SIMPLE_RVT_TT_nldm_211120     0.087480       3     0.262440
NOR2xp33_ASAP7_75t_R asap7sc7p5t_SIMPLE_RVT_TT_nldm_211120     0.058320      10     0.583200
NOR3x1_ASAP7_75t_R asap7sc7p5t_SIMPLE_RVT_TT_nldm_211120     0.160380       1     0.160380
NOR3xp33_ASAP7_75t_R asap7sc7p5t_SIMPLE_RVT_TT_nldm_211120     0.072900       1     0.072900
NOR4xp25_ASAP7_75t_R asap7sc7p5t_SIMPLE_RVT_TT_nldm_211120     0.087480       2     0.174960
NOR5xp2_ASAP7_75t_R asap7sc7p5t_SIMPLE_RVT_TT_nldm_211120     0.102060       4     0.408240
O2A1O1Ixp33_ASAP7_75t_R asap7sc7p5t_OA_RVT_TT_nldm_211120     0.087480       2     0.174960
OA21x2_ASAP7_75t_R asap7sc7p5t_OA_RVT_TT_nldm_211120     0.102060       3     0.306180
OA22x2_ASAP7_75t_R asap7sc7p5t_OA_RVT_TT_nldm_211120     0.145800       2     0.291600
OA31x2_ASAP7_75t_R asap7sc7p5t_OA_RVT_TT_nldm_211120     0.218700       1     0.218700
OAI21xp5_ASAP7_75t_R asap7sc7p5t_OA_RVT_TT_nldm_211120     0.072900      29     2.114100
OAI21xp33_ASAP7_75t_R asap7sc7p5t_OA_RVT_TT_nldm_211120     0.072900       5     0.364500
OAI22x1_ASAP7_75t_R asap7sc7p5t_OA_RVT_TT_nldm_211120     0.145800       5     0.729000
OAI22xp5_ASAP7_75t_R asap7sc7p5t_OA_RVT_TT_nldm_211120     0.087480      45     3.936600
OAI22xp33_ASAP7_75t_R asap7sc7p5t_OA_RVT_TT_nldm_211120     0.087480       7     0.612360
OAI31xp33_ASAP7_75t_R asap7sc7p5t_OA_RVT_TT_nldm_211120     0.087480       3     0.262440
OAI32xp33_ASAP7_75t_R asap7sc7p5t_OA_RVT_TT_nldm_211120     0.102060       2     0.204120
OAI211xp5_ASAP7_75t_R asap7sc7p5t_OA_RVT_TT_nldm_211120     0.087480      15     1.312200
OAI221xp5_ASAP7_75t_R asap7sc7p5t_OA_RVT_TT_nldm_211120     0.102060       8     0.816480
OAI222xp33_ASAP7_75t_R asap7sc7p5t_OA_RVT_TT_nldm_211120     0.145800       5     0.729000
OAI311xp33_ASAP7_75t_R asap7sc7p5t_OA_RVT_TT_nldm_211120     0.102060       1     0.102060
OAI321xp33_ASAP7_75t_R asap7sc7p5t_OA_RVT_TT_nldm_211120     0.116640       3     0.349920
OAI331xp33_ASAP7_75t_R asap7sc7p5t_OA_RVT_TT_nldm_211120     0.131220       2     0.262440
OR2x2_ASAP7_75t_R  asap7sc7p5t_SIMPLE_RVT_TT_nldm_211120     0.087480       1     0.087480
OR4x1_ASAP7_75t_R  asap7sc7p5t_SIMPLE_RVT_TT_nldm_211120     0.102060       1     0.102060
TIEHIx1_ASAP7_75t_R asap7sc7p5t_SIMPLE_RVT_TT_nldm_211120     0.043740       1     0.043740
TIELOx1_ASAP7_75t_R asap7sc7p5t_SIMPLE_RVT_TT_nldm_211120     0.043740       1     0.043740
XNOR2xp5_ASAP7_75t_R asap7sc7p5t_SIMPLE_RVT_TT_nldm_211120     0.131220       3     0.393660
XOR2x2_ASAP7_75t_R asap7sc7p5t_SIMPLE_RVT_TT_nldm_211120     0.160380       2     0.320760
XOR2xp5_ASAP7_75t_R asap7sc7p5t_SIMPLE_RVT_TT_nldm_211120     0.131220       4     0.524880
fp16_add_2_DW01_add_J9_0          7.231680       1      7.231680  h
fp16_add_2_DW01_sub_J10_0         7.625340       1      7.625340  h
-----------------------------------------------------------------------------
Total 72 references                                    63.685440

****************************************
Design: fp16_add_2_DW01_add_J9_0 
****************************************
Reference          Library       Unit Area   Count    Total Area   Attributes
-----------------------------------------------------------------------------
AND2x2_ASAP7_75t_R asap7sc7p5t_SIMPLE_RVT_TT_nldm_211120     0.087480       4     0.349920
AOI21xp5_ASAP7_75t_R asap7sc7p5t_AO_RVT_TT_nldm_211120     0.072900       2     0.145800
AOI22xp5_ASAP7_75t_R asap7sc7p5t_AO_RVT_TT_nldm_211120     0.087480       1     0.087480
AOI31xp67_ASAP7_75t_R asap7sc7p5t_AO_RVT_TT_nldm_211120     0.189540       1     0.189540
AOI211xp5_ASAP7_75t_R asap7sc7p5t_AO_RVT_TT_nldm_211120     0.087480       1     0.087480
INVx1_ASAP7_75t_R  asap7sc7p5t_INVBUF_RVT_TT_nldm_211120     0.043740      19     0.831060
NAND2xp5_ASAP7_75t_R asap7sc7p5t_SIMPLE_RVT_TT_nldm_211120     0.058320      23     1.341360
NAND2xp33_ASAP7_75t_R asap7sc7p5t_SIMPLE_RVT_TT_nldm_211120     0.058320       1     0.058320
NAND3xp33_ASAP7_75t_R asap7sc7p5t_SIMPLE_RVT_TT_nldm_211120     0.072900       2     0.145800
NOR2x1_ASAP7_75t_R asap7sc7p5t_SIMPLE_RVT_TT_nldm_211120     0.087480       2     0.174960
NOR2xp33_ASAP7_75t_R asap7sc7p5t_SIMPLE_RVT_TT_nldm_211120     0.058320       4     0.233280
OA21x2_ASAP7_75t_R asap7sc7p5t_OA_RVT_TT_nldm_211120     0.102060       1     0.102060
OA31x2_ASAP7_75t_R asap7sc7p5t_OA_RVT_TT_nldm_211120     0.218700       1     0.218700
OAI21xp5_ASAP7_75t_R asap7sc7p5t_OA_RVT_TT_nldm_211120     0.072900       7     0.510300
OAI22xp5_ASAP7_75t_R asap7sc7p5t_OA_RVT_TT_nldm_211120     0.087480       1     0.087480
OAI31xp67_ASAP7_75t_R asap7sc7p5t_OA_RVT_TT_nldm_211120     0.189540       1     0.189540
OR2x2_ASAP7_75t_R  asap7sc7p5t_SIMPLE_RVT_TT_nldm_211120     0.087480       9     0.787320
OR2x4_ASAP7_75t_R  asap7sc7p5t_SIMPLE_RVT_TT_nldm_211120     0.116640       1     0.116640
XNOR2xp5_ASAP7_75t_R asap7sc7p5t_SIMPLE_RVT_TT_nldm_211120     0.131220       8     1.049760
XOR2xp5_ASAP7_75t_R asap7sc7p5t_SIMPLE_RVT_TT_nldm_211120     0.131220       4     0.524880
-----------------------------------------------------------------------------
Total 20 references                                     7.231680

****************************************
Design: fp16_add_2_DW01_sub_J10_0 
****************************************
Reference          Library       Unit Area   Count    Total Area   Attributes
-----------------------------------------------------------------------------
AND2x2_ASAP7_75t_R asap7sc7p5t_SIMPLE_RVT_TT_nldm_211120     0.087480       2     0.174960
AOI21xp5_ASAP7_75t_R asap7sc7p5t_AO_RVT_TT_nldm_211120     0.072900       2     0.145800
AOI21xp33_ASAP7_75t_R asap7sc7p5t_AO_RVT_TT_nldm_211120     0.072900       1     0.072900
AOI221x1_ASAP7_75t_R asap7sc7p5t_AO_RVT_TT_nldm_211120     0.204120       1     0.204120
INVx1_ASAP7_75t_R  asap7sc7p5t_INVBUF_RVT_TT_nldm_211120     0.043740      37     1.618380
INVxp33_ASAP7_75t_R asap7sc7p5t_INVBUF_RVT_TT_nldm_211120     0.043740       1     0.043740
NAND2xp5_ASAP7_75t_R asap7sc7p5t_SIMPLE_RVT_TT_nldm_211120     0.058320      35     2.041200
NOR2x1_ASAP7_75t_R asap7sc7p5t_SIMPLE_RVT_TT_nldm_211120     0.087480       1     0.087480
NOR2xp33_ASAP7_75t_R asap7sc7p5t_SIMPLE_RVT_TT_nldm_211120     0.058320       5     0.291600
OA21x2_ASAP7_75t_R asap7sc7p5t_OA_RVT_TT_nldm_211120     0.102060       2     0.204120
OAI21x1_ASAP7_75t_R asap7sc7p5t_OA_RVT_TT_nldm_211120     0.116640       1     0.116640
OAI21xp5_ASAP7_75t_R asap7sc7p5t_OA_RVT_TT_nldm_211120     0.072900       3     0.218700
OAI21xp33_ASAP7_75t_R asap7sc7p5t_OA_RVT_TT_nldm_211120     0.072900       6     0.437400
XNOR2xp5_ASAP7_75t_R asap7sc7p5t_SIMPLE_RVT_TT_nldm_211120     0.131220      10     1.312200
XOR2xp5_ASAP7_75t_R asap7sc7p5t_SIMPLE_RVT_TT_nldm_211120     0.131220       5     0.656100
-----------------------------------------------------------------------------
Total 15 references                                     7.625340

****************************************
Design: fp16_add_3 
****************************************
Reference          Library       Unit Area   Count    Total Area   Attributes
-----------------------------------------------------------------------------
A2O1A1Ixp33_ASAP7_75t_R asap7sc7p5t_AO_RVT_TT_nldm_211120     0.087480      10     0.874800
AND2x2_ASAP7_75t_R asap7sc7p5t_SIMPLE_RVT_TT_nldm_211120     0.087480      11     0.962280
AND3x1_ASAP7_75t_R asap7sc7p5t_SIMPLE_RVT_TT_nldm_211120     0.087480       3     0.262440
AO21x1_ASAP7_75t_R asap7sc7p5t_AO_RVT_TT_nldm_211120     0.087480       3     0.262440
AO222x2_ASAP7_75t_R asap7sc7p5t_AO_RVT_TT_nldm_211120     0.174960       1     0.174960
AOI21xp5_ASAP7_75t_R asap7sc7p5t_AO_RVT_TT_nldm_211120     0.072900       5     0.364500
AOI21xp33_ASAP7_75t_R asap7sc7p5t_AO_RVT_TT_nldm_211120     0.072900       7     0.510300
AOI22x1_ASAP7_75t_R asap7sc7p5t_AO_RVT_TT_nldm_211120     0.145800       1     0.145800
AOI22xp5_ASAP7_75t_R asap7sc7p5t_AO_RVT_TT_nldm_211120     0.087480       8     0.699840
AOI22xp33_ASAP7_75t_R asap7sc7p5t_AO_RVT_TT_nldm_211120     0.087480      16     1.399680
AOI31xp33_ASAP7_75t_R asap7sc7p5t_AO_RVT_TT_nldm_211120     0.087480       1     0.087480
AOI32xp33_ASAP7_75t_R asap7sc7p5t_AO_RVT_TT_nldm_211120     0.102060       1     0.102060
AOI211xp5_ASAP7_75t_R asap7sc7p5t_AO_RVT_TT_nldm_211120     0.087480       3     0.262440
AOI221xp5_ASAP7_75t_R asap7sc7p5t_AO_RVT_TT_nldm_211120     0.102060       6     0.612360
AOI222xp33_ASAP7_75t_R asap7sc7p5t_AO_RVT_TT_nldm_211120     0.145800       2     0.291600
AOI321xp33_ASAP7_75t_R asap7sc7p5t_AO_RVT_TT_nldm_211120     0.116640       3     0.349920
AOI333xp33_ASAP7_75t_R asap7sc7p5t_AO_RVT_TT_nldm_211120     0.160380       1     0.160380
BUFx2_ASAP7_75t_R  asap7sc7p5t_INVBUF_RVT_TT_nldm_211120     0.072900       2     0.145800
BUFx3_ASAP7_75t_R  asap7sc7p5t_INVBUF_RVT_TT_nldm_211120     0.087480       7     0.612360
BUFx8_ASAP7_75t_R  asap7sc7p5t_INVBUF_RVT_TT_nldm_211120     0.174960       2     0.349920
DFFASRHQNx1_ASAP7_75t_R asap7sc7p5t_SEQ_RVT_TT_nldm_220123     0.379080      17     6.444360 n
FAx1_ASAP7_75t_R   asap7sc7p5t_SIMPLE_RVT_TT_nldm_211120     0.204120       3     0.612360 r
INVx1_ASAP7_75t_R  asap7sc7p5t_INVBUF_RVT_TT_nldm_211120     0.043740     169     7.392060
INVx2_ASAP7_75t_R  asap7sc7p5t_INVBUF_RVT_TT_nldm_211120     0.058320       5     0.291600
INVx3_ASAP7_75t_R  asap7sc7p5t_INVBUF_RVT_TT_nldm_211120     0.072900       4     0.291600
INVx6_ASAP7_75t_R  asap7sc7p5t_INVBUF_RVT_TT_nldm_211120     0.116640       1     0.116640
INVxp33_ASAP7_75t_R asap7sc7p5t_INVBUF_RVT_TT_nldm_211120     0.043740       4     0.174960
INVxp67_ASAP7_75t_R asap7sc7p5t_INVBUF_RVT_TT_nldm_211120     0.043740       2     0.087480
NAND2x1_ASAP7_75t_R asap7sc7p5t_SIMPLE_RVT_TT_nldm_211120     0.087480       2     0.174960
NAND2xp5_ASAP7_75t_R asap7sc7p5t_SIMPLE_RVT_TT_nldm_211120     0.058320      95     5.540400
NAND2xp33_ASAP7_75t_R asap7sc7p5t_SIMPLE_RVT_TT_nldm_211120     0.058320       6     0.349920
NAND2xp67_ASAP7_75t_R asap7sc7p5t_SIMPLE_RVT_TT_nldm_211120     0.087480       1     0.087480
NAND3x1_ASAP7_75t_R asap7sc7p5t_SIMPLE_RVT_TT_nldm_211120     0.160380       1     0.160380
NAND3xp33_ASAP7_75t_R asap7sc7p5t_SIMPLE_RVT_TT_nldm_211120     0.072900      17     1.239300
NAND4xp25_ASAP7_75t_R asap7sc7p5t_SIMPLE_RVT_TT_nldm_211120     0.087480       3     0.262440
NAND4xp75_ASAP7_75t_R asap7sc7p5t_SIMPLE_RVT_TT_nldm_211120     0.204120       1     0.204120
NAND5xp2_ASAP7_75t_R asap7sc7p5t_SIMPLE_RVT_TT_nldm_211120     0.102060       4     0.408240
NOR2xp33_ASAP7_75t_R asap7sc7p5t_SIMPLE_RVT_TT_nldm_211120     0.058320      13     0.758160
NOR3xp33_ASAP7_75t_R asap7sc7p5t_SIMPLE_RVT_TT_nldm_211120     0.072900       2     0.145800
NOR4xp25_ASAP7_75t_R asap7sc7p5t_SIMPLE_RVT_TT_nldm_211120     0.087480       2     0.174960
NOR5xp2_ASAP7_75t_R asap7sc7p5t_SIMPLE_RVT_TT_nldm_211120     0.102060       4     0.408240
O2A1O1Ixp33_ASAP7_75t_R asap7sc7p5t_OA_RVT_TT_nldm_211120     0.087480       2     0.174960
OA21x2_ASAP7_75t_R asap7sc7p5t_OA_RVT_TT_nldm_211120     0.102060       3     0.306180
OA22x2_ASAP7_75t_R asap7sc7p5t_OA_RVT_TT_nldm_211120     0.145800       3     0.437400
OA31x2_ASAP7_75t_R asap7sc7p5t_OA_RVT_TT_nldm_211120     0.218700       1     0.218700
OAI21xp5_ASAP7_75t_R asap7sc7p5t_OA_RVT_TT_nldm_211120     0.072900      25     1.822500
OAI21xp33_ASAP7_75t_R asap7sc7p5t_OA_RVT_TT_nldm_211120     0.072900       9     0.656100
OAI22x1_ASAP7_75t_R asap7sc7p5t_OA_RVT_TT_nldm_211120     0.145800       6     0.874800
OAI22xp5_ASAP7_75t_R asap7sc7p5t_OA_RVT_TT_nldm_211120     0.087480      39     3.411720
OAI22xp33_ASAP7_75t_R asap7sc7p5t_OA_RVT_TT_nldm_211120     0.087480      11     0.962280
OAI31xp33_ASAP7_75t_R asap7sc7p5t_OA_RVT_TT_nldm_211120     0.087480       3     0.262440
OAI32xp33_ASAP7_75t_R asap7sc7p5t_OA_RVT_TT_nldm_211120     0.102060       2     0.204120
OAI211xp5_ASAP7_75t_R asap7sc7p5t_OA_RVT_TT_nldm_211120     0.087480      15     1.312200
OAI221xp5_ASAP7_75t_R asap7sc7p5t_OA_RVT_TT_nldm_211120     0.102060       8     0.816480
OAI222xp33_ASAP7_75t_R asap7sc7p5t_OA_RVT_TT_nldm_211120     0.145800       5     0.729000
OAI311xp33_ASAP7_75t_R asap7sc7p5t_OA_RVT_TT_nldm_211120     0.102060       1     0.102060
OAI321xp33_ASAP7_75t_R asap7sc7p5t_OA_RVT_TT_nldm_211120     0.116640       3     0.349920
OAI331xp33_ASAP7_75t_R asap7sc7p5t_OA_RVT_TT_nldm_211120     0.131220       2     0.262440
OR2x2_ASAP7_75t_R  asap7sc7p5t_SIMPLE_RVT_TT_nldm_211120     0.087480       1     0.087480
OR4x1_ASAP7_75t_R  asap7sc7p5t_SIMPLE_RVT_TT_nldm_211120     0.102060       1     0.102060
TIEHIx1_ASAP7_75t_R asap7sc7p5t_SIMPLE_RVT_TT_nldm_211120     0.043740       1     0.043740
TIELOx1_ASAP7_75t_R asap7sc7p5t_SIMPLE_RVT_TT_nldm_211120     0.043740       1     0.043740
XNOR2xp5_ASAP7_75t_R asap7sc7p5t_SIMPLE_RVT_TT_nldm_211120     0.131220       3     0.393660
XOR2x2_ASAP7_75t_R asap7sc7p5t_SIMPLE_RVT_TT_nldm_211120     0.160380       3     0.481140
XOR2xp5_ASAP7_75t_R asap7sc7p5t_SIMPLE_RVT_TT_nldm_211120     0.131220       3     0.393660
fp16_add_3_DW01_add_J8_0          7.333740       1      7.333740  h
fp16_add_3_DW01_sub_J11_0         7.712820       1      7.712820  h
-----------------------------------------------------------------------------
Total 67 references                                    63.452160

****************************************
Design: fp16_add_3_DW01_add_J8_0 
****************************************
Reference          Library       Unit Area   Count    Total Area   Attributes
-----------------------------------------------------------------------------
AND2x2_ASAP7_75t_R asap7sc7p5t_SIMPLE_RVT_TT_nldm_211120     0.087480       4     0.349920
AOI21x1_ASAP7_75t_R asap7sc7p5t_AO_RVT_TT_nldm_211120     0.116640       1     0.116640
AOI21xp5_ASAP7_75t_R asap7sc7p5t_AO_RVT_TT_nldm_211120     0.072900       1     0.072900
AOI22xp5_ASAP7_75t_R asap7sc7p5t_AO_RVT_TT_nldm_211120     0.087480       1     0.087480
AOI31xp67_ASAP7_75t_R asap7sc7p5t_AO_RVT_TT_nldm_211120     0.189540       1     0.189540
AOI211x1_ASAP7_75t_R asap7sc7p5t_AO_RVT_TT_nldm_211120     0.174960       1     0.174960
INVx1_ASAP7_75t_R  asap7sc7p5t_INVBUF_RVT_TT_nldm_211120     0.043740      19     0.831060
NAND2xp5_ASAP7_75t_R asap7sc7p5t_SIMPLE_RVT_TT_nldm_211120     0.058320      23     1.341360
NAND2xp33_ASAP7_75t_R asap7sc7p5t_SIMPLE_RVT_TT_nldm_211120     0.058320       1     0.058320
NAND3xp33_ASAP7_75t_R asap7sc7p5t_SIMPLE_RVT_TT_nldm_211120     0.072900       2     0.145800
NOR2x1_ASAP7_75t_R asap7sc7p5t_SIMPLE_RVT_TT_nldm_211120     0.087480       1     0.087480
NOR2xp33_ASAP7_75t_R asap7sc7p5t_SIMPLE_RVT_TT_nldm_211120     0.058320       5     0.291600
OA21x2_ASAP7_75t_R asap7sc7p5t_OA_RVT_TT_nldm_211120     0.102060       1     0.102060
OA31x2_ASAP7_75t_R asap7sc7p5t_OA_RVT_TT_nldm_211120     0.218700       1     0.218700
OAI21xp5_ASAP7_75t_R asap7sc7p5t_OA_RVT_TT_nldm_211120     0.072900       7     0.510300
OAI22xp5_ASAP7_75t_R asap7sc7p5t_OA_RVT_TT_nldm_211120     0.087480       1     0.087480
OAI31xp67_ASAP7_75t_R asap7sc7p5t_OA_RVT_TT_nldm_211120     0.189540       1     0.189540
OR2x2_ASAP7_75t_R  asap7sc7p5t_SIMPLE_RVT_TT_nldm_211120     0.087480       9     0.787320
OR2x4_ASAP7_75t_R  asap7sc7p5t_SIMPLE_RVT_TT_nldm_211120     0.116640       1     0.116640
XNOR2xp5_ASAP7_75t_R asap7sc7p5t_SIMPLE_RVT_TT_nldm_211120     0.131220       8     1.049760
XOR2xp5_ASAP7_75t_R asap7sc7p5t_SIMPLE_RVT_TT_nldm_211120     0.131220       4     0.524880
-----------------------------------------------------------------------------
Total 21 references                                     7.333740

****************************************
Design: fp16_add_3_DW01_sub_J11_0 
****************************************
Reference          Library       Unit Area   Count    Total Area   Attributes
-----------------------------------------------------------------------------
AND2x2_ASAP7_75t_R asap7sc7p5t_SIMPLE_RVT_TT_nldm_211120     0.087480       2     0.174960
AOI21xp5_ASAP7_75t_R asap7sc7p5t_AO_RVT_TT_nldm_211120     0.072900       3     0.218700
AOI221x1_ASAP7_75t_R asap7sc7p5t_AO_RVT_TT_nldm_211120     0.204120       1     0.204120
INVx1_ASAP7_75t_R  asap7sc7p5t_INVBUF_RVT_TT_nldm_211120     0.043740      35     1.530900
INVx2_ASAP7_75t_R  asap7sc7p5t_INVBUF_RVT_TT_nldm_211120     0.058320       1     0.058320
INVxp33_ASAP7_75t_R asap7sc7p5t_INVBUF_RVT_TT_nldm_211120     0.043740       1     0.043740
INVxp67_ASAP7_75t_R asap7sc7p5t_INVBUF_RVT_TT_nldm_211120     0.043740       1     0.043740
NAND2xp5_ASAP7_75t_R asap7sc7p5t_SIMPLE_RVT_TT_nldm_211120     0.058320      34     1.982880
NAND2xp33_ASAP7_75t_R asap7sc7p5t_SIMPLE_RVT_TT_nldm_211120     0.058320       1     0.058320
NOR2x1_ASAP7_75t_R asap7sc7p5t_SIMPLE_RVT_TT_nldm_211120     0.087480       1     0.087480
NOR2xp33_ASAP7_75t_R asap7sc7p5t_SIMPLE_RVT_TT_nldm_211120     0.058320       5     0.291600
OA21x2_ASAP7_75t_R asap7sc7p5t_OA_RVT_TT_nldm_211120     0.102060       2     0.204120
OAI21x1_ASAP7_75t_R asap7sc7p5t_OA_RVT_TT_nldm_211120     0.116640       2     0.233280
OAI21xp5_ASAP7_75t_R asap7sc7p5t_OA_RVT_TT_nldm_211120     0.072900       2     0.145800
OAI21xp33_ASAP7_75t_R asap7sc7p5t_OA_RVT_TT_nldm_211120     0.072900       6     0.437400
XNOR2x2_ASAP7_75t_R asap7sc7p5t_SIMPLE_RVT_TT_nldm_211120     0.160380       1     0.160380
XNOR2xp5_ASAP7_75t_R asap7sc7p5t_SIMPLE_RVT_TT_nldm_211120     0.131220       9     1.180980
XOR2xp5_ASAP7_75t_R asap7sc7p5t_SIMPLE_RVT_TT_nldm_211120     0.131220       5     0.656100
-----------------------------------------------------------------------------
Total 18 references                                     7.712820

****************************************
Design: fp16_add_4 
****************************************
Reference          Library       Unit Area   Count    Total Area   Attributes
-----------------------------------------------------------------------------
A2O1A1Ixp33_ASAP7_75t_R asap7sc7p5t_AO_RVT_TT_nldm_211120     0.087480      10     0.874800
AND2x2_ASAP7_75t_R asap7sc7p5t_SIMPLE_RVT_TT_nldm_211120     0.087480      12     1.049760
AND3x1_ASAP7_75t_R asap7sc7p5t_SIMPLE_RVT_TT_nldm_211120     0.087480       3     0.262440
AO21x1_ASAP7_75t_R asap7sc7p5t_AO_RVT_TT_nldm_211120     0.087480       3     0.262440
AO222x2_ASAP7_75t_R asap7sc7p5t_AO_RVT_TT_nldm_211120     0.174960       1     0.174960
AOI21x1_ASAP7_75t_R asap7sc7p5t_AO_RVT_TT_nldm_211120     0.116640       1     0.116640
AOI21xp5_ASAP7_75t_R asap7sc7p5t_AO_RVT_TT_nldm_211120     0.072900       5     0.364500
AOI21xp33_ASAP7_75t_R asap7sc7p5t_AO_RVT_TT_nldm_211120     0.072900       6     0.437400
AOI22xp5_ASAP7_75t_R asap7sc7p5t_AO_RVT_TT_nldm_211120     0.087480       8     0.699840
AOI22xp33_ASAP7_75t_R asap7sc7p5t_AO_RVT_TT_nldm_211120     0.087480      17     1.487160
AOI31xp33_ASAP7_75t_R asap7sc7p5t_AO_RVT_TT_nldm_211120     0.087480       1     0.087480
AOI32xp33_ASAP7_75t_R asap7sc7p5t_AO_RVT_TT_nldm_211120     0.102060       1     0.102060
AOI211xp5_ASAP7_75t_R asap7sc7p5t_AO_RVT_TT_nldm_211120     0.087480       3     0.262440
AOI221xp5_ASAP7_75t_R asap7sc7p5t_AO_RVT_TT_nldm_211120     0.102060       6     0.612360
AOI222xp33_ASAP7_75t_R asap7sc7p5t_AO_RVT_TT_nldm_211120     0.145800       2     0.291600
AOI321xp33_ASAP7_75t_R asap7sc7p5t_AO_RVT_TT_nldm_211120     0.116640       3     0.349920
AOI333xp33_ASAP7_75t_R asap7sc7p5t_AO_RVT_TT_nldm_211120     0.160380       1     0.160380
BUFx3_ASAP7_75t_R  asap7sc7p5t_INVBUF_RVT_TT_nldm_211120     0.087480       6     0.524880
BUFx8_ASAP7_75t_R  asap7sc7p5t_INVBUF_RVT_TT_nldm_211120     0.174960       2     0.349920
DFFASRHQNx1_ASAP7_75t_R asap7sc7p5t_SEQ_RVT_TT_nldm_220123     0.379080      17     6.444360 n
FAx1_ASAP7_75t_R   asap7sc7p5t_SIMPLE_RVT_TT_nldm_211120     0.204120       3     0.612360 r
INVx1_ASAP7_75t_R  asap7sc7p5t_INVBUF_RVT_TT_nldm_211120     0.043740     169     7.392060
INVx2_ASAP7_75t_R  asap7sc7p5t_INVBUF_RVT_TT_nldm_211120     0.058320       5     0.291600
INVx3_ASAP7_75t_R  asap7sc7p5t_INVBUF_RVT_TT_nldm_211120     0.072900       1     0.072900
INVx8_ASAP7_75t_R  asap7sc7p5t_INVBUF_RVT_TT_nldm_211120     0.145800       1     0.145800
INVxp33_ASAP7_75t_R asap7sc7p5t_INVBUF_RVT_TT_nldm_211120     0.043740       2     0.087480
INVxp67_ASAP7_75t_R asap7sc7p5t_INVBUF_RVT_TT_nldm_211120     0.043740       7     0.306180
NAND2x1_ASAP7_75t_R asap7sc7p5t_SIMPLE_RVT_TT_nldm_211120     0.087480       1     0.087480
NAND2x1p5_ASAP7_75t_R asap7sc7p5t_SIMPLE_RVT_TT_nldm_211120     0.116640       2     0.233280
NAND2xp5_ASAP7_75t_R asap7sc7p5t_SIMPLE_RVT_TT_nldm_211120     0.058320      92     5.365440
NAND2xp33_ASAP7_75t_R asap7sc7p5t_SIMPLE_RVT_TT_nldm_211120     0.058320       8     0.466560
NAND3xp33_ASAP7_75t_R asap7sc7p5t_SIMPLE_RVT_TT_nldm_211120     0.072900      18     1.312200
NAND4xp25_ASAP7_75t_R asap7sc7p5t_SIMPLE_RVT_TT_nldm_211120     0.087480       3     0.262440
NAND4xp75_ASAP7_75t_R asap7sc7p5t_SIMPLE_RVT_TT_nldm_211120     0.204120       1     0.204120
NAND5xp2_ASAP7_75t_R asap7sc7p5t_SIMPLE_RVT_TT_nldm_211120     0.102060       4     0.408240
NOR2x1_ASAP7_75t_R asap7sc7p5t_SIMPLE_RVT_TT_nldm_211120     0.087480       1     0.087480
NOR2xp33_ASAP7_75t_R asap7sc7p5t_SIMPLE_RVT_TT_nldm_211120     0.058320      12     0.699840
NOR3x1_ASAP7_75t_R asap7sc7p5t_SIMPLE_RVT_TT_nldm_211120     0.160380       1     0.160380
NOR3xp33_ASAP7_75t_R asap7sc7p5t_SIMPLE_RVT_TT_nldm_211120     0.072900       1     0.072900
NOR4xp25_ASAP7_75t_R asap7sc7p5t_SIMPLE_RVT_TT_nldm_211120     0.087480       2     0.174960
NOR5xp2_ASAP7_75t_R asap7sc7p5t_SIMPLE_RVT_TT_nldm_211120     0.102060       4     0.408240
O2A1O1Ixp33_ASAP7_75t_R asap7sc7p5t_OA_RVT_TT_nldm_211120     0.087480       2     0.174960
OA21x2_ASAP7_75t_R asap7sc7p5t_OA_RVT_TT_nldm_211120     0.102060       3     0.306180
OA22x2_ASAP7_75t_R asap7sc7p5t_OA_RVT_TT_nldm_211120     0.145800       2     0.291600
OA31x2_ASAP7_75t_R asap7sc7p5t_OA_RVT_TT_nldm_211120     0.218700       1     0.218700
OAI21xp5_ASAP7_75t_R asap7sc7p5t_OA_RVT_TT_nldm_211120     0.072900      27     1.968300
OAI21xp33_ASAP7_75t_R asap7sc7p5t_OA_RVT_TT_nldm_211120     0.072900       7     0.510300
OAI22x1_ASAP7_75t_R asap7sc7p5t_OA_RVT_TT_nldm_211120     0.145800       7     1.020600
OAI22xp5_ASAP7_75t_R asap7sc7p5t_OA_RVT_TT_nldm_211120     0.087480      43     3.761640
OAI22xp33_ASAP7_75t_R asap7sc7p5t_OA_RVT_TT_nldm_211120     0.087480       7     0.612360
OAI31xp33_ASAP7_75t_R asap7sc7p5t_OA_RVT_TT_nldm_211120     0.087480       3     0.262440
OAI32xp33_ASAP7_75t_R asap7sc7p5t_OA_RVT_TT_nldm_211120     0.102060       2     0.204120
OAI211xp5_ASAP7_75t_R asap7sc7p5t_OA_RVT_TT_nldm_211120     0.087480      15     1.312200
OAI221xp5_ASAP7_75t_R asap7sc7p5t_OA_RVT_TT_nldm_211120     0.102060       8     0.816480
OAI222xp33_ASAP7_75t_R asap7sc7p5t_OA_RVT_TT_nldm_211120     0.145800       5     0.729000
OAI311xp33_ASAP7_75t_R asap7sc7p5t_OA_RVT_TT_nldm_211120     0.102060       1     0.102060
OAI321xp33_ASAP7_75t_R asap7sc7p5t_OA_RVT_TT_nldm_211120     0.116640       3     0.349920
OAI331xp33_ASAP7_75t_R asap7sc7p5t_OA_RVT_TT_nldm_211120     0.131220       2     0.262440
OR2x2_ASAP7_75t_R  asap7sc7p5t_SIMPLE_RVT_TT_nldm_211120     0.087480       1     0.087480
OR4x1_ASAP7_75t_R  asap7sc7p5t_SIMPLE_RVT_TT_nldm_211120     0.102060       1     0.102060
TIEHIx1_ASAP7_75t_R asap7sc7p5t_SIMPLE_RVT_TT_nldm_211120     0.043740       1     0.043740
TIELOx1_ASAP7_75t_R asap7sc7p5t_SIMPLE_RVT_TT_nldm_211120     0.043740       1     0.043740
XNOR2xp5_ASAP7_75t_R asap7sc7p5t_SIMPLE_RVT_TT_nldm_211120     0.131220       3     0.393660
XOR2x2_ASAP7_75t_R asap7sc7p5t_SIMPLE_RVT_TT_nldm_211120     0.160380       1     0.160380
XOR2xp5_ASAP7_75t_R asap7sc7p5t_SIMPLE_RVT_TT_nldm_211120     0.131220       5     0.656100
fp16_add_4_DW01_add_2             7.202520       1      7.202520  h
fp16_add_4_DW01_sub_J12_0         7.683660       1      7.683660  h
-----------------------------------------------------------------------------
Total 67 references                                    63.043920

****************************************
Design: fp16_add_4_DW01_add_2 
****************************************
Reference          Library       Unit Area   Count    Total Area   Attributes
-----------------------------------------------------------------------------
AND2x2_ASAP7_75t_R asap7sc7p5t_SIMPLE_RVT_TT_nldm_211120     0.087480       4     0.349920
AOI21xp5_ASAP7_75t_R asap7sc7p5t_AO_RVT_TT_nldm_211120     0.072900       2     0.145800
AOI22xp5_ASAP7_75t_R asap7sc7p5t_AO_RVT_TT_nldm_211120     0.087480       1     0.087480
AOI31xp67_ASAP7_75t_R asap7sc7p5t_AO_RVT_TT_nldm_211120     0.189540       1     0.189540
AOI211xp5_ASAP7_75t_R asap7sc7p5t_AO_RVT_TT_nldm_211120     0.087480       1     0.087480
INVx1_ASAP7_75t_R  asap7sc7p5t_INVBUF_RVT_TT_nldm_211120     0.043740      19     0.831060
NAND2xp5_ASAP7_75t_R asap7sc7p5t_SIMPLE_RVT_TT_nldm_211120     0.058320      23     1.341360
NAND2xp33_ASAP7_75t_R asap7sc7p5t_SIMPLE_RVT_TT_nldm_211120     0.058320       1     0.058320
NAND3xp33_ASAP7_75t_R asap7sc7p5t_SIMPLE_RVT_TT_nldm_211120     0.072900       2     0.145800
NOR2x1_ASAP7_75t_R asap7sc7p5t_SIMPLE_RVT_TT_nldm_211120     0.087480       1     0.087480
NOR2xp33_ASAP7_75t_R asap7sc7p5t_SIMPLE_RVT_TT_nldm_211120     0.058320       5     0.291600
OA21x2_ASAP7_75t_R asap7sc7p5t_OA_RVT_TT_nldm_211120     0.102060       1     0.102060
OA31x2_ASAP7_75t_R asap7sc7p5t_OA_RVT_TT_nldm_211120     0.218700       1     0.218700
OAI21xp5_ASAP7_75t_R asap7sc7p5t_OA_RVT_TT_nldm_211120     0.072900       7     0.510300
OAI22xp5_ASAP7_75t_R asap7sc7p5t_OA_RVT_TT_nldm_211120     0.087480       1     0.087480
OAI31xp67_ASAP7_75t_R asap7sc7p5t_OA_RVT_TT_nldm_211120     0.189540       1     0.189540
OR2x2_ASAP7_75t_R  asap7sc7p5t_SIMPLE_RVT_TT_nldm_211120     0.087480       9     0.787320
OR2x4_ASAP7_75t_R  asap7sc7p5t_SIMPLE_RVT_TT_nldm_211120     0.116640       1     0.116640
XNOR2xp5_ASAP7_75t_R asap7sc7p5t_SIMPLE_RVT_TT_nldm_211120     0.131220       8     1.049760
XOR2xp5_ASAP7_75t_R asap7sc7p5t_SIMPLE_RVT_TT_nldm_211120     0.131220       4     0.524880
-----------------------------------------------------------------------------
Total 20 references                                     7.202520

****************************************
Design: fp16_add_4_DW01_sub_J12_0 
****************************************
Reference          Library       Unit Area   Count    Total Area   Attributes
-----------------------------------------------------------------------------
AND2x2_ASAP7_75t_R asap7sc7p5t_SIMPLE_RVT_TT_nldm_211120     0.087480       2     0.174960
AOI21xp5_ASAP7_75t_R asap7sc7p5t_AO_RVT_TT_nldm_211120     0.072900       2     0.145800
AOI21xp33_ASAP7_75t_R asap7sc7p5t_AO_RVT_TT_nldm_211120     0.072900       1     0.072900
AOI221x1_ASAP7_75t_R asap7sc7p5t_AO_RVT_TT_nldm_211120     0.204120       1     0.204120
INVx1_ASAP7_75t_R  asap7sc7p5t_INVBUF_RVT_TT_nldm_211120     0.043740      36     1.574640
INVxp33_ASAP7_75t_R asap7sc7p5t_INVBUF_RVT_TT_nldm_211120     0.043740       1     0.043740
INVxp67_ASAP7_75t_R asap7sc7p5t_INVBUF_RVT_TT_nldm_211120     0.043740       1     0.043740
NAND2xp5_ASAP7_75t_R asap7sc7p5t_SIMPLE_RVT_TT_nldm_211120     0.058320      35     2.041200
NOR2x1_ASAP7_75t_R asap7sc7p5t_SIMPLE_RVT_TT_nldm_211120     0.087480       2     0.174960
NOR2xp33_ASAP7_75t_R asap7sc7p5t_SIMPLE_RVT_TT_nldm_211120     0.058320       4     0.233280
OA21x2_ASAP7_75t_R asap7sc7p5t_OA_RVT_TT_nldm_211120     0.102060       2     0.204120
OAI21x1_ASAP7_75t_R asap7sc7p5t_OA_RVT_TT_nldm_211120     0.116640       1     0.116640
OAI21xp5_ASAP7_75t_R asap7sc7p5t_OA_RVT_TT_nldm_211120     0.072900       3     0.218700
OAI21xp33_ASAP7_75t_R asap7sc7p5t_OA_RVT_TT_nldm_211120     0.072900       6     0.437400
XNOR2x2_ASAP7_75t_R asap7sc7p5t_SIMPLE_RVT_TT_nldm_211120     0.160380       1     0.160380
XNOR2xp5_ASAP7_75t_R asap7sc7p5t_SIMPLE_RVT_TT_nldm_211120     0.131220       9     1.180980
XOR2xp5_ASAP7_75t_R asap7sc7p5t_SIMPLE_RVT_TT_nldm_211120     0.131220       5     0.656100
-----------------------------------------------------------------------------
Total 17 references                                     7.683660

****************************************
Design: fp16_add_5 
****************************************
Reference          Library       Unit Area   Count    Total Area   Attributes
-----------------------------------------------------------------------------
A2O1A1Ixp33_ASAP7_75t_R asap7sc7p5t_AO_RVT_TT_nldm_211120     0.087480      10     0.874800
AND2x2_ASAP7_75t_R asap7sc7p5t_SIMPLE_RVT_TT_nldm_211120     0.087480      12     1.049760
AND3x1_ASAP7_75t_R asap7sc7p5t_SIMPLE_RVT_TT_nldm_211120     0.087480       3     0.262440
AO21x1_ASAP7_75t_R asap7sc7p5t_AO_RVT_TT_nldm_211120     0.087480       3     0.262440
AO222x2_ASAP7_75t_R asap7sc7p5t_AO_RVT_TT_nldm_211120     0.174960       1     0.174960
AOI21x1_ASAP7_75t_R asap7sc7p5t_AO_RVT_TT_nldm_211120     0.116640       1     0.116640
AOI21xp5_ASAP7_75t_R asap7sc7p5t_AO_RVT_TT_nldm_211120     0.072900       6     0.437400
AOI21xp33_ASAP7_75t_R asap7sc7p5t_AO_RVT_TT_nldm_211120     0.072900       5     0.364500
AOI22x1_ASAP7_75t_R asap7sc7p5t_AO_RVT_TT_nldm_211120     0.145800       1     0.145800
AOI22xp5_ASAP7_75t_R asap7sc7p5t_AO_RVT_TT_nldm_211120     0.087480       8     0.699840
AOI22xp33_ASAP7_75t_R asap7sc7p5t_AO_RVT_TT_nldm_211120     0.087480      16     1.399680
AOI31xp33_ASAP7_75t_R asap7sc7p5t_AO_RVT_TT_nldm_211120     0.087480       1     0.087480
AOI32xp33_ASAP7_75t_R asap7sc7p5t_AO_RVT_TT_nldm_211120     0.102060       1     0.102060
AOI211xp5_ASAP7_75t_R asap7sc7p5t_AO_RVT_TT_nldm_211120     0.087480       3     0.262440
AOI221xp5_ASAP7_75t_R asap7sc7p5t_AO_RVT_TT_nldm_211120     0.102060       6     0.612360
AOI222xp33_ASAP7_75t_R asap7sc7p5t_AO_RVT_TT_nldm_211120     0.145800       2     0.291600
AOI321xp33_ASAP7_75t_R asap7sc7p5t_AO_RVT_TT_nldm_211120     0.116640       3     0.349920
AOI333xp33_ASAP7_75t_R asap7sc7p5t_AO_RVT_TT_nldm_211120     0.160380       1     0.160380
BUFx2_ASAP7_75t_R  asap7sc7p5t_INVBUF_RVT_TT_nldm_211120     0.072900       3     0.218700
BUFx3_ASAP7_75t_R  asap7sc7p5t_INVBUF_RVT_TT_nldm_211120     0.087480       3     0.262440
BUFx8_ASAP7_75t_R  asap7sc7p5t_INVBUF_RVT_TT_nldm_211120     0.174960       2     0.349920
DFFASRHQNx1_ASAP7_75t_R asap7sc7p5t_SEQ_RVT_TT_nldm_220123     0.379080      17     6.444360 n
FAx1_ASAP7_75t_R   asap7sc7p5t_SIMPLE_RVT_TT_nldm_211120     0.204120       3     0.612360 r
INVx1_ASAP7_75t_R  asap7sc7p5t_INVBUF_RVT_TT_nldm_211120     0.043740     163     7.129620
INVx2_ASAP7_75t_R  asap7sc7p5t_INVBUF_RVT_TT_nldm_211120     0.058320      13     0.758160
INVx3_ASAP7_75t_R  asap7sc7p5t_INVBUF_RVT_TT_nldm_211120     0.072900       1     0.072900
INVxp33_ASAP7_75t_R asap7sc7p5t_INVBUF_RVT_TT_nldm_211120     0.043740       1     0.043740
INVxp67_ASAP7_75t_R asap7sc7p5t_INVBUF_RVT_TT_nldm_211120     0.043740       5     0.218700
NAND2x1_ASAP7_75t_R asap7sc7p5t_SIMPLE_RVT_TT_nldm_211120     0.087480       7     0.612360
NAND2x1p5_ASAP7_75t_R asap7sc7p5t_SIMPLE_RVT_TT_nldm_211120     0.116640       2     0.233280
NAND2xp5_ASAP7_75t_R asap7sc7p5t_SIMPLE_RVT_TT_nldm_211120     0.058320      94     5.482080
NAND2xp33_ASAP7_75t_R asap7sc7p5t_SIMPLE_RVT_TT_nldm_211120     0.058320       2     0.116640
NAND3x1_ASAP7_75t_R asap7sc7p5t_SIMPLE_RVT_TT_nldm_211120     0.160380       1     0.160380
NAND3xp33_ASAP7_75t_R asap7sc7p5t_SIMPLE_RVT_TT_nldm_211120     0.072900      16     1.166400
NAND4xp25_ASAP7_75t_R asap7sc7p5t_SIMPLE_RVT_TT_nldm_211120     0.087480       3     0.262440
NAND4xp75_ASAP7_75t_R asap7sc7p5t_SIMPLE_RVT_TT_nldm_211120     0.204120       1     0.204120
NAND5xp2_ASAP7_75t_R asap7sc7p5t_SIMPLE_RVT_TT_nldm_211120     0.102060       4     0.408240
NOR2x1_ASAP7_75t_R asap7sc7p5t_SIMPLE_RVT_TT_nldm_211120     0.087480       1     0.087480
NOR2xp33_ASAP7_75t_R asap7sc7p5t_SIMPLE_RVT_TT_nldm_211120     0.058320      12     0.699840
NOR3xp33_ASAP7_75t_R asap7sc7p5t_SIMPLE_RVT_TT_nldm_211120     0.072900       2     0.145800
NOR4xp25_ASAP7_75t_R asap7sc7p5t_SIMPLE_RVT_TT_nldm_211120     0.087480       2     0.174960
NOR5xp2_ASAP7_75t_R asap7sc7p5t_SIMPLE_RVT_TT_nldm_211120     0.102060       4     0.408240
O2A1O1Ixp33_ASAP7_75t_R asap7sc7p5t_OA_RVT_TT_nldm_211120     0.087480       2     0.174960
OA21x2_ASAP7_75t_R asap7sc7p5t_OA_RVT_TT_nldm_211120     0.102060       3     0.306180
OA22x2_ASAP7_75t_R asap7sc7p5t_OA_RVT_TT_nldm_211120     0.145800       2     0.291600
OA31x2_ASAP7_75t_R asap7sc7p5t_OA_RVT_TT_nldm_211120     0.218700       1     0.218700
OAI21x1_ASAP7_75t_R asap7sc7p5t_OA_RVT_TT_nldm_211120     0.116640       2     0.233280
OAI21xp5_ASAP7_75t_R asap7sc7p5t_OA_RVT_TT_nldm_211120     0.072900      25     1.822500
OAI21xp33_ASAP7_75t_R asap7sc7p5t_OA_RVT_TT_nldm_211120     0.072900       7     0.510300
OAI22x1_ASAP7_75t_R asap7sc7p5t_OA_RVT_TT_nldm_211120     0.145800       7     1.020600
OAI22xp5_ASAP7_75t_R asap7sc7p5t_OA_RVT_TT_nldm_211120     0.087480      40     3.499200
OAI22xp33_ASAP7_75t_R asap7sc7p5t_OA_RVT_TT_nldm_211120     0.087480      10     0.874800
OAI31xp33_ASAP7_75t_R asap7sc7p5t_OA_RVT_TT_nldm_211120     0.087480       3     0.262440
OAI32xp33_ASAP7_75t_R asap7sc7p5t_OA_RVT_TT_nldm_211120     0.102060       2     0.204120
OAI211xp5_ASAP7_75t_R asap7sc7p5t_OA_RVT_TT_nldm_211120     0.087480      15     1.312200
OAI221xp5_ASAP7_75t_R asap7sc7p5t_OA_RVT_TT_nldm_211120     0.102060       8     0.816480
OAI222xp33_ASAP7_75t_R asap7sc7p5t_OA_RVT_TT_nldm_211120     0.145800       5     0.729000
OAI311xp33_ASAP7_75t_R asap7sc7p5t_OA_RVT_TT_nldm_211120     0.102060       1     0.102060
OAI321xp33_ASAP7_75t_R asap7sc7p5t_OA_RVT_TT_nldm_211120     0.116640       3     0.349920
OAI331xp33_ASAP7_75t_R asap7sc7p5t_OA_RVT_TT_nldm_211120     0.131220       2     0.262440
OR2x2_ASAP7_75t_R  asap7sc7p5t_SIMPLE_RVT_TT_nldm_211120     0.087480       1     0.087480
OR4x1_ASAP7_75t_R  asap7sc7p5t_SIMPLE_RVT_TT_nldm_211120     0.102060       1     0.102060
TIEHIx1_ASAP7_75t_R asap7sc7p5t_SIMPLE_RVT_TT_nldm_211120     0.043740       1     0.043740
TIELOx1_ASAP7_75t_R asap7sc7p5t_SIMPLE_RVT_TT_nldm_211120     0.043740       1     0.043740
XNOR2xp5_ASAP7_75t_R asap7sc7p5t_SIMPLE_RVT_TT_nldm_211120     0.131220       3     0.393660
XOR2x2_ASAP7_75t_R asap7sc7p5t_SIMPLE_RVT_TT_nldm_211120     0.160380       1     0.160380
XOR2xp5_ASAP7_75t_R asap7sc7p5t_SIMPLE_RVT_TT_nldm_211120     0.131220       5     0.656100
fp16_add_5_DW01_add_J7_0          7.202520       1      7.202520  h
fp16_add_5_DW01_sub_4             7.669080       1      7.669080  h
-----------------------------------------------------------------------------
Total 69 references                                    63.277200

****************************************
Design: fp16_add_5_DW01_add_J7_0 
****************************************
Reference          Library       Unit Area   Count    Total Area   Attributes
-----------------------------------------------------------------------------
AND2x2_ASAP7_75t_R asap7sc7p5t_SIMPLE_RVT_TT_nldm_211120     0.087480       4     0.349920
AOI21xp5_ASAP7_75t_R asap7sc7p5t_AO_RVT_TT_nldm_211120     0.072900       2     0.145800
AOI22xp5_ASAP7_75t_R asap7sc7p5t_AO_RVT_TT_nldm_211120     0.087480       1     0.087480
AOI31xp67_ASAP7_75t_R asap7sc7p5t_AO_RVT_TT_nldm_211120     0.189540       1     0.189540
AOI211xp5_ASAP7_75t_R asap7sc7p5t_AO_RVT_TT_nldm_211120     0.087480       1     0.087480
INVx1_ASAP7_75t_R  asap7sc7p5t_INVBUF_RVT_TT_nldm_211120     0.043740      19     0.831060
NAND2xp5_ASAP7_75t_R asap7sc7p5t_SIMPLE_RVT_TT_nldm_211120     0.058320      23     1.341360
NAND2xp33_ASAP7_75t_R asap7sc7p5t_SIMPLE_RVT_TT_nldm_211120     0.058320       1     0.058320
NAND3xp33_ASAP7_75t_R asap7sc7p5t_SIMPLE_RVT_TT_nldm_211120     0.072900       2     0.145800
NOR2x1_ASAP7_75t_R asap7sc7p5t_SIMPLE_RVT_TT_nldm_211120     0.087480       1     0.087480
NOR2xp33_ASAP7_75t_R asap7sc7p5t_SIMPLE_RVT_TT_nldm_211120     0.058320       5     0.291600
OA21x2_ASAP7_75t_R asap7sc7p5t_OA_RVT_TT_nldm_211120     0.102060       1     0.102060
OA31x2_ASAP7_75t_R asap7sc7p5t_OA_RVT_TT_nldm_211120     0.218700       1     0.218700
OAI21xp5_ASAP7_75t_R asap7sc7p5t_OA_RVT_TT_nldm_211120     0.072900       7     0.510300
OAI22xp5_ASAP7_75t_R asap7sc7p5t_OA_RVT_TT_nldm_211120     0.087480       1     0.087480
OAI31xp67_ASAP7_75t_R asap7sc7p5t_OA_RVT_TT_nldm_211120     0.189540       1     0.189540
OR2x2_ASAP7_75t_R  asap7sc7p5t_SIMPLE_RVT_TT_nldm_211120     0.087480       9     0.787320
OR2x4_ASAP7_75t_R  asap7sc7p5t_SIMPLE_RVT_TT_nldm_211120     0.116640       1     0.116640
XNOR2xp5_ASAP7_75t_R asap7sc7p5t_SIMPLE_RVT_TT_nldm_211120     0.131220       8     1.049760
XOR2xp5_ASAP7_75t_R asap7sc7p5t_SIMPLE_RVT_TT_nldm_211120     0.131220       4     0.524880
-----------------------------------------------------------------------------
Total 20 references                                     7.202520

****************************************
Design: fp16_add_5_DW01_sub_4 
****************************************
Reference          Library       Unit Area   Count    Total Area   Attributes
-----------------------------------------------------------------------------
AND2x2_ASAP7_75t_R asap7sc7p5t_SIMPLE_RVT_TT_nldm_211120     0.087480       2     0.174960
AOI21xp5_ASAP7_75t_R asap7sc7p5t_AO_RVT_TT_nldm_211120     0.072900       3     0.218700
AOI221x1_ASAP7_75t_R asap7sc7p5t_AO_RVT_TT_nldm_211120     0.204120       1     0.204120
INVx1_ASAP7_75t_R  asap7sc7p5t_INVBUF_RVT_TT_nldm_211120     0.043740      35     1.530900
INVxp33_ASAP7_75t_R asap7sc7p5t_INVBUF_RVT_TT_nldm_211120     0.043740       2     0.087480
INVxp67_ASAP7_75t_R asap7sc7p5t_INVBUF_RVT_TT_nldm_211120     0.043740       1     0.043740
NAND2xp5_ASAP7_75t_R asap7sc7p5t_SIMPLE_RVT_TT_nldm_211120     0.058320      35     2.041200
NOR2x1_ASAP7_75t_R asap7sc7p5t_SIMPLE_RVT_TT_nldm_211120     0.087480       1     0.087480
NOR2xp33_ASAP7_75t_R asap7sc7p5t_SIMPLE_RVT_TT_nldm_211120     0.058320       5     0.291600
OA21x2_ASAP7_75t_R asap7sc7p5t_OA_RVT_TT_nldm_211120     0.102060       2     0.204120
OAI21x1_ASAP7_75t_R asap7sc7p5t_OA_RVT_TT_nldm_211120     0.116640       2     0.233280
OAI21xp5_ASAP7_75t_R asap7sc7p5t_OA_RVT_TT_nldm_211120     0.072900       3     0.218700
OAI21xp33_ASAP7_75t_R asap7sc7p5t_OA_RVT_TT_nldm_211120     0.072900       5     0.364500
XNOR2xp5_ASAP7_75t_R asap7sc7p5t_SIMPLE_RVT_TT_nldm_211120     0.131220      10     1.312200
XOR2xp5_ASAP7_75t_R asap7sc7p5t_SIMPLE_RVT_TT_nldm_211120     0.131220       5     0.656100
-----------------------------------------------------------------------------
Total 15 references                                     7.669080

****************************************
Design: fp16_add_6 
****************************************
Reference          Library       Unit Area   Count    Total Area   Attributes
-----------------------------------------------------------------------------
A2O1A1Ixp33_ASAP7_75t_R asap7sc7p5t_AO_RVT_TT_nldm_211120     0.087480      10     0.874800
AND2x2_ASAP7_75t_R asap7sc7p5t_SIMPLE_RVT_TT_nldm_211120     0.087480      12     1.049760
AND3x1_ASAP7_75t_R asap7sc7p5t_SIMPLE_RVT_TT_nldm_211120     0.087480       1     0.087480
AO21x1_ASAP7_75t_R asap7sc7p5t_AO_RVT_TT_nldm_211120     0.087480       3     0.262440
AO222x2_ASAP7_75t_R asap7sc7p5t_AO_RVT_TT_nldm_211120     0.174960       1     0.174960
AOI21xp5_ASAP7_75t_R asap7sc7p5t_AO_RVT_TT_nldm_211120     0.072900       9     0.656100
AOI21xp33_ASAP7_75t_R asap7sc7p5t_AO_RVT_TT_nldm_211120     0.072900       3     0.218700
AOI22x1_ASAP7_75t_R asap7sc7p5t_AO_RVT_TT_nldm_211120     0.145800       1     0.145800
AOI22xp5_ASAP7_75t_R asap7sc7p5t_AO_RVT_TT_nldm_211120     0.087480       8     0.699840
AOI22xp33_ASAP7_75t_R asap7sc7p5t_AO_RVT_TT_nldm_211120     0.087480      16     1.399680
AOI31xp33_ASAP7_75t_R asap7sc7p5t_AO_RVT_TT_nldm_211120     0.087480       1     0.087480
AOI32xp33_ASAP7_75t_R asap7sc7p5t_AO_RVT_TT_nldm_211120     0.102060       1     0.102060
AOI211x1_ASAP7_75t_R asap7sc7p5t_AO_RVT_TT_nldm_211120     0.174960       1     0.174960
AOI211xp5_ASAP7_75t_R asap7sc7p5t_AO_RVT_TT_nldm_211120     0.087480       2     0.174960
AOI221xp5_ASAP7_75t_R asap7sc7p5t_AO_RVT_TT_nldm_211120     0.102060       6     0.612360
AOI222xp33_ASAP7_75t_R asap7sc7p5t_AO_RVT_TT_nldm_211120     0.145800       2     0.291600
AOI321xp33_ASAP7_75t_R asap7sc7p5t_AO_RVT_TT_nldm_211120     0.116640       3     0.349920
AOI333xp33_ASAP7_75t_R asap7sc7p5t_AO_RVT_TT_nldm_211120     0.160380       1     0.160380
BUFx2_ASAP7_75t_R  asap7sc7p5t_INVBUF_RVT_TT_nldm_211120     0.072900       1     0.072900
BUFx3_ASAP7_75t_R  asap7sc7p5t_INVBUF_RVT_TT_nldm_211120     0.087480       6     0.524880
BUFx8_ASAP7_75t_R  asap7sc7p5t_INVBUF_RVT_TT_nldm_211120     0.174960       2     0.349920
DFFASRHQNx1_ASAP7_75t_R asap7sc7p5t_SEQ_RVT_TT_nldm_220123     0.379080      17     6.444360 n
FAx1_ASAP7_75t_R   asap7sc7p5t_SIMPLE_RVT_TT_nldm_211120     0.204120       3     0.612360 r
INVx1_ASAP7_75t_R  asap7sc7p5t_INVBUF_RVT_TT_nldm_211120     0.043740     173     7.567020
INVx2_ASAP7_75t_R  asap7sc7p5t_INVBUF_RVT_TT_nldm_211120     0.058320       7     0.408240
INVx4_ASAP7_75t_R  asap7sc7p5t_INVBUF_RVT_TT_nldm_211120     0.087480       1     0.087480
INVx6_ASAP7_75t_R  asap7sc7p5t_INVBUF_RVT_TT_nldm_211120     0.116640       1     0.116640
INVxp33_ASAP7_75t_R asap7sc7p5t_INVBUF_RVT_TT_nldm_211120     0.043740       3     0.131220
INVxp67_ASAP7_75t_R asap7sc7p5t_INVBUF_RVT_TT_nldm_211120     0.043740       6     0.262440
NAND2x1_ASAP7_75t_R asap7sc7p5t_SIMPLE_RVT_TT_nldm_211120     0.087480       3     0.262440
NAND2x2_ASAP7_75t_R asap7sc7p5t_SIMPLE_RVT_TT_nldm_211120     0.145800       1     0.145800
NAND2xp5_ASAP7_75t_R asap7sc7p5t_SIMPLE_RVT_TT_nldm_211120     0.058320     100     5.832000
NAND2xp67_ASAP7_75t_R asap7sc7p5t_SIMPLE_RVT_TT_nldm_211120     0.087480       1     0.087480
NAND3xp33_ASAP7_75t_R asap7sc7p5t_SIMPLE_RVT_TT_nldm_211120     0.072900      20     1.458000
NAND4xp25_ASAP7_75t_R asap7sc7p5t_SIMPLE_RVT_TT_nldm_211120     0.087480       3     0.262440
NAND4xp75_ASAP7_75t_R asap7sc7p5t_SIMPLE_RVT_TT_nldm_211120     0.204120       1     0.204120
NAND5xp2_ASAP7_75t_R asap7sc7p5t_SIMPLE_RVT_TT_nldm_211120     0.102060       4     0.408240
NOR2xp33_ASAP7_75t_R asap7sc7p5t_SIMPLE_RVT_TT_nldm_211120     0.058320      13     0.758160
NOR3x1_ASAP7_75t_R asap7sc7p5t_SIMPLE_RVT_TT_nldm_211120     0.160380       1     0.160380
NOR3xp33_ASAP7_75t_R asap7sc7p5t_SIMPLE_RVT_TT_nldm_211120     0.072900       1     0.072900
NOR4xp25_ASAP7_75t_R asap7sc7p5t_SIMPLE_RVT_TT_nldm_211120     0.087480       2     0.174960
NOR5xp2_ASAP7_75t_R asap7sc7p5t_SIMPLE_RVT_TT_nldm_211120     0.102060       4     0.408240
O2A1O1Ixp33_ASAP7_75t_R asap7sc7p5t_OA_RVT_TT_nldm_211120     0.087480       2     0.174960
OA21x2_ASAP7_75t_R asap7sc7p5t_OA_RVT_TT_nldm_211120     0.102060       3     0.306180
OA22x2_ASAP7_75t_R asap7sc7p5t_OA_RVT_TT_nldm_211120     0.145800       2     0.291600
OA31x2_ASAP7_75t_R asap7sc7p5t_OA_RVT_TT_nldm_211120     0.218700       1     0.218700
OAI21xp5_ASAP7_75t_R asap7sc7p5t_OA_RVT_TT_nldm_211120     0.072900      27     1.968300
OAI21xp33_ASAP7_75t_R asap7sc7p5t_OA_RVT_TT_nldm_211120     0.072900       7     0.510300
OAI22x1_ASAP7_75t_R asap7sc7p5t_OA_RVT_TT_nldm_211120     0.145800       4     0.583200
OAI22xp5_ASAP7_75t_R asap7sc7p5t_OA_RVT_TT_nldm_211120     0.087480      45     3.936600
OAI22xp33_ASAP7_75t_R asap7sc7p5t_OA_RVT_TT_nldm_211120     0.087480       8     0.699840
OAI31xp33_ASAP7_75t_R asap7sc7p5t_OA_RVT_TT_nldm_211120     0.087480       3     0.262440
OAI32xp33_ASAP7_75t_R asap7sc7p5t_OA_RVT_TT_nldm_211120     0.102060       2     0.204120
OAI211xp5_ASAP7_75t_R asap7sc7p5t_OA_RVT_TT_nldm_211120     0.087480      15     1.312200
OAI221xp5_ASAP7_75t_R asap7sc7p5t_OA_RVT_TT_nldm_211120     0.102060       7     0.714420
OAI222xp33_ASAP7_75t_R asap7sc7p5t_OA_RVT_TT_nldm_211120     0.145800       5     0.729000
OAI311xp33_ASAP7_75t_R asap7sc7p5t_OA_RVT_TT_nldm_211120     0.102060       1     0.102060
OAI321xp33_ASAP7_75t_R asap7sc7p5t_OA_RVT_TT_nldm_211120     0.116640       3     0.349920
OAI331xp33_ASAP7_75t_R asap7sc7p5t_OA_RVT_TT_nldm_211120     0.131220       2     0.262440
OR2x2_ASAP7_75t_R  asap7sc7p5t_SIMPLE_RVT_TT_nldm_211120     0.087480       3     0.262440
OR4x1_ASAP7_75t_R  asap7sc7p5t_SIMPLE_RVT_TT_nldm_211120     0.102060       1     0.102060
TIEHIx1_ASAP7_75t_R asap7sc7p5t_SIMPLE_RVT_TT_nldm_211120     0.043740       1     0.043740
TIELOx1_ASAP7_75t_R asap7sc7p5t_SIMPLE_RVT_TT_nldm_211120     0.043740       1     0.043740
XNOR2xp5_ASAP7_75t_R asap7sc7p5t_SIMPLE_RVT_TT_nldm_211120     0.131220       3     0.393660
XOR2x2_ASAP7_75t_R asap7sc7p5t_SIMPLE_RVT_TT_nldm_211120     0.160380       1     0.160380
XOR2xp5_ASAP7_75t_R asap7sc7p5t_SIMPLE_RVT_TT_nldm_211120     0.131220       5     0.656100
fp16_add_6_DW01_add_J9_0          7.231680       1      7.231680  h
fp16_add_6_DW01_sub_J10_0         7.727400       1      7.727400  h
-----------------------------------------------------------------------------
Total 68 references                                    63.583380

****************************************
Design: fp16_add_6_DW01_add_J9_0 
****************************************
Reference          Library       Unit Area   Count    Total Area   Attributes
-----------------------------------------------------------------------------
AND2x2_ASAP7_75t_R asap7sc7p5t_SIMPLE_RVT_TT_nldm_211120     0.087480       4     0.349920
AOI21xp5_ASAP7_75t_R asap7sc7p5t_AO_RVT_TT_nldm_211120     0.072900       2     0.145800
AOI22xp5_ASAP7_75t_R asap7sc7p5t_AO_RVT_TT_nldm_211120     0.087480       1     0.087480
AOI31xp67_ASAP7_75t_R asap7sc7p5t_AO_RVT_TT_nldm_211120     0.189540       1     0.189540
AOI211xp5_ASAP7_75t_R asap7sc7p5t_AO_RVT_TT_nldm_211120     0.087480       1     0.087480
INVx1_ASAP7_75t_R  asap7sc7p5t_INVBUF_RVT_TT_nldm_211120     0.043740      19     0.831060
NAND2xp5_ASAP7_75t_R asap7sc7p5t_SIMPLE_RVT_TT_nldm_211120     0.058320      23     1.341360
NAND2xp33_ASAP7_75t_R asap7sc7p5t_SIMPLE_RVT_TT_nldm_211120     0.058320       1     0.058320
NAND3xp33_ASAP7_75t_R asap7sc7p5t_SIMPLE_RVT_TT_nldm_211120     0.072900       2     0.145800
NOR2x1_ASAP7_75t_R asap7sc7p5t_SIMPLE_RVT_TT_nldm_211120     0.087480       2     0.174960
NOR2xp33_ASAP7_75t_R asap7sc7p5t_SIMPLE_RVT_TT_nldm_211120     0.058320       4     0.233280
OA21x2_ASAP7_75t_R asap7sc7p5t_OA_RVT_TT_nldm_211120     0.102060       1     0.102060
OA31x2_ASAP7_75t_R asap7sc7p5t_OA_RVT_TT_nldm_211120     0.218700       1     0.218700
OAI21xp5_ASAP7_75t_R asap7sc7p5t_OA_RVT_TT_nldm_211120     0.072900       7     0.510300
OAI22xp5_ASAP7_75t_R asap7sc7p5t_OA_RVT_TT_nldm_211120     0.087480       1     0.087480
OAI31xp67_ASAP7_75t_R asap7sc7p5t_OA_RVT_TT_nldm_211120     0.189540       1     0.189540
OR2x2_ASAP7_75t_R  asap7sc7p5t_SIMPLE_RVT_TT_nldm_211120     0.087480       9     0.787320
OR2x4_ASAP7_75t_R  asap7sc7p5t_SIMPLE_RVT_TT_nldm_211120     0.116640       1     0.116640
XNOR2xp5_ASAP7_75t_R asap7sc7p5t_SIMPLE_RVT_TT_nldm_211120     0.131220       8     1.049760
XOR2xp5_ASAP7_75t_R asap7sc7p5t_SIMPLE_RVT_TT_nldm_211120     0.131220       4     0.524880
-----------------------------------------------------------------------------
Total 20 references                                     7.231680

****************************************
Design: fp16_add_6_DW01_sub_J10_0 
****************************************
Reference          Library       Unit Area   Count    Total Area   Attributes
-----------------------------------------------------------------------------
AND2x2_ASAP7_75t_R asap7sc7p5t_SIMPLE_RVT_TT_nldm_211120     0.087480       2     0.174960
AOI21xp5_ASAP7_75t_R asap7sc7p5t_AO_RVT_TT_nldm_211120     0.072900       3     0.218700
AOI221x1_ASAP7_75t_R asap7sc7p5t_AO_RVT_TT_nldm_211120     0.204120       1     0.204120
INVx1_ASAP7_75t_R  asap7sc7p5t_INVBUF_RVT_TT_nldm_211120     0.043740      37     1.618380
INVxp33_ASAP7_75t_R asap7sc7p5t_INVBUF_RVT_TT_nldm_211120     0.043740       1     0.043740
NAND2xp5_ASAP7_75t_R asap7sc7p5t_SIMPLE_RVT_TT_nldm_211120     0.058320      35     2.041200
NOR2x1_ASAP7_75t_R asap7sc7p5t_SIMPLE_RVT_TT_nldm_211120     0.087480       1     0.087480
NOR2x1p5_ASAP7_75t_R asap7sc7p5t_SIMPLE_RVT_TT_nldm_211120     0.116640       1     0.116640
NOR2xp33_ASAP7_75t_R asap7sc7p5t_SIMPLE_RVT_TT_nldm_211120     0.058320       4     0.233280
OA21x2_ASAP7_75t_R asap7sc7p5t_OA_RVT_TT_nldm_211120     0.102060       2     0.204120
OAI21x1_ASAP7_75t_R asap7sc7p5t_OA_RVT_TT_nldm_211120     0.116640       2     0.233280
OAI21xp5_ASAP7_75t_R asap7sc7p5t_OA_RVT_TT_nldm_211120     0.072900       2     0.145800
OAI21xp33_ASAP7_75t_R asap7sc7p5t_OA_RVT_TT_nldm_211120     0.072900       6     0.437400
XNOR2xp5_ASAP7_75t_R asap7sc7p5t_SIMPLE_RVT_TT_nldm_211120     0.131220      10     1.312200
XOR2xp5_ASAP7_75t_R asap7sc7p5t_SIMPLE_RVT_TT_nldm_211120     0.131220       5     0.656100
-----------------------------------------------------------------------------
Total 15 references                                     7.727400

****************************************
Design: fp16_add_7 
****************************************
Reference          Library       Unit Area   Count    Total Area   Attributes
-----------------------------------------------------------------------------
A2O1A1Ixp33_ASAP7_75t_R asap7sc7p5t_AO_RVT_TT_nldm_211120     0.087480      10     0.874800
AND2x2_ASAP7_75t_R asap7sc7p5t_SIMPLE_RVT_TT_nldm_211120     0.087480      12     1.049760
AND3x1_ASAP7_75t_R asap7sc7p5t_SIMPLE_RVT_TT_nldm_211120     0.087480       3     0.262440
AO21x1_ASAP7_75t_R asap7sc7p5t_AO_RVT_TT_nldm_211120     0.087480       3     0.262440
AO222x2_ASAP7_75t_R asap7sc7p5t_AO_RVT_TT_nldm_211120     0.174960       1     0.174960
AOI21x1_ASAP7_75t_R asap7sc7p5t_AO_RVT_TT_nldm_211120     0.116640       1     0.116640
AOI21xp5_ASAP7_75t_R asap7sc7p5t_AO_RVT_TT_nldm_211120     0.072900       6     0.437400
AOI21xp33_ASAP7_75t_R asap7sc7p5t_AO_RVT_TT_nldm_211120     0.072900       5     0.364500
AOI22xp5_ASAP7_75t_R asap7sc7p5t_AO_RVT_TT_nldm_211120     0.087480       8     0.699840
AOI22xp33_ASAP7_75t_R asap7sc7p5t_AO_RVT_TT_nldm_211120     0.087480      17     1.487160
AOI31xp33_ASAP7_75t_R asap7sc7p5t_AO_RVT_TT_nldm_211120     0.087480       1     0.087480
AOI32xp33_ASAP7_75t_R asap7sc7p5t_AO_RVT_TT_nldm_211120     0.102060       1     0.102060
AOI211xp5_ASAP7_75t_R asap7sc7p5t_AO_RVT_TT_nldm_211120     0.087480       3     0.262440
AOI221xp5_ASAP7_75t_R asap7sc7p5t_AO_RVT_TT_nldm_211120     0.102060       6     0.612360
AOI222xp33_ASAP7_75t_R asap7sc7p5t_AO_RVT_TT_nldm_211120     0.145800       2     0.291600
AOI321xp33_ASAP7_75t_R asap7sc7p5t_AO_RVT_TT_nldm_211120     0.116640       3     0.349920
AOI333xp33_ASAP7_75t_R asap7sc7p5t_AO_RVT_TT_nldm_211120     0.160380       1     0.160380
BUFx3_ASAP7_75t_R  asap7sc7p5t_INVBUF_RVT_TT_nldm_211120     0.087480       2     0.174960
BUFx6f_ASAP7_75t_R asap7sc7p5t_INVBUF_RVT_TT_nldm_211120     0.145800       1     0.145800
BUFx8_ASAP7_75t_R  asap7sc7p5t_INVBUF_RVT_TT_nldm_211120     0.174960       2     0.349920
DFFASRHQNx1_ASAP7_75t_R asap7sc7p5t_SEQ_RVT_TT_nldm_220123     0.379080      17     6.444360 n
FAx1_ASAP7_75t_R   asap7sc7p5t_SIMPLE_RVT_TT_nldm_211120     0.204120       3     0.612360 r
HB1xp67_ASAP7_75t_R asap7sc7p5t_INVBUF_RVT_TT_nldm_211120     0.058320       1     0.058320
INVx1_ASAP7_75t_R  asap7sc7p5t_INVBUF_RVT_TT_nldm_211120     0.043740     160     6.998400
INVx2_ASAP7_75t_R  asap7sc7p5t_INVBUF_RVT_TT_nldm_211120     0.058320      14     0.816480
INVx3_ASAP7_75t_R  asap7sc7p5t_INVBUF_RVT_TT_nldm_211120     0.072900       1     0.072900
INVx8_ASAP7_75t_R  asap7sc7p5t_INVBUF_RVT_TT_nldm_211120     0.145800       1     0.145800
INVxp33_ASAP7_75t_R asap7sc7p5t_INVBUF_RVT_TT_nldm_211120     0.043740       2     0.087480
INVxp67_ASAP7_75t_R asap7sc7p5t_INVBUF_RVT_TT_nldm_211120     0.043740       4     0.174960
NAND2x1_ASAP7_75t_R asap7sc7p5t_SIMPLE_RVT_TT_nldm_211120     0.087480       4     0.349920
NAND2x1p5_ASAP7_75t_R asap7sc7p5t_SIMPLE_RVT_TT_nldm_211120     0.116640       1     0.116640
NAND2xp5_ASAP7_75t_R asap7sc7p5t_SIMPLE_RVT_TT_nldm_211120     0.058320      94     5.482080
NAND2xp33_ASAP7_75t_R asap7sc7p5t_SIMPLE_RVT_TT_nldm_211120     0.058320       4     0.233280
NAND3x1_ASAP7_75t_R asap7sc7p5t_SIMPLE_RVT_TT_nldm_211120     0.160380       3     0.481140
NAND3xp33_ASAP7_75t_R asap7sc7p5t_SIMPLE_RVT_TT_nldm_211120     0.072900      15     1.093500
NAND4xp25_ASAP7_75t_R asap7sc7p5t_SIMPLE_RVT_TT_nldm_211120     0.087480       3     0.262440
NAND4xp75_ASAP7_75t_R asap7sc7p5t_SIMPLE_RVT_TT_nldm_211120     0.204120       1     0.204120
NAND5xp2_ASAP7_75t_R asap7sc7p5t_SIMPLE_RVT_TT_nldm_211120     0.102060       4     0.408240
NOR2x1_ASAP7_75t_R asap7sc7p5t_SIMPLE_RVT_TT_nldm_211120     0.087480       1     0.087480
NOR2xp33_ASAP7_75t_R asap7sc7p5t_SIMPLE_RVT_TT_nldm_211120     0.058320      12     0.699840
NOR3xp33_ASAP7_75t_R asap7sc7p5t_SIMPLE_RVT_TT_nldm_211120     0.072900       2     0.145800
NOR4xp25_ASAP7_75t_R asap7sc7p5t_SIMPLE_RVT_TT_nldm_211120     0.087480       2     0.174960
NOR5xp2_ASAP7_75t_R asap7sc7p5t_SIMPLE_RVT_TT_nldm_211120     0.102060       4     0.408240
O2A1O1Ixp33_ASAP7_75t_R asap7sc7p5t_OA_RVT_TT_nldm_211120     0.087480       2     0.174960
OA21x2_ASAP7_75t_R asap7sc7p5t_OA_RVT_TT_nldm_211120     0.102060       3     0.306180
OA22x2_ASAP7_75t_R asap7sc7p5t_OA_RVT_TT_nldm_211120     0.145800       2     0.291600
OA31x2_ASAP7_75t_R asap7sc7p5t_OA_RVT_TT_nldm_211120     0.218700       1     0.218700
OAI21xp5_ASAP7_75t_R asap7sc7p5t_OA_RVT_TT_nldm_211120     0.072900      22     1.603800
OAI21xp33_ASAP7_75t_R asap7sc7p5t_OA_RVT_TT_nldm_211120     0.072900      12     0.874800
OAI22x1_ASAP7_75t_R asap7sc7p5t_OA_RVT_TT_nldm_211120     0.145800       6     0.874800
OAI22xp5_ASAP7_75t_R asap7sc7p5t_OA_RVT_TT_nldm_211120     0.087480      43     3.761640
OAI22xp33_ASAP7_75t_R asap7sc7p5t_OA_RVT_TT_nldm_211120     0.087480       8     0.699840
OAI31xp33_ASAP7_75t_R asap7sc7p5t_OA_RVT_TT_nldm_211120     0.087480       3     0.262440
OAI32xp33_ASAP7_75t_R asap7sc7p5t_OA_RVT_TT_nldm_211120     0.102060       2     0.204120
OAI211xp5_ASAP7_75t_R asap7sc7p5t_OA_RVT_TT_nldm_211120     0.087480      15     1.312200
OAI221xp5_ASAP7_75t_R asap7sc7p5t_OA_RVT_TT_nldm_211120     0.102060       8     0.816480
OAI222xp33_ASAP7_75t_R asap7sc7p5t_OA_RVT_TT_nldm_211120     0.145800       5     0.729000
OAI311xp33_ASAP7_75t_R asap7sc7p5t_OA_RVT_TT_nldm_211120     0.102060       1     0.102060
OAI321xp33_ASAP7_75t_R asap7sc7p5t_OA_RVT_TT_nldm_211120     0.116640       3     0.349920
OAI331xp33_ASAP7_75t_R asap7sc7p5t_OA_RVT_TT_nldm_211120     0.131220       2     0.262440
OR2x4_ASAP7_75t_R  asap7sc7p5t_SIMPLE_RVT_TT_nldm_211120     0.116640       1     0.116640
OR4x1_ASAP7_75t_R  asap7sc7p5t_SIMPLE_RVT_TT_nldm_211120     0.102060       1     0.102060
TIEHIx1_ASAP7_75t_R asap7sc7p5t_SIMPLE_RVT_TT_nldm_211120     0.043740       1     0.043740
TIELOx1_ASAP7_75t_R asap7sc7p5t_SIMPLE_RVT_TT_nldm_211120     0.043740       1     0.043740
XNOR2xp5_ASAP7_75t_R asap7sc7p5t_SIMPLE_RVT_TT_nldm_211120     0.131220       3     0.393660
XOR2x2_ASAP7_75t_R asap7sc7p5t_SIMPLE_RVT_TT_nldm_211120     0.160380       1     0.160380
XOR2xp5_ASAP7_75t_R asap7sc7p5t_SIMPLE_RVT_TT_nldm_211120     0.131220       5     0.656100
fp16_add_7_DW01_add_J8_0          7.260840       1      7.260840  h
fp16_add_7_DW01_sub_J11_0         7.683660       1      7.683660  h
-----------------------------------------------------------------------------
Total 69 references                                    63.131400

****************************************
Design: fp16_add_7_DW01_add_J8_0 
****************************************
Reference          Library       Unit Area   Count    Total Area   Attributes
-----------------------------------------------------------------------------
AND2x2_ASAP7_75t_R asap7sc7p5t_SIMPLE_RVT_TT_nldm_211120     0.087480       4     0.349920
AOI21xp5_ASAP7_75t_R asap7sc7p5t_AO_RVT_TT_nldm_211120     0.072900       2     0.145800
AOI22xp5_ASAP7_75t_R asap7sc7p5t_AO_RVT_TT_nldm_211120     0.087480       1     0.087480
AOI31xp67_ASAP7_75t_R asap7sc7p5t_AO_RVT_TT_nldm_211120     0.189540       1     0.189540
AOI211x1_ASAP7_75t_R asap7sc7p5t_AO_RVT_TT_nldm_211120     0.174960       1     0.174960
INVx1_ASAP7_75t_R  asap7sc7p5t_INVBUF_RVT_TT_nldm_211120     0.043740      19     0.831060
NAND2xp5_ASAP7_75t_R asap7sc7p5t_SIMPLE_RVT_TT_nldm_211120     0.058320      24     1.399680
NAND3xp33_ASAP7_75t_R asap7sc7p5t_SIMPLE_RVT_TT_nldm_211120     0.072900       2     0.145800
NOR2x1_ASAP7_75t_R asap7sc7p5t_SIMPLE_RVT_TT_nldm_211120     0.087480       1     0.087480
NOR2xp33_ASAP7_75t_R asap7sc7p5t_SIMPLE_RVT_TT_nldm_211120     0.058320       5     0.291600
OA21x2_ASAP7_75t_R asap7sc7p5t_OA_RVT_TT_nldm_211120     0.102060       1     0.102060
OA31x2_ASAP7_75t_R asap7sc7p5t_OA_RVT_TT_nldm_211120     0.218700       1     0.218700
OAI21xp5_ASAP7_75t_R asap7sc7p5t_OA_RVT_TT_nldm_211120     0.072900       7     0.510300
OAI22xp5_ASAP7_75t_R asap7sc7p5t_OA_RVT_TT_nldm_211120     0.087480       1     0.087480
OAI31xp67_ASAP7_75t_R asap7sc7p5t_OA_RVT_TT_nldm_211120     0.189540       1     0.189540
OR2x2_ASAP7_75t_R  asap7sc7p5t_SIMPLE_RVT_TT_nldm_211120     0.087480      10     0.874800
XNOR2xp5_ASAP7_75t_R asap7sc7p5t_SIMPLE_RVT_TT_nldm_211120     0.131220       8     1.049760
XOR2xp5_ASAP7_75t_R asap7sc7p5t_SIMPLE_RVT_TT_nldm_211120     0.131220       4     0.524880
-----------------------------------------------------------------------------
Total 18 references                                     7.260840

****************************************
Design: fp16_add_7_DW01_sub_J11_0 
****************************************
Reference          Library       Unit Area   Count    Total Area   Attributes
-----------------------------------------------------------------------------
AND2x2_ASAP7_75t_R asap7sc7p5t_SIMPLE_RVT_TT_nldm_211120     0.087480       2     0.174960
AOI21xp5_ASAP7_75t_R asap7sc7p5t_AO_RVT_TT_nldm_211120     0.072900       2     0.145800
AOI21xp33_ASAP7_75t_R asap7sc7p5t_AO_RVT_TT_nldm_211120     0.072900       1     0.072900
AOI221x1_ASAP7_75t_R asap7sc7p5t_AO_RVT_TT_nldm_211120     0.204120       1     0.204120
INVx1_ASAP7_75t_R  asap7sc7p5t_INVBUF_RVT_TT_nldm_211120     0.043740      37     1.618380
INVxp67_ASAP7_75t_R asap7sc7p5t_INVBUF_RVT_TT_nldm_211120     0.043740       1     0.043740
NAND2x1_ASAP7_75t_R asap7sc7p5t_SIMPLE_RVT_TT_nldm_211120     0.087480       1     0.087480
NAND2xp5_ASAP7_75t_R asap7sc7p5t_SIMPLE_RVT_TT_nldm_211120     0.058320      34     1.982880
NOR2x1_ASAP7_75t_R asap7sc7p5t_SIMPLE_RVT_TT_nldm_211120     0.087480       2     0.174960
NOR2xp33_ASAP7_75t_R asap7sc7p5t_SIMPLE_RVT_TT_nldm_211120     0.058320       4     0.233280
OA21x2_ASAP7_75t_R asap7sc7p5t_OA_RVT_TT_nldm_211120     0.102060       2     0.204120
OAI21x1_ASAP7_75t_R asap7sc7p5t_OA_RVT_TT_nldm_211120     0.116640       1     0.116640
OAI21xp5_ASAP7_75t_R asap7sc7p5t_OA_RVT_TT_nldm_211120     0.072900       2     0.145800
OAI21xp33_ASAP7_75t_R asap7sc7p5t_OA_RVT_TT_nldm_211120     0.072900       7     0.510300
XNOR2xp5_ASAP7_75t_R asap7sc7p5t_SIMPLE_RVT_TT_nldm_211120     0.131220      10     1.312200
XOR2xp5_ASAP7_75t_R asap7sc7p5t_SIMPLE_RVT_TT_nldm_211120     0.131220       5     0.656100
-----------------------------------------------------------------------------
Total 16 references                                     7.683660

****************************************
Design: fp16_add_8 
****************************************
Reference          Library       Unit Area   Count    Total Area   Attributes
-----------------------------------------------------------------------------
A2O1A1Ixp33_ASAP7_75t_R asap7sc7p5t_AO_RVT_TT_nldm_211120     0.087480      10     0.874800
AND2x2_ASAP7_75t_R asap7sc7p5t_SIMPLE_RVT_TT_nldm_211120     0.087480      12     1.049760
AND3x1_ASAP7_75t_R asap7sc7p5t_SIMPLE_RVT_TT_nldm_211120     0.087480       3     0.262440
AO21x1_ASAP7_75t_R asap7sc7p5t_AO_RVT_TT_nldm_211120     0.087480       3     0.262440
AO222x2_ASAP7_75t_R asap7sc7p5t_AO_RVT_TT_nldm_211120     0.174960       1     0.174960
AOI21x1_ASAP7_75t_R asap7sc7p5t_AO_RVT_TT_nldm_211120     0.116640       1     0.116640
AOI21xp5_ASAP7_75t_R asap7sc7p5t_AO_RVT_TT_nldm_211120     0.072900       4     0.291600
AOI21xp33_ASAP7_75t_R asap7sc7p5t_AO_RVT_TT_nldm_211120     0.072900       7     0.510300
AOI22x1_ASAP7_75t_R asap7sc7p5t_AO_RVT_TT_nldm_211120     0.145800       2     0.291600
AOI22xp5_ASAP7_75t_R asap7sc7p5t_AO_RVT_TT_nldm_211120     0.087480       5     0.437400
AOI22xp33_ASAP7_75t_R asap7sc7p5t_AO_RVT_TT_nldm_211120     0.087480      18     1.574640
AOI31xp33_ASAP7_75t_R asap7sc7p5t_AO_RVT_TT_nldm_211120     0.087480       1     0.087480
AOI32xp33_ASAP7_75t_R asap7sc7p5t_AO_RVT_TT_nldm_211120     0.102060       1     0.102060
AOI211xp5_ASAP7_75t_R asap7sc7p5t_AO_RVT_TT_nldm_211120     0.087480       3     0.262440
AOI221xp5_ASAP7_75t_R asap7sc7p5t_AO_RVT_TT_nldm_211120     0.102060       6     0.612360
AOI222xp33_ASAP7_75t_R asap7sc7p5t_AO_RVT_TT_nldm_211120     0.145800       2     0.291600
AOI321xp33_ASAP7_75t_R asap7sc7p5t_AO_RVT_TT_nldm_211120     0.116640       3     0.349920
AOI333xp33_ASAP7_75t_R asap7sc7p5t_AO_RVT_TT_nldm_211120     0.160380       1     0.160380
BUFx2_ASAP7_75t_R  asap7sc7p5t_INVBUF_RVT_TT_nldm_211120     0.072900       2     0.145800
BUFx3_ASAP7_75t_R  asap7sc7p5t_INVBUF_RVT_TT_nldm_211120     0.087480       6     0.524880
BUFx8_ASAP7_75t_R  asap7sc7p5t_INVBUF_RVT_TT_nldm_211120     0.174960       2     0.349920
DFFASRHQNx1_ASAP7_75t_R asap7sc7p5t_SEQ_RVT_TT_nldm_220123     0.379080      17     6.444360 n
FAx1_ASAP7_75t_R   asap7sc7p5t_SIMPLE_RVT_TT_nldm_211120     0.204120       3     0.612360 r
INVx1_ASAP7_75t_R  asap7sc7p5t_INVBUF_RVT_TT_nldm_211120     0.043740     168     7.348320
INVx2_ASAP7_75t_R  asap7sc7p5t_INVBUF_RVT_TT_nldm_211120     0.058320       7     0.408240
INVx3_ASAP7_75t_R  asap7sc7p5t_INVBUF_RVT_TT_nldm_211120     0.072900       1     0.072900
INVx5_ASAP7_75t_R  asap7sc7p5t_INVBUF_RVT_TT_nldm_211120     0.102060       1     0.102060
INVxp33_ASAP7_75t_R asap7sc7p5t_INVBUF_RVT_TT_nldm_211120     0.043740       4     0.174960
INVxp67_ASAP7_75t_R asap7sc7p5t_INVBUF_RVT_TT_nldm_211120     0.043740       3     0.131220
NAND2x1_ASAP7_75t_R asap7sc7p5t_SIMPLE_RVT_TT_nldm_211120     0.087480       1     0.087480
NAND2x1p5_ASAP7_75t_R asap7sc7p5t_SIMPLE_RVT_TT_nldm_211120     0.116640       4     0.466560
NAND2xp5_ASAP7_75t_R asap7sc7p5t_SIMPLE_RVT_TT_nldm_211120     0.058320      98     5.715360
NAND2xp33_ASAP7_75t_R asap7sc7p5t_SIMPLE_RVT_TT_nldm_211120     0.058320       2     0.116640
NAND3x1_ASAP7_75t_R asap7sc7p5t_SIMPLE_RVT_TT_nldm_211120     0.160380       1     0.160380
NAND3xp33_ASAP7_75t_R asap7sc7p5t_SIMPLE_RVT_TT_nldm_211120     0.072900      17     1.239300
NAND4xp25_ASAP7_75t_R asap7sc7p5t_SIMPLE_RVT_TT_nldm_211120     0.087480       3     0.262440
NAND4xp75_ASAP7_75t_R asap7sc7p5t_SIMPLE_RVT_TT_nldm_211120     0.204120       1     0.204120
NAND5xp2_ASAP7_75t_R asap7sc7p5t_SIMPLE_RVT_TT_nldm_211120     0.102060       4     0.408240
NOR2x1_ASAP7_75t_R asap7sc7p5t_SIMPLE_RVT_TT_nldm_211120     0.087480       1     0.087480
NOR2xp33_ASAP7_75t_R asap7sc7p5t_SIMPLE_RVT_TT_nldm_211120     0.058320      12     0.699840
NOR3x1_ASAP7_75t_R asap7sc7p5t_SIMPLE_RVT_TT_nldm_211120     0.160380       1     0.160380
NOR3xp33_ASAP7_75t_R asap7sc7p5t_SIMPLE_RVT_TT_nldm_211120     0.072900       1     0.072900
NOR4xp25_ASAP7_75t_R asap7sc7p5t_SIMPLE_RVT_TT_nldm_211120     0.087480       2     0.174960
NOR5xp2_ASAP7_75t_R asap7sc7p5t_SIMPLE_RVT_TT_nldm_211120     0.102060       4     0.408240
O2A1O1Ixp33_ASAP7_75t_R asap7sc7p5t_OA_RVT_TT_nldm_211120     0.087480       2     0.174960
OA21x2_ASAP7_75t_R asap7sc7p5t_OA_RVT_TT_nldm_211120     0.102060       3     0.306180
OA22x2_ASAP7_75t_R asap7sc7p5t_OA_RVT_TT_nldm_211120     0.145800       2     0.291600
OA31x2_ASAP7_75t_R asap7sc7p5t_OA_RVT_TT_nldm_211120     0.218700       1     0.218700
OAI21xp5_ASAP7_75t_R asap7sc7p5t_OA_RVT_TT_nldm_211120     0.072900      24     1.749600
OAI21xp33_ASAP7_75t_R asap7sc7p5t_OA_RVT_TT_nldm_211120     0.072900       9     0.656100
OAI22x1_ASAP7_75t_R asap7sc7p5t_OA_RVT_TT_nldm_211120     0.145800       5     0.729000
OAI22xp5_ASAP7_75t_R asap7sc7p5t_OA_RVT_TT_nldm_211120     0.087480      35     3.061800
OAI22xp33_ASAP7_75t_R asap7sc7p5t_OA_RVT_TT_nldm_211120     0.087480      17     1.487160
OAI31xp33_ASAP7_75t_R asap7sc7p5t_OA_RVT_TT_nldm_211120     0.087480       3     0.262440
OAI32xp33_ASAP7_75t_R asap7sc7p5t_OA_RVT_TT_nldm_211120     0.102060       2     0.204120
OAI211xp5_ASAP7_75t_R asap7sc7p5t_OA_RVT_TT_nldm_211120     0.087480      15     1.312200
OAI221xp5_ASAP7_75t_R asap7sc7p5t_OA_RVT_TT_nldm_211120     0.102060       8     0.816480
OAI222xp33_ASAP7_75t_R asap7sc7p5t_OA_RVT_TT_nldm_211120     0.145800       5     0.729000
OAI311xp33_ASAP7_75t_R asap7sc7p5t_OA_RVT_TT_nldm_211120     0.102060       1     0.102060
OAI321xp33_ASAP7_75t_R asap7sc7p5t_OA_RVT_TT_nldm_211120     0.116640       3     0.349920
OAI331xp33_ASAP7_75t_R asap7sc7p5t_OA_RVT_TT_nldm_211120     0.131220       2     0.262440
OR2x2_ASAP7_75t_R  asap7sc7p5t_SIMPLE_RVT_TT_nldm_211120     0.087480       1     0.087480
OR4x1_ASAP7_75t_R  asap7sc7p5t_SIMPLE_RVT_TT_nldm_211120     0.102060       1     0.102060
TIEHIx1_ASAP7_75t_R asap7sc7p5t_SIMPLE_RVT_TT_nldm_211120     0.043740       1     0.043740
TIELOx1_ASAP7_75t_R asap7sc7p5t_SIMPLE_RVT_TT_nldm_211120     0.043740       1     0.043740
XNOR2xp5_ASAP7_75t_R asap7sc7p5t_SIMPLE_RVT_TT_nldm_211120     0.131220       3     0.393660
XOR2x2_ASAP7_75t_R asap7sc7p5t_SIMPLE_RVT_TT_nldm_211120     0.160380       3     0.481140
XOR2xp5_ASAP7_75t_R asap7sc7p5t_SIMPLE_RVT_TT_nldm_211120     0.131220       3     0.393660
fp16_add_8_DW01_add_2             7.231680       1      7.231680  h
fp16_add_8_DW01_sub_J12_0         7.712820       1      7.712820  h
-----------------------------------------------------------------------------
Total 70 references                                    63.495900

****************************************
Design: fp16_add_8_DW01_add_2 
****************************************
Reference          Library       Unit Area   Count    Total Area   Attributes
-----------------------------------------------------------------------------
AND2x2_ASAP7_75t_R asap7sc7p5t_SIMPLE_RVT_TT_nldm_211120     0.087480       4     0.349920
AOI21xp5_ASAP7_75t_R asap7sc7p5t_AO_RVT_TT_nldm_211120     0.072900       2     0.145800
AOI22xp5_ASAP7_75t_R asap7sc7p5t_AO_RVT_TT_nldm_211120     0.087480       1     0.087480
AOI31xp67_ASAP7_75t_R asap7sc7p5t_AO_RVT_TT_nldm_211120     0.189540       1     0.189540
AOI211xp5_ASAP7_75t_R asap7sc7p5t_AO_RVT_TT_nldm_211120     0.087480       1     0.087480
INVx1_ASAP7_75t_R  asap7sc7p5t_INVBUF_RVT_TT_nldm_211120     0.043740      19     0.831060
NAND2xp5_ASAP7_75t_R asap7sc7p5t_SIMPLE_RVT_TT_nldm_211120     0.058320      23     1.341360
NAND2xp33_ASAP7_75t_R asap7sc7p5t_SIMPLE_RVT_TT_nldm_211120     0.058320       1     0.058320
NAND3xp33_ASAP7_75t_R asap7sc7p5t_SIMPLE_RVT_TT_nldm_211120     0.072900       2     0.145800
NOR2x1_ASAP7_75t_R asap7sc7p5t_SIMPLE_RVT_TT_nldm_211120     0.087480       2     0.174960
NOR2xp33_ASAP7_75t_R asap7sc7p5t_SIMPLE_RVT_TT_nldm_211120     0.058320       4     0.233280
OA21x2_ASAP7_75t_R asap7sc7p5t_OA_RVT_TT_nldm_211120     0.102060       1     0.102060
OA31x2_ASAP7_75t_R asap7sc7p5t_OA_RVT_TT_nldm_211120     0.218700       1     0.218700
OAI21xp5_ASAP7_75t_R asap7sc7p5t_OA_RVT_TT_nldm_211120     0.072900       7     0.510300
OAI22xp5_ASAP7_75t_R asap7sc7p5t_OA_RVT_TT_nldm_211120     0.087480       1     0.087480
OAI31xp67_ASAP7_75t_R asap7sc7p5t_OA_RVT_TT_nldm_211120     0.189540       1     0.189540
OR2x2_ASAP7_75t_R  asap7sc7p5t_SIMPLE_RVT_TT_nldm_211120     0.087480       9     0.787320
OR2x4_ASAP7_75t_R  asap7sc7p5t_SIMPLE_RVT_TT_nldm_211120     0.116640       1     0.116640
XNOR2xp5_ASAP7_75t_R asap7sc7p5t_SIMPLE_RVT_TT_nldm_211120     0.131220       8     1.049760
XOR2xp5_ASAP7_75t_R asap7sc7p5t_SIMPLE_RVT_TT_nldm_211120     0.131220       4     0.524880
-----------------------------------------------------------------------------
Total 20 references                                     7.231680

****************************************
Design: fp16_add_8_DW01_sub_J12_0 
****************************************
Reference          Library       Unit Area   Count    Total Area   Attributes
-----------------------------------------------------------------------------
AND2x2_ASAP7_75t_R asap7sc7p5t_SIMPLE_RVT_TT_nldm_211120     0.087480       2     0.174960
AOI21xp5_ASAP7_75t_R asap7sc7p5t_AO_RVT_TT_nldm_211120     0.072900       1     0.072900
AOI21xp33_ASAP7_75t_R asap7sc7p5t_AO_RVT_TT_nldm_211120     0.072900       2     0.145800
AOI221x1_ASAP7_75t_R asap7sc7p5t_AO_RVT_TT_nldm_211120     0.204120       1     0.204120
INVx1_ASAP7_75t_R  asap7sc7p5t_INVBUF_RVT_TT_nldm_211120     0.043740      35     1.530900
INVxp33_ASAP7_75t_R asap7sc7p5t_INVBUF_RVT_TT_nldm_211120     0.043740       1     0.043740
INVxp67_ASAP7_75t_R asap7sc7p5t_INVBUF_RVT_TT_nldm_211120     0.043740       2     0.087480
NAND2x1p5_ASAP7_75t_R asap7sc7p5t_SIMPLE_RVT_TT_nldm_211120     0.116640       1     0.116640
NAND2xp5_ASAP7_75t_R asap7sc7p5t_SIMPLE_RVT_TT_nldm_211120     0.058320      34     1.982880
NOR2x1_ASAP7_75t_R asap7sc7p5t_SIMPLE_RVT_TT_nldm_211120     0.087480       2     0.174960
NOR2xp33_ASAP7_75t_R asap7sc7p5t_SIMPLE_RVT_TT_nldm_211120     0.058320       4     0.233280
OA21x2_ASAP7_75t_R asap7sc7p5t_OA_RVT_TT_nldm_211120     0.102060       2     0.204120
OAI21x1_ASAP7_75t_R asap7sc7p5t_OA_RVT_TT_nldm_211120     0.116640       1     0.116640
OAI21xp5_ASAP7_75t_R asap7sc7p5t_OA_RVT_TT_nldm_211120     0.072900       3     0.218700
OAI21xp33_ASAP7_75t_R asap7sc7p5t_OA_RVT_TT_nldm_211120     0.072900       6     0.437400
XNOR2xp5_ASAP7_75t_R asap7sc7p5t_SIMPLE_RVT_TT_nldm_211120     0.131220      10     1.312200
XOR2xp5_ASAP7_75t_R asap7sc7p5t_SIMPLE_RVT_TT_nldm_211120     0.131220       5     0.656100
-----------------------------------------------------------------------------
Total 17 references                                     7.712820

****************************************
Design: fp16_add_9 
****************************************
Reference          Library       Unit Area   Count    Total Area   Attributes
-----------------------------------------------------------------------------
A2O1A1Ixp33_ASAP7_75t_R asap7sc7p5t_AO_RVT_TT_nldm_211120     0.087480      10     0.874800
AND2x2_ASAP7_75t_R asap7sc7p5t_SIMPLE_RVT_TT_nldm_211120     0.087480      11     0.962280
AND3x1_ASAP7_75t_R asap7sc7p5t_SIMPLE_RVT_TT_nldm_211120     0.087480       2     0.174960
AO21x1_ASAP7_75t_R asap7sc7p5t_AO_RVT_TT_nldm_211120     0.087480       3     0.262440
AO222x2_ASAP7_75t_R asap7sc7p5t_AO_RVT_TT_nldm_211120     0.174960       1     0.174960
AOI21xp5_ASAP7_75t_R asap7sc7p5t_AO_RVT_TT_nldm_211120     0.072900       7     0.510300
AOI21xp33_ASAP7_75t_R asap7sc7p5t_AO_RVT_TT_nldm_211120     0.072900       5     0.364500
AOI22xp5_ASAP7_75t_R asap7sc7p5t_AO_RVT_TT_nldm_211120     0.087480       8     0.699840
AOI22xp33_ASAP7_75t_R asap7sc7p5t_AO_RVT_TT_nldm_211120     0.087480      17     1.487160
AOI31xp67_ASAP7_75t_R asap7sc7p5t_AO_RVT_TT_nldm_211120     0.189540       1     0.189540
AOI32xp33_ASAP7_75t_R asap7sc7p5t_AO_RVT_TT_nldm_211120     0.102060       1     0.102060
AOI211xp5_ASAP7_75t_R asap7sc7p5t_AO_RVT_TT_nldm_211120     0.087480       3     0.262440
AOI221xp5_ASAP7_75t_R asap7sc7p5t_AO_RVT_TT_nldm_211120     0.102060       6     0.612360
AOI222xp33_ASAP7_75t_R asap7sc7p5t_AO_RVT_TT_nldm_211120     0.145800       2     0.291600
AOI321xp33_ASAP7_75t_R asap7sc7p5t_AO_RVT_TT_nldm_211120     0.116640       3     0.349920
AOI333xp33_ASAP7_75t_R asap7sc7p5t_AO_RVT_TT_nldm_211120     0.160380       1     0.160380
BUFx2_ASAP7_75t_R  asap7sc7p5t_INVBUF_RVT_TT_nldm_211120     0.072900       2     0.145800
BUFx3_ASAP7_75t_R  asap7sc7p5t_INVBUF_RVT_TT_nldm_211120     0.087480       8     0.699840
BUFx8_ASAP7_75t_R  asap7sc7p5t_INVBUF_RVT_TT_nldm_211120     0.174960       2     0.349920
DFFASRHQNx1_ASAP7_75t_R asap7sc7p5t_SEQ_RVT_TT_nldm_220123     0.379080      17     6.444360 n
FAx1_ASAP7_75t_R   asap7sc7p5t_SIMPLE_RVT_TT_nldm_211120     0.204120       3     0.612360 r
INVx1_ASAP7_75t_R  asap7sc7p5t_INVBUF_RVT_TT_nldm_211120     0.043740     167     7.304580
INVx2_ASAP7_75t_R  asap7sc7p5t_INVBUF_RVT_TT_nldm_211120     0.058320       9     0.524880
INVx3_ASAP7_75t_R  asap7sc7p5t_INVBUF_RVT_TT_nldm_211120     0.072900       3     0.218700
INVx6_ASAP7_75t_R  asap7sc7p5t_INVBUF_RVT_TT_nldm_211120     0.116640       1     0.116640
INVxp33_ASAP7_75t_R asap7sc7p5t_INVBUF_RVT_TT_nldm_211120     0.043740       1     0.043740
INVxp67_ASAP7_75t_R asap7sc7p5t_INVBUF_RVT_TT_nldm_211120     0.043740       3     0.131220
NAND2x1_ASAP7_75t_R asap7sc7p5t_SIMPLE_RVT_TT_nldm_211120     0.087480       1     0.087480
NAND2x1p5_ASAP7_75t_R asap7sc7p5t_SIMPLE_RVT_TT_nldm_211120     0.116640       4     0.466560
NAND2xp5_ASAP7_75t_R asap7sc7p5t_SIMPLE_RVT_TT_nldm_211120     0.058320      92     5.365440
NAND2xp33_ASAP7_75t_R asap7sc7p5t_SIMPLE_RVT_TT_nldm_211120     0.058320       7     0.408240
NAND3xp33_ASAP7_75t_R asap7sc7p5t_SIMPLE_RVT_TT_nldm_211120     0.072900      20     1.458000
NAND4xp25_ASAP7_75t_R asap7sc7p5t_SIMPLE_RVT_TT_nldm_211120     0.087480       3     0.262440
NAND4xp75_ASAP7_75t_R asap7sc7p5t_SIMPLE_RVT_TT_nldm_211120     0.204120       1     0.204120
NAND5xp2_ASAP7_75t_R asap7sc7p5t_SIMPLE_RVT_TT_nldm_211120     0.102060       4     0.408240
NOR2xp33_ASAP7_75t_R asap7sc7p5t_SIMPLE_RVT_TT_nldm_211120     0.058320      13     0.758160
NOR3x1_ASAP7_75t_R asap7sc7p5t_SIMPLE_RVT_TT_nldm_211120     0.160380       1     0.160380
NOR3xp33_ASAP7_75t_R asap7sc7p5t_SIMPLE_RVT_TT_nldm_211120     0.072900       1     0.072900
NOR4xp25_ASAP7_75t_R asap7sc7p5t_SIMPLE_RVT_TT_nldm_211120     0.087480       2     0.174960
NOR5xp2_ASAP7_75t_R asap7sc7p5t_SIMPLE_RVT_TT_nldm_211120     0.102060       4     0.408240
O2A1O1Ixp33_ASAP7_75t_R asap7sc7p5t_OA_RVT_TT_nldm_211120     0.087480       2     0.174960
OA21x2_ASAP7_75t_R asap7sc7p5t_OA_RVT_TT_nldm_211120     0.102060       3     0.306180
OA22x2_ASAP7_75t_R asap7sc7p5t_OA_RVT_TT_nldm_211120     0.145800       2     0.291600
OA31x2_ASAP7_75t_R asap7sc7p5t_OA_RVT_TT_nldm_211120     0.218700       1     0.218700
OAI21x1_ASAP7_75t_R asap7sc7p5t_OA_RVT_TT_nldm_211120     0.116640       1     0.116640
OAI21xp5_ASAP7_75t_R asap7sc7p5t_OA_RVT_TT_nldm_211120     0.072900      25     1.822500
OAI21xp33_ASAP7_75t_R asap7sc7p5t_OA_RVT_TT_nldm_211120     0.072900       8     0.583200
OAI22x1_ASAP7_75t_R asap7sc7p5t_OA_RVT_TT_nldm_211120     0.145800       8     1.166400
OAI22xp5_ASAP7_75t_R asap7sc7p5t_OA_RVT_TT_nldm_211120     0.087480      39     3.411720
OAI22xp33_ASAP7_75t_R asap7sc7p5t_OA_RVT_TT_nldm_211120     0.087480      10     0.874800
OAI31xp33_ASAP7_75t_R asap7sc7p5t_OA_RVT_TT_nldm_211120     0.087480       3     0.262440
OAI32xp33_ASAP7_75t_R asap7sc7p5t_OA_RVT_TT_nldm_211120     0.102060       2     0.204120
OAI211xp5_ASAP7_75t_R asap7sc7p5t_OA_RVT_TT_nldm_211120     0.087480      15     1.312200
OAI221xp5_ASAP7_75t_R asap7sc7p5t_OA_RVT_TT_nldm_211120     0.102060       7     0.714420
OAI222xp33_ASAP7_75t_R asap7sc7p5t_OA_RVT_TT_nldm_211120     0.145800       5     0.729000
OAI311xp33_ASAP7_75t_R asap7sc7p5t_OA_RVT_TT_nldm_211120     0.102060       1     0.102060
OAI321xp33_ASAP7_75t_R asap7sc7p5t_OA_RVT_TT_nldm_211120     0.116640       3     0.349920
OAI331xp33_ASAP7_75t_R asap7sc7p5t_OA_RVT_TT_nldm_211120     0.131220       2     0.262440
OR2x2_ASAP7_75t_R  asap7sc7p5t_SIMPLE_RVT_TT_nldm_211120     0.087480       2     0.174960
OR2x4_ASAP7_75t_R  asap7sc7p5t_SIMPLE_RVT_TT_nldm_211120     0.116640       1     0.116640
OR4x1_ASAP7_75t_R  asap7sc7p5t_SIMPLE_RVT_TT_nldm_211120     0.102060       1     0.102060
TIEHIx1_ASAP7_75t_R asap7sc7p5t_SIMPLE_RVT_TT_nldm_211120     0.043740       1     0.043740
TIELOx1_ASAP7_75t_R asap7sc7p5t_SIMPLE_RVT_TT_nldm_211120     0.043740       1     0.043740
XNOR2xp5_ASAP7_75t_R asap7sc7p5t_SIMPLE_RVT_TT_nldm_211120     0.131220       3     0.393660
XOR2x2_ASAP7_75t_R asap7sc7p5t_SIMPLE_RVT_TT_nldm_211120     0.160380       2     0.320760
XOR2xp5_ASAP7_75t_R asap7sc7p5t_SIMPLE_RVT_TT_nldm_211120     0.131220       4     0.524880
fp16_add_9_DW01_add_J7_0          7.231680       1      7.231680  h
fp16_add_9_DW01_sub_4             7.581600       1      7.581600  h
-----------------------------------------------------------------------------
Total 68 references                                    63.743760

****************************************
Design: fp16_add_9_DW01_add_J7_0 
****************************************
Reference          Library       Unit Area   Count    Total Area   Attributes
-----------------------------------------------------------------------------
AND2x2_ASAP7_75t_R asap7sc7p5t_SIMPLE_RVT_TT_nldm_211120     0.087480       4     0.349920
AOI21xp5_ASAP7_75t_R asap7sc7p5t_AO_RVT_TT_nldm_211120     0.072900       2     0.145800
AOI22xp5_ASAP7_75t_R asap7sc7p5t_AO_RVT_TT_nldm_211120     0.087480       1     0.087480
AOI31xp67_ASAP7_75t_R asap7sc7p5t_AO_RVT_TT_nldm_211120     0.189540       1     0.189540
AOI211xp5_ASAP7_75t_R asap7sc7p5t_AO_RVT_TT_nldm_211120     0.087480       1     0.087480
INVx1_ASAP7_75t_R  asap7sc7p5t_INVBUF_RVT_TT_nldm_211120     0.043740      19     0.831060
NAND2xp5_ASAP7_75t_R asap7sc7p5t_SIMPLE_RVT_TT_nldm_211120     0.058320      23     1.341360
NAND2xp33_ASAP7_75t_R asap7sc7p5t_SIMPLE_RVT_TT_nldm_211120     0.058320       1     0.058320
NAND3xp33_ASAP7_75t_R asap7sc7p5t_SIMPLE_RVT_TT_nldm_211120     0.072900       2     0.145800
NOR2x1_ASAP7_75t_R asap7sc7p5t_SIMPLE_RVT_TT_nldm_211120     0.087480       2     0.174960
NOR2xp33_ASAP7_75t_R asap7sc7p5t_SIMPLE_RVT_TT_nldm_211120     0.058320       4     0.233280
OA21x2_ASAP7_75t_R asap7sc7p5t_OA_RVT_TT_nldm_211120     0.102060       1     0.102060
OA31x2_ASAP7_75t_R asap7sc7p5t_OA_RVT_TT_nldm_211120     0.218700       1     0.218700
OAI21xp5_ASAP7_75t_R asap7sc7p5t_OA_RVT_TT_nldm_211120     0.072900       7     0.510300
OAI22xp5_ASAP7_75t_R asap7sc7p5t_OA_RVT_TT_nldm_211120     0.087480       1     0.087480
OAI31xp67_ASAP7_75t_R asap7sc7p5t_OA_RVT_TT_nldm_211120     0.189540       1     0.189540
OR2x2_ASAP7_75t_R  asap7sc7p5t_SIMPLE_RVT_TT_nldm_211120     0.087480       9     0.787320
OR2x4_ASAP7_75t_R  asap7sc7p5t_SIMPLE_RVT_TT_nldm_211120     0.116640       1     0.116640
XNOR2xp5_ASAP7_75t_R asap7sc7p5t_SIMPLE_RVT_TT_nldm_211120     0.131220       8     1.049760
XOR2xp5_ASAP7_75t_R asap7sc7p5t_SIMPLE_RVT_TT_nldm_211120     0.131220       4     0.524880
-----------------------------------------------------------------------------
Total 20 references                                     7.231680

****************************************
Design: fp16_add_9_DW01_sub_4 
****************************************
Reference          Library       Unit Area   Count    Total Area   Attributes
-----------------------------------------------------------------------------
AND2x2_ASAP7_75t_R asap7sc7p5t_SIMPLE_RVT_TT_nldm_211120     0.087480       2     0.174960
AOI21xp5_ASAP7_75t_R asap7sc7p5t_AO_RVT_TT_nldm_211120     0.072900       2     0.145800
AOI21xp33_ASAP7_75t_R asap7sc7p5t_AO_RVT_TT_nldm_211120     0.072900       1     0.072900
AOI221x1_ASAP7_75t_R asap7sc7p5t_AO_RVT_TT_nldm_211120     0.204120       1     0.204120
INVx1_ASAP7_75t_R  asap7sc7p5t_INVBUF_RVT_TT_nldm_211120     0.043740      36     1.574640
INVxp67_ASAP7_75t_R asap7sc7p5t_INVBUF_RVT_TT_nldm_211120     0.043740       2     0.087480
NAND2xp5_ASAP7_75t_R asap7sc7p5t_SIMPLE_RVT_TT_nldm_211120     0.058320      35     2.041200
NOR2x1_ASAP7_75t_R asap7sc7p5t_SIMPLE_RVT_TT_nldm_211120     0.087480       1     0.087480
NOR2xp33_ASAP7_75t_R asap7sc7p5t_SIMPLE_RVT_TT_nldm_211120     0.058320       5     0.291600
OA21x2_ASAP7_75t_R asap7sc7p5t_OA_RVT_TT_nldm_211120     0.102060       2     0.204120
OAI21xp5_ASAP7_75t_R asap7sc7p5t_OA_RVT_TT_nldm_211120     0.072900       6     0.437400
OAI21xp33_ASAP7_75t_R asap7sc7p5t_OA_RVT_TT_nldm_211120     0.072900       4     0.291600
XNOR2xp5_ASAP7_75t_R asap7sc7p5t_SIMPLE_RVT_TT_nldm_211120     0.131220      10     1.312200
XOR2xp5_ASAP7_75t_R asap7sc7p5t_SIMPLE_RVT_TT_nldm_211120     0.131220       5     0.656100
-----------------------------------------------------------------------------
Total 14 references                                     7.581600

****************************************
Design: fp16_add_10 
****************************************
Reference          Library       Unit Area   Count    Total Area   Attributes
-----------------------------------------------------------------------------
A2O1A1Ixp33_ASAP7_75t_R asap7sc7p5t_AO_RVT_TT_nldm_211120     0.087480      10     0.874800
AND2x2_ASAP7_75t_R asap7sc7p5t_SIMPLE_RVT_TT_nldm_211120     0.087480      12     1.049760
AND3x1_ASAP7_75t_R asap7sc7p5t_SIMPLE_RVT_TT_nldm_211120     0.087480       3     0.262440
AO21x1_ASAP7_75t_R asap7sc7p5t_AO_RVT_TT_nldm_211120     0.087480       3     0.262440
AO222x2_ASAP7_75t_R asap7sc7p5t_AO_RVT_TT_nldm_211120     0.174960       1     0.174960
AOI21x1_ASAP7_75t_R asap7sc7p5t_AO_RVT_TT_nldm_211120     0.116640       1     0.116640
AOI21xp5_ASAP7_75t_R asap7sc7p5t_AO_RVT_TT_nldm_211120     0.072900       5     0.364500
AOI21xp33_ASAP7_75t_R asap7sc7p5t_AO_RVT_TT_nldm_211120     0.072900       6     0.437400
AOI22xp5_ASAP7_75t_R asap7sc7p5t_AO_RVT_TT_nldm_211120     0.087480      10     0.874800
AOI22xp33_ASAP7_75t_R asap7sc7p5t_AO_RVT_TT_nldm_211120     0.087480      15     1.312200
AOI31xp33_ASAP7_75t_R asap7sc7p5t_AO_RVT_TT_nldm_211120     0.087480       1     0.087480
AOI32xp33_ASAP7_75t_R asap7sc7p5t_AO_RVT_TT_nldm_211120     0.102060       1     0.102060
AOI211xp5_ASAP7_75t_R asap7sc7p5t_AO_RVT_TT_nldm_211120     0.087480       3     0.262440
AOI221xp5_ASAP7_75t_R asap7sc7p5t_AO_RVT_TT_nldm_211120     0.102060       6     0.612360
AOI222xp33_ASAP7_75t_R asap7sc7p5t_AO_RVT_TT_nldm_211120     0.145800       2     0.291600
AOI321xp33_ASAP7_75t_R asap7sc7p5t_AO_RVT_TT_nldm_211120     0.116640       3     0.349920
AOI333xp33_ASAP7_75t_R asap7sc7p5t_AO_RVT_TT_nldm_211120     0.160380       1     0.160380
BUFx2_ASAP7_75t_R  asap7sc7p5t_INVBUF_RVT_TT_nldm_211120     0.072900       1     0.072900
BUFx3_ASAP7_75t_R  asap7sc7p5t_INVBUF_RVT_TT_nldm_211120     0.087480       4     0.349920
BUFx8_ASAP7_75t_R  asap7sc7p5t_INVBUF_RVT_TT_nldm_211120     0.174960       2     0.349920
DFFASRHQNx1_ASAP7_75t_R asap7sc7p5t_SEQ_RVT_TT_nldm_220123     0.379080      17     6.444360 n
FAx1_ASAP7_75t_R   asap7sc7p5t_SIMPLE_RVT_TT_nldm_211120     0.204120       3     0.612360 r
INVx1_ASAP7_75t_R  asap7sc7p5t_INVBUF_RVT_TT_nldm_211120     0.043740     160     6.998400
INVx2_ASAP7_75t_R  asap7sc7p5t_INVBUF_RVT_TT_nldm_211120     0.058320      15     0.874800
INVx3_ASAP7_75t_R  asap7sc7p5t_INVBUF_RVT_TT_nldm_211120     0.072900       3     0.218700
INVx6_ASAP7_75t_R  asap7sc7p5t_INVBUF_RVT_TT_nldm_211120     0.116640       1     0.116640
INVxp33_ASAP7_75t_R asap7sc7p5t_INVBUF_RVT_TT_nldm_211120     0.043740       2     0.087480
INVxp67_ASAP7_75t_R asap7sc7p5t_INVBUF_RVT_TT_nldm_211120     0.043740       7     0.306180
NAND2x1_ASAP7_75t_R asap7sc7p5t_SIMPLE_RVT_TT_nldm_211120     0.087480       4     0.349920
NAND2x1p5_ASAP7_75t_R asap7sc7p5t_SIMPLE_RVT_TT_nldm_211120     0.116640       4     0.466560
NAND2xp5_ASAP7_75t_R asap7sc7p5t_SIMPLE_RVT_TT_nldm_211120     0.058320      91     5.307120
NAND2xp33_ASAP7_75t_R asap7sc7p5t_SIMPLE_RVT_TT_nldm_211120     0.058320       3     0.174960
NAND2xp67_ASAP7_75t_R asap7sc7p5t_SIMPLE_RVT_TT_nldm_211120     0.087480       1     0.087480
NAND3xp33_ASAP7_75t_R asap7sc7p5t_SIMPLE_RVT_TT_nldm_211120     0.072900      18     1.312200
NAND4xp25_ASAP7_75t_R asap7sc7p5t_SIMPLE_RVT_TT_nldm_211120     0.087480       2     0.174960
NAND4xp75_ASAP7_75t_R asap7sc7p5t_SIMPLE_RVT_TT_nldm_211120     0.204120       2     0.408240
NAND5xp2_ASAP7_75t_R asap7sc7p5t_SIMPLE_RVT_TT_nldm_211120     0.102060       4     0.408240
NOR2x1_ASAP7_75t_R asap7sc7p5t_SIMPLE_RVT_TT_nldm_211120     0.087480       3     0.262440
NOR2xp33_ASAP7_75t_R asap7sc7p5t_SIMPLE_RVT_TT_nldm_211120     0.058320      10     0.583200
NOR3x1_ASAP7_75t_R asap7sc7p5t_SIMPLE_RVT_TT_nldm_211120     0.160380       1     0.160380
NOR3xp33_ASAP7_75t_R asap7sc7p5t_SIMPLE_RVT_TT_nldm_211120     0.072900       1     0.072900
NOR4xp25_ASAP7_75t_R asap7sc7p5t_SIMPLE_RVT_TT_nldm_211120     0.087480       2     0.174960
NOR5xp2_ASAP7_75t_R asap7sc7p5t_SIMPLE_RVT_TT_nldm_211120     0.102060       4     0.408240
O2A1O1Ixp33_ASAP7_75t_R asap7sc7p5t_OA_RVT_TT_nldm_211120     0.087480       2     0.174960
OA21x2_ASAP7_75t_R asap7sc7p5t_OA_RVT_TT_nldm_211120     0.102060       3     0.306180
OA22x2_ASAP7_75t_R asap7sc7p5t_OA_RVT_TT_nldm_211120     0.145800       2     0.291600
OA31x2_ASAP7_75t_R asap7sc7p5t_OA_RVT_TT_nldm_211120     0.218700       1     0.218700
OAI21xp5_ASAP7_75t_R asap7sc7p5t_OA_RVT_TT_nldm_211120     0.072900      26     1.895400
OAI21xp33_ASAP7_75t_R asap7sc7p5t_OA_RVT_TT_nldm_211120     0.072900       8     0.583200
OAI22x1_ASAP7_75t_R asap7sc7p5t_OA_RVT_TT_nldm_211120     0.145800       7     1.020600
OAI22xp5_ASAP7_75t_R asap7sc7p5t_OA_RVT_TT_nldm_211120     0.087480      41     3.586680
OAI22xp33_ASAP7_75t_R asap7sc7p5t_OA_RVT_TT_nldm_211120     0.087480       9     0.787320
OAI31xp33_ASAP7_75t_R asap7sc7p5t_OA_RVT_TT_nldm_211120     0.087480       3     0.262440
OAI32xp33_ASAP7_75t_R asap7sc7p5t_OA_RVT_TT_nldm_211120     0.102060       2     0.204120
OAI211xp5_ASAP7_75t_R asap7sc7p5t_OA_RVT_TT_nldm_211120     0.087480      15     1.312200
OAI221xp5_ASAP7_75t_R asap7sc7p5t_OA_RVT_TT_nldm_211120     0.102060       8     0.816480
OAI222xp33_ASAP7_75t_R asap7sc7p5t_OA_RVT_TT_nldm_211120     0.145800       5     0.729000
OAI311xp33_ASAP7_75t_R asap7sc7p5t_OA_RVT_TT_nldm_211120     0.102060       1     0.102060
OAI321xp33_ASAP7_75t_R asap7sc7p5t_OA_RVT_TT_nldm_211120     0.116640       3     0.349920
OAI331xp33_ASAP7_75t_R asap7sc7p5t_OA_RVT_TT_nldm_211120     0.131220       2     0.262440
OR2x4_ASAP7_75t_R  asap7sc7p5t_SIMPLE_RVT_TT_nldm_211120     0.116640       1     0.116640
OR4x1_ASAP7_75t_R  asap7sc7p5t_SIMPLE_RVT_TT_nldm_211120     0.102060       1     0.102060
TIEHIx1_ASAP7_75t_R asap7sc7p5t_SIMPLE_RVT_TT_nldm_211120     0.043740       1     0.043740
TIELOx1_ASAP7_75t_R asap7sc7p5t_SIMPLE_RVT_TT_nldm_211120     0.043740       1     0.043740
XNOR2xp5_ASAP7_75t_R asap7sc7p5t_SIMPLE_RVT_TT_nldm_211120     0.131220       3     0.393660
XOR2x2_ASAP7_75t_R asap7sc7p5t_SIMPLE_RVT_TT_nldm_211120     0.160380       1     0.160380
XOR2xp5_ASAP7_75t_R asap7sc7p5t_SIMPLE_RVT_TT_nldm_211120     0.131220       5     0.656100
fp16_add_10_DW01_add_J9_0         7.202520       1      7.202520  h
fp16_add_10_DW01_sub_J10_0        7.596180       1      7.596180  h
-----------------------------------------------------------------------------
Total 69 references                                    63.597960

****************************************
Design: fp16_add_10_DW01_add_J9_0 
****************************************
Reference          Library       Unit Area   Count    Total Area   Attributes
-----------------------------------------------------------------------------
AND2x2_ASAP7_75t_R asap7sc7p5t_SIMPLE_RVT_TT_nldm_211120     0.087480       4     0.349920
AOI21xp5_ASAP7_75t_R asap7sc7p5t_AO_RVT_TT_nldm_211120     0.072900       2     0.145800
AOI22xp5_ASAP7_75t_R asap7sc7p5t_AO_RVT_TT_nldm_211120     0.087480       1     0.087480
AOI31xp67_ASAP7_75t_R asap7sc7p5t_AO_RVT_TT_nldm_211120     0.189540       1     0.189540
AOI211xp5_ASAP7_75t_R asap7sc7p5t_AO_RVT_TT_nldm_211120     0.087480       1     0.087480
INVx1_ASAP7_75t_R  asap7sc7p5t_INVBUF_RVT_TT_nldm_211120     0.043740      19     0.831060
NAND2xp5_ASAP7_75t_R asap7sc7p5t_SIMPLE_RVT_TT_nldm_211120     0.058320      23     1.341360
NAND2xp33_ASAP7_75t_R asap7sc7p5t_SIMPLE_RVT_TT_nldm_211120     0.058320       1     0.058320
NAND3xp33_ASAP7_75t_R asap7sc7p5t_SIMPLE_RVT_TT_nldm_211120     0.072900       2     0.145800
NOR2x1_ASAP7_75t_R asap7sc7p5t_SIMPLE_RVT_TT_nldm_211120     0.087480       1     0.087480
NOR2xp33_ASAP7_75t_R asap7sc7p5t_SIMPLE_RVT_TT_nldm_211120     0.058320       5     0.291600
OA21x2_ASAP7_75t_R asap7sc7p5t_OA_RVT_TT_nldm_211120     0.102060       1     0.102060
OA31x2_ASAP7_75t_R asap7sc7p5t_OA_RVT_TT_nldm_211120     0.218700       1     0.218700
OAI21xp5_ASAP7_75t_R asap7sc7p5t_OA_RVT_TT_nldm_211120     0.072900       7     0.510300
OAI22xp5_ASAP7_75t_R asap7sc7p5t_OA_RVT_TT_nldm_211120     0.087480       1     0.087480
OAI31xp67_ASAP7_75t_R asap7sc7p5t_OA_RVT_TT_nldm_211120     0.189540       1     0.189540
OR2x2_ASAP7_75t_R  asap7sc7p5t_SIMPLE_RVT_TT_nldm_211120     0.087480       9     0.787320
OR2x4_ASAP7_75t_R  asap7sc7p5t_SIMPLE_RVT_TT_nldm_211120     0.116640       1     0.116640
XNOR2xp5_ASAP7_75t_R asap7sc7p5t_SIMPLE_RVT_TT_nldm_211120     0.131220       8     1.049760
XOR2xp5_ASAP7_75t_R asap7sc7p5t_SIMPLE_RVT_TT_nldm_211120     0.131220       4     0.524880
-----------------------------------------------------------------------------
Total 20 references                                     7.202520

****************************************
Design: fp16_add_10_DW01_sub_J10_0 
****************************************
Reference          Library       Unit Area   Count    Total Area   Attributes
-----------------------------------------------------------------------------
AND2x2_ASAP7_75t_R asap7sc7p5t_SIMPLE_RVT_TT_nldm_211120     0.087480       2     0.174960
AOI21xp5_ASAP7_75t_R asap7sc7p5t_AO_RVT_TT_nldm_211120     0.072900       2     0.145800
AOI21xp33_ASAP7_75t_R asap7sc7p5t_AO_RVT_TT_nldm_211120     0.072900       1     0.072900
AOI221x1_ASAP7_75t_R asap7sc7p5t_AO_RVT_TT_nldm_211120     0.204120       1     0.204120
INVx1_ASAP7_75t_R  asap7sc7p5t_INVBUF_RVT_TT_nldm_211120     0.043740      36     1.574640
INVxp33_ASAP7_75t_R asap7sc7p5t_INVBUF_RVT_TT_nldm_211120     0.043740       1     0.043740
INVxp67_ASAP7_75t_R asap7sc7p5t_INVBUF_RVT_TT_nldm_211120     0.043740       1     0.043740
NAND2xp5_ASAP7_75t_R asap7sc7p5t_SIMPLE_RVT_TT_nldm_211120     0.058320      35     2.041200
NOR2xp33_ASAP7_75t_R asap7sc7p5t_SIMPLE_RVT_TT_nldm_211120     0.058320       6     0.349920
OA21x2_ASAP7_75t_R asap7sc7p5t_OA_RVT_TT_nldm_211120     0.102060       2     0.204120
OAI21x1_ASAP7_75t_R asap7sc7p5t_OA_RVT_TT_nldm_211120     0.116640       1     0.116640
OAI21xp5_ASAP7_75t_R asap7sc7p5t_OA_RVT_TT_nldm_211120     0.072900       3     0.218700
OAI21xp33_ASAP7_75t_R asap7sc7p5t_OA_RVT_TT_nldm_211120     0.072900       6     0.437400
XNOR2xp5_ASAP7_75t_R asap7sc7p5t_SIMPLE_RVT_TT_nldm_211120     0.131220      10     1.312200
XOR2xp5_ASAP7_75t_R asap7sc7p5t_SIMPLE_RVT_TT_nldm_211120     0.131220       5     0.656100
-----------------------------------------------------------------------------
Total 15 references                                     7.596180

****************************************
Design: fp16_add_11 
****************************************
Reference          Library       Unit Area   Count    Total Area   Attributes
-----------------------------------------------------------------------------
A2O1A1Ixp33_ASAP7_75t_R asap7sc7p5t_AO_RVT_TT_nldm_211120     0.087480      10     0.874800
AND2x2_ASAP7_75t_R asap7sc7p5t_SIMPLE_RVT_TT_nldm_211120     0.087480      13     1.137240
AND3x1_ASAP7_75t_R asap7sc7p5t_SIMPLE_RVT_TT_nldm_211120     0.087480       3     0.262440
AO21x1_ASAP7_75t_R asap7sc7p5t_AO_RVT_TT_nldm_211120     0.087480       3     0.262440
AO222x2_ASAP7_75t_R asap7sc7p5t_AO_RVT_TT_nldm_211120     0.174960       1     0.174960
AOI21xp5_ASAP7_75t_R asap7sc7p5t_AO_RVT_TT_nldm_211120     0.072900       6     0.437400
AOI21xp33_ASAP7_75t_R asap7sc7p5t_AO_RVT_TT_nldm_211120     0.072900       6     0.437400
AOI22xp5_ASAP7_75t_R asap7sc7p5t_AO_RVT_TT_nldm_211120     0.087480       8     0.699840
AOI22xp33_ASAP7_75t_R asap7sc7p5t_AO_RVT_TT_nldm_211120     0.087480      17     1.487160
AOI31xp33_ASAP7_75t_R asap7sc7p5t_AO_RVT_TT_nldm_211120     0.087480       1     0.087480
AOI32xp33_ASAP7_75t_R asap7sc7p5t_AO_RVT_TT_nldm_211120     0.102060       1     0.102060
AOI211xp5_ASAP7_75t_R asap7sc7p5t_AO_RVT_TT_nldm_211120     0.087480       3     0.262440
AOI221xp5_ASAP7_75t_R asap7sc7p5t_AO_RVT_TT_nldm_211120     0.102060       6     0.612360
AOI222xp33_ASAP7_75t_R asap7sc7p5t_AO_RVT_TT_nldm_211120     0.145800       2     0.291600
AOI321xp33_ASAP7_75t_R asap7sc7p5t_AO_RVT_TT_nldm_211120     0.116640       3     0.349920
AOI333xp33_ASAP7_75t_R asap7sc7p5t_AO_RVT_TT_nldm_211120     0.160380       1     0.160380
BUFx3_ASAP7_75t_R  asap7sc7p5t_INVBUF_RVT_TT_nldm_211120     0.087480       4     0.349920
BUFx6f_ASAP7_75t_R asap7sc7p5t_INVBUF_RVT_TT_nldm_211120     0.145800       1     0.145800
BUFx8_ASAP7_75t_R  asap7sc7p5t_INVBUF_RVT_TT_nldm_211120     0.174960       2     0.349920
DFFASRHQNx1_ASAP7_75t_R asap7sc7p5t_SEQ_RVT_TT_nldm_220123     0.379080      17     6.444360 n
FAx1_ASAP7_75t_R   asap7sc7p5t_SIMPLE_RVT_TT_nldm_211120     0.204120       3     0.612360 r
HB1xp67_ASAP7_75t_R asap7sc7p5t_INVBUF_RVT_TT_nldm_211120     0.058320       1     0.058320
INVx1_ASAP7_75t_R  asap7sc7p5t_INVBUF_RVT_TT_nldm_211120     0.043740     163     7.129620
INVx2_ASAP7_75t_R  asap7sc7p5t_INVBUF_RVT_TT_nldm_211120     0.058320       9     0.524880
INVx3_ASAP7_75t_R  asap7sc7p5t_INVBUF_RVT_TT_nldm_211120     0.072900       2     0.145800
INVx8_ASAP7_75t_R  asap7sc7p5t_INVBUF_RVT_TT_nldm_211120     0.145800       1     0.145800
INVxp33_ASAP7_75t_R asap7sc7p5t_INVBUF_RVT_TT_nldm_211120     0.043740       5     0.218700
INVxp67_ASAP7_75t_R asap7sc7p5t_INVBUF_RVT_TT_nldm_211120     0.043740       4     0.174960
NAND2x1_ASAP7_75t_R asap7sc7p5t_SIMPLE_RVT_TT_nldm_211120     0.087480       1     0.087480
NAND2xp5_ASAP7_75t_R asap7sc7p5t_SIMPLE_RVT_TT_nldm_211120     0.058320     101     5.890320
NAND3x1_ASAP7_75t_R asap7sc7p5t_SIMPLE_RVT_TT_nldm_211120     0.160380       2     0.320760
NAND3xp33_ASAP7_75t_R asap7sc7p5t_SIMPLE_RVT_TT_nldm_211120     0.072900      16     1.166400
NAND4xp25_ASAP7_75t_R asap7sc7p5t_SIMPLE_RVT_TT_nldm_211120     0.087480       3     0.262440
NAND4xp75_ASAP7_75t_R asap7sc7p5t_SIMPLE_RVT_TT_nldm_211120     0.204120       1     0.204120
NAND5xp2_ASAP7_75t_R asap7sc7p5t_SIMPLE_RVT_TT_nldm_211120     0.102060       4     0.408240
NOR2xp33_ASAP7_75t_R asap7sc7p5t_SIMPLE_RVT_TT_nldm_211120     0.058320      13     0.758160
NOR3xp33_ASAP7_75t_R asap7sc7p5t_SIMPLE_RVT_TT_nldm_211120     0.072900       2     0.145800
NOR4xp25_ASAP7_75t_R asap7sc7p5t_SIMPLE_RVT_TT_nldm_211120     0.087480       2     0.174960
NOR5xp2_ASAP7_75t_R asap7sc7p5t_SIMPLE_RVT_TT_nldm_211120     0.102060       4     0.408240
O2A1O1Ixp33_ASAP7_75t_R asap7sc7p5t_OA_RVT_TT_nldm_211120     0.087480       2     0.174960
OA21x2_ASAP7_75t_R asap7sc7p5t_OA_RVT_TT_nldm_211120     0.102060       3     0.306180
OA22x2_ASAP7_75t_R asap7sc7p5t_OA_RVT_TT_nldm_211120     0.145800       2     0.291600
OA31x2_ASAP7_75t_R asap7sc7p5t_OA_RVT_TT_nldm_211120     0.218700       1     0.218700
OAI21xp5_ASAP7_75t_R asap7sc7p5t_OA_RVT_TT_nldm_211120     0.072900      24     1.749600
OAI21xp33_ASAP7_75t_R asap7sc7p5t_OA_RVT_TT_nldm_211120     0.072900      10     0.729000
OAI22x1_ASAP7_75t_R asap7sc7p5t_OA_RVT_TT_nldm_211120     0.145800       5     0.729000
OAI22xp5_ASAP7_75t_R asap7sc7p5t_OA_RVT_TT_nldm_211120     0.087480      44     3.849120
OAI22xp33_ASAP7_75t_R asap7sc7p5t_OA_RVT_TT_nldm_211120     0.087480       8     0.699840
OAI31xp33_ASAP7_75t_R asap7sc7p5t_OA_RVT_TT_nldm_211120     0.087480       3     0.262440
OAI32xp33_ASAP7_75t_R asap7sc7p5t_OA_RVT_TT_nldm_211120     0.102060       2     0.204120
OAI211xp5_ASAP7_75t_R asap7sc7p5t_OA_RVT_TT_nldm_211120     0.087480      15     1.312200
OAI221xp5_ASAP7_75t_R asap7sc7p5t_OA_RVT_TT_nldm_211120     0.102060       8     0.816480
OAI222xp33_ASAP7_75t_R asap7sc7p5t_OA_RVT_TT_nldm_211120     0.145800       5     0.729000
OAI311xp33_ASAP7_75t_R asap7sc7p5t_OA_RVT_TT_nldm_211120     0.102060       1     0.102060
OAI321xp33_ASAP7_75t_R asap7sc7p5t_OA_RVT_TT_nldm_211120     0.116640       3     0.349920
OAI331xp33_ASAP7_75t_R asap7sc7p5t_OA_RVT_TT_nldm_211120     0.131220       2     0.262440
OR2x2_ASAP7_75t_R  asap7sc7p5t_SIMPLE_RVT_TT_nldm_211120     0.087480       1     0.087480
OR4x1_ASAP7_75t_R  asap7sc7p5t_SIMPLE_RVT_TT_nldm_211120     0.102060       1     0.102060
TIEHIx1_ASAP7_75t_R asap7sc7p5t_SIMPLE_RVT_TT_nldm_211120     0.043740       1     0.043740
TIELOx1_ASAP7_75t_R asap7sc7p5t_SIMPLE_RVT_TT_nldm_211120     0.043740       1     0.043740
XNOR2xp5_ASAP7_75t_R asap7sc7p5t_SIMPLE_RVT_TT_nldm_211120     0.131220       3     0.393660
XOR2x2_ASAP7_75t_R asap7sc7p5t_SIMPLE_RVT_TT_nldm_211120     0.160380       1     0.160380
XOR2xp5_ASAP7_75t_R asap7sc7p5t_SIMPLE_RVT_TT_nldm_211120     0.131220       5     0.656100
fp16_add_11_DW01_add_J8_0         6.998400       1      6.998400  h
fp16_add_11_DW01_sub_J11_0        7.654500       1      7.654500  h
-----------------------------------------------------------------------------
Total 65 references                                    62.694000

****************************************
Design: fp16_add_11_DW01_add_J8_0 
****************************************
Reference          Library       Unit Area   Count    Total Area   Attributes
-----------------------------------------------------------------------------
AND2x2_ASAP7_75t_R asap7sc7p5t_SIMPLE_RVT_TT_nldm_211120     0.087480       4     0.349920
AOI21xp5_ASAP7_75t_R asap7sc7p5t_AO_RVT_TT_nldm_211120     0.072900       2     0.145800
AOI22xp5_ASAP7_75t_R asap7sc7p5t_AO_RVT_TT_nldm_211120     0.087480       1     0.087480
AOI31xp33_ASAP7_75t_R asap7sc7p5t_AO_RVT_TT_nldm_211120     0.087480       1     0.087480
AOI211xp5_ASAP7_75t_R asap7sc7p5t_AO_RVT_TT_nldm_211120     0.087480       1     0.087480
INVx1_ASAP7_75t_R  asap7sc7p5t_INVBUF_RVT_TT_nldm_211120     0.043740      19     0.831060
NAND2xp5_ASAP7_75t_R asap7sc7p5t_SIMPLE_RVT_TT_nldm_211120     0.058320      24     1.399680
NAND3xp33_ASAP7_75t_R asap7sc7p5t_SIMPLE_RVT_TT_nldm_211120     0.072900       2     0.145800
NOR2x1_ASAP7_75t_R asap7sc7p5t_SIMPLE_RVT_TT_nldm_211120     0.087480       2     0.174960
NOR2xp33_ASAP7_75t_R asap7sc7p5t_SIMPLE_RVT_TT_nldm_211120     0.058320       4     0.233280
OA21x2_ASAP7_75t_R asap7sc7p5t_OA_RVT_TT_nldm_211120     0.102060       1     0.102060
OA31x2_ASAP7_75t_R asap7sc7p5t_OA_RVT_TT_nldm_211120     0.218700       1     0.218700
OAI21xp5_ASAP7_75t_R asap7sc7p5t_OA_RVT_TT_nldm_211120     0.072900       7     0.510300
OAI22xp5_ASAP7_75t_R asap7sc7p5t_OA_RVT_TT_nldm_211120     0.087480       1     0.087480
OAI31xp33_ASAP7_75t_R asap7sc7p5t_OA_RVT_TT_nldm_211120     0.087480       1     0.087480
OR2x2_ASAP7_75t_R  asap7sc7p5t_SIMPLE_RVT_TT_nldm_211120     0.087480      10     0.874800
XNOR2xp5_ASAP7_75t_R asap7sc7p5t_SIMPLE_RVT_TT_nldm_211120     0.131220       8     1.049760
XOR2xp5_ASAP7_75t_R asap7sc7p5t_SIMPLE_RVT_TT_nldm_211120     0.131220       4     0.524880
-----------------------------------------------------------------------------
Total 18 references                                     6.998400

****************************************
Design: fp16_add_11_DW01_sub_J11_0 
****************************************
Reference          Library       Unit Area   Count    Total Area   Attributes
-----------------------------------------------------------------------------
AND2x2_ASAP7_75t_R asap7sc7p5t_SIMPLE_RVT_TT_nldm_211120     0.087480       2     0.174960
AOI21xp5_ASAP7_75t_R asap7sc7p5t_AO_RVT_TT_nldm_211120     0.072900       1     0.072900
AOI21xp33_ASAP7_75t_R asap7sc7p5t_AO_RVT_TT_nldm_211120     0.072900       2     0.145800
AOI221x1_ASAP7_75t_R asap7sc7p5t_AO_RVT_TT_nldm_211120     0.204120       1     0.204120
INVx1_ASAP7_75t_R  asap7sc7p5t_INVBUF_RVT_TT_nldm_211120     0.043740      36     1.574640
INVxp67_ASAP7_75t_R asap7sc7p5t_INVBUF_RVT_TT_nldm_211120     0.043740       2     0.087480
NAND2xp5_ASAP7_75t_R asap7sc7p5t_SIMPLE_RVT_TT_nldm_211120     0.058320      35     2.041200
NOR2x1_ASAP7_75t_R asap7sc7p5t_SIMPLE_RVT_TT_nldm_211120     0.087480       2     0.174960
NOR2xp33_ASAP7_75t_R asap7sc7p5t_SIMPLE_RVT_TT_nldm_211120     0.058320       4     0.233280
OA21x2_ASAP7_75t_R asap7sc7p5t_OA_RVT_TT_nldm_211120     0.102060       2     0.204120
OAI21x1_ASAP7_75t_R asap7sc7p5t_OA_RVT_TT_nldm_211120     0.116640       1     0.116640
OAI21xp5_ASAP7_75t_R asap7sc7p5t_OA_RVT_TT_nldm_211120     0.072900       6     0.437400
OAI21xp33_ASAP7_75t_R asap7sc7p5t_OA_RVT_TT_nldm_211120     0.072900       3     0.218700
XNOR2xp5_ASAP7_75t_R asap7sc7p5t_SIMPLE_RVT_TT_nldm_211120     0.131220      10     1.312200
XOR2xp5_ASAP7_75t_R asap7sc7p5t_SIMPLE_RVT_TT_nldm_211120     0.131220       5     0.656100
-----------------------------------------------------------------------------
Total 15 references                                     7.654500

****************************************
Design: fp16_add_12 
****************************************
Reference          Library       Unit Area   Count    Total Area   Attributes
-----------------------------------------------------------------------------
A2O1A1Ixp33_ASAP7_75t_R asap7sc7p5t_AO_RVT_TT_nldm_211120     0.087480      10     0.874800
AND2x2_ASAP7_75t_R asap7sc7p5t_SIMPLE_RVT_TT_nldm_211120     0.087480      12     1.049760
AND3x1_ASAP7_75t_R asap7sc7p5t_SIMPLE_RVT_TT_nldm_211120     0.087480       3     0.262440
AO21x1_ASAP7_75t_R asap7sc7p5t_AO_RVT_TT_nldm_211120     0.087480       3     0.262440
AO222x2_ASAP7_75t_R asap7sc7p5t_AO_RVT_TT_nldm_211120     0.174960       1     0.174960
AOI21x1_ASAP7_75t_R asap7sc7p5t_AO_RVT_TT_nldm_211120     0.116640       1     0.116640
AOI21xp5_ASAP7_75t_R asap7sc7p5t_AO_RVT_TT_nldm_211120     0.072900       6     0.437400
AOI21xp33_ASAP7_75t_R asap7sc7p5t_AO_RVT_TT_nldm_211120     0.072900       5     0.364500
AOI22xp5_ASAP7_75t_R asap7sc7p5t_AO_RVT_TT_nldm_211120     0.087480       8     0.699840
AOI22xp33_ASAP7_75t_R asap7sc7p5t_AO_RVT_TT_nldm_211120     0.087480      17     1.487160
AOI31xp33_ASAP7_75t_R asap7sc7p5t_AO_RVT_TT_nldm_211120     0.087480       1     0.087480
AOI32xp33_ASAP7_75t_R asap7sc7p5t_AO_RVT_TT_nldm_211120     0.102060       1     0.102060
AOI211xp5_ASAP7_75t_R asap7sc7p5t_AO_RVT_TT_nldm_211120     0.087480       3     0.262440
AOI221xp5_ASAP7_75t_R asap7sc7p5t_AO_RVT_TT_nldm_211120     0.102060       6     0.612360
AOI222xp33_ASAP7_75t_R asap7sc7p5t_AO_RVT_TT_nldm_211120     0.145800       2     0.291600
AOI321xp33_ASAP7_75t_R asap7sc7p5t_AO_RVT_TT_nldm_211120     0.116640       3     0.349920
AOI333xp33_ASAP7_75t_R asap7sc7p5t_AO_RVT_TT_nldm_211120     0.160380       1     0.160380
BUFx3_ASAP7_75t_R  asap7sc7p5t_INVBUF_RVT_TT_nldm_211120     0.087480       3     0.262440
BUFx5_ASAP7_75t_R  asap7sc7p5t_INVBUF_RVT_TT_nldm_211120     0.116640       1     0.116640
BUFx8_ASAP7_75t_R  asap7sc7p5t_INVBUF_RVT_TT_nldm_211120     0.174960       2     0.349920
DFFASRHQNx1_ASAP7_75t_R asap7sc7p5t_SEQ_RVT_TT_nldm_220123     0.379080      17     6.444360 n
FAx1_ASAP7_75t_R   asap7sc7p5t_SIMPLE_RVT_TT_nldm_211120     0.204120       3     0.612360 r
INVx1_ASAP7_75t_R  asap7sc7p5t_INVBUF_RVT_TT_nldm_211120     0.043740     163     7.129620
INVx2_ASAP7_75t_R  asap7sc7p5t_INVBUF_RVT_TT_nldm_211120     0.058320      10     0.583200
INVx3_ASAP7_75t_R  asap7sc7p5t_INVBUF_RVT_TT_nldm_211120     0.072900       1     0.072900
INVx8_ASAP7_75t_R  asap7sc7p5t_INVBUF_RVT_TT_nldm_211120     0.145800       1     0.145800
INVxp33_ASAP7_75t_R asap7sc7p5t_INVBUF_RVT_TT_nldm_211120     0.043740       2     0.087480
INVxp67_ASAP7_75t_R asap7sc7p5t_INVBUF_RVT_TT_nldm_211120     0.043740       5     0.218700
NAND2x1_ASAP7_75t_R asap7sc7p5t_SIMPLE_RVT_TT_nldm_211120     0.087480       4     0.349920
NAND2x1p5_ASAP7_75t_R asap7sc7p5t_SIMPLE_RVT_TT_nldm_211120     0.116640       2     0.233280
NAND2xp5_ASAP7_75t_R asap7sc7p5t_SIMPLE_RVT_TT_nldm_211120     0.058320      94     5.482080
NAND2xp33_ASAP7_75t_R asap7sc7p5t_SIMPLE_RVT_TT_nldm_211120     0.058320       3     0.174960
NAND3x1_ASAP7_75t_R asap7sc7p5t_SIMPLE_RVT_TT_nldm_211120     0.160380       3     0.481140
NAND3xp33_ASAP7_75t_R asap7sc7p5t_SIMPLE_RVT_TT_nldm_211120     0.072900      15     1.093500
NAND4xp25_ASAP7_75t_R asap7sc7p5t_SIMPLE_RVT_TT_nldm_211120     0.087480       4     0.349920
NAND5xp2_ASAP7_75t_R asap7sc7p5t_SIMPLE_RVT_TT_nldm_211120     0.102060       4     0.408240
NOR2x1_ASAP7_75t_R asap7sc7p5t_SIMPLE_RVT_TT_nldm_211120     0.087480       1     0.087480
NOR2xp33_ASAP7_75t_R asap7sc7p5t_SIMPLE_RVT_TT_nldm_211120     0.058320      12     0.699840
NOR3x1_ASAP7_75t_R asap7sc7p5t_SIMPLE_RVT_TT_nldm_211120     0.160380       1     0.160380
NOR3xp33_ASAP7_75t_R asap7sc7p5t_SIMPLE_RVT_TT_nldm_211120     0.072900       1     0.072900
NOR4xp25_ASAP7_75t_R asap7sc7p5t_SIMPLE_RVT_TT_nldm_211120     0.087480       2     0.174960
NOR5xp2_ASAP7_75t_R asap7sc7p5t_SIMPLE_RVT_TT_nldm_211120     0.102060       4     0.408240
O2A1O1Ixp33_ASAP7_75t_R asap7sc7p5t_OA_RVT_TT_nldm_211120     0.087480       2     0.174960
OA21x2_ASAP7_75t_R asap7sc7p5t_OA_RVT_TT_nldm_211120     0.102060       3     0.306180
OA22x2_ASAP7_75t_R asap7sc7p5t_OA_RVT_TT_nldm_211120     0.145800       2     0.291600
OA31x2_ASAP7_75t_R asap7sc7p5t_OA_RVT_TT_nldm_211120     0.218700       1     0.218700
OAI21xp5_ASAP7_75t_R asap7sc7p5t_OA_RVT_TT_nldm_211120     0.072900      25     1.822500
OAI21xp33_ASAP7_75t_R asap7sc7p5t_OA_RVT_TT_nldm_211120     0.072900       9     0.656100
OAI22x1_ASAP7_75t_R asap7sc7p5t_OA_RVT_TT_nldm_211120     0.145800       6     0.874800
OAI22xp5_ASAP7_75t_R asap7sc7p5t_OA_RVT_TT_nldm_211120     0.087480      44     3.849120
OAI22xp33_ASAP7_75t_R asap7sc7p5t_OA_RVT_TT_nldm_211120     0.087480       7     0.612360
OAI31xp33_ASAP7_75t_R asap7sc7p5t_OA_RVT_TT_nldm_211120     0.087480       3     0.262440
OAI32xp33_ASAP7_75t_R asap7sc7p5t_OA_RVT_TT_nldm_211120     0.102060       2     0.204120
OAI211xp5_ASAP7_75t_R asap7sc7p5t_OA_RVT_TT_nldm_211120     0.087480      15     1.312200
OAI221xp5_ASAP7_75t_R asap7sc7p5t_OA_RVT_TT_nldm_211120     0.102060       8     0.816480
OAI222xp33_ASAP7_75t_R asap7sc7p5t_OA_RVT_TT_nldm_211120     0.145800       5     0.729000
OAI311xp33_ASAP7_75t_R asap7sc7p5t_OA_RVT_TT_nldm_211120     0.102060       1     0.102060
OAI321xp33_ASAP7_75t_R asap7sc7p5t_OA_RVT_TT_nldm_211120     0.116640       3     0.349920
OAI331xp33_ASAP7_75t_R asap7sc7p5t_OA_RVT_TT_nldm_211120     0.131220       2     0.262440
OR2x2_ASAP7_75t_R  asap7sc7p5t_SIMPLE_RVT_TT_nldm_211120     0.087480       1     0.087480
OR4x1_ASAP7_75t_R  asap7sc7p5t_SIMPLE_RVT_TT_nldm_211120     0.102060       1     0.102060
TIEHIx1_ASAP7_75t_R asap7sc7p5t_SIMPLE_RVT_TT_nldm_211120     0.043740       1     0.043740
TIELOx1_ASAP7_75t_R asap7sc7p5t_SIMPLE_RVT_TT_nldm_211120     0.043740       1     0.043740
XNOR2xp5_ASAP7_75t_R asap7sc7p5t_SIMPLE_RVT_TT_nldm_211120     0.131220       3     0.393660
XOR2x2_ASAP7_75t_R asap7sc7p5t_SIMPLE_RVT_TT_nldm_211120     0.160380       2     0.320760
XOR2xp5_ASAP7_75t_R asap7sc7p5t_SIMPLE_RVT_TT_nldm_211120     0.131220       4     0.524880
fp16_add_12_DW01_add_J7_0         7.129620       1      7.129620  h
fp16_add_12_DW01_sub_J12_0        7.698240       1      7.698240  h
-----------------------------------------------------------------------------
Total 68 references                                    62.985600

****************************************
Design: fp16_add_12_DW01_add_J7_0 
****************************************
Reference          Library       Unit Area   Count    Total Area   Attributes
-----------------------------------------------------------------------------
AND2x2_ASAP7_75t_R asap7sc7p5t_SIMPLE_RVT_TT_nldm_211120     0.087480       4     0.349920
AOI21xp5_ASAP7_75t_R asap7sc7p5t_AO_RVT_TT_nldm_211120     0.072900       2     0.145800
AOI22xp5_ASAP7_75t_R asap7sc7p5t_AO_RVT_TT_nldm_211120     0.087480       1     0.087480
AOI31xp33_ASAP7_75t_R asap7sc7p5t_AO_RVT_TT_nldm_211120     0.087480       1     0.087480
AOI211xp5_ASAP7_75t_R asap7sc7p5t_AO_RVT_TT_nldm_211120     0.087480       1     0.087480
INVx1_ASAP7_75t_R  asap7sc7p5t_INVBUF_RVT_TT_nldm_211120     0.043740      19     0.831060
NAND2xp5_ASAP7_75t_R asap7sc7p5t_SIMPLE_RVT_TT_nldm_211120     0.058320      23     1.341360
NAND2xp33_ASAP7_75t_R asap7sc7p5t_SIMPLE_RVT_TT_nldm_211120     0.058320       1     0.058320
NAND3xp33_ASAP7_75t_R asap7sc7p5t_SIMPLE_RVT_TT_nldm_211120     0.072900       2     0.145800
NOR2x1_ASAP7_75t_R asap7sc7p5t_SIMPLE_RVT_TT_nldm_211120     0.087480       2     0.174960
NOR2xp33_ASAP7_75t_R asap7sc7p5t_SIMPLE_RVT_TT_nldm_211120     0.058320       4     0.233280
OA21x2_ASAP7_75t_R asap7sc7p5t_OA_RVT_TT_nldm_211120     0.102060       1     0.102060
OA31x2_ASAP7_75t_R asap7sc7p5t_OA_RVT_TT_nldm_211120     0.218700       1     0.218700
OAI21xp5_ASAP7_75t_R asap7sc7p5t_OA_RVT_TT_nldm_211120     0.072900       7     0.510300
OAI22xp5_ASAP7_75t_R asap7sc7p5t_OA_RVT_TT_nldm_211120     0.087480       1     0.087480
OAI31xp67_ASAP7_75t_R asap7sc7p5t_OA_RVT_TT_nldm_211120     0.189540       1     0.189540
OR2x2_ASAP7_75t_R  asap7sc7p5t_SIMPLE_RVT_TT_nldm_211120     0.087480       9     0.787320
OR2x4_ASAP7_75t_R  asap7sc7p5t_SIMPLE_RVT_TT_nldm_211120     0.116640       1     0.116640
XNOR2xp5_ASAP7_75t_R asap7sc7p5t_SIMPLE_RVT_TT_nldm_211120     0.131220       8     1.049760
XOR2xp5_ASAP7_75t_R asap7sc7p5t_SIMPLE_RVT_TT_nldm_211120     0.131220       4     0.524880
-----------------------------------------------------------------------------
Total 20 references                                     7.129620

****************************************
Design: fp16_add_12_DW01_sub_J12_0 
****************************************
Reference          Library       Unit Area   Count    Total Area   Attributes
-----------------------------------------------------------------------------
AND2x2_ASAP7_75t_R asap7sc7p5t_SIMPLE_RVT_TT_nldm_211120     0.087480       2     0.174960
AND3x2_ASAP7_75t_R asap7sc7p5t_SIMPLE_RVT_TT_nldm_211120     0.102060       1     0.102060
AOI21xp5_ASAP7_75t_R asap7sc7p5t_AO_RVT_TT_nldm_211120     0.072900       2     0.145800
AOI21xp33_ASAP7_75t_R asap7sc7p5t_AO_RVT_TT_nldm_211120     0.072900       1     0.072900
INVx1_ASAP7_75t_R  asap7sc7p5t_INVBUF_RVT_TT_nldm_211120     0.043740      36     1.574640
INVxp33_ASAP7_75t_R asap7sc7p5t_INVBUF_RVT_TT_nldm_211120     0.043740       2     0.087480
INVxp67_ASAP7_75t_R asap7sc7p5t_INVBUF_RVT_TT_nldm_211120     0.043740       1     0.043740
NAND2x1_ASAP7_75t_R asap7sc7p5t_SIMPLE_RVT_TT_nldm_211120     0.087480       1     0.087480
NAND2xp5_ASAP7_75t_R asap7sc7p5t_SIMPLE_RVT_TT_nldm_211120     0.058320      36     2.099520
NOR2x1_ASAP7_75t_R asap7sc7p5t_SIMPLE_RVT_TT_nldm_211120     0.087480       2     0.174960
NOR2xp33_ASAP7_75t_R asap7sc7p5t_SIMPLE_RVT_TT_nldm_211120     0.058320       4     0.233280
OA21x2_ASAP7_75t_R asap7sc7p5t_OA_RVT_TT_nldm_211120     0.102060       2     0.204120
OAI21xp5_ASAP7_75t_R asap7sc7p5t_OA_RVT_TT_nldm_211120     0.072900       4     0.291600
OAI21xp33_ASAP7_75t_R asap7sc7p5t_OA_RVT_TT_nldm_211120     0.072900       6     0.437400
XNOR2xp5_ASAP7_75t_R asap7sc7p5t_SIMPLE_RVT_TT_nldm_211120     0.131220      10     1.312200
XOR2xp5_ASAP7_75t_R asap7sc7p5t_SIMPLE_RVT_TT_nldm_211120     0.131220       5     0.656100
-----------------------------------------------------------------------------
Total 16 references                                     7.698240

****************************************
Design: fp16_add_13 
****************************************
Reference          Library       Unit Area   Count    Total Area   Attributes
-----------------------------------------------------------------------------
A2O1A1Ixp33_ASAP7_75t_R asap7sc7p5t_AO_RVT_TT_nldm_211120     0.087480      10     0.874800
AND2x2_ASAP7_75t_R asap7sc7p5t_SIMPLE_RVT_TT_nldm_211120     0.087480      12     1.049760
AND3x1_ASAP7_75t_R asap7sc7p5t_SIMPLE_RVT_TT_nldm_211120     0.087480       3     0.262440
AO21x1_ASAP7_75t_R asap7sc7p5t_AO_RVT_TT_nldm_211120     0.087480       3     0.262440
AO222x2_ASAP7_75t_R asap7sc7p5t_AO_RVT_TT_nldm_211120     0.174960       1     0.174960
AOI21x1_ASAP7_75t_R asap7sc7p5t_AO_RVT_TT_nldm_211120     0.116640       2     0.233280
AOI21xp5_ASAP7_75t_R asap7sc7p5t_AO_RVT_TT_nldm_211120     0.072900       6     0.437400
AOI21xp33_ASAP7_75t_R asap7sc7p5t_AO_RVT_TT_nldm_211120     0.072900       4     0.291600
AOI22xp5_ASAP7_75t_R asap7sc7p5t_AO_RVT_TT_nldm_211120     0.087480       9     0.787320
AOI22xp33_ASAP7_75t_R asap7sc7p5t_AO_RVT_TT_nldm_211120     0.087480      16     1.399680
AOI31xp33_ASAP7_75t_R asap7sc7p5t_AO_RVT_TT_nldm_211120     0.087480       1     0.087480
AOI32xp33_ASAP7_75t_R asap7sc7p5t_AO_RVT_TT_nldm_211120     0.102060       1     0.102060
AOI211x1_ASAP7_75t_R asap7sc7p5t_AO_RVT_TT_nldm_211120     0.174960       1     0.174960
AOI211xp5_ASAP7_75t_R asap7sc7p5t_AO_RVT_TT_nldm_211120     0.087480       2     0.174960
AOI221xp5_ASAP7_75t_R asap7sc7p5t_AO_RVT_TT_nldm_211120     0.102060       6     0.612360
AOI222xp33_ASAP7_75t_R asap7sc7p5t_AO_RVT_TT_nldm_211120     0.145800       2     0.291600
AOI321xp33_ASAP7_75t_R asap7sc7p5t_AO_RVT_TT_nldm_211120     0.116640       3     0.349920
AOI333xp33_ASAP7_75t_R asap7sc7p5t_AO_RVT_TT_nldm_211120     0.160380       1     0.160380
BUFx2_ASAP7_75t_R  asap7sc7p5t_INVBUF_RVT_TT_nldm_211120     0.072900       1     0.072900
BUFx3_ASAP7_75t_R  asap7sc7p5t_INVBUF_RVT_TT_nldm_211120     0.087480       4     0.349920
BUFx8_ASAP7_75t_R  asap7sc7p5t_INVBUF_RVT_TT_nldm_211120     0.174960       2     0.349920
DFFASRHQNx1_ASAP7_75t_R asap7sc7p5t_SEQ_RVT_TT_nldm_220123     0.379080      17     6.444360 n
FAx1_ASAP7_75t_R   asap7sc7p5t_SIMPLE_RVT_TT_nldm_211120     0.204120       3     0.612360 r
INVx1_ASAP7_75t_R  asap7sc7p5t_INVBUF_RVT_TT_nldm_211120     0.043740     158     6.910920
INVx2_ASAP7_75t_R  asap7sc7p5t_INVBUF_RVT_TT_nldm_211120     0.058320      14     0.816480
INVx3_ASAP7_75t_R  asap7sc7p5t_INVBUF_RVT_TT_nldm_211120     0.072900       2     0.145800
INVx5_ASAP7_75t_R  asap7sc7p5t_INVBUF_RVT_TT_nldm_211120     0.102060       1     0.102060
INVxp33_ASAP7_75t_R asap7sc7p5t_INVBUF_RVT_TT_nldm_211120     0.043740       2     0.087480
INVxp67_ASAP7_75t_R asap7sc7p5t_INVBUF_RVT_TT_nldm_211120     0.043740       5     0.218700
NAND2x1_ASAP7_75t_R asap7sc7p5t_SIMPLE_RVT_TT_nldm_211120     0.087480       5     0.437400
NAND2x1p5_ASAP7_75t_R asap7sc7p5t_SIMPLE_RVT_TT_nldm_211120     0.116640       1     0.116640
NAND2xp5_ASAP7_75t_R asap7sc7p5t_SIMPLE_RVT_TT_nldm_211120     0.058320      94     5.482080
NAND2xp33_ASAP7_75t_R asap7sc7p5t_SIMPLE_RVT_TT_nldm_211120     0.058320       2     0.116640
NAND2xp67_ASAP7_75t_R asap7sc7p5t_SIMPLE_RVT_TT_nldm_211120     0.087480       1     0.087480
NAND3xp33_ASAP7_75t_R asap7sc7p5t_SIMPLE_RVT_TT_nldm_211120     0.072900      18     1.312200
NAND4xp25_ASAP7_75t_R asap7sc7p5t_SIMPLE_RVT_TT_nldm_211120     0.087480       3     0.262440
NAND4xp75_ASAP7_75t_R asap7sc7p5t_SIMPLE_RVT_TT_nldm_211120     0.204120       1     0.204120
NAND5xp2_ASAP7_75t_R asap7sc7p5t_SIMPLE_RVT_TT_nldm_211120     0.102060       4     0.408240
NOR2x1_ASAP7_75t_R asap7sc7p5t_SIMPLE_RVT_TT_nldm_211120     0.087480       1     0.087480
NOR2xp33_ASAP7_75t_R asap7sc7p5t_SIMPLE_RVT_TT_nldm_211120     0.058320      12     0.699840
NOR3xp33_ASAP7_75t_R asap7sc7p5t_SIMPLE_RVT_TT_nldm_211120     0.072900       2     0.145800
NOR4xp25_ASAP7_75t_R asap7sc7p5t_SIMPLE_RVT_TT_nldm_211120     0.087480       2     0.174960
NOR5xp2_ASAP7_75t_R asap7sc7p5t_SIMPLE_RVT_TT_nldm_211120     0.102060       4     0.408240
O2A1O1Ixp33_ASAP7_75t_R asap7sc7p5t_OA_RVT_TT_nldm_211120     0.087480       2     0.174960
OA21x2_ASAP7_75t_R asap7sc7p5t_OA_RVT_TT_nldm_211120     0.102060       3     0.306180
OA22x2_ASAP7_75t_R asap7sc7p5t_OA_RVT_TT_nldm_211120     0.145800       2     0.291600
OA31x2_ASAP7_75t_R asap7sc7p5t_OA_RVT_TT_nldm_211120     0.218700       1     0.218700
OAI21xp5_ASAP7_75t_R asap7sc7p5t_OA_RVT_TT_nldm_211120     0.072900      26     1.895400
OAI21xp33_ASAP7_75t_R asap7sc7p5t_OA_RVT_TT_nldm_211120     0.072900       8     0.583200
OAI22x1_ASAP7_75t_R asap7sc7p5t_OA_RVT_TT_nldm_211120     0.145800       8     1.166400
OAI22xp5_ASAP7_75t_R asap7sc7p5t_OA_RVT_TT_nldm_211120     0.087480      39     3.411720
OAI22xp33_ASAP7_75t_R asap7sc7p5t_OA_RVT_TT_nldm_211120     0.087480      10     0.874800
OAI31xp33_ASAP7_75t_R asap7sc7p5t_OA_RVT_TT_nldm_211120     0.087480       3     0.262440
OAI32xp33_ASAP7_75t_R asap7sc7p5t_OA_RVT_TT_nldm_211120     0.102060       2     0.204120
OAI211xp5_ASAP7_75t_R asap7sc7p5t_OA_RVT_TT_nldm_211120     0.087480      15     1.312200
OAI221xp5_ASAP7_75t_R asap7sc7p5t_OA_RVT_TT_nldm_211120     0.102060       8     0.816480
OAI222xp33_ASAP7_75t_R asap7sc7p5t_OA_RVT_TT_nldm_211120     0.145800       5     0.729000
OAI311xp33_ASAP7_75t_R asap7sc7p5t_OA_RVT_TT_nldm_211120     0.102060       1     0.102060
OAI321xp33_ASAP7_75t_R asap7sc7p5t_OA_RVT_TT_nldm_211120     0.116640       3     0.349920
OAI331xp33_ASAP7_75t_R asap7sc7p5t_OA_RVT_TT_nldm_211120     0.131220       2     0.262440
OR2x4_ASAP7_75t_R  asap7sc7p5t_SIMPLE_RVT_TT_nldm_211120     0.116640       1     0.116640
OR4x1_ASAP7_75t_R  asap7sc7p5t_SIMPLE_RVT_TT_nldm_211120     0.102060       1     0.102060
TIEHIx1_ASAP7_75t_R asap7sc7p5t_SIMPLE_RVT_TT_nldm_211120     0.043740       1     0.043740
TIELOx1_ASAP7_75t_R asap7sc7p5t_SIMPLE_RVT_TT_nldm_211120     0.043740       1     0.043740
XNOR2xp5_ASAP7_75t_R asap7sc7p5t_SIMPLE_RVT_TT_nldm_211120     0.131220       3     0.393660
XOR2x2_ASAP7_75t_R asap7sc7p5t_SIMPLE_RVT_TT_nldm_211120     0.160380       1     0.160380
XOR2xp5_ASAP7_75t_R asap7sc7p5t_SIMPLE_RVT_TT_nldm_211120     0.131220       5     0.656100
fp16_add_13_DW01_add_2            7.231680       1      7.231680  h
fp16_add_13_DW01_sub_5            7.683660       1      7.683660  h
-----------------------------------------------------------------------------
Total 69 references                                    63.175140

****************************************
Design: fp16_add_13_DW01_add_2 
****************************************
Reference          Library       Unit Area   Count    Total Area   Attributes
-----------------------------------------------------------------------------
AND2x2_ASAP7_75t_R asap7sc7p5t_SIMPLE_RVT_TT_nldm_211120     0.087480       4     0.349920
AOI21xp5_ASAP7_75t_R asap7sc7p5t_AO_RVT_TT_nldm_211120     0.072900       2     0.145800
AOI22xp5_ASAP7_75t_R asap7sc7p5t_AO_RVT_TT_nldm_211120     0.087480       1     0.087480
AOI31xp67_ASAP7_75t_R asap7sc7p5t_AO_RVT_TT_nldm_211120     0.189540       1     0.189540
AOI211xp5_ASAP7_75t_R asap7sc7p5t_AO_RVT_TT_nldm_211120     0.087480       1     0.087480
INVx1_ASAP7_75t_R  asap7sc7p5t_INVBUF_RVT_TT_nldm_211120     0.043740      19     0.831060
NAND2xp5_ASAP7_75t_R asap7sc7p5t_SIMPLE_RVT_TT_nldm_211120     0.058320      23     1.341360
NAND2xp33_ASAP7_75t_R asap7sc7p5t_SIMPLE_RVT_TT_nldm_211120     0.058320       1     0.058320
NAND3xp33_ASAP7_75t_R asap7sc7p5t_SIMPLE_RVT_TT_nldm_211120     0.072900       2     0.145800
NOR2x1_ASAP7_75t_R asap7sc7p5t_SIMPLE_RVT_TT_nldm_211120     0.087480       2     0.174960
NOR2xp33_ASAP7_75t_R asap7sc7p5t_SIMPLE_RVT_TT_nldm_211120     0.058320       4     0.233280
OA21x2_ASAP7_75t_R asap7sc7p5t_OA_RVT_TT_nldm_211120     0.102060       1     0.102060
OA31x2_ASAP7_75t_R asap7sc7p5t_OA_RVT_TT_nldm_211120     0.218700       1     0.218700
OAI21xp5_ASAP7_75t_R asap7sc7p5t_OA_RVT_TT_nldm_211120     0.072900       7     0.510300
OAI22xp5_ASAP7_75t_R asap7sc7p5t_OA_RVT_TT_nldm_211120     0.087480       1     0.087480
OAI31xp67_ASAP7_75t_R asap7sc7p5t_OA_RVT_TT_nldm_211120     0.189540       1     0.189540
OR2x2_ASAP7_75t_R  asap7sc7p5t_SIMPLE_RVT_TT_nldm_211120     0.087480       9     0.787320
OR2x4_ASAP7_75t_R  asap7sc7p5t_SIMPLE_RVT_TT_nldm_211120     0.116640       1     0.116640
XNOR2xp5_ASAP7_75t_R asap7sc7p5t_SIMPLE_RVT_TT_nldm_211120     0.131220       8     1.049760
XOR2xp5_ASAP7_75t_R asap7sc7p5t_SIMPLE_RVT_TT_nldm_211120     0.131220       4     0.524880
-----------------------------------------------------------------------------
Total 20 references                                     7.231680

****************************************
Design: fp16_add_13_DW01_sub_5 
****************************************
Reference          Library       Unit Area   Count    Total Area   Attributes
-----------------------------------------------------------------------------
AND2x2_ASAP7_75t_R asap7sc7p5t_SIMPLE_RVT_TT_nldm_211120     0.087480       2     0.174960
AOI21xp5_ASAP7_75t_R asap7sc7p5t_AO_RVT_TT_nldm_211120     0.072900       2     0.145800
AOI21xp33_ASAP7_75t_R asap7sc7p5t_AO_RVT_TT_nldm_211120     0.072900       1     0.072900
AOI221x1_ASAP7_75t_R asap7sc7p5t_AO_RVT_TT_nldm_211120     0.204120       1     0.204120
INVx1_ASAP7_75t_R  asap7sc7p5t_INVBUF_RVT_TT_nldm_211120     0.043740      34     1.487160
INVxp33_ASAP7_75t_R asap7sc7p5t_INVBUF_RVT_TT_nldm_211120     0.043740       1     0.043740
INVxp67_ASAP7_75t_R asap7sc7p5t_INVBUF_RVT_TT_nldm_211120     0.043740       3     0.131220
NAND2x1_ASAP7_75t_R asap7sc7p5t_SIMPLE_RVT_TT_nldm_211120     0.087480       1     0.087480
NAND2xp5_ASAP7_75t_R asap7sc7p5t_SIMPLE_RVT_TT_nldm_211120     0.058320      34     1.982880
NOR2x1_ASAP7_75t_R asap7sc7p5t_SIMPLE_RVT_TT_nldm_211120     0.087480       2     0.174960
NOR2xp33_ASAP7_75t_R asap7sc7p5t_SIMPLE_RVT_TT_nldm_211120     0.058320       4     0.233280
OA21x2_ASAP7_75t_R asap7sc7p5t_OA_RVT_TT_nldm_211120     0.102060       2     0.204120
OAI21x1_ASAP7_75t_R asap7sc7p5t_OA_RVT_TT_nldm_211120     0.116640       1     0.116640
OAI21xp5_ASAP7_75t_R asap7sc7p5t_OA_RVT_TT_nldm_211120     0.072900       4     0.291600
OAI21xp33_ASAP7_75t_R asap7sc7p5t_OA_RVT_TT_nldm_211120     0.072900       5     0.364500
XNOR2xp5_ASAP7_75t_R asap7sc7p5t_SIMPLE_RVT_TT_nldm_211120     0.131220      10     1.312200
XOR2xp5_ASAP7_75t_R asap7sc7p5t_SIMPLE_RVT_TT_nldm_211120     0.131220       5     0.656100
-----------------------------------------------------------------------------
Total 17 references                                     7.683660

****************************************
Design: fp16_add_14 
****************************************
Reference          Library       Unit Area   Count    Total Area   Attributes
-----------------------------------------------------------------------------
A2O1A1Ixp33_ASAP7_75t_R asap7sc7p5t_AO_RVT_TT_nldm_211120     0.087480      10     0.874800
AND2x2_ASAP7_75t_R asap7sc7p5t_SIMPLE_RVT_TT_nldm_211120     0.087480      10     0.874800
AND2x4_ASAP7_75t_R asap7sc7p5t_SIMPLE_RVT_TT_nldm_211120     0.145800       1     0.145800
AND3x1_ASAP7_75t_R asap7sc7p5t_SIMPLE_RVT_TT_nldm_211120     0.087480       2     0.174960
AND3x2_ASAP7_75t_R asap7sc7p5t_SIMPLE_RVT_TT_nldm_211120     0.102060       1     0.102060
AO21x1_ASAP7_75t_R asap7sc7p5t_AO_RVT_TT_nldm_211120     0.087480       3     0.262440
AO222x2_ASAP7_75t_R asap7sc7p5t_AO_RVT_TT_nldm_211120     0.174960       1     0.174960
AOI21x1_ASAP7_75t_R asap7sc7p5t_AO_RVT_TT_nldm_211120     0.116640       1     0.116640
AOI21xp5_ASAP7_75t_R asap7sc7p5t_AO_RVT_TT_nldm_211120     0.072900       6     0.437400
AOI21xp33_ASAP7_75t_R asap7sc7p5t_AO_RVT_TT_nldm_211120     0.072900       5     0.364500
AOI22x1_ASAP7_75t_R asap7sc7p5t_AO_RVT_TT_nldm_211120     0.145800       1     0.145800
AOI22xp5_ASAP7_75t_R asap7sc7p5t_AO_RVT_TT_nldm_211120     0.087480       7     0.612360
AOI22xp33_ASAP7_75t_R asap7sc7p5t_AO_RVT_TT_nldm_211120     0.087480      17     1.487160
AOI31xp33_ASAP7_75t_R asap7sc7p5t_AO_RVT_TT_nldm_211120     0.087480       1     0.087480
AOI32xp33_ASAP7_75t_R asap7sc7p5t_AO_RVT_TT_nldm_211120     0.102060       1     0.102060
AOI211xp5_ASAP7_75t_R asap7sc7p5t_AO_RVT_TT_nldm_211120     0.087480       3     0.262440
AOI221x1_ASAP7_75t_R asap7sc7p5t_AO_RVT_TT_nldm_211120     0.204120       1     0.204120
AOI221xp5_ASAP7_75t_R asap7sc7p5t_AO_RVT_TT_nldm_211120     0.102060       5     0.510300
AOI222xp33_ASAP7_75t_R asap7sc7p5t_AO_RVT_TT_nldm_211120     0.145800       2     0.291600
AOI321xp33_ASAP7_75t_R asap7sc7p5t_AO_RVT_TT_nldm_211120     0.116640       3     0.349920
AOI333xp33_ASAP7_75t_R asap7sc7p5t_AO_RVT_TT_nldm_211120     0.160380       1     0.160380
BUFx2_ASAP7_75t_R  asap7sc7p5t_INVBUF_RVT_TT_nldm_211120     0.072900       1     0.072900
BUFx3_ASAP7_75t_R  asap7sc7p5t_INVBUF_RVT_TT_nldm_211120     0.087480       5     0.437400
BUFx8_ASAP7_75t_R  asap7sc7p5t_INVBUF_RVT_TT_nldm_211120     0.174960       2     0.349920
DFFASRHQNx1_ASAP7_75t_R asap7sc7p5t_SEQ_RVT_TT_nldm_220123     0.379080      17     6.444360 n
FAx1_ASAP7_75t_R   asap7sc7p5t_SIMPLE_RVT_TT_nldm_211120     0.204120       3     0.612360 r
HB1xp67_ASAP7_75t_R asap7sc7p5t_INVBUF_RVT_TT_nldm_211120     0.058320       1     0.058320
INVx1_ASAP7_75t_R  asap7sc7p5t_INVBUF_RVT_TT_nldm_211120     0.043740     157     6.867180
INVx2_ASAP7_75t_R  asap7sc7p5t_INVBUF_RVT_TT_nldm_211120     0.058320      12     0.699840
INVx3_ASAP7_75t_R  asap7sc7p5t_INVBUF_RVT_TT_nldm_211120     0.072900       3     0.218700
INVx6_ASAP7_75t_R  asap7sc7p5t_INVBUF_RVT_TT_nldm_211120     0.116640       1     0.116640
INVxp33_ASAP7_75t_R asap7sc7p5t_INVBUF_RVT_TT_nldm_211120     0.043740       4     0.174960
INVxp67_ASAP7_75t_R asap7sc7p5t_INVBUF_RVT_TT_nldm_211120     0.043740       6     0.262440
NAND2x1_ASAP7_75t_R asap7sc7p5t_SIMPLE_RVT_TT_nldm_211120     0.087480       5     0.437400
NAND2x1p5_ASAP7_75t_R asap7sc7p5t_SIMPLE_RVT_TT_nldm_211120     0.116640       3     0.349920
NAND2xp5_ASAP7_75t_R asap7sc7p5t_SIMPLE_RVT_TT_nldm_211120     0.058320      90     5.248800
NAND2xp33_ASAP7_75t_R asap7sc7p5t_SIMPLE_RVT_TT_nldm_211120     0.058320       6     0.349920
NAND3x1_ASAP7_75t_R asap7sc7p5t_SIMPLE_RVT_TT_nldm_211120     0.160380       4     0.641520
NAND3xp33_ASAP7_75t_R asap7sc7p5t_SIMPLE_RVT_TT_nldm_211120     0.072900      14     1.020600
NAND4xp25_ASAP7_75t_R asap7sc7p5t_SIMPLE_RVT_TT_nldm_211120     0.087480       2     0.174960
NAND4xp75_ASAP7_75t_R asap7sc7p5t_SIMPLE_RVT_TT_nldm_211120     0.204120       2     0.408240
NAND5xp2_ASAP7_75t_R asap7sc7p5t_SIMPLE_RVT_TT_nldm_211120     0.102060       4     0.408240
NOR2xp33_ASAP7_75t_R asap7sc7p5t_SIMPLE_RVT_TT_nldm_211120     0.058320      13     0.758160
NOR3xp33_ASAP7_75t_R asap7sc7p5t_SIMPLE_RVT_TT_nldm_211120     0.072900       2     0.145800
NOR4xp25_ASAP7_75t_R asap7sc7p5t_SIMPLE_RVT_TT_nldm_211120     0.087480       2     0.174960
NOR5xp2_ASAP7_75t_R asap7sc7p5t_SIMPLE_RVT_TT_nldm_211120     0.102060       4     0.408240
O2A1O1Ixp33_ASAP7_75t_R asap7sc7p5t_OA_RVT_TT_nldm_211120     0.087480       2     0.174960
OA21x2_ASAP7_75t_R asap7sc7p5t_OA_RVT_TT_nldm_211120     0.102060       3     0.306180
OA22x2_ASAP7_75t_R asap7sc7p5t_OA_RVT_TT_nldm_211120     0.145800       2     0.291600
OA31x2_ASAP7_75t_R asap7sc7p5t_OA_RVT_TT_nldm_211120     0.218700       1     0.218700
OAI21xp5_ASAP7_75t_R asap7sc7p5t_OA_RVT_TT_nldm_211120     0.072900      28     2.041200
OAI21xp33_ASAP7_75t_R asap7sc7p5t_OA_RVT_TT_nldm_211120     0.072900       6     0.437400
OAI22x1_ASAP7_75t_R asap7sc7p5t_OA_RVT_TT_nldm_211120     0.145800       5     0.729000
OAI22xp5_ASAP7_75t_R asap7sc7p5t_OA_RVT_TT_nldm_211120     0.087480      40     3.499200
OAI22xp33_ASAP7_75t_R asap7sc7p5t_OA_RVT_TT_nldm_211120     0.087480      12     1.049760
OAI31xp33_ASAP7_75t_R asap7sc7p5t_OA_RVT_TT_nldm_211120     0.087480       3     0.262440
OAI32xp33_ASAP7_75t_R asap7sc7p5t_OA_RVT_TT_nldm_211120     0.102060       2     0.204120
OAI211xp5_ASAP7_75t_R asap7sc7p5t_OA_RVT_TT_nldm_211120     0.087480      15     1.312200
OAI221xp5_ASAP7_75t_R asap7sc7p5t_OA_RVT_TT_nldm_211120     0.102060       8     0.816480
OAI222xp33_ASAP7_75t_R asap7sc7p5t_OA_RVT_TT_nldm_211120     0.145800       5     0.729000
OAI311xp33_ASAP7_75t_R asap7sc7p5t_OA_RVT_TT_nldm_211120     0.102060       1     0.102060
OAI321xp33_ASAP7_75t_R asap7sc7p5t_OA_RVT_TT_nldm_211120     0.116640       3     0.349920
OAI331xp33_ASAP7_75t_R asap7sc7p5t_OA_RVT_TT_nldm_211120     0.131220       2     0.262440
OR2x2_ASAP7_75t_R  asap7sc7p5t_SIMPLE_RVT_TT_nldm_211120     0.087480       1     0.087480
OR4x1_ASAP7_75t_R  asap7sc7p5t_SIMPLE_RVT_TT_nldm_211120     0.102060       1     0.102060
TIEHIx1_ASAP7_75t_R asap7sc7p5t_SIMPLE_RVT_TT_nldm_211120     0.043740       1     0.043740
TIELOx1_ASAP7_75t_R asap7sc7p5t_SIMPLE_RVT_TT_nldm_211120     0.043740       1     0.043740
XNOR2xp5_ASAP7_75t_R asap7sc7p5t_SIMPLE_RVT_TT_nldm_211120     0.131220       3     0.393660
XOR2x2_ASAP7_75t_R asap7sc7p5t_SIMPLE_RVT_TT_nldm_211120     0.160380       2     0.320760
XOR2xp5_ASAP7_75t_R asap7sc7p5t_SIMPLE_RVT_TT_nldm_211120     0.131220       4     0.524880
fp16_add_14_DW01_add_J9_0         7.290000       1      7.290000  h
fp16_add_14_DW01_sub_J12_0        7.625340       1      7.625340  h
-----------------------------------------------------------------------------
Total 72 references                                    63.802080

****************************************
Design: fp16_add_14_DW01_add_J9_0 
****************************************
Reference          Library       Unit Area   Count    Total Area   Attributes
-----------------------------------------------------------------------------
AND2x2_ASAP7_75t_R asap7sc7p5t_SIMPLE_RVT_TT_nldm_211120     0.087480       4     0.349920
AOI21xp5_ASAP7_75t_R asap7sc7p5t_AO_RVT_TT_nldm_211120     0.072900       1     0.072900
AOI21xp33_ASAP7_75t_R asap7sc7p5t_AO_RVT_TT_nldm_211120     0.072900       1     0.072900
AOI22xp5_ASAP7_75t_R asap7sc7p5t_AO_RVT_TT_nldm_211120     0.087480       1     0.087480
AOI31xp67_ASAP7_75t_R asap7sc7p5t_AO_RVT_TT_nldm_211120     0.189540       1     0.189540
AOI211x1_ASAP7_75t_R asap7sc7p5t_AO_RVT_TT_nldm_211120     0.174960       1     0.174960
INVx1_ASAP7_75t_R  asap7sc7p5t_INVBUF_RVT_TT_nldm_211120     0.043740      19     0.831060
NAND2xp5_ASAP7_75t_R asap7sc7p5t_SIMPLE_RVT_TT_nldm_211120     0.058320      23     1.341360
NAND2xp33_ASAP7_75t_R asap7sc7p5t_SIMPLE_RVT_TT_nldm_211120     0.058320       1     0.058320
NAND3xp33_ASAP7_75t_R asap7sc7p5t_SIMPLE_RVT_TT_nldm_211120     0.072900       2     0.145800
NOR2x1_ASAP7_75t_R asap7sc7p5t_SIMPLE_RVT_TT_nldm_211120     0.087480       1     0.087480
NOR2xp33_ASAP7_75t_R asap7sc7p5t_SIMPLE_RVT_TT_nldm_211120     0.058320       5     0.291600
OA21x2_ASAP7_75t_R asap7sc7p5t_OA_RVT_TT_nldm_211120     0.102060       1     0.102060
OA31x2_ASAP7_75t_R asap7sc7p5t_OA_RVT_TT_nldm_211120     0.218700       1     0.218700
OAI21xp5_ASAP7_75t_R asap7sc7p5t_OA_RVT_TT_nldm_211120     0.072900       7     0.510300
OAI22xp5_ASAP7_75t_R asap7sc7p5t_OA_RVT_TT_nldm_211120     0.087480       1     0.087480
OAI31xp67_ASAP7_75t_R asap7sc7p5t_OA_RVT_TT_nldm_211120     0.189540       1     0.189540
OR2x2_ASAP7_75t_R  asap7sc7p5t_SIMPLE_RVT_TT_nldm_211120     0.087480       9     0.787320
OR2x4_ASAP7_75t_R  asap7sc7p5t_SIMPLE_RVT_TT_nldm_211120     0.116640       1     0.116640
XNOR2xp5_ASAP7_75t_R asap7sc7p5t_SIMPLE_RVT_TT_nldm_211120     0.131220       8     1.049760
XOR2xp5_ASAP7_75t_R asap7sc7p5t_SIMPLE_RVT_TT_nldm_211120     0.131220       4     0.524880
-----------------------------------------------------------------------------
Total 21 references                                     7.290000

****************************************
Design: fp16_add_14_DW01_sub_J12_0 
****************************************
Reference          Library       Unit Area   Count    Total Area   Attributes
-----------------------------------------------------------------------------
AND2x2_ASAP7_75t_R asap7sc7p5t_SIMPLE_RVT_TT_nldm_211120     0.087480       2     0.174960
AOI21xp5_ASAP7_75t_R asap7sc7p5t_AO_RVT_TT_nldm_211120     0.072900       1     0.072900
AOI21xp33_ASAP7_75t_R asap7sc7p5t_AO_RVT_TT_nldm_211120     0.072900       2     0.145800
AOI221x1_ASAP7_75t_R asap7sc7p5t_AO_RVT_TT_nldm_211120     0.204120       1     0.204120
INVx1_ASAP7_75t_R  asap7sc7p5t_INVBUF_RVT_TT_nldm_211120     0.043740      36     1.574640
INVxp67_ASAP7_75t_R asap7sc7p5t_INVBUF_RVT_TT_nldm_211120     0.043740       2     0.087480
NAND2xp5_ASAP7_75t_R asap7sc7p5t_SIMPLE_RVT_TT_nldm_211120     0.058320      35     2.041200
NOR2x1_ASAP7_75t_R asap7sc7p5t_SIMPLE_RVT_TT_nldm_211120     0.087480       1     0.087480
NOR2xp33_ASAP7_75t_R asap7sc7p5t_SIMPLE_RVT_TT_nldm_211120     0.058320       5     0.291600
OA21x2_ASAP7_75t_R asap7sc7p5t_OA_RVT_TT_nldm_211120     0.102060       2     0.204120
OAI21x1_ASAP7_75t_R asap7sc7p5t_OA_RVT_TT_nldm_211120     0.116640       1     0.116640
OAI21xp5_ASAP7_75t_R asap7sc7p5t_OA_RVT_TT_nldm_211120     0.072900       3     0.218700
OAI21xp33_ASAP7_75t_R asap7sc7p5t_OA_RVT_TT_nldm_211120     0.072900       6     0.437400
XNOR2xp5_ASAP7_75t_R asap7sc7p5t_SIMPLE_RVT_TT_nldm_211120     0.131220      10     1.312200
XOR2xp5_ASAP7_75t_R asap7sc7p5t_SIMPLE_RVT_TT_nldm_211120     0.131220       5     0.656100
-----------------------------------------------------------------------------
Total 15 references                                     7.625340

****************************************
Design: fp16_add_15 
****************************************
Reference          Library       Unit Area   Count    Total Area   Attributes
-----------------------------------------------------------------------------
A2O1A1Ixp33_ASAP7_75t_R asap7sc7p5t_AO_RVT_TT_nldm_211120     0.087480      10     0.874800
AND2x2_ASAP7_75t_R asap7sc7p5t_SIMPLE_RVT_TT_nldm_211120     0.087480      12     1.049760
AND3x1_ASAP7_75t_R asap7sc7p5t_SIMPLE_RVT_TT_nldm_211120     0.087480       3     0.262440
AO21x1_ASAP7_75t_R asap7sc7p5t_AO_RVT_TT_nldm_211120     0.087480       3     0.262440
AO222x2_ASAP7_75t_R asap7sc7p5t_AO_RVT_TT_nldm_211120     0.174960       1     0.174960
AOI21x1_ASAP7_75t_R asap7sc7p5t_AO_RVT_TT_nldm_211120     0.116640       1     0.116640
AOI21xp5_ASAP7_75t_R asap7sc7p5t_AO_RVT_TT_nldm_211120     0.072900       6     0.437400
AOI21xp33_ASAP7_75t_R asap7sc7p5t_AO_RVT_TT_nldm_211120     0.072900       5     0.364500
AOI22xp5_ASAP7_75t_R asap7sc7p5t_AO_RVT_TT_nldm_211120     0.087480       8     0.699840
AOI22xp33_ASAP7_75t_R asap7sc7p5t_AO_RVT_TT_nldm_211120     0.087480      17     1.487160
AOI31xp33_ASAP7_75t_R asap7sc7p5t_AO_RVT_TT_nldm_211120     0.087480       1     0.087480
AOI32xp33_ASAP7_75t_R asap7sc7p5t_AO_RVT_TT_nldm_211120     0.102060       1     0.102060
AOI211xp5_ASAP7_75t_R asap7sc7p5t_AO_RVT_TT_nldm_211120     0.087480       3     0.262440
AOI221xp5_ASAP7_75t_R asap7sc7p5t_AO_RVT_TT_nldm_211120     0.102060       6     0.612360
AOI222xp33_ASAP7_75t_R asap7sc7p5t_AO_RVT_TT_nldm_211120     0.145800       2     0.291600
AOI321xp33_ASAP7_75t_R asap7sc7p5t_AO_RVT_TT_nldm_211120     0.116640       3     0.349920
AOI333xp33_ASAP7_75t_R asap7sc7p5t_AO_RVT_TT_nldm_211120     0.160380       1     0.160380
BUFx3_ASAP7_75t_R  asap7sc7p5t_INVBUF_RVT_TT_nldm_211120     0.087480       5     0.437400
BUFx8_ASAP7_75t_R  asap7sc7p5t_INVBUF_RVT_TT_nldm_211120     0.174960       2     0.349920
DFFASRHQNx1_ASAP7_75t_R asap7sc7p5t_SEQ_RVT_TT_nldm_220123     0.379080      17     6.444360 n
FAx1_ASAP7_75t_R   asap7sc7p5t_SIMPLE_RVT_TT_nldm_211120     0.204120       3     0.612360 r
HB1xp67_ASAP7_75t_R asap7sc7p5t_INVBUF_RVT_TT_nldm_211120     0.058320       1     0.058320
INVx1_ASAP7_75t_R  asap7sc7p5t_INVBUF_RVT_TT_nldm_211120     0.043740     164     7.173360
INVx2_ASAP7_75t_R  asap7sc7p5t_INVBUF_RVT_TT_nldm_211120     0.058320      10     0.583200
INVx3_ASAP7_75t_R  asap7sc7p5t_INVBUF_RVT_TT_nldm_211120     0.072900       1     0.072900
INVx6_ASAP7_75t_R  asap7sc7p5t_INVBUF_RVT_TT_nldm_211120     0.116640       1     0.116640
INVxp33_ASAP7_75t_R asap7sc7p5t_INVBUF_RVT_TT_nldm_211120     0.043740       2     0.087480
INVxp67_ASAP7_75t_R asap7sc7p5t_INVBUF_RVT_TT_nldm_211120     0.043740       7     0.306180
NAND2x1_ASAP7_75t_R asap7sc7p5t_SIMPLE_RVT_TT_nldm_211120     0.087480       2     0.174960
NAND2x1p5_ASAP7_75t_R asap7sc7p5t_SIMPLE_RVT_TT_nldm_211120     0.116640       1     0.116640
NAND2xp5_ASAP7_75t_R asap7sc7p5t_SIMPLE_RVT_TT_nldm_211120     0.058320      99     5.773680
NAND2xp33_ASAP7_75t_R asap7sc7p5t_SIMPLE_RVT_TT_nldm_211120     0.058320       2     0.116640
NAND3x1_ASAP7_75t_R asap7sc7p5t_SIMPLE_RVT_TT_nldm_211120     0.160380       1     0.160380
NAND3xp33_ASAP7_75t_R asap7sc7p5t_SIMPLE_RVT_TT_nldm_211120     0.072900      17     1.239300
NAND4xp25_ASAP7_75t_R asap7sc7p5t_SIMPLE_RVT_TT_nldm_211120     0.087480       3     0.262440
NAND4xp75_ASAP7_75t_R asap7sc7p5t_SIMPLE_RVT_TT_nldm_211120     0.204120       1     0.204120
NAND5xp2_ASAP7_75t_R asap7sc7p5t_SIMPLE_RVT_TT_nldm_211120     0.102060       4     0.408240
NOR2x1_ASAP7_75t_R asap7sc7p5t_SIMPLE_RVT_TT_nldm_211120     0.087480       2     0.174960
NOR2xp33_ASAP7_75t_R asap7sc7p5t_SIMPLE_RVT_TT_nldm_211120     0.058320      11     0.641520
NOR3xp33_ASAP7_75t_R asap7sc7p5t_SIMPLE_RVT_TT_nldm_211120     0.072900       2     0.145800
NOR4xp25_ASAP7_75t_R asap7sc7p5t_SIMPLE_RVT_TT_nldm_211120     0.087480       2     0.174960
NOR5xp2_ASAP7_75t_R asap7sc7p5t_SIMPLE_RVT_TT_nldm_211120     0.102060       4     0.408240
O2A1O1Ixp33_ASAP7_75t_R asap7sc7p5t_OA_RVT_TT_nldm_211120     0.087480       2     0.174960
OA21x2_ASAP7_75t_R asap7sc7p5t_OA_RVT_TT_nldm_211120     0.102060       3     0.306180
OA22x2_ASAP7_75t_R asap7sc7p5t_OA_RVT_TT_nldm_211120     0.145800       2     0.291600
OA31x2_ASAP7_75t_R asap7sc7p5t_OA_RVT_TT_nldm_211120     0.218700       1     0.218700
OAI21xp5_ASAP7_75t_R asap7sc7p5t_OA_RVT_TT_nldm_211120     0.072900      25     1.822500
OAI21xp33_ASAP7_75t_R asap7sc7p5t_OA_RVT_TT_nldm_211120     0.072900       9     0.656100
OAI22x1_ASAP7_75t_R asap7sc7p5t_OA_RVT_TT_nldm_211120     0.145800       6     0.874800
OAI22xp5_ASAP7_75t_R asap7sc7p5t_OA_RVT_TT_nldm_211120     0.087480      38     3.324240
OAI22xp33_ASAP7_75t_R asap7sc7p5t_OA_RVT_TT_nldm_211120     0.087480      13     1.137240
OAI31xp33_ASAP7_75t_R asap7sc7p5t_OA_RVT_TT_nldm_211120     0.087480       3     0.262440
OAI32xp33_ASAP7_75t_R asap7sc7p5t_OA_RVT_TT_nldm_211120     0.102060       2     0.204120
OAI211xp5_ASAP7_75t_R asap7sc7p5t_OA_RVT_TT_nldm_211120     0.087480      15     1.312200
OAI221xp5_ASAP7_75t_R asap7sc7p5t_OA_RVT_TT_nldm_211120     0.102060       8     0.816480
OAI222xp33_ASAP7_75t_R asap7sc7p5t_OA_RVT_TT_nldm_211120     0.145800       5     0.729000
OAI311xp33_ASAP7_75t_R asap7sc7p5t_OA_RVT_TT_nldm_211120     0.102060       1     0.102060
OAI321xp33_ASAP7_75t_R asap7sc7p5t_OA_RVT_TT_nldm_211120     0.116640       3     0.349920
OAI331xp33_ASAP7_75t_R asap7sc7p5t_OA_RVT_TT_nldm_211120     0.131220       2     0.262440
OR2x4_ASAP7_75t_R  asap7sc7p5t_SIMPLE_RVT_TT_nldm_211120     0.116640       1     0.116640
OR4x1_ASAP7_75t_R  asap7sc7p5t_SIMPLE_RVT_TT_nldm_211120     0.102060       1     0.102060
TIEHIx1_ASAP7_75t_R asap7sc7p5t_SIMPLE_RVT_TT_nldm_211120     0.043740       1     0.043740
TIELOx1_ASAP7_75t_R asap7sc7p5t_SIMPLE_RVT_TT_nldm_211120     0.043740       1     0.043740
XNOR2xp5_ASAP7_75t_R asap7sc7p5t_SIMPLE_RVT_TT_nldm_211120     0.131220       3     0.393660
XOR2x2_ASAP7_75t_R asap7sc7p5t_SIMPLE_RVT_TT_nldm_211120     0.160380       2     0.320760
XOR2xp5_ASAP7_75t_R asap7sc7p5t_SIMPLE_RVT_TT_nldm_211120     0.131220       4     0.524880
fp16_add_15_DW01_add_2            7.290000       1      7.290000  h
fp16_add_15_DW01_sub_5            7.581600       1      7.581600  h
-----------------------------------------------------------------------------
Total 68 references                                    63.102240

****************************************
Design: fp16_add_15_DW01_add_2 
****************************************
Reference          Library       Unit Area   Count    Total Area   Attributes
-----------------------------------------------------------------------------
AND2x2_ASAP7_75t_R asap7sc7p5t_SIMPLE_RVT_TT_nldm_211120     0.087480       4     0.349920
AOI21xp5_ASAP7_75t_R asap7sc7p5t_AO_RVT_TT_nldm_211120     0.072900       2     0.145800
AOI22xp5_ASAP7_75t_R asap7sc7p5t_AO_RVT_TT_nldm_211120     0.087480       1     0.087480
AOI31xp67_ASAP7_75t_R asap7sc7p5t_AO_RVT_TT_nldm_211120     0.189540       1     0.189540
AOI211x1_ASAP7_75t_R asap7sc7p5t_AO_RVT_TT_nldm_211120     0.174960       1     0.174960
INVx1_ASAP7_75t_R  asap7sc7p5t_INVBUF_RVT_TT_nldm_211120     0.043740      19     0.831060
NAND2xp5_ASAP7_75t_R asap7sc7p5t_SIMPLE_RVT_TT_nldm_211120     0.058320      23     1.341360
NAND2xp33_ASAP7_75t_R asap7sc7p5t_SIMPLE_RVT_TT_nldm_211120     0.058320       1     0.058320
NAND3xp33_ASAP7_75t_R asap7sc7p5t_SIMPLE_RVT_TT_nldm_211120     0.072900       2     0.145800
NOR2x1_ASAP7_75t_R asap7sc7p5t_SIMPLE_RVT_TT_nldm_211120     0.087480       1     0.087480
NOR2xp33_ASAP7_75t_R asap7sc7p5t_SIMPLE_RVT_TT_nldm_211120     0.058320       5     0.291600
OA21x2_ASAP7_75t_R asap7sc7p5t_OA_RVT_TT_nldm_211120     0.102060       1     0.102060
OA31x2_ASAP7_75t_R asap7sc7p5t_OA_RVT_TT_nldm_211120     0.218700       1     0.218700
OAI21xp5_ASAP7_75t_R asap7sc7p5t_OA_RVT_TT_nldm_211120     0.072900       7     0.510300
OAI22xp5_ASAP7_75t_R asap7sc7p5t_OA_RVT_TT_nldm_211120     0.087480       1     0.087480
OAI31xp67_ASAP7_75t_R asap7sc7p5t_OA_RVT_TT_nldm_211120     0.189540       1     0.189540
OR2x2_ASAP7_75t_R  asap7sc7p5t_SIMPLE_RVT_TT_nldm_211120     0.087480       9     0.787320
OR2x4_ASAP7_75t_R  asap7sc7p5t_SIMPLE_RVT_TT_nldm_211120     0.116640       1     0.116640
XNOR2xp5_ASAP7_75t_R asap7sc7p5t_SIMPLE_RVT_TT_nldm_211120     0.131220       8     1.049760
XOR2xp5_ASAP7_75t_R asap7sc7p5t_SIMPLE_RVT_TT_nldm_211120     0.131220       4     0.524880
-----------------------------------------------------------------------------
Total 20 references                                     7.290000

****************************************
Design: fp16_add_15_DW01_sub_5 
****************************************
Reference          Library       Unit Area   Count    Total Area   Attributes
-----------------------------------------------------------------------------
AND2x2_ASAP7_75t_R asap7sc7p5t_SIMPLE_RVT_TT_nldm_211120     0.087480       2     0.174960
AOI21xp5_ASAP7_75t_R asap7sc7p5t_AO_RVT_TT_nldm_211120     0.072900       1     0.072900
AOI21xp33_ASAP7_75t_R asap7sc7p5t_AO_RVT_TT_nldm_211120     0.072900       2     0.145800
AOI221x1_ASAP7_75t_R asap7sc7p5t_AO_RVT_TT_nldm_211120     0.204120       1     0.204120
INVx1_ASAP7_75t_R  asap7sc7p5t_INVBUF_RVT_TT_nldm_211120     0.043740      36     1.574640
INVxp33_ASAP7_75t_R asap7sc7p5t_INVBUF_RVT_TT_nldm_211120     0.043740       2     0.087480
NAND2xp5_ASAP7_75t_R asap7sc7p5t_SIMPLE_RVT_TT_nldm_211120     0.058320      35     2.041200
NOR2x1_ASAP7_75t_R asap7sc7p5t_SIMPLE_RVT_TT_nldm_211120     0.087480       1     0.087480
NOR2xp33_ASAP7_75t_R asap7sc7p5t_SIMPLE_RVT_TT_nldm_211120     0.058320       5     0.291600
OA21x2_ASAP7_75t_R asap7sc7p5t_OA_RVT_TT_nldm_211120     0.102060       2     0.204120
OAI21xp5_ASAP7_75t_R asap7sc7p5t_OA_RVT_TT_nldm_211120     0.072900       4     0.291600
OAI21xp33_ASAP7_75t_R asap7sc7p5t_OA_RVT_TT_nldm_211120     0.072900       6     0.437400
XNOR2xp5_ASAP7_75t_R asap7sc7p5t_SIMPLE_RVT_TT_nldm_211120     0.131220      10     1.312200
XOR2xp5_ASAP7_75t_R asap7sc7p5t_SIMPLE_RVT_TT_nldm_211120     0.131220       5     0.656100
-----------------------------------------------------------------------------
Total 14 references                                     7.581600

****************************************
Design: fp16_mult_0 
****************************************
Reference          Library       Unit Area   Count    Total Area   Attributes
-----------------------------------------------------------------------------
A2O1A1Ixp33_ASAP7_75t_R asap7sc7p5t_AO_RVT_TT_nldm_211120     0.087480       1     0.087480
AND2x2_ASAP7_75t_R asap7sc7p5t_SIMPLE_RVT_TT_nldm_211120     0.087480       8     0.699840
AND2x4_ASAP7_75t_R asap7sc7p5t_SIMPLE_RVT_TT_nldm_211120     0.145800       3     0.437400
AO21x2_ASAP7_75t_R asap7sc7p5t_AO_RVT_TT_nldm_211120     0.102060       1     0.102060
AOI21x1_ASAP7_75t_R asap7sc7p5t_AO_RVT_TT_nldm_211120     0.116640       1     0.116640
AOI21xp5_ASAP7_75t_R asap7sc7p5t_AO_RVT_TT_nldm_211120     0.072900       1     0.072900
AOI21xp33_ASAP7_75t_R asap7sc7p5t_AO_RVT_TT_nldm_211120     0.072900       1     0.072900
AOI32xp33_ASAP7_75t_R asap7sc7p5t_AO_RVT_TT_nldm_211120     0.102060       1     0.102060
AOI211xp5_ASAP7_75t_R asap7sc7p5t_AO_RVT_TT_nldm_211120     0.087480       1     0.087480
BUFx3_ASAP7_75t_R  asap7sc7p5t_INVBUF_RVT_TT_nldm_211120     0.087480       2     0.174960
BUFx6f_ASAP7_75t_R asap7sc7p5t_INVBUF_RVT_TT_nldm_211120     0.145800       1     0.145800
BUFx8_ASAP7_75t_R  asap7sc7p5t_INVBUF_RVT_TT_nldm_211120     0.174960       2     0.349920
DFFASRHQNx1_ASAP7_75t_R asap7sc7p5t_SEQ_RVT_TT_nldm_220123     0.379080      17     6.444360 n
FAx1_ASAP7_75t_R   asap7sc7p5t_SIMPLE_RVT_TT_nldm_211120     0.204120       5     1.020600 r
HB1xp67_ASAP7_75t_R asap7sc7p5t_INVBUF_RVT_TT_nldm_211120     0.058320       2     0.116640
INVx1_ASAP7_75t_R  asap7sc7p5t_INVBUF_RVT_TT_nldm_211120     0.043740      62     2.711880
INVx2_ASAP7_75t_R  asap7sc7p5t_INVBUF_RVT_TT_nldm_211120     0.058320       3     0.174960
INVx3_ASAP7_75t_R  asap7sc7p5t_INVBUF_RVT_TT_nldm_211120     0.072900       1     0.072900
INVxp33_ASAP7_75t_R asap7sc7p5t_INVBUF_RVT_TT_nldm_211120     0.043740       6     0.262440
INVxp67_ASAP7_75t_R asap7sc7p5t_INVBUF_RVT_TT_nldm_211120     0.043740       6     0.262440
NAND2x1_ASAP7_75t_R asap7sc7p5t_SIMPLE_RVT_TT_nldm_211120     0.087480       2     0.174960
NAND2x1p5_ASAP7_75t_R asap7sc7p5t_SIMPLE_RVT_TT_nldm_211120     0.116640       1     0.116640
NAND2x2_ASAP7_75t_R asap7sc7p5t_SIMPLE_RVT_TT_nldm_211120     0.145800       1     0.145800
NAND2xp5_ASAP7_75t_R asap7sc7p5t_SIMPLE_RVT_TT_nldm_211120     0.058320      33     1.924560
NAND2xp33_ASAP7_75t_R asap7sc7p5t_SIMPLE_RVT_TT_nldm_211120     0.058320       5     0.291600
NAND3x1_ASAP7_75t_R asap7sc7p5t_SIMPLE_RVT_TT_nldm_211120     0.160380       1     0.160380
NAND3xp33_ASAP7_75t_R asap7sc7p5t_SIMPLE_RVT_TT_nldm_211120     0.072900       2     0.145800
NAND4xp25_ASAP7_75t_R asap7sc7p5t_SIMPLE_RVT_TT_nldm_211120     0.087480       2     0.174960
NAND5xp2_ASAP7_75t_R asap7sc7p5t_SIMPLE_RVT_TT_nldm_211120     0.102060       3     0.306180
NOR2x1_ASAP7_75t_R asap7sc7p5t_SIMPLE_RVT_TT_nldm_211120     0.087480       3     0.262440
NOR2x1p5_ASAP7_75t_R asap7sc7p5t_SIMPLE_RVT_TT_nldm_211120     0.116640       1     0.116640
NOR2xp33_ASAP7_75t_R asap7sc7p5t_SIMPLE_RVT_TT_nldm_211120     0.058320      16     0.933120
NOR2xp67_ASAP7_75t_R asap7sc7p5t_SIMPLE_RVT_TT_nldm_211120     0.087480       3     0.262440
NOR3xp33_ASAP7_75t_R asap7sc7p5t_SIMPLE_RVT_TT_nldm_211120     0.072900       2     0.145800
NOR5xp2_ASAP7_75t_R asap7sc7p5t_SIMPLE_RVT_TT_nldm_211120     0.102060       4     0.408240
O2A1O1Ixp33_ASAP7_75t_R asap7sc7p5t_OA_RVT_TT_nldm_211120     0.087480       1     0.087480
OA21x2_ASAP7_75t_R asap7sc7p5t_OA_RVT_TT_nldm_211120     0.102060       1     0.102060
OAI21xp5_ASAP7_75t_R asap7sc7p5t_OA_RVT_TT_nldm_211120     0.072900       4     0.291600
OAI21xp33_ASAP7_75t_R asap7sc7p5t_OA_RVT_TT_nldm_211120     0.072900      20     1.458000
OAI22xp33_ASAP7_75t_R asap7sc7p5t_OA_RVT_TT_nldm_211120     0.087480       1     0.087480
OAI31xp33_ASAP7_75t_R asap7sc7p5t_OA_RVT_TT_nldm_211120     0.087480       1     0.087480
OAI211xp5_ASAP7_75t_R asap7sc7p5t_OA_RVT_TT_nldm_211120     0.087480      10     0.874800
OAI311xp33_ASAP7_75t_R asap7sc7p5t_OA_RVT_TT_nldm_211120     0.102060       1     0.102060
OR2x2_ASAP7_75t_R  asap7sc7p5t_SIMPLE_RVT_TT_nldm_211120     0.087480       1     0.087480
OR3x1_ASAP7_75t_R  asap7sc7p5t_SIMPLE_RVT_TT_nldm_211120     0.087480       1     0.087480
OR5x1_ASAP7_75t_R  asap7sc7p5t_SIMPLE_RVT_TT_nldm_211120     0.116640       1     0.116640
TIEHIx1_ASAP7_75t_R asap7sc7p5t_SIMPLE_RVT_TT_nldm_211120     0.043740       1     0.043740
TIELOx1_ASAP7_75t_R asap7sc7p5t_SIMPLE_RVT_TT_nldm_211120     0.043740       1     0.043740
XOR2x1_ASAP7_75t_R asap7sc7p5t_SIMPLE_RVT_TT_nldm_211120     0.174960       1     0.174960
XOR2x2_ASAP7_75t_R asap7sc7p5t_SIMPLE_RVT_TT_nldm_211120     0.160380       1     0.160380
XOR2xp5_ASAP7_75t_R asap7sc7p5t_SIMPLE_RVT_TT_nldm_211120     0.131220       2     0.262440
fp16_mult_0_DW02_mult_0          47.312100       1     47.312100  h
-----------------------------------------------------------------------------
Total 52 references                                    70.465140

****************************************
Design: fp16_mult_0_DW02_mult_0 
****************************************
Reference          Library       Unit Area   Count    Total Area   Attributes
-----------------------------------------------------------------------------
AND2x2_ASAP7_75t_R asap7sc7p5t_SIMPLE_RVT_TT_nldm_211120     0.087480     113     9.885240
AND2x4_ASAP7_75t_R asap7sc7p5t_SIMPLE_RVT_TT_nldm_211120     0.145800       3     0.437400
BUFx3_ASAP7_75t_R  asap7sc7p5t_INVBUF_RVT_TT_nldm_211120     0.087480       2     0.174960
FAx1_ASAP7_75t_R   asap7sc7p5t_SIMPLE_RVT_TT_nldm_211120     0.204120      90    18.370800 r
HB1xp67_ASAP7_75t_R asap7sc7p5t_INVBUF_RVT_TT_nldm_211120     0.058320       1     0.058320
INVx1_ASAP7_75t_R  asap7sc7p5t_INVBUF_RVT_TT_nldm_211120     0.043740     186     8.135640
INVx2_ASAP7_75t_R  asap7sc7p5t_INVBUF_RVT_TT_nldm_211120     0.058320       1     0.058320
INVxp33_ASAP7_75t_R asap7sc7p5t_INVBUF_RVT_TT_nldm_211120     0.043740       2     0.087480
INVxp67_ASAP7_75t_R asap7sc7p5t_INVBUF_RVT_TT_nldm_211120     0.043740       9     0.393660
NAND2x1p5_ASAP7_75t_R asap7sc7p5t_SIMPLE_RVT_TT_nldm_211120     0.116640       1     0.116640
NAND2xp5_ASAP7_75t_R asap7sc7p5t_SIMPLE_RVT_TT_nldm_211120     0.058320       1     0.058320
NOR2x1_ASAP7_75t_R asap7sc7p5t_SIMPLE_RVT_TT_nldm_211120     0.087480       2     0.174960
NOR2xp33_ASAP7_75t_R asap7sc7p5t_SIMPLE_RVT_TT_nldm_211120     0.058320      22     1.283040
TIELOx1_ASAP7_75t_R asap7sc7p5t_SIMPLE_RVT_TT_nldm_211120     0.043740       1     0.043740
XOR2x2_ASAP7_75t_R asap7sc7p5t_SIMPLE_RVT_TT_nldm_211120     0.160380       1     0.160380
XOR2xp5_ASAP7_75t_R asap7sc7p5t_SIMPLE_RVT_TT_nldm_211120     0.131220      19     2.493180
fp16_mult_0_DW01_add_J13_0        5.380020       1      5.380020  h
-----------------------------------------------------------------------------
Total 17 references                                    47.312100

****************************************
Design: fp16_mult_0_DW01_add_J13_0 
****************************************
Reference          Library       Unit Area   Count    Total Area   Attributes
-----------------------------------------------------------------------------
AND2x2_ASAP7_75t_R asap7sc7p5t_SIMPLE_RVT_TT_nldm_211120     0.087480       2     0.174960
AO31x2_ASAP7_75t_R asap7sc7p5t_AO_RVT_TT_nldm_211120     0.233280       1     0.233280
AOI21xp5_ASAP7_75t_R asap7sc7p5t_AO_RVT_TT_nldm_211120     0.072900       1     0.072900
INVx1_ASAP7_75t_R  asap7sc7p5t_INVBUF_RVT_TT_nldm_211120     0.043740      14     0.612360
INVx2_ASAP7_75t_R  asap7sc7p5t_INVBUF_RVT_TT_nldm_211120     0.058320       1     0.058320
INVxp33_ASAP7_75t_R asap7sc7p5t_INVBUF_RVT_TT_nldm_211120     0.043740       4     0.174960
NAND2xp5_ASAP7_75t_R asap7sc7p5t_SIMPLE_RVT_TT_nldm_211120     0.058320      16     0.933120
NAND2xp33_ASAP7_75t_R asap7sc7p5t_SIMPLE_RVT_TT_nldm_211120     0.058320       1     0.058320
NAND4xp25_ASAP7_75t_R asap7sc7p5t_SIMPLE_RVT_TT_nldm_211120     0.087480       1     0.087480
NOR2x1_ASAP7_75t_R asap7sc7p5t_SIMPLE_RVT_TT_nldm_211120     0.087480       1     0.087480
NOR2xp33_ASAP7_75t_R asap7sc7p5t_SIMPLE_RVT_TT_nldm_211120     0.058320       4     0.233280
OAI21x1_ASAP7_75t_R asap7sc7p5t_OA_RVT_TT_nldm_211120     0.116640       1     0.116640
OAI21xp5_ASAP7_75t_R asap7sc7p5t_OA_RVT_TT_nldm_211120     0.072900       3     0.218700
OAI21xp33_ASAP7_75t_R asap7sc7p5t_OA_RVT_TT_nldm_211120     0.072900       1     0.072900
OAI222xp33_ASAP7_75t_R asap7sc7p5t_OA_RVT_TT_nldm_211120     0.145800       1     0.145800
OR2x2_ASAP7_75t_R  asap7sc7p5t_SIMPLE_RVT_TT_nldm_211120     0.087480       6     0.524880
XNOR2xp5_ASAP7_75t_R asap7sc7p5t_SIMPLE_RVT_TT_nldm_211120     0.131220       8     1.049760
XOR2xp5_ASAP7_75t_R asap7sc7p5t_SIMPLE_RVT_TT_nldm_211120     0.131220       4     0.524880
-----------------------------------------------------------------------------
Total 18 references                                     5.380020

****************************************
Design: fp16_mult_1 
****************************************
Reference          Library       Unit Area   Count    Total Area   Attributes
-----------------------------------------------------------------------------
A2O1A1Ixp33_ASAP7_75t_R asap7sc7p5t_AO_RVT_TT_nldm_211120     0.087480       1     0.087480
AND2x2_ASAP7_75t_R asap7sc7p5t_SIMPLE_RVT_TT_nldm_211120     0.087480       8     0.699840
AND2x4_ASAP7_75t_R asap7sc7p5t_SIMPLE_RVT_TT_nldm_211120     0.145800       1     0.145800
AO21x2_ASAP7_75t_R asap7sc7p5t_AO_RVT_TT_nldm_211120     0.102060       1     0.102060
AOI21x1_ASAP7_75t_R asap7sc7p5t_AO_RVT_TT_nldm_211120     0.116640       1     0.116640
AOI21xp5_ASAP7_75t_R asap7sc7p5t_AO_RVT_TT_nldm_211120     0.072900       1     0.072900
AOI32xp33_ASAP7_75t_R asap7sc7p5t_AO_RVT_TT_nldm_211120     0.102060       1     0.102060
AOI211xp5_ASAP7_75t_R asap7sc7p5t_AO_RVT_TT_nldm_211120     0.087480       1     0.087480
BUFx6f_ASAP7_75t_R asap7sc7p5t_INVBUF_RVT_TT_nldm_211120     0.145800       2     0.291600
BUFx8_ASAP7_75t_R  asap7sc7p5t_INVBUF_RVT_TT_nldm_211120     0.174960       2     0.349920
DFFASRHQNx1_ASAP7_75t_R asap7sc7p5t_SEQ_RVT_TT_nldm_220123     0.379080      17     6.444360 n
FAx1_ASAP7_75t_R   asap7sc7p5t_SIMPLE_RVT_TT_nldm_211120     0.204120       5     1.020600 r
HB1xp67_ASAP7_75t_R asap7sc7p5t_INVBUF_RVT_TT_nldm_211120     0.058320       4     0.233280
INVx1_ASAP7_75t_R  asap7sc7p5t_INVBUF_RVT_TT_nldm_211120     0.043740      61     2.668140
INVx2_ASAP7_75t_R  asap7sc7p5t_INVBUF_RVT_TT_nldm_211120     0.058320       2     0.116640
INVx8_ASAP7_75t_R  asap7sc7p5t_INVBUF_RVT_TT_nldm_211120     0.145800       1     0.145800
INVxp33_ASAP7_75t_R asap7sc7p5t_INVBUF_RVT_TT_nldm_211120     0.043740       6     0.262440
INVxp67_ASAP7_75t_R asap7sc7p5t_INVBUF_RVT_TT_nldm_211120     0.043740       7     0.306180
NAND2x1_ASAP7_75t_R asap7sc7p5t_SIMPLE_RVT_TT_nldm_211120     0.087480       3     0.262440
NAND2x1p5_ASAP7_75t_R asap7sc7p5t_SIMPLE_RVT_TT_nldm_211120     0.116640       2     0.233280
NAND2xp5_ASAP7_75t_R asap7sc7p5t_SIMPLE_RVT_TT_nldm_211120     0.058320      33     1.924560
NAND2xp33_ASAP7_75t_R asap7sc7p5t_SIMPLE_RVT_TT_nldm_211120     0.058320       4     0.233280
NAND3x1_ASAP7_75t_R asap7sc7p5t_SIMPLE_RVT_TT_nldm_211120     0.160380       2     0.320760
NAND3xp33_ASAP7_75t_R asap7sc7p5t_SIMPLE_RVT_TT_nldm_211120     0.072900       2     0.145800
NAND4xp25_ASAP7_75t_R asap7sc7p5t_SIMPLE_RVT_TT_nldm_211120     0.087480       2     0.174960
NAND5xp2_ASAP7_75t_R asap7sc7p5t_SIMPLE_RVT_TT_nldm_211120     0.102060       3     0.306180
NOR2x1p5_ASAP7_75t_R asap7sc7p5t_SIMPLE_RVT_TT_nldm_211120     0.116640       2     0.233280
NOR2xp33_ASAP7_75t_R asap7sc7p5t_SIMPLE_RVT_TT_nldm_211120     0.058320      19     1.108080
NOR2xp67_ASAP7_75t_R asap7sc7p5t_SIMPLE_RVT_TT_nldm_211120     0.087480       3     0.262440
NOR3xp33_ASAP7_75t_R asap7sc7p5t_SIMPLE_RVT_TT_nldm_211120     0.072900       2     0.145800
NOR5xp2_ASAP7_75t_R asap7sc7p5t_SIMPLE_RVT_TT_nldm_211120     0.102060       4     0.408240
O2A1O1Ixp33_ASAP7_75t_R asap7sc7p5t_OA_RVT_TT_nldm_211120     0.087480       1     0.087480
OA21x2_ASAP7_75t_R asap7sc7p5t_OA_RVT_TT_nldm_211120     0.102060       1     0.102060
OAI21xp5_ASAP7_75t_R asap7sc7p5t_OA_RVT_TT_nldm_211120     0.072900       8     0.583200
OAI21xp33_ASAP7_75t_R asap7sc7p5t_OA_RVT_TT_nldm_211120     0.072900      16     1.166400
OAI22xp5_ASAP7_75t_R asap7sc7p5t_OA_RVT_TT_nldm_211120     0.087480       1     0.087480
OAI31xp67_ASAP7_75t_R asap7sc7p5t_OA_RVT_TT_nldm_211120     0.189540       1     0.189540
OAI211xp5_ASAP7_75t_R asap7sc7p5t_OA_RVT_TT_nldm_211120     0.087480      10     0.874800
OAI311xp33_ASAP7_75t_R asap7sc7p5t_OA_RVT_TT_nldm_211120     0.102060       1     0.102060
OR2x2_ASAP7_75t_R  asap7sc7p5t_SIMPLE_RVT_TT_nldm_211120     0.087480       1     0.087480
OR3x1_ASAP7_75t_R  asap7sc7p5t_SIMPLE_RVT_TT_nldm_211120     0.087480       1     0.087480
OR5x1_ASAP7_75t_R  asap7sc7p5t_SIMPLE_RVT_TT_nldm_211120     0.116640       1     0.116640
TIEHIx1_ASAP7_75t_R asap7sc7p5t_SIMPLE_RVT_TT_nldm_211120     0.043740       1     0.043740
TIELOx1_ASAP7_75t_R asap7sc7p5t_SIMPLE_RVT_TT_nldm_211120     0.043740       1     0.043740
XOR2x1_ASAP7_75t_R asap7sc7p5t_SIMPLE_RVT_TT_nldm_211120     0.174960       1     0.174960
XOR2x2_ASAP7_75t_R asap7sc7p5t_SIMPLE_RVT_TT_nldm_211120     0.160380       1     0.160380
XOR2xp5_ASAP7_75t_R asap7sc7p5t_SIMPLE_RVT_TT_nldm_211120     0.131220       2     0.262440
fp16_mult_1_DW02_mult_0_DW02_mult_6    47.326680       1    47.326680 h
-----------------------------------------------------------------------------
Total 48 references                                    70.508880

****************************************
Design: fp16_mult_1_DW02_mult_0_DW02_mult_6 
****************************************
Reference          Library       Unit Area   Count    Total Area   Attributes
-----------------------------------------------------------------------------
AND2x2_ASAP7_75t_R asap7sc7p5t_SIMPLE_RVT_TT_nldm_211120     0.087480     114     9.972720
AND2x4_ASAP7_75t_R asap7sc7p5t_SIMPLE_RVT_TT_nldm_211120     0.145800       5     0.729000
BUFx3_ASAP7_75t_R  asap7sc7p5t_INVBUF_RVT_TT_nldm_211120     0.087480       2     0.174960
FAx1_ASAP7_75t_R   asap7sc7p5t_SIMPLE_RVT_TT_nldm_211120     0.204120      90    18.370800 r
HB1xp67_ASAP7_75t_R asap7sc7p5t_INVBUF_RVT_TT_nldm_211120     0.058320       3     0.174960
INVx1_ASAP7_75t_R  asap7sc7p5t_INVBUF_RVT_TT_nldm_211120     0.043740     189     8.266860
INVxp33_ASAP7_75t_R asap7sc7p5t_INVBUF_RVT_TT_nldm_211120     0.043740       3     0.131220
INVxp67_ASAP7_75t_R asap7sc7p5t_INVBUF_RVT_TT_nldm_211120     0.043740       2     0.087480
NOR2x1_ASAP7_75t_R asap7sc7p5t_SIMPLE_RVT_TT_nldm_211120     0.087480       1     0.087480
NOR2xp33_ASAP7_75t_R asap7sc7p5t_SIMPLE_RVT_TT_nldm_211120     0.058320      21     1.224720
TIELOx1_ASAP7_75t_R asap7sc7p5t_SIMPLE_RVT_TT_nldm_211120     0.043740       1     0.043740
XOR2x1_ASAP7_75t_R asap7sc7p5t_SIMPLE_RVT_TT_nldm_211120     0.174960       1     0.174960
XOR2x2_ASAP7_75t_R asap7sc7p5t_SIMPLE_RVT_TT_nldm_211120     0.160380       3     0.481140
XOR2xp5_ASAP7_75t_R asap7sc7p5t_SIMPLE_RVT_TT_nldm_211120     0.131220      16     2.099520
fp16_mult_1_DW01_add_J15_0        5.307120       1      5.307120  h
-----------------------------------------------------------------------------
Total 15 references                                    47.326680

****************************************
Design: fp16_mult_1_DW01_add_J15_0 
****************************************
Reference          Library       Unit Area   Count    Total Area   Attributes
-----------------------------------------------------------------------------
AND2x2_ASAP7_75t_R asap7sc7p5t_SIMPLE_RVT_TT_nldm_211120     0.087480       2     0.174960
AO31x2_ASAP7_75t_R asap7sc7p5t_AO_RVT_TT_nldm_211120     0.233280       1     0.233280
AOI21xp5_ASAP7_75t_R asap7sc7p5t_AO_RVT_TT_nldm_211120     0.072900       1     0.072900
INVx1_ASAP7_75t_R  asap7sc7p5t_INVBUF_RVT_TT_nldm_211120     0.043740      12     0.524880
INVx2_ASAP7_75t_R  asap7sc7p5t_INVBUF_RVT_TT_nldm_211120     0.058320       1     0.058320
INVxp33_ASAP7_75t_R asap7sc7p5t_INVBUF_RVT_TT_nldm_211120     0.043740       3     0.131220
NAND2x1p5_ASAP7_75t_R asap7sc7p5t_SIMPLE_RVT_TT_nldm_211120     0.116640       1     0.116640
NAND2xp5_ASAP7_75t_R asap7sc7p5t_SIMPLE_RVT_TT_nldm_211120     0.058320      14     0.816480
NAND4xp25_ASAP7_75t_R asap7sc7p5t_SIMPLE_RVT_TT_nldm_211120     0.087480       1     0.087480
NOR2xp33_ASAP7_75t_R asap7sc7p5t_SIMPLE_RVT_TT_nldm_211120     0.058320       4     0.233280
NOR2xp67_ASAP7_75t_R asap7sc7p5t_SIMPLE_RVT_TT_nldm_211120     0.087480       1     0.087480
OAI21x1_ASAP7_75t_R asap7sc7p5t_OA_RVT_TT_nldm_211120     0.116640       2     0.233280
OAI21xp5_ASAP7_75t_R asap7sc7p5t_OA_RVT_TT_nldm_211120     0.072900       3     0.218700
OAI21xp33_ASAP7_75t_R asap7sc7p5t_OA_RVT_TT_nldm_211120     0.072900       1     0.072900
OAI222xp33_ASAP7_75t_R asap7sc7p5t_OA_RVT_TT_nldm_211120     0.145800       1     0.145800
OR2x2_ASAP7_75t_R  asap7sc7p5t_SIMPLE_RVT_TT_nldm_211120     0.087480       6     0.524880
XNOR2xp5_ASAP7_75t_R asap7sc7p5t_SIMPLE_RVT_TT_nldm_211120     0.131220       9     1.180980
XOR2xp5_ASAP7_75t_R asap7sc7p5t_SIMPLE_RVT_TT_nldm_211120     0.131220       3     0.393660
-----------------------------------------------------------------------------
Total 18 references                                     5.307120

****************************************
Design: fp16_mult_2 
****************************************
Reference          Library       Unit Area   Count    Total Area   Attributes
-----------------------------------------------------------------------------
A2O1A1Ixp33_ASAP7_75t_R asap7sc7p5t_AO_RVT_TT_nldm_211120     0.087480       1     0.087480
AND2x2_ASAP7_75t_R asap7sc7p5t_SIMPLE_RVT_TT_nldm_211120     0.087480       9     0.787320
AND2x4_ASAP7_75t_R asap7sc7p5t_SIMPLE_RVT_TT_nldm_211120     0.145800       2     0.291600
AOI21x1_ASAP7_75t_R asap7sc7p5t_AO_RVT_TT_nldm_211120     0.116640       2     0.233280
AOI32xp33_ASAP7_75t_R asap7sc7p5t_AO_RVT_TT_nldm_211120     0.102060       1     0.102060
AOI211xp5_ASAP7_75t_R asap7sc7p5t_AO_RVT_TT_nldm_211120     0.087480       1     0.087480
BUFx6f_ASAP7_75t_R asap7sc7p5t_INVBUF_RVT_TT_nldm_211120     0.145800       1     0.145800
BUFx8_ASAP7_75t_R  asap7sc7p5t_INVBUF_RVT_TT_nldm_211120     0.174960       2     0.349920
DFFASRHQNx1_ASAP7_75t_R asap7sc7p5t_SEQ_RVT_TT_nldm_220123     0.379080      17     6.444360 n
FAx1_ASAP7_75t_R   asap7sc7p5t_SIMPLE_RVT_TT_nldm_211120     0.204120       5     1.020600 r
HB1xp67_ASAP7_75t_R asap7sc7p5t_INVBUF_RVT_TT_nldm_211120     0.058320       1     0.058320
INVx1_ASAP7_75t_R  asap7sc7p5t_INVBUF_RVT_TT_nldm_211120     0.043740      66     2.886840
INVx5_ASAP7_75t_R  asap7sc7p5t_INVBUF_RVT_TT_nldm_211120     0.102060       1     0.102060
INVxp33_ASAP7_75t_R asap7sc7p5t_INVBUF_RVT_TT_nldm_211120     0.043740       7     0.306180
INVxp67_ASAP7_75t_R asap7sc7p5t_INVBUF_RVT_TT_nldm_211120     0.043740       2     0.087480
NAND2x1_ASAP7_75t_R asap7sc7p5t_SIMPLE_RVT_TT_nldm_211120     0.087480       3     0.262440
NAND2x1p5_ASAP7_75t_R asap7sc7p5t_SIMPLE_RVT_TT_nldm_211120     0.116640       3     0.349920
NAND2xp5_ASAP7_75t_R asap7sc7p5t_SIMPLE_RVT_TT_nldm_211120     0.058320      33     1.924560
NAND2xp33_ASAP7_75t_R asap7sc7p5t_SIMPLE_RVT_TT_nldm_211120     0.058320       4     0.233280
NAND3x1_ASAP7_75t_R asap7sc7p5t_SIMPLE_RVT_TT_nldm_211120     0.160380       1     0.160380
NAND3xp33_ASAP7_75t_R asap7sc7p5t_SIMPLE_RVT_TT_nldm_211120     0.072900       3     0.218700
NAND4xp25_ASAP7_75t_R asap7sc7p5t_SIMPLE_RVT_TT_nldm_211120     0.087480       2     0.174960
NAND5xp2_ASAP7_75t_R asap7sc7p5t_SIMPLE_RVT_TT_nldm_211120     0.102060       3     0.306180
NOR2x1_ASAP7_75t_R asap7sc7p5t_SIMPLE_RVT_TT_nldm_211120     0.087480       1     0.087480
NOR2x1p5_ASAP7_75t_R asap7sc7p5t_SIMPLE_RVT_TT_nldm_211120     0.116640       2     0.233280
NOR2xp33_ASAP7_75t_R asap7sc7p5t_SIMPLE_RVT_TT_nldm_211120     0.058320      19     1.108080
NOR2xp67_ASAP7_75t_R asap7sc7p5t_SIMPLE_RVT_TT_nldm_211120     0.087480       4     0.349920
NOR3xp33_ASAP7_75t_R asap7sc7p5t_SIMPLE_RVT_TT_nldm_211120     0.072900       2     0.145800
NOR5xp2_ASAP7_75t_R asap7sc7p5t_SIMPLE_RVT_TT_nldm_211120     0.102060       4     0.408240
O2A1O1Ixp5_ASAP7_75t_R asap7sc7p5t_OA_RVT_TT_nldm_211120     0.116640       1     0.116640
OA21x2_ASAP7_75t_R asap7sc7p5t_OA_RVT_TT_nldm_211120     0.102060       2     0.204120
OAI21xp5_ASAP7_75t_R asap7sc7p5t_OA_RVT_TT_nldm_211120     0.072900      10     0.729000
OAI21xp33_ASAP7_75t_R asap7sc7p5t_OA_RVT_TT_nldm_211120     0.072900      13     0.947700
OAI22xp33_ASAP7_75t_R asap7sc7p5t_OA_RVT_TT_nldm_211120     0.087480       1     0.087480
OAI31xp33_ASAP7_75t_R asap7sc7p5t_OA_RVT_TT_nldm_211120     0.087480       1     0.087480
OAI211xp5_ASAP7_75t_R asap7sc7p5t_OA_RVT_TT_nldm_211120     0.087480      10     0.874800
OAI311xp33_ASAP7_75t_R asap7sc7p5t_OA_RVT_TT_nldm_211120     0.102060       1     0.102060
OR2x2_ASAP7_75t_R  asap7sc7p5t_SIMPLE_RVT_TT_nldm_211120     0.087480       1     0.087480
OR2x6_ASAP7_75t_R  asap7sc7p5t_SIMPLE_RVT_TT_nldm_211120     0.174960       1     0.174960
OR3x1_ASAP7_75t_R  asap7sc7p5t_SIMPLE_RVT_TT_nldm_211120     0.087480       1     0.087480
OR5x2_ASAP7_75t_R  asap7sc7p5t_SIMPLE_RVT_TT_nldm_211120     0.131220       1     0.131220
TIEHIx1_ASAP7_75t_R asap7sc7p5t_SIMPLE_RVT_TT_nldm_211120     0.043740       1     0.043740
TIELOx1_ASAP7_75t_R asap7sc7p5t_SIMPLE_RVT_TT_nldm_211120     0.043740       1     0.043740
XOR2xp5_ASAP7_75t_R asap7sc7p5t_SIMPLE_RVT_TT_nldm_211120     0.131220       4     0.524880
fp16_mult_2_DW02_mult_0_DW02_mult_5    47.720340       1    47.720340 h
-----------------------------------------------------------------------------
Total 45 references                                    70.917120

****************************************
Design: fp16_mult_2_DW02_mult_0_DW02_mult_5 
****************************************
Reference          Library       Unit Area   Count    Total Area   Attributes
-----------------------------------------------------------------------------
AND2x2_ASAP7_75t_R asap7sc7p5t_SIMPLE_RVT_TT_nldm_211120     0.087480     113     9.885240
AND2x4_ASAP7_75t_R asap7sc7p5t_SIMPLE_RVT_TT_nldm_211120     0.145800       5     0.729000
BUFx2_ASAP7_75t_R  asap7sc7p5t_INVBUF_RVT_TT_nldm_211120     0.072900       1     0.072900
BUFx6f_ASAP7_75t_R asap7sc7p5t_INVBUF_RVT_TT_nldm_211120     0.145800       1     0.145800
FAx1_ASAP7_75t_R   asap7sc7p5t_SIMPLE_RVT_TT_nldm_211120     0.204120      90    18.370800 r
INVx1_ASAP7_75t_R  asap7sc7p5t_INVBUF_RVT_TT_nldm_211120     0.043740     190     8.310600
INVx2_ASAP7_75t_R  asap7sc7p5t_INVBUF_RVT_TT_nldm_211120     0.058320       2     0.116640
INVxp33_ASAP7_75t_R asap7sc7p5t_INVBUF_RVT_TT_nldm_211120     0.043740       3     0.131220
INVxp67_ASAP7_75t_R asap7sc7p5t_INVBUF_RVT_TT_nldm_211120     0.043740       4     0.174960
NAND2x1p5_ASAP7_75t_R asap7sc7p5t_SIMPLE_RVT_TT_nldm_211120     0.116640       1     0.116640
NOR2x1_ASAP7_75t_R asap7sc7p5t_SIMPLE_RVT_TT_nldm_211120     0.087480       4     0.349920
NOR2xp33_ASAP7_75t_R asap7sc7p5t_SIMPLE_RVT_TT_nldm_211120     0.058320      18     1.049760
TIELOx1_ASAP7_75t_R asap7sc7p5t_SIMPLE_RVT_TT_nldm_211120     0.043740       1     0.043740
XOR2x1_ASAP7_75t_R asap7sc7p5t_SIMPLE_RVT_TT_nldm_211120     0.174960       1     0.174960
XOR2x2_ASAP7_75t_R asap7sc7p5t_SIMPLE_RVT_TT_nldm_211120     0.160380       1     0.160380
XOR2xp5_ASAP7_75t_R asap7sc7p5t_SIMPLE_RVT_TT_nldm_211120     0.131220      18     2.361960
fp16_mult_2_DW01_add_J14_0        5.525820       1      5.525820  h
-----------------------------------------------------------------------------
Total 17 references                                    47.720340

****************************************
Design: fp16_mult_2_DW01_add_J14_0 
****************************************
Reference          Library       Unit Area   Count    Total Area   Attributes
-----------------------------------------------------------------------------
AND2x2_ASAP7_75t_R asap7sc7p5t_SIMPLE_RVT_TT_nldm_211120     0.087480       2     0.174960
AO31x2_ASAP7_75t_R asap7sc7p5t_AO_RVT_TT_nldm_211120     0.233280       1     0.233280
AOI21xp5_ASAP7_75t_R asap7sc7p5t_AO_RVT_TT_nldm_211120     0.072900       1     0.072900
HB1xp67_ASAP7_75t_R asap7sc7p5t_INVBUF_RVT_TT_nldm_211120     0.058320       1     0.058320
INVx1_ASAP7_75t_R  asap7sc7p5t_INVBUF_RVT_TT_nldm_211120     0.043740      11     0.481140
INVxp33_ASAP7_75t_R asap7sc7p5t_INVBUF_RVT_TT_nldm_211120     0.043740       3     0.131220
INVxp67_ASAP7_75t_R asap7sc7p5t_INVBUF_RVT_TT_nldm_211120     0.043740       1     0.043740
NAND2x1_ASAP7_75t_R asap7sc7p5t_SIMPLE_RVT_TT_nldm_211120     0.087480       2     0.174960
NAND2xp5_ASAP7_75t_R asap7sc7p5t_SIMPLE_RVT_TT_nldm_211120     0.058320      13     0.758160
NAND2xp33_ASAP7_75t_R asap7sc7p5t_SIMPLE_RVT_TT_nldm_211120     0.058320       2     0.116640
NAND4xp25_ASAP7_75t_R asap7sc7p5t_SIMPLE_RVT_TT_nldm_211120     0.087480       1     0.087480
NOR2x1_ASAP7_75t_R asap7sc7p5t_SIMPLE_RVT_TT_nldm_211120     0.087480       1     0.087480
NOR2xp33_ASAP7_75t_R asap7sc7p5t_SIMPLE_RVT_TT_nldm_211120     0.058320       4     0.233280
NOR2xp67_ASAP7_75t_R asap7sc7p5t_SIMPLE_RVT_TT_nldm_211120     0.087480       1     0.087480
OAI21x1_ASAP7_75t_R asap7sc7p5t_OA_RVT_TT_nldm_211120     0.116640       2     0.233280
OAI21xp5_ASAP7_75t_R asap7sc7p5t_OA_RVT_TT_nldm_211120     0.072900       2     0.145800
OAI21xp33_ASAP7_75t_R asap7sc7p5t_OA_RVT_TT_nldm_211120     0.072900       1     0.072900
OAI222xp33_ASAP7_75t_R asap7sc7p5t_OA_RVT_TT_nldm_211120     0.145800       1     0.145800
OR2x2_ASAP7_75t_R  asap7sc7p5t_SIMPLE_RVT_TT_nldm_211120     0.087480       7     0.612360
XNOR2xp5_ASAP7_75t_R asap7sc7p5t_SIMPLE_RVT_TT_nldm_211120     0.131220       9     1.180980
XOR2xp5_ASAP7_75t_R asap7sc7p5t_SIMPLE_RVT_TT_nldm_211120     0.131220       3     0.393660
-----------------------------------------------------------------------------
Total 21 references                                     5.525820

****************************************
Design: fp16_mult_3 
****************************************
Reference          Library       Unit Area   Count    Total Area   Attributes
-----------------------------------------------------------------------------
A2O1A1Ixp33_ASAP7_75t_R asap7sc7p5t_AO_RVT_TT_nldm_211120     0.087480       1     0.087480
AND2x2_ASAP7_75t_R asap7sc7p5t_SIMPLE_RVT_TT_nldm_211120     0.087480       7     0.612360
AND3x1_ASAP7_75t_R asap7sc7p5t_SIMPLE_RVT_TT_nldm_211120     0.087480       1     0.087480
AO21x1_ASAP7_75t_R asap7sc7p5t_AO_RVT_TT_nldm_211120     0.087480       1     0.087480
AOI21x1_ASAP7_75t_R asap7sc7p5t_AO_RVT_TT_nldm_211120     0.116640       2     0.233280
AOI32xp33_ASAP7_75t_R asap7sc7p5t_AO_RVT_TT_nldm_211120     0.102060       1     0.102060
AOI211xp5_ASAP7_75t_R asap7sc7p5t_AO_RVT_TT_nldm_211120     0.087480       1     0.087480
BUFx3_ASAP7_75t_R  asap7sc7p5t_INVBUF_RVT_TT_nldm_211120     0.087480       1     0.087480
BUFx6f_ASAP7_75t_R asap7sc7p5t_INVBUF_RVT_TT_nldm_211120     0.145800       1     0.145800
BUFx8_ASAP7_75t_R  asap7sc7p5t_INVBUF_RVT_TT_nldm_211120     0.174960       2     0.349920
DFFASRHQNx1_ASAP7_75t_R asap7sc7p5t_SEQ_RVT_TT_nldm_220123     0.379080      17     6.444360 n
FAx1_ASAP7_75t_R   asap7sc7p5t_SIMPLE_RVT_TT_nldm_211120     0.204120       6     1.224720 r
HB1xp67_ASAP7_75t_R asap7sc7p5t_INVBUF_RVT_TT_nldm_211120     0.058320       2     0.116640
INVx1_ASAP7_75t_R  asap7sc7p5t_INVBUF_RVT_TT_nldm_211120     0.043740      62     2.711880
INVx3_ASAP7_75t_R  asap7sc7p5t_INVBUF_RVT_TT_nldm_211120     0.072900       1     0.072900
INVxp33_ASAP7_75t_R asap7sc7p5t_INVBUF_RVT_TT_nldm_211120     0.043740       8     0.349920
INVxp67_ASAP7_75t_R asap7sc7p5t_INVBUF_RVT_TT_nldm_211120     0.043740       4     0.174960
NAND2x1_ASAP7_75t_R asap7sc7p5t_SIMPLE_RVT_TT_nldm_211120     0.087480       3     0.262440
NAND2x1p5_ASAP7_75t_R asap7sc7p5t_SIMPLE_RVT_TT_nldm_211120     0.116640       1     0.116640
NAND2xp5_ASAP7_75t_R asap7sc7p5t_SIMPLE_RVT_TT_nldm_211120     0.058320      27     1.574640
NAND2xp33_ASAP7_75t_R asap7sc7p5t_SIMPLE_RVT_TT_nldm_211120     0.058320       8     0.466560
NAND2xp67_ASAP7_75t_R asap7sc7p5t_SIMPLE_RVT_TT_nldm_211120     0.087480       1     0.087480
NAND3x1_ASAP7_75t_R asap7sc7p5t_SIMPLE_RVT_TT_nldm_211120     0.160380       2     0.320760
NAND3xp33_ASAP7_75t_R asap7sc7p5t_SIMPLE_RVT_TT_nldm_211120     0.072900       2     0.145800
NAND4xp25_ASAP7_75t_R asap7sc7p5t_SIMPLE_RVT_TT_nldm_211120     0.087480       2     0.174960
NAND5xp2_ASAP7_75t_R asap7sc7p5t_SIMPLE_RVT_TT_nldm_211120     0.102060       3     0.306180
NOR2x1_ASAP7_75t_R asap7sc7p5t_SIMPLE_RVT_TT_nldm_211120     0.087480       1     0.087480
NOR2xp33_ASAP7_75t_R asap7sc7p5t_SIMPLE_RVT_TT_nldm_211120     0.058320      17     0.991440
NOR2xp67_ASAP7_75t_R asap7sc7p5t_SIMPLE_RVT_TT_nldm_211120     0.087480       6     0.524880
NOR3xp33_ASAP7_75t_R asap7sc7p5t_SIMPLE_RVT_TT_nldm_211120     0.072900       2     0.145800
NOR5xp2_ASAP7_75t_R asap7sc7p5t_SIMPLE_RVT_TT_nldm_211120     0.102060       4     0.408240
O2A1O1Ixp33_ASAP7_75t_R asap7sc7p5t_OA_RVT_TT_nldm_211120     0.087480       1     0.087480
OA21x2_ASAP7_75t_R asap7sc7p5t_OA_RVT_TT_nldm_211120     0.102060       2     0.204120
OAI21xp5_ASAP7_75t_R asap7sc7p5t_OA_RVT_TT_nldm_211120     0.072900       8     0.583200
OAI21xp33_ASAP7_75t_R asap7sc7p5t_OA_RVT_TT_nldm_211120     0.072900      15     1.093500
OAI22xp33_ASAP7_75t_R asap7sc7p5t_OA_RVT_TT_nldm_211120     0.087480       1     0.087480
OAI31xp33_ASAP7_75t_R asap7sc7p5t_OA_RVT_TT_nldm_211120     0.087480       1     0.087480
OAI211xp5_ASAP7_75t_R asap7sc7p5t_OA_RVT_TT_nldm_211120     0.087480      10     0.874800
OAI311xp33_ASAP7_75t_R asap7sc7p5t_OA_RVT_TT_nldm_211120     0.102060       1     0.102060
OR2x2_ASAP7_75t_R  asap7sc7p5t_SIMPLE_RVT_TT_nldm_211120     0.087480       2     0.174960
OR3x1_ASAP7_75t_R  asap7sc7p5t_SIMPLE_RVT_TT_nldm_211120     0.087480       1     0.087480
OR5x1_ASAP7_75t_R  asap7sc7p5t_SIMPLE_RVT_TT_nldm_211120     0.116640       1     0.116640
TIEHIx1_ASAP7_75t_R asap7sc7p5t_SIMPLE_RVT_TT_nldm_211120     0.043740       1     0.043740
TIELOx1_ASAP7_75t_R asap7sc7p5t_SIMPLE_RVT_TT_nldm_211120     0.043740       1     0.043740
XNOR2xp5_ASAP7_75t_R asap7sc7p5t_SIMPLE_RVT_TT_nldm_211120     0.131220       1     0.131220
XOR2x2_ASAP7_75t_R asap7sc7p5t_SIMPLE_RVT_TT_nldm_211120     0.160380       1     0.160380
XOR2xp5_ASAP7_75t_R asap7sc7p5t_SIMPLE_RVT_TT_nldm_211120     0.131220       2     0.262440
fp16_mult_3_DW02_mult_0_DW02_mult_4    47.137140       1    47.137140 h
-----------------------------------------------------------------------------
Total 48 references                                    69.867360

****************************************
Design: fp16_mult_3_DW02_mult_0_DW02_mult_4 
****************************************
Reference          Library       Unit Area   Count    Total Area   Attributes
-----------------------------------------------------------------------------
AND2x2_ASAP7_75t_R asap7sc7p5t_SIMPLE_RVT_TT_nldm_211120     0.087480     115    10.060200
AND2x4_ASAP7_75t_R asap7sc7p5t_SIMPLE_RVT_TT_nldm_211120     0.145800       3     0.437400
BUFx3_ASAP7_75t_R  asap7sc7p5t_INVBUF_RVT_TT_nldm_211120     0.087480       1     0.087480
FAx1_ASAP7_75t_R   asap7sc7p5t_SIMPLE_RVT_TT_nldm_211120     0.204120      90    18.370800 r
HB1xp67_ASAP7_75t_R asap7sc7p5t_INVBUF_RVT_TT_nldm_211120     0.058320       3     0.174960
INVx1_ASAP7_75t_R  asap7sc7p5t_INVBUF_RVT_TT_nldm_211120     0.043740     186     8.135640
INVx2_ASAP7_75t_R  asap7sc7p5t_INVBUF_RVT_TT_nldm_211120     0.058320       2     0.116640
INVxp33_ASAP7_75t_R asap7sc7p5t_INVBUF_RVT_TT_nldm_211120     0.043740       1     0.043740
INVxp67_ASAP7_75t_R asap7sc7p5t_INVBUF_RVT_TT_nldm_211120     0.043740       4     0.174960
NOR2x1_ASAP7_75t_R asap7sc7p5t_SIMPLE_RVT_TT_nldm_211120     0.087480       5     0.437400
NOR2xp33_ASAP7_75t_R asap7sc7p5t_SIMPLE_RVT_TT_nldm_211120     0.058320      17     0.991440
NOR2xp67_ASAP7_75t_R asap7sc7p5t_SIMPLE_RVT_TT_nldm_211120     0.087480       1     0.087480
TIELOx1_ASAP7_75t_R asap7sc7p5t_SIMPLE_RVT_TT_nldm_211120     0.043740       1     0.043740
XOR2x2_ASAP7_75t_R asap7sc7p5t_SIMPLE_RVT_TT_nldm_211120     0.160380       1     0.160380
XOR2xp5_ASAP7_75t_R asap7sc7p5t_SIMPLE_RVT_TT_nldm_211120     0.131220      19     2.493180
fp16_mult_3_DW01_add_4            5.321700       1      5.321700  h
-----------------------------------------------------------------------------
Total 16 references                                    47.137140

****************************************
Design: fp16_mult_3_DW01_add_4 
****************************************
Reference          Library       Unit Area   Count    Total Area   Attributes
-----------------------------------------------------------------------------
AND2x2_ASAP7_75t_R asap7sc7p5t_SIMPLE_RVT_TT_nldm_211120     0.087480       1     0.087480
AO31x2_ASAP7_75t_R asap7sc7p5t_AO_RVT_TT_nldm_211120     0.233280       1     0.233280
AOI21xp5_ASAP7_75t_R asap7sc7p5t_AO_RVT_TT_nldm_211120     0.072900       1     0.072900
HB1xp67_ASAP7_75t_R asap7sc7p5t_INVBUF_RVT_TT_nldm_211120     0.058320       1     0.058320
INVx1_ASAP7_75t_R  asap7sc7p5t_INVBUF_RVT_TT_nldm_211120     0.043740      10     0.437400
INVxp33_ASAP7_75t_R asap7sc7p5t_INVBUF_RVT_TT_nldm_211120     0.043740       3     0.131220
INVxp67_ASAP7_75t_R asap7sc7p5t_INVBUF_RVT_TT_nldm_211120     0.043740       1     0.043740
NAND2xp5_ASAP7_75t_R asap7sc7p5t_SIMPLE_RVT_TT_nldm_211120     0.058320      15     0.874800
NAND2xp33_ASAP7_75t_R asap7sc7p5t_SIMPLE_RVT_TT_nldm_211120     0.058320       2     0.116640
NAND4xp25_ASAP7_75t_R asap7sc7p5t_SIMPLE_RVT_TT_nldm_211120     0.087480       1     0.087480
NOR2x1p5_ASAP7_75t_R asap7sc7p5t_SIMPLE_RVT_TT_nldm_211120     0.116640       1     0.116640
NOR2xp33_ASAP7_75t_R asap7sc7p5t_SIMPLE_RVT_TT_nldm_211120     0.058320       5     0.291600
OA21x2_ASAP7_75t_R asap7sc7p5t_OA_RVT_TT_nldm_211120     0.102060       1     0.102060
OAI21x1_ASAP7_75t_R asap7sc7p5t_OA_RVT_TT_nldm_211120     0.116640       1     0.116640
OAI21xp5_ASAP7_75t_R asap7sc7p5t_OA_RVT_TT_nldm_211120     0.072900       2     0.145800
OAI21xp33_ASAP7_75t_R asap7sc7p5t_OA_RVT_TT_nldm_211120     0.072900       1     0.072900
OAI222xp33_ASAP7_75t_R asap7sc7p5t_OA_RVT_TT_nldm_211120     0.145800       1     0.145800
OR2x2_ASAP7_75t_R  asap7sc7p5t_SIMPLE_RVT_TT_nldm_211120     0.087480       7     0.612360
XNOR2xp5_ASAP7_75t_R asap7sc7p5t_SIMPLE_RVT_TT_nldm_211120     0.131220       8     1.049760
XOR2xp5_ASAP7_75t_R asap7sc7p5t_SIMPLE_RVT_TT_nldm_211120     0.131220       4     0.524880
-----------------------------------------------------------------------------
Total 20 references                                     5.321700

****************************************
Design: fp16_mult_4 
****************************************
Reference          Library       Unit Area   Count    Total Area   Attributes
-----------------------------------------------------------------------------
A2O1A1Ixp33_ASAP7_75t_R asap7sc7p5t_AO_RVT_TT_nldm_211120     0.087480       1     0.087480
AND2x2_ASAP7_75t_R asap7sc7p5t_SIMPLE_RVT_TT_nldm_211120     0.087480       7     0.612360
AND2x4_ASAP7_75t_R asap7sc7p5t_SIMPLE_RVT_TT_nldm_211120     0.145800       2     0.291600
AND3x2_ASAP7_75t_R asap7sc7p5t_SIMPLE_RVT_TT_nldm_211120     0.102060       1     0.102060
AOI21x1_ASAP7_75t_R asap7sc7p5t_AO_RVT_TT_nldm_211120     0.116640       1     0.116640
AOI21xp5_ASAP7_75t_R asap7sc7p5t_AO_RVT_TT_nldm_211120     0.072900       1     0.072900
AOI21xp33_ASAP7_75t_R asap7sc7p5t_AO_RVT_TT_nldm_211120     0.072900       1     0.072900
AOI32xp33_ASAP7_75t_R asap7sc7p5t_AO_RVT_TT_nldm_211120     0.102060       1     0.102060
AOI211xp5_ASAP7_75t_R asap7sc7p5t_AO_RVT_TT_nldm_211120     0.087480       1     0.087480
BUFx2_ASAP7_75t_R  asap7sc7p5t_INVBUF_RVT_TT_nldm_211120     0.072900       2     0.145800
BUFx5_ASAP7_75t_R  asap7sc7p5t_INVBUF_RVT_TT_nldm_211120     0.116640       1     0.116640
BUFx6f_ASAP7_75t_R asap7sc7p5t_INVBUF_RVT_TT_nldm_211120     0.145800       1     0.145800
BUFx8_ASAP7_75t_R  asap7sc7p5t_INVBUF_RVT_TT_nldm_211120     0.174960       2     0.349920
DFFASRHQNx1_ASAP7_75t_R asap7sc7p5t_SEQ_RVT_TT_nldm_220123     0.379080      17     6.444360 n
FAx1_ASAP7_75t_R   asap7sc7p5t_SIMPLE_RVT_TT_nldm_211120     0.204120       5     1.020600 r
INVx1_ASAP7_75t_R  asap7sc7p5t_INVBUF_RVT_TT_nldm_211120     0.043740      64     2.799360
INVx4_ASAP7_75t_R  asap7sc7p5t_INVBUF_RVT_TT_nldm_211120     0.087480       1     0.087480
INVxp33_ASAP7_75t_R asap7sc7p5t_INVBUF_RVT_TT_nldm_211120     0.043740       5     0.218700
INVxp67_ASAP7_75t_R asap7sc7p5t_INVBUF_RVT_TT_nldm_211120     0.043740       2     0.087480
NAND2x1_ASAP7_75t_R asap7sc7p5t_SIMPLE_RVT_TT_nldm_211120     0.087480       1     0.087480
NAND2x1p5_ASAP7_75t_R asap7sc7p5t_SIMPLE_RVT_TT_nldm_211120     0.116640       3     0.349920
NAND2xp5_ASAP7_75t_R asap7sc7p5t_SIMPLE_RVT_TT_nldm_211120     0.058320      19     1.108080
NAND2xp33_ASAP7_75t_R asap7sc7p5t_SIMPLE_RVT_TT_nldm_211120     0.058320      17     0.991440
NAND3xp33_ASAP7_75t_R asap7sc7p5t_SIMPLE_RVT_TT_nldm_211120     0.072900       3     0.218700
NAND4xp25_ASAP7_75t_R asap7sc7p5t_SIMPLE_RVT_TT_nldm_211120     0.087480       2     0.174960
NAND5xp2_ASAP7_75t_R asap7sc7p5t_SIMPLE_RVT_TT_nldm_211120     0.102060       3     0.306180
NOR2x1_ASAP7_75t_R asap7sc7p5t_SIMPLE_RVT_TT_nldm_211120     0.087480       4     0.349920
NOR2x1p5_ASAP7_75t_R asap7sc7p5t_SIMPLE_RVT_TT_nldm_211120     0.116640       2     0.233280
NOR2xp33_ASAP7_75t_R asap7sc7p5t_SIMPLE_RVT_TT_nldm_211120     0.058320      18     1.049760
NOR3xp33_ASAP7_75t_R asap7sc7p5t_SIMPLE_RVT_TT_nldm_211120     0.072900       2     0.145800
NOR5xp2_ASAP7_75t_R asap7sc7p5t_SIMPLE_RVT_TT_nldm_211120     0.102060       4     0.408240
O2A1O1Ixp5_ASAP7_75t_R asap7sc7p5t_OA_RVT_TT_nldm_211120     0.116640       1     0.116640
OA21x2_ASAP7_75t_R asap7sc7p5t_OA_RVT_TT_nldm_211120     0.102060       1     0.102060
OAI21xp5_ASAP7_75t_R asap7sc7p5t_OA_RVT_TT_nldm_211120     0.072900       9     0.656100
OAI21xp33_ASAP7_75t_R asap7sc7p5t_OA_RVT_TT_nldm_211120     0.072900      16     1.166400
OAI22xp33_ASAP7_75t_R asap7sc7p5t_OA_RVT_TT_nldm_211120     0.087480       1     0.087480
OAI31xp67_ASAP7_75t_R asap7sc7p5t_OA_RVT_TT_nldm_211120     0.189540       1     0.189540
OAI211xp5_ASAP7_75t_R asap7sc7p5t_OA_RVT_TT_nldm_211120     0.087480      10     0.874800
OAI311xp33_ASAP7_75t_R asap7sc7p5t_OA_RVT_TT_nldm_211120     0.102060       1     0.102060
OR2x2_ASAP7_75t_R  asap7sc7p5t_SIMPLE_RVT_TT_nldm_211120     0.087480       1     0.087480
OR2x4_ASAP7_75t_R  asap7sc7p5t_SIMPLE_RVT_TT_nldm_211120     0.116640       1     0.116640
OR3x1_ASAP7_75t_R  asap7sc7p5t_SIMPLE_RVT_TT_nldm_211120     0.087480       1     0.087480
OR5x1_ASAP7_75t_R  asap7sc7p5t_SIMPLE_RVT_TT_nldm_211120     0.116640       1     0.116640
TIEHIx1_ASAP7_75t_R asap7sc7p5t_SIMPLE_RVT_TT_nldm_211120     0.043740       1     0.043740
TIELOx1_ASAP7_75t_R asap7sc7p5t_SIMPLE_RVT_TT_nldm_211120     0.043740       1     0.043740
XOR2x1_ASAP7_75t_R asap7sc7p5t_SIMPLE_RVT_TT_nldm_211120     0.174960       1     0.174960
XOR2x2_ASAP7_75t_R asap7sc7p5t_SIMPLE_RVT_TT_nldm_211120     0.160380       1     0.160380
XOR2xp5_ASAP7_75t_R asap7sc7p5t_SIMPLE_RVT_TT_nldm_211120     0.131220       2     0.262440
fp16_mult_4_DW02_mult_0_DW02_mult_3    47.049660       1    47.049660 h
-----------------------------------------------------------------------------
Total 49 references                                    69.823620

****************************************
Design: fp16_mult_4_DW02_mult_0_DW02_mult_3 
****************************************
Reference          Library       Unit Area   Count    Total Area   Attributes
-----------------------------------------------------------------------------
AND2x2_ASAP7_75t_R asap7sc7p5t_SIMPLE_RVT_TT_nldm_211120     0.087480     114     9.972720
AND2x4_ASAP7_75t_R asap7sc7p5t_SIMPLE_RVT_TT_nldm_211120     0.145800       5     0.729000
BUFx3_ASAP7_75t_R  asap7sc7p5t_INVBUF_RVT_TT_nldm_211120     0.087480       1     0.087480
FAx1_ASAP7_75t_R   asap7sc7p5t_SIMPLE_RVT_TT_nldm_211120     0.204120      90    18.370800 r
HB1xp67_ASAP7_75t_R asap7sc7p5t_INVBUF_RVT_TT_nldm_211120     0.058320       1     0.058320
INVx1_ASAP7_75t_R  asap7sc7p5t_INVBUF_RVT_TT_nldm_211120     0.043740     187     8.179380
INVx2_ASAP7_75t_R  asap7sc7p5t_INVBUF_RVT_TT_nldm_211120     0.058320       1     0.058320
INVxp33_ASAP7_75t_R asap7sc7p5t_INVBUF_RVT_TT_nldm_211120     0.043740       2     0.087480
INVxp67_ASAP7_75t_R asap7sc7p5t_INVBUF_RVT_TT_nldm_211120     0.043740       3     0.131220
NOR2x1_ASAP7_75t_R asap7sc7p5t_SIMPLE_RVT_TT_nldm_211120     0.087480       4     0.349920
NOR2xp33_ASAP7_75t_R asap7sc7p5t_SIMPLE_RVT_TT_nldm_211120     0.058320      18     1.049760
TIELOx1_ASAP7_75t_R asap7sc7p5t_SIMPLE_RVT_TT_nldm_211120     0.043740       1     0.043740
XOR2x1_ASAP7_75t_R asap7sc7p5t_SIMPLE_RVT_TT_nldm_211120     0.174960       1     0.174960
XOR2x2_ASAP7_75t_R asap7sc7p5t_SIMPLE_RVT_TT_nldm_211120     0.160380       1     0.160380
XOR2xp5_ASAP7_75t_R asap7sc7p5t_SIMPLE_RVT_TT_nldm_211120     0.131220      18     2.361960
fp16_mult_4_DW01_add_J13_0        5.234220       1      5.234220  h
-----------------------------------------------------------------------------
Total 16 references                                    47.049660

****************************************
Design: fp16_mult_4_DW01_add_J13_0 
****************************************
Reference          Library       Unit Area   Count    Total Area   Attributes
-----------------------------------------------------------------------------
AND2x2_ASAP7_75t_R asap7sc7p5t_SIMPLE_RVT_TT_nldm_211120     0.087480       2     0.174960
AO31x2_ASAP7_75t_R asap7sc7p5t_AO_RVT_TT_nldm_211120     0.233280       1     0.233280
AOI21xp5_ASAP7_75t_R asap7sc7p5t_AO_RVT_TT_nldm_211120     0.072900       1     0.072900
HB1xp67_ASAP7_75t_R asap7sc7p5t_INVBUF_RVT_TT_nldm_211120     0.058320       1     0.058320
INVx1_ASAP7_75t_R  asap7sc7p5t_INVBUF_RVT_TT_nldm_211120     0.043740       9     0.393660
INVxp33_ASAP7_75t_R asap7sc7p5t_INVBUF_RVT_TT_nldm_211120     0.043740       1     0.043740
NAND2x1_ASAP7_75t_R asap7sc7p5t_SIMPLE_RVT_TT_nldm_211120     0.087480       1     0.087480
NAND2xp5_ASAP7_75t_R asap7sc7p5t_SIMPLE_RVT_TT_nldm_211120     0.058320      14     0.816480
NAND2xp33_ASAP7_75t_R asap7sc7p5t_SIMPLE_RVT_TT_nldm_211120     0.058320       1     0.058320
NAND4xp25_ASAP7_75t_R asap7sc7p5t_SIMPLE_RVT_TT_nldm_211120     0.087480       1     0.087480
NOR2x1p5_ASAP7_75t_R asap7sc7p5t_SIMPLE_RVT_TT_nldm_211120     0.116640       1     0.116640
NOR2xp33_ASAP7_75t_R asap7sc7p5t_SIMPLE_RVT_TT_nldm_211120     0.058320       5     0.291600
OA21x2_ASAP7_75t_R asap7sc7p5t_OA_RVT_TT_nldm_211120     0.102060       1     0.102060
OAI21x1_ASAP7_75t_R asap7sc7p5t_OA_RVT_TT_nldm_211120     0.116640       1     0.116640
OAI21xp5_ASAP7_75t_R asap7sc7p5t_OA_RVT_TT_nldm_211120     0.072900       2     0.145800
OAI21xp33_ASAP7_75t_R asap7sc7p5t_OA_RVT_TT_nldm_211120     0.072900       1     0.072900
OAI222xp33_ASAP7_75t_R asap7sc7p5t_OA_RVT_TT_nldm_211120     0.145800       1     0.145800
OR2x2_ASAP7_75t_R  asap7sc7p5t_SIMPLE_RVT_TT_nldm_211120     0.087480       7     0.612360
XNOR2xp5_ASAP7_75t_R asap7sc7p5t_SIMPLE_RVT_TT_nldm_211120     0.131220       8     1.049760
XOR2x2_ASAP7_75t_R asap7sc7p5t_SIMPLE_RVT_TT_nldm_211120     0.160380       1     0.160380
XOR2xp5_ASAP7_75t_R asap7sc7p5t_SIMPLE_RVT_TT_nldm_211120     0.131220       3     0.393660
-----------------------------------------------------------------------------
Total 21 references                                     5.234220

****************************************
Design: fp16_mult_5 
****************************************
Reference          Library       Unit Area   Count    Total Area   Attributes
-----------------------------------------------------------------------------
A2O1A1Ixp33_ASAP7_75t_R asap7sc7p5t_AO_RVT_TT_nldm_211120     0.087480       1     0.087480
AND2x2_ASAP7_75t_R asap7sc7p5t_SIMPLE_RVT_TT_nldm_211120     0.087480       8     0.699840
AND2x4_ASAP7_75t_R asap7sc7p5t_SIMPLE_RVT_TT_nldm_211120     0.145800       1     0.145800
AO21x2_ASAP7_75t_R asap7sc7p5t_AO_RVT_TT_nldm_211120     0.102060       1     0.102060
AOI21x1_ASAP7_75t_R asap7sc7p5t_AO_RVT_TT_nldm_211120     0.116640       2     0.233280
AOI32xp33_ASAP7_75t_R asap7sc7p5t_AO_RVT_TT_nldm_211120     0.102060       1     0.102060
AOI211xp5_ASAP7_75t_R asap7sc7p5t_AO_RVT_TT_nldm_211120     0.087480       1     0.087480
BUFx2_ASAP7_75t_R  asap7sc7p5t_INVBUF_RVT_TT_nldm_211120     0.072900       1     0.072900
BUFx3_ASAP7_75t_R  asap7sc7p5t_INVBUF_RVT_TT_nldm_211120     0.087480       2     0.174960
BUFx4_ASAP7_75t_R  asap7sc7p5t_INVBUF_RVT_TT_nldm_211120     0.102060       1     0.102060
BUFx8_ASAP7_75t_R  asap7sc7p5t_INVBUF_RVT_TT_nldm_211120     0.174960       2     0.349920
DFFASRHQNx1_ASAP7_75t_R asap7sc7p5t_SEQ_RVT_TT_nldm_220123     0.379080      17     6.444360 n
FAx1_ASAP7_75t_R   asap7sc7p5t_SIMPLE_RVT_TT_nldm_211120     0.204120       5     1.020600 r
HB1xp67_ASAP7_75t_R asap7sc7p5t_INVBUF_RVT_TT_nldm_211120     0.058320       1     0.058320
INVx1_ASAP7_75t_R  asap7sc7p5t_INVBUF_RVT_TT_nldm_211120     0.043740      64     2.799360
INVx2_ASAP7_75t_R  asap7sc7p5t_INVBUF_RVT_TT_nldm_211120     0.058320       2     0.116640
INVx3_ASAP7_75t_R  asap7sc7p5t_INVBUF_RVT_TT_nldm_211120     0.072900       1     0.072900
INVxp33_ASAP7_75t_R asap7sc7p5t_INVBUF_RVT_TT_nldm_211120     0.043740       7     0.306180
INVxp67_ASAP7_75t_R asap7sc7p5t_INVBUF_RVT_TT_nldm_211120     0.043740       5     0.218700
NAND2x1_ASAP7_75t_R asap7sc7p5t_SIMPLE_RVT_TT_nldm_211120     0.087480       1     0.087480
NAND2x1p5_ASAP7_75t_R asap7sc7p5t_SIMPLE_RVT_TT_nldm_211120     0.116640       3     0.349920
NAND2xp5_ASAP7_75t_R asap7sc7p5t_SIMPLE_RVT_TT_nldm_211120     0.058320      19     1.108080
NAND2xp33_ASAP7_75t_R asap7sc7p5t_SIMPLE_RVT_TT_nldm_211120     0.058320      18     1.049760
NAND3x1_ASAP7_75t_R asap7sc7p5t_SIMPLE_RVT_TT_nldm_211120     0.160380       2     0.320760
NAND3xp33_ASAP7_75t_R asap7sc7p5t_SIMPLE_RVT_TT_nldm_211120     0.072900       2     0.145800
NAND4xp25_ASAP7_75t_R asap7sc7p5t_SIMPLE_RVT_TT_nldm_211120     0.087480       2     0.174960
NAND5xp2_ASAP7_75t_R asap7sc7p5t_SIMPLE_RVT_TT_nldm_211120     0.102060       3     0.306180
NOR2x1_ASAP7_75t_R asap7sc7p5t_SIMPLE_RVT_TT_nldm_211120     0.087480       2     0.174960
NOR2x1p5_ASAP7_75t_R asap7sc7p5t_SIMPLE_RVT_TT_nldm_211120     0.116640       2     0.233280
NOR2xp33_ASAP7_75t_R asap7sc7p5t_SIMPLE_RVT_TT_nldm_211120     0.058320      17     0.991440
NOR2xp67_ASAP7_75t_R asap7sc7p5t_SIMPLE_RVT_TT_nldm_211120     0.087480       3     0.262440
NOR3xp33_ASAP7_75t_R asap7sc7p5t_SIMPLE_RVT_TT_nldm_211120     0.072900       2     0.145800
NOR5xp2_ASAP7_75t_R asap7sc7p5t_SIMPLE_RVT_TT_nldm_211120     0.102060       4     0.408240
O2A1O1Ixp5_ASAP7_75t_R asap7sc7p5t_OA_RVT_TT_nldm_211120     0.116640       1     0.116640
OA21x2_ASAP7_75t_R asap7sc7p5t_OA_RVT_TT_nldm_211120     0.102060       1     0.102060
OAI21xp5_ASAP7_75t_R asap7sc7p5t_OA_RVT_TT_nldm_211120     0.072900       6     0.437400
OAI21xp33_ASAP7_75t_R asap7sc7p5t_OA_RVT_TT_nldm_211120     0.072900      18     1.312200
OAI22xp33_ASAP7_75t_R asap7sc7p5t_OA_RVT_TT_nldm_211120     0.087480       1     0.087480
OAI31xp67_ASAP7_75t_R asap7sc7p5t_OA_RVT_TT_nldm_211120     0.189540       1     0.189540
OAI211xp5_ASAP7_75t_R asap7sc7p5t_OA_RVT_TT_nldm_211120     0.087480      10     0.874800
OAI311xp33_ASAP7_75t_R asap7sc7p5t_OA_RVT_TT_nldm_211120     0.102060       1     0.102060
OR2x2_ASAP7_75t_R  asap7sc7p5t_SIMPLE_RVT_TT_nldm_211120     0.087480       1     0.087480
OR3x1_ASAP7_75t_R  asap7sc7p5t_SIMPLE_RVT_TT_nldm_211120     0.087480       1     0.087480
OR5x1_ASAP7_75t_R  asap7sc7p5t_SIMPLE_RVT_TT_nldm_211120     0.116640       1     0.116640
TIEHIx1_ASAP7_75t_R asap7sc7p5t_SIMPLE_RVT_TT_nldm_211120     0.043740       1     0.043740
TIELOx1_ASAP7_75t_R asap7sc7p5t_SIMPLE_RVT_TT_nldm_211120     0.043740       1     0.043740
XOR2x1_ASAP7_75t_R asap7sc7p5t_SIMPLE_RVT_TT_nldm_211120     0.174960       1     0.174960
XOR2x2_ASAP7_75t_R asap7sc7p5t_SIMPLE_RVT_TT_nldm_211120     0.160380       1     0.160380
XOR2xp5_ASAP7_75t_R asap7sc7p5t_SIMPLE_RVT_TT_nldm_211120     0.131220       2     0.262440
fp16_mult_5_DW02_mult_0_DW02_mult_2    47.093400       1    47.093400 h
-----------------------------------------------------------------------------
Total 50 references                                    70.246440

****************************************
Design: fp16_mult_5_DW02_mult_0_DW02_mult_2 
****************************************
Reference          Library       Unit Area   Count    Total Area   Attributes
-----------------------------------------------------------------------------
AND2x2_ASAP7_75t_R asap7sc7p5t_SIMPLE_RVT_TT_nldm_211120     0.087480     113     9.885240
AND2x4_ASAP7_75t_R asap7sc7p5t_SIMPLE_RVT_TT_nldm_211120     0.145800       2     0.291600
BUFx3_ASAP7_75t_R  asap7sc7p5t_INVBUF_RVT_TT_nldm_211120     0.087480       1     0.087480
FAx1_ASAP7_75t_R   asap7sc7p5t_SIMPLE_RVT_TT_nldm_211120     0.204120      90    18.370800 r
HB1xp67_ASAP7_75t_R asap7sc7p5t_INVBUF_RVT_TT_nldm_211120     0.058320       1     0.058320
INVx1_ASAP7_75t_R  asap7sc7p5t_INVBUF_RVT_TT_nldm_211120     0.043740     181     7.916940
INVxp33_ASAP7_75t_R asap7sc7p5t_INVBUF_RVT_TT_nldm_211120     0.043740       3     0.131220
INVxp67_ASAP7_75t_R asap7sc7p5t_INVBUF_RVT_TT_nldm_211120     0.043740      11     0.481140
NAND2xp5_ASAP7_75t_R asap7sc7p5t_SIMPLE_RVT_TT_nldm_211120     0.058320       4     0.233280
NOR2x1_ASAP7_75t_R asap7sc7p5t_SIMPLE_RVT_TT_nldm_211120     0.087480       4     0.349920
NOR2xp33_ASAP7_75t_R asap7sc7p5t_SIMPLE_RVT_TT_nldm_211120     0.058320      19     1.108080
NOR2xp67_ASAP7_75t_R asap7sc7p5t_SIMPLE_RVT_TT_nldm_211120     0.087480       1     0.087480
TIELOx1_ASAP7_75t_R asap7sc7p5t_SIMPLE_RVT_TT_nldm_211120     0.043740       1     0.043740
XOR2x2_ASAP7_75t_R asap7sc7p5t_SIMPLE_RVT_TT_nldm_211120     0.160380       3     0.481140
XOR2xp5_ASAP7_75t_R asap7sc7p5t_SIMPLE_RVT_TT_nldm_211120     0.131220      17     2.230740
fp16_mult_5_DW01_add_J15_0        5.336280       1      5.336280  h
-----------------------------------------------------------------------------
Total 16 references                                    47.093400

****************************************
Design: fp16_mult_5_DW01_add_J15_0 
****************************************
Reference          Library       Unit Area   Count    Total Area   Attributes
-----------------------------------------------------------------------------
AND2x2_ASAP7_75t_R asap7sc7p5t_SIMPLE_RVT_TT_nldm_211120     0.087480       1     0.087480
AO31x2_ASAP7_75t_R asap7sc7p5t_AO_RVT_TT_nldm_211120     0.233280       1     0.233280
AOI21xp5_ASAP7_75t_R asap7sc7p5t_AO_RVT_TT_nldm_211120     0.072900       1     0.072900
INVx1_ASAP7_75t_R  asap7sc7p5t_INVBUF_RVT_TT_nldm_211120     0.043740      11     0.481140
INVxp33_ASAP7_75t_R asap7sc7p5t_INVBUF_RVT_TT_nldm_211120     0.043740       2     0.087480
NAND2x1_ASAP7_75t_R asap7sc7p5t_SIMPLE_RVT_TT_nldm_211120     0.087480       2     0.174960
NAND2xp5_ASAP7_75t_R asap7sc7p5t_SIMPLE_RVT_TT_nldm_211120     0.058320      13     0.758160
NAND2xp33_ASAP7_75t_R asap7sc7p5t_SIMPLE_RVT_TT_nldm_211120     0.058320       2     0.116640
NAND4xp75_ASAP7_75t_R asap7sc7p5t_SIMPLE_RVT_TT_nldm_211120     0.204120       1     0.204120
NOR2x1_ASAP7_75t_R asap7sc7p5t_SIMPLE_RVT_TT_nldm_211120     0.087480       1     0.087480
NOR2xp33_ASAP7_75t_R asap7sc7p5t_SIMPLE_RVT_TT_nldm_211120     0.058320       4     0.233280
OA21x2_ASAP7_75t_R asap7sc7p5t_OA_RVT_TT_nldm_211120     0.102060       1     0.102060
OAI21x1_ASAP7_75t_R asap7sc7p5t_OA_RVT_TT_nldm_211120     0.116640       1     0.116640
OAI21xp5_ASAP7_75t_R asap7sc7p5t_OA_RVT_TT_nldm_211120     0.072900       2     0.145800
OAI21xp33_ASAP7_75t_R asap7sc7p5t_OA_RVT_TT_nldm_211120     0.072900       1     0.072900
OAI222xp33_ASAP7_75t_R asap7sc7p5t_OA_RVT_TT_nldm_211120     0.145800       1     0.145800
OR2x2_ASAP7_75t_R  asap7sc7p5t_SIMPLE_RVT_TT_nldm_211120     0.087480       7     0.612360
XNOR2xp5_ASAP7_75t_R asap7sc7p5t_SIMPLE_RVT_TT_nldm_211120     0.131220       8     1.049760
XOR2x2_ASAP7_75t_R asap7sc7p5t_SIMPLE_RVT_TT_nldm_211120     0.160380       1     0.160380
XOR2xp5_ASAP7_75t_R asap7sc7p5t_SIMPLE_RVT_TT_nldm_211120     0.131220       3     0.393660
-----------------------------------------------------------------------------
Total 20 references                                     5.336280

****************************************
Design: fp16_mult_6 
****************************************
Reference          Library       Unit Area   Count    Total Area   Attributes
-----------------------------------------------------------------------------
A2O1A1Ixp33_ASAP7_75t_R asap7sc7p5t_AO_RVT_TT_nldm_211120     0.087480       1     0.087480
AND2x2_ASAP7_75t_R asap7sc7p5t_SIMPLE_RVT_TT_nldm_211120     0.087480       9     0.787320
AND2x4_ASAP7_75t_R asap7sc7p5t_SIMPLE_RVT_TT_nldm_211120     0.145800       1     0.145800
AOI21x1_ASAP7_75t_R asap7sc7p5t_AO_RVT_TT_nldm_211120     0.116640       1     0.116640
AOI21xp5_ASAP7_75t_R asap7sc7p5t_AO_RVT_TT_nldm_211120     0.072900       1     0.072900
AOI32xp33_ASAP7_75t_R asap7sc7p5t_AO_RVT_TT_nldm_211120     0.102060       1     0.102060
AOI211xp5_ASAP7_75t_R asap7sc7p5t_AO_RVT_TT_nldm_211120     0.087480       1     0.087480
BUFx2_ASAP7_75t_R  asap7sc7p5t_INVBUF_RVT_TT_nldm_211120     0.072900       1     0.072900
BUFx6f_ASAP7_75t_R asap7sc7p5t_INVBUF_RVT_TT_nldm_211120     0.145800       2     0.291600
BUFx8_ASAP7_75t_R  asap7sc7p5t_INVBUF_RVT_TT_nldm_211120     0.174960       2     0.349920
DFFASRHQNx1_ASAP7_75t_R asap7sc7p5t_SEQ_RVT_TT_nldm_220123     0.379080      17     6.444360 n
FAx1_ASAP7_75t_R   asap7sc7p5t_SIMPLE_RVT_TT_nldm_211120     0.204120       5     1.020600 r
HB1xp67_ASAP7_75t_R asap7sc7p5t_INVBUF_RVT_TT_nldm_211120     0.058320       2     0.116640
INVx1_ASAP7_75t_R  asap7sc7p5t_INVBUF_RVT_TT_nldm_211120     0.043740      64     2.799360
INVx3_ASAP7_75t_R  asap7sc7p5t_INVBUF_RVT_TT_nldm_211120     0.072900       1     0.072900
INVxp33_ASAP7_75t_R asap7sc7p5t_INVBUF_RVT_TT_nldm_211120     0.043740       6     0.262440
INVxp67_ASAP7_75t_R asap7sc7p5t_INVBUF_RVT_TT_nldm_211120     0.043740       6     0.262440
NAND2x1_ASAP7_75t_R asap7sc7p5t_SIMPLE_RVT_TT_nldm_211120     0.087480       1     0.087480
NAND2x1p5_ASAP7_75t_R asap7sc7p5t_SIMPLE_RVT_TT_nldm_211120     0.116640       2     0.233280
NAND2xp5_ASAP7_75t_R asap7sc7p5t_SIMPLE_RVT_TT_nldm_211120     0.058320      27     1.574640
NAND2xp33_ASAP7_75t_R asap7sc7p5t_SIMPLE_RVT_TT_nldm_211120     0.058320       9     0.524880
NAND3x1_ASAP7_75t_R asap7sc7p5t_SIMPLE_RVT_TT_nldm_211120     0.160380       2     0.320760
NAND3xp33_ASAP7_75t_R asap7sc7p5t_SIMPLE_RVT_TT_nldm_211120     0.072900       2     0.145800
NAND4xp25_ASAP7_75t_R asap7sc7p5t_SIMPLE_RVT_TT_nldm_211120     0.087480       2     0.174960
NAND5xp2_ASAP7_75t_R asap7sc7p5t_SIMPLE_RVT_TT_nldm_211120     0.102060       3     0.306180
NOR2x1_ASAP7_75t_R asap7sc7p5t_SIMPLE_RVT_TT_nldm_211120     0.087480       4     0.349920
NOR2xp33_ASAP7_75t_R asap7sc7p5t_SIMPLE_RVT_TT_nldm_211120     0.058320      17     0.991440
NOR2xp67_ASAP7_75t_R asap7sc7p5t_SIMPLE_RVT_TT_nldm_211120     0.087480       3     0.262440
NOR3xp33_ASAP7_75t_R asap7sc7p5t_SIMPLE_RVT_TT_nldm_211120     0.072900       2     0.145800
NOR5xp2_ASAP7_75t_R asap7sc7p5t_SIMPLE_RVT_TT_nldm_211120     0.102060       4     0.408240
O2A1O1Ixp5_ASAP7_75t_R asap7sc7p5t_OA_RVT_TT_nldm_211120     0.116640       1     0.116640
OA21x2_ASAP7_75t_R asap7sc7p5t_OA_RVT_TT_nldm_211120     0.102060       1     0.102060
OAI21xp5_ASAP7_75t_R asap7sc7p5t_OA_RVT_TT_nldm_211120     0.072900       5     0.364500
OAI21xp33_ASAP7_75t_R asap7sc7p5t_OA_RVT_TT_nldm_211120     0.072900      20     1.458000
OAI22xp33_ASAP7_75t_R asap7sc7p5t_OA_RVT_TT_nldm_211120     0.087480       1     0.087480
OAI31xp33_ASAP7_75t_R asap7sc7p5t_OA_RVT_TT_nldm_211120     0.087480       1     0.087480
OAI211xp5_ASAP7_75t_R asap7sc7p5t_OA_RVT_TT_nldm_211120     0.087480      10     0.874800
OAI311xp33_ASAP7_75t_R asap7sc7p5t_OA_RVT_TT_nldm_211120     0.102060       1     0.102060
OR2x2_ASAP7_75t_R  asap7sc7p5t_SIMPLE_RVT_TT_nldm_211120     0.087480       2     0.174960
OR3x1_ASAP7_75t_R  asap7sc7p5t_SIMPLE_RVT_TT_nldm_211120     0.087480       1     0.087480
OR5x1_ASAP7_75t_R  asap7sc7p5t_SIMPLE_RVT_TT_nldm_211120     0.116640       1     0.116640
TIEHIx1_ASAP7_75t_R asap7sc7p5t_SIMPLE_RVT_TT_nldm_211120     0.043740       1     0.043740
TIELOx1_ASAP7_75t_R asap7sc7p5t_SIMPLE_RVT_TT_nldm_211120     0.043740       1     0.043740
XNOR2x1_ASAP7_75t_R asap7sc7p5t_SIMPLE_RVT_TT_nldm_211120     0.174960       1     0.174960
XOR2x2_ASAP7_75t_R asap7sc7p5t_SIMPLE_RVT_TT_nldm_211120     0.160380       1     0.160380
XOR2xp5_ASAP7_75t_R asap7sc7p5t_SIMPLE_RVT_TT_nldm_211120     0.131220       2     0.262440
fp16_mult_6_DW02_mult_0_DW02_mult_1    47.326680       1    47.326680 h
-----------------------------------------------------------------------------
Total 47 references                                    70.202700

****************************************
Design: fp16_mult_6_DW02_mult_0_DW02_mult_1 
****************************************
Reference          Library       Unit Area   Count    Total Area   Attributes
-----------------------------------------------------------------------------
AND2x2_ASAP7_75t_R asap7sc7p5t_SIMPLE_RVT_TT_nldm_211120     0.087480     112     9.797760
AND2x4_ASAP7_75t_R asap7sc7p5t_SIMPLE_RVT_TT_nldm_211120     0.145800       7     1.020600
BUFx3_ASAP7_75t_R  asap7sc7p5t_INVBUF_RVT_TT_nldm_211120     0.087480       1     0.087480
FAx1_ASAP7_75t_R   asap7sc7p5t_SIMPLE_RVT_TT_nldm_211120     0.204120      90    18.370800 r
HB1xp67_ASAP7_75t_R asap7sc7p5t_INVBUF_RVT_TT_nldm_211120     0.058320       1     0.058320
INVx1_ASAP7_75t_R  asap7sc7p5t_INVBUF_RVT_TT_nldm_211120     0.043740     189     8.266860
INVxp33_ASAP7_75t_R asap7sc7p5t_INVBUF_RVT_TT_nldm_211120     0.043740       4     0.174960
INVxp67_ASAP7_75t_R asap7sc7p5t_INVBUF_RVT_TT_nldm_211120     0.043740       2     0.087480
NOR2x1_ASAP7_75t_R asap7sc7p5t_SIMPLE_RVT_TT_nldm_211120     0.087480       2     0.174960
NOR2xp33_ASAP7_75t_R asap7sc7p5t_SIMPLE_RVT_TT_nldm_211120     0.058320      20     1.166400
TIELOx1_ASAP7_75t_R asap7sc7p5t_SIMPLE_RVT_TT_nldm_211120     0.043740       1     0.043740
XOR2x1_ASAP7_75t_R asap7sc7p5t_SIMPLE_RVT_TT_nldm_211120     0.174960       1     0.174960
XOR2x2_ASAP7_75t_R asap7sc7p5t_SIMPLE_RVT_TT_nldm_211120     0.160380       1     0.160380
XOR2xp5_ASAP7_75t_R asap7sc7p5t_SIMPLE_RVT_TT_nldm_211120     0.131220      18     2.361960
fp16_mult_6_DW01_add_J14_0        5.380020       1      5.380020  h
-----------------------------------------------------------------------------
Total 15 references                                    47.326680

****************************************
Design: fp16_mult_6_DW01_add_J14_0 
****************************************
Reference          Library       Unit Area   Count    Total Area   Attributes
-----------------------------------------------------------------------------
AND2x2_ASAP7_75t_R asap7sc7p5t_SIMPLE_RVT_TT_nldm_211120     0.087480       3     0.262440
AO31x2_ASAP7_75t_R asap7sc7p5t_AO_RVT_TT_nldm_211120     0.233280       1     0.233280
AOI21xp5_ASAP7_75t_R asap7sc7p5t_AO_RVT_TT_nldm_211120     0.072900       1     0.072900
INVx1_ASAP7_75t_R  asap7sc7p5t_INVBUF_RVT_TT_nldm_211120     0.043740      14     0.612360
INVxp33_ASAP7_75t_R asap7sc7p5t_INVBUF_RVT_TT_nldm_211120     0.043740       2     0.087480
NAND2xp5_ASAP7_75t_R asap7sc7p5t_SIMPLE_RVT_TT_nldm_211120     0.058320      16     0.933120
NAND2xp33_ASAP7_75t_R asap7sc7p5t_SIMPLE_RVT_TT_nldm_211120     0.058320       1     0.058320
NAND4xp25_ASAP7_75t_R asap7sc7p5t_SIMPLE_RVT_TT_nldm_211120     0.087480       1     0.087480
NOR2x1_ASAP7_75t_R asap7sc7p5t_SIMPLE_RVT_TT_nldm_211120     0.087480       1     0.087480
NOR2xp33_ASAP7_75t_R asap7sc7p5t_SIMPLE_RVT_TT_nldm_211120     0.058320       5     0.291600
OAI21x1_ASAP7_75t_R asap7sc7p5t_OA_RVT_TT_nldm_211120     0.116640       1     0.116640
OAI21xp5_ASAP7_75t_R asap7sc7p5t_OA_RVT_TT_nldm_211120     0.072900       3     0.218700
OAI21xp33_ASAP7_75t_R asap7sc7p5t_OA_RVT_TT_nldm_211120     0.072900       1     0.072900
OAI222xp33_ASAP7_75t_R asap7sc7p5t_OA_RVT_TT_nldm_211120     0.145800       1     0.145800
OR2x2_ASAP7_75t_R  asap7sc7p5t_SIMPLE_RVT_TT_nldm_211120     0.087480       6     0.524880
XNOR2xp5_ASAP7_75t_R asap7sc7p5t_SIMPLE_RVT_TT_nldm_211120     0.131220       9     1.180980
XOR2xp5_ASAP7_75t_R asap7sc7p5t_SIMPLE_RVT_TT_nldm_211120     0.131220       3     0.393660
-----------------------------------------------------------------------------
Total 17 references                                     5.380020

****************************************
Design: fp16_mult_7 
****************************************
Reference          Library       Unit Area   Count    Total Area   Attributes
-----------------------------------------------------------------------------
A2O1A1Ixp33_ASAP7_75t_R asap7sc7p5t_AO_RVT_TT_nldm_211120     0.087480       1     0.087480
AND2x2_ASAP7_75t_R asap7sc7p5t_SIMPLE_RVT_TT_nldm_211120     0.087480       6     0.524880
AND3x1_ASAP7_75t_R asap7sc7p5t_SIMPLE_RVT_TT_nldm_211120     0.087480       1     0.087480
AOI21x1_ASAP7_75t_R asap7sc7p5t_AO_RVT_TT_nldm_211120     0.116640       2     0.233280
AOI21xp33_ASAP7_75t_R asap7sc7p5t_AO_RVT_TT_nldm_211120     0.072900       1     0.072900
AOI32xp33_ASAP7_75t_R asap7sc7p5t_AO_RVT_TT_nldm_211120     0.102060       1     0.102060
AOI211xp5_ASAP7_75t_R asap7sc7p5t_AO_RVT_TT_nldm_211120     0.087480       1     0.087480
BUFx2_ASAP7_75t_R  asap7sc7p5t_INVBUF_RVT_TT_nldm_211120     0.072900       1     0.072900
BUFx6f_ASAP7_75t_R asap7sc7p5t_INVBUF_RVT_TT_nldm_211120     0.145800       1     0.145800
BUFx8_ASAP7_75t_R  asap7sc7p5t_INVBUF_RVT_TT_nldm_211120     0.174960       2     0.349920
DFFASRHQNx1_ASAP7_75t_R asap7sc7p5t_SEQ_RVT_TT_nldm_220123     0.379080      17     6.444360 n
FAx1_ASAP7_75t_R   asap7sc7p5t_SIMPLE_RVT_TT_nldm_211120     0.204120       6     1.224720 r
HB1xp67_ASAP7_75t_R asap7sc7p5t_INVBUF_RVT_TT_nldm_211120     0.058320       3     0.174960
INVx1_ASAP7_75t_R  asap7sc7p5t_INVBUF_RVT_TT_nldm_211120     0.043740      70     3.061800
INVx4_ASAP7_75t_R  asap7sc7p5t_INVBUF_RVT_TT_nldm_211120     0.087480       2     0.174960
INVxp33_ASAP7_75t_R asap7sc7p5t_INVBUF_RVT_TT_nldm_211120     0.043740       8     0.349920
INVxp67_ASAP7_75t_R asap7sc7p5t_INVBUF_RVT_TT_nldm_211120     0.043740       5     0.218700
NAND2x1_ASAP7_75t_R asap7sc7p5t_SIMPLE_RVT_TT_nldm_211120     0.087480       3     0.262440
NAND2x1p5_ASAP7_75t_R asap7sc7p5t_SIMPLE_RVT_TT_nldm_211120     0.116640       2     0.233280
NAND2xp5_ASAP7_75t_R asap7sc7p5t_SIMPLE_RVT_TT_nldm_211120     0.058320      19     1.108080
NAND2xp33_ASAP7_75t_R asap7sc7p5t_SIMPLE_RVT_TT_nldm_211120     0.058320      18     1.049760
NAND3x1_ASAP7_75t_R asap7sc7p5t_SIMPLE_RVT_TT_nldm_211120     0.160380       1     0.160380
NAND3xp33_ASAP7_75t_R asap7sc7p5t_SIMPLE_RVT_TT_nldm_211120     0.072900       3     0.218700
NAND4xp25_ASAP7_75t_R asap7sc7p5t_SIMPLE_RVT_TT_nldm_211120     0.087480       2     0.174960
NAND5xp2_ASAP7_75t_R asap7sc7p5t_SIMPLE_RVT_TT_nldm_211120     0.102060       3     0.306180
NOR2x1_ASAP7_75t_R asap7sc7p5t_SIMPLE_RVT_TT_nldm_211120     0.087480       4     0.349920
NOR2x1p5_ASAP7_75t_R asap7sc7p5t_SIMPLE_RVT_TT_nldm_211120     0.116640       2     0.233280
NOR2xp33_ASAP7_75t_R asap7sc7p5t_SIMPLE_RVT_TT_nldm_211120     0.058320      18     1.049760
NOR2xp67_ASAP7_75t_R asap7sc7p5t_SIMPLE_RVT_TT_nldm_211120     0.087480       2     0.174960
NOR3xp33_ASAP7_75t_R asap7sc7p5t_SIMPLE_RVT_TT_nldm_211120     0.072900       2     0.145800
NOR5xp2_ASAP7_75t_R asap7sc7p5t_SIMPLE_RVT_TT_nldm_211120     0.102060       4     0.408240
O2A1O1Ixp5_ASAP7_75t_R asap7sc7p5t_OA_RVT_TT_nldm_211120     0.116640       1     0.116640
OA21x2_ASAP7_75t_R asap7sc7p5t_OA_RVT_TT_nldm_211120     0.102060       1     0.102060
OAI21xp5_ASAP7_75t_R asap7sc7p5t_OA_RVT_TT_nldm_211120     0.072900       3     0.218700
OAI21xp33_ASAP7_75t_R asap7sc7p5t_OA_RVT_TT_nldm_211120     0.072900      21     1.530900
OAI22xp33_ASAP7_75t_R asap7sc7p5t_OA_RVT_TT_nldm_211120     0.087480       1     0.087480
OAI31xp67_ASAP7_75t_R asap7sc7p5t_OA_RVT_TT_nldm_211120     0.189540       1     0.189540
OAI211xp5_ASAP7_75t_R asap7sc7p5t_OA_RVT_TT_nldm_211120     0.087480      10     0.874800
OAI311xp33_ASAP7_75t_R asap7sc7p5t_OA_RVT_TT_nldm_211120     0.102060       1     0.102060
OR2x2_ASAP7_75t_R  asap7sc7p5t_SIMPLE_RVT_TT_nldm_211120     0.087480       3     0.262440
OR3x1_ASAP7_75t_R  asap7sc7p5t_SIMPLE_RVT_TT_nldm_211120     0.087480       1     0.087480
OR5x2_ASAP7_75t_R  asap7sc7p5t_SIMPLE_RVT_TT_nldm_211120     0.131220       1     0.131220
TIEHIx1_ASAP7_75t_R asap7sc7p5t_SIMPLE_RVT_TT_nldm_211120     0.043740       1     0.043740
TIELOx1_ASAP7_75t_R asap7sc7p5t_SIMPLE_RVT_TT_nldm_211120     0.043740       1     0.043740
XNOR2x1_ASAP7_75t_R asap7sc7p5t_SIMPLE_RVT_TT_nldm_211120     0.174960       1     0.174960
XOR2x2_ASAP7_75t_R asap7sc7p5t_SIMPLE_RVT_TT_nldm_211120     0.160380       1     0.160380
XOR2xp5_ASAP7_75t_R asap7sc7p5t_SIMPLE_RVT_TT_nldm_211120     0.131220       2     0.262440
fp16_mult_7_DW02_mult_0_DW02_mult_15    47.049660       1    47.049660 h
-----------------------------------------------------------------------------
Total 48 references                                    70.727580

****************************************
Design: fp16_mult_7_DW02_mult_0_DW02_mult_15 
****************************************
Reference          Library       Unit Area   Count    Total Area   Attributes
-----------------------------------------------------------------------------
AND2x2_ASAP7_75t_R asap7sc7p5t_SIMPLE_RVT_TT_nldm_211120     0.087480     116    10.147680
AND2x4_ASAP7_75t_R asap7sc7p5t_SIMPLE_RVT_TT_nldm_211120     0.145800       1     0.145800
BUFx3_ASAP7_75t_R  asap7sc7p5t_INVBUF_RVT_TT_nldm_211120     0.087480       1     0.087480
FAx1_ASAP7_75t_R   asap7sc7p5t_SIMPLE_RVT_TT_nldm_211120     0.204120      90    18.370800 r
INVx1_ASAP7_75t_R  asap7sc7p5t_INVBUF_RVT_TT_nldm_211120     0.043740     186     8.135640
INVx2_ASAP7_75t_R  asap7sc7p5t_INVBUF_RVT_TT_nldm_211120     0.058320       1     0.058320
INVxp33_ASAP7_75t_R asap7sc7p5t_INVBUF_RVT_TT_nldm_211120     0.043740       3     0.131220
INVxp67_ASAP7_75t_R asap7sc7p5t_INVBUF_RVT_TT_nldm_211120     0.043740       7     0.306180
NAND2xp5_ASAP7_75t_R asap7sc7p5t_SIMPLE_RVT_TT_nldm_211120     0.058320       1     0.058320
NOR2x1_ASAP7_75t_R asap7sc7p5t_SIMPLE_RVT_TT_nldm_211120     0.087480       5     0.437400
NOR2xp33_ASAP7_75t_R asap7sc7p5t_SIMPLE_RVT_TT_nldm_211120     0.058320      19     1.108080
TIELOx1_ASAP7_75t_R asap7sc7p5t_SIMPLE_RVT_TT_nldm_211120     0.043740       1     0.043740
XNOR2xp5_ASAP7_75t_R asap7sc7p5t_SIMPLE_RVT_TT_nldm_211120     0.131220       1     0.131220
XOR2x2_ASAP7_75t_R asap7sc7p5t_SIMPLE_RVT_TT_nldm_211120     0.160380       1     0.160380
XOR2xp5_ASAP7_75t_R asap7sc7p5t_SIMPLE_RVT_TT_nldm_211120     0.131220      18     2.361960
fp16_mult_7_DW01_add_4            5.365440       1      5.365440  h
-----------------------------------------------------------------------------
Total 16 references                                    47.049660

****************************************
Design: fp16_mult_7_DW01_add_4 
****************************************
Reference          Library       Unit Area   Count    Total Area   Attributes
-----------------------------------------------------------------------------
AND2x2_ASAP7_75t_R asap7sc7p5t_SIMPLE_RVT_TT_nldm_211120     0.087480       2     0.174960
AO31x2_ASAP7_75t_R asap7sc7p5t_AO_RVT_TT_nldm_211120     0.233280       1     0.233280
AOI21xp5_ASAP7_75t_R asap7sc7p5t_AO_RVT_TT_nldm_211120     0.072900       1     0.072900
INVx1_ASAP7_75t_R  asap7sc7p5t_INVBUF_RVT_TT_nldm_211120     0.043740       8     0.349920
INVxp33_ASAP7_75t_R asap7sc7p5t_INVBUF_RVT_TT_nldm_211120     0.043740       3     0.131220
INVxp67_ASAP7_75t_R asap7sc7p5t_INVBUF_RVT_TT_nldm_211120     0.043740       2     0.087480
NAND2x1_ASAP7_75t_R asap7sc7p5t_SIMPLE_RVT_TT_nldm_211120     0.087480       1     0.087480
NAND2xp5_ASAP7_75t_R asap7sc7p5t_SIMPLE_RVT_TT_nldm_211120     0.058320      14     0.816480
NAND2xp33_ASAP7_75t_R asap7sc7p5t_SIMPLE_RVT_TT_nldm_211120     0.058320       1     0.058320
NAND4xp75_ASAP7_75t_R asap7sc7p5t_SIMPLE_RVT_TT_nldm_211120     0.204120       1     0.204120
NOR2x1_ASAP7_75t_R asap7sc7p5t_SIMPLE_RVT_TT_nldm_211120     0.087480       1     0.087480
NOR2xp33_ASAP7_75t_R asap7sc7p5t_SIMPLE_RVT_TT_nldm_211120     0.058320       5     0.291600
OA21x2_ASAP7_75t_R asap7sc7p5t_OA_RVT_TT_nldm_211120     0.102060       1     0.102060
OAI21x1_ASAP7_75t_R asap7sc7p5t_OA_RVT_TT_nldm_211120     0.116640       1     0.116640
OAI21xp5_ASAP7_75t_R asap7sc7p5t_OA_RVT_TT_nldm_211120     0.072900       2     0.145800
OAI21xp33_ASAP7_75t_R asap7sc7p5t_OA_RVT_TT_nldm_211120     0.072900       1     0.072900
OAI222xp33_ASAP7_75t_R asap7sc7p5t_OA_RVT_TT_nldm_211120     0.145800       1     0.145800
OR2x2_ASAP7_75t_R  asap7sc7p5t_SIMPLE_RVT_TT_nldm_211120     0.087480       7     0.612360
XNOR2xp5_ASAP7_75t_R asap7sc7p5t_SIMPLE_RVT_TT_nldm_211120     0.131220       8     1.049760
XOR2xp5_ASAP7_75t_R asap7sc7p5t_SIMPLE_RVT_TT_nldm_211120     0.131220       4     0.524880
-----------------------------------------------------------------------------
Total 20 references                                     5.365440

****************************************
Design: fp16_mult_8 
****************************************
Reference          Library       Unit Area   Count    Total Area   Attributes
-----------------------------------------------------------------------------
A2O1A1Ixp33_ASAP7_75t_R asap7sc7p5t_AO_RVT_TT_nldm_211120     0.087480       1     0.087480
AND2x2_ASAP7_75t_R asap7sc7p5t_SIMPLE_RVT_TT_nldm_211120     0.087480       6     0.524880
AND2x4_ASAP7_75t_R asap7sc7p5t_SIMPLE_RVT_TT_nldm_211120     0.145800       1     0.145800
AO21x1_ASAP7_75t_R asap7sc7p5t_AO_RVT_TT_nldm_211120     0.087480       1     0.087480
AOI21x1_ASAP7_75t_R asap7sc7p5t_AO_RVT_TT_nldm_211120     0.116640       1     0.116640
AOI21xp5_ASAP7_75t_R asap7sc7p5t_AO_RVT_TT_nldm_211120     0.072900       1     0.072900
AOI21xp33_ASAP7_75t_R asap7sc7p5t_AO_RVT_TT_nldm_211120     0.072900       1     0.072900
AOI32xp33_ASAP7_75t_R asap7sc7p5t_AO_RVT_TT_nldm_211120     0.102060       1     0.102060
AOI211xp5_ASAP7_75t_R asap7sc7p5t_AO_RVT_TT_nldm_211120     0.087480       1     0.087480
BUFx2_ASAP7_75t_R  asap7sc7p5t_INVBUF_RVT_TT_nldm_211120     0.072900       1     0.072900
BUFx8_ASAP7_75t_R  asap7sc7p5t_INVBUF_RVT_TT_nldm_211120     0.174960       2     0.349920
DFFASRHQNx1_ASAP7_75t_R asap7sc7p5t_SEQ_RVT_TT_nldm_220123     0.379080      17     6.444360 n
FAx1_ASAP7_75t_R   asap7sc7p5t_SIMPLE_RVT_TT_nldm_211120     0.204120       5     1.020600 r
HB1xp67_ASAP7_75t_R asap7sc7p5t_INVBUF_RVT_TT_nldm_211120     0.058320       3     0.174960
INVx1_ASAP7_75t_R  asap7sc7p5t_INVBUF_RVT_TT_nldm_211120     0.043740      67     2.930580
INVx3_ASAP7_75t_R  asap7sc7p5t_INVBUF_RVT_TT_nldm_211120     0.072900       1     0.072900
INVxp33_ASAP7_75t_R asap7sc7p5t_INVBUF_RVT_TT_nldm_211120     0.043740       5     0.218700
INVxp67_ASAP7_75t_R asap7sc7p5t_INVBUF_RVT_TT_nldm_211120     0.043740       3     0.131220
NAND2x1_ASAP7_75t_R asap7sc7p5t_SIMPLE_RVT_TT_nldm_211120     0.087480       1     0.087480
NAND2x1p5_ASAP7_75t_R asap7sc7p5t_SIMPLE_RVT_TT_nldm_211120     0.116640       1     0.116640
NAND2xp5_ASAP7_75t_R asap7sc7p5t_SIMPLE_RVT_TT_nldm_211120     0.058320      36     2.099520
NAND2xp33_ASAP7_75t_R asap7sc7p5t_SIMPLE_RVT_TT_nldm_211120     0.058320       4     0.233280
NAND3x1_ASAP7_75t_R asap7sc7p5t_SIMPLE_RVT_TT_nldm_211120     0.160380       3     0.481140
NAND3xp33_ASAP7_75t_R asap7sc7p5t_SIMPLE_RVT_TT_nldm_211120     0.072900       2     0.145800
NAND4xp25_ASAP7_75t_R asap7sc7p5t_SIMPLE_RVT_TT_nldm_211120     0.087480       1     0.087480
NAND5xp2_ASAP7_75t_R asap7sc7p5t_SIMPLE_RVT_TT_nldm_211120     0.102060       3     0.306180
NOR2x1_ASAP7_75t_R asap7sc7p5t_SIMPLE_RVT_TT_nldm_211120     0.087480       2     0.174960
NOR2x1p5_ASAP7_75t_R asap7sc7p5t_SIMPLE_RVT_TT_nldm_211120     0.116640       1     0.116640
NOR2xp33_ASAP7_75t_R asap7sc7p5t_SIMPLE_RVT_TT_nldm_211120     0.058320      19     1.108080
NOR2xp67_ASAP7_75t_R asap7sc7p5t_SIMPLE_RVT_TT_nldm_211120     0.087480       4     0.349920
NOR3xp33_ASAP7_75t_R asap7sc7p5t_SIMPLE_RVT_TT_nldm_211120     0.072900       2     0.145800
NOR5xp2_ASAP7_75t_R asap7sc7p5t_SIMPLE_RVT_TT_nldm_211120     0.102060       4     0.408240
O2A1O1Ixp33_ASAP7_75t_R asap7sc7p5t_OA_RVT_TT_nldm_211120     0.087480       1     0.087480
OA21x2_ASAP7_75t_R asap7sc7p5t_OA_RVT_TT_nldm_211120     0.102060       1     0.102060
OAI21xp5_ASAP7_75t_R asap7sc7p5t_OA_RVT_TT_nldm_211120     0.072900       7     0.510300
OAI21xp33_ASAP7_75t_R asap7sc7p5t_OA_RVT_TT_nldm_211120     0.072900      17     1.239300
OAI22xp33_ASAP7_75t_R asap7sc7p5t_OA_RVT_TT_nldm_211120     0.087480       1     0.087480
OAI31xp67_ASAP7_75t_R asap7sc7p5t_OA_RVT_TT_nldm_211120     0.189540       1     0.189540
OAI211xp5_ASAP7_75t_R asap7sc7p5t_OA_RVT_TT_nldm_211120     0.087480      10     0.874800
OAI311xp33_ASAP7_75t_R asap7sc7p5t_OA_RVT_TT_nldm_211120     0.102060       1     0.102060
OR2x2_ASAP7_75t_R  asap7sc7p5t_SIMPLE_RVT_TT_nldm_211120     0.087480       1     0.087480
OR3x1_ASAP7_75t_R  asap7sc7p5t_SIMPLE_RVT_TT_nldm_211120     0.087480       1     0.087480
OR5x1_ASAP7_75t_R  asap7sc7p5t_SIMPLE_RVT_TT_nldm_211120     0.116640       2     0.233280
TIEHIx1_ASAP7_75t_R asap7sc7p5t_SIMPLE_RVT_TT_nldm_211120     0.043740       1     0.043740
TIELOx1_ASAP7_75t_R asap7sc7p5t_SIMPLE_RVT_TT_nldm_211120     0.043740       1     0.043740
XOR2x2_ASAP7_75t_R asap7sc7p5t_SIMPLE_RVT_TT_nldm_211120     0.160380       2     0.320760
XOR2xp5_ASAP7_75t_R asap7sc7p5t_SIMPLE_RVT_TT_nldm_211120     0.131220       2     0.262440
fp16_mult_8_DW02_mult_0_DW02_mult_14    47.355840       1    47.355840 h
-----------------------------------------------------------------------------
Total 48 references                                    70.202700

****************************************
Design: fp16_mult_8_DW02_mult_0_DW02_mult_14 
****************************************
Reference          Library       Unit Area   Count    Total Area   Attributes
-----------------------------------------------------------------------------
AND2x2_ASAP7_75t_R asap7sc7p5t_SIMPLE_RVT_TT_nldm_211120     0.087480     114     9.972720
AND2x4_ASAP7_75t_R asap7sc7p5t_SIMPLE_RVT_TT_nldm_211120     0.145800       5     0.729000
BUFx3_ASAP7_75t_R  asap7sc7p5t_INVBUF_RVT_TT_nldm_211120     0.087480       2     0.174960
BUFx6f_ASAP7_75t_R asap7sc7p5t_INVBUF_RVT_TT_nldm_211120     0.145800       1     0.145800
FAx1_ASAP7_75t_R   asap7sc7p5t_SIMPLE_RVT_TT_nldm_211120     0.204120      90    18.370800 r
HB1xp67_ASAP7_75t_R asap7sc7p5t_INVBUF_RVT_TT_nldm_211120     0.058320       2     0.116640
INVx1_ASAP7_75t_R  asap7sc7p5t_INVBUF_RVT_TT_nldm_211120     0.043740     189     8.266860
INVx2_ASAP7_75t_R  asap7sc7p5t_INVBUF_RVT_TT_nldm_211120     0.058320       2     0.116640
INVxp33_ASAP7_75t_R asap7sc7p5t_INVBUF_RVT_TT_nldm_211120     0.043740       1     0.043740
INVxp67_ASAP7_75t_R asap7sc7p5t_INVBUF_RVT_TT_nldm_211120     0.043740       1     0.043740
NOR2x1_ASAP7_75t_R asap7sc7p5t_SIMPLE_RVT_TT_nldm_211120     0.087480       4     0.349920
NOR2xp33_ASAP7_75t_R asap7sc7p5t_SIMPLE_RVT_TT_nldm_211120     0.058320      18     1.049760
TIELOx1_ASAP7_75t_R asap7sc7p5t_SIMPLE_RVT_TT_nldm_211120     0.043740       1     0.043740
XOR2x2_ASAP7_75t_R asap7sc7p5t_SIMPLE_RVT_TT_nldm_211120     0.160380       1     0.160380
XOR2xp5_ASAP7_75t_R asap7sc7p5t_SIMPLE_RVT_TT_nldm_211120     0.131220      19     2.493180
fp16_mult_8_DW01_add_J13_0        5.277960       1      5.277960  h
-----------------------------------------------------------------------------
Total 16 references                                    47.355840

****************************************
Design: fp16_mult_8_DW01_add_J13_0 
****************************************
Reference          Library       Unit Area   Count    Total Area   Attributes
-----------------------------------------------------------------------------
AND2x2_ASAP7_75t_R asap7sc7p5t_SIMPLE_RVT_TT_nldm_211120     0.087480       1     0.087480
AO31x2_ASAP7_75t_R asap7sc7p5t_AO_RVT_TT_nldm_211120     0.233280       1     0.233280
AOI21xp5_ASAP7_75t_R asap7sc7p5t_AO_RVT_TT_nldm_211120     0.072900       1     0.072900
INVx1_ASAP7_75t_R  asap7sc7p5t_INVBUF_RVT_TT_nldm_211120     0.043740      11     0.481140
INVx4_ASAP7_75t_R  asap7sc7p5t_INVBUF_RVT_TT_nldm_211120     0.087480       1     0.087480
INVxp33_ASAP7_75t_R asap7sc7p5t_INVBUF_RVT_TT_nldm_211120     0.043740       2     0.087480
NAND2x1_ASAP7_75t_R asap7sc7p5t_SIMPLE_RVT_TT_nldm_211120     0.087480       1     0.087480
NAND2xp5_ASAP7_75t_R asap7sc7p5t_SIMPLE_RVT_TT_nldm_211120     0.058320      13     0.758160
NAND2xp33_ASAP7_75t_R asap7sc7p5t_SIMPLE_RVT_TT_nldm_211120     0.058320       3     0.174960
NAND4xp25_ASAP7_75t_R asap7sc7p5t_SIMPLE_RVT_TT_nldm_211120     0.087480       1     0.087480
NOR2x1_ASAP7_75t_R asap7sc7p5t_SIMPLE_RVT_TT_nldm_211120     0.087480       1     0.087480
NOR2xp33_ASAP7_75t_R asap7sc7p5t_SIMPLE_RVT_TT_nldm_211120     0.058320       4     0.233280
OA21x2_ASAP7_75t_R asap7sc7p5t_OA_RVT_TT_nldm_211120     0.102060       1     0.102060
OAI21x1_ASAP7_75t_R asap7sc7p5t_OA_RVT_TT_nldm_211120     0.116640       1     0.116640
OAI21xp5_ASAP7_75t_R asap7sc7p5t_OA_RVT_TT_nldm_211120     0.072900       2     0.145800
OAI21xp33_ASAP7_75t_R asap7sc7p5t_OA_RVT_TT_nldm_211120     0.072900       1     0.072900
OAI222xp33_ASAP7_75t_R asap7sc7p5t_OA_RVT_TT_nldm_211120     0.145800       1     0.145800
OR2x2_ASAP7_75t_R  asap7sc7p5t_SIMPLE_RVT_TT_nldm_211120     0.087480       7     0.612360
XNOR2x2_ASAP7_75t_R asap7sc7p5t_SIMPLE_RVT_TT_nldm_211120     0.160380       1     0.160380
XNOR2xp5_ASAP7_75t_R asap7sc7p5t_SIMPLE_RVT_TT_nldm_211120     0.131220       8     1.049760
XOR2xp5_ASAP7_75t_R asap7sc7p5t_SIMPLE_RVT_TT_nldm_211120     0.131220       3     0.393660
-----------------------------------------------------------------------------
Total 21 references                                     5.277960

****************************************
Design: fp16_mult_9 
****************************************
Reference          Library       Unit Area   Count    Total Area   Attributes
-----------------------------------------------------------------------------
A2O1A1Ixp33_ASAP7_75t_R asap7sc7p5t_AO_RVT_TT_nldm_211120     0.087480       1     0.087480
AND2x2_ASAP7_75t_R asap7sc7p5t_SIMPLE_RVT_TT_nldm_211120     0.087480       8     0.699840
AOI21x1_ASAP7_75t_R asap7sc7p5t_AO_RVT_TT_nldm_211120     0.116640       1     0.116640
AOI21xp5_ASAP7_75t_R asap7sc7p5t_AO_RVT_TT_nldm_211120     0.072900       1     0.072900
AOI21xp33_ASAP7_75t_R asap7sc7p5t_AO_RVT_TT_nldm_211120     0.072900       1     0.072900
AOI32xp33_ASAP7_75t_R asap7sc7p5t_AO_RVT_TT_nldm_211120     0.102060       1     0.102060
AOI211xp5_ASAP7_75t_R asap7sc7p5t_AO_RVT_TT_nldm_211120     0.087480       1     0.087480
BUFx6f_ASAP7_75t_R asap7sc7p5t_INVBUF_RVT_TT_nldm_211120     0.145800       2     0.291600
BUFx8_ASAP7_75t_R  asap7sc7p5t_INVBUF_RVT_TT_nldm_211120     0.174960       2     0.349920
DFFASRHQNx1_ASAP7_75t_R asap7sc7p5t_SEQ_RVT_TT_nldm_220123     0.379080      17     6.444360 n
FAx1_ASAP7_75t_R   asap7sc7p5t_SIMPLE_RVT_TT_nldm_211120     0.204120       6     1.224720 r
HB1xp67_ASAP7_75t_R asap7sc7p5t_INVBUF_RVT_TT_nldm_211120     0.058320       3     0.174960
INVx1_ASAP7_75t_R  asap7sc7p5t_INVBUF_RVT_TT_nldm_211120     0.043740      67     2.930580
INVx2_ASAP7_75t_R  asap7sc7p5t_INVBUF_RVT_TT_nldm_211120     0.058320       4     0.233280
INVx3_ASAP7_75t_R  asap7sc7p5t_INVBUF_RVT_TT_nldm_211120     0.072900       1     0.072900
INVxp33_ASAP7_75t_R asap7sc7p5t_INVBUF_RVT_TT_nldm_211120     0.043740       5     0.218700
INVxp67_ASAP7_75t_R asap7sc7p5t_INVBUF_RVT_TT_nldm_211120     0.043740       2     0.087480
NAND2x1_ASAP7_75t_R asap7sc7p5t_SIMPLE_RVT_TT_nldm_211120     0.087480       1     0.087480
NAND2x1p5_ASAP7_75t_R asap7sc7p5t_SIMPLE_RVT_TT_nldm_211120     0.116640       4     0.466560
NAND2xp5_ASAP7_75t_R asap7sc7p5t_SIMPLE_RVT_TT_nldm_211120     0.058320      22     1.283040
NAND2xp33_ASAP7_75t_R asap7sc7p5t_SIMPLE_RVT_TT_nldm_211120     0.058320      18     1.049760
NAND2xp67_ASAP7_75t_R asap7sc7p5t_SIMPLE_RVT_TT_nldm_211120     0.087480       2     0.174960
NAND3xp33_ASAP7_75t_R asap7sc7p5t_SIMPLE_RVT_TT_nldm_211120     0.072900       3     0.218700
NAND4xp25_ASAP7_75t_R asap7sc7p5t_SIMPLE_RVT_TT_nldm_211120     0.087480       2     0.174960
NAND5xp2_ASAP7_75t_R asap7sc7p5t_SIMPLE_RVT_TT_nldm_211120     0.102060       3     0.306180
NOR2x1_ASAP7_75t_R asap7sc7p5t_SIMPLE_RVT_TT_nldm_211120     0.087480       5     0.437400
NOR2x1p5_ASAP7_75t_R asap7sc7p5t_SIMPLE_RVT_TT_nldm_211120     0.116640       3     0.349920
NOR2xp33_ASAP7_75t_R asap7sc7p5t_SIMPLE_RVT_TT_nldm_211120     0.058320      17     0.991440
NOR3xp33_ASAP7_75t_R asap7sc7p5t_SIMPLE_RVT_TT_nldm_211120     0.072900       2     0.145800
NOR5xp2_ASAP7_75t_R asap7sc7p5t_SIMPLE_RVT_TT_nldm_211120     0.102060       4     0.408240
O2A1O1Ixp33_ASAP7_75t_R asap7sc7p5t_OA_RVT_TT_nldm_211120     0.087480       1     0.087480
OA21x2_ASAP7_75t_R asap7sc7p5t_OA_RVT_TT_nldm_211120     0.102060       1     0.102060
OAI21xp5_ASAP7_75t_R asap7sc7p5t_OA_RVT_TT_nldm_211120     0.072900       3     0.218700
OAI21xp33_ASAP7_75t_R asap7sc7p5t_OA_RVT_TT_nldm_211120     0.072900      21     1.530900
OAI22xp33_ASAP7_75t_R asap7sc7p5t_OA_RVT_TT_nldm_211120     0.087480       1     0.087480
OAI31xp67_ASAP7_75t_R asap7sc7p5t_OA_RVT_TT_nldm_211120     0.189540       1     0.189540
OAI211xp5_ASAP7_75t_R asap7sc7p5t_OA_RVT_TT_nldm_211120     0.087480      10     0.874800
OAI311xp33_ASAP7_75t_R asap7sc7p5t_OA_RVT_TT_nldm_211120     0.102060       1     0.102060
OR2x2_ASAP7_75t_R  asap7sc7p5t_SIMPLE_RVT_TT_nldm_211120     0.087480       2     0.174960
OR3x1_ASAP7_75t_R  asap7sc7p5t_SIMPLE_RVT_TT_nldm_211120     0.087480       1     0.087480
OR5x1_ASAP7_75t_R  asap7sc7p5t_SIMPLE_RVT_TT_nldm_211120     0.116640       1     0.116640
TIEHIx1_ASAP7_75t_R asap7sc7p5t_SIMPLE_RVT_TT_nldm_211120     0.043740       1     0.043740
TIELOx1_ASAP7_75t_R asap7sc7p5t_SIMPLE_RVT_TT_nldm_211120     0.043740       1     0.043740
XOR2x1_ASAP7_75t_R asap7sc7p5t_SIMPLE_RVT_TT_nldm_211120     0.174960       1     0.174960
XOR2x2_ASAP7_75t_R asap7sc7p5t_SIMPLE_RVT_TT_nldm_211120     0.160380       1     0.160380
XOR2xp5_ASAP7_75t_R asap7sc7p5t_SIMPLE_RVT_TT_nldm_211120     0.131220       2     0.262440
fp16_mult_9_DW02_mult_0_DW02_mult_13    47.224620       1    47.224620 h
-----------------------------------------------------------------------------
Total 47 references                                    70.844220

****************************************
Design: fp16_mult_9_DW02_mult_0_DW02_mult_13 
****************************************
Reference          Library       Unit Area   Count    Total Area   Attributes
-----------------------------------------------------------------------------
AND2x2_ASAP7_75t_R asap7sc7p5t_SIMPLE_RVT_TT_nldm_211120     0.087480     114     9.972720
AND2x4_ASAP7_75t_R asap7sc7p5t_SIMPLE_RVT_TT_nldm_211120     0.145800       3     0.437400
BUFx2_ASAP7_75t_R  asap7sc7p5t_INVBUF_RVT_TT_nldm_211120     0.072900       1     0.072900
BUFx6f_ASAP7_75t_R asap7sc7p5t_INVBUF_RVT_TT_nldm_211120     0.145800       2     0.291600
FAx1_ASAP7_75t_R   asap7sc7p5t_SIMPLE_RVT_TT_nldm_211120     0.204120      90    18.370800 r
INVx1_ASAP7_75t_R  asap7sc7p5t_INVBUF_RVT_TT_nldm_211120     0.043740     190     8.310600
INVxp33_ASAP7_75t_R asap7sc7p5t_INVBUF_RVT_TT_nldm_211120     0.043740       2     0.087480
INVxp67_ASAP7_75t_R asap7sc7p5t_INVBUF_RVT_TT_nldm_211120     0.043740       4     0.174960
NAND2xp5_ASAP7_75t_R asap7sc7p5t_SIMPLE_RVT_TT_nldm_211120     0.058320       1     0.058320
NOR2x1_ASAP7_75t_R asap7sc7p5t_SIMPLE_RVT_TT_nldm_211120     0.087480       3     0.262440
NOR2xp33_ASAP7_75t_R asap7sc7p5t_SIMPLE_RVT_TT_nldm_211120     0.058320      20     1.166400
TIELOx1_ASAP7_75t_R asap7sc7p5t_SIMPLE_RVT_TT_nldm_211120     0.043740       1     0.043740
XOR2x2_ASAP7_75t_R asap7sc7p5t_SIMPLE_RVT_TT_nldm_211120     0.160380       1     0.160380
XOR2xp5_ASAP7_75t_R asap7sc7p5t_SIMPLE_RVT_TT_nldm_211120     0.131220      19     2.493180
fp16_mult_9_DW01_add_J15_0        5.321700       1      5.321700  h
-----------------------------------------------------------------------------
Total 15 references                                    47.224620

****************************************
Design: fp16_mult_9_DW01_add_J15_0 
****************************************
Reference          Library       Unit Area   Count    Total Area   Attributes
-----------------------------------------------------------------------------
AND2x2_ASAP7_75t_R asap7sc7p5t_SIMPLE_RVT_TT_nldm_211120     0.087480       2     0.174960
AO31x2_ASAP7_75t_R asap7sc7p5t_AO_RVT_TT_nldm_211120     0.233280       1     0.233280
AOI21xp5_ASAP7_75t_R asap7sc7p5t_AO_RVT_TT_nldm_211120     0.072900       1     0.072900
HB1xp67_ASAP7_75t_R asap7sc7p5t_INVBUF_RVT_TT_nldm_211120     0.058320       1     0.058320
INVx1_ASAP7_75t_R  asap7sc7p5t_INVBUF_RVT_TT_nldm_211120     0.043740       8     0.349920
INVxp33_ASAP7_75t_R asap7sc7p5t_INVBUF_RVT_TT_nldm_211120     0.043740       3     0.131220
INVxp67_ASAP7_75t_R asap7sc7p5t_INVBUF_RVT_TT_nldm_211120     0.043740       1     0.043740
NAND2xp5_ASAP7_75t_R asap7sc7p5t_SIMPLE_RVT_TT_nldm_211120     0.058320      15     0.874800
NAND2xp33_ASAP7_75t_R asap7sc7p5t_SIMPLE_RVT_TT_nldm_211120     0.058320       2     0.116640
NAND4xp25_ASAP7_75t_R asap7sc7p5t_SIMPLE_RVT_TT_nldm_211120     0.087480       1     0.087480
NOR2x1p5_ASAP7_75t_R asap7sc7p5t_SIMPLE_RVT_TT_nldm_211120     0.116640       1     0.116640
NOR2xp33_ASAP7_75t_R asap7sc7p5t_SIMPLE_RVT_TT_nldm_211120     0.058320       5     0.291600
OA21x2_ASAP7_75t_R asap7sc7p5t_OA_RVT_TT_nldm_211120     0.102060       1     0.102060
OAI21x1_ASAP7_75t_R asap7sc7p5t_OA_RVT_TT_nldm_211120     0.116640       1     0.116640
OAI21xp5_ASAP7_75t_R asap7sc7p5t_OA_RVT_TT_nldm_211120     0.072900       2     0.145800
OAI21xp33_ASAP7_75t_R asap7sc7p5t_OA_RVT_TT_nldm_211120     0.072900       1     0.072900
OAI222xp33_ASAP7_75t_R asap7sc7p5t_OA_RVT_TT_nldm_211120     0.145800       1     0.145800
OR2x2_ASAP7_75t_R  asap7sc7p5t_SIMPLE_RVT_TT_nldm_211120     0.087480       7     0.612360
XNOR2xp5_ASAP7_75t_R asap7sc7p5t_SIMPLE_RVT_TT_nldm_211120     0.131220       9     1.180980
XOR2xp5_ASAP7_75t_R asap7sc7p5t_SIMPLE_RVT_TT_nldm_211120     0.131220       3     0.393660
-----------------------------------------------------------------------------
Total 20 references                                     5.321700

****************************************
Design: fp16_mult_10 
****************************************
Reference          Library       Unit Area   Count    Total Area   Attributes
-----------------------------------------------------------------------------
A2O1A1Ixp33_ASAP7_75t_R asap7sc7p5t_AO_RVT_TT_nldm_211120     0.087480       1     0.087480
AND2x2_ASAP7_75t_R asap7sc7p5t_SIMPLE_RVT_TT_nldm_211120     0.087480       7     0.612360
AND3x4_ASAP7_75t_R asap7sc7p5t_SIMPLE_RVT_TT_nldm_211120     0.204120       1     0.204120
AOI21x1_ASAP7_75t_R asap7sc7p5t_AO_RVT_TT_nldm_211120     0.116640       1     0.116640
AOI21xp5_ASAP7_75t_R asap7sc7p5t_AO_RVT_TT_nldm_211120     0.072900       1     0.072900
AOI32xp33_ASAP7_75t_R asap7sc7p5t_AO_RVT_TT_nldm_211120     0.102060       1     0.102060
AOI211xp5_ASAP7_75t_R asap7sc7p5t_AO_RVT_TT_nldm_211120     0.087480       1     0.087480
BUFx3_ASAP7_75t_R  asap7sc7p5t_INVBUF_RVT_TT_nldm_211120     0.087480       1     0.087480
BUFx6f_ASAP7_75t_R asap7sc7p5t_INVBUF_RVT_TT_nldm_211120     0.145800       1     0.145800
BUFx8_ASAP7_75t_R  asap7sc7p5t_INVBUF_RVT_TT_nldm_211120     0.174960       2     0.349920
DFFASRHQNx1_ASAP7_75t_R asap7sc7p5t_SEQ_RVT_TT_nldm_220123     0.379080      17     6.444360 n
FAx1_ASAP7_75t_R   asap7sc7p5t_SIMPLE_RVT_TT_nldm_211120     0.204120       5     1.020600 r
INVx1_ASAP7_75t_R  asap7sc7p5t_INVBUF_RVT_TT_nldm_211120     0.043740      66     2.886840
INVx5_ASAP7_75t_R  asap7sc7p5t_INVBUF_RVT_TT_nldm_211120     0.102060       1     0.102060
INVx6_ASAP7_75t_R  asap7sc7p5t_INVBUF_RVT_TT_nldm_211120     0.116640       1     0.116640
INVxp33_ASAP7_75t_R asap7sc7p5t_INVBUF_RVT_TT_nldm_211120     0.043740       5     0.218700
INVxp67_ASAP7_75t_R asap7sc7p5t_INVBUF_RVT_TT_nldm_211120     0.043740       3     0.131220
NAND2x1_ASAP7_75t_R asap7sc7p5t_SIMPLE_RVT_TT_nldm_211120     0.087480       1     0.087480
NAND2x1p5_ASAP7_75t_R asap7sc7p5t_SIMPLE_RVT_TT_nldm_211120     0.116640       1     0.116640
NAND2x2_ASAP7_75t_R asap7sc7p5t_SIMPLE_RVT_TT_nldm_211120     0.145800       2     0.291600
NAND2xp5_ASAP7_75t_R asap7sc7p5t_SIMPLE_RVT_TT_nldm_211120     0.058320      28     1.632960
NAND2xp33_ASAP7_75t_R asap7sc7p5t_SIMPLE_RVT_TT_nldm_211120     0.058320      12     0.699840
NAND3x1_ASAP7_75t_R asap7sc7p5t_SIMPLE_RVT_TT_nldm_211120     0.160380       2     0.320760
NAND3xp33_ASAP7_75t_R asap7sc7p5t_SIMPLE_RVT_TT_nldm_211120     0.072900       2     0.145800
NAND4xp25_ASAP7_75t_R asap7sc7p5t_SIMPLE_RVT_TT_nldm_211120     0.087480       2     0.174960
NAND5xp2_ASAP7_75t_R asap7sc7p5t_SIMPLE_RVT_TT_nldm_211120     0.102060       3     0.306180
NOR2x1_ASAP7_75t_R asap7sc7p5t_SIMPLE_RVT_TT_nldm_211120     0.087480       1     0.087480
NOR2x1p5_ASAP7_75t_R asap7sc7p5t_SIMPLE_RVT_TT_nldm_211120     0.116640       2     0.233280
NOR2xp33_ASAP7_75t_R asap7sc7p5t_SIMPLE_RVT_TT_nldm_211120     0.058320      18     1.049760
NOR2xp67_ASAP7_75t_R asap7sc7p5t_SIMPLE_RVT_TT_nldm_211120     0.087480       3     0.262440
NOR3xp33_ASAP7_75t_R asap7sc7p5t_SIMPLE_RVT_TT_nldm_211120     0.072900       2     0.145800
NOR5xp2_ASAP7_75t_R asap7sc7p5t_SIMPLE_RVT_TT_nldm_211120     0.102060       4     0.408240
O2A1O1Ixp5_ASAP7_75t_R asap7sc7p5t_OA_RVT_TT_nldm_211120     0.116640       1     0.116640
OA21x2_ASAP7_75t_R asap7sc7p5t_OA_RVT_TT_nldm_211120     0.102060       1     0.102060
OAI21xp5_ASAP7_75t_R asap7sc7p5t_OA_RVT_TT_nldm_211120     0.072900      10     0.729000
OAI21xp33_ASAP7_75t_R asap7sc7p5t_OA_RVT_TT_nldm_211120     0.072900      14     1.020600
OAI22xp33_ASAP7_75t_R asap7sc7p5t_OA_RVT_TT_nldm_211120     0.087480       1     0.087480
OAI31xp33_ASAP7_75t_R asap7sc7p5t_OA_RVT_TT_nldm_211120     0.087480       1     0.087480
OAI211xp5_ASAP7_75t_R asap7sc7p5t_OA_RVT_TT_nldm_211120     0.087480      10     0.874800
OAI311xp33_ASAP7_75t_R asap7sc7p5t_OA_RVT_TT_nldm_211120     0.102060       1     0.102060
OR2x2_ASAP7_75t_R  asap7sc7p5t_SIMPLE_RVT_TT_nldm_211120     0.087480       2     0.174960
OR3x1_ASAP7_75t_R  asap7sc7p5t_SIMPLE_RVT_TT_nldm_211120     0.087480       1     0.087480
OR5x1_ASAP7_75t_R  asap7sc7p5t_SIMPLE_RVT_TT_nldm_211120     0.116640       1     0.116640
TIEHIx1_ASAP7_75t_R asap7sc7p5t_SIMPLE_RVT_TT_nldm_211120     0.043740       1     0.043740
TIELOx1_ASAP7_75t_R asap7sc7p5t_SIMPLE_RVT_TT_nldm_211120     0.043740       1     0.043740
XNOR2x1_ASAP7_75t_R asap7sc7p5t_SIMPLE_RVT_TT_nldm_211120     0.174960       1     0.174960
XOR2xp5_ASAP7_75t_R asap7sc7p5t_SIMPLE_RVT_TT_nldm_211120     0.131220       3     0.393660
fp16_mult_10_DW02_mult_0_DW02_mult_12    47.180880       1    47.180880 h
-----------------------------------------------------------------------------
Total 48 references                                    70.086060

****************************************
Design: fp16_mult_10_DW02_mult_0_DW02_mult_12 
****************************************
Reference          Library       Unit Area   Count    Total Area   Attributes
-----------------------------------------------------------------------------
AND2x2_ASAP7_75t_R asap7sc7p5t_SIMPLE_RVT_TT_nldm_211120     0.087480     114     9.972720
AND2x4_ASAP7_75t_R asap7sc7p5t_SIMPLE_RVT_TT_nldm_211120     0.145800       5     0.729000
FAx1_ASAP7_75t_R   asap7sc7p5t_SIMPLE_RVT_TT_nldm_211120     0.204120      90    18.370800 r
HB1xp67_ASAP7_75t_R asap7sc7p5t_INVBUF_RVT_TT_nldm_211120     0.058320       1     0.058320
INVx1_ASAP7_75t_R  asap7sc7p5t_INVBUF_RVT_TT_nldm_211120     0.043740     188     8.223120
INVxp33_ASAP7_75t_R asap7sc7p5t_INVBUF_RVT_TT_nldm_211120     0.043740       6     0.262440
INVxp67_ASAP7_75t_R asap7sc7p5t_INVBUF_RVT_TT_nldm_211120     0.043740       1     0.043740
NOR2x1_ASAP7_75t_R asap7sc7p5t_SIMPLE_RVT_TT_nldm_211120     0.087480       3     0.262440
NOR2xp33_ASAP7_75t_R asap7sc7p5t_SIMPLE_RVT_TT_nldm_211120     0.058320      19     1.108080
TIELOx1_ASAP7_75t_R asap7sc7p5t_SIMPLE_RVT_TT_nldm_211120     0.043740       1     0.043740
XOR2x2_ASAP7_75t_R asap7sc7p5t_SIMPLE_RVT_TT_nldm_211120     0.160380       2     0.320760
XOR2xp5_ASAP7_75t_R asap7sc7p5t_SIMPLE_RVT_TT_nldm_211120     0.131220      18     2.361960
fp16_mult_10_DW01_add_J14_0       5.423760       1      5.423760  h
-----------------------------------------------------------------------------
Total 13 references                                    47.180880

****************************************
Design: fp16_mult_10_DW01_add_J14_0 
****************************************
Reference          Library       Unit Area   Count    Total Area   Attributes
-----------------------------------------------------------------------------
AND2x2_ASAP7_75t_R asap7sc7p5t_SIMPLE_RVT_TT_nldm_211120     0.087480       2     0.174960
AO31x2_ASAP7_75t_R asap7sc7p5t_AO_RVT_TT_nldm_211120     0.233280       1     0.233280
AOI21xp5_ASAP7_75t_R asap7sc7p5t_AO_RVT_TT_nldm_211120     0.072900       1     0.072900
INVx1_ASAP7_75t_R  asap7sc7p5t_INVBUF_RVT_TT_nldm_211120     0.043740       8     0.349920
INVx2_ASAP7_75t_R  asap7sc7p5t_INVBUF_RVT_TT_nldm_211120     0.058320       1     0.058320
INVx5_ASAP7_75t_R  asap7sc7p5t_INVBUF_RVT_TT_nldm_211120     0.102060       1     0.102060
INVxp33_ASAP7_75t_R asap7sc7p5t_INVBUF_RVT_TT_nldm_211120     0.043740       2     0.087480
NAND2x1_ASAP7_75t_R asap7sc7p5t_SIMPLE_RVT_TT_nldm_211120     0.087480       2     0.174960
NAND2x1p5_ASAP7_75t_R asap7sc7p5t_SIMPLE_RVT_TT_nldm_211120     0.116640       1     0.116640
NAND2xp5_ASAP7_75t_R asap7sc7p5t_SIMPLE_RVT_TT_nldm_211120     0.058320      12     0.699840
NAND2xp33_ASAP7_75t_R asap7sc7p5t_SIMPLE_RVT_TT_nldm_211120     0.058320       2     0.116640
NAND4xp25_ASAP7_75t_R asap7sc7p5t_SIMPLE_RVT_TT_nldm_211120     0.087480       1     0.087480
NOR2x1_ASAP7_75t_R asap7sc7p5t_SIMPLE_RVT_TT_nldm_211120     0.087480       1     0.087480
NOR2xp33_ASAP7_75t_R asap7sc7p5t_SIMPLE_RVT_TT_nldm_211120     0.058320       4     0.233280
OAI21x1_ASAP7_75t_R asap7sc7p5t_OA_RVT_TT_nldm_211120     0.116640       2     0.233280
OAI21xp5_ASAP7_75t_R asap7sc7p5t_OA_RVT_TT_nldm_211120     0.072900       2     0.145800
OAI21xp33_ASAP7_75t_R asap7sc7p5t_OA_RVT_TT_nldm_211120     0.072900       1     0.072900
OAI222xp33_ASAP7_75t_R asap7sc7p5t_OA_RVT_TT_nldm_211120     0.145800       1     0.145800
OR2x2_ASAP7_75t_R  asap7sc7p5t_SIMPLE_RVT_TT_nldm_211120     0.087480       7     0.612360
XNOR2x1_ASAP7_75t_R asap7sc7p5t_SIMPLE_RVT_TT_nldm_211120     0.174960       1     0.174960
XNOR2xp5_ASAP7_75t_R asap7sc7p5t_SIMPLE_RVT_TT_nldm_211120     0.131220       8     1.049760
XOR2xp5_ASAP7_75t_R asap7sc7p5t_SIMPLE_RVT_TT_nldm_211120     0.131220       3     0.393660
-----------------------------------------------------------------------------
Total 22 references                                     5.423760

****************************************
Design: fp16_mult_11 
****************************************
Reference          Library       Unit Area   Count    Total Area   Attributes
-----------------------------------------------------------------------------
A2O1A1Ixp33_ASAP7_75t_R asap7sc7p5t_AO_RVT_TT_nldm_211120     0.087480       1     0.087480
AND2x2_ASAP7_75t_R asap7sc7p5t_SIMPLE_RVT_TT_nldm_211120     0.087480       5     0.437400
AND3x1_ASAP7_75t_R asap7sc7p5t_SIMPLE_RVT_TT_nldm_211120     0.087480       1     0.087480
AOI21x1_ASAP7_75t_R asap7sc7p5t_AO_RVT_TT_nldm_211120     0.116640       1     0.116640
AOI21xp5_ASAP7_75t_R asap7sc7p5t_AO_RVT_TT_nldm_211120     0.072900       1     0.072900
AOI21xp33_ASAP7_75t_R asap7sc7p5t_AO_RVT_TT_nldm_211120     0.072900       1     0.072900
AOI32xp33_ASAP7_75t_R asap7sc7p5t_AO_RVT_TT_nldm_211120     0.102060       1     0.102060
AOI211xp5_ASAP7_75t_R asap7sc7p5t_AO_RVT_TT_nldm_211120     0.087480       1     0.087480
BUFx3_ASAP7_75t_R  asap7sc7p5t_INVBUF_RVT_TT_nldm_211120     0.087480       1     0.087480
BUFx6f_ASAP7_75t_R asap7sc7p5t_INVBUF_RVT_TT_nldm_211120     0.145800       1     0.145800
BUFx8_ASAP7_75t_R  asap7sc7p5t_INVBUF_RVT_TT_nldm_211120     0.174960       2     0.349920
DFFASRHQNx1_ASAP7_75t_R asap7sc7p5t_SEQ_RVT_TT_nldm_220123     0.379080      17     6.444360 n
FAx1_ASAP7_75t_R   asap7sc7p5t_SIMPLE_RVT_TT_nldm_211120     0.204120       5     1.020600 r
INVx1_ASAP7_75t_R  asap7sc7p5t_INVBUF_RVT_TT_nldm_211120     0.043740      68     2.974320
INVx2_ASAP7_75t_R  asap7sc7p5t_INVBUF_RVT_TT_nldm_211120     0.058320       1     0.058320
INVx3_ASAP7_75t_R  asap7sc7p5t_INVBUF_RVT_TT_nldm_211120     0.072900       1     0.072900
INVx5_ASAP7_75t_R  asap7sc7p5t_INVBUF_RVT_TT_nldm_211120     0.102060       1     0.102060
INVxp33_ASAP7_75t_R asap7sc7p5t_INVBUF_RVT_TT_nldm_211120     0.043740       8     0.349920
INVxp67_ASAP7_75t_R asap7sc7p5t_INVBUF_RVT_TT_nldm_211120     0.043740       2     0.087480
NAND2x1_ASAP7_75t_R asap7sc7p5t_SIMPLE_RVT_TT_nldm_211120     0.087480       2     0.174960
NAND2x1p5_ASAP7_75t_R asap7sc7p5t_SIMPLE_RVT_TT_nldm_211120     0.116640       1     0.116640
NAND2xp5_ASAP7_75t_R asap7sc7p5t_SIMPLE_RVT_TT_nldm_211120     0.058320      21     1.224720
NAND2xp33_ASAP7_75t_R asap7sc7p5t_SIMPLE_RVT_TT_nldm_211120     0.058320      18     1.049760
NAND2xp67_ASAP7_75t_R asap7sc7p5t_SIMPLE_RVT_TT_nldm_211120     0.087480       1     0.087480
NAND3x1_ASAP7_75t_R asap7sc7p5t_SIMPLE_RVT_TT_nldm_211120     0.160380       2     0.320760
NAND3xp33_ASAP7_75t_R asap7sc7p5t_SIMPLE_RVT_TT_nldm_211120     0.072900       2     0.145800
NAND4xp25_ASAP7_75t_R asap7sc7p5t_SIMPLE_RVT_TT_nldm_211120     0.087480       2     0.174960
NAND5xp2_ASAP7_75t_R asap7sc7p5t_SIMPLE_RVT_TT_nldm_211120     0.102060       3     0.306180
NOR2x1_ASAP7_75t_R asap7sc7p5t_SIMPLE_RVT_TT_nldm_211120     0.087480       3     0.262440
NOR2x1p5_ASAP7_75t_R asap7sc7p5t_SIMPLE_RVT_TT_nldm_211120     0.116640       2     0.233280
NOR2xp33_ASAP7_75t_R asap7sc7p5t_SIMPLE_RVT_TT_nldm_211120     0.058320      18     1.049760
NOR2xp67_ASAP7_75t_R asap7sc7p5t_SIMPLE_RVT_TT_nldm_211120     0.087480       2     0.174960
NOR3xp33_ASAP7_75t_R asap7sc7p5t_SIMPLE_RVT_TT_nldm_211120     0.072900       2     0.145800
NOR5xp2_ASAP7_75t_R asap7sc7p5t_SIMPLE_RVT_TT_nldm_211120     0.102060       4     0.408240
O2A1O1Ixp5_ASAP7_75t_R asap7sc7p5t_OA_RVT_TT_nldm_211120     0.116640       1     0.116640
OA21x2_ASAP7_75t_R asap7sc7p5t_OA_RVT_TT_nldm_211120     0.102060       1     0.102060
OAI21xp5_ASAP7_75t_R asap7sc7p5t_OA_RVT_TT_nldm_211120     0.072900       5     0.364500
OAI21xp33_ASAP7_75t_R asap7sc7p5t_OA_RVT_TT_nldm_211120     0.072900      20     1.458000
OAI22xp33_ASAP7_75t_R asap7sc7p5t_OA_RVT_TT_nldm_211120     0.087480       1     0.087480
OAI31xp33_ASAP7_75t_R asap7sc7p5t_OA_RVT_TT_nldm_211120     0.087480       1     0.087480
OAI211xp5_ASAP7_75t_R asap7sc7p5t_OA_RVT_TT_nldm_211120     0.087480      10     0.874800
OAI311xp33_ASAP7_75t_R asap7sc7p5t_OA_RVT_TT_nldm_211120     0.102060       1     0.102060
OR2x2_ASAP7_75t_R  asap7sc7p5t_SIMPLE_RVT_TT_nldm_211120     0.087480       1     0.087480
OR3x1_ASAP7_75t_R  asap7sc7p5t_SIMPLE_RVT_TT_nldm_211120     0.087480       1     0.087480
OR5x1_ASAP7_75t_R  asap7sc7p5t_SIMPLE_RVT_TT_nldm_211120     0.116640       2     0.233280
TIEHIx1_ASAP7_75t_R asap7sc7p5t_SIMPLE_RVT_TT_nldm_211120     0.043740       1     0.043740
TIELOx1_ASAP7_75t_R asap7sc7p5t_SIMPLE_RVT_TT_nldm_211120     0.043740       1     0.043740
XNOR2x1_ASAP7_75t_R asap7sc7p5t_SIMPLE_RVT_TT_nldm_211120     0.174960       1     0.174960
XOR2xp5_ASAP7_75t_R asap7sc7p5t_SIMPLE_RVT_TT_nldm_211120     0.131220       3     0.393660
fp16_mult_11_DW02_mult_0_DW02_mult_11    47.064240       1    47.064240 h
-----------------------------------------------------------------------------
Total 50 references                                    69.954840

****************************************
Design: fp16_mult_11_DW02_mult_0_DW02_mult_11 
****************************************
Reference          Library       Unit Area   Count    Total Area   Attributes
-----------------------------------------------------------------------------
AND2x2_ASAP7_75t_R asap7sc7p5t_SIMPLE_RVT_TT_nldm_211120     0.087480     115    10.060200
AND2x4_ASAP7_75t_R asap7sc7p5t_SIMPLE_RVT_TT_nldm_211120     0.145800       4     0.583200
FAx1_ASAP7_75t_R   asap7sc7p5t_SIMPLE_RVT_TT_nldm_211120     0.204120      90    18.370800 r
INVx1_ASAP7_75t_R  asap7sc7p5t_INVBUF_RVT_TT_nldm_211120     0.043740     189     8.266860
INVx2_ASAP7_75t_R  asap7sc7p5t_INVBUF_RVT_TT_nldm_211120     0.058320       2     0.116640
INVxp33_ASAP7_75t_R asap7sc7p5t_INVBUF_RVT_TT_nldm_211120     0.043740       2     0.087480
INVxp67_ASAP7_75t_R asap7sc7p5t_INVBUF_RVT_TT_nldm_211120     0.043740       5     0.218700
NOR2x1_ASAP7_75t_R asap7sc7p5t_SIMPLE_RVT_TT_nldm_211120     0.087480       1     0.087480
NOR2xp33_ASAP7_75t_R asap7sc7p5t_SIMPLE_RVT_TT_nldm_211120     0.058320      21     1.224720
TIELOx1_ASAP7_75t_R asap7sc7p5t_SIMPLE_RVT_TT_nldm_211120     0.043740       1     0.043740
XNOR2xp5_ASAP7_75t_R asap7sc7p5t_SIMPLE_RVT_TT_nldm_211120     0.131220       1     0.131220
XOR2x2_ASAP7_75t_R asap7sc7p5t_SIMPLE_RVT_TT_nldm_211120     0.160380       1     0.160380
XOR2xp5_ASAP7_75t_R asap7sc7p5t_SIMPLE_RVT_TT_nldm_211120     0.131220      18     2.361960
fp16_mult_11_DW01_add_4           5.350860       1      5.350860  h
-----------------------------------------------------------------------------
Total 14 references                                    47.064240

****************************************
Design: fp16_mult_11_DW01_add_4 
****************************************
Reference          Library       Unit Area   Count    Total Area   Attributes
-----------------------------------------------------------------------------
AND2x2_ASAP7_75t_R asap7sc7p5t_SIMPLE_RVT_TT_nldm_211120     0.087480       2     0.174960
AO31x2_ASAP7_75t_R asap7sc7p5t_AO_RVT_TT_nldm_211120     0.233280       1     0.233280
AOI21xp5_ASAP7_75t_R asap7sc7p5t_AO_RVT_TT_nldm_211120     0.072900       1     0.072900
INVx1_ASAP7_75t_R  asap7sc7p5t_INVBUF_RVT_TT_nldm_211120     0.043740      13     0.568620
INVxp33_ASAP7_75t_R asap7sc7p5t_INVBUF_RVT_TT_nldm_211120     0.043740       3     0.131220
NAND2x1_ASAP7_75t_R asap7sc7p5t_SIMPLE_RVT_TT_nldm_211120     0.087480       1     0.087480
NAND2xp5_ASAP7_75t_R asap7sc7p5t_SIMPLE_RVT_TT_nldm_211120     0.058320      16     0.933120
NAND4xp25_ASAP7_75t_R asap7sc7p5t_SIMPLE_RVT_TT_nldm_211120     0.087480       1     0.087480
NOR2x1_ASAP7_75t_R asap7sc7p5t_SIMPLE_RVT_TT_nldm_211120     0.087480       1     0.087480
NOR2xp33_ASAP7_75t_R asap7sc7p5t_SIMPLE_RVT_TT_nldm_211120     0.058320       5     0.291600
OA21x2_ASAP7_75t_R asap7sc7p5t_OA_RVT_TT_nldm_211120     0.102060       1     0.102060
OAI21x1_ASAP7_75t_R asap7sc7p5t_OA_RVT_TT_nldm_211120     0.116640       1     0.116640
OAI21xp5_ASAP7_75t_R asap7sc7p5t_OA_RVT_TT_nldm_211120     0.072900       2     0.145800
OAI21xp33_ASAP7_75t_R asap7sc7p5t_OA_RVT_TT_nldm_211120     0.072900       1     0.072900
OAI222xp33_ASAP7_75t_R asap7sc7p5t_OA_RVT_TT_nldm_211120     0.145800       1     0.145800
OR2x2_ASAP7_75t_R  asap7sc7p5t_SIMPLE_RVT_TT_nldm_211120     0.087480       6     0.524880
XNOR2xp5_ASAP7_75t_R asap7sc7p5t_SIMPLE_RVT_TT_nldm_211120     0.131220       9     1.180980
XOR2xp5_ASAP7_75t_R asap7sc7p5t_SIMPLE_RVT_TT_nldm_211120     0.131220       3     0.393660
-----------------------------------------------------------------------------
Total 18 references                                     5.350860

****************************************
Design: fp16_mult_12 
****************************************
Reference          Library       Unit Area   Count    Total Area   Attributes
-----------------------------------------------------------------------------
A2O1A1Ixp33_ASAP7_75t_R asap7sc7p5t_AO_RVT_TT_nldm_211120     0.087480       1     0.087480
AND2x2_ASAP7_75t_R asap7sc7p5t_SIMPLE_RVT_TT_nldm_211120     0.087480       7     0.612360
AND2x4_ASAP7_75t_R asap7sc7p5t_SIMPLE_RVT_TT_nldm_211120     0.145800       1     0.145800
AND3x1_ASAP7_75t_R asap7sc7p5t_SIMPLE_RVT_TT_nldm_211120     0.087480       1     0.087480
AO21x2_ASAP7_75t_R asap7sc7p5t_AO_RVT_TT_nldm_211120     0.102060       1     0.102060
AOI21x1_ASAP7_75t_R asap7sc7p5t_AO_RVT_TT_nldm_211120     0.116640       1     0.116640
AOI21xp5_ASAP7_75t_R asap7sc7p5t_AO_RVT_TT_nldm_211120     0.072900       1     0.072900
AOI32xp33_ASAP7_75t_R asap7sc7p5t_AO_RVT_TT_nldm_211120     0.102060       1     0.102060
AOI211xp5_ASAP7_75t_R asap7sc7p5t_AO_RVT_TT_nldm_211120     0.087480       1     0.087480
BUFx6f_ASAP7_75t_R asap7sc7p5t_INVBUF_RVT_TT_nldm_211120     0.145800       1     0.145800
BUFx8_ASAP7_75t_R  asap7sc7p5t_INVBUF_RVT_TT_nldm_211120     0.174960       2     0.349920
DFFASRHQNx1_ASAP7_75t_R asap7sc7p5t_SEQ_RVT_TT_nldm_220123     0.379080      17     6.444360 n
FAx1_ASAP7_75t_R   asap7sc7p5t_SIMPLE_RVT_TT_nldm_211120     0.204120       5     1.020600 r
HB1xp67_ASAP7_75t_R asap7sc7p5t_INVBUF_RVT_TT_nldm_211120     0.058320       3     0.174960
INVx1_ASAP7_75t_R  asap7sc7p5t_INVBUF_RVT_TT_nldm_211120     0.043740      61     2.668140
INVx2_ASAP7_75t_R  asap7sc7p5t_INVBUF_RVT_TT_nldm_211120     0.058320       2     0.116640
INVx4_ASAP7_75t_R  asap7sc7p5t_INVBUF_RVT_TT_nldm_211120     0.087480       1     0.087480
INVxp33_ASAP7_75t_R asap7sc7p5t_INVBUF_RVT_TT_nldm_211120     0.043740       8     0.349920
INVxp67_ASAP7_75t_R asap7sc7p5t_INVBUF_RVT_TT_nldm_211120     0.043740       6     0.262440
NAND2x1_ASAP7_75t_R asap7sc7p5t_SIMPLE_RVT_TT_nldm_211120     0.087480       3     0.262440
NAND2xp5_ASAP7_75t_R asap7sc7p5t_SIMPLE_RVT_TT_nldm_211120     0.058320      33     1.924560
NAND2xp33_ASAP7_75t_R asap7sc7p5t_SIMPLE_RVT_TT_nldm_211120     0.058320       4     0.233280
NAND2xp67_ASAP7_75t_R asap7sc7p5t_SIMPLE_RVT_TT_nldm_211120     0.087480       1     0.087480
NAND3x1_ASAP7_75t_R asap7sc7p5t_SIMPLE_RVT_TT_nldm_211120     0.160380       2     0.320760
NAND3xp33_ASAP7_75t_R asap7sc7p5t_SIMPLE_RVT_TT_nldm_211120     0.072900       3     0.218700
NAND4xp25_ASAP7_75t_R asap7sc7p5t_SIMPLE_RVT_TT_nldm_211120     0.087480       1     0.087480
NAND5xp2_ASAP7_75t_R asap7sc7p5t_SIMPLE_RVT_TT_nldm_211120     0.102060       3     0.306180
NOR2x1_ASAP7_75t_R asap7sc7p5t_SIMPLE_RVT_TT_nldm_211120     0.087480       4     0.349920
NOR2x1p5_ASAP7_75t_R asap7sc7p5t_SIMPLE_RVT_TT_nldm_211120     0.116640       2     0.233280
NOR2xp33_ASAP7_75t_R asap7sc7p5t_SIMPLE_RVT_TT_nldm_211120     0.058320      15     0.874800
NOR2xp67_ASAP7_75t_R asap7sc7p5t_SIMPLE_RVT_TT_nldm_211120     0.087480       2     0.174960
NOR3xp33_ASAP7_75t_R asap7sc7p5t_SIMPLE_RVT_TT_nldm_211120     0.072900       2     0.145800
NOR5xp2_ASAP7_75t_R asap7sc7p5t_SIMPLE_RVT_TT_nldm_211120     0.102060       4     0.408240
O2A1O1Ixp33_ASAP7_75t_R asap7sc7p5t_OA_RVT_TT_nldm_211120     0.087480       1     0.087480
OA21x2_ASAP7_75t_R asap7sc7p5t_OA_RVT_TT_nldm_211120     0.102060       1     0.102060
OAI21xp5_ASAP7_75t_R asap7sc7p5t_OA_RVT_TT_nldm_211120     0.072900      17     1.239300
OAI21xp33_ASAP7_75t_R asap7sc7p5t_OA_RVT_TT_nldm_211120     0.072900       8     0.583200
OAI22xp33_ASAP7_75t_R asap7sc7p5t_OA_RVT_TT_nldm_211120     0.087480       1     0.087480
OAI31xp33_ASAP7_75t_R asap7sc7p5t_OA_RVT_TT_nldm_211120     0.087480       1     0.087480
OAI211xp5_ASAP7_75t_R asap7sc7p5t_OA_RVT_TT_nldm_211120     0.087480      10     0.874800
OAI311xp33_ASAP7_75t_R asap7sc7p5t_OA_RVT_TT_nldm_211120     0.102060       1     0.102060
OR2x2_ASAP7_75t_R  asap7sc7p5t_SIMPLE_RVT_TT_nldm_211120     0.087480       1     0.087480
OR3x1_ASAP7_75t_R  asap7sc7p5t_SIMPLE_RVT_TT_nldm_211120     0.087480       1     0.087480
OR5x2_ASAP7_75t_R  asap7sc7p5t_SIMPLE_RVT_TT_nldm_211120     0.131220       1     0.131220
TIEHIx1_ASAP7_75t_R asap7sc7p5t_SIMPLE_RVT_TT_nldm_211120     0.043740       1     0.043740
TIELOx1_ASAP7_75t_R asap7sc7p5t_SIMPLE_RVT_TT_nldm_211120     0.043740       1     0.043740
XNOR2x1_ASAP7_75t_R asap7sc7p5t_SIMPLE_RVT_TT_nldm_211120     0.174960       1     0.174960
XNOR2xp5_ASAP7_75t_R asap7sc7p5t_SIMPLE_RVT_TT_nldm_211120     0.131220       1     0.131220
XOR2xp5_ASAP7_75t_R asap7sc7p5t_SIMPLE_RVT_TT_nldm_211120     0.131220       2     0.262440
fp16_mult_12_DW02_mult_0_DW02_mult_10    47.122560       1    47.122560 h
-----------------------------------------------------------------------------
Total 50 references                                    69.911100

****************************************
Design: fp16_mult_12_DW02_mult_0_DW02_mult_10 
****************************************
Reference          Library       Unit Area   Count    Total Area   Attributes
-----------------------------------------------------------------------------
AND2x2_ASAP7_75t_R asap7sc7p5t_SIMPLE_RVT_TT_nldm_211120     0.087480     115    10.060200
AND2x4_ASAP7_75t_R asap7sc7p5t_SIMPLE_RVT_TT_nldm_211120     0.145800       3     0.437400
BUFx3_ASAP7_75t_R  asap7sc7p5t_INVBUF_RVT_TT_nldm_211120     0.087480       1     0.087480
FAx1_ASAP7_75t_R   asap7sc7p5t_SIMPLE_RVT_TT_nldm_211120     0.204120      90    18.370800 r
HB1xp67_ASAP7_75t_R asap7sc7p5t_INVBUF_RVT_TT_nldm_211120     0.058320       1     0.058320
INVx1_ASAP7_75t_R  asap7sc7p5t_INVBUF_RVT_TT_nldm_211120     0.043740     190     8.310600
INVxp33_ASAP7_75t_R asap7sc7p5t_INVBUF_RVT_TT_nldm_211120     0.043740       4     0.174960
INVxp67_ASAP7_75t_R asap7sc7p5t_INVBUF_RVT_TT_nldm_211120     0.043740       2     0.087480
NOR2x1_ASAP7_75t_R asap7sc7p5t_SIMPLE_RVT_TT_nldm_211120     0.087480       4     0.349920
NOR2xp33_ASAP7_75t_R asap7sc7p5t_SIMPLE_RVT_TT_nldm_211120     0.058320      18     1.049760
NOR2xp67_ASAP7_75t_R asap7sc7p5t_SIMPLE_RVT_TT_nldm_211120     0.087480       1     0.087480
TIELOx1_ASAP7_75t_R asap7sc7p5t_SIMPLE_RVT_TT_nldm_211120     0.043740       1     0.043740
XOR2x2_ASAP7_75t_R asap7sc7p5t_SIMPLE_RVT_TT_nldm_211120     0.160380       1     0.160380
XOR2xp5_ASAP7_75t_R asap7sc7p5t_SIMPLE_RVT_TT_nldm_211120     0.131220      19     2.493180
fp16_mult_12_DW01_add_J13_0       5.350860       1      5.350860  h
-----------------------------------------------------------------------------
Total 15 references                                    47.122560

****************************************
Design: fp16_mult_12_DW01_add_J13_0 
****************************************
Reference          Library       Unit Area   Count    Total Area   Attributes
-----------------------------------------------------------------------------
AND2x2_ASAP7_75t_R asap7sc7p5t_SIMPLE_RVT_TT_nldm_211120     0.087480       2     0.174960
AO31x2_ASAP7_75t_R asap7sc7p5t_AO_RVT_TT_nldm_211120     0.233280       1     0.233280
AOI21xp5_ASAP7_75t_R asap7sc7p5t_AO_RVT_TT_nldm_211120     0.072900       1     0.072900
INVx1_ASAP7_75t_R  asap7sc7p5t_INVBUF_RVT_TT_nldm_211120     0.043740      12     0.524880
INVx2_ASAP7_75t_R  asap7sc7p5t_INVBUF_RVT_TT_nldm_211120     0.058320       1     0.058320
INVxp33_ASAP7_75t_R asap7sc7p5t_INVBUF_RVT_TT_nldm_211120     0.043740       3     0.131220
NAND2x1_ASAP7_75t_R asap7sc7p5t_SIMPLE_RVT_TT_nldm_211120     0.087480       1     0.087480
NAND2xp5_ASAP7_75t_R asap7sc7p5t_SIMPLE_RVT_TT_nldm_211120     0.058320      14     0.816480
NAND2xp33_ASAP7_75t_R asap7sc7p5t_SIMPLE_RVT_TT_nldm_211120     0.058320       1     0.058320
NAND4xp25_ASAP7_75t_R asap7sc7p5t_SIMPLE_RVT_TT_nldm_211120     0.087480       1     0.087480
NOR2x1_ASAP7_75t_R asap7sc7p5t_SIMPLE_RVT_TT_nldm_211120     0.087480       1     0.087480
NOR2xp33_ASAP7_75t_R asap7sc7p5t_SIMPLE_RVT_TT_nldm_211120     0.058320       4     0.233280
OAI21x1_ASAP7_75t_R asap7sc7p5t_OA_RVT_TT_nldm_211120     0.116640       2     0.233280
OAI21xp5_ASAP7_75t_R asap7sc7p5t_OA_RVT_TT_nldm_211120     0.072900       2     0.145800
OAI21xp33_ASAP7_75t_R asap7sc7p5t_OA_RVT_TT_nldm_211120     0.072900       1     0.072900
OAI222xp33_ASAP7_75t_R asap7sc7p5t_OA_RVT_TT_nldm_211120     0.145800       1     0.145800
OR2x2_ASAP7_75t_R  asap7sc7p5t_SIMPLE_RVT_TT_nldm_211120     0.087480       7     0.612360
XNOR2xp5_ASAP7_75t_R asap7sc7p5t_SIMPLE_RVT_TT_nldm_211120     0.131220       9     1.180980
XOR2xp5_ASAP7_75t_R asap7sc7p5t_SIMPLE_RVT_TT_nldm_211120     0.131220       3     0.393660
-----------------------------------------------------------------------------
Total 19 references                                     5.350860

****************************************
Design: fp16_mult_13 
****************************************
Reference          Library       Unit Area   Count    Total Area   Attributes
-----------------------------------------------------------------------------
A2O1A1Ixp33_ASAP7_75t_R asap7sc7p5t_AO_RVT_TT_nldm_211120     0.087480       1     0.087480
AND2x2_ASAP7_75t_R asap7sc7p5t_SIMPLE_RVT_TT_nldm_211120     0.087480       6     0.524880
AOI21x1_ASAP7_75t_R asap7sc7p5t_AO_RVT_TT_nldm_211120     0.116640       1     0.116640
AOI21xp5_ASAP7_75t_R asap7sc7p5t_AO_RVT_TT_nldm_211120     0.072900       1     0.072900
AOI21xp33_ASAP7_75t_R asap7sc7p5t_AO_RVT_TT_nldm_211120     0.072900       1     0.072900
AOI32xp33_ASAP7_75t_R asap7sc7p5t_AO_RVT_TT_nldm_211120     0.102060       1     0.102060
AOI211xp5_ASAP7_75t_R asap7sc7p5t_AO_RVT_TT_nldm_211120     0.087480       1     0.087480
BUFx3_ASAP7_75t_R  asap7sc7p5t_INVBUF_RVT_TT_nldm_211120     0.087480       1     0.087480
BUFx6f_ASAP7_75t_R asap7sc7p5t_INVBUF_RVT_TT_nldm_211120     0.145800       1     0.145800
BUFx8_ASAP7_75t_R  asap7sc7p5t_INVBUF_RVT_TT_nldm_211120     0.174960       2     0.349920
DFFASRHQNx1_ASAP7_75t_R asap7sc7p5t_SEQ_RVT_TT_nldm_220123     0.379080      17     6.444360 n
FAx1_ASAP7_75t_R   asap7sc7p5t_SIMPLE_RVT_TT_nldm_211120     0.204120       5     1.020600 r
HB1xp67_ASAP7_75t_R asap7sc7p5t_INVBUF_RVT_TT_nldm_211120     0.058320       1     0.058320
INVx1_ASAP7_75t_R  asap7sc7p5t_INVBUF_RVT_TT_nldm_211120     0.043740      65     2.843100
INVx2_ASAP7_75t_R  asap7sc7p5t_INVBUF_RVT_TT_nldm_211120     0.058320       1     0.058320
INVx3_ASAP7_75t_R  asap7sc7p5t_INVBUF_RVT_TT_nldm_211120     0.072900       1     0.072900
INVxp33_ASAP7_75t_R asap7sc7p5t_INVBUF_RVT_TT_nldm_211120     0.043740       6     0.262440
INVxp67_ASAP7_75t_R asap7sc7p5t_INVBUF_RVT_TT_nldm_211120     0.043740       4     0.174960
NAND2x1_ASAP7_75t_R asap7sc7p5t_SIMPLE_RVT_TT_nldm_211120     0.087480       1     0.087480
NAND2x1p5_ASAP7_75t_R asap7sc7p5t_SIMPLE_RVT_TT_nldm_211120     0.116640       2     0.233280
NAND2xp5_ASAP7_75t_R asap7sc7p5t_SIMPLE_RVT_TT_nldm_211120     0.058320      33     1.924560
NAND2xp33_ASAP7_75t_R asap7sc7p5t_SIMPLE_RVT_TT_nldm_211120     0.058320       4     0.233280
NAND3x1_ASAP7_75t_R asap7sc7p5t_SIMPLE_RVT_TT_nldm_211120     0.160380       2     0.320760
NAND3xp33_ASAP7_75t_R asap7sc7p5t_SIMPLE_RVT_TT_nldm_211120     0.072900       2     0.145800
NAND4xp25_ASAP7_75t_R asap7sc7p5t_SIMPLE_RVT_TT_nldm_211120     0.087480       2     0.174960
NAND5xp2_ASAP7_75t_R asap7sc7p5t_SIMPLE_RVT_TT_nldm_211120     0.102060       3     0.306180
NOR2x1_ASAP7_75t_R asap7sc7p5t_SIMPLE_RVT_TT_nldm_211120     0.087480       6     0.524880
NOR2x1p5_ASAP7_75t_R asap7sc7p5t_SIMPLE_RVT_TT_nldm_211120     0.116640       1     0.116640
NOR2xp33_ASAP7_75t_R asap7sc7p5t_SIMPLE_RVT_TT_nldm_211120     0.058320      20     1.166400
NOR3xp33_ASAP7_75t_R asap7sc7p5t_SIMPLE_RVT_TT_nldm_211120     0.072900       2     0.145800
NOR5xp2_ASAP7_75t_R asap7sc7p5t_SIMPLE_RVT_TT_nldm_211120     0.102060       4     0.408240
O2A1O1Ixp33_ASAP7_75t_R asap7sc7p5t_OA_RVT_TT_nldm_211120     0.087480       1     0.087480
OA21x2_ASAP7_75t_R asap7sc7p5t_OA_RVT_TT_nldm_211120     0.102060       2     0.204120
OAI21xp5_ASAP7_75t_R asap7sc7p5t_OA_RVT_TT_nldm_211120     0.072900       9     0.656100
OAI21xp33_ASAP7_75t_R asap7sc7p5t_OA_RVT_TT_nldm_211120     0.072900      15     1.093500
OAI22xp33_ASAP7_75t_R asap7sc7p5t_OA_RVT_TT_nldm_211120     0.087480       1     0.087480
OAI31xp33_ASAP7_75t_R asap7sc7p5t_OA_RVT_TT_nldm_211120     0.087480       1     0.087480
OAI211xp5_ASAP7_75t_R asap7sc7p5t_OA_RVT_TT_nldm_211120     0.087480      10     0.874800
OAI311xp33_ASAP7_75t_R asap7sc7p5t_OA_RVT_TT_nldm_211120     0.102060       1     0.102060
OR2x2_ASAP7_75t_R  asap7sc7p5t_SIMPLE_RVT_TT_nldm_211120     0.087480       2     0.174960
OR3x1_ASAP7_75t_R  asap7sc7p5t_SIMPLE_RVT_TT_nldm_211120     0.087480       1     0.087480
OR5x1_ASAP7_75t_R  asap7sc7p5t_SIMPLE_RVT_TT_nldm_211120     0.116640       2     0.233280
TIEHIx1_ASAP7_75t_R asap7sc7p5t_SIMPLE_RVT_TT_nldm_211120     0.043740       1     0.043740
TIELOx1_ASAP7_75t_R asap7sc7p5t_SIMPLE_RVT_TT_nldm_211120     0.043740       1     0.043740
XOR2x1_ASAP7_75t_R asap7sc7p5t_SIMPLE_RVT_TT_nldm_211120     0.174960       1     0.174960
XOR2x2_ASAP7_75t_R asap7sc7p5t_SIMPLE_RVT_TT_nldm_211120     0.160380       1     0.160380
XOR2xp5_ASAP7_75t_R asap7sc7p5t_SIMPLE_RVT_TT_nldm_211120     0.131220       2     0.262440
fp16_mult_13_DW02_mult_0_DW02_mult_9    46.976760       1    46.976760 h
-----------------------------------------------------------------------------
Total 48 references                                    69.721560

****************************************
Design: fp16_mult_13_DW02_mult_0_DW02_mult_9 
****************************************
Reference          Library       Unit Area   Count    Total Area   Attributes
-----------------------------------------------------------------------------
AND2x2_ASAP7_75t_R asap7sc7p5t_SIMPLE_RVT_TT_nldm_211120     0.087480     118    10.322640
AND2x4_ASAP7_75t_R asap7sc7p5t_SIMPLE_RVT_TT_nldm_211120     0.145800       1     0.145800
BUFx2_ASAP7_75t_R  asap7sc7p5t_INVBUF_RVT_TT_nldm_211120     0.072900       2     0.145800
BUFx3_ASAP7_75t_R  asap7sc7p5t_INVBUF_RVT_TT_nldm_211120     0.087480       2     0.174960
FAx1_ASAP7_75t_R   asap7sc7p5t_SIMPLE_RVT_TT_nldm_211120     0.204120      90    18.370800 r
INVx1_ASAP7_75t_R  asap7sc7p5t_INVBUF_RVT_TT_nldm_211120     0.043740     191     8.354340
INVxp33_ASAP7_75t_R asap7sc7p5t_INVBUF_RVT_TT_nldm_211120     0.043740       1     0.043740
INVxp67_ASAP7_75t_R asap7sc7p5t_INVBUF_RVT_TT_nldm_211120     0.043740       2     0.087480
NOR2xp33_ASAP7_75t_R asap7sc7p5t_SIMPLE_RVT_TT_nldm_211120     0.058320      23     1.341360
TIELOx1_ASAP7_75t_R asap7sc7p5t_SIMPLE_RVT_TT_nldm_211120     0.043740       1     0.043740
XNOR2xp5_ASAP7_75t_R asap7sc7p5t_SIMPLE_RVT_TT_nldm_211120     0.131220       1     0.131220
XOR2xp5_ASAP7_75t_R asap7sc7p5t_SIMPLE_RVT_TT_nldm_211120     0.131220      19     2.493180
fp16_mult_13_DW01_add_J15_0       5.321700       1      5.321700  h
-----------------------------------------------------------------------------
Total 13 references                                    46.976760

****************************************
Design: fp16_mult_13_DW01_add_J15_0 
****************************************
Reference          Library       Unit Area   Count    Total Area   Attributes
-----------------------------------------------------------------------------
AND2x2_ASAP7_75t_R asap7sc7p5t_SIMPLE_RVT_TT_nldm_211120     0.087480       2     0.174960
AO31x2_ASAP7_75t_R asap7sc7p5t_AO_RVT_TT_nldm_211120     0.233280       1     0.233280
AOI21xp5_ASAP7_75t_R asap7sc7p5t_AO_RVT_TT_nldm_211120     0.072900       1     0.072900
INVx1_ASAP7_75t_R  asap7sc7p5t_INVBUF_RVT_TT_nldm_211120     0.043740      11     0.481140
INVxp33_ASAP7_75t_R asap7sc7p5t_INVBUF_RVT_TT_nldm_211120     0.043740       3     0.131220
NAND2xp5_ASAP7_75t_R asap7sc7p5t_SIMPLE_RVT_TT_nldm_211120     0.058320      16     0.933120
NAND2xp33_ASAP7_75t_R asap7sc7p5t_SIMPLE_RVT_TT_nldm_211120     0.058320       1     0.058320
NAND4xp25_ASAP7_75t_R asap7sc7p5t_SIMPLE_RVT_TT_nldm_211120     0.087480       1     0.087480
NOR2x1_ASAP7_75t_R asap7sc7p5t_SIMPLE_RVT_TT_nldm_211120     0.087480       1     0.087480
NOR2xp33_ASAP7_75t_R asap7sc7p5t_SIMPLE_RVT_TT_nldm_211120     0.058320       5     0.291600
OA21x2_ASAP7_75t_R asap7sc7p5t_OA_RVT_TT_nldm_211120     0.102060       1     0.102060
OAI21x1_ASAP7_75t_R asap7sc7p5t_OA_RVT_TT_nldm_211120     0.116640       1     0.116640
OAI21xp5_ASAP7_75t_R asap7sc7p5t_OA_RVT_TT_nldm_211120     0.072900       2     0.145800
OAI21xp33_ASAP7_75t_R asap7sc7p5t_OA_RVT_TT_nldm_211120     0.072900       1     0.072900
OAI222xp33_ASAP7_75t_R asap7sc7p5t_OA_RVT_TT_nldm_211120     0.145800       1     0.145800
OR2x2_ASAP7_75t_R  asap7sc7p5t_SIMPLE_RVT_TT_nldm_211120     0.087480       7     0.612360
XNOR2xp5_ASAP7_75t_R asap7sc7p5t_SIMPLE_RVT_TT_nldm_211120     0.131220       9     1.180980
XOR2xp5_ASAP7_75t_R asap7sc7p5t_SIMPLE_RVT_TT_nldm_211120     0.131220       3     0.393660
-----------------------------------------------------------------------------
Total 18 references                                     5.321700

****************************************
Design: fp16_mult_14 
****************************************
Reference          Library       Unit Area   Count    Total Area   Attributes
-----------------------------------------------------------------------------
A2O1A1Ixp33_ASAP7_75t_R asap7sc7p5t_AO_RVT_TT_nldm_211120     0.087480       1     0.087480
AND2x2_ASAP7_75t_R asap7sc7p5t_SIMPLE_RVT_TT_nldm_211120     0.087480       5     0.437400
AND2x4_ASAP7_75t_R asap7sc7p5t_SIMPLE_RVT_TT_nldm_211120     0.145800       1     0.145800
AND3x2_ASAP7_75t_R asap7sc7p5t_SIMPLE_RVT_TT_nldm_211120     0.102060       1     0.102060
AO21x1_ASAP7_75t_R asap7sc7p5t_AO_RVT_TT_nldm_211120     0.087480       1     0.087480
AOI21x1_ASAP7_75t_R asap7sc7p5t_AO_RVT_TT_nldm_211120     0.116640       1     0.116640
AOI21xp5_ASAP7_75t_R asap7sc7p5t_AO_RVT_TT_nldm_211120     0.072900       1     0.072900
AOI32xp33_ASAP7_75t_R asap7sc7p5t_AO_RVT_TT_nldm_211120     0.102060       1     0.102060
AOI211xp5_ASAP7_75t_R asap7sc7p5t_AO_RVT_TT_nldm_211120     0.087480       1     0.087480
BUFx6f_ASAP7_75t_R asap7sc7p5t_INVBUF_RVT_TT_nldm_211120     0.145800       2     0.291600
BUFx8_ASAP7_75t_R  asap7sc7p5t_INVBUF_RVT_TT_nldm_211120     0.174960       2     0.349920
DFFASRHQNx1_ASAP7_75t_R asap7sc7p5t_SEQ_RVT_TT_nldm_220123     0.379080      17     6.444360 n
FAx1_ASAP7_75t_R   asap7sc7p5t_SIMPLE_RVT_TT_nldm_211120     0.204120       5     1.020600 r
HB1xp67_ASAP7_75t_R asap7sc7p5t_INVBUF_RVT_TT_nldm_211120     0.058320       3     0.174960
INVx1_ASAP7_75t_R  asap7sc7p5t_INVBUF_RVT_TT_nldm_211120     0.043740      64     2.799360
INVx2_ASAP7_75t_R  asap7sc7p5t_INVBUF_RVT_TT_nldm_211120     0.058320       2     0.116640
INVx4_ASAP7_75t_R  asap7sc7p5t_INVBUF_RVT_TT_nldm_211120     0.087480       1     0.087480
INVx5_ASAP7_75t_R  asap7sc7p5t_INVBUF_RVT_TT_nldm_211120     0.102060       1     0.102060
INVxp33_ASAP7_75t_R asap7sc7p5t_INVBUF_RVT_TT_nldm_211120     0.043740       5     0.218700
INVxp67_ASAP7_75t_R asap7sc7p5t_INVBUF_RVT_TT_nldm_211120     0.043740       4     0.174960
NAND2x1_ASAP7_75t_R asap7sc7p5t_SIMPLE_RVT_TT_nldm_211120     0.087480       1     0.087480
NAND2x1p5_ASAP7_75t_R asap7sc7p5t_SIMPLE_RVT_TT_nldm_211120     0.116640       4     0.466560
NAND2xp5_ASAP7_75t_R asap7sc7p5t_SIMPLE_RVT_TT_nldm_211120     0.058320      23     1.341360
NAND2xp33_ASAP7_75t_R asap7sc7p5t_SIMPLE_RVT_TT_nldm_211120     0.058320      12     0.699840
NAND2xp67_ASAP7_75t_R asap7sc7p5t_SIMPLE_RVT_TT_nldm_211120     0.087480       1     0.087480
NAND3xp33_ASAP7_75t_R asap7sc7p5t_SIMPLE_RVT_TT_nldm_211120     0.072900       3     0.218700
NAND4xp25_ASAP7_75t_R asap7sc7p5t_SIMPLE_RVT_TT_nldm_211120     0.087480       2     0.174960
NAND5xp2_ASAP7_75t_R asap7sc7p5t_SIMPLE_RVT_TT_nldm_211120     0.102060       3     0.306180
NOR2x1_ASAP7_75t_R asap7sc7p5t_SIMPLE_RVT_TT_nldm_211120     0.087480       5     0.437400
NOR2x2_ASAP7_75t_R asap7sc7p5t_SIMPLE_RVT_TT_nldm_211120     0.145800       2     0.291600
NOR2xp33_ASAP7_75t_R asap7sc7p5t_SIMPLE_RVT_TT_nldm_211120     0.058320      18     1.049760
NOR3xp33_ASAP7_75t_R asap7sc7p5t_SIMPLE_RVT_TT_nldm_211120     0.072900       2     0.145800
NOR5xp2_ASAP7_75t_R asap7sc7p5t_SIMPLE_RVT_TT_nldm_211120     0.102060       4     0.408240
O2A1O1Ixp5_ASAP7_75t_R asap7sc7p5t_OA_RVT_TT_nldm_211120     0.116640       1     0.116640
OA21x2_ASAP7_75t_R asap7sc7p5t_OA_RVT_TT_nldm_211120     0.102060       1     0.102060
OAI21xp5_ASAP7_75t_R asap7sc7p5t_OA_RVT_TT_nldm_211120     0.072900       6     0.437400
OAI21xp33_ASAP7_75t_R asap7sc7p5t_OA_RVT_TT_nldm_211120     0.072900      19     1.385100
OAI22xp33_ASAP7_75t_R asap7sc7p5t_OA_RVT_TT_nldm_211120     0.087480       1     0.087480
OAI31xp67_ASAP7_75t_R asap7sc7p5t_OA_RVT_TT_nldm_211120     0.189540       1     0.189540
OAI211xp5_ASAP7_75t_R asap7sc7p5t_OA_RVT_TT_nldm_211120     0.087480      10     0.874800
OAI311xp33_ASAP7_75t_R asap7sc7p5t_OA_RVT_TT_nldm_211120     0.102060       1     0.102060
OR2x2_ASAP7_75t_R  asap7sc7p5t_SIMPLE_RVT_TT_nldm_211120     0.087480       1     0.087480
OR3x1_ASAP7_75t_R  asap7sc7p5t_SIMPLE_RVT_TT_nldm_211120     0.087480       1     0.087480
OR5x1_ASAP7_75t_R  asap7sc7p5t_SIMPLE_RVT_TT_nldm_211120     0.116640       1     0.116640
TIEHIx1_ASAP7_75t_R asap7sc7p5t_SIMPLE_RVT_TT_nldm_211120     0.043740       1     0.043740
TIELOx1_ASAP7_75t_R asap7sc7p5t_SIMPLE_RVT_TT_nldm_211120     0.043740       1     0.043740
XOR2x1_ASAP7_75t_R asap7sc7p5t_SIMPLE_RVT_TT_nldm_211120     0.174960       1     0.174960
XOR2x2_ASAP7_75t_R asap7sc7p5t_SIMPLE_RVT_TT_nldm_211120     0.160380       1     0.160380
XOR2xp5_ASAP7_75t_R asap7sc7p5t_SIMPLE_RVT_TT_nldm_211120     0.131220       2     0.262440
fp16_mult_14_DW02_mult_0_DW02_mult_8    46.947600       1    46.947600 h
-----------------------------------------------------------------------------
Total 50 references                                    69.954840

****************************************
Design: fp16_mult_14_DW02_mult_0_DW02_mult_8 
****************************************
Reference          Library       Unit Area   Count    Total Area   Attributes
-----------------------------------------------------------------------------
AND2x2_ASAP7_75t_R asap7sc7p5t_SIMPLE_RVT_TT_nldm_211120     0.087480     115    10.060200
AND2x4_ASAP7_75t_R asap7sc7p5t_SIMPLE_RVT_TT_nldm_211120     0.145800       4     0.583200
FAx1_ASAP7_75t_R   asap7sc7p5t_SIMPLE_RVT_TT_nldm_211120     0.204120      90    18.370800 r
INVx1_ASAP7_75t_R  asap7sc7p5t_INVBUF_RVT_TT_nldm_211120     0.043740     188     8.223120
INVxp33_ASAP7_75t_R asap7sc7p5t_INVBUF_RVT_TT_nldm_211120     0.043740       3     0.131220
INVxp67_ASAP7_75t_R asap7sc7p5t_INVBUF_RVT_TT_nldm_211120     0.043740       3     0.131220
NOR2x1_ASAP7_75t_R asap7sc7p5t_SIMPLE_RVT_TT_nldm_211120     0.087480       3     0.262440
NOR2xp33_ASAP7_75t_R asap7sc7p5t_SIMPLE_RVT_TT_nldm_211120     0.058320      19     1.108080
TIELOx1_ASAP7_75t_R asap7sc7p5t_SIMPLE_RVT_TT_nldm_211120     0.043740       1     0.043740
XOR2x2_ASAP7_75t_R asap7sc7p5t_SIMPLE_RVT_TT_nldm_211120     0.160380       3     0.481140
XOR2xp5_ASAP7_75t_R asap7sc7p5t_SIMPLE_RVT_TT_nldm_211120     0.131220      17     2.230740
fp16_mult_14_DW01_add_3           5.321700       1      5.321700  h
-----------------------------------------------------------------------------
Total 12 references                                    46.947600

****************************************
Design: fp16_mult_14_DW01_add_3 
****************************************
Reference          Library       Unit Area   Count    Total Area   Attributes
-----------------------------------------------------------------------------
AND2x2_ASAP7_75t_R asap7sc7p5t_SIMPLE_RVT_TT_nldm_211120     0.087480       2     0.174960
AO31x2_ASAP7_75t_R asap7sc7p5t_AO_RVT_TT_nldm_211120     0.233280       1     0.233280
AOI21xp5_ASAP7_75t_R asap7sc7p5t_AO_RVT_TT_nldm_211120     0.072900       1     0.072900
INVx1_ASAP7_75t_R  asap7sc7p5t_INVBUF_RVT_TT_nldm_211120     0.043740       9     0.393660
INVx2_ASAP7_75t_R  asap7sc7p5t_INVBUF_RVT_TT_nldm_211120     0.058320       3     0.174960
INVxp33_ASAP7_75t_R asap7sc7p5t_INVBUF_RVT_TT_nldm_211120     0.043740       1     0.043740
INVxp67_ASAP7_75t_R asap7sc7p5t_INVBUF_RVT_TT_nldm_211120     0.043740       1     0.043740
NAND2x1p5_ASAP7_75t_R asap7sc7p5t_SIMPLE_RVT_TT_nldm_211120     0.116640       1     0.116640
NAND2xp5_ASAP7_75t_R asap7sc7p5t_SIMPLE_RVT_TT_nldm_211120     0.058320      14     0.816480
NAND2xp33_ASAP7_75t_R asap7sc7p5t_SIMPLE_RVT_TT_nldm_211120     0.058320       1     0.058320
NAND4xp25_ASAP7_75t_R asap7sc7p5t_SIMPLE_RVT_TT_nldm_211120     0.087480       1     0.087480
NOR2x1_ASAP7_75t_R asap7sc7p5t_SIMPLE_RVT_TT_nldm_211120     0.087480       1     0.087480
NOR2xp33_ASAP7_75t_R asap7sc7p5t_SIMPLE_RVT_TT_nldm_211120     0.058320       4     0.233280
OAI21x1_ASAP7_75t_R asap7sc7p5t_OA_RVT_TT_nldm_211120     0.116640       2     0.233280
OAI21xp5_ASAP7_75t_R asap7sc7p5t_OA_RVT_TT_nldm_211120     0.072900       2     0.145800
OAI21xp33_ASAP7_75t_R asap7sc7p5t_OA_RVT_TT_nldm_211120     0.072900       1     0.072900
OAI222xp33_ASAP7_75t_R asap7sc7p5t_OA_RVT_TT_nldm_211120     0.145800       1     0.145800
OR2x2_ASAP7_75t_R  asap7sc7p5t_SIMPLE_RVT_TT_nldm_211120     0.087480       7     0.612360
XNOR2xp5_ASAP7_75t_R asap7sc7p5t_SIMPLE_RVT_TT_nldm_211120     0.131220       9     1.180980
XOR2xp5_ASAP7_75t_R asap7sc7p5t_SIMPLE_RVT_TT_nldm_211120     0.131220       3     0.393660
-----------------------------------------------------------------------------
Total 20 references                                     5.321700

****************************************
Design: fp16_mult_15 
****************************************
Reference          Library       Unit Area   Count    Total Area   Attributes
-----------------------------------------------------------------------------
A2O1A1Ixp33_ASAP7_75t_R asap7sc7p5t_AO_RVT_TT_nldm_211120     0.087480       1     0.087480
AND2x2_ASAP7_75t_R asap7sc7p5t_SIMPLE_RVT_TT_nldm_211120     0.087480       8     0.699840
AND3x1_ASAP7_75t_R asap7sc7p5t_SIMPLE_RVT_TT_nldm_211120     0.087480       1     0.087480
AOI21x1_ASAP7_75t_R asap7sc7p5t_AO_RVT_TT_nldm_211120     0.116640       1     0.116640
AOI21xp5_ASAP7_75t_R asap7sc7p5t_AO_RVT_TT_nldm_211120     0.072900       1     0.072900
AOI21xp33_ASAP7_75t_R asap7sc7p5t_AO_RVT_TT_nldm_211120     0.072900       1     0.072900
AOI32xp33_ASAP7_75t_R asap7sc7p5t_AO_RVT_TT_nldm_211120     0.102060       1     0.102060
AOI211xp5_ASAP7_75t_R asap7sc7p5t_AO_RVT_TT_nldm_211120     0.087480       1     0.087480
BUFx3_ASAP7_75t_R  asap7sc7p5t_INVBUF_RVT_TT_nldm_211120     0.087480       2     0.174960
BUFx6f_ASAP7_75t_R asap7sc7p5t_INVBUF_RVT_TT_nldm_211120     0.145800       1     0.145800
BUFx8_ASAP7_75t_R  asap7sc7p5t_INVBUF_RVT_TT_nldm_211120     0.174960       2     0.349920
DFFASRHQNx1_ASAP7_75t_R asap7sc7p5t_SEQ_RVT_TT_nldm_220123     0.379080      17     6.444360 n
FAx1_ASAP7_75t_R   asap7sc7p5t_SIMPLE_RVT_TT_nldm_211120     0.204120       5     1.020600 r
HB1xp67_ASAP7_75t_R asap7sc7p5t_INVBUF_RVT_TT_nldm_211120     0.058320       3     0.174960
INVx1_ASAP7_75t_R  asap7sc7p5t_INVBUF_RVT_TT_nldm_211120     0.043740      63     2.755620
INVx4_ASAP7_75t_R  asap7sc7p5t_INVBUF_RVT_TT_nldm_211120     0.087480       1     0.087480
INVxp33_ASAP7_75t_R asap7sc7p5t_INVBUF_RVT_TT_nldm_211120     0.043740       8     0.349920
INVxp67_ASAP7_75t_R asap7sc7p5t_INVBUF_RVT_TT_nldm_211120     0.043740       5     0.218700
NAND2x1_ASAP7_75t_R asap7sc7p5t_SIMPLE_RVT_TT_nldm_211120     0.087480       2     0.174960
NAND2x1p5_ASAP7_75t_R asap7sc7p5t_SIMPLE_RVT_TT_nldm_211120     0.116640       1     0.116640
NAND2xp5_ASAP7_75t_R asap7sc7p5t_SIMPLE_RVT_TT_nldm_211120     0.058320      27     1.574640
NAND2xp33_ASAP7_75t_R asap7sc7p5t_SIMPLE_RVT_TT_nldm_211120     0.058320       8     0.466560
NAND2xp67_ASAP7_75t_R asap7sc7p5t_SIMPLE_RVT_TT_nldm_211120     0.087480       1     0.087480
NAND3x1_ASAP7_75t_R asap7sc7p5t_SIMPLE_RVT_TT_nldm_211120     0.160380       1     0.160380
NAND3xp33_ASAP7_75t_R asap7sc7p5t_SIMPLE_RVT_TT_nldm_211120     0.072900       3     0.218700
NAND4xp25_ASAP7_75t_R asap7sc7p5t_SIMPLE_RVT_TT_nldm_211120     0.087480       2     0.174960
NAND5xp2_ASAP7_75t_R asap7sc7p5t_SIMPLE_RVT_TT_nldm_211120     0.102060       3     0.306180
NOR2x1_ASAP7_75t_R asap7sc7p5t_SIMPLE_RVT_TT_nldm_211120     0.087480       5     0.437400
NOR2x1p5_ASAP7_75t_R asap7sc7p5t_SIMPLE_RVT_TT_nldm_211120     0.116640       1     0.116640
NOR2xp33_ASAP7_75t_R asap7sc7p5t_SIMPLE_RVT_TT_nldm_211120     0.058320      18     1.049760
NOR3xp33_ASAP7_75t_R asap7sc7p5t_SIMPLE_RVT_TT_nldm_211120     0.072900       2     0.145800
NOR5xp2_ASAP7_75t_R asap7sc7p5t_SIMPLE_RVT_TT_nldm_211120     0.102060       4     0.408240
O2A1O1Ixp33_ASAP7_75t_R asap7sc7p5t_OA_RVT_TT_nldm_211120     0.087480       1     0.087480
OA21x2_ASAP7_75t_R asap7sc7p5t_OA_RVT_TT_nldm_211120     0.102060       2     0.204120
OAI21xp5_ASAP7_75t_R asap7sc7p5t_OA_RVT_TT_nldm_211120     0.072900      10     0.729000
OAI21xp33_ASAP7_75t_R asap7sc7p5t_OA_RVT_TT_nldm_211120     0.072900      14     1.020600
OAI22xp33_ASAP7_75t_R asap7sc7p5t_OA_RVT_TT_nldm_211120     0.087480       1     0.087480
OAI31xp67_ASAP7_75t_R asap7sc7p5t_OA_RVT_TT_nldm_211120     0.189540       1     0.189540
OAI211xp5_ASAP7_75t_R asap7sc7p5t_OA_RVT_TT_nldm_211120     0.087480      10     0.874800
OAI311xp33_ASAP7_75t_R asap7sc7p5t_OA_RVT_TT_nldm_211120     0.102060       1     0.102060
OR2x2_ASAP7_75t_R  asap7sc7p5t_SIMPLE_RVT_TT_nldm_211120     0.087480       2     0.174960
OR3x1_ASAP7_75t_R  asap7sc7p5t_SIMPLE_RVT_TT_nldm_211120     0.087480       1     0.087480
OR5x1_ASAP7_75t_R  asap7sc7p5t_SIMPLE_RVT_TT_nldm_211120     0.116640       1     0.116640
TIEHIx1_ASAP7_75t_R asap7sc7p5t_SIMPLE_RVT_TT_nldm_211120     0.043740       1     0.043740
TIELOx1_ASAP7_75t_R asap7sc7p5t_SIMPLE_RVT_TT_nldm_211120     0.043740       1     0.043740
XOR2x1_ASAP7_75t_R asap7sc7p5t_SIMPLE_RVT_TT_nldm_211120     0.174960       1     0.174960
XOR2xp5_ASAP7_75t_R asap7sc7p5t_SIMPLE_RVT_TT_nldm_211120     0.131220       3     0.393660
fp16_mult_15_DW02_mult_0_DW02_mult_7    46.787220       1    46.787220 h
-----------------------------------------------------------------------------
Total 48 references                                    69.604920

****************************************
Design: fp16_mult_15_DW02_mult_0_DW02_mult_7 
****************************************
Reference          Library       Unit Area   Count    Total Area   Attributes
-----------------------------------------------------------------------------
AND2x2_ASAP7_75t_R asap7sc7p5t_SIMPLE_RVT_TT_nldm_211120     0.087480     116    10.147680
FAx1_ASAP7_75t_R   asap7sc7p5t_SIMPLE_RVT_TT_nldm_211120     0.204120      90    18.370800 r
HB1xp67_ASAP7_75t_R asap7sc7p5t_INVBUF_RVT_TT_nldm_211120     0.058320       1     0.058320
INVx1_ASAP7_75t_R  asap7sc7p5t_INVBUF_RVT_TT_nldm_211120     0.043740     191     8.354340
INVxp33_ASAP7_75t_R asap7sc7p5t_INVBUF_RVT_TT_nldm_211120     0.043740       1     0.043740
INVxp67_ASAP7_75t_R asap7sc7p5t_INVBUF_RVT_TT_nldm_211120     0.043740       7     0.306180
NAND2xp5_ASAP7_75t_R asap7sc7p5t_SIMPLE_RVT_TT_nldm_211120     0.058320       2     0.116640
NOR2x1_ASAP7_75t_R asap7sc7p5t_SIMPLE_RVT_TT_nldm_211120     0.087480       2     0.174960
NOR2xp33_ASAP7_75t_R asap7sc7p5t_SIMPLE_RVT_TT_nldm_211120     0.058320      21     1.224720
NOR2xp67_ASAP7_75t_R asap7sc7p5t_SIMPLE_RVT_TT_nldm_211120     0.087480       1     0.087480
TIELOx1_ASAP7_75t_R asap7sc7p5t_SIMPLE_RVT_TT_nldm_211120     0.043740       1     0.043740
XOR2xp5_ASAP7_75t_R asap7sc7p5t_SIMPLE_RVT_TT_nldm_211120     0.131220      20     2.624400
fp16_mult_15_DW01_add_J14_0       5.234220       1      5.234220  h
-----------------------------------------------------------------------------
Total 13 references                                    46.787220

****************************************
Design: fp16_mult_15_DW01_add_J14_0 
****************************************
Reference          Library       Unit Area   Count    Total Area   Attributes
-----------------------------------------------------------------------------
AND2x2_ASAP7_75t_R asap7sc7p5t_SIMPLE_RVT_TT_nldm_211120     0.087480       2     0.174960
AO31x2_ASAP7_75t_R asap7sc7p5t_AO_RVT_TT_nldm_211120     0.233280       1     0.233280
AOI21xp5_ASAP7_75t_R asap7sc7p5t_AO_RVT_TT_nldm_211120     0.072900       1     0.072900
INVx1_ASAP7_75t_R  asap7sc7p5t_INVBUF_RVT_TT_nldm_211120     0.043740       8     0.349920
INVxp33_ASAP7_75t_R asap7sc7p5t_INVBUF_RVT_TT_nldm_211120     0.043740       4     0.174960
INVxp67_ASAP7_75t_R asap7sc7p5t_INVBUF_RVT_TT_nldm_211120     0.043740       1     0.043740
NAND2xp5_ASAP7_75t_R asap7sc7p5t_SIMPLE_RVT_TT_nldm_211120     0.058320      15     0.874800
NAND2xp33_ASAP7_75t_R asap7sc7p5t_SIMPLE_RVT_TT_nldm_211120     0.058320       2     0.116640
NAND4xp25_ASAP7_75t_R asap7sc7p5t_SIMPLE_RVT_TT_nldm_211120     0.087480       1     0.087480
NOR2x1_ASAP7_75t_R asap7sc7p5t_SIMPLE_RVT_TT_nldm_211120     0.087480       1     0.087480
NOR2xp33_ASAP7_75t_R asap7sc7p5t_SIMPLE_RVT_TT_nldm_211120     0.058320       5     0.291600
OA21x2_ASAP7_75t_R asap7sc7p5t_OA_RVT_TT_nldm_211120     0.102060       1     0.102060
OAI21xp5_ASAP7_75t_R asap7sc7p5t_OA_RVT_TT_nldm_211120     0.072900       3     0.218700
OAI21xp33_ASAP7_75t_R asap7sc7p5t_OA_RVT_TT_nldm_211120     0.072900       1     0.072900
OAI222xp33_ASAP7_75t_R asap7sc7p5t_OA_RVT_TT_nldm_211120     0.145800       1     0.145800
OR2x2_ASAP7_75t_R  asap7sc7p5t_SIMPLE_RVT_TT_nldm_211120     0.087480       7     0.612360
XNOR2xp5_ASAP7_75t_R asap7sc7p5t_SIMPLE_RVT_TT_nldm_211120     0.131220       8     1.049760
XOR2xp5_ASAP7_75t_R asap7sc7p5t_SIMPLE_RVT_TT_nldm_211120     0.131220       4     0.524880
-----------------------------------------------------------------------------
Total 18 references                                     5.234220

****************************************
Design: gemv_unit_DW01_inc_0 
****************************************
Reference          Library       Unit Area   Count    Total Area   Attributes
-----------------------------------------------------------------------------
HAxp5_ASAP7_75t_R  asap7sc7p5t_SIMPLE_RVT_TT_nldm_211120     0.131220       7     0.918540 r
INVx1_ASAP7_75t_R  asap7sc7p5t_INVBUF_RVT_TT_nldm_211120     0.043740      14     0.612360
XNOR2xp5_ASAP7_75t_R asap7sc7p5t_SIMPLE_RVT_TT_nldm_211120     0.131220       1     0.131220
-----------------------------------------------------------------------------
Total 3 references                                      1.662120
1
