
                           Design Compiler Graphical 
                                 DC Ultra (TM)
                                  DFTMAX (TM)
                              Power Compiler (TM)
                                 DesignWare (R)
                                 DC Expert (TM)
                               Design Vision (TM)
                               HDL Compiler (TM)
                               VHDL Compiler (TM)
                                  DFT Compiler
                               Design Compiler(R)

              Version P-2019.03-SP5-6 for linux64 - Aug 20, 2020 

                    Copyright (c) 1988 - 2020 Synopsys, Inc.
   This software and the associated documentation are proprietary to Synopsys,
 Inc. This software may only be used in accordance with the terms and conditions
 of a written license agreement with Synopsys, Inc. All other use, reproduction,
            or distribution of this software is strictly prohibited.
Initializing...
# Reproducible module/top synthesis using the bundled open ASAP7 RVT/TT NLDM
# libraries.  All constraints are deliberately identical across profiles.
#
# Example (from syn/):
#   . /home/common/profile_synopsys
#   SYN_TOP=softmax_unit SYN_PROFILE=logic SYN_TAG=softmax_p20 #     SYN_PERIOD_NS=2.0 dc_shell -f run_dc_asap7.tcl
set script_dir [file dirname [file normalize [info script]]]
/thu-bloor/xinyao-w23/kvpim-rtl/syn
set root_dir   [file normalize [file join $script_dir ..]]
/thu-bloor/xinyao-w23/kvpim-rtl
set rtl_dir    [file join $root_dir rtl]
/thu-bloor/xinyao-w23/kvpim-rtl/rtl
set lib_dir    [file join $root_dir third_party asap7_lib db]
/thu-bloor/xinyao-w23/kvpim-rtl/third_party/asap7_lib/db
set sram_dir   [file join $root_dir third_party asap7 asap7_sram_0p0 generated]
/thu-bloor/xinyao-w23/kvpim-rtl/third_party/asap7/asap7_sram_0p0/generated
proc envdef {name default} {
    return [expr {[info exists ::env($name)] ? $::env($name) : $default}]
}
set top_module [envdef SYN_TOP attacc_logic_die]
fugue_logic_die
set profile    [envdef SYN_PROFILE logic]
fugue_sram
set tag        [envdef SYN_TAG $top_module]
fugue_logic_die_p769
set period_ns  [envdef SYN_PERIOD_NS 2.0]
0.769
set max_cores  [envdef SYN_MAX_CORES 4]
1
set period     [expr {$period_ns * 1000.0}]
769.0
set out_root   [envdef SYN_OUT_ROOT dc_asap7]
xinyao_0828
if {[file pathtype $out_root] ne "absolute"} {
    set out_root [file join $script_dir $out_root]
}
/thu-bloor/xinyao-w23/kvpim-rtl/syn/xinyao_0828
set out_dir    [file join $out_root $tag]
/thu-bloor/xinyao-w23/kvpim-rtl/syn/xinyao_0828/fugue_logic_die_p769
file mkdir $out_dir
set target_library [glob -nocomplain [file join $lib_dir *.db]]
/thu-bloor/xinyao-w23/kvpim-rtl/third_party/asap7_lib/db/asap7sc7p5t_AO_RVT_TT_nldm_211120.db /thu-bloor/xinyao-w23/kvpim-rtl/third_party/asap7_lib/db/asap7sc7p5t_INVBUF_RVT_TT_nldm_211120.db /thu-bloor/xinyao-w23/kvpim-rtl/third_party/asap7_lib/db/asap7sc7p5t_OA_RVT_TT_nldm_211120.db /thu-bloor/xinyao-w23/kvpim-rtl/third_party/asap7_lib/db/asap7sc7p5t_SEQ_RVT_TT_nldm_220123.db /thu-bloor/xinyao-w23/kvpim-rtl/third_party/asap7_lib/db/asap7sc7p5t_SIMPLE_RVT_TT_nldm_211120.db
if {[llength $target_library] == 0} {
    error "No ASAP7 .db views in $lib_dir"
}
set link_library "* $target_library"
* /thu-bloor/xinyao-w23/kvpim-rtl/third_party/asap7_lib/db/asap7sc7p5t_AO_RVT_TT_nldm_211120.db /thu-bloor/xinyao-w23/kvpim-rtl/third_party/asap7_lib/db/asap7sc7p5t_INVBUF_RVT_TT_nldm_211120.db /thu-bloor/xinyao-w23/kvpim-rtl/third_party/asap7_lib/db/asap7sc7p5t_OA_RVT_TT_nldm_211120.db /thu-bloor/xinyao-w23/kvpim-rtl/third_party/asap7_lib/db/asap7sc7p5t_SEQ_RVT_TT_nldm_220123.db /thu-bloor/xinyao-w23/kvpim-rtl/third_party/asap7_lib/db/asap7sc7p5t_SIMPLE_RVT_TT_nldm_211120.db
set search_path [list $rtl_dir $lib_dir $sram_dir [file join $sram_dir verilog]]
/thu-bloor/xinyao-w23/kvpim-rtl/rtl /thu-bloor/xinyao-w23/kvpim-rtl/third_party/asap7_lib/db /thu-bloor/xinyao-w23/kvpim-rtl/third_party/asap7/asap7_sram_0p0/generated /thu-bloor/xinyao-w23/kvpim-rtl/third_party/asap7/asap7_sram_0p0/generated/verilog
# Bound a single DC invocation to the requested local CPU budget.  The matrix
# shell driver runs jobs sequentially, so SYN_MAX_CORES=4 means at most four
# CPU cores are used by this flow (rather than four concurrent DC jobs).
set_host_options -max_cores $max_cores
1
# Profiles keep package/source ordering deterministic and only compile RTL used
# by the requested hardware block.
set common_logic [list     fugue_pkg.sv kv_tlb_pkg.sv fp16_mult.sv fp16_add.sv dbuf_16x256.sv     fp32_add.sv fp32_mul.sv fp32_exp.sv fp32_recip.sv gemv_unit.sv     accumulator.sv softmax_unit.sv]
fugue_pkg.sv kv_tlb_pkg.sv fp16_mult.sv fp16_add.sv dbuf_16x256.sv fp32_add.sv fp32_mul.sv fp32_exp.sv fp32_recip.sv gemv_unit.sv accumulator.sv softmax_unit.sv
set sram_common [list     fugue_pkg.sv kv_tlb_pkg.sv fp16_mult.sv fp16_add.sv dbuf_16x256_asap7.sv     fp32_add.sv fp32_mul.sv fp32_exp.sv fp32_recip.sv gemv_unit.sv     accumulator.sv softmax_buffer_sram.sv softmax_buffer.sv streaming_softmax_unit.sv]
fugue_pkg.sv kv_tlb_pkg.sv fp16_mult.sv fp16_add.sv dbuf_16x256_asap7.sv fp32_add.sv fp32_mul.sv fp32_exp.sv fp32_recip.sv gemv_unit.sv accumulator.sv softmax_buffer_sram.sv softmax_buffer.sv streaming_softmax_unit.sv
proc enable_asap7_sram {sram_dir} {
    global target_library link_library
    foreach name {srambank_256x4x64_6t122 srambank_64x4x16_6t122} {
        set db [file join $sram_dir db ${name}.db]
        if {![file exists $db]} { error "Missing $db. Run: lc_shell -f compile_asap7_sram_libs.tcl" }
        lappend target_library $db
    }
    set link_library "* $target_library"
}
switch -- $profile {
    logic {
        set sources $common_logic
    }
    diff {
        set sources [concat $common_logic [list diff_decoder.sv]]
    }
    attacc {
        set sources [concat $common_logic [list direct_addr_plan.sv attacc_controller.sv attacc_logic_die.sv]]
    }
    attacc_sram {
        enable_asap7_sram $sram_dir
        set sources [concat $sram_common [list direct_addr_plan.sv attacc_controller.sv attacc_logic_die.sv             [file join $sram_dir verilog srambank_256x4x64_6t122.v]             [file join $sram_dir verilog srambank_64x4x16_6t122.v]]]
    }
    fugue2 {
        set sources [concat $common_logic [list kv_seg_tlb.sv kv_ptw.sv kv_scan_planner.sv kv_tlb_top.sv diff_decoder.sv attacc_controller.sv fugue2_logic_die.sv]]
    }
    fugue2_sram {
        enable_asap7_sram $sram_dir
        set sources [concat $sram_common [list kv_seg_tlb.sv kv_ptw.sv kv_scan_planner.sv kv_tlb_top.sv diff_decoder.sv attacc_controller.sv fugue2_logic_die.sv             [file join $sram_dir verilog srambank_256x4x64_6t122.v]             [file join $sram_dir verilog srambank_64x4x16_6t122.v]]]
    }
    fugue {
        set sources [concat $common_logic [list bf16_mult.sv bf16_add.sv sincos_bf16.sv rotate_q_bf16.sv kv_seg_tlb.sv kv_ptw.sv kv_scan_planner.sv kv_tlb_top.sv diff_decoder.sv attacc_controller.sv fugue_logic_die.sv]]
    }
    fugue_sram {
        enable_asap7_sram $sram_dir
        set sources [concat $sram_common [list bf16_mult.sv bf16_add.sv sincos_bf16.sv rotate_q_bf16.sv kv_seg_tlb.sv kv_ptw.sv kv_scan_planner.sv kv_tlb_top.sv diff_decoder.sv attacc_controller.sv fugue_logic_die.sv             [file join $sram_dir verilog srambank_256x4x64_6t122.v]             [file join $sram_dir verilog srambank_64x4x16_6t122.v]]]
    }
    kvtlb {
        set sources [list kv_tlb_pkg.sv kv_seg_tlb.sv kv_ptw.sv kv_scan_planner.sv kv_tlb_top.sv kv_tlb_variants.sv]
    }
    rotate {
        set sources [list bf16_mult.sv bf16_add.sv sincos_bf16.sv rotate_q_bf16.sv]
    }
    smbuf {
        set sources [list fugue_pkg.sv softmax_buffer.sv]
    }
    smbuf_sram {
        set sram_db [file join $sram_dir db srambank_256x4x64_6t122.db]
        if {![file exists $sram_db]} {
            error "Missing $sram_db. Run: lc_shell -f compile_asap7_sram_libs.tcl"
        }
        lappend target_library $sram_db
        set link_library "* $target_library"
        set sources [list fugue_pkg.sv softmax_buffer_sram.sv softmax_buffer.sv             [file join $sram_dir verilog srambank_256x4x64_6t122.v]]
    }
    bankpe {
        set sources [list fugue_pkg.sv fp16_mult.sv fp16_add.sv fp16_mult_piped.sv fp16_add_piped.sv mac_tree16_piped.sv dbuf_16x256.sv gemv_unit.sv mq_bank_pe.sv]
    }
    default { error "Unknown SYN_PROFILE=$profile" }
}
fugue_pkg.sv kv_tlb_pkg.sv fp16_mult.sv fp16_add.sv dbuf_16x256_asap7.sv fp32_add.sv fp32_mul.sv fp32_exp.sv fp32_recip.sv gemv_unit.sv accumulator.sv softmax_buffer_sram.sv softmax_buffer.sv streaming_softmax_unit.sv bf16_mult.sv bf16_add.sv sincos_bf16.sv rotate_q_bf16.sv kv_seg_tlb.sv kv_ptw.sv kv_scan_planner.sv kv_tlb_top.sv diff_decoder.sv attacc_controller.sv fugue_logic_die.sv /thu-bloor/xinyao-w23/kvpim-rtl/third_party/asap7/asap7_sram_0p0/generated/verilog/srambank_256x4x64_6t122.v /thu-bloor/xinyao-w23/kvpim-rtl/third_party/asap7/asap7_sram_0p0/generated/verilog/srambank_64x4x16_6t122.v
set src_paths {}
foreach source $sources {
    if {[file pathtype $source] eq "absolute"} { lappend src_paths $source }     else { lappend src_paths [file join $rtl_dir $source] }
}
define_design_lib WORK -path [file join $out_dir WORK]
1
analyze -format sverilog $src_paths
Running PRESTO HDLC
Compiling source file /thu-bloor/xinyao-w23/kvpim-rtl/rtl/fugue_pkg.sv
Compiling source file /thu-bloor/xinyao-w23/kvpim-rtl/rtl/kv_tlb_pkg.sv
Compiling source file /thu-bloor/xinyao-w23/kvpim-rtl/rtl/fp16_mult.sv
Warning:  /thu-bloor/xinyao-w23/kvpim-rtl/rtl/kv_tlb_pkg.sv:120: signed to unsigned conversion occurs. (VER-318)
Compiling source file /thu-bloor/xinyao-w23/kvpim-rtl/rtl/fp16_add.sv
Compiling source file /thu-bloor/xinyao-w23/kvpim-rtl/rtl/dbuf_16x256_asap7.sv
Compiling source file /thu-bloor/xinyao-w23/kvpim-rtl/rtl/fp32_add.sv
Compiling source file /thu-bloor/xinyao-w23/kvpim-rtl/rtl/fp32_mul.sv
Compiling source file /thu-bloor/xinyao-w23/kvpim-rtl/rtl/fp32_exp.sv
Compiling source file /thu-bloor/xinyao-w23/kvpim-rtl/rtl/fp32_recip.sv
Compiling source file /thu-bloor/xinyao-w23/kvpim-rtl/rtl/gemv_unit.sv
Compiling source file /thu-bloor/xinyao-w23/kvpim-rtl/rtl/accumulator.sv
Compiling source file /thu-bloor/xinyao-w23/kvpim-rtl/rtl/softmax_buffer_sram.sv
Compiling source file /thu-bloor/xinyao-w23/kvpim-rtl/rtl/softmax_buffer.sv
Warning:  /thu-bloor/xinyao-w23/kvpim-rtl/rtl/softmax_buffer_sram.sv:51: The statements in initial blocks are ignored. (VER-281)
Compiling source file /thu-bloor/xinyao-w23/kvpim-rtl/rtl/streaming_softmax_unit.sv
Compiling source file /thu-bloor/xinyao-w23/kvpim-rtl/rtl/bf16_mult.sv
Compiling source file /thu-bloor/xinyao-w23/kvpim-rtl/rtl/bf16_add.sv
Compiling source file /thu-bloor/xinyao-w23/kvpim-rtl/rtl/sincos_bf16.sv
Compiling source file /thu-bloor/xinyao-w23/kvpim-rtl/rtl/rotate_q_bf16.sv
Compiling source file /thu-bloor/xinyao-w23/kvpim-rtl/rtl/kv_seg_tlb.sv
Compiling source file /thu-bloor/xinyao-w23/kvpim-rtl/rtl/kv_ptw.sv
Compiling source file /thu-bloor/xinyao-w23/kvpim-rtl/rtl/kv_scan_planner.sv
Compiling source file /thu-bloor/xinyao-w23/kvpim-rtl/rtl/kv_tlb_top.sv
Compiling source file /thu-bloor/xinyao-w23/kvpim-rtl/rtl/diff_decoder.sv
Compiling source file /thu-bloor/xinyao-w23/kvpim-rtl/rtl/attacc_controller.sv
Compiling source file /thu-bloor/xinyao-w23/kvpim-rtl/rtl/fugue_logic_die.sv
Compiling source file /thu-bloor/xinyao-w23/kvpim-rtl/third_party/asap7/asap7_sram_0p0/generated/verilog/srambank_256x4x64_6t122.v
Compiling source file /thu-bloor/xinyao-w23/kvpim-rtl/third_party/asap7/asap7_sram_0p0/generated/verilog/srambank_64x4x16_6t122.v
Presto compilation completed successfully.
Loading db file '/thu-bloor/xinyao-w23/kvpim-rtl/third_party/asap7_lib/db/asap7sc7p5t_AO_RVT_TT_nldm_211120.db'
Loading db file '/thu-bloor/xinyao-w23/kvpim-rtl/third_party/asap7_lib/db/asap7sc7p5t_INVBUF_RVT_TT_nldm_211120.db'
Loading db file '/thu-bloor/xinyao-w23/kvpim-rtl/third_party/asap7_lib/db/asap7sc7p5t_OA_RVT_TT_nldm_211120.db'
Loading db file '/thu-bloor/xinyao-w23/kvpim-rtl/third_party/asap7_lib/db/asap7sc7p5t_SEQ_RVT_TT_nldm_220123.db'
Loading db file '/thu-bloor/xinyao-w23/kvpim-rtl/third_party/asap7_lib/db/asap7sc7p5t_SIMPLE_RVT_TT_nldm_211120.db'
Loading db file '/thu-bloor/xinyao-w23/kvpim-rtl/third_party/asap7/asap7_sram_0p0/generated/db/srambank_256x4x64_6t122.db'
Loading db file '/thu-bloor/xinyao-w23/kvpim-rtl/third_party/asap7/asap7_sram_0p0/generated/db/srambank_64x4x16_6t122.db'
1
elaborate $top_module
Loading db file '/usr/local/bin/Synopsys/syn/P-2019.03-SP5-6/libraries/syn/gtech.db'
Loading db file '/usr/local/bin/Synopsys/syn/P-2019.03-SP5-6/libraries/syn/standard.sldb'
  Loading link library 'asap7sc7p5t_AO_RVT_TT_nldm_211120'
  Loading link library 'asap7sc7p5t_INVBUF_RVT_TT_nldm_211120'
  Loading link library 'asap7sc7p5t_OA_RVT_TT_nldm_211120'
  Loading link library 'asap7sc7p5t_SEQ_RVT_TT_nldm_220123'
  Loading link library 'asap7sc7p5t_SIMPLE_RVT_TT_nldm_211120'
  Loading link library 'srambank_256x4x64_6t122'
  Loading link library 'srambank_64x4x16_6t122'
  Loading link library 'gtech'
Running PRESTO HDLC
Presto compilation completed successfully. (fugue_logic_die)
Elaborated 1 design.
Current design is now 'fugue_logic_die'.
Information: Building the design 'attacc_controller'. (HDL-193)
Warning:  /thu-bloor/xinyao-w23/kvpim-rtl/rtl/attacc_controller.sv:178: signed to unsigned conversion occurs. (VER-318)
Warning:  /thu-bloor/xinyao-w23/kvpim-rtl/rtl/attacc_controller.sv:180: signed to unsigned conversion occurs. (VER-318)
Warning:  /thu-bloor/xinyao-w23/kvpim-rtl/rtl/attacc_controller.sv:204: signed to unsigned conversion occurs. (VER-318)

Statistics for case statements in always block at line 159 in file
	'/thu-bloor/xinyao-w23/kvpim-rtl/rtl/attacc_controller.sv'
===============================================
|           Line           |  full/ parallel  |
===============================================
|           199            |    user/user     |
|           205            |    user/user     |
===============================================

Inferred memory devices in process
	in routine attacc_controller line 159 in file
		'/thu-bloor/xinyao-w23/kvpim-rtl/rtl/attacc_controller.sv'.
===============================================================================
|    Register Name    |   Type    | Width | Bus | MB | AR | AS | SR | SS | ST |
===============================================================================
|    fifo_mem_reg     | Flip-flop |  592  |  Y  | N  | N  | N  | N  | N  | N  |
|      state_reg      | Flip-flop |   4   |  Y  | N  | Y  | N  | N  | N  | N  |
|     wr_ptr_reg      | Flip-flop |   3   |  Y  | N  | Y  | N  | N  | N  | N  |
|     rd_ptr_reg      | Flip-flop |   3   |  Y  | N  | Y  | N  | N  | N  | N  |
|       cnt_reg       | Flip-flop |   4   |  Y  | N  | Y  | N  | N  | N  | N  |
|       cur_reg       | Flip-flop |  52   |  Y  | N  | Y  | N  | N  | N  | N  |
|       cfg_reg       | Flip-flop |  145  |  Y  | N  | Y  | N  | N  | N  | N  |
|    cur_addr_reg     | Flip-flop |  34   |  Y  | N  | Y  | N  | N  | N  | N  |
|    cols_left_reg    | Flip-flop |  20   |  Y  | N  | Y  | N  | N  | N  | N  |
|      beat_reg       | Flip-flop |  16   |  Y  | N  | Y  | N  | N  | N  | N  |
|    r_pos_lo_reg     | Flip-flop |  16   |  Y  | N  | Y  | N  | N  | N  | N  |
|    r_pos_hi_reg     | Flip-flop |  16   |  Y  | N  | Y  | N  | N  | N  | N  |
|      r_op_reg       | Flip-flop |   1   |  N  | N  | Y  | N  | N  | N  | N  |
|      r_op_reg       | Flip-flop |   1   |  N  | N  | N  | Y  | N  | N  | N  |
|  plan_finished_reg  | Flip-flop |   1   |  N  | N  | Y  | N  | N  | N  | N  |
|  plan_faulted_reg   | Flip-flop |   1   |  N  | N  | Y  | N  | N  | N  | N  |
|   addr_fault_reg    | Flip-flop |   1   |  N  | N  | Y  | N  | N  | N  | N  |
|   open_valid_reg    | Flip-flop |   1   |  N  | N  | Y  | N  | N  | N  | N  |
|    open_bank_reg    | Flip-flop |   4   |  Y  | N  | Y  | N  | N  | N  | N  |
|    open_row_reg     | Flip-flop |  16   |  Y  | N  | Y  | N  | N  | N  | N  |
|    dram_cmd_reg     | Flip-flop |   3   |  Y  | N  | Y  | N  | N  | N  | N  |
|    dram_bank_reg    | Flip-flop |   4   |  Y  | N  | Y  | N  | N  | N  | N  |
|    dram_row_reg     | Flip-flop |  16   |  Y  | N  | Y  | N  | N  | N  | N  |
|    dram_col_reg     | Flip-flop |   6   |  Y  | N  | Y  | N  | N  | N  | N  |
|   gemv_start_reg    | Flip-flop |   1   |  N  | N  | Y  | N  | N  | N  | N  |
|  gemv_row_addr_reg  | Flip-flop |   4   |  Y  | N  | Y  | N  | N  | N  | N  |
|  gemv_vec_addr_reg  | Flip-flop |   4   |  Y  | N  | Y  | N  | N  | N  | N  |
|  gemv_accum_en_reg  | Flip-flop |   1   |  N  | N  | Y  | N  | N  | N  | N  |
| gemv_accum_clr_reg  | Flip-flop |   1   |  N  | N  | Y  | N  | N  | N  | N  |
|     op_mode_reg     | Flip-flop |   2   |  Y  | N  | Y  | N  | N  | N  | N  |
|  rotate_start_reg   | Flip-flop |   1   |  N  | N  | Y  | N  | N  | N  | N  |
|   rotate_pos_reg    | Flip-flop |  16   |  Y  | N  | Y  | N  | N  | N  | N  |
|    sfm_start_reg    | Flip-flop |   1   |  N  | N  | Y  | N  | N  | N  | N  |
|     acc_clr_reg     | Flip-flop |   1   |  N  | N  | Y  | N  | N  | N  | N  |
|   meta_wr_en_reg    | Flip-flop |   1   |  N  | N  | Y  | N  | N  | N  | N  |
|   meta_wr_idx_reg   | Flip-flop |   7   |  Y  | N  | Y  | N  | N  | N  | N  |
|  meta_wr_mask_reg   | Flip-flop |  16   |  Y  | N  | Y  | N  | N  | N  | N  |
===============================================================================
Statistics for MUX_OPs
===========================================================
|   block name/line     | Inputs | Outputs | # sel inputs |
===========================================================
| attacc_controller/104 |   8    |   39    |      3       |
| attacc_controller/203 |   8    |   52    |      3       |
===========================================================
Presto compilation completed successfully. (attacc_controller)
Information: Building the design 'kv_tlb_top' instantiated from design 'fugue_logic_die' with
	the parameters "ENTRIES=32". (HDL-193)

Statistics for case statements in always block at line 98 in file
	'/thu-bloor/xinyao-w23/kvpim-rtl/rtl/kv_tlb_top.sv'
===============================================
|           Line           |  full/ parallel  |
===============================================
|           103            |    user/user     |
|           110            |    user/user     |
===============================================

Inferred memory devices in process
	in routine kv_tlb_top_ENTRIES32 line 98 in file
		'/thu-bloor/xinyao-w23/kvpim-rtl/rtl/kv_tlb_top.sv'.
===============================================================================
|    Register Name    |   Type    | Width | Bus | MB | AR | AS | SR | SS | ST |
===============================================================================
|   plan_issued_reg   | Flip-flop |   1   |  N  | N  | Y  | N  | N  | N  | N  |
|      state_reg      | Flip-flop |   3   |  Y  | N  | Y  | N  | N  | N  | N  |
|     r_pools_reg     | Flip-flop |   2   |  Y  | N  | Y  | N  | N  | N  | N  |
|      r_ctx_reg      | Flip-flop |   8   |  Y  | N  | Y  | N  | N  | N  | N  |
|     r_layer_reg     | Flip-flop |   7   |  Y  | N  | Y  | N  | N  | N  | N  |
|      r_lo_reg       | Flip-flop |  16   |  Y  | N  | Y  | N  | N  | N  | N  |
|      r_hi_reg       | Flip-flop |  16   |  Y  | N  | Y  | N  | N  | N  | N  |
|     r_fault_reg     | Flip-flop |   1   |  N  | N  | Y  | N  | N  | N  | N  |
===============================================================================
Presto compilation completed successfully. (kv_tlb_top_ENTRIES32)
Information: Building the design 'gemv_unit'. (HDL-193)

Inferred memory devices in process
	in routine gemv_unit line 83 in file
		'/thu-bloor/xinyao-w23/kvpim-rtl/rtl/gemv_unit.sv'.
===============================================================================
|    Register Name    |   Type    | Width | Bus | MB | AR | AS | SR | SS | ST |
===============================================================================
|  mul_in_valid_reg   | Flip-flop |   1   |  N  | N  | Y  | N  | N  | N  | N  |
===============================================================================

Inferred memory devices in process
	in routine gemv_unit line 161 in file
		'/thu-bloor/xinyao-w23/kvpim-rtl/rtl/gemv_unit.sv'.
===============================================================================
|    Register Name    |   Type    | Width | Bus | MB | AR | AS | SR | SS | ST |
===============================================================================
| ctrl_pipe_score_reg | Flip-flop |   6   |  Y  | N  | Y  | N  | N  | N  | N  |
|  ctrl_pipe_en_reg   | Flip-flop |   6   |  Y  | N  | Y  | N  | N  | N  | N  |
|  ctrl_pipe_clr_reg  | Flip-flop |   6   |  Y  | N  | Y  | N  | N  | N  | N  |
===============================================================================

Inferred memory devices in process
	in routine gemv_unit line 191 in file
		'/thu-bloor/xinyao-w23/kvpim-rtl/rtl/gemv_unit.sv'.
===============================================================================
|    Register Name    |   Type    | Width | Bus | MB | AR | AS | SR | SS | ST |
===============================================================================
| result_valid_q_reg  | Flip-flop |   1   |  N  | N  | Y  | N  | N  | N  | N  |
|       acc_reg       | Flip-flop |  16   |  Y  | N  | Y  | N  | N  | N  | N  |
===============================================================================

Inferred memory devices in process
	in routine gemv_unit line 215 in file
		'/thu-bloor/xinyao-w23/kvpim-rtl/rtl/gemv_unit.sv'.
===============================================================================
|    Register Name    |   Type    | Width | Bus | MB | AR | AS | SR | SS | ST |
===============================================================================
|  ctx_mode_pipe_reg  | Flip-flop |   2   |  Y  | N  | Y  | N  | N  | N  | N  |
|   ctx_en_pipe_reg   | Flip-flop |   2   |  Y  | N  | Y  | N  | N  | N  | N  |
|  ctx_clr_pipe_reg   | Flip-flop |   2   |  Y  | N  | Y  | N  | N  | N  | N  |
===============================================================================

Inferred memory devices in process
	in routine gemv_unit line 241 in file
		'/thu-bloor/xinyao-w23/kvpim-rtl/rtl/gemv_unit.sv'.
===============================================================================
|    Register Name    |   Type    | Width | Bus | MB | AR | AS | SR | SS | ST |
===============================================================================
|     ctx_acc_reg     | Flip-flop |  256  |  Y  | N  | Y  | N  | N  | N  | N  |
===============================================================================

Inferred memory devices in process
	in routine gemv_unit line 253 in file
		'/thu-bloor/xinyao-w23/kvpim-rtl/rtl/gemv_unit.sv'.
======================================================================================
|       Register Name        |   Type    | Width | Bus | MB | AR | AS | SR | SS | ST |
======================================================================================
| context_result_valid_q_reg | Flip-flop |   1   |  N  | N  | Y  | N  | N  | N  | N  |
======================================================================================
Presto compilation completed successfully. (gemv_unit)
Information: Building the design 'accumulator' instantiated from design 'fugue_logic_die' with
	the parameters "N=4". (HDL-193)

Inferred memory devices in process
	in routine accumulator_N4 line 27 in file
		'/thu-bloor/xinyao-w23/kvpim-rtl/rtl/accumulator.sv'.
===============================================================================
|    Register Name    |   Type    | Width | Bus | MB | AR | AS | SR | SS | ST |
===============================================================================
|    clr_pipe_reg     | Flip-flop |   2   |  Y  | N  | Y  | N  | N  | N  | N  |
===============================================================================

Inferred memory devices in process
	in routine accumulator_N4 line 39 in file
		'/thu-bloor/xinyao-w23/kvpim-rtl/rtl/accumulator.sv'.
===============================================================================
|    Register Name    |   Type    | Width | Bus | MB | AR | AS | SR | SS | ST |
===============================================================================
|   out_valid_q_reg   | Flip-flop |   1   |  N  | N  | Y  | N  | N  | N  | N  |
|      acc_q_reg      | Flip-flop |  16   |  Y  | N  | Y  | N  | N  | N  | N  |
===============================================================================
Presto compilation completed successfully. (accumulator_N4)
Information: Building the design 'rotate_q_bf16' instantiated from design 'fugue_logic_die' with
	the parameters "PAIRS=8". (HDL-193)

Inferred memory devices in process
	in routine rotate_q_bf16_PAIRS8 line 45 in file
		'/thu-bloor/xinyao-w23/kvpim-rtl/rtl/rotate_q_bf16.sv'.
================================================================================
|    Register Name     |   Type    | Width | Bus | MB | AR | AS | SR | SS | ST |
================================================================================
| g_pair[0].a_pipe_reg | Flip-flop |  48   |  Y  | N  | Y  | N  | N  | N  | N  |
| g_pair[0].b_pipe_reg | Flip-flop |  48   |  Y  | N  | Y  | N  | N  | N  | N  |
| g_pair[1].a_pipe_reg | Flip-flop |  48   |  Y  | N  | Y  | N  | N  | N  | N  |
| g_pair[1].b_pipe_reg | Flip-flop |  48   |  Y  | N  | Y  | N  | N  | N  | N  |
| g_pair[2].a_pipe_reg | Flip-flop |  48   |  Y  | N  | Y  | N  | N  | N  | N  |
| g_pair[2].b_pipe_reg | Flip-flop |  48   |  Y  | N  | Y  | N  | N  | N  | N  |
| g_pair[3].a_pipe_reg | Flip-flop |  48   |  Y  | N  | Y  | N  | N  | N  | N  |
| g_pair[3].b_pipe_reg | Flip-flop |  48   |  Y  | N  | Y  | N  | N  | N  | N  |
| g_pair[4].a_pipe_reg | Flip-flop |  48   |  Y  | N  | Y  | N  | N  | N  | N  |
| g_pair[4].b_pipe_reg | Flip-flop |  48   |  Y  | N  | Y  | N  | N  | N  | N  |
| g_pair[5].a_pipe_reg | Flip-flop |  48   |  Y  | N  | Y  | N  | N  | N  | N  |
| g_pair[5].b_pipe_reg | Flip-flop |  48   |  Y  | N  | Y  | N  | N  | N  | N  |
| g_pair[6].a_pipe_reg | Flip-flop |  48   |  Y  | N  | Y  | N  | N  | N  | N  |
| g_pair[6].b_pipe_reg | Flip-flop |  48   |  Y  | N  | Y  | N  | N  | N  | N  |
| g_pair[7].a_pipe_reg | Flip-flop |  48   |  Y  | N  | Y  | N  | N  | N  | N  |
| g_pair[7].b_pipe_reg | Flip-flop |  48   |  Y  | N  | Y  | N  | N  | N  | N  |
================================================================================
Presto compilation completed successfully. (rotate_q_bf16_PAIRS8)
Information: Building the design 'diff_decoder'. (HDL-193)
Warning:  /thu-bloor/xinyao-w23/kvpim-rtl/rtl/diff_decoder.sv:74: signed to unsigned part selection occurs. (VER-318)

Inferred memory devices in process
	in routine diff_decoder line 57 in file
		'/thu-bloor/xinyao-w23/kvpim-rtl/rtl/diff_decoder.sv'.
===============================================================================
|    Register Name    |   Type    | Width | Bus | MB | AR | AS | SR | SS | ST |
===============================================================================
|    diff_mask_reg    | Flip-flop | 2048  |  Y  | N  | Y  | N  | N  | N  | N  |
===============================================================================
Statistics for MUX_OPs
======================================================
| block name/line  | Inputs | Outputs | # sel inputs |
======================================================
| diff_decoder/66  |  128   |   16    |      7       |
| diff_decoder/82  |   16   |   32    |      4       |
| diff_decoder/82  |   16   |   32    |      4       |
| diff_decoder/82  |   16   |   32    |      4       |
| diff_decoder/82  |   16   |   32    |      4       |
| diff_decoder/82  |   16   |   32    |      4       |
| diff_decoder/82  |   16   |   32    |      4       |
| diff_decoder/82  |   16   |   32    |      4       |
| diff_decoder/82  |   16   |   32    |      4       |
| diff_decoder/82  |   16   |   32    |      4       |
| diff_decoder/82  |   16   |   32    |      4       |
| diff_decoder/82  |   16   |   32    |      4       |
| diff_decoder/82  |   16   |   32    |      4       |
| diff_decoder/82  |   16   |   32    |      4       |
| diff_decoder/82  |   16   |   32    |      4       |
| diff_decoder/82  |   16   |   32    |      4       |
| diff_decoder/82  |   16   |   32    |      4       |
| diff_decoder/91  |  128   |   16    |      7       |
======================================================
Presto compilation completed successfully. (diff_decoder)
Information: Building the design 'streaming_softmax_unit' instantiated from design 'fugue_logic_die' with
	the parameters "LANES=16,MAX_TOKENS=2048,CONTEXTS=32". (HDL-193)
Warning:  /thu-bloor/xinyao-w23/kvpim-rtl/rtl/streaming_softmax_unit.sv:43: signed to unsigned conversion occurs. (VER-318)
Warning:  /thu-bloor/xinyao-w23/kvpim-rtl/rtl/streaming_softmax_unit.sv:64: signed to unsigned conversion occurs. (VER-318)

Statistics for case statements in always block at line 104 in file
	'/thu-bloor/xinyao-w23/kvpim-rtl/rtl/streaming_softmax_unit.sv'
===============================================
|           Line           |  full/ parallel  |
===============================================
|           107            |    auto/auto     |
===============================================

Inferred memory devices in process
	in routine streaming_softmax_unit_LANES16_MAX_TOKENS2048_CONTEXTS32 line 104 in file
		'/thu-bloor/xinyao-w23/kvpim-rtl/rtl/streaming_softmax_unit.sv'.
===============================================================================
|    Register Name    |   Type    | Width | Bus | MB | AR | AS | SR | SS | ST |
===============================================================================
|   norm_issue_reg    | Flip-flop |   1   |  N  | N  | Y  | N  | N  | N  | N  |
|       st_reg        | Flip-flop |   4   |  Y  | N  | Y  | N  | N  | N  | N  |
|      wr_i_reg       | Flip-flop |   7   |  Y  | N  | Y  | N  | N  | N  | N  |
|      rd_i_reg       | Flip-flop |   7   |  Y  | N  | Y  | N  | N  | N  | N  |
|   word_count_reg    | Flip-flop |   8   |  Y  | N  | Y  | N  | N  | N  | N  |
|     work_i_reg      | Flip-flop |   7   |  Y  | N  | Y  | N  | N  | N  | N  |
|       ctx_reg       | Flip-flop |   5   |  Y  | N  | Y  | N  | N  | N  | N  |
|      len_q_reg      | Flip-flop |  32   |  Y  | N  | Y  | N  | N  | N  | N  |
|      gmax_reg       | Flip-flop |   9   |  Y  | N  | N  | Y  | N  | N  | N  |
|      gmax_reg       | Flip-flop |  23   |  Y  | N  | Y  | N  | N  | N  | N  |
|      gsum_reg       | Flip-flop |  32   |  Y  | N  | Y  | N  | N  | N  | N  |
|      recip_reg      | Flip-flop |  32   |  Y  | N  | Y  | N  | N  | N  | N  |
|     score_q_reg     | Flip-flop |  512  |  Y  | N  | Y  | N  | N  | N  | N  |
|      exp_q_reg      | Flip-flop |  512  |  Y  | N  | Y  | N  | N  | N  | N  |
|     mask_q_reg      | Flip-flop |  16   |  Y  | N  | Y  | N  | N  | N  | N  |
|       e_q_reg       | Flip-flop |  512  |  Y  | N  | Y  | N  | N  | N  | N  |
|   recip_issue_reg   | Flip-flop |   1   |  N  | N  | Y  | N  | N  | N  | N  |
===============================================================================
Presto compilation completed successfully. (streaming_softmax_unit_LANES16_MAX_TOKENS2048_CONTEXTS32)
Information: Building the design 'kv_seg_tlb' instantiated from design 'kv_tlb_top_ENTRIES32' with
	the parameters "ENTRIES=32". (HDL-193)
Warning:  /thu-bloor/xinyao-w23/kvpim-rtl/rtl/kv_seg_tlb.sv:74: signed to unsigned assignment occurs. (VER-318)
Warning:  /thu-bloor/xinyao-w23/kvpim-rtl/rtl/kv_seg_tlb.sv:114: signed to unsigned assignment occurs. (VER-318)
Warning:  /thu-bloor/xinyao-w23/kvpim-rtl/rtl/kv_seg_tlb.sv:132: signed to unsigned conversion occurs. (VER-318)
Warning:  /thu-bloor/xinyao-w23/kvpim-rtl/rtl/kv_seg_tlb.sv:163: signed to unsigned assignment occurs. (VER-318)

Inferred memory devices in process
	in routine kv_seg_tlb_ENTRIES32 line 82 in file
		'/thu-bloor/xinyao-w23/kvpim-rtl/rtl/kv_seg_tlb.sv'.
================================================================================
|    Register Name     |   Type    | Width | Bus | MB | AR | AS | SR | SS | ST |
================================================================================
| lk_resp_key_addr_reg | Flip-flop |  34   |  Y  | N  | Y  | N  | N  | N  | N  |
|     s1_valid_reg     | Flip-flop |   1   |  N  | N  | Y  | N  | N  | N  | N  |
|      s1_hit_reg      | Flip-flop |   1   |  N  | N  | Y  | N  | N  | N  | N  |
|     s1_desc_reg      | Flip-flop |  128  |  Y  | N  | Y  | N  | N  | N  | N  |
|      s1_rel_reg      | Flip-flop |  16   |  Y  | N  | Y  | N  | N  | N  | N  |
|  lk_resp_valid_reg   | Flip-flop |   1   |  N  | N  | Y  | N  | N  | N  | N  |
|   lk_resp_hit_reg    | Flip-flop |   1   |  N  | N  | Y  | N  | N  | N  | N  |
|   lk_resp_desc_reg   | Flip-flop |  128  |  Y  | N  | Y  | N  | N  | N  | N  |
================================================================================

Inferred memory devices in process
	in routine kv_seg_tlb_ENTRIES32 line 122 in file
		'/thu-bloor/xinyao-w23/kvpim-rtl/rtl/kv_seg_tlb.sv'.
===============================================================================
|    Register Name    |   Type    | Width | Bus | MB | AR | AS | SR | SS | ST |
===============================================================================
|       ent_reg       | Flip-flop | 4096  |  Y  | N  | Y  | N  | N  | N  | N  |
|    fifo_ptr_reg     | Flip-flop |   5   |  Y  | N  | Y  | N  | N  | N  | N  |
===============================================================================

Inferred memory devices in process
	in routine kv_seg_tlb_ENTRIES32 line 180 in file
		'/thu-bloor/xinyao-w23/kvpim-rtl/rtl/kv_seg_tlb.sv'.
===============================================================================
|    Register Name    |   Type    | Width | Bus | MB | AR | AS | SR | SS | ST |
===============================================================================
|       ai_reg        | Flip-flop |  40   |  Y  | N  | Y  | N  | N  | N  | N  |
|     a_valid_reg     | Flip-flop |   1   |  N  | N  | Y  | N  | N  | N  | N  |
|       ak_reg        | Flip-flop |  272  |  Y  | N  | Y  | N  | N  | N  | N  |
|       av_reg        | Flip-flop |   8   |  Y  | N  | Y  | N  | N  | N  | N  |
===============================================================================

Inferred memory devices in process
	in routine kv_seg_tlb_ENTRIES32 line 217 in file
		'/thu-bloor/xinyao-w23/kvpim-rtl/rtl/kv_seg_tlb.sv'.
===============================================================================
|    Register Name    |   Type    | Width | Bus | MB | AR | AS | SR | SS | ST |
===============================================================================
|     it_idx_reg      | Flip-flop |   5   |  Y  | N  | Y  | N  | N  | N  | N  |
|  it_resp_valid_reg  | Flip-flop |   1   |  N  | N  | Y  | N  | N  | N  | N  |
|    it_found_reg     | Flip-flop |   1   |  N  | N  | Y  | N  | N  | N  | N  |
===============================================================================
Statistics for MUX_OPs
==============================================================
|     block name/line      | Inputs | Outputs | # sel inputs |
==============================================================
| kv_seg_tlb_ENTRIES32/77  |   32   |   128   |      5       |
| kv_seg_tlb_ENTRIES32/226 |   32   |   128   |      5       |
==============================================================
Presto compilation completed successfully. (kv_seg_tlb_ENTRIES32)
Information: Building the design 'kv_ptw'. (HDL-193)
Warning:  /thu-bloor/xinyao-w23/kvpim-rtl/rtl/kv_ptw.sv:66: signed to unsigned part selection occurs. (VER-318)

Statistics for case statements in always block at line 72 in file
	'/thu-bloor/xinyao-w23/kvpim-rtl/rtl/kv_ptw.sv'
===============================================
|           Line           |  full/ parallel  |
===============================================
|            75            |    user/user     |
===============================================

Statistics for case statements in always block at line 90 in file
	'/thu-bloor/xinyao-w23/kvpim-rtl/rtl/kv_ptw.sv'
===============================================
|           Line           |  full/ parallel  |
===============================================
|            91            |    user/user     |
===============================================

Statistics for case statements in always block at line 105 in file
	'/thu-bloor/xinyao-w23/kvpim-rtl/rtl/kv_ptw.sv'
===============================================
|           Line           |  full/ parallel  |
===============================================
|           115            |    user/user     |
===============================================

Inferred memory devices in process
	in routine kv_ptw line 105 in file
		'/thu-bloor/xinyao-w23/kvpim-rtl/rtl/kv_ptw.sv'.
===============================================================================
|    Register Name    |   Type    | Width | Bus | MB | AR | AS | SR | SS | ST |
===============================================================================
|    fill_desc_reg    | Flip-flop |  128  |  Y  | N  | Y  | N  | N  | N  | N  |
|      state_reg      | Flip-flop |   4   |  Y  | N  | Y  | N  | N  | N  | N  |
|    r_attach_reg     | Flip-flop |   1   |  N  | N  | Y  | N  | N  | N  | N  |
|     r_kind_reg      | Flip-flop |   1   |  N  | N  | Y  | N  | N  | N  | N  |
|      r_ctx_reg      | Flip-flop |   8   |  Y  | N  | Y  | N  | N  | N  | N  |
|     r_layer_reg     | Flip-flop |   7   |  Y  | N  | Y  | N  | N  | N  | N  |
|      r_pos_reg      | Flip-flop |  16   |  Y  | N  | Y  | N  | N  | N  | N  |
|     r_found_reg     | Flip-flop |   1   |  N  | N  | Y  | N  | N  | N  | N  |
|     r_fault_reg     | Flip-flop |   1   |  N  | N  | Y  | N  | N  | N  | N  |
|    seg_base_reg     | Flip-flop |  34   |  Y  | N  | Y  | N  | N  | N  | N  |
|    seg_count_reg    | Flip-flop |   8   |  Y  | N  | Y  | N  | N  | N  | N  |
|       lo_reg        | Flip-flop |  10   |  Y  | N  | Y  | N  | N  | N  | N  |
|       hi_reg        | Flip-flop |  10   |  Y  | N  | Y  | N  | N  | N  | N  |
|     at_idx_reg      | Flip-flop |   9   |  Y  | N  | Y  | N  | N  | N  | N  |
|     dir_sel_reg     | Flip-flop |   2   |  Y  | N  | Y  | N  | N  | N  | N  |
|    desc_sel_reg     | Flip-flop |   1   |  N  | N  | Y  | N  | N  | N  | N  |
|      word_reg       | Flip-flop |  127  |  Y  | N  | Y  | N  | N  | N  | N  |
|     bs_desc_reg     | Flip-flop |  127  |  Y  | N  | Y  | N  | N  | N  | N  |
|   fill_valid_reg    | Flip-flop |   1   |  N  | N  | Y  | N  | N  | N  | N  |
===============================================================================
Presto compilation completed successfully. (kv_ptw)
Information: Building the design 'kv_scan_planner' instantiated from design 'kv_tlb_top_ENTRIES32' with
	the parameters "ENTRIES=32". (HDL-193)

Statistics for case statements in always block at line 147 in file
	'/thu-bloor/xinyao-w23/kvpim-rtl/rtl/kv_scan_planner.sv'
===============================================
|           Line           |  full/ parallel  |
===============================================
|           155            |    user/user     |
===============================================

Inferred memory devices in process
	in routine kv_scan_planner_ENTRIES32 line 147 in file
		'/thu-bloor/xinyao-w23/kvpim-rtl/rtl/kv_scan_planner.sv'.
===============================================================================
|    Register Name    |   Type    | Width | Bus | MB | AR | AS | SR | SS | ST |
===============================================================================
|    it_desc_q_reg    | Flip-flop |  92   |  Y  | N  | Y  | N  | N  | N  | N  |
|      state_reg      | Flip-flop |   4   |  Y  | N  | Y  | N  | N  | N  | N  |
|      r_ctx_reg      | Flip-flop |   8   |  Y  | N  | Y  | N  | N  | N  | N  |
|     r_layer_reg     | Flip-flop |   7   |  Y  | N  | Y  | N  | N  | N  | N  |
|      r_lo_reg       | Flip-flop |  16   |  Y  | N  | Y  | N  | N  | N  | N  |
|      r_hi_reg       | Flip-flop |  16   |  Y  | N  | Y  | N  | N  | N  | N  |
|      r_pos_reg      | Flip-flop |  16   |  Y  | N  | Y  | N  | N  | N  | N  |
|     r_pools_reg     | Flip-flop |   2   |  Y  | N  | Y  | N  | N  | N  | N  |
|     r_fault_reg     | Flip-flop |   1   |  N  | N  | Y  | N  | N  | N  | N  |
|     pending_reg     | Flip-flop |  60   |  Y  | N  | Y  | N  | N  | N  | N  |
|      nrun_reg       | Flip-flop |  60   |  Y  | N  | Y  | N  | N  | N  | N  |
|  pending_valid_reg  | Flip-flop |   1   |  N  | N  | Y  | N  | N  | N  | N  |
|    done_mask_reg    | Flip-flop |  32   |  Y  | N  | Y  | N  | N  | N  | N  |
|    it_idx_q_reg     | Flip-flop |   5   |  Y  | N  | Y  | N  | N  | N  | N  |
===============================================================================
Presto compilation completed successfully. (kv_scan_planner_ENTRIES32)
Information: Building the design 'dbuf_16x256'. (HDL-193)
Presto compilation completed successfully. (dbuf_16x256)
Information: Building the design 'fp16_mult'. (HDL-193)
Warning:  /thu-bloor/xinyao-w23/kvpim-rtl/rtl/fp16_mult.sv:88: signed to unsigned part selection occurs. (VER-318)

Inferred memory devices in process
	in routine fp16_mult line 92 in file
		'/thu-bloor/xinyao-w23/kvpim-rtl/rtl/fp16_mult.sv'.
===============================================================================
|    Register Name    |   Type    | Width | Bus | MB | AR | AS | SR | SS | ST |
===============================================================================
|    out_valid_reg    | Flip-flop |   1   |  N  | N  | Y  | N  | N  | N  | N  |
|        y_reg        | Flip-flop |  16   |  Y  | N  | Y  | N  | N  | N  | N  |
===============================================================================
Presto compilation completed successfully. (fp16_mult)
Information: Building the design 'fp16_add'. (HDL-193)

Statistics for case statements in always block at line 83 in file
	'/thu-bloor/xinyao-w23/kvpim-rtl/rtl/fp16_add.sv'
===============================================
|           Line           |  full/ parallel  |
===============================================
|            92            |    auto/auto     |
===============================================

Inferred memory devices in process
	in routine fp16_add line 164 in file
		'/thu-bloor/xinyao-w23/kvpim-rtl/rtl/fp16_add.sv'.
===============================================================================
|    Register Name    |   Type    | Width | Bus | MB | AR | AS | SR | SS | ST |
===============================================================================
|    out_valid_reg    | Flip-flop |   1   |  N  | N  | Y  | N  | N  | N  | N  |
|        y_reg        | Flip-flop |  16   |  Y  | N  | Y  | N  | N  | N  | N  |
===============================================================================
Presto compilation completed successfully. (fp16_add)
Information: Building the design 'sincos_bf16'. (HDL-193)
Warning:  /thu-bloor/xinyao-w23/kvpim-rtl/rtl/sincos_bf16.sv:24: DEFAULT branch of CASE statement cannot be reached. (ELAB-311)

Statistics for case statements in always block at line 318 in file
	'/thu-bloor/xinyao-w23/kvpim-rtl/rtl/sincos_bf16.sv'
===============================================
|           Line           |  full/ parallel  |
===============================================
|            24            |    user/user     |
===============================================

Statistics for case statements in always block at line 324 in file
	'/thu-bloor/xinyao-w23/kvpim-rtl/rtl/sincos_bf16.sv'
===============================================
|           Line           |  full/ parallel  |
===============================================
|           294            |    auto/auto     |
===============================================

Inferred memory devices in process
	in routine sincos_bf16 line 336 in file
		'/thu-bloor/xinyao-w23/kvpim-rtl/rtl/sincos_bf16.sv'.
===============================================================================
|    Register Name    |   Type    | Width | Bus | MB | AR | AS | SR | SS | ST |
===============================================================================
|      c0_d2_reg      | Flip-flop |  16   |  Y  | N  | Y  | N  | N  | N  | N  |
|    sfrac_d1_reg     | Flip-flop |  16   |  Y  | N  | Y  | N  | N  | N  | N  |
|    cfrac_d1_reg     | Flip-flop |  16   |  Y  | N  | Y  | N  | N  | N  | N  |
|      s0_d1_reg      | Flip-flop |  16   |  Y  | N  | Y  | N  | N  | N  | N  |
|      s0_d2_reg      | Flip-flop |  16   |  Y  | N  | Y  | N  | N  | N  | N  |
|      c0_d1_reg      | Flip-flop |  16   |  Y  | N  | Y  | N  | N  | N  | N  |
===============================================================================
Presto compilation completed successfully. (sincos_bf16)
Information: Building the design 'bf16_mult'. (HDL-193)
Warning:  /thu-bloor/xinyao-w23/kvpim-rtl/rtl/bf16_mult.sv:88: signed to unsigned part selection occurs. (VER-318)

Inferred memory devices in process
	in routine bf16_mult line 92 in file
		'/thu-bloor/xinyao-w23/kvpim-rtl/rtl/bf16_mult.sv'.
===============================================================================
|    Register Name    |   Type    | Width | Bus | MB | AR | AS | SR | SS | ST |
===============================================================================
|    out_valid_reg    | Flip-flop |   1   |  N  | N  | Y  | N  | N  | N  | N  |
|        y_reg        | Flip-flop |  16   |  Y  | N  | Y  | N  | N  | N  | N  |
===============================================================================
Presto compilation completed successfully. (bf16_mult)
Information: Building the design 'bf16_add'. (HDL-193)

Statistics for case statements in always block at line 80 in file
	'/thu-bloor/xinyao-w23/kvpim-rtl/rtl/bf16_add.sv'
===============================================
|           Line           |  full/ parallel  |
===============================================
|            88            |    auto/auto     |
===============================================

Inferred memory devices in process
	in routine bf16_add line 155 in file
		'/thu-bloor/xinyao-w23/kvpim-rtl/rtl/bf16_add.sv'.
===============================================================================
|    Register Name    |   Type    | Width | Bus | MB | AR | AS | SR | SS | ST |
===============================================================================
|    out_valid_reg    | Flip-flop |   1   |  N  | N  | Y  | N  | N  | N  | N  |
|        y_reg        | Flip-flop |  16   |  Y  | N  | Y  | N  | N  | N  | N  |
===============================================================================
Presto compilation completed successfully. (bf16_add)
Information: Building the design 'softmax_buffer_sram' instantiated from design 'streaming_softmax_unit_LANES16_MAX_TOKENS2048_CONTEXTS32' with
	the parameters "NUM_CONTEXTS=32,SEQ_LEN=2048,LANES=16". (HDL-193)
Warning:  /thu-bloor/xinyao-w23/kvpim-rtl/rtl/softmax_buffer_sram.sv:78: signed to unsigned conversion occurs. (VER-318)
Warning:  /thu-bloor/xinyao-w23/kvpim-rtl/rtl/softmax_buffer_sram.sv:80: signed to unsigned conversion occurs. (VER-318)
Error:  /thu-bloor/xinyao-w23/kvpim-rtl/rtl/softmax_buffer_sram.sv:102: Array index out of bounds score_wr_data[63:0], valid bounds are [15:0]. (ELAB-298)
*** Presto compilation terminated with 1 errors. ***
Information: Building the design 'softmax_buffer_sram' instantiated from design 'streaming_softmax_unit_LANES16_MAX_TOKENS2048_CONTEXTS32' with
	the parameters "NUM_CONTEXTS=32,SEQ_LEN=2048,LANES=16". (HDL-193)
Information: Building the design 'fp32_add'. (HDL-193)

Statistics for case statements in always block at line 84 in file
	'/thu-bloor/xinyao-w23/kvpim-rtl/rtl/fp32_add.sv'
===============================================
|           Line           |  full/ parallel  |
===============================================
|            93            |    auto/auto     |
===============================================

Inferred memory devices in process
	in routine fp32_add line 178 in file
		'/thu-bloor/xinyao-w23/kvpim-rtl/rtl/fp32_add.sv'.
===============================================================================
|    Register Name    |   Type    | Width | Bus | MB | AR | AS | SR | SS | ST |
===============================================================================
|    out_valid_reg    | Flip-flop |   1   |  N  | N  | Y  | N  | N  | N  | N  |
|        y_reg        | Flip-flop |  32   |  Y  | N  | Y  | N  | N  | N  | N  |
===============================================================================
Presto compilation completed successfully. (fp32_add)
Information: Building the design 'fp32_exp'. (HDL-193)
Warning:  /thu-bloor/xinyao-w23/kvpim-rtl/rtl/fp32_exp.sv:77: signed to unsigned part selection occurs. (VER-318)
Warning:  /thu-bloor/xinyao-w23/kvpim-rtl/rtl/fp32_exp.sv:300: signed to unsigned part selection occurs. (VER-318)
Warning:  /thu-bloor/xinyao-w23/kvpim-rtl/rtl/fp32_exp.sv:193: DEFAULT branch of CASE statement cannot be reached. (ELAB-311)
Warning:  /thu-bloor/xinyao-w23/kvpim-rtl/rtl/fp32_exp.sv:228: DEFAULT branch of CASE statement cannot be reached. (ELAB-311)

Statistics for case statements in always block at line 192 in file
	'/thu-bloor/xinyao-w23/kvpim-rtl/rtl/fp32_exp.sv'
===============================================
|           Line           |  full/ parallel  |
===============================================
|           193            |    user/user     |
|           228            |    user/user     |
===============================================

Inferred memory devices in process
	in routine fp32_exp line 95 in file
		'/thu-bloor/xinyao-w23/kvpim-rtl/rtl/fp32_exp.sv'.
===============================================================================
|    Register Name    |   Type    | Width | Bus | MB | AR | AS | SR | SS | ST |
===============================================================================
|    s1_mag_u_reg     | Flip-flop |  32   |  Y  | N  | Y  | N  | N  | N  | N  |
|    s1_valid_reg     | Flip-flop |   1   |  N  | N  | Y  | N  | N  | N  | N  |
|    s1_is_nan_reg    | Flip-flop |   1   |  N  | N  | Y  | N  | N  | N  | N  |
|    s1_is_inf_reg    | Flip-flop |   1   |  N  | N  | Y  | N  | N  | N  | N  |
| s1_is_zero_sub_reg  | Flip-flop |   1   |  N  | N  | Y  | N  | N  | N  | N  |
|    s1_is_pos_reg    | Flip-flop |   1   |  N  | N  | Y  | N  | N  | N  | N  |
|  s1_clamp_big_reg   | Flip-flop |   1   |  N  | N  | Y  | N  | N  | N  | N  |
===============================================================================

Inferred memory devices in process
	in routine fp32_exp line 157 in file
		'/thu-bloor/xinyao-w23/kvpim-rtl/rtl/fp32_exp.sv'.
===============================================================================
|    Register Name    |   Type    | Width | Bus | MB | AR | AS | SR | SS | ST |
===============================================================================
|     s2_f_u_reg      | Flip-flop |  23   |  Y  | N  | Y  | N  | N  | N  | N  |
|    s2_valid_reg     | Flip-flop |   1   |  N  | N  | Y  | N  | N  | N  | N  |
|    s2_is_nan_reg    | Flip-flop |   1   |  N  | N  | Y  | N  | N  | N  | N  |
|    s2_is_inf_reg    | Flip-flop |   1   |  N  | N  | Y  | N  | N  | N  | N  |
| s2_is_zero_sub_reg  | Flip-flop |   1   |  N  | N  | Y  | N  | N  | N  | N  |
|    s2_is_pos_reg    | Flip-flop |   1   |  N  | N  | Y  | N  | N  | N  | N  |
|  s2_underflow_reg   | Flip-flop |   1   |  N  | N  | Y  | N  | N  | N  | N  |
|  s2_floor_mag_reg   | Flip-flop |   9   |  Y  | N  | Y  | N  | N  | N  | N  |
===============================================================================

Inferred memory devices in process
	in routine fp32_exp line 305 in file
		'/thu-bloor/xinyao-w23/kvpim-rtl/rtl/fp32_exp.sv'.
===============================================================================
|    Register Name    |   Type    | Width | Bus | MB | AR | AS | SR | SS | ST |
===============================================================================
|    out_valid_reg    | Flip-flop |   1   |  N  | N  | Y  | N  | N  | N  | N  |
|        y_reg        | Flip-flop |  32   |  Y  | N  | Y  | N  | N  | N  | N  |
===============================================================================
Presto compilation completed successfully. (fp32_exp)
Information: Building the design 'fp32_mul'. (HDL-193)
Warning:  /thu-bloor/xinyao-w23/kvpim-rtl/rtl/fp32_mul.sv:88: signed to unsigned part selection occurs. (VER-318)

Inferred memory devices in process
	in routine fp32_mul line 92 in file
		'/thu-bloor/xinyao-w23/kvpim-rtl/rtl/fp32_mul.sv'.
===============================================================================
|    Register Name    |   Type    | Width | Bus | MB | AR | AS | SR | SS | ST |
===============================================================================
|    out_valid_reg    | Flip-flop |   1   |  N  | N  | Y  | N  | N  | N  | N  |
|        y_reg        | Flip-flop |  32   |  Y  | N  | Y  | N  | N  | N  | N  |
===============================================================================
Presto compilation completed successfully. (fp32_mul)
Information: Building the design 'fp32_recip'. (HDL-193)
Warning:  /thu-bloor/xinyao-w23/kvpim-rtl/rtl/fp32_recip.sv:443: signed to unsigned part selection occurs. (VER-318)
Warning:  /thu-bloor/xinyao-w23/kvpim-rtl/rtl/fp32_recip.sv:49: DEFAULT branch of CASE statement cannot be reached. (ELAB-311)

Statistics for case statements in always block at line 47 in file
	'/thu-bloor/xinyao-w23/kvpim-rtl/rtl/fp32_recip.sv'
===============================================
|           Line           |  full/ parallel  |
===============================================
|            49            |    auto/auto     |
===============================================

Statistics for case statements in always block at line 388 in file
	'/thu-bloor/xinyao-w23/kvpim-rtl/rtl/fp32_recip.sv'
===============================================
|           Line           |  full/ parallel  |
===============================================
|           389            |    auto/auto     |
===============================================

Statistics for case statements in always block at line 432 in file
	'/thu-bloor/xinyao-w23/kvpim-rtl/rtl/fp32_recip.sv'
===============================================
|           Line           |  full/ parallel  |
===============================================
|           433            |    auto/auto     |
===============================================

Inferred memory devices in process
	in routine fp32_recip line 452 in file
		'/thu-bloor/xinyao-w23/kvpim-rtl/rtl/fp32_recip.sv'.
===============================================================================
|    Register Name    |   Type    | Width | Bus | MB | AR | AS | SR | SS | ST |
===============================================================================
|    out_valid_reg    | Flip-flop |   1   |  N  | N  | Y  | N  | N  | N  | N  |
|    mant_M_s1_reg    | Flip-flop |  24   |  Y  | N  | Y  | N  | N  | N  | N  |
|     seed_s1_reg     | Flip-flop |  32   |  Y  | N  | Y  | N  | N  | N  | N  |
|      ea_s1_reg      | Flip-flop |   8   |  Y  | N  | Y  | N  | N  | N  | N  |
|     cls_s1_reg      | Flip-flop |   2   |  Y  | N  | Y  | N  | N  | N  | N  |
|      v_s1_reg       | Flip-flop |   1   |  N  | N  | Y  | N  | N  | N  | N  |
|     seed_s2_reg     | Flip-flop |  32   |  Y  | N  | Y  | N  | N  | N  | N  |
|     two_s2_reg      | Flip-flop |  32   |  Y  | N  | Y  | N  | N  | N  | N  |
|      ea_s2_reg      | Flip-flop |   8   |  Y  | N  | Y  | N  | N  | N  | N  |
|     cls_s2_reg      | Flip-flop |   2   |  Y  | N  | Y  | N  | N  | N  | N  |
|      v_s2_reg       | Flip-flop |   1   |  N  | N  | Y  | N  | N  | N  | N  |
|      r1_s3_reg      | Flip-flop |  31   |  Y  | N  | Y  | N  | N  | N  | N  |
|      ea_s3_reg      | Flip-flop |   8   |  Y  | N  | Y  | N  | N  | N  | N  |
|     cls_s3_reg      | Flip-flop |   2   |  Y  | N  | Y  | N  | N  | N  | N  |
|      v_s3_reg       | Flip-flop |   1   |  N  | N  | Y  | N  | N  | N  | N  |
|        y_reg        | Flip-flop |  32   |  Y  | N  | Y  | N  | N  | N  | N  |
===============================================================================
Presto compilation completed successfully. (fp32_recip)
Warning: Design 'fugue_logic_die' has '1' unresolved references. For more detailed information, use the "link" command. (UID-341)
1
current_design $top_module
Current design is 'fugue_logic_die'.
{fugue_logic_die}
link

  Linking design 'fugue_logic_die'
  Using the following designs and libraries:
  --------------------------------------------------------------------------
  * (21 designs)              /thu-bloor/xinyao-w23/kvpim-rtl/syn/fugue_logic_die.db, etc
  asap7sc7p5t_AO_RVT_TT_nldm_211120 (library) /thu-bloor/xinyao-w23/kvpim-rtl/third_party/asap7_lib/db/asap7sc7p5t_AO_RVT_TT_nldm_211120.db
  asap7sc7p5t_INVBUF_RVT_TT_nldm_211120 (library) /thu-bloor/xinyao-w23/kvpim-rtl/third_party/asap7_lib/db/asap7sc7p5t_INVBUF_RVT_TT_nldm_211120.db
  asap7sc7p5t_OA_RVT_TT_nldm_211120 (library) /thu-bloor/xinyao-w23/kvpim-rtl/third_party/asap7_lib/db/asap7sc7p5t_OA_RVT_TT_nldm_211120.db
  asap7sc7p5t_SEQ_RVT_TT_nldm_220123 (library) /thu-bloor/xinyao-w23/kvpim-rtl/third_party/asap7_lib/db/asap7sc7p5t_SEQ_RVT_TT_nldm_220123.db
  asap7sc7p5t_SIMPLE_RVT_TT_nldm_211120 (library) /thu-bloor/xinyao-w23/kvpim-rtl/third_party/asap7_lib/db/asap7sc7p5t_SIMPLE_RVT_TT_nldm_211120.db
  srambank_256x4x64_6t122 (library) /thu-bloor/xinyao-w23/kvpim-rtl/third_party/asap7/asap7_sram_0p0/generated/db/srambank_256x4x64_6t122.db
  srambank_64x4x16_6t122 (library) /thu-bloor/xinyao-w23/kvpim-rtl/third_party/asap7/asap7_sram_0p0/generated/db/srambank_64x4x16_6t122.db

Information: Building the design 'softmax_buffer_sram' instantiated from design 'streaming_softmax_unit_LANES16_MAX_TOKENS2048_CONTEXTS32' with
	the parameters "NUM_CONTEXTS=32,SEQ_LEN=2048,LANES=16". (HDL-193)
Warning:  /thu-bloor/xinyao-w23/kvpim-rtl/rtl/softmax_buffer_sram.sv:78: signed to unsigned conversion occurs. (VER-318)
Warning:  /thu-bloor/xinyao-w23/kvpim-rtl/rtl/softmax_buffer_sram.sv:80: signed to unsigned conversion occurs. (VER-318)
Error:  /thu-bloor/xinyao-w23/kvpim-rtl/rtl/softmax_buffer_sram.sv:102: Array index out of bounds score_wr_data[63:0], valid bounds are [15:0]. (ELAB-298)
*** Presto compilation terminated with 1 errors. ***
Information: Building the design 'softmax_buffer_sram' instantiated from design 'streaming_softmax_unit_LANES16_MAX_TOKENS2048_CONTEXTS32' with
	the parameters "NUM_CONTEXTS=32,SEQ_LEN=2048,LANES=16". (HDL-193)
Warning: Unable to resolve reference 'softmax_buffer_sram' in 'streaming_softmax_unit_LANES16_MAX_TOKENS2048_CONTEXTS32'. (LINK-5)
0
create_clock -name clk -period $period [get_ports clk]
Warning: Design 'fugue_logic_die' has '1' unresolved references. For more detailed information, use the "link" command. (UID-341)
1
set_clock_uncertainty 50.0 [get_clocks clk]
Warning: Design 'fugue_logic_die' has '1' unresolved references. For more detailed information, use the "link" command. (UID-341)
Warning: Design 'fugue_logic_die' has '1' unresolved references. For more detailed information, use the "link" command. (UID-341)
1
set_clock_transition 20.0 [get_clocks clk]
Warning: Design 'fugue_logic_die' has '1' unresolved references. For more detailed information, use the "link" command. (UID-341)
Warning: Design 'fugue_logic_die' has '1' unresolved references. For more detailed information, use the "link" command. (UID-341)
1
set data_ports [remove_from_collection [all_inputs] [get_ports {clk rst_n}]]
{instr_valid instr_word[73] instr_word[72] instr_word[71] instr_word[70] instr_word[69] instr_word[68] instr_word[67] instr_word[66] instr_word[65] instr_word[64] instr_word[63] instr_word[62] instr_word[61] instr_word[60] instr_word[59] instr_word[58] instr_word[57] instr_word[56] instr_word[55] instr_word[54] instr_word[53] instr_word[52] instr_word[51] instr_word[50] instr_word[49] instr_word[48] instr_word[47] instr_word[46] instr_word[45] instr_word[44] instr_word[43] instr_word[42] instr_word[41] instr_word[40] instr_word[39] instr_word[38] instr_word[37] instr_word[36] instr_word[35] instr_word[34] instr_word[33] instr_word[32] instr_word[31] instr_word[30] instr_word[29] instr_word[28] instr_word[27] instr_word[26] instr_word[25] instr_word[24] instr_word[23] instr_word[22] instr_word[21] instr_word[20] instr_word[19] instr_word[18] instr_word[17] instr_word[16] instr_word[15] instr_word[14] instr_word[13] instr_word[12] instr_word[11] instr_word[10] instr_word[9] instr_word[8] instr_word[7] instr_word[6] instr_word[5] instr_word[4] instr_word[3] instr_word[2] instr_word[1] instr_word[0] mat_wr_en mat_wr_addr[3] mat_wr_addr[2] mat_wr_addr[1] mat_wr_addr[0] mat_wr_data[255] mat_wr_data[254] mat_wr_data[253] mat_wr_data[252] mat_wr_data[251] mat_wr_data[250] mat_wr_data[249] mat_wr_data[248] mat_wr_data[247] mat_wr_data[246] mat_wr_data[245] mat_wr_data[244] mat_wr_data[243] mat_wr_data[242] mat_wr_data[241] mat_wr_data[240] mat_wr_data[239] mat_wr_data[238] mat_wr_data[237] mat_wr_data[236] ...}
set_input_delay [expr {$period * 0.30}] -clock clk $data_ports
Warning: Design 'fugue_logic_die' has '1' unresolved references. For more detailed information, use the "link" command. (UID-341)
1
set_output_delay [expr {$period * 0.30}] -clock clk [all_outputs]
Warning: Design 'fugue_logic_die' has '1' unresolved references. For more detailed information, use the "link" command. (UID-341)
1
set_driving_cell -lib_cell BUFx2_ASAP7_75t_R $data_ports
Warning: Design 'fugue_logic_die' has '1' unresolved references. For more detailed information, use the "link" command. (UID-341)
Warning: Design rule attributes from the driving cell will be
	set on the port. (UID-401)
Warning: Design rule attributes from the driving cell will be
	set on the port. (UID-401)
Warning: Design rule attributes from the driving cell will be
	set on the port. (UID-401)
Warning: Design rule attributes from the driving cell will be
	set on the port. (UID-401)
Warning: Design rule attributes from the driving cell will be
	set on the port. (UID-401)
Warning: Design rule attributes from the driving cell will be
	set on the port. (UID-401)
Warning: Design rule attributes from the driving cell will be
	set on the port. (UID-401)
Warning: Design rule attributes from the driving cell will be
	set on the port. (UID-401)
Warning: Design rule attributes from the driving cell will be
	set on the port. (UID-401)
Warning: Design rule attributes from the driving cell will be
	set on the port. (UID-401)
Warning: Design rule attributes from the driving cell will be
	set on the port. (UID-401)
Warning: Design rule attributes from the driving cell will be
	set on the port. (UID-401)
Warning: Design rule attributes from the driving cell will be
	set on the port. (UID-401)
Warning: Design rule attributes from the driving cell will be
	set on the port. (UID-401)
Warning: Design rule attributes from the driving cell will be
	set on the port. (UID-401)
Warning: Design rule attributes from the driving cell will be
	set on the port. (UID-401)
Warning: Design rule attributes from the driving cell will be
	set on the port. (UID-401)
Warning: Design rule attributes from the driving cell will be
	set on the port. (UID-401)
Warning: Design rule attributes from the driving cell will be
	set on the port. (UID-401)
Warning: Design rule attributes from the driving cell will be
	set on the port. (UID-401)
Warning: Design rule attributes from the driving cell will be
	set on the port. (UID-401)
Warning: Design rule attributes from the driving cell will be
	set on the port. (UID-401)
Warning: Design rule attributes from the driving cell will be
	set on the port. (UID-401)
Warning: Design rule attributes from the driving cell will be
	set on the port. (UID-401)
Warning: Design rule attributes from the driving cell will be
	set on the port. (UID-401)
Warning: Design rule attributes from the driving cell will be
	set on the port. (UID-401)
Warning: Design rule attributes from the driving cell will be
	set on the port. (UID-401)
Warning: Design rule attributes from the driving cell will be
	set on the port. (UID-401)
Warning: Design rule attributes from the driving cell will be
	set on the port. (UID-401)
Warning: Design rule attributes from the driving cell will be
	set on the port. (UID-401)
Warning: Design rule attributes from the driving cell will be
	set on the port. (UID-401)
Warning: Design rule attributes from the driving cell will be
	set on the port. (UID-401)
Warning: Design rule attributes from the driving cell will be
	set on the port. (UID-401)
Warning: Design rule attributes from the driving cell will be
	set on the port. (UID-401)
Warning: Design rule attributes from the driving cell will be
	set on the port. (UID-401)
Warning: Design rule attributes from the driving cell will be
	set on the port. (UID-401)
Warning: Design rule attributes from the driving cell will be
	set on the port. (UID-401)
Warning: Design rule attributes from the driving cell will be
	set on the port. (UID-401)
Warning: Design rule attributes from the driving cell will be
	set on the port. (UID-401)
Warning: Design rule attributes from the driving cell will be
	set on the port. (UID-401)
Warning: Design rule attributes from the driving cell will be
	set on the port. (UID-401)
Warning: Design rule attributes from the driving cell will be
	set on the port. (UID-401)
Warning: Design rule attributes from the driving cell will be
	set on the port. (UID-401)
Warning: Design rule attributes from the driving cell will be
	set on the port. (UID-401)
Warning: Design rule attributes from the driving cell will be
	set on the port. (UID-401)
Warning: Design rule attributes from the driving cell will be
	set on the port. (UID-401)
Warning: Design rule attributes from the driving cell will be
	set on the port. (UID-401)
Warning: Design rule attributes from the driving cell will be
	set on the port. (UID-401)
Warning: Design rule attributes from the driving cell will be
	set on the port. (UID-401)
Warning: Design rule attributes from the driving cell will be
	set on the port. (UID-401)
Warning: Design rule attributes from the driving cell will be
	set on the port. (UID-401)
Warning: Design rule attributes from the driving cell will be
	set on the port. (UID-401)
Warning: Design rule attributes from the driving cell will be
	set on the port. (UID-401)
Warning: Design rule attributes from the driving cell will be
	set on the port. (UID-401)
Warning: Design rule attributes from the driving cell will be
	set on the port. (UID-401)
Warning: Design rule attributes from the driving cell will be
	set on the port. (UID-401)
Warning: Design rule attributes from the driving cell will be
	set on the port. (UID-401)
Warning: Design rule attributes from the driving cell will be
	set on the port. (UID-401)
Warning: Design rule attributes from the driving cell will be
	set on the port. (UID-401)
Warning: Design rule attributes from the driving cell will be
	set on the port. (UID-401)
Warning: Design rule attributes from the driving cell will be
	set on the port. (UID-401)
Warning: Design rule attributes from the driving cell will be
	set on the port. (UID-401)
Warning: Design rule attributes from the driving cell will be
	set on the port. (UID-401)
Warning: Design rule attributes from the driving cell will be
	set on the port. (UID-401)
Warning: Design rule attributes from the driving cell will be
	set on the port. (UID-401)
Warning: Design rule attributes from the driving cell will be
	set on the port. (UID-401)
Warning: Design rule attributes from the driving cell will be
	set on the port. (UID-401)
Warning: Design rule attributes from the driving cell will be
	set on the port. (UID-401)
Warning: Design rule attributes from the driving cell will be
	set on the port. (UID-401)
Warning: Design rule attributes from the driving cell will be
	set on the port. (UID-401)
Warning: Design rule attributes from the driving cell will be
	set on the port. (UID-401)
Warning: Design rule attributes from the driving cell will be
	set on the port. (UID-401)
Warning: Design rule attributes from the driving cell will be
	set on the port. (UID-401)
Warning: Design rule attributes from the driving cell will be
	set on the port. (UID-401)
Warning: Design rule attributes from the driving cell will be
	set on the port. (UID-401)
Warning: Design rule attributes from the driving cell will be
	set on the port. (UID-401)
Warning: Design rule attributes from the driving cell will be
	set on the port. (UID-401)
Warning: Design rule attributes from the driving cell will be
	set on the port. (UID-401)
Warning: Design rule attributes from the driving cell will be
	set on the port. (UID-401)
Warning: Design rule attributes from the driving cell will be
	set on the port. (UID-401)
Warning: Design rule attributes from the driving cell will be
	set on the port. (UID-401)
Warning: Design rule attributes from the driving cell will be
	set on the port. (UID-401)
Warning: Design rule attributes from the driving cell will be
	set on the port. (UID-401)
Warning: Design rule attributes from the driving cell will be
	set on the port. (UID-401)
Warning: Design rule attributes from the driving cell will be
	set on the port. (UID-401)
Warning: Design rule attributes from the driving cell will be
	set on the port. (UID-401)
Warning: Design rule attributes from the driving cell will be
	set on the port. (UID-401)
Warning: Design rule attributes from the driving cell will be
	set on the port. (UID-401)
Warning: Design rule attributes from the driving cell will be
	set on the port. (UID-401)
Warning: Design rule attributes from the driving cell will be
	set on the port. (UID-401)
Warning: Design rule attributes from the driving cell will be
	set on the port. (UID-401)
Warning: Design rule attributes from the driving cell will be
	set on the port. (UID-401)
Warning: Design rule attributes from the driving cell will be
	set on the port. (UID-401)
Warning: Design rule attributes from the driving cell will be
	set on the port. (UID-401)
Warning: Design rule attributes from the driving cell will be
	set on the port. (UID-401)
Warning: Design rule attributes from the driving cell will be
	set on the port. (UID-401)
Warning: Design rule attributes from the driving cell will be
	set on the port. (UID-401)
Warning: Design rule attributes from the driving cell will be
	set on the port. (UID-401)
Warning: Design rule attributes from the driving cell will be
	set on the port. (UID-401)
Warning: Design rule attributes from the driving cell will be
	set on the port. (UID-401)
Warning: Design rule attributes from the driving cell will be
	set on the port. (UID-401)
Warning: Design rule attributes from the driving cell will be
	set on the port. (UID-401)
Warning: Design rule attributes from the driving cell will be
	set on the port. (UID-401)
Warning: Design rule attributes from the driving cell will be
	set on the port. (UID-401)
Warning: Design rule attributes from the driving cell will be
	set on the port. (UID-401)
Warning: Design rule attributes from the driving cell will be
	set on the port. (UID-401)
Warning: Design rule attributes from the driving cell will be
	set on the port. (UID-401)
Warning: Design rule attributes from the driving cell will be
	set on the port. (UID-401)
Warning: Design rule attributes from the driving cell will be
	set on the port. (UID-401)
Warning: Design rule attributes from the driving cell will be
	set on the port. (UID-401)
Warning: Design rule attributes from the driving cell will be
	set on the port. (UID-401)
Warning: Design rule attributes from the driving cell will be
	set on the port. (UID-401)
Warning: Design rule attributes from the driving cell will be
	set on the port. (UID-401)
Warning: Design rule attributes from the driving cell will be
	set on the port. (UID-401)
Warning: Design rule attributes from the driving cell will be
	set on the port. (UID-401)
Warning: Design rule attributes from the driving cell will be
	set on the port. (UID-401)
Warning: Design rule attributes from the driving cell will be
	set on the port. (UID-401)
Warning: Design rule attributes from the driving cell will be
	set on the port. (UID-401)
Warning: Design rule attributes from the driving cell will be
	set on the port. (UID-401)
Warning: Design rule attributes from the driving cell will be
	set on the port. (UID-401)
Warning: Design rule attributes from the driving cell will be
	set on the port. (UID-401)
Warning: Design rule attributes from the driving cell will be
	set on the port. (UID-401)
Warning: Design rule attributes from the driving cell will be
	set on the port. (UID-401)
Warning: Design rule attributes from the driving cell will be
	set on the port. (UID-401)
Warning: Design rule attributes from the driving cell will be
	set on the port. (UID-401)
Warning: Design rule attributes from the driving cell will be
	set on the port. (UID-401)
Warning: Design rule attributes from the driving cell will be
	set on the port. (UID-401)
Warning: Design rule attributes from the driving cell will be
	set on the port. (UID-401)
Warning: Design rule attributes from the driving cell will be
	set on the port. (UID-401)
Warning: Design rule attributes from the driving cell will be
	set on the port. (UID-401)
Warning: Design rule attributes from the driving cell will be
	set on the port. (UID-401)
Warning: Design rule attributes from the driving cell will be
	set on the port. (UID-401)
Warning: Design rule attributes from the driving cell will be
	set on the port. (UID-401)
Warning: Design rule attributes from the driving cell will be
	set on the port. (UID-401)
Warning: Design rule attributes from the driving cell will be
	set on the port. (UID-401)
Warning: Design rule attributes from the driving cell will be
	set on the port. (UID-401)
Warning: Design rule attributes from the driving cell will be
	set on the port. (UID-401)
Warning: Design rule attributes from the driving cell will be
	set on the port. (UID-401)
Warning: Design rule attributes from the driving cell will be
	set on the port. (UID-401)
Warning: Design rule attributes from the driving cell will be
	set on the port. (UID-401)
Warning: Design rule attributes from the driving cell will be
	set on the port. (UID-401)
Warning: Design rule attributes from the driving cell will be
	set on the port. (UID-401)
Warning: Design rule attributes from the driving cell will be
	set on the port. (UID-401)
Warning: Design rule attributes from the driving cell will be
	set on the port. (UID-401)
Warning: Design rule attributes from the driving cell will be
	set on the port. (UID-401)
Warning: Design rule attributes from the driving cell will be
	set on the port. (UID-401)
Warning: Design rule attributes from the driving cell will be
	set on the port. (UID-401)
Warning: Design rule attributes from the driving cell will be
	set on the port. (UID-401)
Warning: Design rule attributes from the driving cell will be
	set on the port. (UID-401)
Warning: Design rule attributes from the driving cell will be
	set on the port. (UID-401)
Warning: Design rule attributes from the driving cell will be
	set on the port. (UID-401)
Warning: Design rule attributes from the driving cell will be
	set on the port. (UID-401)
Warning: Design rule attributes from the driving cell will be
	set on the port. (UID-401)
Warning: Design rule attributes from the driving cell will be
	set on the port. (UID-401)
Warning: Design rule attributes from the driving cell will be
	set on the port. (UID-401)
Warning: Design rule attributes from the driving cell will be
	set on the port. (UID-401)
Warning: Design rule attributes from the driving cell will be
	set on the port. (UID-401)
Warning: Design rule attributes from the driving cell will be
	set on the port. (UID-401)
Warning: Design rule attributes from the driving cell will be
	set on the port. (UID-401)
Warning: Design rule attributes from the driving cell will be
	set on the port. (UID-401)
Warning: Design rule attributes from the driving cell will be
	set on the port. (UID-401)
Warning: Design rule attributes from the driving cell will be
	set on the port. (UID-401)
Warning: Design rule attributes from the driving cell will be
	set on the port. (UID-401)
Warning: Design rule attributes from the driving cell will be
	set on the port. (UID-401)
Warning: Design rule attributes from the driving cell will be
	set on the port. (UID-401)
Warning: Design rule attributes from the driving cell will be
	set on the port. (UID-401)
Warning: Design rule attributes from the driving cell will be
	set on the port. (UID-401)
Warning: Design rule attributes from the driving cell will be
	set on the port. (UID-401)
Warning: Design rule attributes from the driving cell will be
	set on the port. (UID-401)
Warning: Design rule attributes from the driving cell will be
	set on the port. (UID-401)
Warning: Design rule attributes from the driving cell will be
	set on the port. (UID-401)
Warning: Design rule attributes from the driving cell will be
	set on the port. (UID-401)
Warning: Design rule attributes from the driving cell will be
	set on the port. (UID-401)
Warning: Design rule attributes from the driving cell will be
	set on the port. (UID-401)
Warning: Design rule attributes from the driving cell will be
	set on the port. (UID-401)
Warning: Design rule attributes from the driving cell will be
	set on the port. (UID-401)
Warning: Design rule attributes from the driving cell will be
	set on the port. (UID-401)
Warning: Design rule attributes from the driving cell will be
	set on the port. (UID-401)
Warning: Design rule attributes from the driving cell will be
	set on the port. (UID-401)
Warning: Design rule attributes from the driving cell will be
	set on the port. (UID-401)
Warning: Design rule attributes from the driving cell will be
	set on the port. (UID-401)
Warning: Design rule attributes from the driving cell will be
	set on the port. (UID-401)
Warning: Design rule attributes from the driving cell will be
	set on the port. (UID-401)
Warning: Design rule attributes from the driving cell will be
	set on the port. (UID-401)
Warning: Design rule attributes from the driving cell will be
	set on the port. (UID-401)
Warning: Design rule attributes from the driving cell will be
	set on the port. (UID-401)
Warning: Design rule attributes from the driving cell will be
	set on the port. (UID-401)
Warning: Design rule attributes from the driving cell will be
	set on the port. (UID-401)
Warning: Design rule attributes from the driving cell will be
	set on the port. (UID-401)
Warning: Design rule attributes from the driving cell will be
	set on the port. (UID-401)
Warning: Design rule attributes from the driving cell will be
	set on the port. (UID-401)
Warning: Design rule attributes from the driving cell will be
	set on the port. (UID-401)
Warning: Design rule attributes from the driving cell will be
	set on the port. (UID-401)
Warning: Design rule attributes from the driving cell will be
	set on the port. (UID-401)
Warning: Design rule attributes from the driving cell will be
	set on the port. (UID-401)
Warning: Design rule attributes from the driving cell will be
	set on the port. (UID-401)
Warning: Design rule attributes from the driving cell will be
	set on the port. (UID-401)
Warning: Design rule attributes from the driving cell will be
	set on the port. (UID-401)
Warning: Design rule attributes from the driving cell will be
	set on the port. (UID-401)
Warning: Design rule attributes from the driving cell will be
	set on the port. (UID-401)
Warning: Design rule attributes from the driving cell will be
	set on the port. (UID-401)
Warning: Design rule attributes from the driving cell will be
	set on the port. (UID-401)
Warning: Design rule attributes from the driving cell will be
	set on the port. (UID-401)
Warning: Design rule attributes from the driving cell will be
	set on the port. (UID-401)
Warning: Design rule attributes from the driving cell will be
	set on the port. (UID-401)
Warning: Design rule attributes from the driving cell will be
	set on the port. (UID-401)
Warning: Design rule attributes from the driving cell will be
	set on the port. (UID-401)
Warning: Design rule attributes from the driving cell will be
	set on the port. (UID-401)
Warning: Design rule attributes from the driving cell will be
	set on the port. (UID-401)
Warning: Design rule attributes from the driving cell will be
	set on the port. (UID-401)
Warning: Design rule attributes from the driving cell will be
	set on the port. (UID-401)
Warning: Design rule attributes from the driving cell will be
	set on the port. (UID-401)
Warning: Design rule attributes from the driving cell will be
	set on the port. (UID-401)
Warning: Design rule attributes from the driving cell will be
	set on the port. (UID-401)
Warning: Design rule attributes from the driving cell will be
	set on the port. (UID-401)
Warning: Design rule attributes from the driving cell will be
	set on the port. (UID-401)
Warning: Design rule attributes from the driving cell will be
	set on the port. (UID-401)
Warning: Design rule attributes from the driving cell will be
	set on the port. (UID-401)
Warning: Design rule attributes from the driving cell will be
	set on the port. (UID-401)
Warning: Design rule attributes from the driving cell will be
	set on the port. (UID-401)
Warning: Design rule attributes from the driving cell will be
	set on the port. (UID-401)
Warning: Design rule attributes from the driving cell will be
	set on the port. (UID-401)
Warning: Design rule attributes from the driving cell will be
	set on the port. (UID-401)
Warning: Design rule attributes from the driving cell will be
	set on the port. (UID-401)
Warning: Design rule attributes from the driving cell will be
	set on the port. (UID-401)
Warning: Design rule attributes from the driving cell will be
	set on the port. (UID-401)
Warning: Design rule attributes from the driving cell will be
	set on the port. (UID-401)
Warning: Design rule attributes from the driving cell will be
	set on the port. (UID-401)
Warning: Design rule attributes from the driving cell will be
	set on the port. (UID-401)
Warning: Design rule attributes from the driving cell will be
	set on the port. (UID-401)
Warning: Design rule attributes from the driving cell will be
	set on the port. (UID-401)
Warning: Design rule attributes from the driving cell will be
	set on the port. (UID-401)
Warning: Design rule attributes from the driving cell will be
	set on the port. (UID-401)
Warning: Design rule attributes from the driving cell will be
	set on the port. (UID-401)
Warning: Design rule attributes from the driving cell will be
	set on the port. (UID-401)
Warning: Design rule attributes from the driving cell will be
	set on the port. (UID-401)
Warning: Design rule attributes from the driving cell will be
	set on the port. (UID-401)
Warning: Design rule attributes from the driving cell will be
	set on the port. (UID-401)
Warning: Design rule attributes from the driving cell will be
	set on the port. (UID-401)
Warning: Design rule attributes from the driving cell will be
	set on the port. (UID-401)
Warning: Design rule attributes from the driving cell will be
	set on the port. (UID-401)
Warning: Design rule attributes from the driving cell will be
	set on the port. (UID-401)
Warning: Design rule attributes from the driving cell will be
	set on the port. (UID-401)
Warning: Design rule attributes from the driving cell will be
	set on the port. (UID-401)
Warning: Design rule attributes from the driving cell will be
	set on the port. (UID-401)
Warning: Design rule attributes from the driving cell will be
	set on the port. (UID-401)
Warning: Design rule attributes from the driving cell will be
	set on the port. (UID-401)
Warning: Design rule attributes from the driving cell will be
	set on the port. (UID-401)
Warning: Design rule attributes from the driving cell will be
	set on the port. (UID-401)
Warning: Design rule attributes from the driving cell will be
	set on the port. (UID-401)
Warning: Design rule attributes from the driving cell will be
	set on the port. (UID-401)
Warning: Design rule attributes from the driving cell will be
	set on the port. (UID-401)
Warning: Design rule attributes from the driving cell will be
	set on the port. (UID-401)
Warning: Design rule attributes from the driving cell will be
	set on the port. (UID-401)
Warning: Design rule attributes from the driving cell will be
	set on the port. (UID-401)
Warning: Design rule attributes from the driving cell will be
	set on the port. (UID-401)
Warning: Design rule attributes from the driving cell will be
	set on the port. (UID-401)
Warning: Design rule attributes from the driving cell will be
	set on the port. (UID-401)
Warning: Design rule attributes from the driving cell will be
	set on the port. (UID-401)
Warning: Design rule attributes from the driving cell will be
	set on the port. (UID-401)
Warning: Design rule attributes from the driving cell will be
	set on the port. (UID-401)
Warning: Design rule attributes from the driving cell will be
	set on the port. (UID-401)
Warning: Design rule attributes from the driving cell will be
	set on the port. (UID-401)
Warning: Design rule attributes from the driving cell will be
	set on the port. (UID-401)
Warning: Design rule attributes from the driving cell will be
	set on the port. (UID-401)
Warning: Design rule attributes from the driving cell will be
	set on the port. (UID-401)
Warning: Design rule attributes from the driving cell will be
	set on the port. (UID-401)
Warning: Design rule attributes from the driving cell will be
	set on the port. (UID-401)
Warning: Design rule attributes from the driving cell will be
	set on the port. (UID-401)
Warning: Design rule attributes from the driving cell will be
	set on the port. (UID-401)
Warning: Design rule attributes from the driving cell will be
	set on the port. (UID-401)
Warning: Design rule attributes from the driving cell will be
	set on the port. (UID-401)
Warning: Design rule attributes from the driving cell will be
	set on the port. (UID-401)
Warning: Design rule attributes from the driving cell will be
	set on the port. (UID-401)
Warning: Design rule attributes from the driving cell will be
	set on the port. (UID-401)
Warning: Design rule attributes from the driving cell will be
	set on the port. (UID-401)
Warning: Design rule attributes from the driving cell will be
	set on the port. (UID-401)
Warning: Design rule attributes from the driving cell will be
	set on the port. (UID-401)
Warning: Design rule attributes from the driving cell will be
	set on the port. (UID-401)
Warning: Design rule attributes from the driving cell will be
	set on the port. (UID-401)
Warning: Design rule attributes from the driving cell will be
	set on the port. (UID-401)
Warning: Design rule attributes from the driving cell will be
	set on the port. (UID-401)
Warning: Design rule attributes from the driving cell will be
	set on the port. (UID-401)
Warning: Design rule attributes from the driving cell will be
	set on the port. (UID-401)
Warning: Design rule attributes from the driving cell will be
	set on the port. (UID-401)
Warning: Design rule attributes from the driving cell will be
	set on the port. (UID-401)
Warning: Design rule attributes from the driving cell will be
	set on the port. (UID-401)
Warning: Design rule attributes from the driving cell will be
	set on the port. (UID-401)
Warning: Design rule attributes from the driving cell will be
	set on the port. (UID-401)
Warning: Design rule attributes from the driving cell will be
	set on the port. (UID-401)
Warning: Design rule attributes from the driving cell will be
	set on the port. (UID-401)
Warning: Design rule attributes from the driving cell will be
	set on the port. (UID-401)
Warning: Design rule attributes from the driving cell will be
	set on the port. (UID-401)
Warning: Design rule attributes from the driving cell will be
	set on the port. (UID-401)
Warning: Design rule attributes from the driving cell will be
	set on the port. (UID-401)
Warning: Design rule attributes from the driving cell will be
	set on the port. (UID-401)
Warning: Design rule attributes from the driving cell will be
	set on the port. (UID-401)
Warning: Design rule attributes from the driving cell will be
	set on the port. (UID-401)
Warning: Design rule attributes from the driving cell will be
	set on the port. (UID-401)
Warning: Design rule attributes from the driving cell will be
	set on the port. (UID-401)
Warning: Design rule attributes from the driving cell will be
	set on the port. (UID-401)
Warning: Design rule attributes from the driving cell will be
	set on the port. (UID-401)
Warning: Design rule attributes from the driving cell will be
	set on the port. (UID-401)
Warning: Design rule attributes from the driving cell will be
	set on the port. (UID-401)
Warning: Design rule attributes from the driving cell will be
	set on the port. (UID-401)
Warning: Design rule attributes from the driving cell will be
	set on the port. (UID-401)
Warning: Design rule attributes from the driving cell will be
	set on the port. (UID-401)
Warning: Design rule attributes from the driving cell will be
	set on the port. (UID-401)
Warning: Design rule attributes from the driving cell will be
	set on the port. (UID-401)
Warning: Design rule attributes from the driving cell will be
	set on the port. (UID-401)
Warning: Design rule attributes from the driving cell will be
	set on the port. (UID-401)
Warning: Design rule attributes from the driving cell will be
	set on the port. (UID-401)
Warning: Design rule attributes from the driving cell will be
	set on the port. (UID-401)
Warning: Design rule attributes from the driving cell will be
	set on the port. (UID-401)
Warning: Design rule attributes from the driving cell will be
	set on the port. (UID-401)
Warning: Design rule attributes from the driving cell will be
	set on the port. (UID-401)
Warning: Design rule attributes from the driving cell will be
	set on the port. (UID-401)
Warning: Design rule attributes from the driving cell will be
	set on the port. (UID-401)
Warning: Design rule attributes from the driving cell will be
	set on the port. (UID-401)
Warning: Design rule attributes from the driving cell will be
	set on the port. (UID-401)
Warning: Design rule attributes from the driving cell will be
	set on the port. (UID-401)
Warning: Design rule attributes from the driving cell will be
	set on the port. (UID-401)
Warning: Design rule attributes from the driving cell will be
	set on the port. (UID-401)
Warning: Design rule attributes from the driving cell will be
	set on the port. (UID-401)
Warning: Design rule attributes from the driving cell will be
	set on the port. (UID-401)
Warning: Design rule attributes from the driving cell will be
	set on the port. (UID-401)
Warning: Design rule attributes from the driving cell will be
	set on the port. (UID-401)
Warning: Design rule attributes from the driving cell will be
	set on the port. (UID-401)
Warning: Design rule attributes from the driving cell will be
	set on the port. (UID-401)
Warning: Design rule attributes from the driving cell will be
	set on the port. (UID-401)
Warning: Design rule attributes from the driving cell will be
	set on the port. (UID-401)
Warning: Design rule attributes from the driving cell will be
	set on the port. (UID-401)
Warning: Design rule attributes from the driving cell will be
	set on the port. (UID-401)
Warning: Design rule attributes from the driving cell will be
	set on the port. (UID-401)
Warning: Design rule attributes from the driving cell will be
	set on the port. (UID-401)
Warning: Design rule attributes from the driving cell will be
	set on the port. (UID-401)
Warning: Design rule attributes from the driving cell will be
	set on the port. (UID-401)
Warning: Design rule attributes from the driving cell will be
	set on the port. (UID-401)
Warning: Design rule attributes from the driving cell will be
	set on the port. (UID-401)
Warning: Design rule attributes from the driving cell will be
	set on the port. (UID-401)
Warning: Design rule attributes from the driving cell will be
	set on the port. (UID-401)
Warning: Design rule attributes from the driving cell will be
	set on the port. (UID-401)
Warning: Design rule attributes from the driving cell will be
	set on the port. (UID-401)
Warning: Design rule attributes from the driving cell will be
	set on the port. (UID-401)
Warning: Design rule attributes from the driving cell will be
	set on the port. (UID-401)
Warning: Design rule attributes from the driving cell will be
	set on the port. (UID-401)
Warning: Design rule attributes from the driving cell will be
	set on the port. (UID-401)
Warning: Design rule attributes from the driving cell will be
	set on the port. (UID-401)
Warning: Design rule attributes from the driving cell will be
	set on the port. (UID-401)
Warning: Design rule attributes from the driving cell will be
	set on the port. (UID-401)
Warning: Design rule attributes from the driving cell will be
	set on the port. (UID-401)
Warning: Design rule attributes from the driving cell will be
	set on the port. (UID-401)
Warning: Design rule attributes from the driving cell will be
	set on the port. (UID-401)
Warning: Design rule attributes from the driving cell will be
	set on the port. (UID-401)
Warning: Design rule attributes from the driving cell will be
	set on the port. (UID-401)
Warning: Design rule attributes from the driving cell will be
	set on the port. (UID-401)
Warning: Design rule attributes from the driving cell will be
	set on the port. (UID-401)
Warning: Design rule attributes from the driving cell will be
	set on the port. (UID-401)
Warning: Design rule attributes from the driving cell will be
	set on the port. (UID-401)
Warning: Design rule attributes from the driving cell will be
	set on the port. (UID-401)
Warning: Design rule attributes from the driving cell will be
	set on the port. (UID-401)
Warning: Design rule attributes from the driving cell will be
	set on the port. (UID-401)
Warning: Design rule attributes from the driving cell will be
	set on the port. (UID-401)
Warning: Design rule attributes from the driving cell will be
	set on the port. (UID-401)
Warning: Design rule attributes from the driving cell will be
	set on the port. (UID-401)
Warning: Design rule attributes from the driving cell will be
	set on the port. (UID-401)
Warning: Design rule attributes from the driving cell will be
	set on the port. (UID-401)
Warning: Design rule attributes from the driving cell will be
	set on the port. (UID-401)
Warning: Design rule attributes from the driving cell will be
	set on the port. (UID-401)
Warning: Design rule attributes from the driving cell will be
	set on the port. (UID-401)
Warning: Design rule attributes from the driving cell will be
	set on the port. (UID-401)
Warning: Design rule attributes from the driving cell will be
	set on the port. (UID-401)
Warning: Design rule attributes from the driving cell will be
	set on the port. (UID-401)
Warning: Design rule attributes from the driving cell will be
	set on the port. (UID-401)
Warning: Design rule attributes from the driving cell will be
	set on the port. (UID-401)
Warning: Design rule attributes from the driving cell will be
	set on the port. (UID-401)
Warning: Design rule attributes from the driving cell will be
	set on the port. (UID-401)
Warning: Design rule attributes from the driving cell will be
	set on the port. (UID-401)
Warning: Design rule attributes from the driving cell will be
	set on the port. (UID-401)
Warning: Design rule attributes from the driving cell will be
	set on the port. (UID-401)
Warning: Design rule attributes from the driving cell will be
	set on the port. (UID-401)
Warning: Design rule attributes from the driving cell will be
	set on the port. (UID-401)
Warning: Design rule attributes from the driving cell will be
	set on the port. (UID-401)
Warning: Design rule attributes from the driving cell will be
	set on the port. (UID-401)
Warning: Design rule attributes from the driving cell will be
	set on the port. (UID-401)
Warning: Design rule attributes from the driving cell will be
	set on the port. (UID-401)
Warning: Design rule attributes from the driving cell will be
	set on the port. (UID-401)
Warning: Design rule attributes from the driving cell will be
	set on the port. (UID-401)
Warning: Design rule attributes from the driving cell will be
	set on the port. (UID-401)
Warning: Design rule attributes from the driving cell will be
	set on the port. (UID-401)
Warning: Design rule attributes from the driving cell will be
	set on the port. (UID-401)
Warning: Design rule attributes from the driving cell will be
	set on the port. (UID-401)
Warning: Design rule attributes from the driving cell will be
	set on the port. (UID-401)
Warning: Design rule attributes from the driving cell will be
	set on the port. (UID-401)
Warning: Design rule attributes from the driving cell will be
	set on the port. (UID-401)
Warning: Design rule attributes from the driving cell will be
	set on the port. (UID-401)
Warning: Design rule attributes from the driving cell will be
	set on the port. (UID-401)
Warning: Design rule attributes from the driving cell will be
	set on the port. (UID-401)
Warning: Design rule attributes from the driving cell will be
	set on the port. (UID-401)
Warning: Design rule attributes from the driving cell will be
	set on the port. (UID-401)
Warning: Design rule attributes from the driving cell will be
	set on the port. (UID-401)
Warning: Design rule attributes from the driving cell will be
	set on the port. (UID-401)
Warning: Design rule attributes from the driving cell will be
	set on the port. (UID-401)
Warning: Design rule attributes from the driving cell will be
	set on the port. (UID-401)
Warning: Design rule attributes from the driving cell will be
	set on the port. (UID-401)
Warning: Design rule attributes from the driving cell will be
	set on the port. (UID-401)
Warning: Design rule attributes from the driving cell will be
	set on the port. (UID-401)
Warning: Design rule attributes from the driving cell will be
	set on the port. (UID-401)
Warning: Design rule attributes from the driving cell will be
	set on the port. (UID-401)
Warning: Design rule attributes from the driving cell will be
	set on the port. (UID-401)
Warning: Design rule attributes from the driving cell will be
	set on the port. (UID-401)
Warning: Design rule attributes from the driving cell will be
	set on the port. (UID-401)
Warning: Design rule attributes from the driving cell will be
	set on the port. (UID-401)
Warning: Design rule attributes from the driving cell will be
	set on the port. (UID-401)
Warning: Design rule attributes from the driving cell will be
	set on the port. (UID-401)
Warning: Design rule attributes from the driving cell will be
	set on the port. (UID-401)
Warning: Design rule attributes from the driving cell will be
	set on the port. (UID-401)
Warning: Design rule attributes from the driving cell will be
	set on the port. (UID-401)
Warning: Design rule attributes from the driving cell will be
	set on the port. (UID-401)
Warning: Design rule attributes from the driving cell will be
	set on the port. (UID-401)
Warning: Design rule attributes from the driving cell will be
	set on the port. (UID-401)
Warning: Design rule attributes from the driving cell will be
	set on the port. (UID-401)
Warning: Design rule attributes from the driving cell will be
	set on the port. (UID-401)
Warning: Design rule attributes from the driving cell will be
	set on the port. (UID-401)
Warning: Design rule attributes from the driving cell will be
	set on the port. (UID-401)
Warning: Design rule attributes from the driving cell will be
	set on the port. (UID-401)
Warning: Design rule attributes from the driving cell will be
	set on the port. (UID-401)
Warning: Design rule attributes from the driving cell will be
	set on the port. (UID-401)
Warning: Design rule attributes from the driving cell will be
	set on the port. (UID-401)
Warning: Design rule attributes from the driving cell will be
	set on the port. (UID-401)
Warning: Design rule attributes from the driving cell will be
	set on the port. (UID-401)
Warning: Design rule attributes from the driving cell will be
	set on the port. (UID-401)
Warning: Design rule attributes from the driving cell will be
	set on the port. (UID-401)
Warning: Design rule attributes from the driving cell will be
	set on the port. (UID-401)
Warning: Design rule attributes from the driving cell will be
	set on the port. (UID-401)
Warning: Design rule attributes from the driving cell will be
	set on the port. (UID-401)
Warning: Design rule attributes from the driving cell will be
	set on the port. (UID-401)
Warning: Design rule attributes from the driving cell will be
	set on the port. (UID-401)
Warning: Design rule attributes from the driving cell will be
	set on the port. (UID-401)
Warning: Design rule attributes from the driving cell will be
	set on the port. (UID-401)
Warning: Design rule attributes from the driving cell will be
	set on the port. (UID-401)
Warning: Design rule attributes from the driving cell will be
	set on the port. (UID-401)
Warning: Design rule attributes from the driving cell will be
	set on the port. (UID-401)
Warning: Design rule attributes from the driving cell will be
	set on the port. (UID-401)
Warning: Design rule attributes from the driving cell will be
	set on the port. (UID-401)
Warning: Design rule attributes from the driving cell will be
	set on the port. (UID-401)
Warning: Design rule attributes from the driving cell will be
	set on the port. (UID-401)
Warning: Design rule attributes from the driving cell will be
	set on the port. (UID-401)
Warning: Design rule attributes from the driving cell will be
	set on the port. (UID-401)
Warning: Design rule attributes from the driving cell will be
	set on the port. (UID-401)
Warning: Design rule attributes from the driving cell will be
	set on the port. (UID-401)
Warning: Design rule attributes from the driving cell will be
	set on the port. (UID-401)
Warning: Design rule attributes from the driving cell will be
	set on the port. (UID-401)
Warning: Design rule attributes from the driving cell will be
	set on the port. (UID-401)
Warning: Design rule attributes from the driving cell will be
	set on the port. (UID-401)
Warning: Design rule attributes from the driving cell will be
	set on the port. (UID-401)
Warning: Design rule attributes from the driving cell will be
	set on the port. (UID-401)
Warning: Design rule attributes from the driving cell will be
	set on the port. (UID-401)
Warning: Design rule attributes from the driving cell will be
	set on the port. (UID-401)
Warning: Design rule attributes from the driving cell will be
	set on the port. (UID-401)
Warning: Design rule attributes from the driving cell will be
	set on the port. (UID-401)
Warning: Design rule attributes from the driving cell will be
	set on the port. (UID-401)
Warning: Design rule attributes from the driving cell will be
	set on the port. (UID-401)
Warning: Design rule attributes from the driving cell will be
	set on the port. (UID-401)
Warning: Design rule attributes from the driving cell will be
	set on the port. (UID-401)
Warning: Design rule attributes from the driving cell will be
	set on the port. (UID-401)
Warning: Design rule attributes from the driving cell will be
	set on the port. (UID-401)
Warning: Design rule attributes from the driving cell will be
	set on the port. (UID-401)
Warning: Design rule attributes from the driving cell will be
	set on the port. (UID-401)
Warning: Design rule attributes from the driving cell will be
	set on the port. (UID-401)
Warning: Design rule attributes from the driving cell will be
	set on the port. (UID-401)
Warning: Design rule attributes from the driving cell will be
	set on the port. (UID-401)
Warning: Design rule attributes from the driving cell will be
	set on the port. (UID-401)
Warning: Design rule attributes from the driving cell will be
	set on the port. (UID-401)
Warning: Design rule attributes from the driving cell will be
	set on the port. (UID-401)
Warning: Design rule attributes from the driving cell will be
	set on the port. (UID-401)
Warning: Design rule attributes from the driving cell will be
	set on the port. (UID-401)
Warning: Design rule attributes from the driving cell will be
	set on the port. (UID-401)
Warning: Design rule attributes from the driving cell will be
	set on the port. (UID-401)
Warning: Design rule attributes from the driving cell will be
	set on the port. (UID-401)
Warning: Design rule attributes from the driving cell will be
	set on the port. (UID-401)
Warning: Design rule attributes from the driving cell will be
	set on the port. (UID-401)
Warning: Design rule attributes from the driving cell will be
	set on the port. (UID-401)
Warning: Design rule attributes from the driving cell will be
	set on the port. (UID-401)
Warning: Design rule attributes from the driving cell will be
	set on the port. (UID-401)
Warning: Design rule attributes from the driving cell will be
	set on the port. (UID-401)
Warning: Design rule attributes from the driving cell will be
	set on the port. (UID-401)
Warning: Design rule attributes from the driving cell will be
	set on the port. (UID-401)
Warning: Design rule attributes from the driving cell will be
	set on the port. (UID-401)
Warning: Design rule attributes from the driving cell will be
	set on the port. (UID-401)
Warning: Design rule attributes from the driving cell will be
	set on the port. (UID-401)
Warning: Design rule attributes from the driving cell will be
	set on the port. (UID-401)
Warning: Design rule attributes from the driving cell will be
	set on the port. (UID-401)
Warning: Design rule attributes from the driving cell will be
	set on the port. (UID-401)
Warning: Design rule attributes from the driving cell will be
	set on the port. (UID-401)
Warning: Design rule attributes from the driving cell will be
	set on the port. (UID-401)
Warning: Design rule attributes from the driving cell will be
	set on the port. (UID-401)
Warning: Design rule attributes from the driving cell will be
	set on the port. (UID-401)
Warning: Design rule attributes from the driving cell will be
	set on the port. (UID-401)
Warning: Design rule attributes from the driving cell will be
	set on the port. (UID-401)
Warning: Design rule attributes from the driving cell will be
	set on the port. (UID-401)
Warning: Design rule attributes from the driving cell will be
	set on the port. (UID-401)
Warning: Design rule attributes from the driving cell will be
	set on the port. (UID-401)
Warning: Design rule attributes from the driving cell will be
	set on the port. (UID-401)
Warning: Design rule attributes from the driving cell will be
	set on the port. (UID-401)
Warning: Design rule attributes from the driving cell will be
	set on the port. (UID-401)
Warning: Design rule attributes from the driving cell will be
	set on the port. (UID-401)
Warning: Design rule attributes from the driving cell will be
	set on the port. (UID-401)
Warning: Design rule attributes from the driving cell will be
	set on the port. (UID-401)
Warning: Design rule attributes from the driving cell will be
	set on the port. (UID-401)
Warning: Design rule attributes from the driving cell will be
	set on the port. (UID-401)
Warning: Design rule attributes from the driving cell will be
	set on the port. (UID-401)
Warning: Design rule attributes from the driving cell will be
	set on the port. (UID-401)
Warning: Design rule attributes from the driving cell will be
	set on the port. (UID-401)
Warning: Design rule attributes from the driving cell will be
	set on the port. (UID-401)
Warning: Design rule attributes from the driving cell will be
	set on the port. (UID-401)
Warning: Design rule attributes from the driving cell will be
	set on the port. (UID-401)
Warning: Design rule attributes from the driving cell will be
	set on the port. (UID-401)
Warning: Design rule attributes from the driving cell will be
	set on the port. (UID-401)
Warning: Design rule attributes from the driving cell will be
	set on the port. (UID-401)
Warning: Design rule attributes from the driving cell will be
	set on the port. (UID-401)
Warning: Design rule attributes from the driving cell will be
	set on the port. (UID-401)
Warning: Design rule attributes from the driving cell will be
	set on the port. (UID-401)
Warning: Design rule attributes from the driving cell will be
	set on the port. (UID-401)
Warning: Design rule attributes from the driving cell will be
	set on the port. (UID-401)
Warning: Design rule attributes from the driving cell will be
	set on the port. (UID-401)
Warning: Design rule attributes from the driving cell will be
	set on the port. (UID-401)
Warning: Design rule attributes from the driving cell will be
	set on the port. (UID-401)
Warning: Design rule attributes from the driving cell will be
	set on the port. (UID-401)
Warning: Design rule attributes from the driving cell will be
	set on the port. (UID-401)
Warning: Design rule attributes from the driving cell will be
	set on the port. (UID-401)
Warning: Design rule attributes from the driving cell will be
	set on the port. (UID-401)
Warning: Design rule attributes from the driving cell will be
	set on the port. (UID-401)
Warning: Design rule attributes from the driving cell will be
	set on the port. (UID-401)
Warning: Design rule attributes from the driving cell will be
	set on the port. (UID-401)
Warning: Design rule attributes from the driving cell will be
	set on the port. (UID-401)
Warning: Design rule attributes from the driving cell will be
	set on the port. (UID-401)
Warning: Design rule attributes from the driving cell will be
	set on the port. (UID-401)
Warning: Design rule attributes from the driving cell will be
	set on the port. (UID-401)
Warning: Design rule attributes from the driving cell will be
	set on the port. (UID-401)
Warning: Design rule attributes from the driving cell will be
	set on the port. (UID-401)
Warning: Design rule attributes from the driving cell will be
	set on the port. (UID-401)
Warning: Design rule attributes from the driving cell will be
	set on the port. (UID-401)
Warning: Design rule attributes from the driving cell will be
	set on the port. (UID-401)
Warning: Design rule attributes from the driving cell will be
	set on the port. (UID-401)
Warning: Design rule attributes from the driving cell will be
	set on the port. (UID-401)
Warning: Design rule attributes from the driving cell will be
	set on the port. (UID-401)
Warning: Design rule attributes from the driving cell will be
	set on the port. (UID-401)
Warning: Design rule attributes from the driving cell will be
	set on the port. (UID-401)
Warning: Design rule attributes from the driving cell will be
	set on the port. (UID-401)
Warning: Design rule attributes from the driving cell will be
	set on the port. (UID-401)
Warning: Design rule attributes from the driving cell will be
	set on the port. (UID-401)
Warning: Design rule attributes from the driving cell will be
	set on the port. (UID-401)
Warning: Design rule attributes from the driving cell will be
	set on the port. (UID-401)
Warning: Design rule attributes from the driving cell will be
	set on the port. (UID-401)
Warning: Design rule attributes from the driving cell will be
	set on the port. (UID-401)
Warning: Design rule attributes from the driving cell will be
	set on the port. (UID-401)
Warning: Design rule attributes from the driving cell will be
	set on the port. (UID-401)
Warning: Design rule attributes from the driving cell will be
	set on the port. (UID-401)
Warning: Design rule attributes from the driving cell will be
	set on the port. (UID-401)
Warning: Design rule attributes from the driving cell will be
	set on the port. (UID-401)
Warning: Design rule attributes from the driving cell will be
	set on the port. (UID-401)
Warning: Design rule attributes from the driving cell will be
	set on the port. (UID-401)
Warning: Design rule attributes from the driving cell will be
	set on the port. (UID-401)
Warning: Design rule attributes from the driving cell will be
	set on the port. (UID-401)
Warning: Design rule attributes from the driving cell will be
	set on the port. (UID-401)
Warning: Design rule attributes from the driving cell will be
	set on the port. (UID-401)
Warning: Design rule attributes from the driving cell will be
	set on the port. (UID-401)
Warning: Design rule attributes from the driving cell will be
	set on the port. (UID-401)
Warning: Design rule attributes from the driving cell will be
	set on the port. (UID-401)
Warning: Design rule attributes from the driving cell will be
	set on the port. (UID-401)
Warning: Design rule attributes from the driving cell will be
	set on the port. (UID-401)
Warning: Design rule attributes from the driving cell will be
	set on the port. (UID-401)
Warning: Design rule attributes from the driving cell will be
	set on the port. (UID-401)
Warning: Design rule attributes from the driving cell will be
	set on the port. (UID-401)
Warning: Design rule attributes from the driving cell will be
	set on the port. (UID-401)
Warning: Design rule attributes from the driving cell will be
	set on the port. (UID-401)
Warning: Design rule attributes from the driving cell will be
	set on the port. (UID-401)
Warning: Design rule attributes from the driving cell will be
	set on the port. (UID-401)
Warning: Design rule attributes from the driving cell will be
	set on the port. (UID-401)
Warning: Design rule attributes from the driving cell will be
	set on the port. (UID-401)
Warning: Design rule attributes from the driving cell will be
	set on the port. (UID-401)
Warning: Design rule attributes from the driving cell will be
	set on the port. (UID-401)
Warning: Design rule attributes from the driving cell will be
	set on the port. (UID-401)
Warning: Design rule attributes from the driving cell will be
	set on the port. (UID-401)
Warning: Design rule attributes from the driving cell will be
	set on the port. (UID-401)
Warning: Design rule attributes from the driving cell will be
	set on the port. (UID-401)
Warning: Design rule attributes from the driving cell will be
	set on the port. (UID-401)
Warning: Design rule attributes from the driving cell will be
	set on the port. (UID-401)
Warning: Design rule attributes from the driving cell will be
	set on the port. (UID-401)
Warning: Design rule attributes from the driving cell will be
	set on the port. (UID-401)
Warning: Design rule attributes from the driving cell will be
	set on the port. (UID-401)
Warning: Design rule attributes from the driving cell will be
	set on the port. (UID-401)
Warning: Design rule attributes from the driving cell will be
	set on the port. (UID-401)
Warning: Design rule attributes from the driving cell will be
	set on the port. (UID-401)
Warning: Design rule attributes from the driving cell will be
	set on the port. (UID-401)
Warning: Design rule attributes from the driving cell will be
	set on the port. (UID-401)
Warning: Design rule attributes from the driving cell will be
	set on the port. (UID-401)
Warning: Design rule attributes from the driving cell will be
	set on the port. (UID-401)
Warning: Design rule attributes from the driving cell will be
	set on the port. (UID-401)
Warning: Design rule attributes from the driving cell will be
	set on the port. (UID-401)
Warning: Design rule attributes from the driving cell will be
	set on the port. (UID-401)
Warning: Design rule attributes from the driving cell will be
	set on the port. (UID-401)
Warning: Design rule attributes from the driving cell will be
	set on the port. (UID-401)
Warning: Design rule attributes from the driving cell will be
	set on the port. (UID-401)
Warning: Design rule attributes from the driving cell will be
	set on the port. (UID-401)
Warning: Design rule attributes from the driving cell will be
	set on the port. (UID-401)
Warning: Design rule attributes from the driving cell will be
	set on the port. (UID-401)
Warning: Design rule attributes from the driving cell will be
	set on the port. (UID-401)
Warning: Design rule attributes from the driving cell will be
	set on the port. (UID-401)
Warning: Design rule attributes from the driving cell will be
	set on the port. (UID-401)
Warning: Design rule attributes from the driving cell will be
	set on the port. (UID-401)
Warning: Design rule attributes from the driving cell will be
	set on the port. (UID-401)
Warning: Design rule attributes from the driving cell will be
	set on the port. (UID-401)
Warning: Design rule attributes from the driving cell will be
	set on the port. (UID-401)
Warning: Design rule attributes from the driving cell will be
	set on the port. (UID-401)
Warning: Design rule attributes from the driving cell will be
	set on the port. (UID-401)
Warning: Design rule attributes from the driving cell will be
	set on the port. (UID-401)
Warning: Design rule attributes from the driving cell will be
	set on the port. (UID-401)
Warning: Design rule attributes from the driving cell will be
	set on the port. (UID-401)
Warning: Design rule attributes from the driving cell will be
	set on the port. (UID-401)
Warning: Design rule attributes from the driving cell will be
	set on the port. (UID-401)
Warning: Design rule attributes from the driving cell will be
	set on the port. (UID-401)
Warning: Design rule attributes from the driving cell will be
	set on the port. (UID-401)
Warning: Design rule attributes from the driving cell will be
	set on the port. (UID-401)
Warning: Design rule attributes from the driving cell will be
	set on the port. (UID-401)
Warning: Design rule attributes from the driving cell will be
	set on the port. (UID-401)
Warning: Design rule attributes from the driving cell will be
	set on the port. (UID-401)
Warning: Design rule attributes from the driving cell will be
	set on the port. (UID-401)
Warning: Design rule attributes from the driving cell will be
	set on the port. (UID-401)
Warning: Design rule attributes from the driving cell will be
	set on the port. (UID-401)
Warning: Design rule attributes from the driving cell will be
	set on the port. (UID-401)
Warning: Design rule attributes from the driving cell will be
	set on the port. (UID-401)
Warning: Design rule attributes from the driving cell will be
	set on the port. (UID-401)
Warning: Design rule attributes from the driving cell will be
	set on the port. (UID-401)
Warning: Design rule attributes from the driving cell will be
	set on the port. (UID-401)
Warning: Design rule attributes from the driving cell will be
	set on the port. (UID-401)
Warning: Design rule attributes from the driving cell will be
	set on the port. (UID-401)
Warning: Design rule attributes from the driving cell will be
	set on the port. (UID-401)
Warning: Design rule attributes from the driving cell will be
	set on the port. (UID-401)
Warning: Design rule attributes from the driving cell will be
	set on the port. (UID-401)
Warning: Design rule attributes from the driving cell will be
	set on the port. (UID-401)
Warning: Design rule attributes from the driving cell will be
	set on the port. (UID-401)
Warning: Design rule attributes from the driving cell will be
	set on the port. (UID-401)
Warning: Design rule attributes from the driving cell will be
	set on the port. (UID-401)
Warning: Design rule attributes from the driving cell will be
	set on the port. (UID-401)
Warning: Design rule attributes from the driving cell will be
	set on the port. (UID-401)
Warning: Design rule attributes from the driving cell will be
	set on the port. (UID-401)
Warning: Design rule attributes from the driving cell will be
	set on the port. (UID-401)
Warning: Design rule attributes from the driving cell will be
	set on the port. (UID-401)
Warning: Design rule attributes from the driving cell will be
	set on the port. (UID-401)
Warning: Design rule attributes from the driving cell will be
	set on the port. (UID-401)
Warning: Design rule attributes from the driving cell will be
	set on the port. (UID-401)
Warning: Design rule attributes from the driving cell will be
	set on the port. (UID-401)
Warning: Design rule attributes from the driving cell will be
	set on the port. (UID-401)
Warning: Design rule attributes from the driving cell will be
	set on the port. (UID-401)
Warning: Design rule attributes from the driving cell will be
	set on the port. (UID-401)
Warning: Design rule attributes from the driving cell will be
	set on the port. (UID-401)
Warning: Design rule attributes from the driving cell will be
	set on the port. (UID-401)
Warning: Design rule attributes from the driving cell will be
	set on the port. (UID-401)
Warning: Design rule attributes from the driving cell will be
	set on the port. (UID-401)
Warning: Design rule attributes from the driving cell will be
	set on the port. (UID-401)
Warning: Design rule attributes from the driving cell will be
	set on the port. (UID-401)
Warning: Design rule attributes from the driving cell will be
	set on the port. (UID-401)
Warning: Design rule attributes from the driving cell will be
	set on the port. (UID-401)
Warning: Design rule attributes from the driving cell will be
	set on the port. (UID-401)
Warning: Design rule attributes from the driving cell will be
	set on the port. (UID-401)
Warning: Design rule attributes from the driving cell will be
	set on the port. (UID-401)
Warning: Design rule attributes from the driving cell will be
	set on the port. (UID-401)
Warning: Design rule attributes from the driving cell will be
	set on the port. (UID-401)
Warning: Design rule attributes from the driving cell will be
	set on the port. (UID-401)
Warning: Design rule attributes from the driving cell will be
	set on the port. (UID-401)
Warning: Design rule attributes from the driving cell will be
	set on the port. (UID-401)
Warning: Design rule attributes from the driving cell will be
	set on the port. (UID-401)
Warning: Design rule attributes from the driving cell will be
	set on the port. (UID-401)
Warning: Design rule attributes from the driving cell will be
	set on the port. (UID-401)
Warning: Design rule attributes from the driving cell will be
	set on the port. (UID-401)
Warning: Design rule attributes from the driving cell will be
	set on the port. (UID-401)
Warning: Design rule attributes from the driving cell will be
	set on the port. (UID-401)
Warning: Design rule attributes from the driving cell will be
	set on the port. (UID-401)
Warning: Design rule attributes from the driving cell will be
	set on the port. (UID-401)
Warning: Design rule attributes from the driving cell will be
	set on the port. (UID-401)
Warning: Design rule attributes from the driving cell will be
	set on the port. (UID-401)
Warning: Design rule attributes from the driving cell will be
	set on the port. (UID-401)
Warning: Design rule attributes from the driving cell will be
	set on the port. (UID-401)
Warning: Design rule attributes from the driving cell will be
	set on the port. (UID-401)
Warning: Design rule attributes from the driving cell will be
	set on the port. (UID-401)
Warning: Design rule attributes from the driving cell will be
	set on the port. (UID-401)
Warning: Design rule attributes from the driving cell will be
	set on the port. (UID-401)
Warning: Design rule attributes from the driving cell will be
	set on the port. (UID-401)
Warning: Design rule attributes from the driving cell will be
	set on the port. (UID-401)
Warning: Design rule attributes from the driving cell will be
	set on the port. (UID-401)
Warning: Design rule attributes from the driving cell will be
	set on the port. (UID-401)
Warning: Design rule attributes from the driving cell will be
	set on the port. (UID-401)
Warning: Design rule attributes from the driving cell will be
	set on the port. (UID-401)
Warning: Design rule attributes from the driving cell will be
	set on the port. (UID-401)
Warning: Design rule attributes from the driving cell will be
	set on the port. (UID-401)
Warning: Design rule attributes from the driving cell will be
	set on the port. (UID-401)
Warning: Design rule attributes from the driving cell will be
	set on the port. (UID-401)
Warning: Design rule attributes from the driving cell will be
	set on the port. (UID-401)
Warning: Design rule attributes from the driving cell will be
	set on the port. (UID-401)
Warning: Design rule attributes from the driving cell will be
	set on the port. (UID-401)
Warning: Design rule attributes from the driving cell will be
	set on the port. (UID-401)
Warning: Design rule attributes from the driving cell will be
	set on the port. (UID-401)
Warning: Design rule attributes from the driving cell will be
	set on the port. (UID-401)
Warning: Design rule attributes from the driving cell will be
	set on the port. (UID-401)
Warning: Design rule attributes from the driving cell will be
	set on the port. (UID-401)
Warning: Design rule attributes from the driving cell will be
	set on the port. (UID-401)
Warning: Design rule attributes from the driving cell will be
	set on the port. (UID-401)
Warning: Design rule attributes from the driving cell will be
	set on the port. (UID-401)
Warning: Design rule attributes from the driving cell will be
	set on the port. (UID-401)
Warning: Design rule attributes from the driving cell will be
	set on the port. (UID-401)
Warning: Design rule attributes from the driving cell will be
	set on the port. (UID-401)
Warning: Design rule attributes from the driving cell will be
	set on the port. (UID-401)
Warning: Design rule attributes from the driving cell will be
	set on the port. (UID-401)
Warning: Design rule attributes from the driving cell will be
	set on the port. (UID-401)
Warning: Design rule attributes from the driving cell will be
	set on the port. (UID-401)
Warning: Design rule attributes from the driving cell will be
	set on the port. (UID-401)
Warning: Design rule attributes from the driving cell will be
	set on the port. (UID-401)
Warning: Design rule attributes from the driving cell will be
	set on the port. (UID-401)
Warning: Design rule attributes from the driving cell will be
	set on the port. (UID-401)
Warning: Design rule attributes from the driving cell will be
	set on the port. (UID-401)
Warning: Design rule attributes from the driving cell will be
	set on the port. (UID-401)
Warning: Design rule attributes from the driving cell will be
	set on the port. (UID-401)
Warning: Design rule attributes from the driving cell will be
	set on the port. (UID-401)
Warning: Design rule attributes from the driving cell will be
	set on the port. (UID-401)
Warning: Design rule attributes from the driving cell will be
	set on the port. (UID-401)
Warning: Design rule attributes from the driving cell will be
	set on the port. (UID-401)
Warning: Design rule attributes from the driving cell will be
	set on the port. (UID-401)
Warning: Design rule attributes from the driving cell will be
	set on the port. (UID-401)
Warning: Design rule attributes from the driving cell will be
	set on the port. (UID-401)
Warning: Design rule attributes from the driving cell will be
	set on the port. (UID-401)
Warning: Design rule attributes from the driving cell will be
	set on the port. (UID-401)
Warning: Design rule attributes from the driving cell will be
	set on the port. (UID-401)
Warning: Design rule attributes from the driving cell will be
	set on the port. (UID-401)
Warning: Design rule attributes from the driving cell will be
	set on the port. (UID-401)
Warning: Design rule attributes from the driving cell will be
	set on the port. (UID-401)
Warning: Design rule attributes from the driving cell will be
	set on the port. (UID-401)
Warning: Design rule attributes from the driving cell will be
	set on the port. (UID-401)
Warning: Design rule attributes from the driving cell will be
	set on the port. (UID-401)
Warning: Design rule attributes from the driving cell will be
	set on the port. (UID-401)
Warning: Design rule attributes from the driving cell will be
	set on the port. (UID-401)
Warning: Design rule attributes from the driving cell will be
	set on the port. (UID-401)
Warning: Design rule attributes from the driving cell will be
	set on the port. (UID-401)
Warning: Design rule attributes from the driving cell will be
	set on the port. (UID-401)
Warning: Design rule attributes from the driving cell will be
	set on the port. (UID-401)
Warning: Design rule attributes from the driving cell will be
	set on the port. (UID-401)
Warning: Design rule attributes from the driving cell will be
	set on the port. (UID-401)
Warning: Design rule attributes from the driving cell will be
	set on the port. (UID-401)
Warning: Design rule attributes from the driving cell will be
	set on the port. (UID-401)
Warning: Design rule attributes from the driving cell will be
	set on the port. (UID-401)
Warning: Design rule attributes from the driving cell will be
	set on the port. (UID-401)
Warning: Design rule attributes from the driving cell will be
	set on the port. (UID-401)
Warning: Design rule attributes from the driving cell will be
	set on the port. (UID-401)
Warning: Design rule attributes from the driving cell will be
	set on the port. (UID-401)
Warning: Design rule attributes from the driving cell will be
	set on the port. (UID-401)
Warning: Design rule attributes from the driving cell will be
	set on the port. (UID-401)
Warning: Design rule attributes from the driving cell will be
	set on the port. (UID-401)
Warning: Design rule attributes from the driving cell will be
	set on the port. (UID-401)
Warning: Design rule attributes from the driving cell will be
	set on the port. (UID-401)
Warning: Design rule attributes from the driving cell will be
	set on the port. (UID-401)
Warning: Design rule attributes from the driving cell will be
	set on the port. (UID-401)
Warning: Design rule attributes from the driving cell will be
	set on the port. (UID-401)
Warning: Design rule attributes from the driving cell will be
	set on the port. (UID-401)
Warning: Design rule attributes from the driving cell will be
	set on the port. (UID-401)
Warning: Design rule attributes from the driving cell will be
	set on the port. (UID-401)
Warning: Design rule attributes from the driving cell will be
	set on the port. (UID-401)
Warning: Design rule attributes from the driving cell will be
	set on the port. (UID-401)
Warning: Design rule attributes from the driving cell will be
	set on the port. (UID-401)
Warning: Design rule attributes from the driving cell will be
	set on the port. (UID-401)
Warning: Design rule attributes from the driving cell will be
	set on the port. (UID-401)
Warning: Design rule attributes from the driving cell will be
	set on the port. (UID-401)
Warning: Design rule attributes from the driving cell will be
	set on the port. (UID-401)
Warning: Design rule attributes from the driving cell will be
	set on the port. (UID-401)
Warning: Design rule attributes from the driving cell will be
	set on the port. (UID-401)
Warning: Design rule attributes from the driving cell will be
	set on the port. (UID-401)
Warning: Design rule attributes from the driving cell will be
	set on the port. (UID-401)
Warning: Design rule attributes from the driving cell will be
	set on the port. (UID-401)
Warning: Design rule attributes from the driving cell will be
	set on the port. (UID-401)
Warning: Design rule attributes from the driving cell will be
	set on the port. (UID-401)
Warning: Design rule attributes from the driving cell will be
	set on the port. (UID-401)
Warning: Design rule attributes from the driving cell will be
	set on the port. (UID-401)
Warning: Design rule attributes from the driving cell will be
	set on the port. (UID-401)
Warning: Design rule attributes from the driving cell will be
	set on the port. (UID-401)
Warning: Design rule attributes from the driving cell will be
	set on the port. (UID-401)
Warning: Design rule attributes from the driving cell will be
	set on the port. (UID-401)
Warning: Design rule attributes from the driving cell will be
	set on the port. (UID-401)
Warning: Design rule attributes from the driving cell will be
	set on the port. (UID-401)
Warning: Design rule attributes from the driving cell will be
	set on the port. (UID-401)
Warning: Design rule attributes from the driving cell will be
	set on the port. (UID-401)
Warning: Design rule attributes from the driving cell will be
	set on the port. (UID-401)
Warning: Design rule attributes from the driving cell will be
	set on the port. (UID-401)
Warning: Design rule attributes from the driving cell will be
	set on the port. (UID-401)
Warning: Design rule attributes from the driving cell will be
	set on the port. (UID-401)
Warning: Design rule attributes from the driving cell will be
	set on the port. (UID-401)
Warning: Design rule attributes from the driving cell will be
	set on the port. (UID-401)
Warning: Design rule attributes from the driving cell will be
	set on the port. (UID-401)
Warning: Design rule attributes from the driving cell will be
	set on the port. (UID-401)
Warning: Design rule attributes from the driving cell will be
	set on the port. (UID-401)
Warning: Design rule attributes from the driving cell will be
	set on the port. (UID-401)
Warning: Design rule attributes from the driving cell will be
	set on the port. (UID-401)
Warning: Design rule attributes from the driving cell will be
	set on the port. (UID-401)
Warning: Design rule attributes from the driving cell will be
	set on the port. (UID-401)
Warning: Design rule attributes from the driving cell will be
	set on the port. (UID-401)
Warning: Design rule attributes from the driving cell will be
	set on the port. (UID-401)
Warning: Design rule attributes from the driving cell will be
	set on the port. (UID-401)
Warning: Design rule attributes from the driving cell will be
	set on the port. (UID-401)
Warning: Design rule attributes from the driving cell will be
	set on the port. (UID-401)
Warning: Design rule attributes from the driving cell will be
	set on the port. (UID-401)
Warning: Design rule attributes from the driving cell will be
	set on the port. (UID-401)
Warning: Design rule attributes from the driving cell will be
	set on the port. (UID-401)
Warning: Design rule attributes from the driving cell will be
	set on the port. (UID-401)
Warning: Design rule attributes from the driving cell will be
	set on the port. (UID-401)
Warning: Design rule attributes from the driving cell will be
	set on the port. (UID-401)
Warning: Design rule attributes from the driving cell will be
	set on the port. (UID-401)
Warning: Design rule attributes from the driving cell will be
	set on the port. (UID-401)
Warning: Design rule attributes from the driving cell will be
	set on the port. (UID-401)
Warning: Design rule attributes from the driving cell will be
	set on the port. (UID-401)
Warning: Design rule attributes from the driving cell will be
	set on the port. (UID-401)
Warning: Design rule attributes from the driving cell will be
	set on the port. (UID-401)
Warning: Design rule attributes from the driving cell will be
	set on the port. (UID-401)
Warning: Design rule attributes from the driving cell will be
	set on the port. (UID-401)
Warning: Design rule attributes from the driving cell will be
	set on the port. (UID-401)
Warning: Design rule attributes from the driving cell will be
	set on the port. (UID-401)
Warning: Design rule attributes from the driving cell will be
	set on the port. (UID-401)
Warning: Design rule attributes from the driving cell will be
	set on the port. (UID-401)
Warning: Design rule attributes from the driving cell will be
	set on the port. (UID-401)
Warning: Design rule attributes from the driving cell will be
	set on the port. (UID-401)
Warning: Design rule attributes from the driving cell will be
	set on the port. (UID-401)
Warning: Design rule attributes from the driving cell will be
	set on the port. (UID-401)
Warning: Design rule attributes from the driving cell will be
	set on the port. (UID-401)
Warning: Design rule attributes from the driving cell will be
	set on the port. (UID-401)
Warning: Design rule attributes from the driving cell will be
	set on the port. (UID-401)
Warning: Design rule attributes from the driving cell will be
	set on the port. (UID-401)
Warning: Design rule attributes from the driving cell will be
	set on the port. (UID-401)
Warning: Design rule attributes from the driving cell will be
	set on the port. (UID-401)
Warning: Design rule attributes from the driving cell will be
	set on the port. (UID-401)
Warning: Design rule attributes from the driving cell will be
	set on the port. (UID-401)
Warning: Design rule attributes from the driving cell will be
	set on the port. (UID-401)
Warning: Design rule attributes from the driving cell will be
	set on the port. (UID-401)
Warning: Design rule attributes from the driving cell will be
	set on the port. (UID-401)
Warning: Design rule attributes from the driving cell will be
	set on the port. (UID-401)
Warning: Design rule attributes from the driving cell will be
	set on the port. (UID-401)
Warning: Design rule attributes from the driving cell will be
	set on the port. (UID-401)
Warning: Design rule attributes from the driving cell will be
	set on the port. (UID-401)
Warning: Design rule attributes from the driving cell will be
	set on the port. (UID-401)
Warning: Design rule attributes from the driving cell will be
	set on the port. (UID-401)
Warning: Design rule attributes from the driving cell will be
	set on the port. (UID-401)
Warning: Design rule attributes from the driving cell will be
	set on the port. (UID-401)
Warning: Design rule attributes from the driving cell will be
	set on the port. (UID-401)
Warning: Design rule attributes from the driving cell will be
	set on the port. (UID-401)
Warning: Design rule attributes from the driving cell will be
	set on the port. (UID-401)
Warning: Design rule attributes from the driving cell will be
	set on the port. (UID-401)
Warning: Design rule attributes from the driving cell will be
	set on the port. (UID-401)
Warning: Design rule attributes from the driving cell will be
	set on the port. (UID-401)
Warning: Design rule attributes from the driving cell will be
	set on the port. (UID-401)
Warning: Design rule attributes from the driving cell will be
	set on the port. (UID-401)
Warning: Design rule attributes from the driving cell will be
	set on the port. (UID-401)
Warning: Design rule attributes from the driving cell will be
	set on the port. (UID-401)
Warning: Design rule attributes from the driving cell will be
	set on the port. (UID-401)
Warning: Design rule attributes from the driving cell will be
	set on the port. (UID-401)
Warning: Design rule attributes from the driving cell will be
	set on the port. (UID-401)
Warning: Design rule attributes from the driving cell will be
	set on the port. (UID-401)
Warning: Design rule attributes from the driving cell will be
	set on the port. (UID-401)
Warning: Design rule attributes from the driving cell will be
	set on the port. (UID-401)
Warning: Design rule attributes from the driving cell will be
	set on the port. (UID-401)
Warning: Design rule attributes from the driving cell will be
	set on the port. (UID-401)
Warning: Design rule attributes from the driving cell will be
	set on the port. (UID-401)
Warning: Design rule attributes from the driving cell will be
	set on the port. (UID-401)
Warning: Design rule attributes from the driving cell will be
	set on the port. (UID-401)
Warning: Design rule attributes from the driving cell will be
	set on the port. (UID-401)
Warning: Design rule attributes from the driving cell will be
	set on the port. (UID-401)
Warning: Design rule attributes from the driving cell will be
	set on the port. (UID-401)
Warning: Design rule attributes from the driving cell will be
	set on the port. (UID-401)
Warning: Design rule attributes from the driving cell will be
	set on the port. (UID-401)
Warning: Design rule attributes from the driving cell will be
	set on the port. (UID-401)
Warning: Design rule attributes from the driving cell will be
	set on the port. (UID-401)
Warning: Design rule attributes from the driving cell will be
	set on the port. (UID-401)
Warning: Design rule attributes from the driving cell will be
	set on the port. (UID-401)
Warning: Design rule attributes from the driving cell will be
	set on the port. (UID-401)
Warning: Design rule attributes from the driving cell will be
	set on the port. (UID-401)
Warning: Design rule attributes from the driving cell will be
	set on the port. (UID-401)
Warning: Design rule attributes from the driving cell will be
	set on the port. (UID-401)
Warning: Design rule attributes from the driving cell will be
	set on the port. (UID-401)
Warning: Design rule attributes from the driving cell will be
	set on the port. (UID-401)
Warning: Design rule attributes from the driving cell will be
	set on the port. (UID-401)
Warning: Design rule attributes from the driving cell will be
	set on the port. (UID-401)
Warning: Design rule attributes from the driving cell will be
	set on the port. (UID-401)
Warning: Design rule attributes from the driving cell will be
	set on the port. (UID-401)
Warning: Design rule attributes from the driving cell will be
	set on the port. (UID-401)
Warning: Design rule attributes from the driving cell will be
	set on the port. (UID-401)
Warning: Design rule attributes from the driving cell will be
	set on the port. (UID-401)
Warning: Design rule attributes from the driving cell will be
	set on the port. (UID-401)
Warning: Design rule attributes from the driving cell will be
	set on the port. (UID-401)
Warning: Design rule attributes from the driving cell will be
	set on the port. (UID-401)
Warning: Design rule attributes from the driving cell will be
	set on the port. (UID-401)
Warning: Design rule attributes from the driving cell will be
	set on the port. (UID-401)
Warning: Design rule attributes from the driving cell will be
	set on the port. (UID-401)
Warning: Design rule attributes from the driving cell will be
	set on the port. (UID-401)
Warning: Design rule attributes from the driving cell will be
	set on the port. (UID-401)
Warning: Design rule attributes from the driving cell will be
	set on the port. (UID-401)
Warning: Design rule attributes from the driving cell will be
	set on the port. (UID-401)
Warning: Design rule attributes from the driving cell will be
	set on the port. (UID-401)
Warning: Design rule attributes from the driving cell will be
	set on the port. (UID-401)
Warning: Design rule attributes from the driving cell will be
	set on the port. (UID-401)
Warning: Design rule attributes from the driving cell will be
	set on the port. (UID-401)
Warning: Design rule attributes from the driving cell will be
	set on the port. (UID-401)
Warning: Design rule attributes from the driving cell will be
	set on the port. (UID-401)
Warning: Design rule attributes from the driving cell will be
	set on the port. (UID-401)
Warning: Design rule attributes from the driving cell will be
	set on the port. (UID-401)
Warning: Design rule attributes from the driving cell will be
	set on the port. (UID-401)
Warning: Design rule attributes from the driving cell will be
	set on the port. (UID-401)
Warning: Design rule attributes from the driving cell will be
	set on the port. (UID-401)
Warning: Design rule attributes from the driving cell will be
	set on the port. (UID-401)
Warning: Design rule attributes from the driving cell will be
	set on the port. (UID-401)
Warning: Design rule attributes from the driving cell will be
	set on the port. (UID-401)
Warning: Design rule attributes from the driving cell will be
	set on the port. (UID-401)
Warning: Design rule attributes from the driving cell will be
	set on the port. (UID-401)
Warning: Design rule attributes from the driving cell will be
	set on the port. (UID-401)
Warning: Design rule attributes from the driving cell will be
	set on the port. (UID-401)
Warning: Design rule attributes from the driving cell will be
	set on the port. (UID-401)
Warning: Design rule attributes from the driving cell will be
	set on the port. (UID-401)
Warning: Design rule attributes from the driving cell will be
	set on the port. (UID-401)
Warning: Design rule attributes from the driving cell will be
	set on the port. (UID-401)
Warning: Design rule attributes from the driving cell will be
	set on the port. (UID-401)
Warning: Design rule attributes from the driving cell will be
	set on the port. (UID-401)
Warning: Design rule attributes from the driving cell will be
	set on the port. (UID-401)
Warning: Design rule attributes from the driving cell will be
	set on the port. (UID-401)
Warning: Design rule attributes from the driving cell will be
	set on the port. (UID-401)
Warning: Design rule attributes from the driving cell will be
	set on the port. (UID-401)
Warning: Design rule attributes from the driving cell will be
	set on the port. (UID-401)
Warning: Design rule attributes from the driving cell will be
	set on the port. (UID-401)
Warning: Design rule attributes from the driving cell will be
	set on the port. (UID-401)
Warning: Design rule attributes from the driving cell will be
	set on the port. (UID-401)
Warning: Design rule attributes from the driving cell will be
	set on the port. (UID-401)
Warning: Design rule attributes from the driving cell will be
	set on the port. (UID-401)
Warning: Design rule attributes from the driving cell will be
	set on the port. (UID-401)
Warning: Design rule attributes from the driving cell will be
	set on the port. (UID-401)
Warning: Design rule attributes from the driving cell will be
	set on the port. (UID-401)
Warning: Design rule attributes from the driving cell will be
	set on the port. (UID-401)
Warning: Design rule attributes from the driving cell will be
	set on the port. (UID-401)
Warning: Design rule attributes from the driving cell will be
	set on the port. (UID-401)
Warning: Design rule attributes from the driving cell will be
	set on the port. (UID-401)
Warning: Design rule attributes from the driving cell will be
	set on the port. (UID-401)
Warning: Design rule attributes from the driving cell will be
	set on the port. (UID-401)
Warning: Design rule attributes from the driving cell will be
	set on the port. (UID-401)
Warning: Design rule attributes from the driving cell will be
	set on the port. (UID-401)
Warning: Design rule attributes from the driving cell will be
	set on the port. (UID-401)
Warning: Design rule attributes from the driving cell will be
	set on the port. (UID-401)
Warning: Design rule attributes from the driving cell will be
	set on the port. (UID-401)
Warning: Design rule attributes from the driving cell will be
	set on the port. (UID-401)
Warning: Design rule attributes from the driving cell will be
	set on the port. (UID-401)
Warning: Design rule attributes from the driving cell will be
	set on the port. (UID-401)
Warning: Design rule attributes from the driving cell will be
	set on the port. (UID-401)
Warning: Design rule attributes from the driving cell will be
	set on the port. (UID-401)
Warning: Design rule attributes from the driving cell will be
	set on the port. (UID-401)
Warning: Design rule attributes from the driving cell will be
	set on the port. (UID-401)
Warning: Design rule attributes from the driving cell will be
	set on the port. (UID-401)
Warning: Design rule attributes from the driving cell will be
	set on the port. (UID-401)
Warning: Design rule attributes from the driving cell will be
	set on the port. (UID-401)
Warning: Design rule attributes from the driving cell will be
	set on the port. (UID-401)
Warning: Design rule attributes from the driving cell will be
	set on the port. (UID-401)
Warning: Design rule attributes from the driving cell will be
	set on the port. (UID-401)
Warning: Design rule attributes from the driving cell will be
	set on the port. (UID-401)
Warning: Design rule attributes from the driving cell will be
	set on the port. (UID-401)
Warning: Design rule attributes from the driving cell will be
	set on the port. (UID-401)
Warning: Design rule attributes from the driving cell will be
	set on the port. (UID-401)
Warning: Design rule attributes from the driving cell will be
	set on the port. (UID-401)
Warning: Design rule attributes from the driving cell will be
	set on the port. (UID-401)
Warning: Design rule attributes from the driving cell will be
	set on the port. (UID-401)
Warning: Design rule attributes from the driving cell will be
	set on the port. (UID-401)
Warning: Design rule attributes from the driving cell will be
	set on the port. (UID-401)
Warning: Design rule attributes from the driving cell will be
	set on the port. (UID-401)
Warning: Design rule attributes from the driving cell will be
	set on the port. (UID-401)
Warning: Design rule attributes from the driving cell will be
	set on the port. (UID-401)
Warning: Design rule attributes from the driving cell will be
	set on the port. (UID-401)
Warning: Design rule attributes from the driving cell will be
	set on the port. (UID-401)
Warning: Design rule attributes from the driving cell will be
	set on the port. (UID-401)
Warning: Design rule attributes from the driving cell will be
	set on the port. (UID-401)
Warning: Design rule attributes from the driving cell will be
	set on the port. (UID-401)
Warning: Design rule attributes from the driving cell will be
	set on the port. (UID-401)
Warning: Design rule attributes from the driving cell will be
	set on the port. (UID-401)
Warning: Design rule attributes from the driving cell will be
	set on the port. (UID-401)
Warning: Design rule attributes from the driving cell will be
	set on the port. (UID-401)
Warning: Design rule attributes from the driving cell will be
	set on the port. (UID-401)
Warning: Design rule attributes from the driving cell will be
	set on the port. (UID-401)
Warning: Design rule attributes from the driving cell will be
	set on the port. (UID-401)
Warning: Design rule attributes from the driving cell will be
	set on the port. (UID-401)
Warning: Design rule attributes from the driving cell will be
	set on the port. (UID-401)
Warning: Design rule attributes from the driving cell will be
	set on the port. (UID-401)
Warning: Design rule attributes from the driving cell will be
	set on the port. (UID-401)
Warning: Design rule attributes from the driving cell will be
	set on the port. (UID-401)
Warning: Design rule attributes from the driving cell will be
	set on the port. (UID-401)
Warning: Design rule attributes from the driving cell will be
	set on the port. (UID-401)
Warning: Design rule attributes from the driving cell will be
	set on the port. (UID-401)
Warning: Design rule attributes from the driving cell will be
	set on the port. (UID-401)
Warning: Design rule attributes from the driving cell will be
	set on the port. (UID-401)
Warning: Design rule attributes from the driving cell will be
	set on the port. (UID-401)
Warning: Design rule attributes from the driving cell will be
	set on the port. (UID-401)
Warning: Design rule attributes from the driving cell will be
	set on the port. (UID-401)
Warning: Design rule attributes from the driving cell will be
	set on the port. (UID-401)
Warning: Design rule attributes from the driving cell will be
	set on the port. (UID-401)
Warning: Design rule attributes from the driving cell will be
	set on the port. (UID-401)
Warning: Design rule attributes from the driving cell will be
	set on the port. (UID-401)
Warning: Design rule attributes from the driving cell will be
	set on the port. (UID-401)
Warning: Design rule attributes from the driving cell will be
	set on the port. (UID-401)
Warning: Design rule attributes from the driving cell will be
	set on the port. (UID-401)
Warning: Design rule attributes from the driving cell will be
	set on the port. (UID-401)
Warning: Design rule attributes from the driving cell will be
	set on the port. (UID-401)
Warning: Design rule attributes from the driving cell will be
	set on the port. (UID-401)
Warning: Design rule attributes from the driving cell will be
	set on the port. (UID-401)
Warning: Design rule attributes from the driving cell will be
	set on the port. (UID-401)
Warning: Design rule attributes from the driving cell will be
	set on the port. (UID-401)
Warning: Design rule attributes from the driving cell will be
	set on the port. (UID-401)
Warning: Design rule attributes from the driving cell will be
	set on the port. (UID-401)
Warning: Design rule attributes from the driving cell will be
	set on the port. (UID-401)
Warning: Design rule attributes from the driving cell will be
	set on the port. (UID-401)
Warning: Design rule attributes from the driving cell will be
	set on the port. (UID-401)
Warning: Design rule attributes from the driving cell will be
	set on the port. (UID-401)
Warning: Design rule attributes from the driving cell will be
	set on the port. (UID-401)
Warning: Design rule attributes from the driving cell will be
	set on the port. (UID-401)
Warning: Design rule attributes from the driving cell will be
	set on the port. (UID-401)
Warning: Design rule attributes from the driving cell will be
	set on the port. (UID-401)
Warning: Design rule attributes from the driving cell will be
	set on the port. (UID-401)
Warning: Design rule attributes from the driving cell will be
	set on the port. (UID-401)
Warning: Design rule attributes from the driving cell will be
	set on the port. (UID-401)
Warning: Design rule attributes from the driving cell will be
	set on the port. (UID-401)
Warning: Design rule attributes from the driving cell will be
	set on the port. (UID-401)
Warning: Design rule attributes from the driving cell will be
	set on the port. (UID-401)
Warning: Design rule attributes from the driving cell will be
	set on the port. (UID-401)
Warning: Design rule attributes from the driving cell will be
	set on the port. (UID-401)
Warning: Design rule attributes from the driving cell will be
	set on the port. (UID-401)
Warning: Design rule attributes from the driving cell will be
	set on the port. (UID-401)
Warning: Design rule attributes from the driving cell will be
	set on the port. (UID-401)
Warning: Design rule attributes from the driving cell will be
	set on the port. (UID-401)
Warning: Design rule attributes from the driving cell will be
	set on the port. (UID-401)
Warning: Design rule attributes from the driving cell will be
	set on the port. (UID-401)
Warning: Design rule attributes from the driving cell will be
	set on the port. (UID-401)
Warning: Design rule attributes from the driving cell will be
	set on the port. (UID-401)
Warning: Design rule attributes from the driving cell will be
	set on the port. (UID-401)
Warning: Design rule attributes from the driving cell will be
	set on the port. (UID-401)
Warning: Design rule attributes from the driving cell will be
	set on the port. (UID-401)
Warning: Design rule attributes from the driving cell will be
	set on the port. (UID-401)
Warning: Design rule attributes from the driving cell will be
	set on the port. (UID-401)
Warning: Design rule attributes from the driving cell will be
	set on the port. (UID-401)
Warning: Design rule attributes from the driving cell will be
	set on the port. (UID-401)
Warning: Design rule attributes from the driving cell will be
	set on the port. (UID-401)
Warning: Design rule attributes from the driving cell will be
	set on the port. (UID-401)
Warning: Design rule attributes from the driving cell will be
	set on the port. (UID-401)
Warning: Design rule attributes from the driving cell will be
	set on the port. (UID-401)
Warning: Design rule attributes from the driving cell will be
	set on the port. (UID-401)
Warning: Design rule attributes from the driving cell will be
	set on the port. (UID-401)
Warning: Design rule attributes from the driving cell will be
	set on the port. (UID-401)
Warning: Design rule attributes from the driving cell will be
	set on the port. (UID-401)
Warning: Design rule attributes from the driving cell will be
	set on the port. (UID-401)
Warning: Design rule attributes from the driving cell will be
	set on the port. (UID-401)
Warning: Design rule attributes from the driving cell will be
	set on the port. (UID-401)
Warning: Design rule attributes from the driving cell will be
	set on the port. (UID-401)
Warning: Design rule attributes from the driving cell will be
	set on the port. (UID-401)
Warning: Design rule attributes from the driving cell will be
	set on the port. (UID-401)
Warning: Design rule attributes from the driving cell will be
	set on the port. (UID-401)
Warning: Design rule attributes from the driving cell will be
	set on the port. (UID-401)
Warning: Design rule attributes from the driving cell will be
	set on the port. (UID-401)
Warning: Design rule attributes from the driving cell will be
	set on the port. (UID-401)
Warning: Design rule attributes from the driving cell will be
	set on the port. (UID-401)
Warning: Design rule attributes from the driving cell will be
	set on the port. (UID-401)
Warning: Design rule attributes from the driving cell will be
	set on the port. (UID-401)
Warning: Design rule attributes from the driving cell will be
	set on the port. (UID-401)
Warning: Design rule attributes from the driving cell will be
	set on the port. (UID-401)
Warning: Design rule attributes from the driving cell will be
	set on the port. (UID-401)
Warning: Design rule attributes from the driving cell will be
	set on the port. (UID-401)
Warning: Design rule attributes from the driving cell will be
	set on the port. (UID-401)
Warning: Design rule attributes from the driving cell will be
	set on the port. (UID-401)
Warning: Design rule attributes from the driving cell will be
	set on the port. (UID-401)
Warning: Design rule attributes from the driving cell will be
	set on the port. (UID-401)
Warning: Design rule attributes from the driving cell will be
	set on the port. (UID-401)
Warning: Design rule attributes from the driving cell will be
	set on the port. (UID-401)
Warning: Design rule attributes from the driving cell will be
	set on the port. (UID-401)
Warning: Design rule attributes from the driving cell will be
	set on the port. (UID-401)
Warning: Design rule attributes from the driving cell will be
	set on the port. (UID-401)
Warning: Design rule attributes from the driving cell will be
	set on the port. (UID-401)
Warning: Design rule attributes from the driving cell will be
	set on the port. (UID-401)
Warning: Design rule attributes from the driving cell will be
	set on the port. (UID-401)
Warning: Design rule attributes from the driving cell will be
	set on the port. (UID-401)
Warning: Design rule attributes from the driving cell will be
	set on the port. (UID-401)
Warning: Design rule attributes from the driving cell will be
	set on the port. (UID-401)
Warning: Design rule attributes from the driving cell will be
	set on the port. (UID-401)
Warning: Design rule attributes from the driving cell will be
	set on the port. (UID-401)
Warning: Design rule attributes from the driving cell will be
	set on the port. (UID-401)
Warning: Design rule attributes from the driving cell will be
	set on the port. (UID-401)
Warning: Design rule attributes from the driving cell will be
	set on the port. (UID-401)
Warning: Design rule attributes from the driving cell will be
	set on the port. (UID-401)
Warning: Design rule attributes from the driving cell will be
	set on the port. (UID-401)
Warning: Design rule attributes from the driving cell will be
	set on the port. (UID-401)
Warning: Design rule attributes from the driving cell will be
	set on the port. (UID-401)
Warning: Design rule attributes from the driving cell will be
	set on the port. (UID-401)
Warning: Design rule attributes from the driving cell will be
	set on the port. (UID-401)
Warning: Design rule attributes from the driving cell will be
	set on the port. (UID-401)
Warning: Design rule attributes from the driving cell will be
	set on the port. (UID-401)
Warning: Design rule attributes from the driving cell will be
	set on the port. (UID-401)
Warning: Design rule attributes from the driving cell will be
	set on the port. (UID-401)
Warning: Design rule attributes from the driving cell will be
	set on the port. (UID-401)
Warning: Design rule attributes from the driving cell will be
	set on the port. (UID-401)
Warning: Design rule attributes from the driving cell will be
	set on the port. (UID-401)
Warning: Design rule attributes from the driving cell will be
	set on the port. (UID-401)
Warning: Design rule attributes from the driving cell will be
	set on the port. (UID-401)
Warning: Design rule attributes from the driving cell will be
	set on the port. (UID-401)
Warning: Design rule attributes from the driving cell will be
	set on the port. (UID-401)
Warning: Design rule attributes from the driving cell will be
	set on the port. (UID-401)
Warning: Design rule attributes from the driving cell will be
	set on the port. (UID-401)
Warning: Design rule attributes from the driving cell will be
	set on the port. (UID-401)
Warning: Design rule attributes from the driving cell will be
	set on the port. (UID-401)
Warning: Design rule attributes from the driving cell will be
	set on the port. (UID-401)
Warning: Design rule attributes from the driving cell will be
	set on the port. (UID-401)
Warning: Design rule attributes from the driving cell will be
	set on the port. (UID-401)
Warning: Design rule attributes from the driving cell will be
	set on the port. (UID-401)
Warning: Design rule attributes from the driving cell will be
	set on the port. (UID-401)
Warning: Design rule attributes from the driving cell will be
	set on the port. (UID-401)
Warning: Design rule attributes from the driving cell will be
	set on the port. (UID-401)
Warning: Design rule attributes from the driving cell will be
	set on the port. (UID-401)
Warning: Design rule attributes from the driving cell will be
	set on the port. (UID-401)
Warning: Design rule attributes from the driving cell will be
	set on the port. (UID-401)
Warning: Design rule attributes from the driving cell will be
	set on the port. (UID-401)
Warning: Design rule attributes from the driving cell will be
	set on the port. (UID-401)
Warning: Design rule attributes from the driving cell will be
	set on the port. (UID-401)
Warning: Design rule attributes from the driving cell will be
	set on the port. (UID-401)
Warning: Design rule attributes from the driving cell will be
	set on the port. (UID-401)
Warning: Design rule attributes from the driving cell will be
	set on the port. (UID-401)
Warning: Design rule attributes from the driving cell will be
	set on the port. (UID-401)
Warning: Design rule attributes from the driving cell will be
	set on the port. (UID-401)
Warning: Design rule attributes from the driving cell will be
	set on the port. (UID-401)
Warning: Design rule attributes from the driving cell will be
	set on the port. (UID-401)
Warning: Design rule attributes from the driving cell will be
	set on the port. (UID-401)
Warning: Design rule attributes from the driving cell will be
	set on the port. (UID-401)
Warning: Design rule attributes from the driving cell will be
	set on the port. (UID-401)
Warning: Design rule attributes from the driving cell will be
	set on the port. (UID-401)
Warning: Design rule attributes from the driving cell will be
	set on the port. (UID-401)
Warning: Design rule attributes from the driving cell will be
	set on the port. (UID-401)
Warning: Design rule attributes from the driving cell will be
	set on the port. (UID-401)
Warning: Design rule attributes from the driving cell will be
	set on the port. (UID-401)
Warning: Design rule attributes from the driving cell will be
	set on the port. (UID-401)
Warning: Design rule attributes from the driving cell will be
	set on the port. (UID-401)
Warning: Design rule attributes from the driving cell will be
	set on the port. (UID-401)
Warning: Design rule attributes from the driving cell will be
	set on the port. (UID-401)
Warning: Design rule attributes from the driving cell will be
	set on the port. (UID-401)
Warning: Design rule attributes from the driving cell will be
	set on the port. (UID-401)
Warning: Design rule attributes from the driving cell will be
	set on the port. (UID-401)
Warning: Design rule attributes from the driving cell will be
	set on the port. (UID-401)
Warning: Design rule attributes from the driving cell will be
	set on the port. (UID-401)
Warning: Design rule attributes from the driving cell will be
	set on the port. (UID-401)
Warning: Design rule attributes from the driving cell will be
	set on the port. (UID-401)
Warning: Design rule attributes from the driving cell will be
	set on the port. (UID-401)
Warning: Design rule attributes from the driving cell will be
	set on the port. (UID-401)
Warning: Design rule attributes from the driving cell will be
	set on the port. (UID-401)
Warning: Design rule attributes from the driving cell will be
	set on the port. (UID-401)
Warning: Design rule attributes from the driving cell will be
	set on the port. (UID-401)
Warning: Design rule attributes from the driving cell will be
	set on the port. (UID-401)
Warning: Design rule attributes from the driving cell will be
	set on the port. (UID-401)
Warning: Design rule attributes from the driving cell will be
	set on the port. (UID-401)
Warning: Design rule attributes from the driving cell will be
	set on the port. (UID-401)
Warning: Design rule attributes from the driving cell will be
	set on the port. (UID-401)
Warning: Design rule attributes from the driving cell will be
	set on the port. (UID-401)
Warning: Design rule attributes from the driving cell will be
	set on the port. (UID-401)
Warning: Design rule attributes from the driving cell will be
	set on the port. (UID-401)
Warning: Design rule attributes from the driving cell will be
	set on the port. (UID-401)
Warning: Design rule attributes from the driving cell will be
	set on the port. (UID-401)
Warning: Design rule attributes from the driving cell will be
	set on the port. (UID-401)
Warning: Design rule attributes from the driving cell will be
	set on the port. (UID-401)
Warning: Design rule attributes from the driving cell will be
	set on the port. (UID-401)
Warning: Design rule attributes from the driving cell will be
	set on the port. (UID-401)
Warning: Design rule attributes from the driving cell will be
	set on the port. (UID-401)
Warning: Design rule attributes from the driving cell will be
	set on the port. (UID-401)
Warning: Design rule attributes from the driving cell will be
	set on the port. (UID-401)
Warning: Design rule attributes from the driving cell will be
	set on the port. (UID-401)
Warning: Design rule attributes from the driving cell will be
	set on the port. (UID-401)
Warning: Design rule attributes from the driving cell will be
	set on the port. (UID-401)
Warning: Design rule attributes from the driving cell will be
	set on the port. (UID-401)
Warning: Design rule attributes from the driving cell will be
	set on the port. (UID-401)
Warning: Design rule attributes from the driving cell will be
	set on the port. (UID-401)
Warning: Design rule attributes from the driving cell will be
	set on the port. (UID-401)
Warning: Design rule attributes from the driving cell will be
	set on the port. (UID-401)
Warning: Design rule attributes from the driving cell will be
	set on the port. (UID-401)
Warning: Design rule attributes from the driving cell will be
	set on the port. (UID-401)
Warning: Design rule attributes from the driving cell will be
	set on the port. (UID-401)
Warning: Design rule attributes from the driving cell will be
	set on the port. (UID-401)
Warning: Design rule attributes from the driving cell will be
	set on the port. (UID-401)
Warning: Design rule attributes from the driving cell will be
	set on the port. (UID-401)
Warning: Design rule attributes from the driving cell will be
	set on the port. (UID-401)
Warning: Design rule attributes from the driving cell will be
	set on the port. (UID-401)
Warning: Design rule attributes from the driving cell will be
	set on the port. (UID-401)
Warning: Design rule attributes from the driving cell will be
	set on the port. (UID-401)
Warning: Design rule attributes from the driving cell will be
	set on the port. (UID-401)
Warning: Design rule attributes from the driving cell will be
	set on the port. (UID-401)
Warning: Design rule attributes from the driving cell will be
	set on the port. (UID-401)
Warning: Design rule attributes from the driving cell will be
	set on the port. (UID-401)
Warning: Design rule attributes from the driving cell will be
	set on the port. (UID-401)
Warning: Design rule attributes from the driving cell will be
	set on the port. (UID-401)
Warning: Design rule attributes from the driving cell will be
	set on the port. (UID-401)
Warning: Design rule attributes from the driving cell will be
	set on the port. (UID-401)
Warning: Design rule attributes from the driving cell will be
	set on the port. (UID-401)
Warning: Design rule attributes from the driving cell will be
	set on the port. (UID-401)
Warning: Design rule attributes from the driving cell will be
	set on the port. (UID-401)
Warning: Design rule attributes from the driving cell will be
	set on the port. (UID-401)
Warning: Design rule attributes from the driving cell will be
	set on the port. (UID-401)
Warning: Design rule attributes from the driving cell will be
	set on the port. (UID-401)
Warning: Design rule attributes from the driving cell will be
	set on the port. (UID-401)
Warning: Design rule attributes from the driving cell will be
	set on the port. (UID-401)
Warning: Design rule attributes from the driving cell will be
	set on the port. (UID-401)
Warning: Design rule attributes from the driving cell will be
	set on the port. (UID-401)
Warning: Design rule attributes from the driving cell will be
	set on the port. (UID-401)
Warning: Design rule attributes from the driving cell will be
	set on the port. (UID-401)
Warning: Design rule attributes from the driving cell will be
	set on the port. (UID-401)
Warning: Design rule attributes from the driving cell will be
	set on the port. (UID-401)
Warning: Design rule attributes from the driving cell will be
	set on the port. (UID-401)
Warning: Design rule attributes from the driving cell will be
	set on the port. (UID-401)
Warning: Design rule attributes from the driving cell will be
	set on the port. (UID-401)
Warning: Design rule attributes from the driving cell will be
	set on the port. (UID-401)
Warning: Design rule attributes from the driving cell will be
	set on the port. (UID-401)
Warning: Design rule attributes from the driving cell will be
	set on the port. (UID-401)
Warning: Design rule attributes from the driving cell will be
	set on the port. (UID-401)
Warning: Design rule attributes from the driving cell will be
	set on the port. (UID-401)
Warning: Design rule attributes from the driving cell will be
	set on the port. (UID-401)
Warning: Design rule attributes from the driving cell will be
	set on the port. (UID-401)
Warning: Design rule attributes from the driving cell will be
	set on the port. (UID-401)
Warning: Design rule attributes from the driving cell will be
	set on the port. (UID-401)
Warning: Design rule attributes from the driving cell will be
	set on the port. (UID-401)
Warning: Design rule attributes from the driving cell will be
	set on the port. (UID-401)
Warning: Design rule attributes from the driving cell will be
	set on the port. (UID-401)
Warning: Design rule attributes from the driving cell will be
	set on the port. (UID-401)
Warning: Design rule attributes from the driving cell will be
	set on the port. (UID-401)
Warning: Design rule attributes from the driving cell will be
	set on the port. (UID-401)
Warning: Design rule attributes from the driving cell will be
	set on the port. (UID-401)
Warning: Design rule attributes from the driving cell will be
	set on the port. (UID-401)
Warning: Design rule attributes from the driving cell will be
	set on the port. (UID-401)
Warning: Design rule attributes from the driving cell will be
	set on the port. (UID-401)
Warning: Design rule attributes from the driving cell will be
	set on the port. (UID-401)
Warning: Design rule attributes from the driving cell will be
	set on the port. (UID-401)
Warning: Design rule attributes from the driving cell will be
	set on the port. (UID-401)
Warning: Design rule attributes from the driving cell will be
	set on the port. (UID-401)
Warning: Design rule attributes from the driving cell will be
	set on the port. (UID-401)
Warning: Design rule attributes from the driving cell will be
	set on the port. (UID-401)
Warning: Design rule attributes from the driving cell will be
	set on the port. (UID-401)
Warning: Design rule attributes from the driving cell will be
	set on the port. (UID-401)
Warning: Design rule attributes from the driving cell will be
	set on the port. (UID-401)
Warning: Design rule attributes from the driving cell will be
	set on the port. (UID-401)
Warning: Design rule attributes from the driving cell will be
	set on the port. (UID-401)
Warning: Design rule attributes from the driving cell will be
	set on the port. (UID-401)
Warning: Design rule attributes from the driving cell will be
	set on the port. (UID-401)
Warning: Design rule attributes from the driving cell will be
	set on the port. (UID-401)
Warning: Design rule attributes from the driving cell will be
	set on the port. (UID-401)
Warning: Design rule attributes from the driving cell will be
	set on the port. (UID-401)
Warning: Design rule attributes from the driving cell will be
	set on the port. (UID-401)
Warning: Design rule attributes from the driving cell will be
	set on the port. (UID-401)
Warning: Design rule attributes from the driving cell will be
	set on the port. (UID-401)
Warning: Design rule attributes from the driving cell will be
	set on the port. (UID-401)
Warning: Design rule attributes from the driving cell will be
	set on the port. (UID-401)
Warning: Design rule attributes from the driving cell will be
	set on the port. (UID-401)
Warning: Design rule attributes from the driving cell will be
	set on the port. (UID-401)
Warning: Design rule attributes from the driving cell will be
	set on the port. (UID-401)
Warning: Design rule attributes from the driving cell will be
	set on the port. (UID-401)
Warning: Design rule attributes from the driving cell will be
	set on the port. (UID-401)
Warning: Design rule attributes from the driving cell will be
	set on the port. (UID-401)
Warning: Design rule attributes from the driving cell will be
	set on the port. (UID-401)
Warning: Design rule attributes from the driving cell will be
	set on the port. (UID-401)
Warning: Design rule attributes from the driving cell will be
	set on the port. (UID-401)
Warning: Design rule attributes from the driving cell will be
	set on the port. (UID-401)
Warning: Design rule attributes from the driving cell will be
	set on the port. (UID-401)
Warning: Design rule attributes from the driving cell will be
	set on the port. (UID-401)
Warning: Design rule attributes from the driving cell will be
	set on the port. (UID-401)
Warning: Design rule attributes from the driving cell will be
	set on the port. (UID-401)
Warning: Design rule attributes from the driving cell will be
	set on the port. (UID-401)
Warning: Design rule attributes from the driving cell will be
	set on the port. (UID-401)
Warning: Design rule attributes from the driving cell will be
	set on the port. (UID-401)
Warning: Design rule attributes from the driving cell will be
	set on the port. (UID-401)
Warning: Design rule attributes from the driving cell will be
	set on the port. (UID-401)
Warning: Design rule attributes from the driving cell will be
	set on the port. (UID-401)
Warning: Design rule attributes from the driving cell will be
	set on the port. (UID-401)
Warning: Design rule attributes from the driving cell will be
	set on the port. (UID-401)
Warning: Design rule attributes from the driving cell will be
	set on the port. (UID-401)
Warning: Design rule attributes from the driving cell will be
	set on the port. (UID-401)
Warning: Design rule attributes from the driving cell will be
	set on the port. (UID-401)
Warning: Design rule attributes from the driving cell will be
	set on the port. (UID-401)
Warning: Design rule attributes from the driving cell will be
	set on the port. (UID-401)
Warning: Design rule attributes from the driving cell will be
	set on the port. (UID-401)
Warning: Design rule attributes from the driving cell will be
	set on the port. (UID-401)
Warning: Design rule attributes from the driving cell will be
	set on the port. (UID-401)
Warning: Design rule attributes from the driving cell will be
	set on the port. (UID-401)
Warning: Design rule attributes from the driving cell will be
	set on the port. (UID-401)
Warning: Design rule attributes from the driving cell will be
	set on the port. (UID-401)
Warning: Design rule attributes from the driving cell will be
	set on the port. (UID-401)
Warning: Design rule attributes from the driving cell will be
	set on the port. (UID-401)
Warning: Design rule attributes from the driving cell will be
	set on the port. (UID-401)
Warning: Design rule attributes from the driving cell will be
	set on the port. (UID-401)
Warning: Design rule attributes from the driving cell will be
	set on the port. (UID-401)
Warning: Design rule attributes from the driving cell will be
	set on the port. (UID-401)
Warning: Design rule attributes from the driving cell will be
	set on the port. (UID-401)
Warning: Design rule attributes from the driving cell will be
	set on the port. (UID-401)
Warning: Design rule attributes from the driving cell will be
	set on the port. (UID-401)
Warning: Design rule attributes from the driving cell will be
	set on the port. (UID-401)
Warning: Design rule attributes from the driving cell will be
	set on the port. (UID-401)
Warning: Design rule attributes from the driving cell will be
	set on the port. (UID-401)
Warning: Design rule attributes from the driving cell will be
	set on the port. (UID-401)
Warning: Design rule attributes from the driving cell will be
	set on the port. (UID-401)
Warning: Design rule attributes from the driving cell will be
	set on the port. (UID-401)
Warning: Design rule attributes from the driving cell will be
	set on the port. (UID-401)
Warning: Design rule attributes from the driving cell will be
	set on the port. (UID-401)
Warning: Design rule attributes from the driving cell will be
	set on the port. (UID-401)
Warning: Design rule attributes from the driving cell will be
	set on the port. (UID-401)
Warning: Design rule attributes from the driving cell will be
	set on the port. (UID-401)
Warning: Design rule attributes from the driving cell will be
	set on the port. (UID-401)
Warning: Design rule attributes from the driving cell will be
	set on the port. (UID-401)
Warning: Design rule attributes from the driving cell will be
	set on the port. (UID-401)
Warning: Design rule attributes from the driving cell will be
	set on the port. (UID-401)
Warning: Design rule attributes from the driving cell will be
	set on the port. (UID-401)
Warning: Design rule attributes from the driving cell will be
	set on the port. (UID-401)
Warning: Design rule attributes from the driving cell will be
	set on the port. (UID-401)
Warning: Design rule attributes from the driving cell will be
	set on the port. (UID-401)
Warning: Design rule attributes from the driving cell will be
	set on the port. (UID-401)
Warning: Design rule attributes from the driving cell will be
	set on the port. (UID-401)
Warning: Design rule attributes from the driving cell will be
	set on the port. (UID-401)
Warning: Design rule attributes from the driving cell will be
	set on the port. (UID-401)
Warning: Design rule attributes from the driving cell will be
	set on the port. (UID-401)
Warning: Design rule attributes from the driving cell will be
	set on the port. (UID-401)
Warning: Design rule attributes from the driving cell will be
	set on the port. (UID-401)
Warning: Design rule attributes from the driving cell will be
	set on the port. (UID-401)
Warning: Design rule attributes from the driving cell will be
	set on the port. (UID-401)
Warning: Design rule attributes from the driving cell will be
	set on the port. (UID-401)
Warning: Design rule attributes from the driving cell will be
	set on the port. (UID-401)
Warning: Design rule attributes from the driving cell will be
	set on the port. (UID-401)
Warning: Design rule attributes from the driving cell will be
	set on the port. (UID-401)
Warning: Design rule attributes from the driving cell will be
	set on the port. (UID-401)
Warning: Design rule attributes from the driving cell will be
	set on the port. (UID-401)
Warning: Design rule attributes from the driving cell will be
	set on the port. (UID-401)
Warning: Design rule attributes from the driving cell will be
	set on the port. (UID-401)
Warning: Design rule attributes from the driving cell will be
	set on the port. (UID-401)
Warning: Design rule attributes from the driving cell will be
	set on the port. (UID-401)
Warning: Design rule attributes from the driving cell will be
	set on the port. (UID-401)
Warning: Design rule attributes from the driving cell will be
	set on the port. (UID-401)
Warning: Design rule attributes from the driving cell will be
	set on the port. (UID-401)
Warning: Design rule attributes from the driving cell will be
	set on the port. (UID-401)
Warning: Design rule attributes from the driving cell will be
	set on the port. (UID-401)
Warning: Design rule attributes from the driving cell will be
	set on the port. (UID-401)
Warning: Design rule attributes from the driving cell will be
	set on the port. (UID-401)
Warning: Design rule attributes from the driving cell will be
	set on the port. (UID-401)
Warning: Design rule attributes from the driving cell will be
	set on the port. (UID-401)
Warning: Design rule attributes from the driving cell will be
	set on the port. (UID-401)
Warning: Design rule attributes from the driving cell will be
	set on the port. (UID-401)
Warning: Design rule attributes from the driving cell will be
	set on the port. (UID-401)
Warning: Design rule attributes from the driving cell will be
	set on the port. (UID-401)
Warning: Design rule attributes from the driving cell will be
	set on the port. (UID-401)
Warning: Design rule attributes from the driving cell will be
	set on the port. (UID-401)
Warning: Design rule attributes from the driving cell will be
	set on the port. (UID-401)
Warning: Design rule attributes from the driving cell will be
	set on the port. (UID-401)
Warning: Design rule attributes from the driving cell will be
	set on the port. (UID-401)
Warning: Design rule attributes from the driving cell will be
	set on the port. (UID-401)
Warning: Design rule attributes from the driving cell will be
	set on the port. (UID-401)
Warning: Design rule attributes from the driving cell will be
	set on the port. (UID-401)
Warning: Design rule attributes from the driving cell will be
	set on the port. (UID-401)
Warning: Design rule attributes from the driving cell will be
	set on the port. (UID-401)
Warning: Design rule attributes from the driving cell will be
	set on the port. (UID-401)
Warning: Design rule attributes from the driving cell will be
	set on the port. (UID-401)
Warning: Design rule attributes from the driving cell will be
	set on the port. (UID-401)
Warning: Design rule attributes from the driving cell will be
	set on the port. (UID-401)
Warning: Design rule attributes from the driving cell will be
	set on the port. (UID-401)
Warning: Design rule attributes from the driving cell will be
	set on the port. (UID-401)
Warning: Design rule attributes from the driving cell will be
	set on the port. (UID-401)
Warning: Design rule attributes from the driving cell will be
	set on the port. (UID-401)
Warning: Design rule attributes from the driving cell will be
	set on the port. (UID-401)
Warning: Design rule attributes from the driving cell will be
	set on the port. (UID-401)
Warning: Design rule attributes from the driving cell will be
	set on the port. (UID-401)
Warning: Design rule attributes from the driving cell will be
	set on the port. (UID-401)
Warning: Design rule attributes from the driving cell will be
	set on the port. (UID-401)
Warning: Design rule attributes from the driving cell will be
	set on the port. (UID-401)
Warning: Design rule attributes from the driving cell will be
	set on the port. (UID-401)
Warning: Design rule attributes from the driving cell will be
	set on the port. (UID-401)
Warning: Design rule attributes from the driving cell will be
	set on the port. (UID-401)
Warning: Design rule attributes from the driving cell will be
	set on the port. (UID-401)
Warning: Design rule attributes from the driving cell will be
	set on the port. (UID-401)
Warning: Design rule attributes from the driving cell will be
	set on the port. (UID-401)
Warning: Design rule attributes from the driving cell will be
	set on the port. (UID-401)
Warning: Design rule attributes from the driving cell will be
	set on the port. (UID-401)
Warning: Design rule attributes from the driving cell will be
	set on the port. (UID-401)
Warning: Design rule attributes from the driving cell will be
	set on the port. (UID-401)
Warning: Design rule attributes from the driving cell will be
	set on the port. (UID-401)
Warning: Design rule attributes from the driving cell will be
	set on the port. (UID-401)
Warning: Design rule attributes from the driving cell will be
	set on the port. (UID-401)
Warning: Design rule attributes from the driving cell will be
	set on the port. (UID-401)
Warning: Design rule attributes from the driving cell will be
	set on the port. (UID-401)
Warning: Design rule attributes from the driving cell will be
	set on the port. (UID-401)
Warning: Design rule attributes from the driving cell will be
	set on the port. (UID-401)
Warning: Design rule attributes from the driving cell will be
	set on the port. (UID-401)
Warning: Design rule attributes from the driving cell will be
	set on the port. (UID-401)
Warning: Design rule attributes from the driving cell will be
	set on the port. (UID-401)
Warning: Design rule attributes from the driving cell will be
	set on the port. (UID-401)
Warning: Design rule attributes from the driving cell will be
	set on the port. (UID-401)
Warning: Design rule attributes from the driving cell will be
	set on the port. (UID-401)
Warning: Design rule attributes from the driving cell will be
	set on the port. (UID-401)
Warning: Design rule attributes from the driving cell will be
	set on the port. (UID-401)
Warning: Design rule attributes from the driving cell will be
	set on the port. (UID-401)
Warning: Design rule attributes from the driving cell will be
	set on the port. (UID-401)
Warning: Design rule attributes from the driving cell will be
	set on the port. (UID-401)
Warning: Design rule attributes from the driving cell will be
	set on the port. (UID-401)
Warning: Design rule attributes from the driving cell will be
	set on the port. (UID-401)
Warning: Design rule attributes from the driving cell will be
	set on the port. (UID-401)
Warning: Design rule attributes from the driving cell will be
	set on the port. (UID-401)
Warning: Design rule attributes from the driving cell will be
	set on the port. (UID-401)
Warning: Design rule attributes from the driving cell will be
	set on the port. (UID-401)
Warning: Design rule attributes from the driving cell will be
	set on the port. (UID-401)
Warning: Design rule attributes from the driving cell will be
	set on the port. (UID-401)
Warning: Design rule attributes from the driving cell will be
	set on the port. (UID-401)
Warning: Design rule attributes from the driving cell will be
	set on the port. (UID-401)
Warning: Design rule attributes from the driving cell will be
	set on the port. (UID-401)
Warning: Design rule attributes from the driving cell will be
	set on the port. (UID-401)
Warning: Design rule attributes from the driving cell will be
	set on the port. (UID-401)
Warning: Design rule attributes from the driving cell will be
	set on the port. (UID-401)
Warning: Design rule attributes from the driving cell will be
	set on the port. (UID-401)
Warning: Design rule attributes from the driving cell will be
	set on the port. (UID-401)
Warning: Design rule attributes from the driving cell will be
	set on the port. (UID-401)
Warning: Design rule attributes from the driving cell will be
	set on the port. (UID-401)
Warning: Design rule attributes from the driving cell will be
	set on the port. (UID-401)
Warning: Design rule attributes from the driving cell will be
	set on the port. (UID-401)
Warning: Design rule attributes from the driving cell will be
	set on the port. (UID-401)
Warning: Design rule attributes from the driving cell will be
	set on the port. (UID-401)
Warning: Design rule attributes from the driving cell will be
	set on the port. (UID-401)
Warning: Design rule attributes from the driving cell will be
	set on the port. (UID-401)
Warning: Design rule attributes from the driving cell will be
	set on the port. (UID-401)
Warning: Design rule attributes from the driving cell will be
	set on the port. (UID-401)
Warning: Design rule attributes from the driving cell will be
	set on the port. (UID-401)
Warning: Design rule attributes from the driving cell will be
	set on the port. (UID-401)
Warning: Design rule attributes from the driving cell will be
	set on the port. (UID-401)
Warning: Design rule attributes from the driving cell will be
	set on the port. (UID-401)
Warning: Design rule attributes from the driving cell will be
	set on the port. (UID-401)
Warning: Design rule attributes from the driving cell will be
	set on the port. (UID-401)
Warning: Design rule attributes from the driving cell will be
	set on the port. (UID-401)
Warning: Design rule attributes from the driving cell will be
	set on the port. (UID-401)
Warning: Design rule attributes from the driving cell will be
	set on the port. (UID-401)
Warning: Design rule attributes from the driving cell will be
	set on the port. (UID-401)
Warning: Design rule attributes from the driving cell will be
	set on the port. (UID-401)
Warning: Design rule attributes from the driving cell will be
	set on the port. (UID-401)
Warning: Design rule attributes from the driving cell will be
	set on the port. (UID-401)
Warning: Design rule attributes from the driving cell will be
	set on the port. (UID-401)
Warning: Design rule attributes from the driving cell will be
	set on the port. (UID-401)
Warning: Design rule attributes from the driving cell will be
	set on the port. (UID-401)
Warning: Design rule attributes from the driving cell will be
	set on the port. (UID-401)
Warning: Design rule attributes from the driving cell will be
	set on the port. (UID-401)
Warning: Design rule attributes from the driving cell will be
	set on the port. (UID-401)
Warning: Design rule attributes from the driving cell will be
	set on the port. (UID-401)
Warning: Design rule attributes from the driving cell will be
	set on the port. (UID-401)
Warning: Design rule attributes from the driving cell will be
	set on the port. (UID-401)
Warning: Design rule attributes from the driving cell will be
	set on the port. (UID-401)
Warning: Design rule attributes from the driving cell will be
	set on the port. (UID-401)
Warning: Design rule attributes from the driving cell will be
	set on the port. (UID-401)
Warning: Design rule attributes from the driving cell will be
	set on the port. (UID-401)
Warning: Design rule attributes from the driving cell will be
	set on the port. (UID-401)
Warning: Design rule attributes from the driving cell will be
	set on the port. (UID-401)
Warning: Design rule attributes from the driving cell will be
	set on the port. (UID-401)
Warning: Design rule attributes from the driving cell will be
	set on the port. (UID-401)
Warning: Design rule attributes from the driving cell will be
	set on the port. (UID-401)
Warning: Design rule attributes from the driving cell will be
	set on the port. (UID-401)
Warning: Design rule attributes from the driving cell will be
	set on the port. (UID-401)
Warning: Design rule attributes from the driving cell will be
	set on the port. (UID-401)
Warning: Design rule attributes from the driving cell will be
	set on the port. (UID-401)
Warning: Design rule attributes from the driving cell will be
	set on the port. (UID-401)
Warning: Design rule attributes from the driving cell will be
	set on the port. (UID-401)
Warning: Design rule attributes from the driving cell will be
	set on the port. (UID-401)
Warning: Design rule attributes from the driving cell will be
	set on the port. (UID-401)
Warning: Design rule attributes from the driving cell will be
	set on the port. (UID-401)
Warning: Design rule attributes from the driving cell will be
	set on the port. (UID-401)
Warning: Design rule attributes from the driving cell will be
	set on the port. (UID-401)
Warning: Design rule attributes from the driving cell will be
	set on the port. (UID-401)
Warning: Design rule attributes from the driving cell will be
	set on the port. (UID-401)
Warning: Design rule attributes from the driving cell will be
	set on the port. (UID-401)
Warning: Design rule attributes from the driving cell will be
	set on the port. (UID-401)
Warning: Design rule attributes from the driving cell will be
	set on the port. (UID-401)
Warning: Design rule attributes from the driving cell will be
	set on the port. (UID-401)
Warning: Design rule attributes from the driving cell will be
	set on the port. (UID-401)
Warning: Design rule attributes from the driving cell will be
	set on the port. (UID-401)
Warning: Design rule attributes from the driving cell will be
	set on the port. (UID-401)
Warning: Design rule attributes from the driving cell will be
	set on the port. (UID-401)
Warning: Design rule attributes from the driving cell will be
	set on the port. (UID-401)
Warning: Design rule attributes from the driving cell will be
	set on the port. (UID-401)
Warning: Design rule attributes from the driving cell will be
	set on the port. (UID-401)
Warning: Design rule attributes from the driving cell will be
	set on the port. (UID-401)
Warning: Design rule attributes from the driving cell will be
	set on the port. (UID-401)
Warning: Design rule attributes from the driving cell will be
	set on the port. (UID-401)
Warning: Design rule attributes from the driving cell will be
	set on the port. (UID-401)
Warning: Design rule attributes from the driving cell will be
	set on the port. (UID-401)
Warning: Design rule attributes from the driving cell will be
	set on the port. (UID-401)
Warning: Design rule attributes from the driving cell will be
	set on the port. (UID-401)
Warning: Design rule attributes from the driving cell will be
	set on the port. (UID-401)
Warning: Design rule attributes from the driving cell will be
	set on the port. (UID-401)
Warning: Design rule attributes from the driving cell will be
	set on the port. (UID-401)
Warning: Design rule attributes from the driving cell will be
	set on the port. (UID-401)
Warning: Design rule attributes from the driving cell will be
	set on the port. (UID-401)
Warning: Design rule attributes from the driving cell will be
	set on the port. (UID-401)
Warning: Design rule attributes from the driving cell will be
	set on the port. (UID-401)
Warning: Design rule attributes from the driving cell will be
	set on the port. (UID-401)
Warning: Design rule attributes from the driving cell will be
	set on the port. (UID-401)
Warning: Design rule attributes from the driving cell will be
	set on the port. (UID-401)
Warning: Design rule attributes from the driving cell will be
	set on the port. (UID-401)
Warning: Design rule attributes from the driving cell will be
	set on the port. (UID-401)
Warning: Design rule attributes from the driving cell will be
	set on the port. (UID-401)
Warning: Design rule attributes from the driving cell will be
	set on the port. (UID-401)
Warning: Design rule attributes from the driving cell will be
	set on the port. (UID-401)
Warning: Design rule attributes from the driving cell will be
	set on the port. (UID-401)
Warning: Design rule attributes from the driving cell will be
	set on the port. (UID-401)
Warning: Design rule attributes from the driving cell will be
	set on the port. (UID-401)
Warning: Design rule attributes from the driving cell will be
	set on the port. (UID-401)
Warning: Design rule attributes from the driving cell will be
	set on the port. (UID-401)
Warning: Design rule attributes from the driving cell will be
	set on the port. (UID-401)
Warning: Design rule attributes from the driving cell will be
	set on the port. (UID-401)
Warning: Design rule attributes from the driving cell will be
	set on the port. (UID-401)
Warning: Design rule attributes from the driving cell will be
	set on the port. (UID-401)
Warning: Design rule attributes from the driving cell will be
	set on the port. (UID-401)
Warning: Design rule attributes from the driving cell will be
	set on the port. (UID-401)
Warning: Design rule attributes from the driving cell will be
	set on the port. (UID-401)
Warning: Design rule attributes from the driving cell will be
	set on the port. (UID-401)
Warning: Design rule attributes from the driving cell will be
	set on the port. (UID-401)
Warning: Design rule attributes from the driving cell will be
	set on the port. (UID-401)
Warning: Design rule attributes from the driving cell will be
	set on the port. (UID-401)
Warning: Design rule attributes from the driving cell will be
	set on the port. (UID-401)
Warning: Design rule attributes from the driving cell will be
	set on the port. (UID-401)
Warning: Design rule attributes from the driving cell will be
	set on the port. (UID-401)
Warning: Design rule attributes from the driving cell will be
	set on the port. (UID-401)
Warning: Design rule attributes from the driving cell will be
	set on the port. (UID-401)
Warning: Design rule attributes from the driving cell will be
	set on the port. (UID-401)
Warning: Design rule attributes from the driving cell will be
	set on the port. (UID-401)
Warning: Design rule attributes from the driving cell will be
	set on the port. (UID-401)
Warning: Design rule attributes from the driving cell will be
	set on the port. (UID-401)
Warning: Design rule attributes from the driving cell will be
	set on the port. (UID-401)
Warning: Design rule attributes from the driving cell will be
	set on the port. (UID-401)
Warning: Design rule attributes from the driving cell will be
	set on the port. (UID-401)
Warning: Design rule attributes from the driving cell will be
	set on the port. (UID-401)
Warning: Design rule attributes from the driving cell will be
	set on the port. (UID-401)
Warning: Design rule attributes from the driving cell will be
	set on the port. (UID-401)
Warning: Design rule attributes from the driving cell will be
	set on the port. (UID-401)
Warning: Design rule attributes from the driving cell will be
	set on the port. (UID-401)
Warning: Design rule attributes from the driving cell will be
	set on the port. (UID-401)
Warning: Design rule attributes from the driving cell will be
	set on the port. (UID-401)
Warning: Design rule attributes from the driving cell will be
	set on the port. (UID-401)
Warning: Design rule attributes from the driving cell will be
	set on the port. (UID-401)
Warning: Design rule attributes from the driving cell will be
	set on the port. (UID-401)
Warning: Design rule attributes from the driving cell will be
	set on the port. (UID-401)
Warning: Design rule attributes from the driving cell will be
	set on the port. (UID-401)
Warning: Design rule attributes from the driving cell will be
	set on the port. (UID-401)
Warning: Design rule attributes from the driving cell will be
	set on the port. (UID-401)
Warning: Design rule attributes from the driving cell will be
	set on the port. (UID-401)
Warning: Design rule attributes from the driving cell will be
	set on the port. (UID-401)
Warning: Design rule attributes from the driving cell will be
	set on the port. (UID-401)
Warning: Design rule attributes from the driving cell will be
	set on the port. (UID-401)
Warning: Design rule attributes from the driving cell will be
	set on the port. (UID-401)
Warning: Design rule attributes from the driving cell will be
	set on the port. (UID-401)
Warning: Design rule attributes from the driving cell will be
	set on the port. (UID-401)
Warning: Design rule attributes from the driving cell will be
	set on the port. (UID-401)
Warning: Design rule attributes from the driving cell will be
	set on the port. (UID-401)
Warning: Design rule attributes from the driving cell will be
	set on the port. (UID-401)
Warning: Design rule attributes from the driving cell will be
	set on the port. (UID-401)
Warning: Design rule attributes from the driving cell will be
	set on the port. (UID-401)
Warning: Design rule attributes from the driving cell will be
	set on the port. (UID-401)
Warning: Design rule attributes from the driving cell will be
	set on the port. (UID-401)
Warning: Design rule attributes from the driving cell will be
	set on the port. (UID-401)
Warning: Design rule attributes from the driving cell will be
	set on the port. (UID-401)
Warning: Design rule attributes from the driving cell will be
	set on the port. (UID-401)
Warning: Design rule attributes from the driving cell will be
	set on the port. (UID-401)
Warning: Design rule attributes from the driving cell will be
	set on the port. (UID-401)
Warning: Design rule attributes from the driving cell will be
	set on the port. (UID-401)
Warning: Design rule attributes from the driving cell will be
	set on the port. (UID-401)
Warning: Design rule attributes from the driving cell will be
	set on the port. (UID-401)
Warning: Design rule attributes from the driving cell will be
	set on the port. (UID-401)
Warning: Design rule attributes from the driving cell will be
	set on the port. (UID-401)
Warning: Design rule attributes from the driving cell will be
	set on the port. (UID-401)
Warning: Design rule attributes from the driving cell will be
	set on the port. (UID-401)
Warning: Design rule attributes from the driving cell will be
	set on the port. (UID-401)
Warning: Design rule attributes from the driving cell will be
	set on the port. (UID-401)
Warning: Design rule attributes from the driving cell will be
	set on the port. (UID-401)
Warning: Design rule attributes from the driving cell will be
	set on the port. (UID-401)
Warning: Design rule attributes from the driving cell will be
	set on the port. (UID-401)
Warning: Design rule attributes from the driving cell will be
	set on the port. (UID-401)
Warning: Design rule attributes from the driving cell will be
	set on the port. (UID-401)
Warning: Design rule attributes from the driving cell will be
	set on the port. (UID-401)
Warning: Design rule attributes from the driving cell will be
	set on the port. (UID-401)
Warning: Design rule attributes from the driving cell will be
	set on the port. (UID-401)
Warning: Design rule attributes from the driving cell will be
	set on the port. (UID-401)
Warning: Design rule attributes from the driving cell will be
	set on the port. (UID-401)
Warning: Design rule attributes from the driving cell will be
	set on the port. (UID-401)
Warning: Design rule attributes from the driving cell will be
	set on the port. (UID-401)
Warning: Design rule attributes from the driving cell will be
	set on the port. (UID-401)
Warning: Design rule attributes from the driving cell will be
	set on the port. (UID-401)
Warning: Design rule attributes from the driving cell will be
	set on the port. (UID-401)
Warning: Design rule attributes from the driving cell will be
	set on the port. (UID-401)
Warning: Design rule attributes from the driving cell will be
	set on the port. (UID-401)
Warning: Design rule attributes from the driving cell will be
	set on the port. (UID-401)
Warning: Design rule attributes from the driving cell will be
	set on the port. (UID-401)
Warning: Design rule attributes from the driving cell will be
	set on the port. (UID-401)
Warning: Design rule attributes from the driving cell will be
	set on the port. (UID-401)
Warning: Design rule attributes from the driving cell will be
	set on the port. (UID-401)
Warning: Design rule attributes from the driving cell will be
	set on the port. (UID-401)
Warning: Design rule attributes from the driving cell will be
	set on the port. (UID-401)
Warning: Design rule attributes from the driving cell will be
	set on the port. (UID-401)
Warning: Design rule attributes from the driving cell will be
	set on the port. (UID-401)
Warning: Design rule attributes from the driving cell will be
	set on the port. (UID-401)
Warning: Design rule attributes from the driving cell will be
	set on the port. (UID-401)
Warning: Design rule attributes from the driving cell will be
	set on the port. (UID-401)
Warning: Design rule attributes from the driving cell will be
	set on the port. (UID-401)
Warning: Design rule attributes from the driving cell will be
	set on the port. (UID-401)
Warning: Design rule attributes from the driving cell will be
	set on the port. (UID-401)
Warning: Design rule attributes from the driving cell will be
	set on the port. (UID-401)
Warning: Design rule attributes from the driving cell will be
	set on the port. (UID-401)
Warning: Design rule attributes from the driving cell will be
	set on the port. (UID-401)
Warning: Design rule attributes from the driving cell will be
	set on the port. (UID-401)
Warning: Design rule attributes from the driving cell will be
	set on the port. (UID-401)
Warning: Design rule attributes from the driving cell will be
	set on the port. (UID-401)
Warning: Design rule attributes from the driving cell will be
	set on the port. (UID-401)
Warning: Design rule attributes from the driving cell will be
	set on the port. (UID-401)
Warning: Design rule attributes from the driving cell will be
	set on the port. (UID-401)
Warning: Design rule attributes from the driving cell will be
	set on the port. (UID-401)
Warning: Design rule attributes from the driving cell will be
	set on the port. (UID-401)
Warning: Design rule attributes from the driving cell will be
	set on the port. (UID-401)
Warning: Design rule attributes from the driving cell will be
	set on the port. (UID-401)
Warning: Design rule attributes from the driving cell will be
	set on the port. (UID-401)
Warning: Design rule attributes from the driving cell will be
	set on the port. (UID-401)
Warning: Design rule attributes from the driving cell will be
	set on the port. (UID-401)
Warning: Design rule attributes from the driving cell will be
	set on the port. (UID-401)
Warning: Design rule attributes from the driving cell will be
	set on the port. (UID-401)
Warning: Design rule attributes from the driving cell will be
	set on the port. (UID-401)
Warning: Design rule attributes from the driving cell will be
	set on the port. (UID-401)
Warning: Design rule attributes from the driving cell will be
	set on the port. (UID-401)
Warning: Design rule attributes from the driving cell will be
	set on the port. (UID-401)
Warning: Design rule attributes from the driving cell will be
	set on the port. (UID-401)
Warning: Design rule attributes from the driving cell will be
	set on the port. (UID-401)
Warning: Design rule attributes from the driving cell will be
	set on the port. (UID-401)
Warning: Design rule attributes from the driving cell will be
	set on the port. (UID-401)
Warning: Design rule attributes from the driving cell will be
	set on the port. (UID-401)
Warning: Design rule attributes from the driving cell will be
	set on the port. (UID-401)
Warning: Design rule attributes from the driving cell will be
	set on the port. (UID-401)
Warning: Design rule attributes from the driving cell will be
	set on the port. (UID-401)
Warning: Design rule attributes from the driving cell will be
	set on the port. (UID-401)
Warning: Design rule attributes from the driving cell will be
	set on the port. (UID-401)
Warning: Design rule attributes from the driving cell will be
	set on the port. (UID-401)
Warning: Design rule attributes from the driving cell will be
	set on the port. (UID-401)
Warning: Design rule attributes from the driving cell will be
	set on the port. (UID-401)
Warning: Design rule attributes from the driving cell will be
	set on the port. (UID-401)
Warning: Design rule attributes from the driving cell will be
	set on the port. (UID-401)
Warning: Design rule attributes from the driving cell will be
	set on the port. (UID-401)
Warning: Design rule attributes from the driving cell will be
	set on the port. (UID-401)
Warning: Design rule attributes from the driving cell will be
	set on the port. (UID-401)
Warning: Design rule attributes from the driving cell will be
	set on the port. (UID-401)
Warning: Design rule attributes from the driving cell will be
	set on the port. (UID-401)
Warning: Design rule attributes from the driving cell will be
	set on the port. (UID-401)
Warning: Design rule attributes from the driving cell will be
	set on the port. (UID-401)
Warning: Design rule attributes from the driving cell will be
	set on the port. (UID-401)
Warning: Design rule attributes from the driving cell will be
	set on the port. (UID-401)
Warning: Design rule attributes from the driving cell will be
	set on the port. (UID-401)
Warning: Design rule attributes from the driving cell will be
	set on the port. (UID-401)
Warning: Design rule attributes from the driving cell will be
	set on the port. (UID-401)
Warning: Design rule attributes from the driving cell will be
	set on the port. (UID-401)
Warning: Design rule attributes from the driving cell will be
	set on the port. (UID-401)
Warning: Design rule attributes from the driving cell will be
	set on the port. (UID-401)
Warning: Design rule attributes from the driving cell will be
	set on the port. (UID-401)
Warning: Design rule attributes from the driving cell will be
	set on the port. (UID-401)
Warning: Design rule attributes from the driving cell will be
	set on the port. (UID-401)
Warning: Design rule attributes from the driving cell will be
	set on the port. (UID-401)
Warning: Design rule attributes from the driving cell will be
	set on the port. (UID-401)
Warning: Design rule attributes from the driving cell will be
	set on the port. (UID-401)
Warning: Design rule attributes from the driving cell will be
	set on the port. (UID-401)
Warning: Design rule attributes from the driving cell will be
	set on the port. (UID-401)
Warning: Design rule attributes from the driving cell will be
	set on the port. (UID-401)
Warning: Design rule attributes from the driving cell will be
	set on the port. (UID-401)
Warning: Design rule attributes from the driving cell will be
	set on the port. (UID-401)
Warning: Design rule attributes from the driving cell will be
	set on the port. (UID-401)
Warning: Design rule attributes from the driving cell will be
	set on the port. (UID-401)
Warning: Design rule attributes from the driving cell will be
	set on the port. (UID-401)
Warning: Design rule attributes from the driving cell will be
	set on the port. (UID-401)
Warning: Design rule attributes from the driving cell will be
	set on the port. (UID-401)
Warning: Design rule attributes from the driving cell will be
	set on the port. (UID-401)
Warning: Design rule attributes from the driving cell will be
	set on the port. (UID-401)
Warning: Design rule attributes from the driving cell will be
	set on the port. (UID-401)
Warning: Design rule attributes from the driving cell will be
	set on the port. (UID-401)
Warning: Design rule attributes from the driving cell will be
	set on the port. (UID-401)
Warning: Design rule attributes from the driving cell will be
	set on the port. (UID-401)
Warning: Design rule attributes from the driving cell will be
	set on the port. (UID-401)
Warning: Design rule attributes from the driving cell will be
	set on the port. (UID-401)
Warning: Design rule attributes from the driving cell will be
	set on the port. (UID-401)
Warning: Design rule attributes from the driving cell will be
	set on the port. (UID-401)
Warning: Design rule attributes from the driving cell will be
	set on the port. (UID-401)
Warning: Design rule attributes from the driving cell will be
	set on the port. (UID-401)
Warning: Design rule attributes from the driving cell will be
	set on the port. (UID-401)
Warning: Design rule attributes from the driving cell will be
	set on the port. (UID-401)
Warning: Design rule attributes from the driving cell will be
	set on the port. (UID-401)
Warning: Design rule attributes from the driving cell will be
	set on the port. (UID-401)
Warning: Design rule attributes from the driving cell will be
	set on the port. (UID-401)
Warning: Design rule attributes from the driving cell will be
	set on the port. (UID-401)
Warning: Design rule attributes from the driving cell will be
	set on the port. (UID-401)
Warning: Design rule attributes from the driving cell will be
	set on the port. (UID-401)
Warning: Design rule attributes from the driving cell will be
	set on the port. (UID-401)
Warning: Design rule attributes from the driving cell will be
	set on the port. (UID-401)
Warning: Design rule attributes from the driving cell will be
	set on the port. (UID-401)
Warning: Design rule attributes from the driving cell will be
	set on the port. (UID-401)
Warning: Design rule attributes from the driving cell will be
	set on the port. (UID-401)
Warning: Design rule attributes from the driving cell will be
	set on the port. (UID-401)
Warning: Design rule attributes from the driving cell will be
	set on the port. (UID-401)
Warning: Design rule attributes from the driving cell will be
	set on the port. (UID-401)
Warning: Design rule attributes from the driving cell will be
	set on the port. (UID-401)
Warning: Design rule attributes from the driving cell will be
	set on the port. (UID-401)
Warning: Design rule attributes from the driving cell will be
	set on the port. (UID-401)
Warning: Design rule attributes from the driving cell will be
	set on the port. (UID-401)
Warning: Design rule attributes from the driving cell will be
	set on the port. (UID-401)
Warning: Design rule attributes from the driving cell will be
	set on the port. (UID-401)
Warning: Design rule attributes from the driving cell will be
	set on the port. (UID-401)
Warning: Design rule attributes from the driving cell will be
	set on the port. (UID-401)
Warning: Design rule attributes from the driving cell will be
	set on the port. (UID-401)
Warning: Design rule attributes from the driving cell will be
	set on the port. (UID-401)
Warning: Design rule attributes from the driving cell will be
	set on the port. (UID-401)
Warning: Design rule attributes from the driving cell will be
	set on the port. (UID-401)
Warning: Design rule attributes from the driving cell will be
	set on the port. (UID-401)
Warning: Design rule attributes from the driving cell will be
	set on the port. (UID-401)
Warning: Design rule attributes from the driving cell will be
	set on the port. (UID-401)
Warning: Design rule attributes from the driving cell will be
	set on the port. (UID-401)
Warning: Design rule attributes from the driving cell will be
	set on the port. (UID-401)
Warning: Design rule attributes from the driving cell will be
	set on the port. (UID-401)
Warning: Design rule attributes from the driving cell will be
	set on the port. (UID-401)
Warning: Design rule attributes from the driving cell will be
	set on the port. (UID-401)
Warning: Design rule attributes from the driving cell will be
	set on the port. (UID-401)
Warning: Design rule attributes from the driving cell will be
	set on the port. (UID-401)
Warning: Design rule attributes from the driving cell will be
	set on the port. (UID-401)
Warning: Design rule attributes from the driving cell will be
	set on the port. (UID-401)
Warning: Design rule attributes from the driving cell will be
	set on the port. (UID-401)
Warning: Design rule attributes from the driving cell will be
	set on the port. (UID-401)
Warning: Design rule attributes from the driving cell will be
	set on the port. (UID-401)
Warning: Design rule attributes from the driving cell will be
	set on the port. (UID-401)
Warning: Design rule attributes from the driving cell will be
	set on the port. (UID-401)
Warning: Design rule attributes from the driving cell will be
	set on the port. (UID-401)
Warning: Design rule attributes from the driving cell will be
	set on the port. (UID-401)
Warning: Design rule attributes from the driving cell will be
	set on the port. (UID-401)
Warning: Design rule attributes from the driving cell will be
	set on the port. (UID-401)
Warning: Design rule attributes from the driving cell will be
	set on the port. (UID-401)
Warning: Design rule attributes from the driving cell will be
	set on the port. (UID-401)
Warning: Design rule attributes from the driving cell will be
	set on the port. (UID-401)
Warning: Design rule attributes from the driving cell will be
	set on the port. (UID-401)
Warning: Design rule attributes from the driving cell will be
	set on the port. (UID-401)
Warning: Design rule attributes from the driving cell will be
	set on the port. (UID-401)
Warning: Design rule attributes from the driving cell will be
	set on the port. (UID-401)
Warning: Design rule attributes from the driving cell will be
	set on the port. (UID-401)
Warning: Design rule attributes from the driving cell will be
	set on the port. (UID-401)
Warning: Design rule attributes from the driving cell will be
	set on the port. (UID-401)
Warning: Design rule attributes from the driving cell will be
	set on the port. (UID-401)
Warning: Design rule attributes from the driving cell will be
	set on the port. (UID-401)
Warning: Design rule attributes from the driving cell will be
	set on the port. (UID-401)
Warning: Design rule attributes from the driving cell will be
	set on the port. (UID-401)
Warning: Design rule attributes from the driving cell will be
	set on the port. (UID-401)
Warning: Design rule attributes from the driving cell will be
	set on the port. (UID-401)
Warning: Design rule attributes from the driving cell will be
	set on the port. (UID-401)
Warning: Design rule attributes from the driving cell will be
	set on the port. (UID-401)
Warning: Design rule attributes from the driving cell will be
	set on the port. (UID-401)
Warning: Design rule attributes from the driving cell will be
	set on the port. (UID-401)
Warning: Design rule attributes from the driving cell will be
	set on the port. (UID-401)
Warning: Design rule attributes from the driving cell will be
	set on the port. (UID-401)
Warning: Design rule attributes from the driving cell will be
	set on the port. (UID-401)
Warning: Design rule attributes from the driving cell will be
	set on the port. (UID-401)
Warning: Design rule attributes from the driving cell will be
	set on the port. (UID-401)
Warning: Design rule attributes from the driving cell will be
	set on the port. (UID-401)
Warning: Design rule attributes from the driving cell will be
	set on the port. (UID-401)
Warning: Design rule attributes from the driving cell will be
	set on the port. (UID-401)
Warning: Design rule attributes from the driving cell will be
	set on the port. (UID-401)
Warning: Design rule attributes from the driving cell will be
	set on the port. (UID-401)
Warning: Design rule attributes from the driving cell will be
	set on the port. (UID-401)
Warning: Design rule attributes from the driving cell will be
	set on the port. (UID-401)
Warning: Design rule attributes from the driving cell will be
	set on the port. (UID-401)
Warning: Design rule attributes from the driving cell will be
	set on the port. (UID-401)
Warning: Design rule attributes from the driving cell will be
	set on the port. (UID-401)
Warning: Design rule attributes from the driving cell will be
	set on the port. (UID-401)
Warning: Design rule attributes from the driving cell will be
	set on the port. (UID-401)
Warning: Design rule attributes from the driving cell will be
	set on the port. (UID-401)
Warning: Design rule attributes from the driving cell will be
	set on the port. (UID-401)
Warning: Design rule attributes from the driving cell will be
	set on the port. (UID-401)
Warning: Design rule attributes from the driving cell will be
	set on the port. (UID-401)
Warning: Design rule attributes from the driving cell will be
	set on the port. (UID-401)
Warning: Design rule attributes from the driving cell will be
	set on the port. (UID-401)
Warning: Design rule attributes from the driving cell will be
	set on the port. (UID-401)
Warning: Design rule attributes from the driving cell will be
	set on the port. (UID-401)
Warning: Design rule attributes from the driving cell will be
	set on the port. (UID-401)
Warning: Design rule attributes from the driving cell will be
	set on the port. (UID-401)
Warning: Design rule attributes from the driving cell will be
	set on the port. (UID-401)
Warning: Design rule attributes from the driving cell will be
	set on the port. (UID-401)
Warning: Design rule attributes from the driving cell will be
	set on the port. (UID-401)
Warning: Design rule attributes from the driving cell will be
	set on the port. (UID-401)
Warning: Design rule attributes from the driving cell will be
	set on the port. (UID-401)
Warning: Design rule attributes from the driving cell will be
	set on the port. (UID-401)
Warning: Design rule attributes from the driving cell will be
	set on the port. (UID-401)
Warning: Design rule attributes from the driving cell will be
	set on the port. (UID-401)
Warning: Design rule attributes from the driving cell will be
	set on the port. (UID-401)
Warning: Design rule attributes from the driving cell will be
	set on the port. (UID-401)
Warning: Design rule attributes from the driving cell will be
	set on the port. (UID-401)
Warning: Design rule attributes from the driving cell will be
	set on the port. (UID-401)
Warning: Design rule attributes from the driving cell will be
	set on the port. (UID-401)
Warning: Design rule attributes from the driving cell will be
	set on the port. (UID-401)
Warning: Design rule attributes from the driving cell will be
	set on the port. (UID-401)
Warning: Design rule attributes from the driving cell will be
	set on the port. (UID-401)
Warning: Design rule attributes from the driving cell will be
	set on the port. (UID-401)
Warning: Design rule attributes from the driving cell will be
	set on the port. (UID-401)
Warning: Design rule attributes from the driving cell will be
	set on the port. (UID-401)
Warning: Design rule attributes from the driving cell will be
	set on the port. (UID-401)
Warning: Design rule attributes from the driving cell will be
	set on the port. (UID-401)
Warning: Design rule attributes from the driving cell will be
	set on the port. (UID-401)
Warning: Design rule attributes from the driving cell will be
	set on the port. (UID-401)
Warning: Design rule attributes from the driving cell will be
	set on the port. (UID-401)
Warning: Design rule attributes from the driving cell will be
	set on the port. (UID-401)
Warning: Design rule attributes from the driving cell will be
	set on the port. (UID-401)
Warning: Design rule attributes from the driving cell will be
	set on the port. (UID-401)
Warning: Design rule attributes from the driving cell will be
	set on the port. (UID-401)
Warning: Design rule attributes from the driving cell will be
	set on the port. (UID-401)
Warning: Design rule attributes from the driving cell will be
	set on the port. (UID-401)
Warning: Design rule attributes from the driving cell will be
	set on the port. (UID-401)
Warning: Design rule attributes from the driving cell will be
	set on the port. (UID-401)
Warning: Design rule attributes from the driving cell will be
	set on the port. (UID-401)
Warning: Design rule attributes from the driving cell will be
	set on the port. (UID-401)
Warning: Design rule attributes from the driving cell will be
	set on the port. (UID-401)
Warning: Design rule attributes from the driving cell will be
	set on the port. (UID-401)
Warning: Design rule attributes from the driving cell will be
	set on the port. (UID-401)
Warning: Design rule attributes from the driving cell will be
	set on the port. (UID-401)
Warning: Design rule attributes from the driving cell will be
	set on the port. (UID-401)
Warning: Design rule attributes from the driving cell will be
	set on the port. (UID-401)
Warning: Design rule attributes from the driving cell will be
	set on the port. (UID-401)
Warning: Design rule attributes from the driving cell will be
	set on the port. (UID-401)
Warning: Design rule attributes from the driving cell will be
	set on the port. (UID-401)
Warning: Design rule attributes from the driving cell will be
	set on the port. (UID-401)
Warning: Design rule attributes from the driving cell will be
	set on the port. (UID-401)
Warning: Design rule attributes from the driving cell will be
	set on the port. (UID-401)
Warning: Design rule attributes from the driving cell will be
	set on the port. (UID-401)
Warning: Design rule attributes from the driving cell will be
	set on the port. (UID-401)
Warning: Design rule attributes from the driving cell will be
	set on the port. (UID-401)
Warning: Design rule attributes from the driving cell will be
	set on the port. (UID-401)
Warning: Design rule attributes from the driving cell will be
	set on the port. (UID-401)
Warning: Design rule attributes from the driving cell will be
	set on the port. (UID-401)
Warning: Design rule attributes from the driving cell will be
	set on the port. (UID-401)
Warning: Design rule attributes from the driving cell will be
	set on the port. (UID-401)
Warning: Design rule attributes from the driving cell will be
	set on the port. (UID-401)
Warning: Design rule attributes from the driving cell will be
	set on the port. (UID-401)
Warning: Design rule attributes from the driving cell will be
	set on the port. (UID-401)
Warning: Design rule attributes from the driving cell will be
	set on the port. (UID-401)
Warning: Design rule attributes from the driving cell will be
	set on the port. (UID-401)
Warning: Design rule attributes from the driving cell will be
	set on the port. (UID-401)
Warning: Design rule attributes from the driving cell will be
	set on the port. (UID-401)
Warning: Design rule attributes from the driving cell will be
	set on the port. (UID-401)
Warning: Design rule attributes from the driving cell will be
	set on the port. (UID-401)
Warning: Design rule attributes from the driving cell will be
	set on the port. (UID-401)
Warning: Design rule attributes from the driving cell will be
	set on the port. (UID-401)
Warning: Design rule attributes from the driving cell will be
	set on the port. (UID-401)
Warning: Design rule attributes from the driving cell will be
	set on the port. (UID-401)
Warning: Design rule attributes from the driving cell will be
	set on the port. (UID-401)
Warning: Design rule attributes from the driving cell will be
	set on the port. (UID-401)
Warning: Design rule attributes from the driving cell will be
	set on the port. (UID-401)
Warning: Design rule attributes from the driving cell will be
	set on the port. (UID-401)
Warning: Design rule attributes from the driving cell will be
	set on the port. (UID-401)
Warning: Design rule attributes from the driving cell will be
	set on the port. (UID-401)
Warning: Design rule attributes from the driving cell will be
	set on the port. (UID-401)
Warning: Design rule attributes from the driving cell will be
	set on the port. (UID-401)
Warning: Design rule attributes from the driving cell will be
	set on the port. (UID-401)
Warning: Design rule attributes from the driving cell will be
	set on the port. (UID-401)
Warning: Design rule attributes from the driving cell will be
	set on the port. (UID-401)
Warning: Design rule attributes from the driving cell will be
	set on the port. (UID-401)
Warning: Design rule attributes from the driving cell will be
	set on the port. (UID-401)
Warning: Design rule attributes from the driving cell will be
	set on the port. (UID-401)
Warning: Design rule attributes from the driving cell will be
	set on the port. (UID-401)
Warning: Design rule attributes from the driving cell will be
	set on the port. (UID-401)
Warning: Design rule attributes from the driving cell will be
	set on the port. (UID-401)
Warning: Design rule attributes from the driving cell will be
	set on the port. (UID-401)
Warning: Design rule attributes from the driving cell will be
	set on the port. (UID-401)
Warning: Design rule attributes from the driving cell will be
	set on the port. (UID-401)
Warning: Design rule attributes from the driving cell will be
	set on the port. (UID-401)
Warning: Design rule attributes from the driving cell will be
	set on the port. (UID-401)
Warning: Design rule attributes from the driving cell will be
	set on the port. (UID-401)
Warning: Design rule attributes from the driving cell will be
	set on the port. (UID-401)
Warning: Design rule attributes from the driving cell will be
	set on the port. (UID-401)
Warning: Design rule attributes from the driving cell will be
	set on the port. (UID-401)
Warning: Design rule attributes from the driving cell will be
	set on the port. (UID-401)
Warning: Design rule attributes from the driving cell will be
	set on the port. (UID-401)
Warning: Design rule attributes from the driving cell will be
	set on the port. (UID-401)
Warning: Design rule attributes from the driving cell will be
	set on the port. (UID-401)
Warning: Design rule attributes from the driving cell will be
	set on the port. (UID-401)
Warning: Design rule attributes from the driving cell will be
	set on the port. (UID-401)
Warning: Design rule attributes from the driving cell will be
	set on the port. (UID-401)
Warning: Design rule attributes from the driving cell will be
	set on the port. (UID-401)
Warning: Design rule attributes from the driving cell will be
	set on the port. (UID-401)
Warning: Design rule attributes from the driving cell will be
	set on the port. (UID-401)
Warning: Design rule attributes from the driving cell will be
	set on the port. (UID-401)
Warning: Design rule attributes from the driving cell will be
	set on the port. (UID-401)
Warning: Design rule attributes from the driving cell will be
	set on the port. (UID-401)
Warning: Design rule attributes from the driving cell will be
	set on the port. (UID-401)
Warning: Design rule attributes from the driving cell will be
	set on the port. (UID-401)
Warning: Design rule attributes from the driving cell will be
	set on the port. (UID-401)
Warning: Design rule attributes from the driving cell will be
	set on the port. (UID-401)
Warning: Design rule attributes from the driving cell will be
	set on the port. (UID-401)
Warning: Design rule attributes from the driving cell will be
	set on the port. (UID-401)
Warning: Design rule attributes from the driving cell will be
	set on the port. (UID-401)
Warning: Design rule attributes from the driving cell will be
	set on the port. (UID-401)
Warning: Design rule attributes from the driving cell will be
	set on the port. (UID-401)
Warning: Design rule attributes from the driving cell will be
	set on the port. (UID-401)
Warning: Design rule attributes from the driving cell will be
	set on the port. (UID-401)
Warning: Design rule attributes from the driving cell will be
	set on the port. (UID-401)
Warning: Design rule attributes from the driving cell will be
	set on the port. (UID-401)
Warning: Design rule attributes from the driving cell will be
	set on the port. (UID-401)
Warning: Design rule attributes from the driving cell will be
	set on the port. (UID-401)
Warning: Design rule attributes from the driving cell will be
	set on the port. (UID-401)
Warning: Design rule attributes from the driving cell will be
	set on the port. (UID-401)
Warning: Design rule attributes from the driving cell will be
	set on the port. (UID-401)
Warning: Design rule attributes from the driving cell will be
	set on the port. (UID-401)
Warning: Design rule attributes from the driving cell will be
	set on the port. (UID-401)
Warning: Design rule attributes from the driving cell will be
	set on the port. (UID-401)
Warning: Design rule attributes from the driving cell will be
	set on the port. (UID-401)
Warning: Design rule attributes from the driving cell will be
	set on the port. (UID-401)
Warning: Design rule attributes from the driving cell will be
	set on the port. (UID-401)
Warning: Design rule attributes from the driving cell will be
	set on the port. (UID-401)
Warning: Design rule attributes from the driving cell will be
	set on the port. (UID-401)
Warning: Design rule attributes from the driving cell will be
	set on the port. (UID-401)
Warning: Design rule attributes from the driving cell will be
	set on the port. (UID-401)
Warning: Design rule attributes from the driving cell will be
	set on the port. (UID-401)
Warning: Design rule attributes from the driving cell will be
	set on the port. (UID-401)
Warning: Design rule attributes from the driving cell will be
	set on the port. (UID-401)
Warning: Design rule attributes from the driving cell will be
	set on the port. (UID-401)
Warning: Design rule attributes from the driving cell will be
	set on the port. (UID-401)
Warning: Design rule attributes from the driving cell will be
	set on the port. (UID-401)
Warning: Design rule attributes from the driving cell will be
	set on the port. (UID-401)
Warning: Design rule attributes from the driving cell will be
	set on the port. (UID-401)
Warning: Design rule attributes from the driving cell will be
	set on the port. (UID-401)
Warning: Design rule attributes from the driving cell will be
	set on the port. (UID-401)
Warning: Design rule attributes from the driving cell will be
	set on the port. (UID-401)
Warning: Design rule attributes from the driving cell will be
	set on the port. (UID-401)
Warning: Design rule attributes from the driving cell will be
	set on the port. (UID-401)
Warning: Design rule attributes from the driving cell will be
	set on the port. (UID-401)
Warning: Design rule attributes from the driving cell will be
	set on the port. (UID-401)
Warning: Design rule attributes from the driving cell will be
	set on the port. (UID-401)
Warning: Design rule attributes from the driving cell will be
	set on the port. (UID-401)
Warning: Design rule attributes from the driving cell will be
	set on the port. (UID-401)
Warning: Design rule attributes from the driving cell will be
	set on the port. (UID-401)
Warning: Design rule attributes from the driving cell will be
	set on the port. (UID-401)
Warning: Design rule attributes from the driving cell will be
	set on the port. (UID-401)
Warning: Design rule attributes from the driving cell will be
	set on the port. (UID-401)
Warning: Design rule attributes from the driving cell will be
	set on the port. (UID-401)
Warning: Design rule attributes from the driving cell will be
	set on the port. (UID-401)
Warning: Design rule attributes from the driving cell will be
	set on the port. (UID-401)
Warning: Design rule attributes from the driving cell will be
	set on the port. (UID-401)
Warning: Design rule attributes from the driving cell will be
	set on the port. (UID-401)
Warning: Design rule attributes from the driving cell will be
	set on the port. (UID-401)
Warning: Design rule attributes from the driving cell will be
	set on the port. (UID-401)
Warning: Design rule attributes from the driving cell will be
	set on the port. (UID-401)
Warning: Design rule attributes from the driving cell will be
	set on the port. (UID-401)
Warning: Design rule attributes from the driving cell will be
	set on the port. (UID-401)
Warning: Design rule attributes from the driving cell will be
	set on the port. (UID-401)
Warning: Design rule attributes from the driving cell will be
	set on the port. (UID-401)
Warning: Design rule attributes from the driving cell will be
	set on the port. (UID-401)
Warning: Design rule attributes from the driving cell will be
	set on the port. (UID-401)
Warning: Design rule attributes from the driving cell will be
	set on the port. (UID-401)
Warning: Design rule attributes from the driving cell will be
	set on the port. (UID-401)
Warning: Design rule attributes from the driving cell will be
	set on the port. (UID-401)
Warning: Design rule attributes from the driving cell will be
	set on the port. (UID-401)
Warning: Design rule attributes from the driving cell will be
	set on the port. (UID-401)
Warning: Design rule attributes from the driving cell will be
	set on the port. (UID-401)
Warning: Design rule attributes from the driving cell will be
	set on the port. (UID-401)
Warning: Design rule attributes from the driving cell will be
	set on the port. (UID-401)
Warning: Design rule attributes from the driving cell will be
	set on the port. (UID-401)
Warning: Design rule attributes from the driving cell will be
	set on the port. (UID-401)
Warning: Design rule attributes from the driving cell will be
	set on the port. (UID-401)
Warning: Design rule attributes from the driving cell will be
	set on the port. (UID-401)
Warning: Design rule attributes from the driving cell will be
	set on the port. (UID-401)
Warning: Design rule attributes from the driving cell will be
	set on the port. (UID-401)
Warning: Design rule attributes from the driving cell will be
	set on the port. (UID-401)
Warning: Design rule attributes from the driving cell will be
	set on the port. (UID-401)
Warning: Design rule attributes from the driving cell will be
	set on the port. (UID-401)
Warning: Design rule attributes from the driving cell will be
	set on the port. (UID-401)
Warning: Design rule attributes from the driving cell will be
	set on the port. (UID-401)
Warning: Design rule attributes from the driving cell will be
	set on the port. (UID-401)
Warning: Design rule attributes from the driving cell will be
	set on the port. (UID-401)
Warning: Design rule attributes from the driving cell will be
	set on the port. (UID-401)
Warning: Design rule attributes from the driving cell will be
	set on the port. (UID-401)
Warning: Design rule attributes from the driving cell will be
	set on the port. (UID-401)
Warning: Design rule attributes from the driving cell will be
	set on the port. (UID-401)
Warning: Design rule attributes from the driving cell will be
	set on the port. (UID-401)
Warning: Design rule attributes from the driving cell will be
	set on the port. (UID-401)
Warning: Design rule attributes from the driving cell will be
	set on the port. (UID-401)
Warning: Design rule attributes from the driving cell will be
	set on the port. (UID-401)
Warning: Design rule attributes from the driving cell will be
	set on the port. (UID-401)
Warning: Design rule attributes from the driving cell will be
	set on the port. (UID-401)
Warning: Design rule attributes from the driving cell will be
	set on the port. (UID-401)
Warning: Design rule attributes from the driving cell will be
	set on the port. (UID-401)
Warning: Design rule attributes from the driving cell will be
	set on the port. (UID-401)
Warning: Design rule attributes from the driving cell will be
	set on the port. (UID-401)
Warning: Design rule attributes from the driving cell will be
	set on the port. (UID-401)
Warning: Design rule attributes from the driving cell will be
	set on the port. (UID-401)
Warning: Design rule attributes from the driving cell will be
	set on the port. (UID-401)
Warning: Design rule attributes from the driving cell will be
	set on the port. (UID-401)
Warning: Design rule attributes from the driving cell will be
	set on the port. (UID-401)
Warning: Design rule attributes from the driving cell will be
	set on the port. (UID-401)
Warning: Design rule attributes from the driving cell will be
	set on the port. (UID-401)
Warning: Design rule attributes from the driving cell will be
	set on the port. (UID-401)
Warning: Design rule attributes from the driving cell will be
	set on the port. (UID-401)
Warning: Design rule attributes from the driving cell will be
	set on the port. (UID-401)
Warning: Design rule attributes from the driving cell will be
	set on the port. (UID-401)
Warning: Design rule attributes from the driving cell will be
	set on the port. (UID-401)
Warning: Design rule attributes from the driving cell will be
	set on the port. (UID-401)
Warning: Design rule attributes from the driving cell will be
	set on the port. (UID-401)
Warning: Design rule attributes from the driving cell will be
	set on the port. (UID-401)
Warning: Design rule attributes from the driving cell will be
	set on the port. (UID-401)
Warning: Design rule attributes from the driving cell will be
	set on the port. (UID-401)
Warning: Design rule attributes from the driving cell will be
	set on the port. (UID-401)
Warning: Design rule attributes from the driving cell will be
	set on the port. (UID-401)
Warning: Design rule attributes from the driving cell will be
	set on the port. (UID-401)
Warning: Design rule attributes from the driving cell will be
	set on the port. (UID-401)
Warning: Design rule attributes from the driving cell will be
	set on the port. (UID-401)
Warning: Design rule attributes from the driving cell will be
	set on the port. (UID-401)
Warning: Design rule attributes from the driving cell will be
	set on the port. (UID-401)
Warning: Design rule attributes from the driving cell will be
	set on the port. (UID-401)
Warning: Design rule attributes from the driving cell will be
	set on the port. (UID-401)
Warning: Design rule attributes from the driving cell will be
	set on the port. (UID-401)
Warning: Design rule attributes from the driving cell will be
	set on the port. (UID-401)
Warning: Design rule attributes from the driving cell will be
	set on the port. (UID-401)
Warning: Design rule attributes from the driving cell will be
	set on the port. (UID-401)
Warning: Design rule attributes from the driving cell will be
	set on the port. (UID-401)
Warning: Design rule attributes from the driving cell will be
	set on the port. (UID-401)
Warning: Design rule attributes from the driving cell will be
	set on the port. (UID-401)
Warning: Design rule attributes from the driving cell will be
	set on the port. (UID-401)
Warning: Design rule attributes from the driving cell will be
	set on the port. (UID-401)
Warning: Design rule attributes from the driving cell will be
	set on the port. (UID-401)
Warning: Design rule attributes from the driving cell will be
	set on the port. (UID-401)
Warning: Design rule attributes from the driving cell will be
	set on the port. (UID-401)
Warning: Design rule attributes from the driving cell will be
	set on the port. (UID-401)
Warning: Design rule attributes from the driving cell will be
	set on the port. (UID-401)
Warning: Design rule attributes from the driving cell will be
	set on the port. (UID-401)
Warning: Design rule attributes from the driving cell will be
	set on the port. (UID-401)
Warning: Design rule attributes from the driving cell will be
	set on the port. (UID-401)
Warning: Design rule attributes from the driving cell will be
	set on the port. (UID-401)
Warning: Design rule attributes from the driving cell will be
	set on the port. (UID-401)
Warning: Design rule attributes from the driving cell will be
	set on the port. (UID-401)
Warning: Design rule attributes from the driving cell will be
	set on the port. (UID-401)
Warning: Design rule attributes from the driving cell will be
	set on the port. (UID-401)
Warning: Design rule attributes from the driving cell will be
	set on the port. (UID-401)
Warning: Design rule attributes from the driving cell will be
	set on the port. (UID-401)
Warning: Design rule attributes from the driving cell will be
	set on the port. (UID-401)
Warning: Design rule attributes from the driving cell will be
	set on the port. (UID-401)
Warning: Design rule attributes from the driving cell will be
	set on the port. (UID-401)
Warning: Design rule attributes from the driving cell will be
	set on the port. (UID-401)
Warning: Design rule attributes from the driving cell will be
	set on the port. (UID-401)
Warning: Design rule attributes from the driving cell will be
	set on the port. (UID-401)
Warning: Design rule attributes from the driving cell will be
	set on the port. (UID-401)
Warning: Design rule attributes from the driving cell will be
	set on the port. (UID-401)
Warning: Design rule attributes from the driving cell will be
	set on the port. (UID-401)
Warning: Design rule attributes from the driving cell will be
	set on the port. (UID-401)
Warning: Design rule attributes from the driving cell will be
	set on the port. (UID-401)
Warning: Design rule attributes from the driving cell will be
	set on the port. (UID-401)
Warning: Design rule attributes from the driving cell will be
	set on the port. (UID-401)
Warning: Design rule attributes from the driving cell will be
	set on the port. (UID-401)
Warning: Design rule attributes from the driving cell will be
	set on the port. (UID-401)
Warning: Design rule attributes from the driving cell will be
	set on the port. (UID-401)
Warning: Design rule attributes from the driving cell will be
	set on the port. (UID-401)
Warning: Design rule attributes from the driving cell will be
	set on the port. (UID-401)
Warning: Design rule attributes from the driving cell will be
	set on the port. (UID-401)
Warning: Design rule attributes from the driving cell will be
	set on the port. (UID-401)
Warning: Design rule attributes from the driving cell will be
	set on the port. (UID-401)
Warning: Design rule attributes from the driving cell will be
	set on the port. (UID-401)
Warning: Design rule attributes from the driving cell will be
	set on the port. (UID-401)
Warning: Design rule attributes from the driving cell will be
	set on the port. (UID-401)
Warning: Design rule attributes from the driving cell will be
	set on the port. (UID-401)
Warning: Design rule attributes from the driving cell will be
	set on the port. (UID-401)
Warning: Design rule attributes from the driving cell will be
	set on the port. (UID-401)
Warning: Design rule attributes from the driving cell will be
	set on the port. (UID-401)
Warning: Design rule attributes from the driving cell will be
	set on the port. (UID-401)
Warning: Design rule attributes from the driving cell will be
	set on the port. (UID-401)
Warning: Design rule attributes from the driving cell will be
	set on the port. (UID-401)
Warning: Design rule attributes from the driving cell will be
	set on the port. (UID-401)
Warning: Design rule attributes from the driving cell will be
	set on the port. (UID-401)
Warning: Design rule attributes from the driving cell will be
	set on the port. (UID-401)
Warning: Design rule attributes from the driving cell will be
	set on the port. (UID-401)
Warning: Design rule attributes from the driving cell will be
	set on the port. (UID-401)
Warning: Design rule attributes from the driving cell will be
	set on the port. (UID-401)
Warning: Design rule attributes from the driving cell will be
	set on the port. (UID-401)
Warning: Design rule attributes from the driving cell will be
	set on the port. (UID-401)
Warning: Design rule attributes from the driving cell will be
	set on the port. (UID-401)
Warning: Design rule attributes from the driving cell will be
	set on the port. (UID-401)
Warning: Design rule attributes from the driving cell will be
	set on the port. (UID-401)
Warning: Design rule attributes from the driving cell will be
	set on the port. (UID-401)
Warning: Design rule attributes from the driving cell will be
	set on the port. (UID-401)
Warning: Design rule attributes from the driving cell will be
	set on the port. (UID-401)
Warning: Design rule attributes from the driving cell will be
	set on the port. (UID-401)
Warning: Design rule attributes from the driving cell will be
	set on the port. (UID-401)
Warning: Design rule attributes from the driving cell will be
	set on the port. (UID-401)
Warning: Design rule attributes from the driving cell will be
	set on the port. (UID-401)
Warning: Design rule attributes from the driving cell will be
	set on the port. (UID-401)
Warning: Design rule attributes from the driving cell will be
	set on the port. (UID-401)
Warning: Design rule attributes from the driving cell will be
	set on the port. (UID-401)
Warning: Design rule attributes from the driving cell will be
	set on the port. (UID-401)
Warning: Design rule attributes from the driving cell will be
	set on the port. (UID-401)
Warning: Design rule attributes from the driving cell will be
	set on the port. (UID-401)
Warning: Design rule attributes from the driving cell will be
	set on the port. (UID-401)
Warning: Design rule attributes from the driving cell will be
	set on the port. (UID-401)
Warning: Design rule attributes from the driving cell will be
	set on the port. (UID-401)
Warning: Design rule attributes from the driving cell will be
	set on the port. (UID-401)
Warning: Design rule attributes from the driving cell will be
	set on the port. (UID-401)
Warning: Design rule attributes from the driving cell will be
	set on the port. (UID-401)
Warning: Design rule attributes from the driving cell will be
	set on the port. (UID-401)
Warning: Design rule attributes from the driving cell will be
	set on the port. (UID-401)
Warning: Design rule attributes from the driving cell will be
	set on the port. (UID-401)
Warning: Design rule attributes from the driving cell will be
	set on the port. (UID-401)
Warning: Design rule attributes from the driving cell will be
	set on the port. (UID-401)
Warning: Design rule attributes from the driving cell will be
	set on the port. (UID-401)
Warning: Design rule attributes from the driving cell will be
	set on the port. (UID-401)
Warning: Design rule attributes from the driving cell will be
	set on the port. (UID-401)
Warning: Design rule attributes from the driving cell will be
	set on the port. (UID-401)
Warning: Design rule attributes from the driving cell will be
	set on the port. (UID-401)
Warning: Design rule attributes from the driving cell will be
	set on the port. (UID-401)
Warning: Design rule attributes from the driving cell will be
	set on the port. (UID-401)
Warning: Design rule attributes from the driving cell will be
	set on the port. (UID-401)
Warning: Design rule attributes from the driving cell will be
	set on the port. (UID-401)
Warning: Design rule attributes from the driving cell will be
	set on the port. (UID-401)
Warning: Design rule attributes from the driving cell will be
	set on the port. (UID-401)
Warning: Design rule attributes from the driving cell will be
	set on the port. (UID-401)
Warning: Design rule attributes from the driving cell will be
	set on the port. (UID-401)
Warning: Design rule attributes from the driving cell will be
	set on the port. (UID-401)
Warning: Design rule attributes from the driving cell will be
	set on the port. (UID-401)
Warning: Design rule attributes from the driving cell will be
	set on the port. (UID-401)
Warning: Design rule attributes from the driving cell will be
	set on the port. (UID-401)
Warning: Design rule attributes from the driving cell will be
	set on the port. (UID-401)
Warning: Design rule attributes from the driving cell will be
	set on the port. (UID-401)
Warning: Design rule attributes from the driving cell will be
	set on the port. (UID-401)
Warning: Design rule attributes from the driving cell will be
	set on the port. (UID-401)
Warning: Design rule attributes from the driving cell will be
	set on the port. (UID-401)
Warning: Design rule attributes from the driving cell will be
	set on the port. (UID-401)
Warning: Design rule attributes from the driving cell will be
	set on the port. (UID-401)
Warning: Design rule attributes from the driving cell will be
	set on the port. (UID-401)
Warning: Design rule attributes from the driving cell will be
	set on the port. (UID-401)
Warning: Design rule attributes from the driving cell will be
	set on the port. (UID-401)
Warning: Design rule attributes from the driving cell will be
	set on the port. (UID-401)
Warning: Design rule attributes from the driving cell will be
	set on the port. (UID-401)
Warning: Design rule attributes from the driving cell will be
	set on the port. (UID-401)
Warning: Design rule attributes from the driving cell will be
	set on the port. (UID-401)
Warning: Design rule attributes from the driving cell will be
	set on the port. (UID-401)
Warning: Design rule attributes from the driving cell will be
	set on the port. (UID-401)
Warning: Design rule attributes from the driving cell will be
	set on the port. (UID-401)
Warning: Design rule attributes from the driving cell will be
	set on the port. (UID-401)
Warning: Design rule attributes from the driving cell will be
	set on the port. (UID-401)
Warning: Design rule attributes from the driving cell will be
	set on the port. (UID-401)
Warning: Design rule attributes from the driving cell will be
	set on the port. (UID-401)
Warning: Design rule attributes from the driving cell will be
	set on the port. (UID-401)
Warning: Design rule attributes from the driving cell will be
	set on the port. (UID-401)
Warning: Design rule attributes from the driving cell will be
	set on the port. (UID-401)
Warning: Design rule attributes from the driving cell will be
	set on the port. (UID-401)
Warning: Design rule attributes from the driving cell will be
	set on the port. (UID-401)
Warning: Design rule attributes from the driving cell will be
	set on the port. (UID-401)
Warning: Design rule attributes from the driving cell will be
	set on the port. (UID-401)
Warning: Design rule attributes from the driving cell will be
	set on the port. (UID-401)
Warning: Design rule attributes from the driving cell will be
	set on the port. (UID-401)
Warning: Design rule attributes from the driving cell will be
	set on the port. (UID-401)
Warning: Design rule attributes from the driving cell will be
	set on the port. (UID-401)
Warning: Design rule attributes from the driving cell will be
	set on the port. (UID-401)
Warning: Design rule attributes from the driving cell will be
	set on the port. (UID-401)
Warning: Design rule attributes from the driving cell will be
	set on the port. (UID-401)
Warning: Design rule attributes from the driving cell will be
	set on the port. (UID-401)
Warning: Design rule attributes from the driving cell will be
	set on the port. (UID-401)
Warning: Design rule attributes from the driving cell will be
	set on the port. (UID-401)
Warning: Design rule attributes from the driving cell will be
	set on the port. (UID-401)
Warning: Design rule attributes from the driving cell will be
	set on the port. (UID-401)
Warning: Design rule attributes from the driving cell will be
	set on the port. (UID-401)
Warning: Design rule attributes from the driving cell will be
	set on the port. (UID-401)
Warning: Design rule attributes from the driving cell will be
	set on the port. (UID-401)
Warning: Design rule attributes from the driving cell will be
	set on the port. (UID-401)
Warning: Design rule attributes from the driving cell will be
	set on the port. (UID-401)
Warning: Design rule attributes from the driving cell will be
	set on the port. (UID-401)
Warning: Design rule attributes from the driving cell will be
	set on the port. (UID-401)
Warning: Design rule attributes from the driving cell will be
	set on the port. (UID-401)
Warning: Design rule attributes from the driving cell will be
	set on the port. (UID-401)
Warning: Design rule attributes from the driving cell will be
	set on the port. (UID-401)
Warning: Design rule attributes from the driving cell will be
	set on the port. (UID-401)
Warning: Design rule attributes from the driving cell will be
	set on the port. (UID-401)
Warning: Design rule attributes from the driving cell will be
	set on the port. (UID-401)
Warning: Design rule attributes from the driving cell will be
	set on the port. (UID-401)
Warning: Design rule attributes from the driving cell will be
	set on the port. (UID-401)
Warning: Design rule attributes from the driving cell will be
	set on the port. (UID-401)
Warning: Design rule attributes from the driving cell will be
	set on the port. (UID-401)
Warning: Design rule attributes from the driving cell will be
	set on the port. (UID-401)
Warning: Design rule attributes from the driving cell will be
	set on the port. (UID-401)
Warning: Design rule attributes from the driving cell will be
	set on the port. (UID-401)
Warning: Design rule attributes from the driving cell will be
	set on the port. (UID-401)
Warning: Design rule attributes from the driving cell will be
	set on the port. (UID-401)
Warning: Design rule attributes from the driving cell will be
	set on the port. (UID-401)
Warning: Design rule attributes from the driving cell will be
	set on the port. (UID-401)
Warning: Design rule attributes from the driving cell will be
	set on the port. (UID-401)
Warning: Design rule attributes from the driving cell will be
	set on the port. (UID-401)
Warning: Design rule attributes from the driving cell will be
	set on the port. (UID-401)
Warning: Design rule attributes from the driving cell will be
	set on the port. (UID-401)
Warning: Design rule attributes from the driving cell will be
	set on the port. (UID-401)
Warning: Design rule attributes from the driving cell will be
	set on the port. (UID-401)
Warning: Design rule attributes from the driving cell will be
	set on the port. (UID-401)
Warning: Design rule attributes from the driving cell will be
	set on the port. (UID-401)
Warning: Design rule attributes from the driving cell will be
	set on the port. (UID-401)
Warning: Design rule attributes from the driving cell will be
	set on the port. (UID-401)
Warning: Design rule attributes from the driving cell will be
	set on the port. (UID-401)
Warning: Design rule attributes from the driving cell will be
	set on the port. (UID-401)
Warning: Design rule attributes from the driving cell will be
	set on the port. (UID-401)
Warning: Design rule attributes from the driving cell will be
	set on the port. (UID-401)
Warning: Design rule attributes from the driving cell will be
	set on the port. (UID-401)
Warning: Design rule attributes from the driving cell will be
	set on the port. (UID-401)
Warning: Design rule attributes from the driving cell will be
	set on the port. (UID-401)
Warning: Design rule attributes from the driving cell will be
	set on the port. (UID-401)
Warning: Design rule attributes from the driving cell will be
	set on the port. (UID-401)
Warning: Design rule attributes from the driving cell will be
	set on the port. (UID-401)
Warning: Design rule attributes from the driving cell will be
	set on the port. (UID-401)
Warning: Design rule attributes from the driving cell will be
	set on the port. (UID-401)
Warning: Design rule attributes from the driving cell will be
	set on the port. (UID-401)
Warning: Design rule attributes from the driving cell will be
	set on the port. (UID-401)
Warning: Design rule attributes from the driving cell will be
	set on the port. (UID-401)
Warning: Design rule attributes from the driving cell will be
	set on the port. (UID-401)
Warning: Design rule attributes from the driving cell will be
	set on the port. (UID-401)
Warning: Design rule attributes from the driving cell will be
	set on the port. (UID-401)
Warning: Design rule attributes from the driving cell will be
	set on the port. (UID-401)
Warning: Design rule attributes from the driving cell will be
	set on the port. (UID-401)
Warning: Design rule attributes from the driving cell will be
	set on the port. (UID-401)
Warning: Design rule attributes from the driving cell will be
	set on the port. (UID-401)
Warning: Design rule attributes from the driving cell will be
	set on the port. (UID-401)
Warning: Design rule attributes from the driving cell will be
	set on the port. (UID-401)
Warning: Design rule attributes from the driving cell will be
	set on the port. (UID-401)
Warning: Design rule attributes from the driving cell will be
	set on the port. (UID-401)
Warning: Design rule attributes from the driving cell will be
	set on the port. (UID-401)
Warning: Design rule attributes from the driving cell will be
	set on the port. (UID-401)
Warning: Design rule attributes from the driving cell will be
	set on the port. (UID-401)
Warning: Design rule attributes from the driving cell will be
	set on the port. (UID-401)
Warning: Design rule attributes from the driving cell will be
	set on the port. (UID-401)
Warning: Design rule attributes from the driving cell will be
	set on the port. (UID-401)
Warning: Design rule attributes from the driving cell will be
	set on the port. (UID-401)
Warning: Design rule attributes from the driving cell will be
	set on the port. (UID-401)
Warning: Design rule attributes from the driving cell will be
	set on the port. (UID-401)
Warning: Design rule attributes from the driving cell will be
	set on the port. (UID-401)
Warning: Design rule attributes from the driving cell will be
	set on the port. (UID-401)
Warning: Design rule attributes from the driving cell will be
	set on the port. (UID-401)
Warning: Design rule attributes from the driving cell will be
	set on the port. (UID-401)
Warning: Design rule attributes from the driving cell will be
	set on the port. (UID-401)
Warning: Design rule attributes from the driving cell will be
	set on the port. (UID-401)
Warning: Design rule attributes from the driving cell will be
	set on the port. (UID-401)
Warning: Design rule attributes from the driving cell will be
	set on the port. (UID-401)
Warning: Design rule attributes from the driving cell will be
	set on the port. (UID-401)
Warning: Design rule attributes from the driving cell will be
	set on the port. (UID-401)
Warning: Design rule attributes from the driving cell will be
	set on the port. (UID-401)
Warning: Design rule attributes from the driving cell will be
	set on the port. (UID-401)
Warning: Design rule attributes from the driving cell will be
	set on the port. (UID-401)
Warning: Design rule attributes from the driving cell will be
	set on the port. (UID-401)
Warning: Design rule attributes from the driving cell will be
	set on the port. (UID-401)
Warning: Design rule attributes from the driving cell will be
	set on the port. (UID-401)
Warning: Design rule attributes from the driving cell will be
	set on the port. (UID-401)
Warning: Design rule attributes from the driving cell will be
	set on the port. (UID-401)
Warning: Design rule attributes from the driving cell will be
	set on the port. (UID-401)
Warning: Design rule attributes from the driving cell will be
	set on the port. (UID-401)
Warning: Design rule attributes from the driving cell will be
	set on the port. (UID-401)
Warning: Design rule attributes from the driving cell will be
	set on the port. (UID-401)
Warning: Design rule attributes from the driving cell will be
	set on the port. (UID-401)
Warning: Design rule attributes from the driving cell will be
	set on the port. (UID-401)
Warning: Design rule attributes from the driving cell will be
	set on the port. (UID-401)
Warning: Design rule attributes from the driving cell will be
	set on the port. (UID-401)
Warning: Design rule attributes from the driving cell will be
	set on the port. (UID-401)
Warning: Design rule attributes from the driving cell will be
	set on the port. (UID-401)
Warning: Design rule attributes from the driving cell will be
	set on the port. (UID-401)
Warning: Design rule attributes from the driving cell will be
	set on the port. (UID-401)
Warning: Design rule attributes from the driving cell will be
	set on the port. (UID-401)
Warning: Design rule attributes from the driving cell will be
	set on the port. (UID-401)
Warning: Design rule attributes from the driving cell will be
	set on the port. (UID-401)
Warning: Design rule attributes from the driving cell will be
	set on the port. (UID-401)
Warning: Design rule attributes from the driving cell will be
	set on the port. (UID-401)
Warning: Design rule attributes from the driving cell will be
	set on the port. (UID-401)
Warning: Design rule attributes from the driving cell will be
	set on the port. (UID-401)
Warning: Design rule attributes from the driving cell will be
	set on the port. (UID-401)
Warning: Design rule attributes from the driving cell will be
	set on the port. (UID-401)
Warning: Design rule attributes from the driving cell will be
	set on the port. (UID-401)
Warning: Design rule attributes from the driving cell will be
	set on the port. (UID-401)
Warning: Design rule attributes from the driving cell will be
	set on the port. (UID-401)
Warning: Design rule attributes from the driving cell will be
	set on the port. (UID-401)
Warning: Design rule attributes from the driving cell will be
	set on the port. (UID-401)
Warning: Design rule attributes from the driving cell will be
	set on the port. (UID-401)
1
set_load 0.005 [all_outputs]
1
set_false_path -from [get_ports rst_n]
Warning: Design 'fugue_logic_die' has '1' unresolved references. For more detailed information, use the "link" command. (UID-341)
1
# Low effort keeps the full matrix practical for the ~0.5 mm² logic-die tops.
# It remains timing/area-driven technology mapping, with identical effort for
# every A/B point; this is not a sign-off/PPA-closure run.
compile -map_effort low -area_effort low
Warning: Design 'fugue_logic_die' has '1' unresolved references. For more detailed information, use the "link" command. (UID-341)
Warning: The compile -map_effort low is obsolete. Setting this variable now defaults to compile -map_effort medium. Please update your script accordingly. (OPT-1303)
Information: Evaluating DesignWare library utilization. (UISN-27)

============================================================================
| DesignWare Building Block Library  |         Version         | Available |
============================================================================
| Basic DW Building Blocks           | P-2019.03-DWBB_201903.4 |     *     |
| Licensed DW Building Blocks        |                         |           |
============================================================================


Information: There are 2218 potential problems in your design. Please run 'check_design' for more information. (LINT-99)



  Beginning Pass 1 Mapping
  ------------------------
  Processing 'fp32_recip'
Information: The register 'seed_s1_reg[31]' is a constant and will be removed. (OPT-1206)
Information: The register 'seed_s1_reg[30]' is a constant and will be removed. (OPT-1206)
Information: The register 'seed_s2_reg[31]' is a constant and will be removed. (OPT-1206)
Information: The register 'seed_s2_reg[30]' is a constant and will be removed. (OPT-1206)
Information: The register 'y_reg[31]' is a constant and will be removed. (OPT-1206)
  Processing 'fp32_add_0'
  Processing 'fp32_mul_0'
  Processing 'fp32_exp_0'
Information: The register 'y_reg[31]' is a constant and will be removed. (OPT-1206)
  Processing 'streaming_softmax_unit_LANES16_MAX_TOKENS2048_CONTEXTS32'
Warning: Cell 'U158/U1' (*GEN*1207) cannot be exactly translated 1 for 1 into target library.  Ignoring set_compile_directives. (TRANS-9)
Warning: Cell 'U159/U1' (*GEN*1206) cannot be exactly translated 1 for 1 into target library.  Ignoring set_compile_directives. (TRANS-9)
  Processing 'diff_decoder'
Warning: Target library does not contain any 2-1 multiplexor. (OPT-853)
  Processing 'bf16_add_0'
  Processing 'bf16_mult_0'
  Processing 'sincos_bf16_0'
Information: The register 'sfrac_d1_reg[15]' is a constant and will be removed. (OPT-1206)
Information: The register 'cfrac_d1_reg[15]' is a constant and will be removed. (OPT-1206)
Information: The register 's0_d1_reg[14]' is a constant and will be removed. (OPT-1206)
Information: The register 's0_d2_reg[14]' is a constant and will be removed. (OPT-1206)
Information: The register 'c0_d1_reg[14]' is a constant and will be removed. (OPT-1206)
Information: The register 'c0_d2_reg[14]' is a constant and will be removed. (OPT-1206)
  Processing 'rotate_q_bf16_PAIRS8'
  Processing 'fp16_add_0'
  Processing 'accumulator_N4'
  Processing 'fp16_mult_0'
  Processing 'dbuf_16x256_0'
  Processing 'gemv_unit_0'
  Processing 'kv_scan_planner_ENTRIES32'
  Processing 'kv_ptw'
  Processing 'kv_seg_tlb_ENTRIES32'
Warning: Target library does not contain any 2-1 multiplexor. (OPT-853)
Information: The register 'ai_reg[0][4]' is a constant and will be removed. (OPT-1206)
Information: The register 'ai_reg[0][3]' is a constant and will be removed. (OPT-1206)
Information: The register 'ai_reg[0][2]' is a constant and will be removed. (OPT-1206)
Information: The register 'ai_reg[1][4]' is a constant and will be removed. (OPT-1206)
Information: The register 'ai_reg[1][3]' is a constant and will be removed. (OPT-1206)
Information: The register 'ai_reg[2][4]' is a constant and will be removed. (OPT-1206)
Information: The register 'ai_reg[2][2]' is a constant and will be removed. (OPT-1206)
Information: The register 'ai_reg[3][4]' is a constant and will be removed. (OPT-1206)
Information: The register 'ai_reg[4][3]' is a constant and will be removed. (OPT-1206)
Information: The register 'ai_reg[4][2]' is a constant and will be removed. (OPT-1206)
Information: The register 'ai_reg[5][3]' is a constant and will be removed. (OPT-1206)
Information: The register 'ai_reg[6][2]' is a constant and will be removed. (OPT-1206)
  Processing 'kv_tlb_top_ENTRIES32'
  Processing 'attacc_controller'
Warning: Target library does not contain any 2-1 multiplexor. (OPT-853)
Information: The register 'open_row_reg[15]' is a constant and will be removed. (OPT-1206)
Information: The register 'dram_cmd_reg[2]' is a constant and will be removed. (OPT-1206)
Information: The register 'dram_row_reg[15]' is a constant and will be removed. (OPT-1206)
  Processing 'fugue_logic_die'
Information: Building the design 'softmax_buffer_sram' instantiated from design 'streaming_softmax_unit_LANES16_MAX_TOKENS2048_CONTEXTS32' with
	the parameters "NUM_CONTEXTS=32,SEQ_LEN=2048,LANES=16". (HDL-193)
Warning:  /thu-bloor/xinyao-w23/kvpim-rtl/rtl/softmax_buffer_sram.sv:78: signed to unsigned conversion occurs. (VER-318)
Warning:  /thu-bloor/xinyao-w23/kvpim-rtl/rtl/softmax_buffer_sram.sv:80: signed to unsigned conversion occurs. (VER-318)
Error:  /thu-bloor/xinyao-w23/kvpim-rtl/rtl/softmax_buffer_sram.sv:102: Array index out of bounds score_wr_data[63:0], valid bounds are [15:0]. (ELAB-298)
*** Presto compilation terminated with 1 errors. ***
Information: Building the design 'softmax_buffer_sram' instantiated from design 'streaming_softmax_unit_LANES16_MAX_TOKENS2048_CONTEXTS32' with
	the parameters "NUM_CONTEXTS=32,SEQ_LEN=2048,LANES=16". (HDL-193)
Warning: Unable to resolve reference 'softmax_buffer_sram' in 'streaming_softmax_unit_LANES16_MAX_TOKENS2048_CONTEXTS32'. (LINK-5)
Warning: Design 'fugue_logic_die' has '1' unresolved references. For more detailed information, use the "link" command. (UID-341)

  Updating timing information
Information: Updating design information... (UID-85)

  Beginning Implementation Selection
  ----------------------------------
  Processing 'streaming_softmax_unit_LANES16_MAX_TOKENS2048_CONTEXTS32_DW01_cmp2_0'
  Processing 'streaming_softmax_unit_LANES16_MAX_TOKENS2048_CONTEXTS32_DW01_cmp2_1'
  Processing 'streaming_softmax_unit_LANES16_MAX_TOKENS2048_CONTEXTS32_DW01_cmp2_2'
  Processing 'streaming_softmax_unit_LANES16_MAX_TOKENS2048_CONTEXTS32_DW01_cmp2_3'
  Processing 'streaming_softmax_unit_LANES16_MAX_TOKENS2048_CONTEXTS32_DW01_cmp2_4'
  Processing 'streaming_softmax_unit_LANES16_MAX_TOKENS2048_CONTEXTS32_DW01_cmp2_5'
  Processing 'streaming_softmax_unit_LANES16_MAX_TOKENS2048_CONTEXTS32_DW01_cmp2_6'
  Processing 'streaming_softmax_unit_LANES16_MAX_TOKENS2048_CONTEXTS32_DW01_cmp2_7'
  Processing 'streaming_softmax_unit_LANES16_MAX_TOKENS2048_CONTEXTS32_DW01_cmp2_8'
  Processing 'streaming_softmax_unit_LANES16_MAX_TOKENS2048_CONTEXTS32_DW01_cmp2_9'
  Processing 'streaming_softmax_unit_LANES16_MAX_TOKENS2048_CONTEXTS32_DW01_cmp2_10'
  Processing 'streaming_softmax_unit_LANES16_MAX_TOKENS2048_CONTEXTS32_DW01_cmp2_11'
  Processing 'streaming_softmax_unit_LANES16_MAX_TOKENS2048_CONTEXTS32_DW01_cmp2_12'
  Processing 'streaming_softmax_unit_LANES16_MAX_TOKENS2048_CONTEXTS32_DW01_cmp2_13'
  Processing 'streaming_softmax_unit_LANES16_MAX_TOKENS2048_CONTEXTS32_DW01_cmp2_14'
  Processing 'streaming_softmax_unit_LANES16_MAX_TOKENS2048_CONTEXTS32_DW01_cmp2_15'
  Processing 'streaming_softmax_unit_LANES16_MAX_TOKENS2048_CONTEXTS32_DW01_sub_0_DW01_sub_2'
  Processing 'streaming_softmax_unit_LANES16_MAX_TOKENS2048_CONTEXTS32_DW01_cmp2_16'
  Processing 'streaming_softmax_unit_LANES16_MAX_TOKENS2048_CONTEXTS32_DW01_cmp2_17'
  Processing 'streaming_softmax_unit_LANES16_MAX_TOKENS2048_CONTEXTS32_DW01_cmp2_18'
  Processing 'streaming_softmax_unit_LANES16_MAX_TOKENS2048_CONTEXTS32_DW01_cmp2_19'
  Processing 'streaming_softmax_unit_LANES16_MAX_TOKENS2048_CONTEXTS32_DW01_cmp2_20'
  Processing 'streaming_softmax_unit_LANES16_MAX_TOKENS2048_CONTEXTS32_DW01_cmp2_21'
  Processing 'streaming_softmax_unit_LANES16_MAX_TOKENS2048_CONTEXTS32_DW01_cmp2_22'
  Processing 'streaming_softmax_unit_LANES16_MAX_TOKENS2048_CONTEXTS32_DW01_cmp2_23'
  Processing 'streaming_softmax_unit_LANES16_MAX_TOKENS2048_CONTEXTS32_DW01_cmp2_24'
  Processing 'streaming_softmax_unit_LANES16_MAX_TOKENS2048_CONTEXTS32_DW01_cmp2_25'
  Processing 'streaming_softmax_unit_LANES16_MAX_TOKENS2048_CONTEXTS32_DW01_cmp2_26'
  Processing 'streaming_softmax_unit_LANES16_MAX_TOKENS2048_CONTEXTS32_DW01_cmp2_27'
  Processing 'streaming_softmax_unit_LANES16_MAX_TOKENS2048_CONTEXTS32_DW01_cmp2_28'
  Processing 'streaming_softmax_unit_LANES16_MAX_TOKENS2048_CONTEXTS32_DW01_cmp2_29'
  Processing 'streaming_softmax_unit_LANES16_MAX_TOKENS2048_CONTEXTS32_DW01_cmp2_30'
  Processing 'streaming_softmax_unit_LANES16_MAX_TOKENS2048_CONTEXTS32_DW01_cmp2_31'
  Processing 'streaming_softmax_unit_LANES16_MAX_TOKENS2048_CONTEXTS32_DW01_sub_1_DW01_sub_3'
  Processing 'streaming_softmax_unit_LANES16_MAX_TOKENS2048_CONTEXTS32_DW01_inc_0_DW01_inc_3'
  Processing 'streaming_softmax_unit_LANES16_MAX_TOKENS2048_CONTEXTS32_DW01_cmp6_0_DW01_cmp6_3'
  Processing 'streaming_softmax_unit_LANES16_MAX_TOKENS2048_CONTEXTS32_DW01_dec_0'
  Processing 'streaming_softmax_unit_LANES16_MAX_TOKENS2048_CONTEXTS32_DW01_cmp6_1_DW01_cmp6_4'
  Processing 'streaming_softmax_unit_LANES16_MAX_TOKENS2048_CONTEXTS32_DW01_inc_1_DW01_inc_4'
  Processing 'streaming_softmax_unit_LANES16_MAX_TOKENS2048_CONTEXTS32_DW01_cmp6_2_DW01_cmp6_5'
  Processing 'streaming_softmax_unit_LANES16_MAX_TOKENS2048_CONTEXTS32_DW01_dec_1'
  Processing 'streaming_softmax_unit_LANES16_MAX_TOKENS2048_CONTEXTS32_DW01_cmp6_3_DW01_cmp6_6'
  Processing 'streaming_softmax_unit_LANES16_MAX_TOKENS2048_CONTEXTS32_DW01_cmp6_4_DW01_cmp6_7'
  Processing 'streaming_softmax_unit_LANES16_MAX_TOKENS2048_CONTEXTS32_DW01_cmp2_32'
  Processing 'streaming_softmax_unit_LANES16_MAX_TOKENS2048_CONTEXTS32_DW01_cmp6_5_DW01_cmp6_8'
  Processing 'streaming_softmax_unit_LANES16_MAX_TOKENS2048_CONTEXTS32_DW01_cmp2_33'
  Processing 'streaming_softmax_unit_LANES16_MAX_TOKENS2048_CONTEXTS32_DW01_cmp6_6_DW01_cmp6_9'
  Processing 'streaming_softmax_unit_LANES16_MAX_TOKENS2048_CONTEXTS32_DW01_cmp2_34'
  Processing 'streaming_softmax_unit_LANES16_MAX_TOKENS2048_CONTEXTS32_DW01_cmp6_7_DW01_cmp6_10'
  Processing 'streaming_softmax_unit_LANES16_MAX_TOKENS2048_CONTEXTS32_DW01_cmp2_35'
  Processing 'streaming_softmax_unit_LANES16_MAX_TOKENS2048_CONTEXTS32_DW01_cmp6_8_DW01_cmp6_11'
  Processing 'streaming_softmax_unit_LANES16_MAX_TOKENS2048_CONTEXTS32_DW01_cmp2_36'
  Processing 'streaming_softmax_unit_LANES16_MAX_TOKENS2048_CONTEXTS32_DW01_cmp6_9_DW01_cmp6_12'
  Processing 'streaming_softmax_unit_LANES16_MAX_TOKENS2048_CONTEXTS32_DW01_cmp2_37'
  Processing 'streaming_softmax_unit_LANES16_MAX_TOKENS2048_CONTEXTS32_DW01_cmp6_10_DW01_cmp6_13'
  Processing 'streaming_softmax_unit_LANES16_MAX_TOKENS2048_CONTEXTS32_DW01_cmp2_38'
  Processing 'streaming_softmax_unit_LANES16_MAX_TOKENS2048_CONTEXTS32_DW01_cmp6_11_DW01_cmp6_14'
  Processing 'streaming_softmax_unit_LANES16_MAX_TOKENS2048_CONTEXTS32_DW01_cmp2_39'
  Processing 'streaming_softmax_unit_LANES16_MAX_TOKENS2048_CONTEXTS32_DW01_cmp6_12_DW01_cmp6_15'
  Processing 'streaming_softmax_unit_LANES16_MAX_TOKENS2048_CONTEXTS32_DW01_cmp2_40'
  Processing 'streaming_softmax_unit_LANES16_MAX_TOKENS2048_CONTEXTS32_DW01_cmp6_13_DW01_cmp6_16'
  Processing 'streaming_softmax_unit_LANES16_MAX_TOKENS2048_CONTEXTS32_DW01_cmp2_41'
  Processing 'streaming_softmax_unit_LANES16_MAX_TOKENS2048_CONTEXTS32_DW01_cmp6_14_DW01_cmp6_17'
  Processing 'streaming_softmax_unit_LANES16_MAX_TOKENS2048_CONTEXTS32_DW01_cmp2_42'
  Processing 'streaming_softmax_unit_LANES16_MAX_TOKENS2048_CONTEXTS32_DW01_cmp6_15_DW01_cmp6_18'
  Processing 'streaming_softmax_unit_LANES16_MAX_TOKENS2048_CONTEXTS32_DW01_cmp2_43'
  Processing 'streaming_softmax_unit_LANES16_MAX_TOKENS2048_CONTEXTS32_DW01_cmp6_16_DW01_cmp6_19'
  Processing 'streaming_softmax_unit_LANES16_MAX_TOKENS2048_CONTEXTS32_DW01_cmp2_44'
  Processing 'streaming_softmax_unit_LANES16_MAX_TOKENS2048_CONTEXTS32_DW01_cmp6_17_DW01_cmp6_20'
  Processing 'streaming_softmax_unit_LANES16_MAX_TOKENS2048_CONTEXTS32_DW01_cmp2_45'
  Processing 'streaming_softmax_unit_LANES16_MAX_TOKENS2048_CONTEXTS32_DW01_cmp6_18_DW01_cmp6_21'
  Processing 'streaming_softmax_unit_LANES16_MAX_TOKENS2048_CONTEXTS32_DW01_cmp2_46'
  Processing 'streaming_softmax_unit_LANES16_MAX_TOKENS2048_CONTEXTS32_DW01_cmp2_47'
  Processing 'streaming_softmax_unit_LANES16_MAX_TOKENS2048_CONTEXTS32_DW01_cmp2_48'
  Processing 'streaming_softmax_unit_LANES16_MAX_TOKENS2048_CONTEXTS32_DW01_sub_2_DW01_sub_4'
  Processing 'fp32_recip_DW01_cmp2_0_DW01_cmp2_49'
  Processing 'fp32_recip_DW01_cmp2_1_DW01_cmp2_50'
  Processing 'fp32_recip_DW01_inc_0_DW01_inc_5'
  Processing 'fp32_recip_DW01_add_0_DW01_add_13'
  Processing 'fp32_add_1_DW01_cmp2_0_DW01_cmp2_51'
  Processing 'fp32_add_1_DW01_inc_0_DW01_inc_6'
  Processing 'fp32_add_1_DW01_add_0_DW01_add_14'
  Processing 'fp32_add_1_DW01_sub_0_DW01_sub_5'
  Processing 'fp32_add_1_DW01_cmp2_1_DW01_cmp2_52'
  Processing 'fp32_add_1_DW01_ash_0'
  Processing 'fp32_add_1_DW01_inc_1_DW01_inc_7'
  Processing 'fp32_add_1_DW01_sub_1_DW01_sub_6'
  Processing 'fp32_add_1_DW01_add_1_DW01_add_15'
  Processing 'fp32_add_1_DW01_ash_1'
  Processing 'fp32_add_1_DW01_sub_2_DW01_sub_7'
  Processing 'fp32_add_1_DW_rash_0'
  Processing 'fp32_add_1_DW01_cmp2_2_DW01_cmp2_53'
  Processing 'fp32_add_1_DW01_sub_3_DW01_sub_8'
  Processing 'fp32_add_1_DW01_cmp2_3_DW01_cmp2_54'
  Processing 'fp32_add_2_DW01_cmp2_0_DW01_cmp2_55'
  Processing 'fp32_add_2_DW01_inc_0_DW01_inc_8'
  Processing 'fp32_add_2_DW01_add_0_DW01_add_16'
  Processing 'fp32_add_2_DW01_sub_0_DW01_sub_9'
  Processing 'fp32_add_2_DW01_cmp2_1_DW01_cmp2_56'
  Processing 'fp32_add_2_DW01_ash_0_DW01_ash_2'
  Processing 'fp32_add_2_DW01_inc_1_DW01_inc_9'
  Processing 'fp32_add_2_DW01_sub_1_DW01_sub_10'
  Processing 'fp32_add_2_DW01_add_1_DW01_add_17'
  Processing 'fp32_add_2_DW01_ash_1_DW01_ash_3'
  Processing 'fp32_add_2_DW01_sub_2_DW01_sub_11'
  Processing 'fp32_add_2_DW_rash_0_DW_rash_1'
  Processing 'fp32_add_2_DW01_cmp2_2_DW01_cmp2_57'
  Processing 'fp32_add_2_DW01_sub_3_DW01_sub_12'
  Processing 'fp32_add_2_DW01_cmp2_3_DW01_cmp2_58'
  Processing 'fp32_add_3_DW01_cmp2_0_DW01_cmp2_59'
  Processing 'fp32_add_3_DW01_inc_0_DW01_inc_10'
  Processing 'fp32_add_3_DW01_add_0_DW01_add_18'
  Processing 'fp32_add_3_DW01_sub_0_DW01_sub_13'
  Processing 'fp32_add_3_DW01_cmp2_1_DW01_cmp2_60'
  Processing 'fp32_add_3_DW01_ash_0_DW01_ash_4'
  Processing 'fp32_add_3_DW01_inc_1_DW01_inc_11'
  Processing 'fp32_add_3_DW01_sub_1_DW01_sub_14'
  Processing 'fp32_add_3_DW01_add_1_DW01_add_19'
  Processing 'fp32_add_3_DW01_ash_1_DW01_ash_5'
  Processing 'fp32_add_3_DW01_sub_2_DW01_sub_15'
  Processing 'fp32_add_3_DW_rash_0_DW_rash_2'
  Processing 'fp32_add_3_DW01_cmp2_2_DW01_cmp2_61'
  Processing 'fp32_add_3_DW01_sub_3_DW01_sub_16'
  Processing 'fp32_add_3_DW01_cmp2_3_DW01_cmp2_62'
  Processing 'fp32_add_4_DW01_cmp2_0_DW01_cmp2_63'
  Processing 'fp32_add_4_DW01_inc_0_DW01_inc_12'
  Processing 'fp32_add_4_DW01_add_0_DW01_add_20'
  Processing 'fp32_add_4_DW01_sub_0_DW01_sub_17'
  Processing 'fp32_add_4_DW01_cmp2_1_DW01_cmp2_64'
  Processing 'fp32_add_4_DW01_ash_0_DW01_ash_6'
  Processing 'fp32_add_4_DW01_inc_1_DW01_inc_13'
  Processing 'fp32_add_4_DW01_sub_1_DW01_sub_18'
  Processing 'fp32_add_4_DW01_add_1_DW01_add_21'
  Processing 'fp32_add_4_DW01_ash_1_DW01_ash_7'
  Processing 'fp32_add_4_DW01_sub_2_DW01_sub_19'
  Processing 'fp32_add_4_DW_rash_0_DW_rash_3'
  Processing 'fp32_add_4_DW01_cmp2_2_DW01_cmp2_65'
  Processing 'fp32_add_4_DW01_sub_3_DW01_sub_20'
  Processing 'fp32_add_4_DW01_cmp2_3_DW01_cmp2_66'
  Processing 'fp32_add_5_DW01_cmp2_0_DW01_cmp2_67'
  Processing 'fp32_add_5_DW01_inc_0_DW01_inc_14'
  Processing 'fp32_add_5_DW01_add_0_DW01_add_22'
  Processing 'fp32_add_5_DW01_sub_0_DW01_sub_21'
  Processing 'fp32_add_5_DW01_cmp2_1_DW01_cmp2_68'
  Processing 'fp32_add_5_DW01_ash_0_DW01_ash_8'
  Processing 'fp32_add_5_DW01_inc_1_DW01_inc_15'
  Processing 'fp32_add_5_DW01_sub_1_DW01_sub_22'
  Processing 'fp32_add_5_DW01_add_1_DW01_add_23'
  Processing 'fp32_add_5_DW01_ash_1_DW01_ash_9'
  Processing 'fp32_add_5_DW01_sub_2_DW01_sub_23'
  Processing 'fp32_add_5_DW_rash_0_DW_rash_4'
  Processing 'fp32_add_5_DW01_cmp2_2_DW01_cmp2_69'
  Processing 'fp32_add_5_DW01_sub_3_DW01_sub_24'
  Processing 'fp32_add_5_DW01_cmp2_3_DW01_cmp2_70'
  Processing 'fp32_add_6_DW01_cmp2_0_DW01_cmp2_71'
  Processing 'fp32_add_6_DW01_inc_0_DW01_inc_16'
  Processing 'fp32_add_6_DW01_add_0_DW01_add_24'
  Processing 'fp32_add_6_DW01_sub_0_DW01_sub_25'
  Processing 'fp32_add_6_DW01_cmp2_1_DW01_cmp2_72'
  Processing 'fp32_add_6_DW01_ash_0_DW01_ash_10'
  Processing 'fp32_add_6_DW01_inc_1_DW01_inc_17'
  Processing 'fp32_add_6_DW01_sub_1_DW01_sub_26'
  Processing 'fp32_add_6_DW01_add_1_DW01_add_25'
  Processing 'fp32_add_6_DW01_ash_1_DW01_ash_11'
  Processing 'fp32_add_6_DW01_sub_2_DW01_sub_27'
  Processing 'fp32_add_6_DW_rash_0_DW_rash_5'
  Processing 'fp32_add_6_DW01_cmp2_2_DW01_cmp2_73'
  Processing 'fp32_add_6_DW01_sub_3_DW01_sub_28'
  Processing 'fp32_add_6_DW01_cmp2_3_DW01_cmp2_74'
  Processing 'fp32_add_7_DW01_cmp2_0_DW01_cmp2_75'
  Processing 'fp32_add_7_DW01_inc_0_DW01_inc_18'
  Processing 'fp32_add_7_DW01_add_0_DW01_add_26'
  Processing 'fp32_add_7_DW01_sub_0_DW01_sub_29'
  Processing 'fp32_add_7_DW01_cmp2_1_DW01_cmp2_76'
  Processing 'fp32_add_7_DW01_ash_0_DW01_ash_12'
  Processing 'fp32_add_7_DW01_inc_1_DW01_inc_19'
  Processing 'fp32_add_7_DW01_sub_1_DW01_sub_30'
  Processing 'fp32_add_7_DW01_add_1_DW01_add_27'
  Processing 'fp32_add_7_DW01_ash_1_DW01_ash_13'
  Processing 'fp32_add_7_DW01_sub_2_DW01_sub_31'
  Processing 'fp32_add_7_DW_rash_0_DW_rash_6'
  Processing 'fp32_add_7_DW01_cmp2_2_DW01_cmp2_77'
  Processing 'fp32_add_7_DW01_sub_3_DW01_sub_32'
  Processing 'fp32_add_7_DW01_cmp2_3_DW01_cmp2_78'
  Processing 'fp32_add_8_DW01_cmp2_0_DW01_cmp2_79'
  Processing 'fp32_add_8_DW01_inc_0_DW01_inc_20'
  Processing 'fp32_add_8_DW01_add_0_DW01_add_28'
  Processing 'fp32_add_8_DW01_sub_0_DW01_sub_33'
  Processing 'fp32_add_8_DW01_cmp2_1_DW01_cmp2_80'
  Processing 'fp32_add_8_DW01_ash_0_DW01_ash_14'
  Processing 'fp32_add_8_DW01_inc_1_DW01_inc_21'
  Processing 'fp32_add_8_DW01_sub_1_DW01_sub_34'
  Processing 'fp32_add_8_DW01_add_1_DW01_add_29'
  Processing 'fp32_add_8_DW01_ash_1_DW01_ash_15'
  Processing 'fp32_add_8_DW01_sub_2_DW01_sub_35'
  Processing 'fp32_add_8_DW_rash_0_DW_rash_7'
  Processing 'fp32_add_8_DW01_cmp2_2_DW01_cmp2_81'
  Processing 'fp32_add_8_DW01_sub_3_DW01_sub_36'
  Processing 'fp32_add_8_DW01_cmp2_3_DW01_cmp2_82'
  Processing 'fp32_add_9_DW01_cmp2_0_DW01_cmp2_83'
  Processing 'fp32_add_9_DW01_inc_0_DW01_inc_22'
  Processing 'fp32_add_9_DW01_add_0_DW01_add_30'
  Processing 'fp32_add_9_DW01_sub_0_DW01_sub_37'
  Processing 'fp32_add_9_DW01_cmp2_1_DW01_cmp2_84'
  Processing 'fp32_add_9_DW01_ash_0_DW01_ash_16'
  Processing 'fp32_add_9_DW01_inc_1_DW01_inc_23'
  Processing 'fp32_add_9_DW01_sub_1_DW01_sub_38'
  Processing 'fp32_add_9_DW01_add_1_DW01_add_31'
  Processing 'fp32_add_9_DW01_ash_1_DW01_ash_17'
  Processing 'fp32_add_9_DW01_sub_2_DW01_sub_39'
  Processing 'fp32_add_9_DW_rash_0_DW_rash_8'
  Processing 'fp32_add_9_DW01_cmp2_2_DW01_cmp2_85'
  Processing 'fp32_add_9_DW01_sub_3_DW01_sub_40'
  Processing 'fp32_add_9_DW01_cmp2_3_DW01_cmp2_86'
  Processing 'fp32_add_10_DW01_cmp2_0_DW01_cmp2_87'
  Processing 'fp32_add_10_DW01_inc_0_DW01_inc_24'
  Processing 'fp32_add_10_DW01_add_0_DW01_add_32'
  Processing 'fp32_add_10_DW01_sub_0_DW01_sub_41'
  Processing 'fp32_add_10_DW01_cmp2_1_DW01_cmp2_88'
  Processing 'fp32_add_10_DW01_ash_0_DW01_ash_18'
  Processing 'fp32_add_10_DW01_inc_1_DW01_inc_25'
  Processing 'fp32_add_10_DW01_sub_1_DW01_sub_42'
  Processing 'fp32_add_10_DW01_add_1_DW01_add_33'
  Processing 'fp32_add_10_DW01_ash_1_DW01_ash_19'
  Processing 'fp32_add_10_DW01_sub_2_DW01_sub_43'
  Processing 'fp32_add_10_DW_rash_0_DW_rash_9'
  Processing 'fp32_add_10_DW01_cmp2_2_DW01_cmp2_89'
  Processing 'fp32_add_10_DW01_sub_3_DW01_sub_44'
  Processing 'fp32_add_10_DW01_cmp2_3_DW01_cmp2_90'
  Processing 'fp32_add_11_DW01_cmp2_0_DW01_cmp2_91'
  Processing 'fp32_add_11_DW01_inc_0_DW01_inc_26'
  Processing 'fp32_add_11_DW01_add_0_DW01_add_34'
  Processing 'fp32_add_11_DW01_sub_0_DW01_sub_45'
  Processing 'fp32_add_11_DW01_cmp2_1_DW01_cmp2_92'
  Processing 'fp32_add_11_DW01_ash_0_DW01_ash_20'
  Processing 'fp32_add_11_DW01_inc_1_DW01_inc_27'
  Processing 'fp32_add_11_DW01_sub_1_DW01_sub_46'
  Processing 'fp32_add_11_DW01_add_1_DW01_add_35'
  Processing 'fp32_add_11_DW01_ash_1_DW01_ash_21'
  Processing 'fp32_add_11_DW01_sub_2_DW01_sub_47'
  Processing 'fp32_add_11_DW_rash_0_DW_rash_10'
  Processing 'fp32_add_11_DW01_cmp2_2_DW01_cmp2_93'
  Processing 'fp32_add_11_DW01_sub_3_DW01_sub_48'
  Processing 'fp32_add_11_DW01_cmp2_3_DW01_cmp2_94'
  Processing 'fp32_add_12_DW01_cmp2_0_DW01_cmp2_95'
  Processing 'fp32_add_12_DW01_inc_0_DW01_inc_28'
  Processing 'fp32_add_12_DW01_add_0_DW01_add_36'
  Processing 'fp32_add_12_DW01_sub_0_DW01_sub_49'
  Processing 'fp32_add_12_DW01_cmp2_1_DW01_cmp2_96'
  Processing 'fp32_add_12_DW01_ash_0_DW01_ash_22'
  Processing 'fp32_add_12_DW01_inc_1_DW01_inc_29'
  Processing 'fp32_add_12_DW01_sub_1_DW01_sub_50'
  Processing 'fp32_add_12_DW01_add_1_DW01_add_37'
  Processing 'fp32_add_12_DW01_ash_1_DW01_ash_23'
  Processing 'fp32_add_12_DW01_sub_2_DW01_sub_51'
  Processing 'fp32_add_12_DW_rash_0_DW_rash_11'
  Processing 'fp32_add_12_DW01_cmp2_2_DW01_cmp2_97'
  Processing 'fp32_add_12_DW01_sub_3_DW01_sub_52'
  Processing 'fp32_add_12_DW01_cmp2_3_DW01_cmp2_98'
  Processing 'fp32_add_13_DW01_cmp2_0_DW01_cmp2_99'
  Processing 'fp32_add_13_DW01_inc_0_DW01_inc_30'
  Processing 'fp32_add_13_DW01_add_0_DW01_add_38'
  Processing 'fp32_add_13_DW01_sub_0_DW01_sub_53'
  Processing 'fp32_add_13_DW01_cmp2_1_DW01_cmp2_100'
  Processing 'fp32_add_13_DW01_ash_0_DW01_ash_24'
  Processing 'fp32_add_13_DW01_inc_1_DW01_inc_31'
  Processing 'fp32_add_13_DW01_sub_1_DW01_sub_54'
  Processing 'fp32_add_13_DW01_add_1_DW01_add_39'
  Processing 'fp32_add_13_DW01_ash_1_DW01_ash_25'
  Processing 'fp32_add_13_DW01_sub_2_DW01_sub_55'
  Processing 'fp32_add_13_DW_rash_0_DW_rash_12'
  Processing 'fp32_add_13_DW01_cmp2_2_DW01_cmp2_101'
  Processing 'fp32_add_13_DW01_sub_3_DW01_sub_56'
  Processing 'fp32_add_13_DW01_cmp2_3_DW01_cmp2_102'
  Processing 'fp32_add_14_DW01_cmp2_0_DW01_cmp2_103'
  Processing 'fp32_add_14_DW01_inc_0_DW01_inc_32'
  Processing 'fp32_add_14_DW01_add_0_DW01_add_40'
  Processing 'fp32_add_14_DW01_sub_0_DW01_sub_57'
  Processing 'fp32_add_14_DW01_cmp2_1_DW01_cmp2_104'
  Processing 'fp32_add_14_DW01_ash_0_DW01_ash_26'
  Processing 'fp32_add_14_DW01_inc_1_DW01_inc_33'
  Processing 'fp32_add_14_DW01_sub_1_DW01_sub_58'
  Processing 'fp32_add_14_DW01_add_1_DW01_add_41'
  Processing 'fp32_add_14_DW01_ash_1_DW01_ash_27'
  Processing 'fp32_add_14_DW01_sub_2_DW01_sub_59'
  Processing 'fp32_add_14_DW_rash_0_DW_rash_13'
  Processing 'fp32_add_14_DW01_cmp2_2_DW01_cmp2_105'
  Processing 'fp32_add_14_DW01_sub_3_DW01_sub_60'
  Processing 'fp32_add_14_DW01_cmp2_3_DW01_cmp2_106'
  Processing 'fp32_add_15_DW01_cmp2_0_DW01_cmp2_107'
  Processing 'fp32_add_15_DW01_inc_0_DW01_inc_34'
  Processing 'fp32_add_15_DW01_add_0_DW01_add_42'
  Processing 'fp32_add_15_DW01_sub_0_DW01_sub_61'
  Processing 'fp32_add_15_DW01_cmp2_1_DW01_cmp2_108'
  Processing 'fp32_add_15_DW01_ash_0_DW01_ash_28'
  Processing 'fp32_add_15_DW01_inc_1_DW01_inc_35'
  Processing 'fp32_add_15_DW01_sub_1_DW01_sub_62'
  Processing 'fp32_add_15_DW01_add_1_DW01_add_43'
  Processing 'fp32_add_15_DW01_ash_1_DW01_ash_29'
  Processing 'fp32_add_15_DW01_sub_2_DW01_sub_63'
  Processing 'fp32_add_15_DW_rash_0_DW_rash_14'
  Processing 'fp32_add_15_DW01_cmp2_2_DW01_cmp2_109'
  Processing 'fp32_add_15_DW01_sub_3_DW01_sub_64'
  Processing 'fp32_add_15_DW01_cmp2_3_DW01_cmp2_110'
  Processing 'fp32_add_16_DW01_cmp2_0_DW01_cmp2_111'
  Processing 'fp32_add_16_DW01_inc_0_DW01_inc_36'
  Processing 'fp32_add_16_DW01_add_0_DW01_add_44'
  Processing 'fp32_add_16_DW01_sub_0_DW01_sub_65'
  Processing 'fp32_add_16_DW01_cmp2_1_DW01_cmp2_112'
  Processing 'fp32_add_16_DW01_ash_0_DW01_ash_30'
  Processing 'fp32_add_16_DW01_inc_1_DW01_inc_37'
  Processing 'fp32_add_16_DW01_sub_1_DW01_sub_66'
  Processing 'fp32_add_16_DW01_add_1_DW01_add_45'
  Processing 'fp32_add_16_DW01_ash_1_DW01_ash_31'
  Processing 'fp32_add_16_DW01_sub_2_DW01_sub_67'
  Processing 'fp32_add_16_DW_rash_0_DW_rash_15'
  Processing 'fp32_add_16_DW01_cmp2_2_DW01_cmp2_113'
  Processing 'fp32_add_16_DW01_sub_3_DW01_sub_68'
  Processing 'fp32_add_16_DW01_cmp2_3_DW01_cmp2_114'
  Processing 'fp32_mul_1_DW01_cmp2_0_DW01_cmp2_115'
  Processing 'fp32_mul_1_DW01_cmp2_1_DW01_cmp2_116'
  Processing 'fp32_mul_1_DW01_inc_0_DW01_inc_38'
  Processing 'fp32_mul_1_DW01_add_0_DW01_add_46'
  Processing 'fp32_exp_1_DW01_cmp2_0_DW01_cmp2_117'
  Processing 'fp32_exp_1_DW01_cmp2_1_DW01_cmp2_118'
  Processing 'fp32_exp_1_DW01_sub_0_DW01_sub_69'
  Processing 'fp32_exp_1_DW01_sub_1_DW01_sub_70'
  Processing 'fp32_exp_1_DW01_cmp2_2_DW01_cmp2_119'
  Processing 'fp32_exp_1_DW01_cmp6_0_DW01_cmp6_22'
  Processing 'fp32_exp_1_DW_rash_0_DW_rash_16'
  Processing 'fp32_exp_1_DW01_sub_2_DW01_sub_71'
  Processing 'fp32_exp_1_DW01_ash_0_DW01_ash_32'
  Processing 'fp32_exp_1_DW01_cmp2_3_DW01_cmp2_120'
  Processing 'fp32_exp_1_DW01_sub_3_DW01_sub_72'
  Processing 'fp32_exp_1_DW01_cmp2_4_DW01_cmp2_121'
  Processing 'fp32_exp_1_DW01_cmp2_5_DW01_cmp2_122'
  Processing 'fp32_exp_1_DW01_sub_4_DW01_sub_73'
  Processing 'fp32_add_17_DW01_cmp2_0_DW01_cmp2_123'
  Processing 'fp32_add_17_DW01_inc_0_DW01_inc_39'
  Processing 'fp32_add_17_DW01_add_0_DW01_add_47'
  Processing 'fp32_add_17_DW01_sub_0_DW01_sub_74'
  Processing 'fp32_add_17_DW01_cmp2_1_DW01_cmp2_124'
  Processing 'fp32_add_17_DW01_ash_0_DW01_ash_33'
  Processing 'fp32_add_17_DW01_inc_1_DW01_inc_40'
  Processing 'fp32_add_17_DW01_sub_1_DW01_sub_75'
  Processing 'fp32_add_17_DW01_add_1_DW01_add_48'
  Processing 'fp32_add_17_DW01_ash_1_DW01_ash_34'
  Processing 'fp32_add_17_DW01_sub_2_DW01_sub_76'
  Processing 'fp32_add_17_DW_rash_0_DW_rash_17'
  Processing 'fp32_add_17_DW01_cmp2_2_DW01_cmp2_125'
  Processing 'fp32_add_17_DW01_sub_3_DW01_sub_77'
  Processing 'fp32_add_17_DW01_cmp2_3_DW01_cmp2_126'
  Processing 'fp32_mul_2_DW01_cmp2_0_DW01_cmp2_127'
  Processing 'fp32_mul_2_DW01_cmp2_1_DW01_cmp2_128'
  Processing 'fp32_mul_2_DW01_inc_0_DW01_inc_41'
  Processing 'fp32_mul_2_DW01_add_0_DW01_add_49'
  Processing 'fp32_exp_2_DW01_cmp2_0_DW01_cmp2_129'
  Processing 'fp32_exp_2_DW01_cmp2_1_DW01_cmp2_130'
  Processing 'fp32_exp_2_DW01_sub_0_DW01_sub_78'
  Processing 'fp32_exp_2_DW01_sub_1_DW01_sub_79'
  Processing 'fp32_exp_2_DW01_cmp2_2_DW01_cmp2_131'
  Processing 'fp32_exp_2_DW01_cmp6_0_DW01_cmp6_23'
  Processing 'fp32_exp_2_DW_rash_0_DW_rash_18'
  Processing 'fp32_exp_2_DW01_sub_2_DW01_sub_80'
  Processing 'fp32_exp_2_DW01_ash_0_DW01_ash_35'
  Processing 'fp32_exp_2_DW01_cmp2_3_DW01_cmp2_132'
  Processing 'fp32_exp_2_DW01_sub_3_DW01_sub_81'
  Processing 'fp32_exp_2_DW01_cmp2_4_DW01_cmp2_133'
  Processing 'fp32_exp_2_DW01_cmp2_5_DW01_cmp2_134'
  Processing 'fp32_exp_2_DW01_sub_4_DW01_sub_82'
  Processing 'fp32_add_18_DW01_cmp2_0_DW01_cmp2_135'
  Processing 'fp32_add_18_DW01_inc_0_DW01_inc_42'
  Processing 'fp32_add_18_DW01_add_0_DW01_add_50'
  Processing 'fp32_add_18_DW01_sub_0_DW01_sub_83'
  Processing 'fp32_add_18_DW01_cmp2_1_DW01_cmp2_136'
  Processing 'fp32_add_18_DW01_ash_0_DW01_ash_36'
  Processing 'fp32_add_18_DW01_inc_1_DW01_inc_43'
  Processing 'fp32_add_18_DW01_sub_1_DW01_sub_84'
  Processing 'fp32_add_18_DW01_add_1_DW01_add_51'
  Processing 'fp32_add_18_DW01_ash_1_DW01_ash_37'
  Processing 'fp32_add_18_DW01_sub_2_DW01_sub_85'
  Processing 'fp32_add_18_DW_rash_0_DW_rash_19'
  Processing 'fp32_add_18_DW01_cmp2_2_DW01_cmp2_137'
  Processing 'fp32_add_18_DW01_sub_3_DW01_sub_86'
  Processing 'fp32_add_18_DW01_cmp2_3_DW01_cmp2_138'
  Processing 'fp32_mul_3_DW01_cmp2_0_DW01_cmp2_139'
  Processing 'fp32_mul_3_DW01_cmp2_1_DW01_cmp2_140'
  Processing 'fp32_mul_3_DW01_inc_0_DW01_inc_44'
  Processing 'fp32_mul_3_DW01_add_0_DW01_add_52'
  Processing 'fp32_exp_3_DW01_cmp2_0_DW01_cmp2_141'
  Processing 'fp32_exp_3_DW01_cmp2_1_DW01_cmp2_142'
  Processing 'fp32_exp_3_DW01_sub_0_DW01_sub_87'
  Processing 'fp32_exp_3_DW01_sub_1_DW01_sub_88'
  Processing 'fp32_exp_3_DW01_cmp2_2_DW01_cmp2_143'
  Processing 'fp32_exp_3_DW01_cmp6_0_DW01_cmp6_24'
  Processing 'fp32_exp_3_DW_rash_0_DW_rash_20'
  Processing 'fp32_exp_3_DW01_sub_2_DW01_sub_89'
  Processing 'fp32_exp_3_DW01_ash_0_DW01_ash_38'
  Processing 'fp32_exp_3_DW01_cmp2_3_DW01_cmp2_144'
  Processing 'fp32_exp_3_DW01_sub_3_DW01_sub_90'
  Processing 'fp32_exp_3_DW01_cmp2_4_DW01_cmp2_145'
  Processing 'fp32_exp_3_DW01_cmp2_5_DW01_cmp2_146'
  Processing 'fp32_exp_3_DW01_sub_4_DW01_sub_91'
  Processing 'fp32_add_19_DW01_cmp2_0_DW01_cmp2_147'
  Processing 'fp32_add_19_DW01_inc_0_DW01_inc_45'
  Processing 'fp32_add_19_DW01_add_0_DW01_add_53'
  Processing 'fp32_add_19_DW01_sub_0_DW01_sub_92'
  Processing 'fp32_add_19_DW01_cmp2_1_DW01_cmp2_148'
  Processing 'fp32_add_19_DW01_ash_0_DW01_ash_39'
  Processing 'fp32_add_19_DW01_inc_1_DW01_inc_46'
  Processing 'fp32_add_19_DW01_sub_1_DW01_sub_93'
  Processing 'fp32_add_19_DW01_add_1_DW01_add_54'
  Processing 'fp32_add_19_DW01_ash_1_DW01_ash_40'
  Processing 'fp32_add_19_DW01_sub_2_DW01_sub_94'
  Processing 'fp32_add_19_DW_rash_0_DW_rash_21'
  Processing 'fp32_add_19_DW01_cmp2_2_DW01_cmp2_149'
  Processing 'fp32_add_19_DW01_sub_3_DW01_sub_95'
  Processing 'fp32_add_19_DW01_cmp2_3_DW01_cmp2_150'
  Processing 'fp32_mul_4_DW01_cmp2_0_DW01_cmp2_151'
  Processing 'fp32_mul_4_DW01_cmp2_1_DW01_cmp2_152'
  Processing 'fp32_mul_4_DW01_inc_0_DW01_inc_47'
  Processing 'fp32_mul_4_DW01_add_0_DW01_add_55'
  Processing 'fp32_exp_4_DW01_cmp2_0_DW01_cmp2_153'
  Processing 'fp32_exp_4_DW01_cmp2_1_DW01_cmp2_154'
  Processing 'fp32_exp_4_DW01_sub_0_DW01_sub_96'
  Processing 'fp32_exp_4_DW01_sub_1_DW01_sub_97'
  Processing 'fp32_exp_4_DW01_cmp2_2_DW01_cmp2_155'
  Processing 'fp32_exp_4_DW01_cmp6_0_DW01_cmp6_25'
  Processing 'fp32_exp_4_DW_rash_0_DW_rash_22'
  Processing 'fp32_exp_4_DW01_sub_2_DW01_sub_98'
  Processing 'fp32_exp_4_DW01_ash_0_DW01_ash_41'
  Processing 'fp32_exp_4_DW01_cmp2_3_DW01_cmp2_156'
  Processing 'fp32_exp_4_DW01_sub_3_DW01_sub_99'
  Processing 'fp32_exp_4_DW01_cmp2_4_DW01_cmp2_157'
  Processing 'fp32_exp_4_DW01_cmp2_5_DW01_cmp2_158'
  Processing 'fp32_exp_4_DW01_sub_4_DW01_sub_100'
  Processing 'fp32_add_20_DW01_cmp2_0_DW01_cmp2_159'
  Processing 'fp32_add_20_DW01_inc_0_DW01_inc_48'
  Processing 'fp32_add_20_DW01_add_0_DW01_add_56'
  Processing 'fp32_add_20_DW01_sub_0_DW01_sub_101'
  Processing 'fp32_add_20_DW01_cmp2_1_DW01_cmp2_160'
  Processing 'fp32_add_20_DW01_ash_0_DW01_ash_42'
  Processing 'fp32_add_20_DW01_inc_1_DW01_inc_49'
  Processing 'fp32_add_20_DW01_sub_1_DW01_sub_102'
  Processing 'fp32_add_20_DW01_add_1_DW01_add_57'
  Processing 'fp32_add_20_DW01_ash_1_DW01_ash_43'
  Processing 'fp32_add_20_DW01_sub_2_DW01_sub_103'
  Processing 'fp32_add_20_DW_rash_0_DW_rash_23'
  Processing 'fp32_add_20_DW01_cmp2_2_DW01_cmp2_161'
  Processing 'fp32_add_20_DW01_sub_3_DW01_sub_104'
  Processing 'fp32_add_20_DW01_cmp2_3_DW01_cmp2_162'
  Processing 'fp32_mul_5_DW01_cmp2_0_DW01_cmp2_163'
  Processing 'fp32_mul_5_DW01_cmp2_1_DW01_cmp2_164'
  Processing 'fp32_mul_5_DW01_inc_0_DW01_inc_50'
  Processing 'fp32_mul_5_DW01_add_0_DW01_add_58'
  Processing 'fp32_exp_5_DW01_cmp2_0_DW01_cmp2_165'
  Processing 'fp32_exp_5_DW01_cmp2_1_DW01_cmp2_166'
  Processing 'fp32_exp_5_DW01_sub_0_DW01_sub_105'
  Processing 'fp32_exp_5_DW01_sub_1_DW01_sub_106'
  Processing 'fp32_exp_5_DW01_cmp2_2_DW01_cmp2_167'
  Processing 'fp32_exp_5_DW01_cmp6_0_DW01_cmp6_26'
  Processing 'fp32_exp_5_DW_rash_0_DW_rash_24'
  Processing 'fp32_exp_5_DW01_sub_2_DW01_sub_107'
  Processing 'fp32_exp_5_DW01_ash_0_DW01_ash_44'
  Processing 'fp32_exp_5_DW01_cmp2_3_DW01_cmp2_168'
  Processing 'fp32_exp_5_DW01_sub_3_DW01_sub_108'
  Processing 'fp32_exp_5_DW01_cmp2_4_DW01_cmp2_169'
  Processing 'fp32_exp_5_DW01_cmp2_5_DW01_cmp2_170'
  Processing 'fp32_exp_5_DW01_sub_4_DW01_sub_109'
  Processing 'fp32_add_21_DW01_cmp2_0_DW01_cmp2_171'
  Processing 'fp32_add_21_DW01_inc_0_DW01_inc_51'
  Processing 'fp32_add_21_DW01_add_0_DW01_add_59'
  Processing 'fp32_add_21_DW01_sub_0_DW01_sub_110'
  Processing 'fp32_add_21_DW01_cmp2_1_DW01_cmp2_172'
  Processing 'fp32_add_21_DW01_ash_0_DW01_ash_45'
  Processing 'fp32_add_21_DW01_inc_1_DW01_inc_52'
  Processing 'fp32_add_21_DW01_sub_1_DW01_sub_111'
  Processing 'fp32_add_21_DW01_add_1_DW01_add_60'
  Processing 'fp32_add_21_DW01_ash_1_DW01_ash_46'
  Processing 'fp32_add_21_DW01_sub_2_DW01_sub_112'
  Processing 'fp32_add_21_DW_rash_0_DW_rash_25'
  Processing 'fp32_add_21_DW01_cmp2_2_DW01_cmp2_173'
  Processing 'fp32_add_21_DW01_sub_3_DW01_sub_113'
  Processing 'fp32_add_21_DW01_cmp2_3_DW01_cmp2_174'
  Processing 'fp32_mul_6_DW01_cmp2_0_DW01_cmp2_175'
  Processing 'fp32_mul_6_DW01_cmp2_1_DW01_cmp2_176'
  Processing 'fp32_mul_6_DW01_inc_0_DW01_inc_53'
  Processing 'fp32_mul_6_DW01_add_0_DW01_add_61'
  Processing 'fp32_exp_6_DW01_cmp2_0_DW01_cmp2_177'
  Processing 'fp32_exp_6_DW01_cmp2_1_DW01_cmp2_178'
  Processing 'fp32_exp_6_DW01_sub_0_DW01_sub_114'
  Processing 'fp32_exp_6_DW01_sub_1_DW01_sub_115'
  Processing 'fp32_exp_6_DW01_cmp2_2_DW01_cmp2_179'
  Processing 'fp32_exp_6_DW01_cmp6_0_DW01_cmp6_27'
  Processing 'fp32_exp_6_DW_rash_0_DW_rash_26'
  Processing 'fp32_exp_6_DW01_sub_2_DW01_sub_116'
  Processing 'fp32_exp_6_DW01_ash_0_DW01_ash_47'
  Processing 'fp32_exp_6_DW01_cmp2_3_DW01_cmp2_180'
  Processing 'fp32_exp_6_DW01_sub_3_DW01_sub_117'
  Processing 'fp32_exp_6_DW01_cmp2_4_DW01_cmp2_181'
  Processing 'fp32_exp_6_DW01_cmp2_5_DW01_cmp2_182'
  Processing 'fp32_exp_6_DW01_sub_4_DW01_sub_118'
  Processing 'fp32_add_22_DW01_cmp2_0_DW01_cmp2_183'
  Processing 'fp32_add_22_DW01_inc_0_DW01_inc_54'
  Processing 'fp32_add_22_DW01_add_0_DW01_add_62'
  Processing 'fp32_add_22_DW01_sub_0_DW01_sub_119'
  Processing 'fp32_add_22_DW01_cmp2_1_DW01_cmp2_184'
  Processing 'fp32_add_22_DW01_ash_0_DW01_ash_48'
  Processing 'fp32_add_22_DW01_inc_1_DW01_inc_55'
  Processing 'fp32_add_22_DW01_sub_1_DW01_sub_120'
  Processing 'fp32_add_22_DW01_add_1_DW01_add_63'
  Processing 'fp32_add_22_DW01_ash_1_DW01_ash_49'
  Processing 'fp32_add_22_DW01_sub_2_DW01_sub_121'
  Processing 'fp32_add_22_DW_rash_0_DW_rash_27'
  Processing 'fp32_add_22_DW01_cmp2_2_DW01_cmp2_185'
  Processing 'fp32_add_22_DW01_sub_3_DW01_sub_122'
  Processing 'fp32_add_22_DW01_cmp2_3_DW01_cmp2_186'
  Processing 'fp32_mul_7_DW01_cmp2_0_DW01_cmp2_187'
  Processing 'fp32_mul_7_DW01_cmp2_1_DW01_cmp2_188'
  Processing 'fp32_mul_7_DW01_inc_0_DW01_inc_56'
  Processing 'fp32_mul_7_DW01_add_0_DW01_add_64'
  Processing 'fp32_exp_7_DW01_cmp2_0_DW01_cmp2_189'
  Processing 'fp32_exp_7_DW01_cmp2_1_DW01_cmp2_190'
  Processing 'fp32_exp_7_DW01_sub_0_DW01_sub_123'
  Processing 'fp32_exp_7_DW01_sub_1_DW01_sub_124'
  Processing 'fp32_exp_7_DW01_cmp2_2_DW01_cmp2_191'
  Processing 'fp32_exp_7_DW01_cmp6_0_DW01_cmp6_28'
  Processing 'fp32_exp_7_DW_rash_0_DW_rash_28'
  Processing 'fp32_exp_7_DW01_sub_2_DW01_sub_125'
  Processing 'fp32_exp_7_DW01_ash_0_DW01_ash_50'
  Processing 'fp32_exp_7_DW01_cmp2_3_DW01_cmp2_192'
  Processing 'fp32_exp_7_DW01_sub_3_DW01_sub_126'
  Processing 'fp32_exp_7_DW01_cmp2_4_DW01_cmp2_193'
  Processing 'fp32_exp_7_DW01_cmp2_5_DW01_cmp2_194'
  Processing 'fp32_exp_7_DW01_sub_4_DW01_sub_127'
  Processing 'fp32_add_23_DW01_cmp2_0_DW01_cmp2_195'
  Processing 'fp32_add_23_DW01_inc_0_DW01_inc_57'
  Processing 'fp32_add_23_DW01_add_0_DW01_add_65'
  Processing 'fp32_add_23_DW01_sub_0_DW01_sub_128'
  Processing 'fp32_add_23_DW01_cmp2_1_DW01_cmp2_196'
  Processing 'fp32_add_23_DW01_ash_0_DW01_ash_51'
  Processing 'fp32_add_23_DW01_inc_1_DW01_inc_58'
  Processing 'fp32_add_23_DW01_sub_1_DW01_sub_129'
  Processing 'fp32_add_23_DW01_add_1_DW01_add_66'
  Processing 'fp32_add_23_DW01_ash_1_DW01_ash_52'
  Processing 'fp32_add_23_DW01_sub_2_DW01_sub_130'
  Processing 'fp32_add_23_DW_rash_0_DW_rash_29'
  Processing 'fp32_add_23_DW01_cmp2_2_DW01_cmp2_197'
  Processing 'fp32_add_23_DW01_sub_3_DW01_sub_131'
  Processing 'fp32_add_23_DW01_cmp2_3_DW01_cmp2_198'
  Processing 'fp32_mul_8_DW01_cmp2_0_DW01_cmp2_199'
  Processing 'fp32_mul_8_DW01_cmp2_1_DW01_cmp2_200'
  Processing 'fp32_mul_8_DW01_inc_0_DW01_inc_59'
  Processing 'fp32_mul_8_DW01_add_0_DW01_add_67'
  Processing 'fp32_exp_8_DW01_cmp2_0_DW01_cmp2_201'
  Processing 'fp32_exp_8_DW01_cmp2_1_DW01_cmp2_202'
  Processing 'fp32_exp_8_DW01_sub_0_DW01_sub_132'
  Processing 'fp32_exp_8_DW01_sub_1_DW01_sub_133'
  Processing 'fp32_exp_8_DW01_cmp2_2_DW01_cmp2_203'
  Processing 'fp32_exp_8_DW01_cmp6_0_DW01_cmp6_29'
  Processing 'fp32_exp_8_DW_rash_0_DW_rash_30'
  Processing 'fp32_exp_8_DW01_sub_2_DW01_sub_134'
  Processing 'fp32_exp_8_DW01_ash_0_DW01_ash_53'
  Processing 'fp32_exp_8_DW01_cmp2_3_DW01_cmp2_204'
  Processing 'fp32_exp_8_DW01_sub_3_DW01_sub_135'
  Processing 'fp32_exp_8_DW01_cmp2_4_DW01_cmp2_205'
  Processing 'fp32_exp_8_DW01_cmp2_5_DW01_cmp2_206'
  Processing 'fp32_exp_8_DW01_sub_4_DW01_sub_136'
  Processing 'fp32_add_24_DW01_cmp2_0_DW01_cmp2_207'
  Processing 'fp32_add_24_DW01_inc_0_DW01_inc_60'
  Processing 'fp32_add_24_DW01_add_0_DW01_add_68'
  Processing 'fp32_add_24_DW01_sub_0_DW01_sub_137'
  Processing 'fp32_add_24_DW01_cmp2_1_DW01_cmp2_208'
  Processing 'fp32_add_24_DW01_ash_0_DW01_ash_54'
  Processing 'fp32_add_24_DW01_inc_1_DW01_inc_61'
  Processing 'fp32_add_24_DW01_sub_1_DW01_sub_138'
  Processing 'fp32_add_24_DW01_add_1_DW01_add_69'
  Processing 'fp32_add_24_DW01_ash_1_DW01_ash_55'
  Processing 'fp32_add_24_DW01_sub_2_DW01_sub_139'
  Processing 'fp32_add_24_DW_rash_0_DW_rash_31'
  Processing 'fp32_add_24_DW01_cmp2_2_DW01_cmp2_209'
  Processing 'fp32_add_24_DW01_sub_3_DW01_sub_140'
  Processing 'fp32_add_24_DW01_cmp2_3_DW01_cmp2_210'
  Processing 'fp32_mul_9_DW01_cmp2_0_DW01_cmp2_211'
  Processing 'fp32_mul_9_DW01_cmp2_1_DW01_cmp2_212'
  Processing 'fp32_mul_9_DW01_inc_0_DW01_inc_62'
  Processing 'fp32_mul_9_DW01_add_0_DW01_add_70'
  Processing 'fp32_exp_9_DW01_cmp2_0_DW01_cmp2_213'
  Processing 'fp32_exp_9_DW01_cmp2_1_DW01_cmp2_214'
  Processing 'fp32_exp_9_DW01_sub_0_DW01_sub_141'
  Processing 'fp32_exp_9_DW01_sub_1_DW01_sub_142'
  Processing 'fp32_exp_9_DW01_cmp2_2_DW01_cmp2_215'
  Processing 'fp32_exp_9_DW01_cmp6_0_DW01_cmp6_30'
  Processing 'fp32_exp_9_DW_rash_0_DW_rash_32'
  Processing 'fp32_exp_9_DW01_sub_2_DW01_sub_143'
  Processing 'fp32_exp_9_DW01_ash_0_DW01_ash_56'
  Processing 'fp32_exp_9_DW01_cmp2_3_DW01_cmp2_216'
  Processing 'fp32_exp_9_DW01_sub_3_DW01_sub_144'
  Processing 'fp32_exp_9_DW01_cmp2_4_DW01_cmp2_217'
  Processing 'fp32_exp_9_DW01_cmp2_5_DW01_cmp2_218'
  Processing 'fp32_exp_9_DW01_sub_4_DW01_sub_145'
  Processing 'fp32_add_25_DW01_cmp2_0_DW01_cmp2_219'
  Processing 'fp32_add_25_DW01_inc_0_DW01_inc_63'
  Processing 'fp32_add_25_DW01_add_0_DW01_add_71'
  Processing 'fp32_add_25_DW01_sub_0_DW01_sub_146'
  Processing 'fp32_add_25_DW01_cmp2_1_DW01_cmp2_220'
  Processing 'fp32_add_25_DW01_ash_0_DW01_ash_57'
  Processing 'fp32_add_25_DW01_inc_1_DW01_inc_64'
  Processing 'fp32_add_25_DW01_sub_1_DW01_sub_147'
  Processing 'fp32_add_25_DW01_add_1_DW01_add_72'
  Processing 'fp32_add_25_DW01_ash_1_DW01_ash_58'
  Processing 'fp32_add_25_DW01_sub_2_DW01_sub_148'
  Processing 'fp32_add_25_DW_rash_0_DW_rash_33'
  Processing 'fp32_add_25_DW01_cmp2_2_DW01_cmp2_221'
  Processing 'fp32_add_25_DW01_sub_3_DW01_sub_149'
  Processing 'fp32_add_25_DW01_cmp2_3_DW01_cmp2_222'
  Processing 'fp32_mul_10_DW01_cmp2_0_DW01_cmp2_223'
  Processing 'fp32_mul_10_DW01_cmp2_1_DW01_cmp2_224'
  Processing 'fp32_mul_10_DW01_inc_0_DW01_inc_65'
  Processing 'fp32_mul_10_DW01_add_0_DW01_add_73'
  Processing 'fp32_exp_10_DW01_cmp2_0_DW01_cmp2_225'
  Processing 'fp32_exp_10_DW01_cmp2_1_DW01_cmp2_226'
  Processing 'fp32_exp_10_DW01_sub_0_DW01_sub_150'
  Processing 'fp32_exp_10_DW01_sub_1_DW01_sub_151'
  Processing 'fp32_exp_10_DW01_cmp2_2_DW01_cmp2_227'
  Processing 'fp32_exp_10_DW01_cmp6_0_DW01_cmp6_31'
  Processing 'fp32_exp_10_DW_rash_0_DW_rash_34'
  Processing 'fp32_exp_10_DW01_sub_2_DW01_sub_152'
  Processing 'fp32_exp_10_DW01_ash_0_DW01_ash_59'
  Processing 'fp32_exp_10_DW01_cmp2_3_DW01_cmp2_228'
  Processing 'fp32_exp_10_DW01_sub_3_DW01_sub_153'
  Processing 'fp32_exp_10_DW01_cmp2_4_DW01_cmp2_229'
  Processing 'fp32_exp_10_DW01_cmp2_5_DW01_cmp2_230'
  Processing 'fp32_exp_10_DW01_sub_4_DW01_sub_154'
  Processing 'fp32_add_26_DW01_cmp2_0_DW01_cmp2_231'
  Processing 'fp32_add_26_DW01_inc_0_DW01_inc_66'
  Processing 'fp32_add_26_DW01_add_0_DW01_add_74'
  Processing 'fp32_add_26_DW01_sub_0_DW01_sub_155'
  Processing 'fp32_add_26_DW01_cmp2_1_DW01_cmp2_232'
  Processing 'fp32_add_26_DW01_ash_0_DW01_ash_60'
  Processing 'fp32_add_26_DW01_inc_1_DW01_inc_67'
  Processing 'fp32_add_26_DW01_sub_1_DW01_sub_156'
  Processing 'fp32_add_26_DW01_add_1_DW01_add_75'
  Processing 'fp32_add_26_DW01_ash_1_DW01_ash_61'
  Processing 'fp32_add_26_DW01_sub_2_DW01_sub_157'
  Processing 'fp32_add_26_DW_rash_0_DW_rash_35'
  Processing 'fp32_add_26_DW01_cmp2_2_DW01_cmp2_233'
  Processing 'fp32_add_26_DW01_sub_3_DW01_sub_158'
  Processing 'fp32_add_26_DW01_cmp2_3_DW01_cmp2_234'
  Processing 'fp32_mul_11_DW01_cmp2_0_DW01_cmp2_235'
  Processing 'fp32_mul_11_DW01_cmp2_1_DW01_cmp2_236'
  Processing 'fp32_mul_11_DW01_inc_0_DW01_inc_68'
  Processing 'fp32_mul_11_DW01_add_0_DW01_add_76'
  Processing 'fp32_exp_11_DW01_cmp2_0_DW01_cmp2_237'
  Processing 'fp32_exp_11_DW01_cmp2_1_DW01_cmp2_238'
  Processing 'fp32_exp_11_DW01_sub_0_DW01_sub_159'
  Processing 'fp32_exp_11_DW01_sub_1_DW01_sub_160'
  Processing 'fp32_exp_11_DW01_cmp2_2_DW01_cmp2_239'
  Processing 'fp32_exp_11_DW01_cmp6_0_DW01_cmp6_32'
  Processing 'fp32_exp_11_DW_rash_0_DW_rash_36'
  Processing 'fp32_exp_11_DW01_sub_2_DW01_sub_161'
  Processing 'fp32_exp_11_DW01_ash_0_DW01_ash_62'
  Processing 'fp32_exp_11_DW01_cmp2_3_DW01_cmp2_240'
  Processing 'fp32_exp_11_DW01_sub_3_DW01_sub_162'
  Processing 'fp32_exp_11_DW01_cmp2_4_DW01_cmp2_241'
  Processing 'fp32_exp_11_DW01_cmp2_5_DW01_cmp2_242'
  Processing 'fp32_exp_11_DW01_sub_4_DW01_sub_163'
  Processing 'fp32_add_27_DW01_cmp2_0_DW01_cmp2_243'
  Processing 'fp32_add_27_DW01_inc_0_DW01_inc_69'
  Processing 'fp32_add_27_DW01_add_0_DW01_add_77'
  Processing 'fp32_add_27_DW01_sub_0_DW01_sub_164'
  Processing 'fp32_add_27_DW01_cmp2_1_DW01_cmp2_244'
  Processing 'fp32_add_27_DW01_ash_0_DW01_ash_63'
  Processing 'fp32_add_27_DW01_inc_1_DW01_inc_70'
  Processing 'fp32_add_27_DW01_sub_1_DW01_sub_165'
  Processing 'fp32_add_27_DW01_add_1_DW01_add_78'
  Processing 'fp32_add_27_DW01_ash_1_DW01_ash_64'
  Processing 'fp32_add_27_DW01_sub_2_DW01_sub_166'
  Processing 'fp32_add_27_DW_rash_0_DW_rash_37'
  Processing 'fp32_add_27_DW01_cmp2_2_DW01_cmp2_245'
  Processing 'fp32_add_27_DW01_sub_3_DW01_sub_167'
  Processing 'fp32_add_27_DW01_cmp2_3_DW01_cmp2_246'
  Processing 'fp32_mul_12_DW01_cmp2_0_DW01_cmp2_247'
  Processing 'fp32_mul_12_DW01_cmp2_1_DW01_cmp2_248'
  Processing 'fp32_mul_12_DW01_inc_0_DW01_inc_71'
  Processing 'fp32_mul_12_DW01_add_0_DW01_add_79'
  Processing 'fp32_exp_12_DW01_cmp2_0_DW01_cmp2_249'
  Processing 'fp32_exp_12_DW01_cmp2_1_DW01_cmp2_250'
  Processing 'fp32_exp_12_DW01_sub_0_DW01_sub_168'
  Processing 'fp32_exp_12_DW01_sub_1_DW01_sub_169'
  Processing 'fp32_exp_12_DW01_cmp2_2_DW01_cmp2_251'
  Processing 'fp32_exp_12_DW01_cmp6_0_DW01_cmp6_33'
  Processing 'fp32_exp_12_DW_rash_0_DW_rash_38'
  Processing 'fp32_exp_12_DW01_sub_2_DW01_sub_170'
  Processing 'fp32_exp_12_DW01_ash_0_DW01_ash_65'
  Processing 'fp32_exp_12_DW01_cmp2_3_DW01_cmp2_252'
  Processing 'fp32_exp_12_DW01_sub_3_DW01_sub_171'
  Processing 'fp32_exp_12_DW01_cmp2_4_DW01_cmp2_253'
  Processing 'fp32_exp_12_DW01_cmp2_5_DW01_cmp2_254'
  Processing 'fp32_exp_12_DW01_sub_4_DW01_sub_172'
  Processing 'fp32_add_28_DW01_cmp2_0_DW01_cmp2_255'
  Processing 'fp32_add_28_DW01_inc_0_DW01_inc_72'
  Processing 'fp32_add_28_DW01_add_0_DW01_add_80'
  Processing 'fp32_add_28_DW01_sub_0_DW01_sub_173'
  Processing 'fp32_add_28_DW01_cmp2_1_DW01_cmp2_256'
  Processing 'fp32_add_28_DW01_ash_0_DW01_ash_66'
  Processing 'fp32_add_28_DW01_inc_1_DW01_inc_73'
  Processing 'fp32_add_28_DW01_sub_1_DW01_sub_174'
  Processing 'fp32_add_28_DW01_add_1_DW01_add_81'
  Processing 'fp32_add_28_DW01_ash_1_DW01_ash_67'
  Processing 'fp32_add_28_DW01_sub_2_DW01_sub_175'
  Processing 'fp32_add_28_DW_rash_0_DW_rash_39'
  Processing 'fp32_add_28_DW01_cmp2_2_DW01_cmp2_257'
  Processing 'fp32_add_28_DW01_sub_3_DW01_sub_176'
  Processing 'fp32_add_28_DW01_cmp2_3_DW01_cmp2_258'
  Processing 'fp32_mul_13_DW01_cmp2_0_DW01_cmp2_259'
  Processing 'fp32_mul_13_DW01_cmp2_1_DW01_cmp2_260'
  Processing 'fp32_mul_13_DW01_inc_0_DW01_inc_74'
  Processing 'fp32_mul_13_DW01_add_0_DW01_add_82'
  Processing 'fp32_exp_13_DW01_cmp2_0_DW01_cmp2_261'
  Processing 'fp32_exp_13_DW01_cmp2_1_DW01_cmp2_262'
  Processing 'fp32_exp_13_DW01_sub_0_DW01_sub_177'
  Processing 'fp32_exp_13_DW01_sub_1_DW01_sub_178'
  Processing 'fp32_exp_13_DW01_cmp2_2_DW01_cmp2_263'
  Processing 'fp32_exp_13_DW01_cmp6_0_DW01_cmp6_34'
  Processing 'fp32_exp_13_DW_rash_0_DW_rash_40'
  Processing 'fp32_exp_13_DW01_sub_2_DW01_sub_179'
  Processing 'fp32_exp_13_DW01_ash_0_DW01_ash_68'
  Processing 'fp32_exp_13_DW01_cmp2_3_DW01_cmp2_264'
  Processing 'fp32_exp_13_DW01_sub_3_DW01_sub_180'
  Processing 'fp32_exp_13_DW01_cmp2_4_DW01_cmp2_265'
  Processing 'fp32_exp_13_DW01_cmp2_5_DW01_cmp2_266'
  Processing 'fp32_exp_13_DW01_sub_4_DW01_sub_181'
  Processing 'fp32_add_29_DW01_cmp2_0_DW01_cmp2_267'
  Processing 'fp32_add_29_DW01_inc_0_DW01_inc_75'
  Processing 'fp32_add_29_DW01_add_0_DW01_add_83'
  Processing 'fp32_add_29_DW01_sub_0_DW01_sub_182'
  Processing 'fp32_add_29_DW01_cmp2_1_DW01_cmp2_268'
  Processing 'fp32_add_29_DW01_ash_0_DW01_ash_69'
  Processing 'fp32_add_29_DW01_inc_1_DW01_inc_76'
  Processing 'fp32_add_29_DW01_sub_1_DW01_sub_183'
  Processing 'fp32_add_29_DW01_add_1_DW01_add_84'
  Processing 'fp32_add_29_DW01_ash_1_DW01_ash_70'
  Processing 'fp32_add_29_DW01_sub_2_DW01_sub_184'
  Processing 'fp32_add_29_DW_rash_0_DW_rash_41'
  Processing 'fp32_add_29_DW01_cmp2_2_DW01_cmp2_269'
  Processing 'fp32_add_29_DW01_sub_3_DW01_sub_185'
  Processing 'fp32_add_29_DW01_cmp2_3_DW01_cmp2_270'
  Processing 'fp32_mul_14_DW01_cmp2_0_DW01_cmp2_271'
  Processing 'fp32_mul_14_DW01_cmp2_1_DW01_cmp2_272'
  Processing 'fp32_mul_14_DW01_inc_0_DW01_inc_77'
  Processing 'fp32_mul_14_DW01_add_0_DW01_add_85'
  Processing 'fp32_exp_14_DW01_cmp2_0_DW01_cmp2_273'
  Processing 'fp32_exp_14_DW01_cmp2_1_DW01_cmp2_274'
  Processing 'fp32_exp_14_DW01_sub_0_DW01_sub_186'
  Processing 'fp32_exp_14_DW01_sub_1_DW01_sub_187'
  Processing 'fp32_exp_14_DW01_cmp2_2_DW01_cmp2_275'
  Processing 'fp32_exp_14_DW01_cmp6_0_DW01_cmp6_35'
  Processing 'fp32_exp_14_DW_rash_0_DW_rash_42'
  Processing 'fp32_exp_14_DW01_sub_2_DW01_sub_188'
  Processing 'fp32_exp_14_DW01_ash_0_DW01_ash_71'
  Processing 'fp32_exp_14_DW01_cmp2_3_DW01_cmp2_276'
  Processing 'fp32_exp_14_DW01_sub_3_DW01_sub_189'
  Processing 'fp32_exp_14_DW01_cmp2_4_DW01_cmp2_277'
  Processing 'fp32_exp_14_DW01_cmp2_5_DW01_cmp2_278'
  Processing 'fp32_exp_14_DW01_sub_4_DW01_sub_190'
  Processing 'fp32_add_30_DW01_cmp2_0_DW01_cmp2_279'
  Processing 'fp32_add_30_DW01_inc_0_DW01_inc_78'
  Processing 'fp32_add_30_DW01_add_0_DW01_add_86'
  Processing 'fp32_add_30_DW01_sub_0_DW01_sub_191'
  Processing 'fp32_add_30_DW01_cmp2_1_DW01_cmp2_280'
  Processing 'fp32_add_30_DW01_ash_0_DW01_ash_72'
  Processing 'fp32_add_30_DW01_inc_1_DW01_inc_79'
  Processing 'fp32_add_30_DW01_sub_1_DW01_sub_192'
  Processing 'fp32_add_30_DW01_add_1_DW01_add_87'
  Processing 'fp32_add_30_DW01_ash_1_DW01_ash_73'
  Processing 'fp32_add_30_DW01_sub_2_DW01_sub_193'
  Processing 'fp32_add_30_DW_rash_0_DW_rash_43'
  Processing 'fp32_add_30_DW01_cmp2_2_DW01_cmp2_281'
  Processing 'fp32_add_30_DW01_sub_3_DW01_sub_194'
  Processing 'fp32_add_30_DW01_cmp2_3_DW01_cmp2_282'
  Processing 'fp32_mul_15_DW01_cmp2_0_DW01_cmp2_283'
  Processing 'fp32_mul_15_DW01_cmp2_1_DW01_cmp2_284'
  Processing 'fp32_mul_15_DW01_inc_0_DW01_inc_80'
  Processing 'fp32_mul_15_DW01_add_0_DW01_add_88'
  Processing 'fp32_exp_15_DW01_cmp2_0_DW01_cmp2_285'
  Processing 'fp32_exp_15_DW01_cmp2_1_DW01_cmp2_286'
  Processing 'fp32_exp_15_DW01_sub_0_DW01_sub_195'
  Processing 'fp32_exp_15_DW01_sub_1_DW01_sub_196'
  Processing 'fp32_exp_15_DW01_cmp2_2_DW01_cmp2_287'
  Processing 'fp32_exp_15_DW01_cmp6_0_DW01_cmp6_36'
  Processing 'fp32_exp_15_DW_rash_0_DW_rash_44'
  Processing 'fp32_exp_15_DW01_sub_2_DW01_sub_197'
  Processing 'fp32_exp_15_DW01_ash_0_DW01_ash_74'
  Processing 'fp32_exp_15_DW01_cmp2_3_DW01_cmp2_288'
  Processing 'fp32_exp_15_DW01_sub_3_DW01_sub_198'
  Processing 'fp32_exp_15_DW01_cmp2_4_DW01_cmp2_289'
  Processing 'fp32_exp_15_DW01_cmp2_5_DW01_cmp2_290'
  Processing 'fp32_exp_15_DW01_sub_4_DW01_sub_199'
  Processing 'fp32_add_31_DW01_cmp2_0_DW01_cmp2_291'
  Processing 'fp32_add_31_DW01_inc_0_DW01_inc_81'
  Processing 'fp32_add_31_DW01_add_0_DW01_add_89'
  Processing 'fp32_add_31_DW01_sub_0_DW01_sub_200'
  Processing 'fp32_add_31_DW01_cmp2_1_DW01_cmp2_292'
  Processing 'fp32_add_31_DW01_ash_0_DW01_ash_75'
  Processing 'fp32_add_31_DW01_inc_1_DW01_inc_82'
  Processing 'fp32_add_31_DW01_sub_1_DW01_sub_201'
  Processing 'fp32_add_31_DW01_add_1_DW01_add_90'
  Processing 'fp32_add_31_DW01_ash_1_DW01_ash_76'
  Processing 'fp32_add_31_DW01_sub_2_DW01_sub_202'
  Processing 'fp32_add_31_DW_rash_0_DW_rash_45'
  Processing 'fp32_add_31_DW01_cmp2_2_DW01_cmp2_293'
  Processing 'fp32_add_31_DW01_sub_3_DW01_sub_203'
  Processing 'fp32_add_31_DW01_cmp2_3_DW01_cmp2_294'
  Processing 'fp32_mul_0_DW01_cmp2_0_DW01_cmp2_295'
  Processing 'fp32_mul_0_DW01_cmp2_1_DW01_cmp2_296'
  Processing 'fp32_mul_0_DW01_inc_0_DW01_inc_83'
  Processing 'fp32_mul_0_DW01_add_0_DW01_add_91'
  Processing 'fp32_exp_0_DW01_cmp2_0_DW01_cmp2_297'
  Processing 'fp32_exp_0_DW01_cmp2_1_DW01_cmp2_298'
  Processing 'fp32_exp_0_DW01_sub_0_DW01_sub_204'
  Processing 'fp32_exp_0_DW01_sub_1_DW01_sub_205'
  Processing 'fp32_exp_0_DW01_cmp2_2_DW01_cmp2_299'
  Processing 'fp32_exp_0_DW01_cmp6_0_DW01_cmp6_37'
  Processing 'fp32_exp_0_DW_rash_0_DW_rash_46'
  Processing 'fp32_exp_0_DW01_sub_2_DW01_sub_206'
  Processing 'fp32_exp_0_DW01_ash_0_DW01_ash_77'
  Processing 'fp32_exp_0_DW01_cmp2_3_DW01_cmp2_300'
  Processing 'fp32_exp_0_DW01_sub_3_DW01_sub_207'
  Processing 'fp32_exp_0_DW01_cmp2_4_DW01_cmp2_301'
  Processing 'fp32_exp_0_DW01_cmp2_5_DW01_cmp2_302'
  Processing 'fp32_exp_0_DW01_sub_4_DW01_sub_208'
  Processing 'fp32_add_0_DW01_cmp2_0_DW01_cmp2_303'
  Processing 'fp32_add_0_DW01_inc_0_DW01_inc_84'
  Processing 'fp32_add_0_DW01_add_0_DW01_add_92'
  Processing 'fp32_add_0_DW01_sub_0_DW01_sub_209'
  Processing 'fp32_add_0_DW01_cmp2_1_DW01_cmp2_304'
  Processing 'fp32_add_0_DW01_ash_0_DW01_ash_78'
  Processing 'fp32_add_0_DW01_inc_1_DW01_inc_85'
  Processing 'fp32_add_0_DW01_sub_1_DW01_sub_210'
  Processing 'fp32_add_0_DW01_add_1_DW01_add_93'
  Processing 'fp32_add_0_DW01_ash_1_DW01_ash_79'
  Processing 'fp32_add_0_DW01_sub_2_DW01_sub_211'
  Processing 'fp32_add_0_DW_rash_0_DW_rash_47'
  Processing 'fp32_add_0_DW01_cmp2_2_DW01_cmp2_305'
  Processing 'fp32_add_0_DW01_sub_3_DW01_sub_212'
  Processing 'fp32_add_0_DW01_cmp2_3_DW01_cmp2_306'
Warning: Target library does not contain any 2-1 multiplexor. (OPT-853)
  Processing 'bf16_add_33_DW01_inc_0_DW01_inc_86'
  Processing 'bf16_add_33_DW01_add_0_DW01_add_94'
  Processing 'bf16_add_33_DW01_sub_0_DW01_sub_213'
  Processing 'bf16_add_33_DW01_cmp2_0_DW01_cmp2_307'
  Processing 'bf16_add_33_DW01_ash_0_DW01_ash_80'
  Processing 'bf16_add_33_DW01_inc_1_DW01_inc_87'
  Processing 'bf16_add_33_DW01_sub_1_DW01_sub_214'
  Processing 'bf16_add_33_DW01_add_1_DW01_add_95'
  Allocating blocks in 'DW01_ash_A_width11_SH_width32'
  Processing 'bf16_add_33_DW01_ash_1_DW01_ash_81'
  Processing 'bf16_add_33_DW01_sub_2_DW01_sub_215'
  Allocating blocks in 'DW_rash_A_width11_SH_width8'
  Processing 'bf16_add_33_DW_rash_0_DW_rash_48'
  Processing 'bf16_add_33_DW01_cmp2_1_DW01_cmp2_308'
  Processing 'bf16_add_33_DW01_sub_3_DW01_sub_216'
  Processing 'bf16_add_33_DW01_cmp2_2_DW01_cmp2_309'
  Processing 'bf16_add_34_DW01_inc_0_DW01_inc_88'
  Processing 'bf16_add_34_DW01_add_0_DW01_add_96'
  Processing 'bf16_add_34_DW01_sub_0_DW01_sub_217'
  Processing 'bf16_add_34_DW01_cmp2_0_DW01_cmp2_310'
  Processing 'bf16_add_34_DW01_ash_0_DW01_ash_82'
  Processing 'bf16_add_34_DW01_inc_1_DW01_inc_89'
  Processing 'bf16_add_34_DW01_sub_1_DW01_sub_218'
  Processing 'bf16_add_34_DW01_add_1_DW01_add_97'
  Processing 'bf16_add_34_DW01_ash_1_DW01_ash_83'
  Processing 'bf16_add_34_DW01_sub_2_DW01_sub_219'
  Processing 'bf16_add_34_DW_rash_0_DW_rash_49'
  Processing 'bf16_add_34_DW01_cmp2_1_DW01_cmp2_311'
  Processing 'bf16_add_34_DW01_sub_3_DW01_sub_220'
  Processing 'bf16_add_34_DW01_cmp2_2_DW01_cmp2_312'
  Processing 'bf16_mult_17_DW01_cmp2_0_DW01_cmp2_313'
  Processing 'bf16_mult_17_DW01_cmp2_1_DW01_cmp2_314'
  Processing 'bf16_mult_17_DW01_inc_0_DW01_inc_90'
  Processing 'bf16_mult_17_DW01_add_0_DW01_add_98'
  Processing 'bf16_mult_18_DW01_cmp2_0_DW01_cmp2_315'
  Processing 'bf16_mult_18_DW01_cmp2_1_DW01_cmp2_316'
  Processing 'bf16_mult_18_DW01_inc_0_DW01_inc_91'
  Processing 'bf16_mult_18_DW01_add_0_DW01_add_99'
  Processing 'bf16_mult_19_DW01_cmp2_0_DW01_cmp2_317'
  Processing 'bf16_mult_19_DW01_cmp2_1_DW01_cmp2_318'
  Processing 'bf16_mult_19_DW01_inc_0_DW01_inc_92'
  Processing 'bf16_mult_19_DW01_add_0_DW01_add_100'
  Processing 'bf16_mult_20_DW01_cmp2_0_DW01_cmp2_319'
  Processing 'bf16_mult_20_DW01_cmp2_1_DW01_cmp2_320'
  Processing 'bf16_mult_20_DW01_inc_0_DW01_inc_93'
  Processing 'bf16_mult_20_DW01_add_0_DW01_add_101'
  Processing 'sincos_bf16_1_DW01_add_0_DW01_add_102'
  Processing 'sincos_bf16_1_DW01_ash_0_DW01_ash_84'
  Processing 'sincos_bf16_1_DW01_cmp6_0_DW01_cmp6_38'
  Processing 'sincos_bf16_1_DW01_add_1_DW01_add_103'
  Processing 'sincos_bf16_1_DW01_ash_1_DW01_ash_85'
  Processing 'sincos_bf16_1_DW01_inc_0_DW01_inc_94'
  Processing 'bf16_add_1_DW01_inc_0_DW01_inc_95'
  Processing 'bf16_add_1_DW01_add_0_DW01_add_104'
  Processing 'bf16_add_1_DW01_sub_0_DW01_sub_221'
  Processing 'bf16_add_1_DW01_cmp2_0_DW01_cmp2_321'
  Processing 'bf16_add_1_DW01_ash_0_DW01_ash_86'
  Processing 'bf16_add_1_DW01_inc_1_DW01_inc_96'
  Processing 'bf16_add_1_DW01_sub_1_DW01_sub_222'
  Processing 'bf16_add_1_DW01_add_1_DW01_add_105'
  Processing 'bf16_add_1_DW01_ash_1_DW01_ash_87'
  Processing 'bf16_add_1_DW01_sub_2_DW01_sub_223'
  Processing 'bf16_add_1_DW_rash_0_DW_rash_50'
  Processing 'bf16_add_1_DW01_cmp2_1_DW01_cmp2_322'
  Processing 'bf16_add_1_DW01_sub_3_DW01_sub_224'
  Processing 'bf16_add_1_DW01_cmp2_2_DW01_cmp2_323'
  Processing 'bf16_add_2_DW01_inc_0_DW01_inc_97'
  Processing 'bf16_add_2_DW01_add_0_DW01_add_106'
  Processing 'bf16_add_2_DW01_sub_0_DW01_sub_225'
  Processing 'bf16_add_2_DW01_cmp2_0_DW01_cmp2_324'
  Processing 'bf16_add_2_DW01_ash_0_DW01_ash_88'
  Processing 'bf16_add_2_DW01_inc_1_DW01_inc_98'
  Processing 'bf16_add_2_DW01_sub_1_DW01_sub_226'
  Processing 'bf16_add_2_DW01_add_1_DW01_add_107'
  Processing 'bf16_add_2_DW01_ash_1_DW01_ash_89'
  Processing 'bf16_add_2_DW01_sub_2_DW01_sub_227'
  Processing 'bf16_add_2_DW_rash_0_DW_rash_51'
  Processing 'bf16_add_2_DW01_cmp2_1_DW01_cmp2_325'
  Processing 'bf16_add_2_DW01_sub_3_DW01_sub_228'
  Processing 'bf16_add_2_DW01_cmp2_2_DW01_cmp2_326'
  Processing 'bf16_mult_1_DW01_cmp2_0_DW01_cmp2_327'
  Processing 'bf16_mult_1_DW01_cmp2_1_DW01_cmp2_328'
  Processing 'bf16_mult_1_DW01_inc_0_DW01_inc_99'
  Processing 'bf16_mult_1_DW01_add_0_DW01_add_108'
  Processing 'bf16_mult_2_DW01_cmp2_0_DW01_cmp2_329'
  Processing 'bf16_mult_2_DW01_cmp2_1_DW01_cmp2_330'
  Processing 'bf16_mult_2_DW01_inc_0_DW01_inc_100'
  Processing 'bf16_mult_2_DW01_add_0_DW01_add_109'
  Processing 'bf16_add_3_DW01_inc_0_DW01_inc_101'
  Processing 'bf16_add_3_DW01_add_0_DW01_add_110'
  Processing 'bf16_add_3_DW01_sub_0_DW01_sub_229'
  Processing 'bf16_add_3_DW01_cmp2_0_DW01_cmp2_331'
  Processing 'bf16_add_3_DW01_ash_0_DW01_ash_90'
  Processing 'bf16_add_3_DW01_inc_1_DW01_inc_102'
  Processing 'bf16_add_3_DW01_sub_1_DW01_sub_230'
  Processing 'bf16_add_3_DW01_add_1_DW01_add_111'
  Processing 'bf16_add_3_DW01_ash_1_DW01_ash_91'
  Processing 'bf16_add_3_DW01_sub_2_DW01_sub_231'
  Processing 'bf16_add_3_DW_rash_0_DW_rash_52'
  Processing 'bf16_add_3_DW01_cmp2_1_DW01_cmp2_332'
  Processing 'bf16_add_3_DW01_sub_3_DW01_sub_232'
  Processing 'bf16_add_3_DW01_cmp2_2_DW01_cmp2_333'
  Processing 'bf16_add_4_DW01_inc_0_DW01_inc_103'
  Processing 'bf16_add_4_DW01_add_0_DW01_add_112'
  Processing 'bf16_add_4_DW01_sub_0_DW01_sub_233'
  Processing 'bf16_add_4_DW01_cmp2_0_DW01_cmp2_334'
  Processing 'bf16_add_4_DW01_ash_0_DW01_ash_92'
  Processing 'bf16_add_4_DW01_inc_1_DW01_inc_104'
  Processing 'bf16_add_4_DW01_sub_1_DW01_sub_234'
  Processing 'bf16_add_4_DW01_add_1_DW01_add_113'
  Processing 'bf16_add_4_DW01_ash_1_DW01_ash_93'
  Processing 'bf16_add_4_DW01_sub_2_DW01_sub_235'
  Processing 'bf16_add_4_DW_rash_0_DW_rash_53'
  Processing 'bf16_add_4_DW01_cmp2_1_DW01_cmp2_335'
  Processing 'bf16_add_4_DW01_sub_3_DW01_sub_236'
  Processing 'bf16_add_4_DW01_cmp2_2_DW01_cmp2_336'
  Processing 'bf16_add_35_DW01_inc_0_DW01_inc_105'
  Processing 'bf16_add_35_DW01_add_0_DW01_add_114'
  Processing 'bf16_add_35_DW01_sub_0_DW01_sub_237'
  Processing 'bf16_add_35_DW01_cmp2_0_DW01_cmp2_337'
  Processing 'bf16_add_35_DW01_ash_0_DW01_ash_94'
  Processing 'bf16_add_35_DW01_inc_1_DW01_inc_106'
  Processing 'bf16_add_35_DW01_sub_1_DW01_sub_238'
  Processing 'bf16_add_35_DW01_add_1_DW01_add_115'
  Processing 'bf16_add_35_DW01_ash_1_DW01_ash_95'
  Processing 'bf16_add_35_DW01_sub_2_DW01_sub_239'
  Processing 'bf16_add_35_DW_rash_0_DW_rash_54'
  Processing 'bf16_add_35_DW01_cmp2_1_DW01_cmp2_338'
  Processing 'bf16_add_35_DW01_sub_3_DW01_sub_240'
  Processing 'bf16_add_35_DW01_cmp2_2_DW01_cmp2_339'
  Processing 'bf16_add_36_DW01_inc_0_DW01_inc_107'
  Processing 'bf16_add_36_DW01_add_0_DW01_add_116'
  Processing 'bf16_add_36_DW01_sub_0_DW01_sub_241'
  Processing 'bf16_add_36_DW01_cmp2_0_DW01_cmp2_340'
  Processing 'bf16_add_36_DW01_ash_0_DW01_ash_96'
  Processing 'bf16_add_36_DW01_inc_1_DW01_inc_108'
  Processing 'bf16_add_36_DW01_sub_1_DW01_sub_242'
  Processing 'bf16_add_36_DW01_add_1_DW01_add_117'
  Processing 'bf16_add_36_DW01_ash_1_DW01_ash_97'
  Processing 'bf16_add_36_DW01_sub_2_DW01_sub_243'
  Processing 'bf16_add_36_DW_rash_0_DW_rash_55'
  Processing 'bf16_add_36_DW01_cmp2_1_DW01_cmp2_341'
  Processing 'bf16_add_36_DW01_sub_3_DW01_sub_244'
  Processing 'bf16_add_36_DW01_cmp2_2_DW01_cmp2_342'
  Processing 'bf16_mult_21_DW01_cmp2_0_DW01_cmp2_343'
  Processing 'bf16_mult_21_DW01_cmp2_1_DW01_cmp2_344'
  Processing 'bf16_mult_21_DW01_inc_0_DW01_inc_109'
  Processing 'bf16_mult_21_DW01_add_0_DW01_add_118'
  Processing 'bf16_mult_22_DW01_cmp2_0_DW01_cmp2_345'
  Processing 'bf16_mult_22_DW01_cmp2_1_DW01_cmp2_346'
  Processing 'bf16_mult_22_DW01_inc_0_DW01_inc_110'
  Processing 'bf16_mult_22_DW01_add_0_DW01_add_119'
  Processing 'bf16_mult_23_DW01_cmp2_0_DW01_cmp2_347'
  Processing 'bf16_mult_23_DW01_cmp2_1_DW01_cmp2_348'
  Processing 'bf16_mult_23_DW01_inc_0_DW01_inc_111'
  Processing 'bf16_mult_23_DW01_add_0_DW01_add_120'
  Processing 'bf16_mult_24_DW01_cmp2_0_DW01_cmp2_349'
  Processing 'bf16_mult_24_DW01_cmp2_1_DW01_cmp2_350'
  Processing 'bf16_mult_24_DW01_inc_0_DW01_inc_112'
  Processing 'bf16_mult_24_DW01_add_0_DW01_add_121'
  Processing 'sincos_bf16_2_DW01_add_0_DW01_add_122'
  Processing 'sincos_bf16_2_DW01_ash_0_DW01_ash_98'
  Processing 'sincos_bf16_2_DW01_cmp6_0_DW01_cmp6_39'
  Processing 'sincos_bf16_2_DW01_add_1_DW01_add_123'
  Processing 'sincos_bf16_2_DW01_ash_1_DW01_ash_99'
  Processing 'sincos_bf16_2_DW01_inc_0_DW01_inc_113'
  Processing 'bf16_add_5_DW01_inc_0_DW01_inc_114'
  Processing 'bf16_add_5_DW01_add_0_DW01_add_124'
  Processing 'bf16_add_5_DW01_sub_0_DW01_sub_245'
  Processing 'bf16_add_5_DW01_cmp2_0_DW01_cmp2_351'
  Processing 'bf16_add_5_DW01_ash_0_DW01_ash_100'
  Processing 'bf16_add_5_DW01_inc_1_DW01_inc_115'
  Processing 'bf16_add_5_DW01_sub_1_DW01_sub_246'
  Processing 'bf16_add_5_DW01_add_1_DW01_add_125'
  Processing 'bf16_add_5_DW01_ash_1_DW01_ash_101'
  Processing 'bf16_add_5_DW01_sub_2_DW01_sub_247'
  Processing 'bf16_add_5_DW_rash_0_DW_rash_56'
  Processing 'bf16_add_5_DW01_cmp2_1_DW01_cmp2_352'
  Processing 'bf16_add_5_DW01_sub_3_DW01_sub_248'
  Processing 'bf16_add_5_DW01_cmp2_2_DW01_cmp2_353'
  Processing 'bf16_add_6_DW01_inc_0_DW01_inc_116'
  Processing 'bf16_add_6_DW01_add_0_DW01_add_126'
  Processing 'bf16_add_6_DW01_sub_0_DW01_sub_249'
  Processing 'bf16_add_6_DW01_cmp2_0_DW01_cmp2_354'
  Processing 'bf16_add_6_DW01_ash_0_DW01_ash_102'
  Processing 'bf16_add_6_DW01_inc_1_DW01_inc_117'
  Processing 'bf16_add_6_DW01_sub_1_DW01_sub_250'
  Processing 'bf16_add_6_DW01_add_1_DW01_add_127'
  Processing 'bf16_add_6_DW01_ash_1_DW01_ash_103'
  Processing 'bf16_add_6_DW01_sub_2_DW01_sub_251'
  Processing 'bf16_add_6_DW_rash_0_DW_rash_57'
  Processing 'bf16_add_6_DW01_cmp2_1_DW01_cmp2_355'
  Processing 'bf16_add_6_DW01_sub_3_DW01_sub_252'
  Processing 'bf16_add_6_DW01_cmp2_2_DW01_cmp2_356'
  Processing 'bf16_mult_3_DW01_cmp2_0_DW01_cmp2_357'
  Processing 'bf16_mult_3_DW01_cmp2_1_DW01_cmp2_358'
  Processing 'bf16_mult_3_DW01_inc_0_DW01_inc_118'
  Processing 'bf16_mult_3_DW01_add_0_DW01_add_128'
  Processing 'bf16_mult_4_DW01_cmp2_0_DW01_cmp2_359'
  Processing 'bf16_mult_4_DW01_cmp2_1_DW01_cmp2_360'
  Processing 'bf16_mult_4_DW01_inc_0_DW01_inc_119'
  Processing 'bf16_mult_4_DW01_add_0_DW01_add_129'
  Processing 'bf16_add_7_DW01_inc_0_DW01_inc_120'
  Processing 'bf16_add_7_DW01_add_0_DW01_add_130'
  Processing 'bf16_add_7_DW01_sub_0_DW01_sub_253'
  Processing 'bf16_add_7_DW01_cmp2_0_DW01_cmp2_361'
  Processing 'bf16_add_7_DW01_ash_0_DW01_ash_104'
  Processing 'bf16_add_7_DW01_inc_1_DW01_inc_121'
  Processing 'bf16_add_7_DW01_sub_1_DW01_sub_254'
  Processing 'bf16_add_7_DW01_add_1_DW01_add_131'
  Processing 'bf16_add_7_DW01_ash_1_DW01_ash_105'
  Processing 'bf16_add_7_DW01_sub_2_DW01_sub_255'
  Processing 'bf16_add_7_DW_rash_0_DW_rash_58'
  Processing 'bf16_add_7_DW01_cmp2_1_DW01_cmp2_362'
  Processing 'bf16_add_7_DW01_sub_3_DW01_sub_256'
  Processing 'bf16_add_7_DW01_cmp2_2_DW01_cmp2_363'
  Processing 'bf16_add_8_DW01_inc_0_DW01_inc_122'
  Processing 'bf16_add_8_DW01_add_0_DW01_add_132'
  Processing 'bf16_add_8_DW01_sub_0_DW01_sub_257'
  Processing 'bf16_add_8_DW01_cmp2_0_DW01_cmp2_364'
  Processing 'bf16_add_8_DW01_ash_0_DW01_ash_106'
  Processing 'bf16_add_8_DW01_inc_1_DW01_inc_123'
  Processing 'bf16_add_8_DW01_sub_1_DW01_sub_258'
  Processing 'bf16_add_8_DW01_add_1_DW01_add_133'
  Processing 'bf16_add_8_DW01_ash_1_DW01_ash_107'
  Processing 'bf16_add_8_DW01_sub_2_DW01_sub_259'
  Processing 'bf16_add_8_DW_rash_0_DW_rash_59'
  Processing 'bf16_add_8_DW01_cmp2_1_DW01_cmp2_365'
  Processing 'bf16_add_8_DW01_sub_3_DW01_sub_260'
  Processing 'bf16_add_8_DW01_cmp2_2_DW01_cmp2_366'
  Processing 'bf16_add_37_DW01_inc_0_DW01_inc_124'
  Processing 'bf16_add_37_DW01_add_0_DW01_add_134'
  Processing 'bf16_add_37_DW01_sub_0_DW01_sub_261'
  Processing 'bf16_add_37_DW01_cmp2_0_DW01_cmp2_367'
  Processing 'bf16_add_37_DW01_ash_0_DW01_ash_108'
  Processing 'bf16_add_37_DW01_inc_1_DW01_inc_125'
  Processing 'bf16_add_37_DW01_sub_1_DW01_sub_262'
  Processing 'bf16_add_37_DW01_add_1_DW01_add_135'
  Processing 'bf16_add_37_DW01_ash_1_DW01_ash_109'
  Processing 'bf16_add_37_DW01_sub_2_DW01_sub_263'
  Processing 'bf16_add_37_DW_rash_0_DW_rash_60'
  Processing 'bf16_add_37_DW01_cmp2_1_DW01_cmp2_368'
  Processing 'bf16_add_37_DW01_sub_3_DW01_sub_264'
  Processing 'bf16_add_37_DW01_cmp2_2_DW01_cmp2_369'
  Processing 'bf16_add_38_DW01_inc_0_DW01_inc_126'
  Processing 'bf16_add_38_DW01_add_0_DW01_add_136'
  Processing 'bf16_add_38_DW01_sub_0_DW01_sub_265'
  Processing 'bf16_add_38_DW01_cmp2_0_DW01_cmp2_370'
  Processing 'bf16_add_38_DW01_ash_0_DW01_ash_110'
  Processing 'bf16_add_38_DW01_inc_1_DW01_inc_127'
  Processing 'bf16_add_38_DW01_sub_1_DW01_sub_266'
  Processing 'bf16_add_38_DW01_add_1_DW01_add_137'
  Processing 'bf16_add_38_DW01_ash_1_DW01_ash_111'
  Processing 'bf16_add_38_DW01_sub_2_DW01_sub_267'
  Processing 'bf16_add_38_DW_rash_0_DW_rash_61'
  Processing 'bf16_add_38_DW01_cmp2_1_DW01_cmp2_371'
  Processing 'bf16_add_38_DW01_sub_3_DW01_sub_268'
  Processing 'bf16_add_38_DW01_cmp2_2_DW01_cmp2_372'
  Processing 'bf16_mult_25_DW01_cmp2_0_DW01_cmp2_373'
  Processing 'bf16_mult_25_DW01_cmp2_1_DW01_cmp2_374'
  Processing 'bf16_mult_25_DW01_inc_0_DW01_inc_128'
  Processing 'bf16_mult_25_DW01_add_0_DW01_add_138'
  Processing 'bf16_mult_26_DW01_cmp2_0_DW01_cmp2_375'
  Processing 'bf16_mult_26_DW01_cmp2_1_DW01_cmp2_376'
  Processing 'bf16_mult_26_DW01_inc_0_DW01_inc_129'
  Processing 'bf16_mult_26_DW01_add_0_DW01_add_139'
  Processing 'bf16_mult_27_DW01_cmp2_0_DW01_cmp2_377'
  Processing 'bf16_mult_27_DW01_cmp2_1_DW01_cmp2_378'
  Processing 'bf16_mult_27_DW01_inc_0_DW01_inc_130'
  Processing 'bf16_mult_27_DW01_add_0_DW01_add_140'
  Processing 'bf16_mult_28_DW01_cmp2_0_DW01_cmp2_379'
  Processing 'bf16_mult_28_DW01_cmp2_1_DW01_cmp2_380'
  Processing 'bf16_mult_28_DW01_inc_0_DW01_inc_131'
  Processing 'bf16_mult_28_DW01_add_0_DW01_add_141'
  Processing 'sincos_bf16_3_DW01_add_0_DW01_add_142'
  Processing 'sincos_bf16_3_DW01_ash_0_DW01_ash_112'
  Processing 'sincos_bf16_3_DW01_cmp6_0_DW01_cmp6_40'
  Processing 'sincos_bf16_3_DW01_add_1_DW01_add_143'
  Processing 'sincos_bf16_3_DW01_ash_1_DW01_ash_113'
  Processing 'sincos_bf16_3_DW01_inc_0_DW01_inc_132'
  Processing 'bf16_add_9_DW01_inc_0_DW01_inc_133'
  Processing 'bf16_add_9_DW01_add_0_DW01_add_144'
  Processing 'bf16_add_9_DW01_sub_0_DW01_sub_269'
  Processing 'bf16_add_9_DW01_cmp2_0_DW01_cmp2_381'
  Processing 'bf16_add_9_DW01_ash_0_DW01_ash_114'
  Processing 'bf16_add_9_DW01_inc_1_DW01_inc_134'
  Processing 'bf16_add_9_DW01_sub_1_DW01_sub_270'
  Processing 'bf16_add_9_DW01_add_1_DW01_add_145'
  Processing 'bf16_add_9_DW01_ash_1_DW01_ash_115'
  Processing 'bf16_add_9_DW01_sub_2_DW01_sub_271'
  Processing 'bf16_add_9_DW_rash_0_DW_rash_62'
  Processing 'bf16_add_9_DW01_cmp2_1_DW01_cmp2_382'
  Processing 'bf16_add_9_DW01_sub_3_DW01_sub_272'
  Processing 'bf16_add_9_DW01_cmp2_2_DW01_cmp2_383'
  Processing 'bf16_add_10_DW01_inc_0_DW01_inc_135'
  Processing 'bf16_add_10_DW01_add_0_DW01_add_146'
  Processing 'bf16_add_10_DW01_sub_0_DW01_sub_273'
  Processing 'bf16_add_10_DW01_cmp2_0_DW01_cmp2_384'
  Processing 'bf16_add_10_DW01_ash_0_DW01_ash_116'
  Processing 'bf16_add_10_DW01_inc_1_DW01_inc_136'
  Processing 'bf16_add_10_DW01_sub_1_DW01_sub_274'
  Processing 'bf16_add_10_DW01_add_1_DW01_add_147'
  Processing 'bf16_add_10_DW01_ash_1_DW01_ash_117'
  Processing 'bf16_add_10_DW01_sub_2_DW01_sub_275'
  Processing 'bf16_add_10_DW_rash_0_DW_rash_63'
  Processing 'bf16_add_10_DW01_cmp2_1_DW01_cmp2_385'
  Processing 'bf16_add_10_DW01_sub_3_DW01_sub_276'
  Processing 'bf16_add_10_DW01_cmp2_2_DW01_cmp2_386'
  Processing 'bf16_mult_5_DW01_cmp2_0_DW01_cmp2_387'
  Processing 'bf16_mult_5_DW01_cmp2_1_DW01_cmp2_388'
  Processing 'bf16_mult_5_DW01_inc_0_DW01_inc_137'
  Processing 'bf16_mult_5_DW01_add_0_DW01_add_148'
  Processing 'bf16_mult_6_DW01_cmp2_0_DW01_cmp2_389'
  Processing 'bf16_mult_6_DW01_cmp2_1_DW01_cmp2_390'
  Processing 'bf16_mult_6_DW01_inc_0_DW01_inc_138'
  Processing 'bf16_mult_6_DW01_add_0_DW01_add_149'
  Processing 'bf16_add_11_DW01_inc_0_DW01_inc_139'
  Processing 'bf16_add_11_DW01_add_0_DW01_add_150'
  Processing 'bf16_add_11_DW01_sub_0_DW01_sub_277'
  Processing 'bf16_add_11_DW01_cmp2_0_DW01_cmp2_391'
  Processing 'bf16_add_11_DW01_ash_0_DW01_ash_118'
  Processing 'bf16_add_11_DW01_inc_1_DW01_inc_140'
  Processing 'bf16_add_11_DW01_sub_1_DW01_sub_278'
  Processing 'bf16_add_11_DW01_add_1_DW01_add_151'
  Processing 'bf16_add_11_DW01_ash_1_DW01_ash_119'
  Processing 'bf16_add_11_DW01_sub_2_DW01_sub_279'
  Processing 'bf16_add_11_DW_rash_0_DW_rash_64'
  Processing 'bf16_add_11_DW01_cmp2_1_DW01_cmp2_392'
  Processing 'bf16_add_11_DW01_sub_3_DW01_sub_280'
  Processing 'bf16_add_11_DW01_cmp2_2_DW01_cmp2_393'
  Processing 'bf16_add_12_DW01_inc_0_DW01_inc_141'
  Processing 'bf16_add_12_DW01_add_0_DW01_add_152'
  Processing 'bf16_add_12_DW01_sub_0_DW01_sub_281'
  Processing 'bf16_add_12_DW01_cmp2_0_DW01_cmp2_394'
  Processing 'bf16_add_12_DW01_ash_0_DW01_ash_120'
  Processing 'bf16_add_12_DW01_inc_1_DW01_inc_142'
  Processing 'bf16_add_12_DW01_sub_1_DW01_sub_282'
  Processing 'bf16_add_12_DW01_add_1_DW01_add_153'
  Processing 'bf16_add_12_DW01_ash_1_DW01_ash_121'
  Processing 'bf16_add_12_DW01_sub_2_DW01_sub_283'
  Processing 'bf16_add_12_DW_rash_0_DW_rash_65'
  Processing 'bf16_add_12_DW01_cmp2_1_DW01_cmp2_395'
  Processing 'bf16_add_12_DW01_sub_3_DW01_sub_284'
  Processing 'bf16_add_12_DW01_cmp2_2_DW01_cmp2_396'
  Processing 'bf16_add_39_DW01_inc_0_DW01_inc_143'
  Processing 'bf16_add_39_DW01_add_0_DW01_add_154'
  Processing 'bf16_add_39_DW01_sub_0_DW01_sub_285'
  Processing 'bf16_add_39_DW01_cmp2_0_DW01_cmp2_397'
  Processing 'bf16_add_39_DW01_ash_0_DW01_ash_122'
  Processing 'bf16_add_39_DW01_inc_1_DW01_inc_144'
  Processing 'bf16_add_39_DW01_sub_1_DW01_sub_286'
  Processing 'bf16_add_39_DW01_add_1_DW01_add_155'
  Processing 'bf16_add_39_DW01_ash_1_DW01_ash_123'
  Processing 'bf16_add_39_DW01_sub_2_DW01_sub_287'
  Processing 'bf16_add_39_DW_rash_0_DW_rash_66'
  Processing 'bf16_add_39_DW01_cmp2_1_DW01_cmp2_398'
  Processing 'bf16_add_39_DW01_sub_3_DW01_sub_288'
  Processing 'bf16_add_39_DW01_cmp2_2_DW01_cmp2_399'
  Processing 'bf16_add_40_DW01_inc_0_DW01_inc_145'
  Processing 'bf16_add_40_DW01_add_0_DW01_add_156'
  Processing 'bf16_add_40_DW01_sub_0_DW01_sub_289'
  Processing 'bf16_add_40_DW01_cmp2_0_DW01_cmp2_400'
  Processing 'bf16_add_40_DW01_ash_0_DW01_ash_124'
  Processing 'bf16_add_40_DW01_inc_1_DW01_inc_146'
  Processing 'bf16_add_40_DW01_sub_1_DW01_sub_290'
  Processing 'bf16_add_40_DW01_add_1_DW01_add_157'
  Processing 'bf16_add_40_DW01_ash_1_DW01_ash_125'
  Processing 'bf16_add_40_DW01_sub_2_DW01_sub_291'
  Processing 'bf16_add_40_DW_rash_0_DW_rash_67'
  Processing 'bf16_add_40_DW01_cmp2_1_DW01_cmp2_401'
  Processing 'bf16_add_40_DW01_sub_3_DW01_sub_292'
  Processing 'bf16_add_40_DW01_cmp2_2_DW01_cmp2_402'
  Processing 'bf16_mult_29_DW01_cmp2_0_DW01_cmp2_403'
  Processing 'bf16_mult_29_DW01_cmp2_1_DW01_cmp2_404'
  Processing 'bf16_mult_29_DW01_inc_0_DW01_inc_147'
  Processing 'bf16_mult_29_DW01_add_0_DW01_add_158'
  Processing 'bf16_mult_30_DW01_cmp2_0_DW01_cmp2_405'
  Processing 'bf16_mult_30_DW01_cmp2_1_DW01_cmp2_406'
  Processing 'bf16_mult_30_DW01_inc_0_DW01_inc_148'
  Processing 'bf16_mult_30_DW01_add_0_DW01_add_159'
  Processing 'bf16_mult_31_DW01_cmp2_0_DW01_cmp2_407'
  Processing 'bf16_mult_31_DW01_cmp2_1_DW01_cmp2_408'
  Processing 'bf16_mult_31_DW01_inc_0_DW01_inc_149'
  Processing 'bf16_mult_31_DW01_add_0_DW01_add_160'
  Processing 'bf16_mult_32_DW01_cmp2_0_DW01_cmp2_409'
  Processing 'bf16_mult_32_DW01_cmp2_1_DW01_cmp2_410'
  Processing 'bf16_mult_32_DW01_inc_0_DW01_inc_150'
  Processing 'bf16_mult_32_DW01_add_0_DW01_add_161'
  Processing 'sincos_bf16_4_DW01_add_0_DW01_add_162'
  Processing 'sincos_bf16_4_DW01_ash_0_DW01_ash_126'
  Processing 'sincos_bf16_4_DW01_cmp6_0_DW01_cmp6_41'
  Processing 'sincos_bf16_4_DW01_add_1_DW01_add_163'
  Processing 'sincos_bf16_4_DW01_ash_1_DW01_ash_127'
  Processing 'sincos_bf16_4_DW01_inc_0_DW01_inc_151'
  Processing 'bf16_add_13_DW01_inc_0_DW01_inc_152'
  Processing 'bf16_add_13_DW01_add_0_DW01_add_164'
  Processing 'bf16_add_13_DW01_sub_0_DW01_sub_293'
  Processing 'bf16_add_13_DW01_cmp2_0_DW01_cmp2_411'
  Processing 'bf16_add_13_DW01_ash_0_DW01_ash_128'
  Processing 'bf16_add_13_DW01_inc_1_DW01_inc_153'
  Processing 'bf16_add_13_DW01_sub_1_DW01_sub_294'
  Processing 'bf16_add_13_DW01_add_1_DW01_add_165'
  Processing 'bf16_add_13_DW01_ash_1_DW01_ash_129'
  Processing 'bf16_add_13_DW01_sub_2_DW01_sub_295'
  Processing 'bf16_add_13_DW_rash_0_DW_rash_68'
  Processing 'bf16_add_13_DW01_cmp2_1_DW01_cmp2_412'
  Processing 'bf16_add_13_DW01_sub_3_DW01_sub_296'
  Processing 'bf16_add_13_DW01_cmp2_2_DW01_cmp2_413'
  Processing 'bf16_add_14_DW01_inc_0_DW01_inc_154'
  Processing 'bf16_add_14_DW01_add_0_DW01_add_166'
  Processing 'bf16_add_14_DW01_sub_0_DW01_sub_297'
  Processing 'bf16_add_14_DW01_cmp2_0_DW01_cmp2_414'
  Processing 'bf16_add_14_DW01_ash_0_DW01_ash_130'
  Processing 'bf16_add_14_DW01_inc_1_DW01_inc_155'
  Processing 'bf16_add_14_DW01_sub_1_DW01_sub_298'
  Processing 'bf16_add_14_DW01_add_1_DW01_add_167'
  Processing 'bf16_add_14_DW01_ash_1_DW01_ash_131'
  Processing 'bf16_add_14_DW01_sub_2_DW01_sub_299'
  Processing 'bf16_add_14_DW_rash_0_DW_rash_69'
  Processing 'bf16_add_14_DW01_cmp2_1_DW01_cmp2_415'
  Processing 'bf16_add_14_DW01_sub_3_DW01_sub_300'
  Processing 'bf16_add_14_DW01_cmp2_2_DW01_cmp2_416'
  Processing 'bf16_mult_7_DW01_cmp2_0_DW01_cmp2_417'
  Processing 'bf16_mult_7_DW01_cmp2_1_DW01_cmp2_418'
  Processing 'bf16_mult_7_DW01_inc_0_DW01_inc_156'
  Processing 'bf16_mult_7_DW01_add_0_DW01_add_168'
  Processing 'bf16_mult_8_DW01_cmp2_0_DW01_cmp2_419'
  Processing 'bf16_mult_8_DW01_cmp2_1_DW01_cmp2_420'
  Processing 'bf16_mult_8_DW01_inc_0_DW01_inc_157'
  Processing 'bf16_mult_8_DW01_add_0_DW01_add_169'
  Processing 'bf16_add_15_DW01_inc_0_DW01_inc_158'
  Processing 'bf16_add_15_DW01_add_0_DW01_add_170'
  Processing 'bf16_add_15_DW01_sub_0_DW01_sub_301'
  Processing 'bf16_add_15_DW01_cmp2_0_DW01_cmp2_421'
  Processing 'bf16_add_15_DW01_ash_0_DW01_ash_132'
  Processing 'bf16_add_15_DW01_inc_1_DW01_inc_159'
  Processing 'bf16_add_15_DW01_sub_1_DW01_sub_302'
  Processing 'bf16_add_15_DW01_add_1_DW01_add_171'
  Processing 'bf16_add_15_DW01_ash_1_DW01_ash_133'
  Processing 'bf16_add_15_DW01_sub_2_DW01_sub_303'
  Processing 'bf16_add_15_DW_rash_0_DW_rash_70'
  Processing 'bf16_add_15_DW01_cmp2_1_DW01_cmp2_422'
  Processing 'bf16_add_15_DW01_sub_3_DW01_sub_304'
  Processing 'bf16_add_15_DW01_cmp2_2_DW01_cmp2_423'
  Processing 'bf16_add_16_DW01_inc_0_DW01_inc_160'
  Processing 'bf16_add_16_DW01_add_0_DW01_add_172'
  Processing 'bf16_add_16_DW01_sub_0_DW01_sub_305'
  Processing 'bf16_add_16_DW01_cmp2_0_DW01_cmp2_424'
  Processing 'bf16_add_16_DW01_ash_0_DW01_ash_134'
  Processing 'bf16_add_16_DW01_inc_1_DW01_inc_161'
  Processing 'bf16_add_16_DW01_sub_1_DW01_sub_306'
  Processing 'bf16_add_16_DW01_add_1_DW01_add_173'
  Processing 'bf16_add_16_DW01_ash_1_DW01_ash_135'
  Processing 'bf16_add_16_DW01_sub_2_DW01_sub_307'
  Processing 'bf16_add_16_DW_rash_0_DW_rash_71'
  Processing 'bf16_add_16_DW01_cmp2_1_DW01_cmp2_425'
  Processing 'bf16_add_16_DW01_sub_3_DW01_sub_308'
  Processing 'bf16_add_16_DW01_cmp2_2_DW01_cmp2_426'
  Processing 'bf16_add_41_DW01_inc_0_DW01_inc_162'
  Processing 'bf16_add_41_DW01_add_0_DW01_add_174'
  Processing 'bf16_add_41_DW01_sub_0_DW01_sub_309'
  Processing 'bf16_add_41_DW01_cmp2_0_DW01_cmp2_427'
  Processing 'bf16_add_41_DW01_ash_0_DW01_ash_136'
  Processing 'bf16_add_41_DW01_inc_1_DW01_inc_163'
  Processing 'bf16_add_41_DW01_sub_1_DW01_sub_310'
  Processing 'bf16_add_41_DW01_add_1_DW01_add_175'
  Processing 'bf16_add_41_DW01_ash_1_DW01_ash_137'
  Processing 'bf16_add_41_DW01_sub_2_DW01_sub_311'
  Processing 'bf16_add_41_DW_rash_0_DW_rash_72'
  Processing 'bf16_add_41_DW01_cmp2_1_DW01_cmp2_428'
  Processing 'bf16_add_41_DW01_sub_3_DW01_sub_312'
  Processing 'bf16_add_41_DW01_cmp2_2_DW01_cmp2_429'
  Processing 'bf16_add_42_DW01_inc_0_DW01_inc_164'
  Processing 'bf16_add_42_DW01_add_0_DW01_add_176'
  Processing 'bf16_add_42_DW01_sub_0_DW01_sub_313'
  Processing 'bf16_add_42_DW01_cmp2_0_DW01_cmp2_430'
  Processing 'bf16_add_42_DW01_ash_0_DW01_ash_138'
  Processing 'bf16_add_42_DW01_inc_1_DW01_inc_165'
  Processing 'bf16_add_42_DW01_sub_1_DW01_sub_314'
  Processing 'bf16_add_42_DW01_add_1_DW01_add_177'
  Processing 'bf16_add_42_DW01_ash_1_DW01_ash_139'
  Processing 'bf16_add_42_DW01_sub_2_DW01_sub_315'
  Processing 'bf16_add_42_DW_rash_0_DW_rash_73'
  Processing 'bf16_add_42_DW01_cmp2_1_DW01_cmp2_431'
  Processing 'bf16_add_42_DW01_sub_3_DW01_sub_316'
  Processing 'bf16_add_42_DW01_cmp2_2_DW01_cmp2_432'
  Processing 'bf16_mult_33_DW01_cmp2_0_DW01_cmp2_433'
  Processing 'bf16_mult_33_DW01_cmp2_1_DW01_cmp2_434'
  Processing 'bf16_mult_33_DW01_inc_0_DW01_inc_166'
  Processing 'bf16_mult_33_DW01_add_0_DW01_add_178'
  Processing 'bf16_mult_34_DW01_cmp2_0_DW01_cmp2_435'
  Processing 'bf16_mult_34_DW01_cmp2_1_DW01_cmp2_436'
  Processing 'bf16_mult_34_DW01_inc_0_DW01_inc_167'
  Processing 'bf16_mult_34_DW01_add_0_DW01_add_179'
  Processing 'bf16_mult_35_DW01_cmp2_0_DW01_cmp2_437'
  Processing 'bf16_mult_35_DW01_cmp2_1_DW01_cmp2_438'
  Processing 'bf16_mult_35_DW01_inc_0_DW01_inc_168'
  Processing 'bf16_mult_35_DW01_add_0_DW01_add_180'
  Processing 'bf16_mult_36_DW01_cmp2_0_DW01_cmp2_439'
  Processing 'bf16_mult_36_DW01_cmp2_1_DW01_cmp2_440'
  Processing 'bf16_mult_36_DW01_inc_0_DW01_inc_169'
  Processing 'bf16_mult_36_DW01_add_0_DW01_add_181'
  Processing 'sincos_bf16_5_DW01_add_0_DW01_add_182'
  Processing 'sincos_bf16_5_DW01_ash_0_DW01_ash_140'
  Processing 'sincos_bf16_5_DW01_cmp6_0_DW01_cmp6_42'
  Processing 'sincos_bf16_5_DW01_add_1_DW01_add_183'
  Processing 'sincos_bf16_5_DW01_ash_1_DW01_ash_141'
  Processing 'sincos_bf16_5_DW01_inc_0_DW01_inc_170'
  Processing 'bf16_add_17_DW01_inc_0_DW01_inc_171'
  Processing 'bf16_add_17_DW01_add_0_DW01_add_184'
  Processing 'bf16_add_17_DW01_sub_0_DW01_sub_317'
  Processing 'bf16_add_17_DW01_cmp2_0_DW01_cmp2_441'
  Processing 'bf16_add_17_DW01_ash_0_DW01_ash_142'
  Processing 'bf16_add_17_DW01_inc_1_DW01_inc_172'
  Processing 'bf16_add_17_DW01_sub_1_DW01_sub_318'
  Processing 'bf16_add_17_DW01_add_1_DW01_add_185'
  Processing 'bf16_add_17_DW01_ash_1_DW01_ash_143'
  Processing 'bf16_add_17_DW01_sub_2_DW01_sub_319'
  Processing 'bf16_add_17_DW_rash_0_DW_rash_74'
  Processing 'bf16_add_17_DW01_cmp2_1_DW01_cmp2_442'
  Processing 'bf16_add_17_DW01_sub_3_DW01_sub_320'
  Processing 'bf16_add_17_DW01_cmp2_2_DW01_cmp2_443'
  Processing 'bf16_add_18_DW01_inc_0_DW01_inc_173'
  Processing 'bf16_add_18_DW01_add_0_DW01_add_186'
  Processing 'bf16_add_18_DW01_sub_0_DW01_sub_321'
  Processing 'bf16_add_18_DW01_cmp2_0_DW01_cmp2_444'
  Processing 'bf16_add_18_DW01_ash_0_DW01_ash_144'
  Processing 'bf16_add_18_DW01_inc_1_DW01_inc_174'
  Processing 'bf16_add_18_DW01_sub_1_DW01_sub_322'
  Processing 'bf16_add_18_DW01_add_1_DW01_add_187'
  Processing 'bf16_add_18_DW01_ash_1_DW01_ash_145'
  Processing 'bf16_add_18_DW01_sub_2_DW01_sub_323'
  Processing 'bf16_add_18_DW_rash_0_DW_rash_75'
  Processing 'bf16_add_18_DW01_cmp2_1_DW01_cmp2_445'
  Processing 'bf16_add_18_DW01_sub_3_DW01_sub_324'
  Processing 'bf16_add_18_DW01_cmp2_2_DW01_cmp2_446'
  Processing 'bf16_mult_9_DW01_cmp2_0_DW01_cmp2_447'
  Processing 'bf16_mult_9_DW01_cmp2_1_DW01_cmp2_448'
  Processing 'bf16_mult_9_DW01_inc_0_DW01_inc_175'
  Processing 'bf16_mult_9_DW01_add_0_DW01_add_188'
  Processing 'bf16_mult_10_DW01_cmp2_0_DW01_cmp2_449'
  Processing 'bf16_mult_10_DW01_cmp2_1_DW01_cmp2_450'
  Processing 'bf16_mult_10_DW01_inc_0_DW01_inc_176'
  Processing 'bf16_mult_10_DW01_add_0_DW01_add_189'
  Processing 'bf16_add_19_DW01_inc_0_DW01_inc_177'
  Processing 'bf16_add_19_DW01_add_0_DW01_add_190'
  Processing 'bf16_add_19_DW01_sub_0_DW01_sub_325'
  Processing 'bf16_add_19_DW01_cmp2_0_DW01_cmp2_451'
  Processing 'bf16_add_19_DW01_ash_0_DW01_ash_146'
  Processing 'bf16_add_19_DW01_inc_1_DW01_inc_178'
  Processing 'bf16_add_19_DW01_sub_1_DW01_sub_326'
  Processing 'bf16_add_19_DW01_add_1_DW01_add_191'
  Processing 'bf16_add_19_DW01_ash_1_DW01_ash_147'
  Processing 'bf16_add_19_DW01_sub_2_DW01_sub_327'
  Processing 'bf16_add_19_DW_rash_0_DW_rash_76'
  Processing 'bf16_add_19_DW01_cmp2_1_DW01_cmp2_452'
  Processing 'bf16_add_19_DW01_sub_3_DW01_sub_328'
  Processing 'bf16_add_19_DW01_cmp2_2_DW01_cmp2_453'
  Processing 'bf16_add_20_DW01_inc_0_DW01_inc_179'
  Processing 'bf16_add_20_DW01_add_0_DW01_add_192'
  Processing 'bf16_add_20_DW01_sub_0_DW01_sub_329'
  Processing 'bf16_add_20_DW01_cmp2_0_DW01_cmp2_454'
  Processing 'bf16_add_20_DW01_ash_0_DW01_ash_148'
  Processing 'bf16_add_20_DW01_inc_1_DW01_inc_180'
  Processing 'bf16_add_20_DW01_sub_1_DW01_sub_330'
  Processing 'bf16_add_20_DW01_add_1_DW01_add_193'
  Processing 'bf16_add_20_DW01_ash_1_DW01_ash_149'
  Processing 'bf16_add_20_DW01_sub_2_DW01_sub_331'
  Processing 'bf16_add_20_DW_rash_0_DW_rash_77'
  Processing 'bf16_add_20_DW01_cmp2_1_DW01_cmp2_455'
  Processing 'bf16_add_20_DW01_sub_3_DW01_sub_332'
  Processing 'bf16_add_20_DW01_cmp2_2_DW01_cmp2_456'
  Processing 'bf16_add_43_DW01_inc_0_DW01_inc_181'
  Processing 'bf16_add_43_DW01_add_0_DW01_add_194'
  Processing 'bf16_add_43_DW01_sub_0_DW01_sub_333'
  Processing 'bf16_add_43_DW01_cmp2_0_DW01_cmp2_457'
  Processing 'bf16_add_43_DW01_ash_0_DW01_ash_150'
  Processing 'bf16_add_43_DW01_inc_1_DW01_inc_182'
  Processing 'bf16_add_43_DW01_sub_1_DW01_sub_334'
  Processing 'bf16_add_43_DW01_add_1_DW01_add_195'
  Processing 'bf16_add_43_DW01_ash_1_DW01_ash_151'
  Processing 'bf16_add_43_DW01_sub_2_DW01_sub_335'
  Processing 'bf16_add_43_DW_rash_0_DW_rash_78'
  Processing 'bf16_add_43_DW01_cmp2_1_DW01_cmp2_458'
  Processing 'bf16_add_43_DW01_sub_3_DW01_sub_336'
  Processing 'bf16_add_43_DW01_cmp2_2_DW01_cmp2_459'
  Processing 'bf16_add_44_DW01_inc_0_DW01_inc_183'
  Processing 'bf16_add_44_DW01_add_0_DW01_add_196'
  Processing 'bf16_add_44_DW01_sub_0_DW01_sub_337'
  Processing 'bf16_add_44_DW01_cmp2_0_DW01_cmp2_460'
  Processing 'bf16_add_44_DW01_ash_0_DW01_ash_152'
  Processing 'bf16_add_44_DW01_inc_1_DW01_inc_184'
  Processing 'bf16_add_44_DW01_sub_1_DW01_sub_338'
  Processing 'bf16_add_44_DW01_add_1_DW01_add_197'
  Processing 'bf16_add_44_DW01_ash_1_DW01_ash_153'
  Processing 'bf16_add_44_DW01_sub_2_DW01_sub_339'
  Processing 'bf16_add_44_DW_rash_0_DW_rash_79'
  Processing 'bf16_add_44_DW01_cmp2_1_DW01_cmp2_461'
  Processing 'bf16_add_44_DW01_sub_3_DW01_sub_340'
  Processing 'bf16_add_44_DW01_cmp2_2_DW01_cmp2_462'
  Processing 'bf16_mult_37_DW01_cmp2_0_DW01_cmp2_463'
  Processing 'bf16_mult_37_DW01_cmp2_1_DW01_cmp2_464'
  Processing 'bf16_mult_37_DW01_inc_0_DW01_inc_185'
  Processing 'bf16_mult_37_DW01_add_0_DW01_add_198'
  Processing 'bf16_mult_38_DW01_cmp2_0_DW01_cmp2_465'
  Processing 'bf16_mult_38_DW01_cmp2_1_DW01_cmp2_466'
  Processing 'bf16_mult_38_DW01_inc_0_DW01_inc_186'
  Processing 'bf16_mult_38_DW01_add_0_DW01_add_199'
  Processing 'bf16_mult_39_DW01_cmp2_0_DW01_cmp2_467'
  Processing 'bf16_mult_39_DW01_cmp2_1_DW01_cmp2_468'
  Processing 'bf16_mult_39_DW01_inc_0_DW01_inc_187'
  Processing 'bf16_mult_39_DW01_add_0_DW01_add_200'
  Processing 'bf16_mult_40_DW01_cmp2_0_DW01_cmp2_469'
  Processing 'bf16_mult_40_DW01_cmp2_1_DW01_cmp2_470'
  Processing 'bf16_mult_40_DW01_inc_0_DW01_inc_188'
  Processing 'bf16_mult_40_DW01_add_0_DW01_add_201'
  Processing 'sincos_bf16_6_DW01_add_0_DW01_add_202'
  Processing 'sincos_bf16_6_DW01_ash_0_DW01_ash_154'
  Processing 'sincos_bf16_6_DW01_cmp6_0_DW01_cmp6_43'
  Processing 'sincos_bf16_6_DW01_add_1_DW01_add_203'
  Processing 'sincos_bf16_6_DW01_ash_1_DW01_ash_155'
  Processing 'sincos_bf16_6_DW01_inc_0_DW01_inc_189'
  Processing 'bf16_add_21_DW01_inc_0_DW01_inc_190'
  Processing 'bf16_add_21_DW01_add_0_DW01_add_204'
  Processing 'bf16_add_21_DW01_sub_0_DW01_sub_341'
  Processing 'bf16_add_21_DW01_cmp2_0_DW01_cmp2_471'
  Processing 'bf16_add_21_DW01_ash_0_DW01_ash_156'
  Processing 'bf16_add_21_DW01_inc_1_DW01_inc_191'
  Processing 'bf16_add_21_DW01_sub_1_DW01_sub_342'
  Processing 'bf16_add_21_DW01_add_1_DW01_add_205'
  Processing 'bf16_add_21_DW01_ash_1_DW01_ash_157'
  Processing 'bf16_add_21_DW01_sub_2_DW01_sub_343'
  Processing 'bf16_add_21_DW_rash_0_DW_rash_80'
  Processing 'bf16_add_21_DW01_cmp2_1_DW01_cmp2_472'
  Processing 'bf16_add_21_DW01_sub_3_DW01_sub_344'
  Processing 'bf16_add_21_DW01_cmp2_2_DW01_cmp2_473'
  Processing 'bf16_add_22_DW01_inc_0_DW01_inc_192'
  Processing 'bf16_add_22_DW01_add_0_DW01_add_206'
  Processing 'bf16_add_22_DW01_sub_0_DW01_sub_345'
  Processing 'bf16_add_22_DW01_cmp2_0_DW01_cmp2_474'
  Processing 'bf16_add_22_DW01_ash_0_DW01_ash_158'
  Processing 'bf16_add_22_DW01_inc_1_DW01_inc_193'
  Processing 'bf16_add_22_DW01_sub_1_DW01_sub_346'
  Processing 'bf16_add_22_DW01_add_1_DW01_add_207'
  Processing 'bf16_add_22_DW01_ash_1_DW01_ash_159'
  Processing 'bf16_add_22_DW01_sub_2_DW01_sub_347'
  Processing 'bf16_add_22_DW_rash_0_DW_rash_81'
  Processing 'bf16_add_22_DW01_cmp2_1_DW01_cmp2_475'
  Processing 'bf16_add_22_DW01_sub_3_DW01_sub_348'
  Processing 'bf16_add_22_DW01_cmp2_2_DW01_cmp2_476'
  Processing 'bf16_mult_11_DW01_cmp2_0_DW01_cmp2_477'
  Processing 'bf16_mult_11_DW01_cmp2_1_DW01_cmp2_478'
  Processing 'bf16_mult_11_DW01_inc_0_DW01_inc_194'
  Processing 'bf16_mult_11_DW01_add_0_DW01_add_208'
  Processing 'bf16_mult_12_DW01_cmp2_0_DW01_cmp2_479'
  Processing 'bf16_mult_12_DW01_cmp2_1_DW01_cmp2_480'
  Processing 'bf16_mult_12_DW01_inc_0_DW01_inc_195'
  Processing 'bf16_mult_12_DW01_add_0_DW01_add_209'
  Processing 'bf16_add_23_DW01_inc_0_DW01_inc_196'
  Processing 'bf16_add_23_DW01_add_0_DW01_add_210'
  Processing 'bf16_add_23_DW01_sub_0_DW01_sub_349'
  Processing 'bf16_add_23_DW01_cmp2_0_DW01_cmp2_481'
  Processing 'bf16_add_23_DW01_ash_0_DW01_ash_160'
  Processing 'bf16_add_23_DW01_inc_1_DW01_inc_197'
  Processing 'bf16_add_23_DW01_sub_1_DW01_sub_350'
  Processing 'bf16_add_23_DW01_add_1_DW01_add_211'
  Processing 'bf16_add_23_DW01_ash_1_DW01_ash_161'
  Processing 'bf16_add_23_DW01_sub_2_DW01_sub_351'
  Processing 'bf16_add_23_DW_rash_0_DW_rash_82'
  Processing 'bf16_add_23_DW01_cmp2_1_DW01_cmp2_482'
  Processing 'bf16_add_23_DW01_sub_3_DW01_sub_352'
  Processing 'bf16_add_23_DW01_cmp2_2_DW01_cmp2_483'
  Processing 'bf16_add_24_DW01_inc_0_DW01_inc_198'
  Processing 'bf16_add_24_DW01_add_0_DW01_add_212'
  Processing 'bf16_add_24_DW01_sub_0_DW01_sub_353'
  Processing 'bf16_add_24_DW01_cmp2_0_DW01_cmp2_484'
  Processing 'bf16_add_24_DW01_ash_0_DW01_ash_162'
  Processing 'bf16_add_24_DW01_inc_1_DW01_inc_199'
  Processing 'bf16_add_24_DW01_sub_1_DW01_sub_354'
  Processing 'bf16_add_24_DW01_add_1_DW01_add_213'
  Processing 'bf16_add_24_DW01_ash_1_DW01_ash_163'
  Processing 'bf16_add_24_DW01_sub_2_DW01_sub_355'
  Processing 'bf16_add_24_DW_rash_0_DW_rash_83'
  Processing 'bf16_add_24_DW01_cmp2_1_DW01_cmp2_485'
  Processing 'bf16_add_24_DW01_sub_3_DW01_sub_356'
  Processing 'bf16_add_24_DW01_cmp2_2_DW01_cmp2_486'
  Processing 'bf16_add_45_DW01_inc_0_DW01_inc_200'
  Processing 'bf16_add_45_DW01_add_0_DW01_add_214'
  Processing 'bf16_add_45_DW01_sub_0_DW01_sub_357'
  Processing 'bf16_add_45_DW01_cmp2_0_DW01_cmp2_487'
  Processing 'bf16_add_45_DW01_ash_0_DW01_ash_164'
  Processing 'bf16_add_45_DW01_inc_1_DW01_inc_201'
  Processing 'bf16_add_45_DW01_sub_1_DW01_sub_358'
  Processing 'bf16_add_45_DW01_add_1_DW01_add_215'
  Processing 'bf16_add_45_DW01_ash_1_DW01_ash_165'
  Processing 'bf16_add_45_DW01_sub_2_DW01_sub_359'
  Processing 'bf16_add_45_DW_rash_0_DW_rash_84'
  Processing 'bf16_add_45_DW01_cmp2_1_DW01_cmp2_488'
  Processing 'bf16_add_45_DW01_sub_3_DW01_sub_360'
  Processing 'bf16_add_45_DW01_cmp2_2_DW01_cmp2_489'
  Processing 'bf16_add_46_DW01_inc_0_DW01_inc_202'
  Processing 'bf16_add_46_DW01_add_0_DW01_add_216'
  Processing 'bf16_add_46_DW01_sub_0_DW01_sub_361'
  Processing 'bf16_add_46_DW01_cmp2_0_DW01_cmp2_490'
  Processing 'bf16_add_46_DW01_ash_0_DW01_ash_166'
  Processing 'bf16_add_46_DW01_inc_1_DW01_inc_203'
  Processing 'bf16_add_46_DW01_sub_1_DW01_sub_362'
  Processing 'bf16_add_46_DW01_add_1_DW01_add_217'
  Processing 'bf16_add_46_DW01_ash_1_DW01_ash_167'
  Processing 'bf16_add_46_DW01_sub_2_DW01_sub_363'
  Processing 'bf16_add_46_DW_rash_0_DW_rash_85'
  Processing 'bf16_add_46_DW01_cmp2_1_DW01_cmp2_491'
  Processing 'bf16_add_46_DW01_sub_3_DW01_sub_364'
  Processing 'bf16_add_46_DW01_cmp2_2_DW01_cmp2_492'
  Processing 'bf16_mult_41_DW01_cmp2_0_DW01_cmp2_493'
  Processing 'bf16_mult_41_DW01_cmp2_1_DW01_cmp2_494'
  Processing 'bf16_mult_41_DW01_inc_0_DW01_inc_204'
  Processing 'bf16_mult_41_DW01_add_0_DW01_add_218'
  Processing 'bf16_mult_42_DW01_cmp2_0_DW01_cmp2_495'
  Processing 'bf16_mult_42_DW01_cmp2_1_DW01_cmp2_496'
  Processing 'bf16_mult_42_DW01_inc_0_DW01_inc_205'
  Processing 'bf16_mult_42_DW01_add_0_DW01_add_219'
  Processing 'bf16_mult_43_DW01_cmp2_0_DW01_cmp2_497'
  Processing 'bf16_mult_43_DW01_cmp2_1_DW01_cmp2_498'
  Processing 'bf16_mult_43_DW01_inc_0_DW01_inc_206'
  Processing 'bf16_mult_43_DW01_add_0_DW01_add_220'
  Processing 'bf16_mult_44_DW01_cmp2_0_DW01_cmp2_499'
  Processing 'bf16_mult_44_DW01_cmp2_1_DW01_cmp2_500'
  Processing 'bf16_mult_44_DW01_inc_0_DW01_inc_207'
  Processing 'bf16_mult_44_DW01_add_0_DW01_add_221'
  Processing 'sincos_bf16_7_DW01_add_0_DW01_add_222'
  Processing 'sincos_bf16_7_DW01_ash_0_DW01_ash_168'
  Processing 'sincos_bf16_7_DW01_cmp6_0_DW01_cmp6_44'
  Processing 'sincos_bf16_7_DW01_add_1_DW01_add_223'
  Processing 'sincos_bf16_7_DW01_ash_1_DW01_ash_169'
  Processing 'sincos_bf16_7_DW01_inc_0_DW01_inc_208'
  Processing 'bf16_add_25_DW01_inc_0_DW01_inc_209'
  Processing 'bf16_add_25_DW01_add_0_DW01_add_224'
  Processing 'bf16_add_25_DW01_sub_0_DW01_sub_365'
  Processing 'bf16_add_25_DW01_cmp2_0_DW01_cmp2_501'
  Processing 'bf16_add_25_DW01_ash_0_DW01_ash_170'
  Processing 'bf16_add_25_DW01_inc_1_DW01_inc_210'
  Processing 'bf16_add_25_DW01_sub_1_DW01_sub_366'
  Processing 'bf16_add_25_DW01_add_1_DW01_add_225'
  Processing 'bf16_add_25_DW01_ash_1_DW01_ash_171'
  Processing 'bf16_add_25_DW01_sub_2_DW01_sub_367'
  Processing 'bf16_add_25_DW_rash_0_DW_rash_86'
  Processing 'bf16_add_25_DW01_cmp2_1_DW01_cmp2_502'
  Processing 'bf16_add_25_DW01_sub_3_DW01_sub_368'
  Processing 'bf16_add_25_DW01_cmp2_2_DW01_cmp2_503'
  Processing 'bf16_add_26_DW01_inc_0_DW01_inc_211'
  Processing 'bf16_add_26_DW01_add_0_DW01_add_226'
  Processing 'bf16_add_26_DW01_sub_0_DW01_sub_369'
  Processing 'bf16_add_26_DW01_cmp2_0_DW01_cmp2_504'
  Processing 'bf16_add_26_DW01_ash_0_DW01_ash_172'
  Processing 'bf16_add_26_DW01_inc_1_DW01_inc_212'
  Processing 'bf16_add_26_DW01_sub_1_DW01_sub_370'
  Processing 'bf16_add_26_DW01_add_1_DW01_add_227'
  Processing 'bf16_add_26_DW01_ash_1_DW01_ash_173'
  Processing 'bf16_add_26_DW01_sub_2_DW01_sub_371'
  Processing 'bf16_add_26_DW_rash_0_DW_rash_87'
  Processing 'bf16_add_26_DW01_cmp2_1_DW01_cmp2_505'
  Processing 'bf16_add_26_DW01_sub_3_DW01_sub_372'
  Processing 'bf16_add_26_DW01_cmp2_2_DW01_cmp2_506'
  Processing 'bf16_mult_13_DW01_cmp2_0_DW01_cmp2_507'
  Processing 'bf16_mult_13_DW01_cmp2_1_DW01_cmp2_508'
  Processing 'bf16_mult_13_DW01_inc_0_DW01_inc_213'
  Processing 'bf16_mult_13_DW01_add_0_DW01_add_228'
  Processing 'bf16_mult_14_DW01_cmp2_0_DW01_cmp2_509'
  Processing 'bf16_mult_14_DW01_cmp2_1_DW01_cmp2_510'
  Processing 'bf16_mult_14_DW01_inc_0_DW01_inc_214'
  Processing 'bf16_mult_14_DW01_add_0_DW01_add_229'
  Processing 'bf16_add_27_DW01_inc_0_DW01_inc_215'
  Processing 'bf16_add_27_DW01_add_0_DW01_add_230'
  Processing 'bf16_add_27_DW01_sub_0_DW01_sub_373'
  Processing 'bf16_add_27_DW01_cmp2_0_DW01_cmp2_511'
  Processing 'bf16_add_27_DW01_ash_0_DW01_ash_174'
  Processing 'bf16_add_27_DW01_inc_1_DW01_inc_216'
  Processing 'bf16_add_27_DW01_sub_1_DW01_sub_374'
  Processing 'bf16_add_27_DW01_add_1_DW01_add_231'
  Processing 'bf16_add_27_DW01_ash_1_DW01_ash_175'
  Processing 'bf16_add_27_DW01_sub_2_DW01_sub_375'
  Processing 'bf16_add_27_DW_rash_0_DW_rash_88'
  Processing 'bf16_add_27_DW01_cmp2_1_DW01_cmp2_512'
  Processing 'bf16_add_27_DW01_sub_3_DW01_sub_376'
  Processing 'bf16_add_27_DW01_cmp2_2_DW01_cmp2_513'
  Processing 'bf16_add_28_DW01_inc_0_DW01_inc_217'
  Processing 'bf16_add_28_DW01_add_0_DW01_add_232'
  Processing 'bf16_add_28_DW01_sub_0_DW01_sub_377'
  Processing 'bf16_add_28_DW01_cmp2_0_DW01_cmp2_514'
  Processing 'bf16_add_28_DW01_ash_0_DW01_ash_176'
  Processing 'bf16_add_28_DW01_inc_1_DW01_inc_218'
  Processing 'bf16_add_28_DW01_sub_1_DW01_sub_378'
  Processing 'bf16_add_28_DW01_add_1_DW01_add_233'
  Processing 'bf16_add_28_DW01_ash_1_DW01_ash_177'
  Processing 'bf16_add_28_DW01_sub_2_DW01_sub_379'
  Processing 'bf16_add_28_DW_rash_0_DW_rash_89'
  Processing 'bf16_add_28_DW01_cmp2_1_DW01_cmp2_515'
  Processing 'bf16_add_28_DW01_sub_3_DW01_sub_380'
  Processing 'bf16_add_28_DW01_cmp2_2_DW01_cmp2_516'
  Processing 'bf16_add_47_DW01_inc_0_DW01_inc_219'
  Processing 'bf16_add_47_DW01_add_0_DW01_add_234'
  Processing 'bf16_add_47_DW01_sub_0_DW01_sub_381'
  Processing 'bf16_add_47_DW01_cmp2_0_DW01_cmp2_517'
  Processing 'bf16_add_47_DW01_ash_0_DW01_ash_178'
  Processing 'bf16_add_47_DW01_inc_1_DW01_inc_220'
  Processing 'bf16_add_47_DW01_sub_1_DW01_sub_382'
  Processing 'bf16_add_47_DW01_add_1_DW01_add_235'
  Processing 'bf16_add_47_DW01_ash_1_DW01_ash_179'
  Processing 'bf16_add_47_DW01_sub_2_DW01_sub_383'
  Processing 'bf16_add_47_DW_rash_0_DW_rash_90'
  Processing 'bf16_add_47_DW01_cmp2_1_DW01_cmp2_518'
  Processing 'bf16_add_47_DW01_sub_3_DW01_sub_384'
  Processing 'bf16_add_47_DW01_cmp2_2_DW01_cmp2_519'
  Processing 'bf16_add_0_DW01_inc_0_DW01_inc_221'
  Processing 'bf16_add_0_DW01_add_0_DW01_add_236'
  Processing 'bf16_add_0_DW01_sub_0_DW01_sub_385'
  Processing 'bf16_add_0_DW01_cmp2_0_DW01_cmp2_520'
  Processing 'bf16_add_0_DW01_ash_0_DW01_ash_180'
  Processing 'bf16_add_0_DW01_inc_1_DW01_inc_222'
  Processing 'bf16_add_0_DW01_sub_1_DW01_sub_386'
  Processing 'bf16_add_0_DW01_add_1_DW01_add_237'
  Processing 'bf16_add_0_DW01_ash_1_DW01_ash_181'
  Processing 'bf16_add_0_DW01_sub_2_DW01_sub_387'
  Processing 'bf16_add_0_DW_rash_0_DW_rash_91'
  Processing 'bf16_add_0_DW01_cmp2_1_DW01_cmp2_521'
  Processing 'bf16_add_0_DW01_sub_3_DW01_sub_388'
  Processing 'bf16_add_0_DW01_cmp2_2_DW01_cmp2_522'
  Processing 'bf16_mult_45_DW01_cmp2_0_DW01_cmp2_523'
  Processing 'bf16_mult_45_DW01_cmp2_1_DW01_cmp2_524'
  Processing 'bf16_mult_45_DW01_inc_0_DW01_inc_223'
  Processing 'bf16_mult_45_DW01_add_0_DW01_add_238'
  Processing 'bf16_mult_46_DW01_cmp2_0_DW01_cmp2_525'
  Processing 'bf16_mult_46_DW01_cmp2_1_DW01_cmp2_526'
  Processing 'bf16_mult_46_DW01_inc_0_DW01_inc_224'
  Processing 'bf16_mult_46_DW01_add_0_DW01_add_239'
  Processing 'bf16_mult_47_DW01_cmp2_0_DW01_cmp2_527'
  Processing 'bf16_mult_47_DW01_cmp2_1_DW01_cmp2_528'
  Processing 'bf16_mult_47_DW01_inc_0_DW01_inc_225'
  Processing 'bf16_mult_47_DW01_add_0_DW01_add_240'
  Processing 'bf16_mult_0_DW01_cmp2_0_DW01_cmp2_529'
  Processing 'bf16_mult_0_DW01_cmp2_1_DW01_cmp2_530'
  Processing 'bf16_mult_0_DW01_inc_0_DW01_inc_226'
  Processing 'bf16_mult_0_DW01_add_0_DW01_add_241'
  Processing 'sincos_bf16_0_DW01_add_0_DW01_add_242'
  Processing 'sincos_bf16_0_DW01_ash_0_DW01_ash_182'
  Processing 'sincos_bf16_0_DW01_cmp6_0_DW01_cmp6_45'
  Processing 'sincos_bf16_0_DW01_add_1_DW01_add_243'
  Processing 'sincos_bf16_0_DW01_ash_1_DW01_ash_183'
  Processing 'sincos_bf16_0_DW01_inc_0_DW01_inc_227'
  Processing 'bf16_add_29_DW01_inc_0_DW01_inc_228'
  Processing 'bf16_add_29_DW01_add_0_DW01_add_244'
  Processing 'bf16_add_29_DW01_sub_0_DW01_sub_389'
  Processing 'bf16_add_29_DW01_cmp2_0_DW01_cmp2_531'
  Processing 'bf16_add_29_DW01_ash_0_DW01_ash_184'
  Processing 'bf16_add_29_DW01_inc_1_DW01_inc_229'
  Processing 'bf16_add_29_DW01_sub_1_DW01_sub_390'
  Processing 'bf16_add_29_DW01_add_1_DW01_add_245'
  Processing 'bf16_add_29_DW01_ash_1_DW01_ash_185'
  Processing 'bf16_add_29_DW01_sub_2_DW01_sub_391'
  Processing 'bf16_add_29_DW_rash_0_DW_rash_92'
  Processing 'bf16_add_29_DW01_cmp2_1_DW01_cmp2_532'
  Processing 'bf16_add_29_DW01_sub_3_DW01_sub_392'
  Processing 'bf16_add_29_DW01_cmp2_2_DW01_cmp2_533'
  Processing 'bf16_add_30_DW01_inc_0_DW01_inc_230'
  Processing 'bf16_add_30_DW01_add_0_DW01_add_246'
  Processing 'bf16_add_30_DW01_sub_0_DW01_sub_393'
  Processing 'bf16_add_30_DW01_cmp2_0_DW01_cmp2_534'
  Processing 'bf16_add_30_DW01_ash_0_DW01_ash_186'
  Processing 'bf16_add_30_DW01_inc_1_DW01_inc_231'
  Processing 'bf16_add_30_DW01_sub_1_DW01_sub_394'
  Processing 'bf16_add_30_DW01_add_1_DW01_add_247'
  Processing 'bf16_add_30_DW01_ash_1_DW01_ash_187'
  Processing 'bf16_add_30_DW01_sub_2_DW01_sub_395'
  Processing 'bf16_add_30_DW_rash_0_DW_rash_93'
  Processing 'bf16_add_30_DW01_cmp2_1_DW01_cmp2_535'
  Processing 'bf16_add_30_DW01_sub_3_DW01_sub_396'
  Processing 'bf16_add_30_DW01_cmp2_2_DW01_cmp2_536'
  Processing 'bf16_mult_15_DW01_cmp2_0_DW01_cmp2_537'
  Processing 'bf16_mult_15_DW01_cmp2_1_DW01_cmp2_538'
  Processing 'bf16_mult_15_DW01_inc_0_DW01_inc_232'
  Processing 'bf16_mult_15_DW01_add_0_DW01_add_248'
  Processing 'bf16_mult_16_DW01_cmp2_0_DW01_cmp2_539'
  Processing 'bf16_mult_16_DW01_cmp2_1_DW01_cmp2_540'
  Processing 'bf16_mult_16_DW01_inc_0_DW01_inc_233'
  Processing 'bf16_mult_16_DW01_add_0_DW01_add_249'
  Processing 'bf16_add_31_DW01_inc_0_DW01_inc_234'
  Processing 'bf16_add_31_DW01_add_0_DW01_add_250'
  Processing 'bf16_add_31_DW01_sub_0_DW01_sub_397'
  Processing 'bf16_add_31_DW01_cmp2_0_DW01_cmp2_541'
  Processing 'bf16_add_31_DW01_ash_0_DW01_ash_188'
  Processing 'bf16_add_31_DW01_inc_1_DW01_inc_235'
  Processing 'bf16_add_31_DW01_sub_1_DW01_sub_398'
  Processing 'bf16_add_31_DW01_add_1_DW01_add_251'
  Processing 'bf16_add_31_DW01_ash_1_DW01_ash_189'
  Processing 'bf16_add_31_DW01_sub_2_DW01_sub_399'
  Processing 'bf16_add_31_DW_rash_0_DW_rash_94'
  Processing 'bf16_add_31_DW01_cmp2_1_DW01_cmp2_542'
  Processing 'bf16_add_31_DW01_sub_3_DW01_sub_400'
  Processing 'bf16_add_31_DW01_cmp2_2_DW01_cmp2_543'
  Processing 'bf16_add_32_DW01_inc_0_DW01_inc_236'
  Processing 'bf16_add_32_DW01_add_0_DW01_add_252'
  Processing 'bf16_add_32_DW01_sub_0_DW01_sub_401'
  Processing 'bf16_add_32_DW01_cmp2_0_DW01_cmp2_544'
  Processing 'bf16_add_32_DW01_ash_0_DW01_ash_190'
  Processing 'bf16_add_32_DW01_inc_1_DW01_inc_237'
  Processing 'bf16_add_32_DW01_sub_1_DW01_sub_402'
  Processing 'bf16_add_32_DW01_add_1_DW01_add_253'
  Processing 'bf16_add_32_DW01_ash_1_DW01_ash_191'
  Processing 'bf16_add_32_DW01_sub_2_DW01_sub_403'
  Processing 'bf16_add_32_DW_rash_0_DW_rash_95'
  Processing 'bf16_add_32_DW01_cmp2_1_DW01_cmp2_545'
  Processing 'bf16_add_32_DW01_sub_3_DW01_sub_404'
  Processing 'bf16_add_32_DW01_cmp2_2_DW01_cmp2_546'
  Processing 'fp16_add_1_DW01_inc_0_DW01_inc_238'
  Processing 'fp16_add_1_DW01_add_0_DW01_add_254'
  Processing 'fp16_add_1_DW01_sub_0_DW01_sub_405'
  Processing 'fp16_add_1_DW01_cmp2_0_DW01_cmp2_547'
  Processing 'fp16_add_1_DW01_ash_0_DW01_ash_192'
  Processing 'fp16_add_1_DW01_inc_1_DW01_inc_239'
  Processing 'fp16_add_1_DW01_sub_1_DW01_sub_406'
  Processing 'fp16_add_1_DW01_add_1_DW01_add_255'
  Processing 'fp16_add_1_DW01_ash_1_DW01_ash_193'
  Processing 'fp16_add_1_DW01_sub_2_DW01_sub_407'
  Processing 'fp16_add_1_DW_rash_0_DW_rash_96'
  Processing 'fp16_add_1_DW01_cmp2_1_DW01_cmp2_548'
  Processing 'fp16_add_1_DW01_sub_3_DW01_sub_408'
  Processing 'fp16_add_1_DW01_cmp2_2_DW01_cmp2_549'
  Processing 'fp16_add_2_DW01_inc_0_DW01_inc_240'
  Processing 'fp16_add_2_DW01_add_0_DW01_add_256'
  Processing 'fp16_add_2_DW01_sub_0_DW01_sub_409'
  Processing 'fp16_add_2_DW01_cmp2_0_DW01_cmp2_550'
  Processing 'fp16_add_2_DW01_ash_0_DW01_ash_194'
  Processing 'fp16_add_2_DW01_inc_1_DW01_inc_241'
  Processing 'fp16_add_2_DW01_sub_1_DW01_sub_410'
  Processing 'fp16_add_2_DW01_add_1_DW01_add_257'
  Processing 'fp16_add_2_DW01_ash_1_DW01_ash_195'
  Processing 'fp16_add_2_DW01_sub_2_DW01_sub_411'
  Processing 'fp16_add_2_DW_rash_0_DW_rash_97'
  Processing 'fp16_add_2_DW01_cmp2_1_DW01_cmp2_551'
  Processing 'fp16_add_2_DW01_sub_3_DW01_sub_412'
  Processing 'fp16_add_2_DW01_cmp2_2_DW01_cmp2_552'
  Processing 'fp16_add_3_DW01_inc_0_DW01_inc_242'
  Processing 'fp16_add_3_DW01_add_0_DW01_add_258'
  Processing 'fp16_add_3_DW01_sub_0_DW01_sub_413'
  Processing 'fp16_add_3_DW01_cmp2_0_DW01_cmp2_553'
  Processing 'fp16_add_3_DW01_ash_0_DW01_ash_196'
  Processing 'fp16_add_3_DW01_inc_1_DW01_inc_243'
  Processing 'fp16_add_3_DW01_sub_1_DW01_sub_414'
  Processing 'fp16_add_3_DW01_add_1_DW01_add_259'
  Processing 'fp16_add_3_DW01_ash_1_DW01_ash_197'
  Processing 'fp16_add_3_DW01_sub_2_DW01_sub_415'
  Processing 'fp16_add_3_DW_rash_0_DW_rash_98'
  Processing 'fp16_add_3_DW01_cmp2_1_DW01_cmp2_554'
  Processing 'fp16_add_3_DW01_sub_3_DW01_sub_416'
  Processing 'fp16_add_3_DW01_cmp2_2_DW01_cmp2_555'
  Processing 'fp16_add_4_DW01_inc_0_DW01_inc_244'
  Processing 'fp16_add_4_DW01_add_0_DW01_add_260'
  Processing 'fp16_add_4_DW01_sub_0_DW01_sub_417'
  Processing 'fp16_add_4_DW01_cmp2_0_DW01_cmp2_556'
  Processing 'fp16_add_4_DW01_ash_0_DW01_ash_198'
  Processing 'fp16_add_4_DW01_inc_1_DW01_inc_245'
  Processing 'fp16_add_4_DW01_sub_1_DW01_sub_418'
  Processing 'fp16_add_4_DW01_add_1_DW01_add_261'
  Processing 'fp16_add_4_DW01_ash_1_DW01_ash_199'
  Processing 'fp16_add_4_DW01_sub_2_DW01_sub_419'
  Processing 'fp16_add_4_DW_rash_0_DW_rash_99'
  Processing 'fp16_add_4_DW01_cmp2_1_DW01_cmp2_557'
  Processing 'fp16_add_4_DW01_sub_3_DW01_sub_420'
  Processing 'fp16_add_4_DW01_cmp2_2_DW01_cmp2_558'
  Processing 'fp16_add_5_DW01_inc_0_DW01_inc_246'
  Processing 'fp16_add_5_DW01_add_0_DW01_add_262'
  Processing 'fp16_add_5_DW01_sub_0_DW01_sub_421'
  Processing 'fp16_add_5_DW01_cmp2_0_DW01_cmp2_559'
  Processing 'fp16_add_5_DW01_ash_0_DW01_ash_200'
  Processing 'fp16_add_5_DW01_inc_1_DW01_inc_247'
  Processing 'fp16_add_5_DW01_sub_1_DW01_sub_422'
  Processing 'fp16_add_5_DW01_add_1_DW01_add_263'
  Processing 'fp16_add_5_DW01_ash_1_DW01_ash_201'
  Processing 'fp16_add_5_DW01_sub_2_DW01_sub_423'
  Processing 'fp16_add_5_DW_rash_0_DW_rash_100'
  Processing 'fp16_add_5_DW01_cmp2_1_DW01_cmp2_560'
  Processing 'fp16_add_5_DW01_sub_3_DW01_sub_424'
  Processing 'fp16_add_5_DW01_cmp2_2_DW01_cmp2_561'
  Processing 'fp16_add_6_DW01_inc_0_DW01_inc_248'
  Processing 'fp16_add_6_DW01_add_0_DW01_add_264'
  Processing 'fp16_add_6_DW01_sub_0_DW01_sub_425'
  Processing 'fp16_add_6_DW01_cmp2_0_DW01_cmp2_562'
  Processing 'fp16_add_6_DW01_ash_0_DW01_ash_202'
  Processing 'fp16_add_6_DW01_inc_1_DW01_inc_249'
  Processing 'fp16_add_6_DW01_sub_1_DW01_sub_426'
  Processing 'fp16_add_6_DW01_add_1_DW01_add_265'
  Processing 'fp16_add_6_DW01_ash_1_DW01_ash_203'
  Processing 'fp16_add_6_DW01_sub_2_DW01_sub_427'
  Processing 'fp16_add_6_DW_rash_0_DW_rash_101'
  Processing 'fp16_add_6_DW01_cmp2_1_DW01_cmp2_563'
  Processing 'fp16_add_6_DW01_sub_3_DW01_sub_428'
  Processing 'fp16_add_6_DW01_cmp2_2_DW01_cmp2_564'
  Processing 'fp16_add_7_DW01_inc_0_DW01_inc_250'
  Processing 'fp16_add_7_DW01_add_0_DW01_add_266'
  Processing 'fp16_add_7_DW01_sub_0_DW01_sub_429'
  Processing 'fp16_add_7_DW01_cmp2_0_DW01_cmp2_565'
  Processing 'fp16_add_7_DW01_ash_0_DW01_ash_204'
  Processing 'fp16_add_7_DW01_inc_1_DW01_inc_251'
  Processing 'fp16_add_7_DW01_sub_1_DW01_sub_430'
  Processing 'fp16_add_7_DW01_add_1_DW01_add_267'
  Processing 'fp16_add_7_DW01_ash_1_DW01_ash_205'
  Processing 'fp16_add_7_DW01_sub_2_DW01_sub_431'
  Processing 'fp16_add_7_DW_rash_0_DW_rash_102'
  Processing 'fp16_add_7_DW01_cmp2_1_DW01_cmp2_566'
  Processing 'fp16_add_7_DW01_sub_3_DW01_sub_432'
  Processing 'fp16_add_7_DW01_cmp2_2_DW01_cmp2_567'
  Processing 'fp16_add_8_DW01_inc_0_DW01_inc_252'
  Processing 'fp16_add_8_DW01_add_0_DW01_add_268'
  Processing 'fp16_add_8_DW01_sub_0_DW01_sub_433'
  Processing 'fp16_add_8_DW01_cmp2_0_DW01_cmp2_568'
  Processing 'fp16_add_8_DW01_ash_0_DW01_ash_206'
  Processing 'fp16_add_8_DW01_inc_1_DW01_inc_253'
  Processing 'fp16_add_8_DW01_sub_1_DW01_sub_434'
  Processing 'fp16_add_8_DW01_add_1_DW01_add_269'
  Processing 'fp16_add_8_DW01_ash_1_DW01_ash_207'
  Processing 'fp16_add_8_DW01_sub_2_DW01_sub_435'
  Processing 'fp16_add_8_DW_rash_0_DW_rash_103'
  Processing 'fp16_add_8_DW01_cmp2_1_DW01_cmp2_569'
  Processing 'fp16_add_8_DW01_sub_3_DW01_sub_436'
  Processing 'fp16_add_8_DW01_cmp2_2_DW01_cmp2_570'
  Processing 'fp16_add_9_DW01_inc_0_DW01_inc_254'
  Processing 'fp16_add_9_DW01_add_0_DW01_add_270'
  Processing 'fp16_add_9_DW01_sub_0_DW01_sub_437'
  Processing 'fp16_add_9_DW01_cmp2_0_DW01_cmp2_571'
  Processing 'fp16_add_9_DW01_ash_0_DW01_ash_208'
  Processing 'fp16_add_9_DW01_inc_1_DW01_inc_255'
  Processing 'fp16_add_9_DW01_sub_1_DW01_sub_438'
  Processing 'fp16_add_9_DW01_add_1_DW01_add_271'
  Processing 'fp16_add_9_DW01_ash_1_DW01_ash_209'
  Processing 'fp16_add_9_DW01_sub_2_DW01_sub_439'
  Processing 'fp16_add_9_DW_rash_0_DW_rash_104'
  Processing 'fp16_add_9_DW01_cmp2_1_DW01_cmp2_572'
  Processing 'fp16_add_9_DW01_sub_3_DW01_sub_440'
  Processing 'fp16_add_9_DW01_cmp2_2_DW01_cmp2_573'
  Processing 'fp16_add_10_DW01_inc_0_DW01_inc_256'
  Processing 'fp16_add_10_DW01_add_0_DW01_add_272'
  Processing 'fp16_add_10_DW01_sub_0_DW01_sub_441'
  Processing 'fp16_add_10_DW01_cmp2_0_DW01_cmp2_574'
  Processing 'fp16_add_10_DW01_ash_0_DW01_ash_210'
  Processing 'fp16_add_10_DW01_inc_1_DW01_inc_257'
  Processing 'fp16_add_10_DW01_sub_1_DW01_sub_442'
  Processing 'fp16_add_10_DW01_add_1_DW01_add_273'
  Processing 'fp16_add_10_DW01_ash_1_DW01_ash_211'
  Processing 'fp16_add_10_DW01_sub_2_DW01_sub_443'
  Processing 'fp16_add_10_DW_rash_0_DW_rash_105'
  Processing 'fp16_add_10_DW01_cmp2_1_DW01_cmp2_575'
  Processing 'fp16_add_10_DW01_sub_3_DW01_sub_444'
  Processing 'fp16_add_10_DW01_cmp2_2_DW01_cmp2_576'
  Processing 'fp16_add_11_DW01_inc_0_DW01_inc_258'
  Processing 'fp16_add_11_DW01_add_0_DW01_add_274'
  Processing 'fp16_add_11_DW01_sub_0_DW01_sub_445'
  Processing 'fp16_add_11_DW01_cmp2_0_DW01_cmp2_577'
  Processing 'fp16_add_11_DW01_ash_0_DW01_ash_212'
  Processing 'fp16_add_11_DW01_inc_1_DW01_inc_259'
  Processing 'fp16_add_11_DW01_sub_1_DW01_sub_446'
  Processing 'fp16_add_11_DW01_add_1_DW01_add_275'
  Processing 'fp16_add_11_DW01_ash_1_DW01_ash_213'
  Processing 'fp16_add_11_DW01_sub_2_DW01_sub_447'
  Processing 'fp16_add_11_DW_rash_0_DW_rash_106'
  Processing 'fp16_add_11_DW01_cmp2_1_DW01_cmp2_578'
  Processing 'fp16_add_11_DW01_sub_3_DW01_sub_448'
  Processing 'fp16_add_11_DW01_cmp2_2_DW01_cmp2_579'
  Processing 'fp16_add_12_DW01_inc_0_DW01_inc_260'
  Processing 'fp16_add_12_DW01_add_0_DW01_add_276'
  Processing 'fp16_add_12_DW01_sub_0_DW01_sub_449'
  Processing 'fp16_add_12_DW01_cmp2_0_DW01_cmp2_580'
  Processing 'fp16_add_12_DW01_ash_0_DW01_ash_214'
  Processing 'fp16_add_12_DW01_inc_1_DW01_inc_261'
  Processing 'fp16_add_12_DW01_sub_1_DW01_sub_450'
  Processing 'fp16_add_12_DW01_add_1_DW01_add_277'
  Processing 'fp16_add_12_DW01_ash_1_DW01_ash_215'
  Processing 'fp16_add_12_DW01_sub_2_DW01_sub_451'
  Processing 'fp16_add_12_DW_rash_0_DW_rash_107'
  Processing 'fp16_add_12_DW01_cmp2_1_DW01_cmp2_581'
  Processing 'fp16_add_12_DW01_sub_3_DW01_sub_452'
  Processing 'fp16_add_12_DW01_cmp2_2_DW01_cmp2_582'
  Processing 'fp16_add_13_DW01_inc_0_DW01_inc_262'
  Processing 'fp16_add_13_DW01_add_0_DW01_add_278'
  Processing 'fp16_add_13_DW01_sub_0_DW01_sub_453'
  Processing 'fp16_add_13_DW01_cmp2_0_DW01_cmp2_583'
  Processing 'fp16_add_13_DW01_ash_0_DW01_ash_216'
  Processing 'fp16_add_13_DW01_inc_1_DW01_inc_263'
  Processing 'fp16_add_13_DW01_sub_1_DW01_sub_454'
  Processing 'fp16_add_13_DW01_add_1_DW01_add_279'
  Processing 'fp16_add_13_DW01_ash_1_DW01_ash_217'
  Processing 'fp16_add_13_DW01_sub_2_DW01_sub_455'
  Processing 'fp16_add_13_DW_rash_0_DW_rash_108'
  Processing 'fp16_add_13_DW01_cmp2_1_DW01_cmp2_584'
  Processing 'fp16_add_13_DW01_sub_3_DW01_sub_456'
  Processing 'fp16_add_13_DW01_cmp2_2_DW01_cmp2_585'
  Processing 'fp16_add_14_DW01_inc_0_DW01_inc_264'
  Processing 'fp16_add_14_DW01_add_0_DW01_add_280'
  Processing 'fp16_add_14_DW01_sub_0_DW01_sub_457'
  Processing 'fp16_add_14_DW01_cmp2_0_DW01_cmp2_586'
  Processing 'fp16_add_14_DW01_ash_0_DW01_ash_218'
  Processing 'fp16_add_14_DW01_inc_1_DW01_inc_265'
  Processing 'fp16_add_14_DW01_sub_1_DW01_sub_458'
  Processing 'fp16_add_14_DW01_add_1_DW01_add_281'
  Processing 'fp16_add_14_DW01_ash_1_DW01_ash_219'
  Processing 'fp16_add_14_DW01_sub_2_DW01_sub_459'
  Processing 'fp16_add_14_DW_rash_0_DW_rash_109'
  Processing 'fp16_add_14_DW01_cmp2_1_DW01_cmp2_587'
  Processing 'fp16_add_14_DW01_sub_3_DW01_sub_460'
  Processing 'fp16_add_14_DW01_cmp2_2_DW01_cmp2_588'
  Processing 'fp16_add_15_DW01_inc_0_DW01_inc_266'
  Processing 'fp16_add_15_DW01_add_0_DW01_add_282'
  Processing 'fp16_add_15_DW01_sub_0_DW01_sub_461'
  Processing 'fp16_add_15_DW01_cmp2_0_DW01_cmp2_589'
  Processing 'fp16_add_15_DW01_ash_0_DW01_ash_220'
  Processing 'fp16_add_15_DW01_inc_1_DW01_inc_267'
  Processing 'fp16_add_15_DW01_sub_1_DW01_sub_462'
  Processing 'fp16_add_15_DW01_add_1_DW01_add_283'
  Processing 'fp16_add_15_DW01_ash_1_DW01_ash_221'
  Processing 'fp16_add_15_DW01_sub_2_DW01_sub_463'
  Processing 'fp16_add_15_DW_rash_0_DW_rash_110'
  Processing 'fp16_add_15_DW01_cmp2_1_DW01_cmp2_590'
  Processing 'fp16_add_15_DW01_sub_3_DW01_sub_464'
  Processing 'fp16_add_15_DW01_cmp2_2_DW01_cmp2_591'
  Processing 'fp16_add_16_DW01_inc_0_DW01_inc_268'
  Processing 'fp16_add_16_DW01_add_0_DW01_add_284'
  Processing 'fp16_add_16_DW01_sub_0_DW01_sub_465'
  Processing 'fp16_add_16_DW01_cmp2_0_DW01_cmp2_592'
  Processing 'fp16_add_16_DW01_ash_0_DW01_ash_222'
  Processing 'fp16_add_16_DW01_inc_1_DW01_inc_269'
  Processing 'fp16_add_16_DW01_sub_1_DW01_sub_466'
  Processing 'fp16_add_16_DW01_add_1_DW01_add_285'
  Processing 'fp16_add_16_DW01_ash_1_DW01_ash_223'
  Processing 'fp16_add_16_DW01_sub_2_DW01_sub_467'
  Processing 'fp16_add_16_DW_rash_0_DW_rash_111'
  Processing 'fp16_add_16_DW01_cmp2_1_DW01_cmp2_593'
  Processing 'fp16_add_16_DW01_sub_3_DW01_sub_468'
  Processing 'fp16_add_16_DW01_cmp2_2_DW01_cmp2_594'
  Processing 'fp16_add_17_DW01_inc_0_DW01_inc_270'
  Processing 'fp16_add_17_DW01_add_0_DW01_add_286'
  Processing 'fp16_add_17_DW01_sub_0_DW01_sub_469'
  Processing 'fp16_add_17_DW01_cmp2_0_DW01_cmp2_595'
  Processing 'fp16_add_17_DW01_ash_0_DW01_ash_224'
  Processing 'fp16_add_17_DW01_inc_1_DW01_inc_271'
  Processing 'fp16_add_17_DW01_sub_1_DW01_sub_470'
  Processing 'fp16_add_17_DW01_add_1_DW01_add_287'
  Processing 'fp16_add_17_DW01_ash_1_DW01_ash_225'
  Processing 'fp16_add_17_DW01_sub_2_DW01_sub_471'
  Processing 'fp16_add_17_DW_rash_0_DW_rash_112'
  Processing 'fp16_add_17_DW01_cmp2_1_DW01_cmp2_596'
  Processing 'fp16_add_17_DW01_sub_3_DW01_sub_472'
  Processing 'fp16_add_17_DW01_cmp2_2_DW01_cmp2_597'
  Processing 'fp16_add_18_DW01_inc_0_DW01_inc_272'
  Processing 'fp16_add_18_DW01_add_0_DW01_add_288'
  Processing 'fp16_add_18_DW01_sub_0_DW01_sub_473'
  Processing 'fp16_add_18_DW01_cmp2_0_DW01_cmp2_598'
  Processing 'fp16_add_18_DW01_ash_0_DW01_ash_226'
  Processing 'fp16_add_18_DW01_inc_1_DW01_inc_273'
  Processing 'fp16_add_18_DW01_sub_1_DW01_sub_474'
  Processing 'fp16_add_18_DW01_add_1_DW01_add_289'
  Processing 'fp16_add_18_DW01_ash_1_DW01_ash_227'
  Processing 'fp16_add_18_DW01_sub_2_DW01_sub_475'
  Processing 'fp16_add_18_DW_rash_0_DW_rash_113'
  Processing 'fp16_add_18_DW01_cmp2_1_DW01_cmp2_599'
  Processing 'fp16_add_18_DW01_sub_3_DW01_sub_476'
  Processing 'fp16_add_18_DW01_cmp2_2_DW01_cmp2_600'
  Processing 'fp16_add_19_DW01_inc_0_DW01_inc_274'
  Processing 'fp16_add_19_DW01_add_0_DW01_add_290'
  Processing 'fp16_add_19_DW01_sub_0_DW01_sub_477'
  Processing 'fp16_add_19_DW01_cmp2_0_DW01_cmp2_601'
  Processing 'fp16_add_19_DW01_ash_0_DW01_ash_228'
  Processing 'fp16_add_19_DW01_inc_1_DW01_inc_275'
  Processing 'fp16_add_19_DW01_sub_1_DW01_sub_478'
  Processing 'fp16_add_19_DW01_add_1_DW01_add_291'
  Processing 'fp16_add_19_DW01_ash_1_DW01_ash_229'
  Processing 'fp16_add_19_DW01_sub_2_DW01_sub_479'
  Processing 'fp16_add_19_DW_rash_0_DW_rash_114'
  Processing 'fp16_add_19_DW01_cmp2_1_DW01_cmp2_602'
  Processing 'fp16_add_19_DW01_sub_3_DW01_sub_480'
  Processing 'fp16_add_19_DW01_cmp2_2_DW01_cmp2_603'
  Processing 'fp16_add_20_DW01_inc_0_DW01_inc_276'
  Processing 'fp16_add_20_DW01_add_0_DW01_add_292'
  Processing 'fp16_add_20_DW01_sub_0_DW01_sub_481'
  Processing 'fp16_add_20_DW01_cmp2_0_DW01_cmp2_604'
  Processing 'fp16_add_20_DW01_ash_0_DW01_ash_230'
  Processing 'fp16_add_20_DW01_inc_1_DW01_inc_277'
  Processing 'fp16_add_20_DW01_sub_1_DW01_sub_482'
  Processing 'fp16_add_20_DW01_add_1_DW01_add_293'
  Processing 'fp16_add_20_DW01_ash_1_DW01_ash_231'
  Processing 'fp16_add_20_DW01_sub_2_DW01_sub_483'
  Processing 'fp16_add_20_DW_rash_0_DW_rash_115'
  Processing 'fp16_add_20_DW01_cmp2_1_DW01_cmp2_605'
  Processing 'fp16_add_20_DW01_sub_3_DW01_sub_484'
  Processing 'fp16_add_20_DW01_cmp2_2_DW01_cmp2_606'
  Processing 'fp16_add_21_DW01_inc_0_DW01_inc_278'
  Processing 'fp16_add_21_DW01_add_0_DW01_add_294'
  Processing 'fp16_add_21_DW01_sub_0_DW01_sub_485'
  Processing 'fp16_add_21_DW01_cmp2_0_DW01_cmp2_607'
  Processing 'fp16_add_21_DW01_ash_0_DW01_ash_232'
  Processing 'fp16_add_21_DW01_inc_1_DW01_inc_279'
  Processing 'fp16_add_21_DW01_sub_1_DW01_sub_486'
  Processing 'fp16_add_21_DW01_add_1_DW01_add_295'
  Processing 'fp16_add_21_DW01_ash_1_DW01_ash_233'
  Processing 'fp16_add_21_DW01_sub_2_DW01_sub_487'
  Processing 'fp16_add_21_DW_rash_0_DW_rash_116'
  Processing 'fp16_add_21_DW01_cmp2_1_DW01_cmp2_608'
  Processing 'fp16_add_21_DW01_sub_3_DW01_sub_488'
  Processing 'fp16_add_21_DW01_cmp2_2_DW01_cmp2_609'
  Processing 'fp16_add_22_DW01_inc_0_DW01_inc_280'
  Processing 'fp16_add_22_DW01_add_0_DW01_add_296'
  Processing 'fp16_add_22_DW01_sub_0_DW01_sub_489'
  Processing 'fp16_add_22_DW01_cmp2_0_DW01_cmp2_610'
  Processing 'fp16_add_22_DW01_ash_0_DW01_ash_234'
  Processing 'fp16_add_22_DW01_inc_1_DW01_inc_281'
  Processing 'fp16_add_22_DW01_sub_1_DW01_sub_490'
  Processing 'fp16_add_22_DW01_add_1_DW01_add_297'
  Processing 'fp16_add_22_DW01_ash_1_DW01_ash_235'
  Processing 'fp16_add_22_DW01_sub_2_DW01_sub_491'
  Processing 'fp16_add_22_DW_rash_0_DW_rash_117'
  Processing 'fp16_add_22_DW01_cmp2_1_DW01_cmp2_611'
  Processing 'fp16_add_22_DW01_sub_3_DW01_sub_492'
  Processing 'fp16_add_22_DW01_cmp2_2_DW01_cmp2_612'
  Processing 'fp16_add_23_DW01_inc_0_DW01_inc_282'
  Processing 'fp16_add_23_DW01_add_0_DW01_add_298'
  Processing 'fp16_add_23_DW01_sub_0_DW01_sub_493'
  Processing 'fp16_add_23_DW01_cmp2_0_DW01_cmp2_613'
  Processing 'fp16_add_23_DW01_ash_0_DW01_ash_236'
  Processing 'fp16_add_23_DW01_inc_1_DW01_inc_283'
  Processing 'fp16_add_23_DW01_sub_1_DW01_sub_494'
  Processing 'fp16_add_23_DW01_add_1_DW01_add_299'
  Processing 'fp16_add_23_DW01_ash_1_DW01_ash_237'
  Processing 'fp16_add_23_DW01_sub_2_DW01_sub_495'
  Processing 'fp16_add_23_DW_rash_0_DW_rash_118'
  Processing 'fp16_add_23_DW01_cmp2_1_DW01_cmp2_614'
  Processing 'fp16_add_23_DW01_sub_3_DW01_sub_496'
  Processing 'fp16_add_23_DW01_cmp2_2_DW01_cmp2_615'
  Processing 'fp16_add_24_DW01_inc_0_DW01_inc_284'
  Processing 'fp16_add_24_DW01_add_0_DW01_add_300'
  Processing 'fp16_add_24_DW01_sub_0_DW01_sub_497'
  Processing 'fp16_add_24_DW01_cmp2_0_DW01_cmp2_616'
  Processing 'fp16_add_24_DW01_ash_0_DW01_ash_238'
  Processing 'fp16_add_24_DW01_inc_1_DW01_inc_285'
  Processing 'fp16_add_24_DW01_sub_1_DW01_sub_498'
  Processing 'fp16_add_24_DW01_add_1_DW01_add_301'
  Processing 'fp16_add_24_DW01_ash_1_DW01_ash_239'
  Processing 'fp16_add_24_DW01_sub_2_DW01_sub_499'
  Processing 'fp16_add_24_DW_rash_0_DW_rash_119'
  Processing 'fp16_add_24_DW01_cmp2_1_DW01_cmp2_617'
  Processing 'fp16_add_24_DW01_sub_3_DW01_sub_500'
  Processing 'fp16_add_24_DW01_cmp2_2_DW01_cmp2_618'
  Processing 'fp16_add_25_DW01_inc_0_DW01_inc_286'
  Processing 'fp16_add_25_DW01_add_0_DW01_add_302'
  Processing 'fp16_add_25_DW01_sub_0_DW01_sub_501'
  Processing 'fp16_add_25_DW01_cmp2_0_DW01_cmp2_619'
  Processing 'fp16_add_25_DW01_ash_0_DW01_ash_240'
  Processing 'fp16_add_25_DW01_inc_1_DW01_inc_287'
  Processing 'fp16_add_25_DW01_sub_1_DW01_sub_502'
  Processing 'fp16_add_25_DW01_add_1_DW01_add_303'
  Processing 'fp16_add_25_DW01_ash_1_DW01_ash_241'
  Processing 'fp16_add_25_DW01_sub_2_DW01_sub_503'
  Processing 'fp16_add_25_DW_rash_0_DW_rash_120'
  Processing 'fp16_add_25_DW01_cmp2_1_DW01_cmp2_620'
  Processing 'fp16_add_25_DW01_sub_3_DW01_sub_504'
  Processing 'fp16_add_25_DW01_cmp2_2_DW01_cmp2_621'
  Processing 'fp16_add_26_DW01_inc_0_DW01_inc_288'
  Processing 'fp16_add_26_DW01_add_0_DW01_add_304'
  Processing 'fp16_add_26_DW01_sub_0_DW01_sub_505'
  Processing 'fp16_add_26_DW01_cmp2_0_DW01_cmp2_622'
  Processing 'fp16_add_26_DW01_ash_0_DW01_ash_242'
  Processing 'fp16_add_26_DW01_inc_1_DW01_inc_289'
  Processing 'fp16_add_26_DW01_sub_1_DW01_sub_506'
  Processing 'fp16_add_26_DW01_add_1_DW01_add_305'
  Processing 'fp16_add_26_DW01_ash_1_DW01_ash_243'
  Processing 'fp16_add_26_DW01_sub_2_DW01_sub_507'
  Processing 'fp16_add_26_DW_rash_0_DW_rash_121'
  Processing 'fp16_add_26_DW01_cmp2_1_DW01_cmp2_623'
  Processing 'fp16_add_26_DW01_sub_3_DW01_sub_508'
  Processing 'fp16_add_26_DW01_cmp2_2_DW01_cmp2_624'
  Processing 'fp16_add_27_DW01_inc_0_DW01_inc_290'
  Processing 'fp16_add_27_DW01_add_0_DW01_add_306'
  Processing 'fp16_add_27_DW01_sub_0_DW01_sub_509'
  Processing 'fp16_add_27_DW01_cmp2_0_DW01_cmp2_625'
  Processing 'fp16_add_27_DW01_ash_0_DW01_ash_244'
  Processing 'fp16_add_27_DW01_inc_1_DW01_inc_291'
  Processing 'fp16_add_27_DW01_sub_1_DW01_sub_510'
  Processing 'fp16_add_27_DW01_add_1_DW01_add_307'
  Processing 'fp16_add_27_DW01_ash_1_DW01_ash_245'
  Processing 'fp16_add_27_DW01_sub_2_DW01_sub_511'
  Processing 'fp16_add_27_DW_rash_0_DW_rash_122'
  Processing 'fp16_add_27_DW01_cmp2_1_DW01_cmp2_626'
  Processing 'fp16_add_27_DW01_sub_3_DW01_sub_512'
  Processing 'fp16_add_27_DW01_cmp2_2_DW01_cmp2_627'
  Processing 'fp16_add_28_DW01_inc_0_DW01_inc_292'
  Processing 'fp16_add_28_DW01_add_0_DW01_add_308'
  Processing 'fp16_add_28_DW01_sub_0_DW01_sub_513'
  Processing 'fp16_add_28_DW01_cmp2_0_DW01_cmp2_628'
  Processing 'fp16_add_28_DW01_ash_0_DW01_ash_246'
  Processing 'fp16_add_28_DW01_inc_1_DW01_inc_293'
  Processing 'fp16_add_28_DW01_sub_1_DW01_sub_514'
  Processing 'fp16_add_28_DW01_add_1_DW01_add_309'
  Processing 'fp16_add_28_DW01_ash_1_DW01_ash_247'
  Processing 'fp16_add_28_DW01_sub_2_DW01_sub_515'
  Processing 'fp16_add_28_DW_rash_0_DW_rash_123'
  Processing 'fp16_add_28_DW01_cmp2_1_DW01_cmp2_629'
  Processing 'fp16_add_28_DW01_sub_3_DW01_sub_516'
  Processing 'fp16_add_28_DW01_cmp2_2_DW01_cmp2_630'
  Processing 'fp16_add_29_DW01_inc_0_DW01_inc_294'
  Processing 'fp16_add_29_DW01_add_0_DW01_add_310'
  Processing 'fp16_add_29_DW01_sub_0_DW01_sub_517'
  Processing 'fp16_add_29_DW01_cmp2_0_DW01_cmp2_631'
  Processing 'fp16_add_29_DW01_ash_0_DW01_ash_248'
  Processing 'fp16_add_29_DW01_inc_1_DW01_inc_295'
  Processing 'fp16_add_29_DW01_sub_1_DW01_sub_518'
  Processing 'fp16_add_29_DW01_add_1_DW01_add_311'
  Processing 'fp16_add_29_DW01_ash_1_DW01_ash_249'
  Processing 'fp16_add_29_DW01_sub_2_DW01_sub_519'
  Processing 'fp16_add_29_DW_rash_0_DW_rash_124'
  Processing 'fp16_add_29_DW01_cmp2_1_DW01_cmp2_632'
  Processing 'fp16_add_29_DW01_sub_3_DW01_sub_520'
  Processing 'fp16_add_29_DW01_cmp2_2_DW01_cmp2_633'
  Processing 'fp16_add_30_DW01_inc_0_DW01_inc_296'
  Processing 'fp16_add_30_DW01_add_0_DW01_add_312'
  Processing 'fp16_add_30_DW01_sub_0_DW01_sub_521'
  Processing 'fp16_add_30_DW01_cmp2_0_DW01_cmp2_634'
  Processing 'fp16_add_30_DW01_ash_0_DW01_ash_250'
  Processing 'fp16_add_30_DW01_inc_1_DW01_inc_297'
  Processing 'fp16_add_30_DW01_sub_1_DW01_sub_522'
  Processing 'fp16_add_30_DW01_add_1_DW01_add_313'
  Processing 'fp16_add_30_DW01_ash_1_DW01_ash_251'
  Processing 'fp16_add_30_DW01_sub_2_DW01_sub_523'
  Processing 'fp16_add_30_DW_rash_0_DW_rash_125'
  Processing 'fp16_add_30_DW01_cmp2_1_DW01_cmp2_635'
  Processing 'fp16_add_30_DW01_sub_3_DW01_sub_524'
  Processing 'fp16_add_30_DW01_cmp2_2_DW01_cmp2_636'
  Processing 'fp16_add_31_DW01_inc_0_DW01_inc_298'
  Processing 'fp16_add_31_DW01_add_0_DW01_add_314'
  Processing 'fp16_add_31_DW01_sub_0_DW01_sub_525'
  Processing 'fp16_add_31_DW01_cmp2_0_DW01_cmp2_637'
  Processing 'fp16_add_31_DW01_ash_0_DW01_ash_252'
  Processing 'fp16_add_31_DW01_inc_1_DW01_inc_299'
  Processing 'fp16_add_31_DW01_sub_1_DW01_sub_526'
  Processing 'fp16_add_31_DW01_add_1_DW01_add_315'
  Processing 'fp16_add_31_DW01_ash_1_DW01_ash_253'
  Processing 'fp16_add_31_DW01_sub_2_DW01_sub_527'
  Processing 'fp16_add_31_DW_rash_0_DW_rash_126'
  Processing 'fp16_add_31_DW01_cmp2_1_DW01_cmp2_638'
  Processing 'fp16_add_31_DW01_sub_3_DW01_sub_528'
  Processing 'fp16_add_31_DW01_cmp2_2_DW01_cmp2_639'
  Processing 'fp16_add_32_DW01_inc_0_DW01_inc_300'
  Processing 'fp16_add_32_DW01_add_0_DW01_add_316'
  Processing 'fp16_add_32_DW01_sub_0_DW01_sub_529'
  Processing 'fp16_add_32_DW01_cmp2_0_DW01_cmp2_640'
  Processing 'fp16_add_32_DW01_ash_0_DW01_ash_254'
  Processing 'fp16_add_32_DW01_inc_1_DW01_inc_301'
  Processing 'fp16_add_32_DW01_sub_1_DW01_sub_530'
  Processing 'fp16_add_32_DW01_add_1_DW01_add_317'
  Processing 'fp16_add_32_DW01_ash_1_DW01_ash_255'
  Processing 'fp16_add_32_DW01_sub_2_DW01_sub_531'
  Processing 'fp16_add_32_DW_rash_0_DW_rash_127'
  Processing 'fp16_add_32_DW01_cmp2_1_DW01_cmp2_641'
  Processing 'fp16_add_32_DW01_sub_3_DW01_sub_532'
  Processing 'fp16_add_32_DW01_cmp2_2_DW01_cmp2_642'
  Processing 'fp16_add_33_DW01_inc_0_DW01_inc_302'
  Processing 'fp16_add_33_DW01_add_0_DW01_add_318'
  Processing 'fp16_add_33_DW01_sub_0_DW01_sub_533'
  Processing 'fp16_add_33_DW01_cmp2_0_DW01_cmp2_643'
  Processing 'fp16_add_33_DW01_ash_0_DW01_ash_256'
  Processing 'fp16_add_33_DW01_inc_1_DW01_inc_303'
  Processing 'fp16_add_33_DW01_sub_1_DW01_sub_534'
  Processing 'fp16_add_33_DW01_add_1_DW01_add_319'
  Processing 'fp16_add_33_DW01_ash_1_DW01_ash_257'
  Processing 'fp16_add_33_DW01_sub_2_DW01_sub_535'
  Processing 'fp16_add_33_DW_rash_0_DW_rash_128'
  Processing 'fp16_add_33_DW01_cmp2_1_DW01_cmp2_644'
  Processing 'fp16_add_33_DW01_sub_3_DW01_sub_536'
  Processing 'fp16_add_33_DW01_cmp2_2_DW01_cmp2_645'
  Processing 'fp16_add_34_DW01_inc_0_DW01_inc_304'
  Processing 'fp16_add_34_DW01_add_0_DW01_add_320'
  Processing 'fp16_add_34_DW01_sub_0_DW01_sub_537'
  Processing 'fp16_add_34_DW01_cmp2_0_DW01_cmp2_646'
  Processing 'fp16_add_34_DW01_ash_0_DW01_ash_258'
  Processing 'fp16_add_34_DW01_inc_1_DW01_inc_305'
  Processing 'fp16_add_34_DW01_sub_1_DW01_sub_538'
  Processing 'fp16_add_34_DW01_add_1_DW01_add_321'
  Processing 'fp16_add_34_DW01_ash_1_DW01_ash_259'
  Processing 'fp16_add_34_DW01_sub_2_DW01_sub_539'
  Processing 'fp16_add_34_DW_rash_0_DW_rash_129'
  Processing 'fp16_add_34_DW01_cmp2_1_DW01_cmp2_647'
  Processing 'fp16_add_34_DW01_sub_3_DW01_sub_540'
  Processing 'fp16_add_34_DW01_cmp2_2_DW01_cmp2_648'
  Processing 'fp16_add_35_DW01_inc_0_DW01_inc_306'
  Processing 'fp16_add_35_DW01_add_0_DW01_add_322'
  Processing 'fp16_add_35_DW01_sub_0_DW01_sub_541'
  Processing 'fp16_add_35_DW01_cmp2_0_DW01_cmp2_649'
  Processing 'fp16_add_35_DW01_ash_0_DW01_ash_260'
  Processing 'fp16_add_35_DW01_inc_1_DW01_inc_307'
  Processing 'fp16_add_35_DW01_sub_1_DW01_sub_542'
  Processing 'fp16_add_35_DW01_add_1_DW01_add_323'
  Processing 'fp16_add_35_DW01_ash_1_DW01_ash_261'
  Processing 'fp16_add_35_DW01_sub_2_DW01_sub_543'
  Processing 'fp16_add_35_DW_rash_0_DW_rash_130'
  Processing 'fp16_add_35_DW01_cmp2_1_DW01_cmp2_650'
  Processing 'fp16_add_35_DW01_sub_3_DW01_sub_544'
  Processing 'fp16_add_35_DW01_cmp2_2_DW01_cmp2_651'
  Processing 'fp16_add_36_DW01_inc_0_DW01_inc_308'
  Processing 'fp16_add_36_DW01_add_0_DW01_add_324'
  Processing 'fp16_add_36_DW01_sub_0_DW01_sub_545'
  Processing 'fp16_add_36_DW01_cmp2_0_DW01_cmp2_652'
  Processing 'fp16_add_36_DW01_ash_0_DW01_ash_262'
  Processing 'fp16_add_36_DW01_inc_1_DW01_inc_309'
  Processing 'fp16_add_36_DW01_sub_1_DW01_sub_546'
  Processing 'fp16_add_36_DW01_add_1_DW01_add_325'
  Processing 'fp16_add_36_DW01_ash_1_DW01_ash_263'
  Processing 'fp16_add_36_DW01_sub_2_DW01_sub_547'
  Processing 'fp16_add_36_DW_rash_0_DW_rash_131'
  Processing 'fp16_add_36_DW01_cmp2_1_DW01_cmp2_653'
  Processing 'fp16_add_36_DW01_sub_3_DW01_sub_548'
  Processing 'fp16_add_36_DW01_cmp2_2_DW01_cmp2_654'
  Processing 'fp16_mult_1_DW01_cmp2_0_DW01_cmp2_655'
  Processing 'fp16_mult_1_DW01_cmp2_1_DW01_cmp2_656'
  Processing 'fp16_mult_1_DW01_inc_0_DW01_inc_310'
  Processing 'fp16_mult_1_DW01_add_0_DW01_add_326'
  Processing 'fp16_mult_2_DW01_cmp2_0_DW01_cmp2_657'
  Processing 'fp16_mult_2_DW01_cmp2_1_DW01_cmp2_658'
  Processing 'fp16_mult_2_DW01_inc_0_DW01_inc_311'
  Processing 'fp16_mult_2_DW01_add_0_DW01_add_327'
  Processing 'fp16_mult_3_DW01_cmp2_0_DW01_cmp2_659'
  Processing 'fp16_mult_3_DW01_cmp2_1_DW01_cmp2_660'
  Processing 'fp16_mult_3_DW01_inc_0_DW01_inc_312'
  Processing 'fp16_mult_3_DW01_add_0_DW01_add_328'
  Processing 'fp16_mult_4_DW01_cmp2_0_DW01_cmp2_661'
  Processing 'fp16_mult_4_DW01_cmp2_1_DW01_cmp2_662'
  Processing 'fp16_mult_4_DW01_inc_0_DW01_inc_313'
  Processing 'fp16_mult_4_DW01_add_0_DW01_add_329'
  Processing 'fp16_mult_5_DW01_cmp2_0_DW01_cmp2_663'
  Processing 'fp16_mult_5_DW01_cmp2_1_DW01_cmp2_664'
  Processing 'fp16_mult_5_DW01_inc_0_DW01_inc_314'
  Processing 'fp16_mult_5_DW01_add_0_DW01_add_330'
  Processing 'fp16_mult_6_DW01_cmp2_0_DW01_cmp2_665'
  Processing 'fp16_mult_6_DW01_cmp2_1_DW01_cmp2_666'
  Processing 'fp16_mult_6_DW01_inc_0_DW01_inc_315'
  Processing 'fp16_mult_6_DW01_add_0_DW01_add_331'
  Processing 'fp16_mult_7_DW01_cmp2_0_DW01_cmp2_667'
  Processing 'fp16_mult_7_DW01_cmp2_1_DW01_cmp2_668'
  Processing 'fp16_mult_7_DW01_inc_0_DW01_inc_316'
  Processing 'fp16_mult_7_DW01_add_0_DW01_add_332'
  Processing 'fp16_mult_8_DW01_cmp2_0_DW01_cmp2_669'
  Processing 'fp16_mult_8_DW01_cmp2_1_DW01_cmp2_670'
  Processing 'fp16_mult_8_DW01_inc_0_DW01_inc_317'
  Processing 'fp16_mult_8_DW01_add_0_DW01_add_333'
  Processing 'fp16_mult_9_DW01_cmp2_0_DW01_cmp2_671'
  Processing 'fp16_mult_9_DW01_cmp2_1_DW01_cmp2_672'
  Processing 'fp16_mult_9_DW01_inc_0_DW01_inc_318'
  Processing 'fp16_mult_9_DW01_add_0_DW01_add_334'
  Processing 'fp16_mult_10_DW01_cmp2_0_DW01_cmp2_673'
  Processing 'fp16_mult_10_DW01_cmp2_1_DW01_cmp2_674'
  Processing 'fp16_mult_10_DW01_inc_0_DW01_inc_319'
  Processing 'fp16_mult_10_DW01_add_0_DW01_add_335'
  Processing 'fp16_mult_11_DW01_cmp2_0_DW01_cmp2_675'
  Processing 'fp16_mult_11_DW01_cmp2_1_DW01_cmp2_676'
  Processing 'fp16_mult_11_DW01_inc_0_DW01_inc_320'
  Processing 'fp16_mult_11_DW01_add_0_DW01_add_336'
  Processing 'fp16_mult_12_DW01_cmp2_0_DW01_cmp2_677'
  Processing 'fp16_mult_12_DW01_cmp2_1_DW01_cmp2_678'
  Processing 'fp16_mult_12_DW01_inc_0_DW01_inc_321'
  Processing 'fp16_mult_12_DW01_add_0_DW01_add_337'
  Processing 'fp16_mult_13_DW01_cmp2_0_DW01_cmp2_679'
  Processing 'fp16_mult_13_DW01_cmp2_1_DW01_cmp2_680'
  Processing 'fp16_mult_13_DW01_inc_0_DW01_inc_322'
  Processing 'fp16_mult_13_DW01_add_0_DW01_add_338'
  Processing 'fp16_mult_14_DW01_cmp2_0_DW01_cmp2_681'
  Processing 'fp16_mult_14_DW01_cmp2_1_DW01_cmp2_682'
  Processing 'fp16_mult_14_DW01_inc_0_DW01_inc_323'
  Processing 'fp16_mult_14_DW01_add_0_DW01_add_339'
  Processing 'fp16_mult_15_DW01_cmp2_0_DW01_cmp2_683'
  Processing 'fp16_mult_15_DW01_cmp2_1_DW01_cmp2_684'
  Processing 'fp16_mult_15_DW01_inc_0_DW01_inc_324'
  Processing 'fp16_mult_15_DW01_add_0_DW01_add_340'
  Processing 'fp16_mult_16_DW01_cmp2_0_DW01_cmp2_685'
  Processing 'fp16_mult_16_DW01_cmp2_1_DW01_cmp2_686'
  Processing 'fp16_mult_16_DW01_inc_0_DW01_inc_325'
  Processing 'fp16_mult_16_DW01_add_0_DW01_add_341'
  Processing 'fp16_add_37_DW01_inc_0_DW01_inc_326'
  Processing 'fp16_add_37_DW01_add_0_DW01_add_342'
  Processing 'fp16_add_37_DW01_sub_0_DW01_sub_549'
  Processing 'fp16_add_37_DW01_cmp2_0_DW01_cmp2_687'
  Processing 'fp16_add_37_DW01_ash_0_DW01_ash_264'
  Processing 'fp16_add_37_DW01_inc_1_DW01_inc_327'
  Processing 'fp16_add_37_DW01_sub_1_DW01_sub_550'
  Processing 'fp16_add_37_DW01_add_1_DW01_add_343'
  Processing 'fp16_add_37_DW01_ash_1_DW01_ash_265'
  Processing 'fp16_add_37_DW01_sub_2_DW01_sub_551'
  Processing 'fp16_add_37_DW_rash_0_DW_rash_132'
  Processing 'fp16_add_37_DW01_cmp2_1_DW01_cmp2_688'
  Processing 'fp16_add_37_DW01_sub_3_DW01_sub_552'
  Processing 'fp16_add_37_DW01_cmp2_2_DW01_cmp2_689'
  Processing 'fp16_add_38_DW01_inc_0_DW01_inc_328'
  Processing 'fp16_add_38_DW01_add_0_DW01_add_344'
  Processing 'fp16_add_38_DW01_sub_0_DW01_sub_553'
  Processing 'fp16_add_38_DW01_cmp2_0_DW01_cmp2_690'
  Processing 'fp16_add_38_DW01_ash_0_DW01_ash_266'
  Processing 'fp16_add_38_DW01_inc_1_DW01_inc_329'
  Processing 'fp16_add_38_DW01_sub_1_DW01_sub_554'
  Processing 'fp16_add_38_DW01_add_1_DW01_add_345'
  Processing 'fp16_add_38_DW01_ash_1_DW01_ash_267'
  Processing 'fp16_add_38_DW01_sub_2_DW01_sub_555'
  Processing 'fp16_add_38_DW_rash_0_DW_rash_133'
  Processing 'fp16_add_38_DW01_cmp2_1_DW01_cmp2_691'
  Processing 'fp16_add_38_DW01_sub_3_DW01_sub_556'
  Processing 'fp16_add_38_DW01_cmp2_2_DW01_cmp2_692'
  Processing 'fp16_add_39_DW01_inc_0_DW01_inc_330'
  Processing 'fp16_add_39_DW01_add_0_DW01_add_346'
  Processing 'fp16_add_39_DW01_sub_0_DW01_sub_557'
  Processing 'fp16_add_39_DW01_cmp2_0_DW01_cmp2_693'
  Processing 'fp16_add_39_DW01_ash_0_DW01_ash_268'
  Processing 'fp16_add_39_DW01_inc_1_DW01_inc_331'
  Processing 'fp16_add_39_DW01_sub_1_DW01_sub_558'
  Processing 'fp16_add_39_DW01_add_1_DW01_add_347'
  Processing 'fp16_add_39_DW01_ash_1_DW01_ash_269'
  Processing 'fp16_add_39_DW01_sub_2_DW01_sub_559'
  Processing 'fp16_add_39_DW_rash_0_DW_rash_134'
  Processing 'fp16_add_39_DW01_cmp2_1_DW01_cmp2_694'
  Processing 'fp16_add_39_DW01_sub_3_DW01_sub_560'
  Processing 'fp16_add_39_DW01_cmp2_2_DW01_cmp2_695'
  Processing 'fp16_add_40_DW01_inc_0_DW01_inc_332'
  Processing 'fp16_add_40_DW01_add_0_DW01_add_348'
  Processing 'fp16_add_40_DW01_sub_0_DW01_sub_561'
  Processing 'fp16_add_40_DW01_cmp2_0_DW01_cmp2_696'
  Processing 'fp16_add_40_DW01_ash_0_DW01_ash_270'
  Processing 'fp16_add_40_DW01_inc_1_DW01_inc_333'
  Processing 'fp16_add_40_DW01_sub_1_DW01_sub_562'
  Processing 'fp16_add_40_DW01_add_1_DW01_add_349'
  Processing 'fp16_add_40_DW01_ash_1_DW01_ash_271'
  Processing 'fp16_add_40_DW01_sub_2_DW01_sub_563'
  Processing 'fp16_add_40_DW_rash_0_DW_rash_135'
  Processing 'fp16_add_40_DW01_cmp2_1_DW01_cmp2_697'
  Processing 'fp16_add_40_DW01_sub_3_DW01_sub_564'
  Processing 'fp16_add_40_DW01_cmp2_2_DW01_cmp2_698'
  Processing 'fp16_add_41_DW01_inc_0_DW01_inc_334'
  Processing 'fp16_add_41_DW01_add_0_DW01_add_350'
  Processing 'fp16_add_41_DW01_sub_0_DW01_sub_565'
  Processing 'fp16_add_41_DW01_cmp2_0_DW01_cmp2_699'
  Processing 'fp16_add_41_DW01_ash_0_DW01_ash_272'
  Processing 'fp16_add_41_DW01_inc_1_DW01_inc_335'
  Processing 'fp16_add_41_DW01_sub_1_DW01_sub_566'
  Processing 'fp16_add_41_DW01_add_1_DW01_add_351'
  Processing 'fp16_add_41_DW01_ash_1_DW01_ash_273'
  Processing 'fp16_add_41_DW01_sub_2_DW01_sub_567'
  Processing 'fp16_add_41_DW_rash_0_DW_rash_136'
  Processing 'fp16_add_41_DW01_cmp2_1_DW01_cmp2_700'
  Processing 'fp16_add_41_DW01_sub_3_DW01_sub_568'
  Processing 'fp16_add_41_DW01_cmp2_2_DW01_cmp2_701'
  Processing 'fp16_add_42_DW01_inc_0_DW01_inc_336'
  Processing 'fp16_add_42_DW01_add_0_DW01_add_352'
  Processing 'fp16_add_42_DW01_sub_0_DW01_sub_569'
  Processing 'fp16_add_42_DW01_cmp2_0_DW01_cmp2_702'
  Processing 'fp16_add_42_DW01_ash_0_DW01_ash_274'
  Processing 'fp16_add_42_DW01_inc_1_DW01_inc_337'
  Processing 'fp16_add_42_DW01_sub_1_DW01_sub_570'
  Processing 'fp16_add_42_DW01_add_1_DW01_add_353'
  Processing 'fp16_add_42_DW01_ash_1_DW01_ash_275'
  Processing 'fp16_add_42_DW01_sub_2_DW01_sub_571'
  Processing 'fp16_add_42_DW_rash_0_DW_rash_137'
  Processing 'fp16_add_42_DW01_cmp2_1_DW01_cmp2_703'
  Processing 'fp16_add_42_DW01_sub_3_DW01_sub_572'
  Processing 'fp16_add_42_DW01_cmp2_2_DW01_cmp2_704'
  Processing 'fp16_add_43_DW01_inc_0_DW01_inc_338'
  Processing 'fp16_add_43_DW01_add_0_DW01_add_354'
  Processing 'fp16_add_43_DW01_sub_0_DW01_sub_573'
  Processing 'fp16_add_43_DW01_cmp2_0_DW01_cmp2_705'
  Processing 'fp16_add_43_DW01_ash_0_DW01_ash_276'
  Processing 'fp16_add_43_DW01_inc_1_DW01_inc_339'
  Processing 'fp16_add_43_DW01_sub_1_DW01_sub_574'
  Processing 'fp16_add_43_DW01_add_1_DW01_add_355'
  Processing 'fp16_add_43_DW01_ash_1_DW01_ash_277'
  Processing 'fp16_add_43_DW01_sub_2_DW01_sub_575'
  Processing 'fp16_add_43_DW_rash_0_DW_rash_138'
  Processing 'fp16_add_43_DW01_cmp2_1_DW01_cmp2_706'
  Processing 'fp16_add_43_DW01_sub_3_DW01_sub_576'
  Processing 'fp16_add_43_DW01_cmp2_2_DW01_cmp2_707'
  Processing 'fp16_add_44_DW01_inc_0_DW01_inc_340'
  Processing 'fp16_add_44_DW01_add_0_DW01_add_356'
  Processing 'fp16_add_44_DW01_sub_0_DW01_sub_577'
  Processing 'fp16_add_44_DW01_cmp2_0_DW01_cmp2_708'
  Processing 'fp16_add_44_DW01_ash_0_DW01_ash_278'
  Processing 'fp16_add_44_DW01_inc_1_DW01_inc_341'
  Processing 'fp16_add_44_DW01_sub_1_DW01_sub_578'
  Processing 'fp16_add_44_DW01_add_1_DW01_add_357'
  Processing 'fp16_add_44_DW01_ash_1_DW01_ash_279'
  Processing 'fp16_add_44_DW01_sub_2_DW01_sub_579'
  Processing 'fp16_add_44_DW_rash_0_DW_rash_139'
  Processing 'fp16_add_44_DW01_cmp2_1_DW01_cmp2_709'
  Processing 'fp16_add_44_DW01_sub_3_DW01_sub_580'
  Processing 'fp16_add_44_DW01_cmp2_2_DW01_cmp2_710'
  Processing 'fp16_add_45_DW01_inc_0_DW01_inc_342'
  Processing 'fp16_add_45_DW01_add_0_DW01_add_358'
  Processing 'fp16_add_45_DW01_sub_0_DW01_sub_581'
  Processing 'fp16_add_45_DW01_cmp2_0_DW01_cmp2_711'
  Processing 'fp16_add_45_DW01_ash_0_DW01_ash_280'
  Processing 'fp16_add_45_DW01_inc_1_DW01_inc_343'
  Processing 'fp16_add_45_DW01_sub_1_DW01_sub_582'
  Processing 'fp16_add_45_DW01_add_1_DW01_add_359'
  Processing 'fp16_add_45_DW01_ash_1_DW01_ash_281'
  Processing 'fp16_add_45_DW01_sub_2_DW01_sub_583'
  Processing 'fp16_add_45_DW_rash_0_DW_rash_140'
  Processing 'fp16_add_45_DW01_cmp2_1_DW01_cmp2_712'
  Processing 'fp16_add_45_DW01_sub_3_DW01_sub_584'
  Processing 'fp16_add_45_DW01_cmp2_2_DW01_cmp2_713'
  Processing 'fp16_add_46_DW01_inc_0_DW01_inc_344'
  Processing 'fp16_add_46_DW01_add_0_DW01_add_360'
  Processing 'fp16_add_46_DW01_sub_0_DW01_sub_585'
  Processing 'fp16_add_46_DW01_cmp2_0_DW01_cmp2_714'
  Processing 'fp16_add_46_DW01_ash_0_DW01_ash_282'
  Processing 'fp16_add_46_DW01_inc_1_DW01_inc_345'
  Processing 'fp16_add_46_DW01_sub_1_DW01_sub_586'
  Processing 'fp16_add_46_DW01_add_1_DW01_add_361'
  Processing 'fp16_add_46_DW01_ash_1_DW01_ash_283'
  Processing 'fp16_add_46_DW01_sub_2_DW01_sub_587'
  Processing 'fp16_add_46_DW_rash_0_DW_rash_141'
  Processing 'fp16_add_46_DW01_cmp2_1_DW01_cmp2_715'
  Processing 'fp16_add_46_DW01_sub_3_DW01_sub_588'
  Processing 'fp16_add_46_DW01_cmp2_2_DW01_cmp2_716'
  Processing 'fp16_add_47_DW01_inc_0_DW01_inc_346'
  Processing 'fp16_add_47_DW01_add_0_DW01_add_362'
  Processing 'fp16_add_47_DW01_sub_0_DW01_sub_589'
  Processing 'fp16_add_47_DW01_cmp2_0_DW01_cmp2_717'
  Processing 'fp16_add_47_DW01_ash_0_DW01_ash_284'
  Processing 'fp16_add_47_DW01_inc_1_DW01_inc_347'
  Processing 'fp16_add_47_DW01_sub_1_DW01_sub_590'
  Processing 'fp16_add_47_DW01_add_1_DW01_add_363'
  Processing 'fp16_add_47_DW01_ash_1_DW01_ash_285'
  Processing 'fp16_add_47_DW01_sub_2_DW01_sub_591'
  Processing 'fp16_add_47_DW_rash_0_DW_rash_142'
  Processing 'fp16_add_47_DW01_cmp2_1_DW01_cmp2_718'
  Processing 'fp16_add_47_DW01_sub_3_DW01_sub_592'
  Processing 'fp16_add_47_DW01_cmp2_2_DW01_cmp2_719'
  Processing 'fp16_add_48_DW01_inc_0_DW01_inc_348'
  Processing 'fp16_add_48_DW01_add_0_DW01_add_364'
  Processing 'fp16_add_48_DW01_sub_0_DW01_sub_593'
  Processing 'fp16_add_48_DW01_cmp2_0_DW01_cmp2_720'
  Processing 'fp16_add_48_DW01_ash_0_DW01_ash_286'
  Processing 'fp16_add_48_DW01_inc_1_DW01_inc_349'
  Processing 'fp16_add_48_DW01_sub_1_DW01_sub_594'
  Processing 'fp16_add_48_DW01_add_1_DW01_add_365'
  Processing 'fp16_add_48_DW01_ash_1_DW01_ash_287'
  Processing 'fp16_add_48_DW01_sub_2_DW01_sub_595'
  Processing 'fp16_add_48_DW_rash_0_DW_rash_143'
  Processing 'fp16_add_48_DW01_cmp2_1_DW01_cmp2_721'
  Processing 'fp16_add_48_DW01_sub_3_DW01_sub_596'
  Processing 'fp16_add_48_DW01_cmp2_2_DW01_cmp2_722'
  Processing 'fp16_add_49_DW01_inc_0_DW01_inc_350'
  Processing 'fp16_add_49_DW01_add_0_DW01_add_366'
  Processing 'fp16_add_49_DW01_sub_0_DW01_sub_597'
  Processing 'fp16_add_49_DW01_cmp2_0_DW01_cmp2_723'
  Processing 'fp16_add_49_DW01_ash_0_DW01_ash_288'
  Processing 'fp16_add_49_DW01_inc_1_DW01_inc_351'
  Processing 'fp16_add_49_DW01_sub_1_DW01_sub_598'
  Processing 'fp16_add_49_DW01_add_1_DW01_add_367'
  Processing 'fp16_add_49_DW01_ash_1_DW01_ash_289'
  Processing 'fp16_add_49_DW01_sub_2_DW01_sub_599'
  Processing 'fp16_add_49_DW_rash_0_DW_rash_144'
  Processing 'fp16_add_49_DW01_cmp2_1_DW01_cmp2_724'
  Processing 'fp16_add_49_DW01_sub_3_DW01_sub_600'
  Processing 'fp16_add_49_DW01_cmp2_2_DW01_cmp2_725'
  Processing 'fp16_add_50_DW01_inc_0_DW01_inc_352'
  Processing 'fp16_add_50_DW01_add_0_DW01_add_368'
  Processing 'fp16_add_50_DW01_sub_0_DW01_sub_601'
  Processing 'fp16_add_50_DW01_cmp2_0_DW01_cmp2_726'
  Processing 'fp16_add_50_DW01_ash_0_DW01_ash_290'
  Processing 'fp16_add_50_DW01_inc_1_DW01_inc_353'
  Processing 'fp16_add_50_DW01_sub_1_DW01_sub_602'
  Processing 'fp16_add_50_DW01_add_1_DW01_add_369'
  Processing 'fp16_add_50_DW01_ash_1_DW01_ash_291'
  Processing 'fp16_add_50_DW01_sub_2_DW01_sub_603'
  Processing 'fp16_add_50_DW_rash_0_DW_rash_145'
  Processing 'fp16_add_50_DW01_cmp2_1_DW01_cmp2_727'
  Processing 'fp16_add_50_DW01_sub_3_DW01_sub_604'
  Processing 'fp16_add_50_DW01_cmp2_2_DW01_cmp2_728'
  Processing 'fp16_add_51_DW01_inc_0_DW01_inc_354'
  Processing 'fp16_add_51_DW01_add_0_DW01_add_370'
  Processing 'fp16_add_51_DW01_sub_0_DW01_sub_605'
  Processing 'fp16_add_51_DW01_cmp2_0_DW01_cmp2_729'
  Processing 'fp16_add_51_DW01_ash_0_DW01_ash_292'
  Processing 'fp16_add_51_DW01_inc_1_DW01_inc_355'
  Processing 'fp16_add_51_DW01_sub_1_DW01_sub_606'
  Processing 'fp16_add_51_DW01_add_1_DW01_add_371'
  Processing 'fp16_add_51_DW01_ash_1_DW01_ash_293'
  Processing 'fp16_add_51_DW01_sub_2_DW01_sub_607'
  Processing 'fp16_add_51_DW_rash_0_DW_rash_146'
  Processing 'fp16_add_51_DW01_cmp2_1_DW01_cmp2_730'
  Processing 'fp16_add_51_DW01_sub_3_DW01_sub_608'
  Processing 'fp16_add_51_DW01_cmp2_2_DW01_cmp2_731'
  Processing 'fp16_add_52_DW01_inc_0_DW01_inc_356'
  Processing 'fp16_add_52_DW01_add_0_DW01_add_372'
  Processing 'fp16_add_52_DW01_sub_0_DW01_sub_609'
  Processing 'fp16_add_52_DW01_cmp2_0_DW01_cmp2_732'
  Processing 'fp16_add_52_DW01_ash_0_DW01_ash_294'
  Processing 'fp16_add_52_DW01_inc_1_DW01_inc_357'
  Processing 'fp16_add_52_DW01_sub_1_DW01_sub_610'
  Processing 'fp16_add_52_DW01_add_1_DW01_add_373'
  Processing 'fp16_add_52_DW01_ash_1_DW01_ash_295'
  Processing 'fp16_add_52_DW01_sub_2_DW01_sub_611'
  Processing 'fp16_add_52_DW_rash_0_DW_rash_147'
  Processing 'fp16_add_52_DW01_cmp2_1_DW01_cmp2_733'
  Processing 'fp16_add_52_DW01_sub_3_DW01_sub_612'
  Processing 'fp16_add_52_DW01_cmp2_2_DW01_cmp2_734'
  Processing 'fp16_add_53_DW01_inc_0_DW01_inc_358'
  Processing 'fp16_add_53_DW01_add_0_DW01_add_374'
  Processing 'fp16_add_53_DW01_sub_0_DW01_sub_613'
  Processing 'fp16_add_53_DW01_cmp2_0_DW01_cmp2_735'
  Processing 'fp16_add_53_DW01_ash_0_DW01_ash_296'
  Processing 'fp16_add_53_DW01_inc_1_DW01_inc_359'
  Processing 'fp16_add_53_DW01_sub_1_DW01_sub_614'
  Processing 'fp16_add_53_DW01_add_1_DW01_add_375'
  Processing 'fp16_add_53_DW01_ash_1_DW01_ash_297'
  Processing 'fp16_add_53_DW01_sub_2_DW01_sub_615'
  Processing 'fp16_add_53_DW_rash_0_DW_rash_148'
  Processing 'fp16_add_53_DW01_cmp2_1_DW01_cmp2_736'
  Processing 'fp16_add_53_DW01_sub_3_DW01_sub_616'
  Processing 'fp16_add_53_DW01_cmp2_2_DW01_cmp2_737'
  Processing 'fp16_add_54_DW01_inc_0_DW01_inc_360'
  Processing 'fp16_add_54_DW01_add_0_DW01_add_376'
  Processing 'fp16_add_54_DW01_sub_0_DW01_sub_617'
  Processing 'fp16_add_54_DW01_cmp2_0_DW01_cmp2_738'
  Processing 'fp16_add_54_DW01_ash_0_DW01_ash_298'
  Processing 'fp16_add_54_DW01_inc_1_DW01_inc_361'
  Processing 'fp16_add_54_DW01_sub_1_DW01_sub_618'
  Processing 'fp16_add_54_DW01_add_1_DW01_add_377'
  Processing 'fp16_add_54_DW01_ash_1_DW01_ash_299'
  Processing 'fp16_add_54_DW01_sub_2_DW01_sub_619'
  Processing 'fp16_add_54_DW_rash_0_DW_rash_149'
  Processing 'fp16_add_54_DW01_cmp2_1_DW01_cmp2_739'
  Processing 'fp16_add_54_DW01_sub_3_DW01_sub_620'
  Processing 'fp16_add_54_DW01_cmp2_2_DW01_cmp2_740'
  Processing 'fp16_add_55_DW01_inc_0_DW01_inc_362'
  Processing 'fp16_add_55_DW01_add_0_DW01_add_378'
  Processing 'fp16_add_55_DW01_sub_0_DW01_sub_621'
  Processing 'fp16_add_55_DW01_cmp2_0_DW01_cmp2_741'
  Processing 'fp16_add_55_DW01_ash_0_DW01_ash_300'
  Processing 'fp16_add_55_DW01_inc_1_DW01_inc_363'
  Processing 'fp16_add_55_DW01_sub_1_DW01_sub_622'
  Processing 'fp16_add_55_DW01_add_1_DW01_add_379'
  Processing 'fp16_add_55_DW01_ash_1_DW01_ash_301'
  Processing 'fp16_add_55_DW01_sub_2_DW01_sub_623'
  Processing 'fp16_add_55_DW_rash_0_DW_rash_150'
  Processing 'fp16_add_55_DW01_cmp2_1_DW01_cmp2_742'
  Processing 'fp16_add_55_DW01_sub_3_DW01_sub_624'
  Processing 'fp16_add_55_DW01_cmp2_2_DW01_cmp2_743'
  Processing 'fp16_add_56_DW01_inc_0_DW01_inc_364'
  Processing 'fp16_add_56_DW01_add_0_DW01_add_380'
  Processing 'fp16_add_56_DW01_sub_0_DW01_sub_625'
  Processing 'fp16_add_56_DW01_cmp2_0_DW01_cmp2_744'
  Processing 'fp16_add_56_DW01_ash_0_DW01_ash_302'
  Processing 'fp16_add_56_DW01_inc_1_DW01_inc_365'
  Processing 'fp16_add_56_DW01_sub_1_DW01_sub_626'
  Processing 'fp16_add_56_DW01_add_1_DW01_add_381'
  Processing 'fp16_add_56_DW01_ash_1_DW01_ash_303'
  Processing 'fp16_add_56_DW01_sub_2_DW01_sub_627'
  Processing 'fp16_add_56_DW_rash_0_DW_rash_151'
  Processing 'fp16_add_56_DW01_cmp2_1_DW01_cmp2_745'
  Processing 'fp16_add_56_DW01_sub_3_DW01_sub_628'
  Processing 'fp16_add_56_DW01_cmp2_2_DW01_cmp2_746'
  Processing 'fp16_add_57_DW01_inc_0_DW01_inc_366'
  Processing 'fp16_add_57_DW01_add_0_DW01_add_382'
  Processing 'fp16_add_57_DW01_sub_0_DW01_sub_629'
  Processing 'fp16_add_57_DW01_cmp2_0_DW01_cmp2_747'
  Processing 'fp16_add_57_DW01_ash_0_DW01_ash_304'
  Processing 'fp16_add_57_DW01_inc_1_DW01_inc_367'
  Processing 'fp16_add_57_DW01_sub_1_DW01_sub_630'
  Processing 'fp16_add_57_DW01_add_1_DW01_add_383'
  Processing 'fp16_add_57_DW01_ash_1_DW01_ash_305'
  Processing 'fp16_add_57_DW01_sub_2_DW01_sub_631'
  Processing 'fp16_add_57_DW_rash_0_DW_rash_152'
  Processing 'fp16_add_57_DW01_cmp2_1_DW01_cmp2_748'
  Processing 'fp16_add_57_DW01_sub_3_DW01_sub_632'
  Processing 'fp16_add_57_DW01_cmp2_2_DW01_cmp2_749'
  Processing 'fp16_add_58_DW01_inc_0_DW01_inc_368'
  Processing 'fp16_add_58_DW01_add_0_DW01_add_384'
  Processing 'fp16_add_58_DW01_sub_0_DW01_sub_633'
  Processing 'fp16_add_58_DW01_cmp2_0_DW01_cmp2_750'
  Processing 'fp16_add_58_DW01_ash_0_DW01_ash_306'
  Processing 'fp16_add_58_DW01_inc_1_DW01_inc_369'
  Processing 'fp16_add_58_DW01_sub_1_DW01_sub_634'
  Processing 'fp16_add_58_DW01_add_1_DW01_add_385'
  Processing 'fp16_add_58_DW01_ash_1_DW01_ash_307'
  Processing 'fp16_add_58_DW01_sub_2_DW01_sub_635'
  Processing 'fp16_add_58_DW_rash_0_DW_rash_153'
  Processing 'fp16_add_58_DW01_cmp2_1_DW01_cmp2_751'
  Processing 'fp16_add_58_DW01_sub_3_DW01_sub_636'
  Processing 'fp16_add_58_DW01_cmp2_2_DW01_cmp2_752'
  Processing 'fp16_add_59_DW01_inc_0_DW01_inc_370'
  Processing 'fp16_add_59_DW01_add_0_DW01_add_386'
  Processing 'fp16_add_59_DW01_sub_0_DW01_sub_637'
  Processing 'fp16_add_59_DW01_cmp2_0_DW01_cmp2_753'
  Processing 'fp16_add_59_DW01_ash_0_DW01_ash_308'
  Processing 'fp16_add_59_DW01_inc_1_DW01_inc_371'
  Processing 'fp16_add_59_DW01_sub_1_DW01_sub_638'
  Processing 'fp16_add_59_DW01_add_1_DW01_add_387'
  Processing 'fp16_add_59_DW01_ash_1_DW01_ash_309'
  Processing 'fp16_add_59_DW01_sub_2_DW01_sub_639'
  Processing 'fp16_add_59_DW_rash_0_DW_rash_154'
  Processing 'fp16_add_59_DW01_cmp2_1_DW01_cmp2_754'
  Processing 'fp16_add_59_DW01_sub_3_DW01_sub_640'
  Processing 'fp16_add_59_DW01_cmp2_2_DW01_cmp2_755'
  Processing 'fp16_add_60_DW01_inc_0_DW01_inc_372'
  Processing 'fp16_add_60_DW01_add_0_DW01_add_388'
  Processing 'fp16_add_60_DW01_sub_0_DW01_sub_641'
  Processing 'fp16_add_60_DW01_cmp2_0_DW01_cmp2_756'
  Processing 'fp16_add_60_DW01_ash_0_DW01_ash_310'
  Processing 'fp16_add_60_DW01_inc_1_DW01_inc_373'
  Processing 'fp16_add_60_DW01_sub_1_DW01_sub_642'
  Processing 'fp16_add_60_DW01_add_1_DW01_add_389'
  Processing 'fp16_add_60_DW01_ash_1_DW01_ash_311'
  Processing 'fp16_add_60_DW01_sub_2_DW01_sub_643'
  Processing 'fp16_add_60_DW_rash_0_DW_rash_155'
  Processing 'fp16_add_60_DW01_cmp2_1_DW01_cmp2_757'
  Processing 'fp16_add_60_DW01_sub_3_DW01_sub_644'
  Processing 'fp16_add_60_DW01_cmp2_2_DW01_cmp2_758'
  Processing 'fp16_add_61_DW01_inc_0_DW01_inc_374'
  Processing 'fp16_add_61_DW01_add_0_DW01_add_390'
  Processing 'fp16_add_61_DW01_sub_0_DW01_sub_645'
  Processing 'fp16_add_61_DW01_cmp2_0_DW01_cmp2_759'
  Processing 'fp16_add_61_DW01_ash_0_DW01_ash_312'
  Processing 'fp16_add_61_DW01_inc_1_DW01_inc_375'
  Processing 'fp16_add_61_DW01_sub_1_DW01_sub_646'
  Processing 'fp16_add_61_DW01_add_1_DW01_add_391'
  Processing 'fp16_add_61_DW01_ash_1_DW01_ash_313'
  Processing 'fp16_add_61_DW01_sub_2_DW01_sub_647'
  Processing 'fp16_add_61_DW_rash_0_DW_rash_156'
  Processing 'fp16_add_61_DW01_cmp2_1_DW01_cmp2_760'
  Processing 'fp16_add_61_DW01_sub_3_DW01_sub_648'
  Processing 'fp16_add_61_DW01_cmp2_2_DW01_cmp2_761'
  Processing 'fp16_add_62_DW01_inc_0_DW01_inc_376'
  Processing 'fp16_add_62_DW01_add_0_DW01_add_392'
  Processing 'fp16_add_62_DW01_sub_0_DW01_sub_649'
  Processing 'fp16_add_62_DW01_cmp2_0_DW01_cmp2_762'
  Processing 'fp16_add_62_DW01_ash_0_DW01_ash_314'
  Processing 'fp16_add_62_DW01_inc_1_DW01_inc_377'
  Processing 'fp16_add_62_DW01_sub_1_DW01_sub_650'
  Processing 'fp16_add_62_DW01_add_1_DW01_add_393'
  Processing 'fp16_add_62_DW01_ash_1_DW01_ash_315'
  Processing 'fp16_add_62_DW01_sub_2_DW01_sub_651'
  Processing 'fp16_add_62_DW_rash_0_DW_rash_157'
  Processing 'fp16_add_62_DW01_cmp2_1_DW01_cmp2_763'
  Processing 'fp16_add_62_DW01_sub_3_DW01_sub_652'
  Processing 'fp16_add_62_DW01_cmp2_2_DW01_cmp2_764'
  Processing 'fp16_add_63_DW01_inc_0_DW01_inc_378'
  Processing 'fp16_add_63_DW01_add_0_DW01_add_394'
  Processing 'fp16_add_63_DW01_sub_0_DW01_sub_653'
  Processing 'fp16_add_63_DW01_cmp2_0_DW01_cmp2_765'
  Processing 'fp16_add_63_DW01_ash_0_DW01_ash_316'
  Processing 'fp16_add_63_DW01_inc_1_DW01_inc_379'
  Processing 'fp16_add_63_DW01_sub_1_DW01_sub_654'
  Processing 'fp16_add_63_DW01_add_1_DW01_add_395'
  Processing 'fp16_add_63_DW01_ash_1_DW01_ash_317'
  Processing 'fp16_add_63_DW01_sub_2_DW01_sub_655'
  Processing 'fp16_add_63_DW_rash_0_DW_rash_158'
  Processing 'fp16_add_63_DW01_cmp2_1_DW01_cmp2_766'
  Processing 'fp16_add_63_DW01_sub_3_DW01_sub_656'
  Processing 'fp16_add_63_DW01_cmp2_2_DW01_cmp2_767'
  Processing 'fp16_add_64_DW01_inc_0_DW01_inc_380'
  Processing 'fp16_add_64_DW01_add_0_DW01_add_396'
  Processing 'fp16_add_64_DW01_sub_0_DW01_sub_657'
  Processing 'fp16_add_64_DW01_cmp2_0_DW01_cmp2_768'
  Processing 'fp16_add_64_DW01_ash_0_DW01_ash_318'
  Processing 'fp16_add_64_DW01_inc_1_DW01_inc_381'
  Processing 'fp16_add_64_DW01_sub_1_DW01_sub_658'
  Processing 'fp16_add_64_DW01_add_1_DW01_add_397'
  Processing 'fp16_add_64_DW01_ash_1_DW01_ash_319'
  Processing 'fp16_add_64_DW01_sub_2_DW01_sub_659'
  Processing 'fp16_add_64_DW_rash_0_DW_rash_159'
  Processing 'fp16_add_64_DW01_cmp2_1_DW01_cmp2_769'
  Processing 'fp16_add_64_DW01_sub_3_DW01_sub_660'
  Processing 'fp16_add_64_DW01_cmp2_2_DW01_cmp2_770'
  Processing 'fp16_add_65_DW01_inc_0_DW01_inc_382'
  Processing 'fp16_add_65_DW01_add_0_DW01_add_398'
  Processing 'fp16_add_65_DW01_sub_0_DW01_sub_661'
  Processing 'fp16_add_65_DW01_cmp2_0_DW01_cmp2_771'
  Processing 'fp16_add_65_DW01_ash_0_DW01_ash_320'
  Processing 'fp16_add_65_DW01_inc_1_DW01_inc_383'
  Processing 'fp16_add_65_DW01_sub_1_DW01_sub_662'
  Processing 'fp16_add_65_DW01_add_1_DW01_add_399'
  Processing 'fp16_add_65_DW01_ash_1_DW01_ash_321'
  Processing 'fp16_add_65_DW01_sub_2_DW01_sub_663'
  Processing 'fp16_add_65_DW_rash_0_DW_rash_160'
  Processing 'fp16_add_65_DW01_cmp2_1_DW01_cmp2_772'
  Processing 'fp16_add_65_DW01_sub_3_DW01_sub_664'
  Processing 'fp16_add_65_DW01_cmp2_2_DW01_cmp2_773'
  Processing 'fp16_add_66_DW01_inc_0_DW01_inc_384'
  Processing 'fp16_add_66_DW01_add_0_DW01_add_400'
  Processing 'fp16_add_66_DW01_sub_0_DW01_sub_665'
  Processing 'fp16_add_66_DW01_cmp2_0_DW01_cmp2_774'
  Processing 'fp16_add_66_DW01_ash_0_DW01_ash_322'
  Processing 'fp16_add_66_DW01_inc_1_DW01_inc_385'
  Processing 'fp16_add_66_DW01_sub_1_DW01_sub_666'
  Processing 'fp16_add_66_DW01_add_1_DW01_add_401'
  Processing 'fp16_add_66_DW01_ash_1_DW01_ash_323'
  Processing 'fp16_add_66_DW01_sub_2_DW01_sub_667'
  Processing 'fp16_add_66_DW_rash_0_DW_rash_161'
  Processing 'fp16_add_66_DW01_cmp2_1_DW01_cmp2_775'
  Processing 'fp16_add_66_DW01_sub_3_DW01_sub_668'
  Processing 'fp16_add_66_DW01_cmp2_2_DW01_cmp2_776'
  Processing 'fp16_add_67_DW01_inc_0_DW01_inc_386'
  Processing 'fp16_add_67_DW01_add_0_DW01_add_402'
  Processing 'fp16_add_67_DW01_sub_0_DW01_sub_669'
  Processing 'fp16_add_67_DW01_cmp2_0_DW01_cmp2_777'
  Processing 'fp16_add_67_DW01_ash_0_DW01_ash_324'
  Processing 'fp16_add_67_DW01_inc_1_DW01_inc_387'
  Processing 'fp16_add_67_DW01_sub_1_DW01_sub_670'
  Processing 'fp16_add_67_DW01_add_1_DW01_add_403'
  Processing 'fp16_add_67_DW01_ash_1_DW01_ash_325'
  Processing 'fp16_add_67_DW01_sub_2_DW01_sub_671'
  Processing 'fp16_add_67_DW_rash_0_DW_rash_162'
  Processing 'fp16_add_67_DW01_cmp2_1_DW01_cmp2_778'
  Processing 'fp16_add_67_DW01_sub_3_DW01_sub_672'
  Processing 'fp16_add_67_DW01_cmp2_2_DW01_cmp2_779'
  Processing 'fp16_add_68_DW01_inc_0_DW01_inc_388'
  Processing 'fp16_add_68_DW01_add_0_DW01_add_404'
  Processing 'fp16_add_68_DW01_sub_0_DW01_sub_673'
  Processing 'fp16_add_68_DW01_cmp2_0_DW01_cmp2_780'
  Processing 'fp16_add_68_DW01_ash_0_DW01_ash_326'
  Processing 'fp16_add_68_DW01_inc_1_DW01_inc_389'
  Processing 'fp16_add_68_DW01_sub_1_DW01_sub_674'
  Processing 'fp16_add_68_DW01_add_1_DW01_add_405'
  Processing 'fp16_add_68_DW01_ash_1_DW01_ash_327'
  Processing 'fp16_add_68_DW01_sub_2_DW01_sub_675'
  Processing 'fp16_add_68_DW_rash_0_DW_rash_163'
  Processing 'fp16_add_68_DW01_cmp2_1_DW01_cmp2_781'
  Processing 'fp16_add_68_DW01_sub_3_DW01_sub_676'
  Processing 'fp16_add_68_DW01_cmp2_2_DW01_cmp2_782'
  Processing 'fp16_mult_17_DW01_cmp2_0_DW01_cmp2_783'
  Processing 'fp16_mult_17_DW01_cmp2_1_DW01_cmp2_784'
  Processing 'fp16_mult_17_DW01_inc_0_DW01_inc_390'
  Processing 'fp16_mult_17_DW01_add_0_DW01_add_406'
  Processing 'fp16_mult_18_DW01_cmp2_0_DW01_cmp2_785'
  Processing 'fp16_mult_18_DW01_cmp2_1_DW01_cmp2_786'
  Processing 'fp16_mult_18_DW01_inc_0_DW01_inc_391'
  Processing 'fp16_mult_18_DW01_add_0_DW01_add_407'
  Processing 'fp16_mult_19_DW01_cmp2_0_DW01_cmp2_787'
  Processing 'fp16_mult_19_DW01_cmp2_1_DW01_cmp2_788'
  Processing 'fp16_mult_19_DW01_inc_0_DW01_inc_392'
  Processing 'fp16_mult_19_DW01_add_0_DW01_add_408'
  Processing 'fp16_mult_20_DW01_cmp2_0_DW01_cmp2_789'
  Processing 'fp16_mult_20_DW01_cmp2_1_DW01_cmp2_790'
  Processing 'fp16_mult_20_DW01_inc_0_DW01_inc_393'
  Processing 'fp16_mult_20_DW01_add_0_DW01_add_409'
  Processing 'fp16_mult_21_DW01_cmp2_0_DW01_cmp2_791'
  Processing 'fp16_mult_21_DW01_cmp2_1_DW01_cmp2_792'
  Processing 'fp16_mult_21_DW01_inc_0_DW01_inc_394'
  Processing 'fp16_mult_21_DW01_add_0_DW01_add_410'
  Processing 'fp16_mult_22_DW01_cmp2_0_DW01_cmp2_793'
  Processing 'fp16_mult_22_DW01_cmp2_1_DW01_cmp2_794'
  Processing 'fp16_mult_22_DW01_inc_0_DW01_inc_395'
  Processing 'fp16_mult_22_DW01_add_0_DW01_add_411'
  Processing 'fp16_mult_23_DW01_cmp2_0_DW01_cmp2_795'
  Processing 'fp16_mult_23_DW01_cmp2_1_DW01_cmp2_796'
  Processing 'fp16_mult_23_DW01_inc_0_DW01_inc_396'
  Processing 'fp16_mult_23_DW01_add_0_DW01_add_412'
  Processing 'fp16_mult_24_DW01_cmp2_0_DW01_cmp2_797'
  Processing 'fp16_mult_24_DW01_cmp2_1_DW01_cmp2_798'
  Processing 'fp16_mult_24_DW01_inc_0_DW01_inc_397'
  Processing 'fp16_mult_24_DW01_add_0_DW01_add_413'
  Processing 'fp16_mult_25_DW01_cmp2_0_DW01_cmp2_799'
  Processing 'fp16_mult_25_DW01_cmp2_1_DW01_cmp2_800'
  Processing 'fp16_mult_25_DW01_inc_0_DW01_inc_398'
  Processing 'fp16_mult_25_DW01_add_0_DW01_add_414'
  Processing 'fp16_mult_26_DW01_cmp2_0_DW01_cmp2_801'
  Processing 'fp16_mult_26_DW01_cmp2_1_DW01_cmp2_802'
  Processing 'fp16_mult_26_DW01_inc_0_DW01_inc_399'
  Processing 'fp16_mult_26_DW01_add_0_DW01_add_415'
  Processing 'fp16_mult_27_DW01_cmp2_0_DW01_cmp2_803'
  Processing 'fp16_mult_27_DW01_cmp2_1_DW01_cmp2_804'
  Processing 'fp16_mult_27_DW01_inc_0_DW01_inc_400'
  Processing 'fp16_mult_27_DW01_add_0_DW01_add_416'
  Processing 'fp16_mult_28_DW01_cmp2_0_DW01_cmp2_805'
  Processing 'fp16_mult_28_DW01_cmp2_1_DW01_cmp2_806'
  Processing 'fp16_mult_28_DW01_inc_0_DW01_inc_401'
  Processing 'fp16_mult_28_DW01_add_0_DW01_add_417'
  Processing 'fp16_mult_29_DW01_cmp2_0_DW01_cmp2_807'
  Processing 'fp16_mult_29_DW01_cmp2_1_DW01_cmp2_808'
  Processing 'fp16_mult_29_DW01_inc_0_DW01_inc_402'
  Processing 'fp16_mult_29_DW01_add_0_DW01_add_418'
  Processing 'fp16_mult_30_DW01_cmp2_0_DW01_cmp2_809'
  Processing 'fp16_mult_30_DW01_cmp2_1_DW01_cmp2_810'
  Processing 'fp16_mult_30_DW01_inc_0_DW01_inc_403'
  Processing 'fp16_mult_30_DW01_add_0_DW01_add_419'
  Processing 'fp16_mult_31_DW01_cmp2_0_DW01_cmp2_811'
  Processing 'fp16_mult_31_DW01_cmp2_1_DW01_cmp2_812'
  Processing 'fp16_mult_31_DW01_inc_0_DW01_inc_404'
  Processing 'fp16_mult_31_DW01_add_0_DW01_add_420'
  Processing 'fp16_mult_32_DW01_cmp2_0_DW01_cmp2_813'
  Processing 'fp16_mult_32_DW01_cmp2_1_DW01_cmp2_814'
  Processing 'fp16_mult_32_DW01_inc_0_DW01_inc_405'
  Processing 'fp16_mult_32_DW01_add_0_DW01_add_421'
  Processing 'fp16_add_69_DW01_inc_0_DW01_inc_406'
  Processing 'fp16_add_69_DW01_add_0_DW01_add_422'
  Processing 'fp16_add_69_DW01_sub_0_DW01_sub_677'
  Processing 'fp16_add_69_DW01_cmp2_0_DW01_cmp2_815'
  Processing 'fp16_add_69_DW01_ash_0_DW01_ash_328'
  Processing 'fp16_add_69_DW01_inc_1_DW01_inc_407'
  Processing 'fp16_add_69_DW01_sub_1_DW01_sub_678'
  Processing 'fp16_add_69_DW01_add_1_DW01_add_423'
  Processing 'fp16_add_69_DW01_ash_1_DW01_ash_329'
  Processing 'fp16_add_69_DW01_sub_2_DW01_sub_679'
  Processing 'fp16_add_69_DW_rash_0_DW_rash_164'
  Processing 'fp16_add_69_DW01_cmp2_1_DW01_cmp2_816'
  Processing 'fp16_add_69_DW01_sub_3_DW01_sub_680'
  Processing 'fp16_add_69_DW01_cmp2_2_DW01_cmp2_817'
  Processing 'fp16_add_70_DW01_inc_0_DW01_inc_408'
  Processing 'fp16_add_70_DW01_add_0_DW01_add_424'
  Processing 'fp16_add_70_DW01_sub_0_DW01_sub_681'
  Processing 'fp16_add_70_DW01_cmp2_0_DW01_cmp2_818'
  Processing 'fp16_add_70_DW01_ash_0_DW01_ash_330'
  Processing 'fp16_add_70_DW01_inc_1_DW01_inc_409'
  Processing 'fp16_add_70_DW01_sub_1_DW01_sub_682'
  Processing 'fp16_add_70_DW01_add_1_DW01_add_425'
  Processing 'fp16_add_70_DW01_ash_1_DW01_ash_331'
  Processing 'fp16_add_70_DW01_sub_2_DW01_sub_683'
  Processing 'fp16_add_70_DW_rash_0_DW_rash_165'
  Processing 'fp16_add_70_DW01_cmp2_1_DW01_cmp2_819'
  Processing 'fp16_add_70_DW01_sub_3_DW01_sub_684'
  Processing 'fp16_add_70_DW01_cmp2_2_DW01_cmp2_820'
  Processing 'fp16_add_71_DW01_inc_0_DW01_inc_410'
  Processing 'fp16_add_71_DW01_add_0_DW01_add_426'
  Processing 'fp16_add_71_DW01_sub_0_DW01_sub_685'
  Processing 'fp16_add_71_DW01_cmp2_0_DW01_cmp2_821'
  Processing 'fp16_add_71_DW01_ash_0_DW01_ash_332'
  Processing 'fp16_add_71_DW01_inc_1_DW01_inc_411'
  Processing 'fp16_add_71_DW01_sub_1_DW01_sub_686'
  Processing 'fp16_add_71_DW01_add_1_DW01_add_427'
  Processing 'fp16_add_71_DW01_ash_1_DW01_ash_333'
  Processing 'fp16_add_71_DW01_sub_2_DW01_sub_687'
  Processing 'fp16_add_71_DW_rash_0_DW_rash_166'
  Processing 'fp16_add_71_DW01_cmp2_1_DW01_cmp2_822'
  Processing 'fp16_add_71_DW01_sub_3_DW01_sub_688'
  Processing 'fp16_add_71_DW01_cmp2_2_DW01_cmp2_823'
  Processing 'fp16_add_72_DW01_inc_0_DW01_inc_412'
  Processing 'fp16_add_72_DW01_add_0_DW01_add_428'
  Processing 'fp16_add_72_DW01_sub_0_DW01_sub_689'
  Processing 'fp16_add_72_DW01_cmp2_0_DW01_cmp2_824'
  Processing 'fp16_add_72_DW01_ash_0_DW01_ash_334'
  Processing 'fp16_add_72_DW01_inc_1_DW01_inc_413'
  Processing 'fp16_add_72_DW01_sub_1_DW01_sub_690'
  Processing 'fp16_add_72_DW01_add_1_DW01_add_429'
  Processing 'fp16_add_72_DW01_ash_1_DW01_ash_335'
  Processing 'fp16_add_72_DW01_sub_2_DW01_sub_691'
  Processing 'fp16_add_72_DW_rash_0_DW_rash_167'
  Processing 'fp16_add_72_DW01_cmp2_1_DW01_cmp2_825'
  Processing 'fp16_add_72_DW01_sub_3_DW01_sub_692'
  Processing 'fp16_add_72_DW01_cmp2_2_DW01_cmp2_826'
  Processing 'fp16_add_73_DW01_inc_0_DW01_inc_414'
  Processing 'fp16_add_73_DW01_add_0_DW01_add_430'
  Processing 'fp16_add_73_DW01_sub_0_DW01_sub_693'
  Processing 'fp16_add_73_DW01_cmp2_0_DW01_cmp2_827'
  Processing 'fp16_add_73_DW01_ash_0_DW01_ash_336'
  Processing 'fp16_add_73_DW01_inc_1_DW01_inc_415'
  Processing 'fp16_add_73_DW01_sub_1_DW01_sub_694'
  Processing 'fp16_add_73_DW01_add_1_DW01_add_431'
  Processing 'fp16_add_73_DW01_ash_1_DW01_ash_337'
  Processing 'fp16_add_73_DW01_sub_2_DW01_sub_695'
  Processing 'fp16_add_73_DW_rash_0_DW_rash_168'
  Processing 'fp16_add_73_DW01_cmp2_1_DW01_cmp2_828'
  Processing 'fp16_add_73_DW01_sub_3_DW01_sub_696'
  Processing 'fp16_add_73_DW01_cmp2_2_DW01_cmp2_829'
  Processing 'fp16_add_74_DW01_inc_0_DW01_inc_416'
  Processing 'fp16_add_74_DW01_add_0_DW01_add_432'
  Processing 'fp16_add_74_DW01_sub_0_DW01_sub_697'
  Processing 'fp16_add_74_DW01_cmp2_0_DW01_cmp2_830'
  Processing 'fp16_add_74_DW01_ash_0_DW01_ash_338'
  Processing 'fp16_add_74_DW01_inc_1_DW01_inc_417'
  Processing 'fp16_add_74_DW01_sub_1_DW01_sub_698'
  Processing 'fp16_add_74_DW01_add_1_DW01_add_433'
  Processing 'fp16_add_74_DW01_ash_1_DW01_ash_339'
  Processing 'fp16_add_74_DW01_sub_2_DW01_sub_699'
  Processing 'fp16_add_74_DW_rash_0_DW_rash_169'
  Processing 'fp16_add_74_DW01_cmp2_1_DW01_cmp2_831'
  Processing 'fp16_add_74_DW01_sub_3_DW01_sub_700'
  Processing 'fp16_add_74_DW01_cmp2_2_DW01_cmp2_832'
  Processing 'fp16_add_75_DW01_inc_0_DW01_inc_418'
  Processing 'fp16_add_75_DW01_add_0_DW01_add_434'
  Processing 'fp16_add_75_DW01_sub_0_DW01_sub_701'
  Processing 'fp16_add_75_DW01_cmp2_0_DW01_cmp2_833'
  Processing 'fp16_add_75_DW01_ash_0_DW01_ash_340'
  Processing 'fp16_add_75_DW01_inc_1_DW01_inc_419'
  Processing 'fp16_add_75_DW01_sub_1_DW01_sub_702'
  Processing 'fp16_add_75_DW01_add_1_DW01_add_435'
  Processing 'fp16_add_75_DW01_ash_1_DW01_ash_341'
  Processing 'fp16_add_75_DW01_sub_2_DW01_sub_703'
  Processing 'fp16_add_75_DW_rash_0_DW_rash_170'
  Processing 'fp16_add_75_DW01_cmp2_1_DW01_cmp2_834'
  Processing 'fp16_add_75_DW01_sub_3_DW01_sub_704'
  Processing 'fp16_add_75_DW01_cmp2_2_DW01_cmp2_835'
  Processing 'fp16_add_76_DW01_inc_0_DW01_inc_420'
  Processing 'fp16_add_76_DW01_add_0_DW01_add_436'
  Processing 'fp16_add_76_DW01_sub_0_DW01_sub_705'
  Processing 'fp16_add_76_DW01_cmp2_0_DW01_cmp2_836'
  Processing 'fp16_add_76_DW01_ash_0_DW01_ash_342'
  Processing 'fp16_add_76_DW01_inc_1_DW01_inc_421'
  Processing 'fp16_add_76_DW01_sub_1_DW01_sub_706'
  Processing 'fp16_add_76_DW01_add_1_DW01_add_437'
  Processing 'fp16_add_76_DW01_ash_1_DW01_ash_343'
  Processing 'fp16_add_76_DW01_sub_2_DW01_sub_707'
  Processing 'fp16_add_76_DW_rash_0_DW_rash_171'
  Processing 'fp16_add_76_DW01_cmp2_1_DW01_cmp2_837'
  Processing 'fp16_add_76_DW01_sub_3_DW01_sub_708'
  Processing 'fp16_add_76_DW01_cmp2_2_DW01_cmp2_838'
  Processing 'fp16_add_77_DW01_inc_0_DW01_inc_422'
  Processing 'fp16_add_77_DW01_add_0_DW01_add_438'
  Processing 'fp16_add_77_DW01_sub_0_DW01_sub_709'
  Processing 'fp16_add_77_DW01_cmp2_0_DW01_cmp2_839'
  Processing 'fp16_add_77_DW01_ash_0_DW01_ash_344'
  Processing 'fp16_add_77_DW01_inc_1_DW01_inc_423'
  Processing 'fp16_add_77_DW01_sub_1_DW01_sub_710'
  Processing 'fp16_add_77_DW01_add_1_DW01_add_439'
  Processing 'fp16_add_77_DW01_ash_1_DW01_ash_345'
  Processing 'fp16_add_77_DW01_sub_2_DW01_sub_711'
  Processing 'fp16_add_77_DW_rash_0_DW_rash_172'
  Processing 'fp16_add_77_DW01_cmp2_1_DW01_cmp2_840'
  Processing 'fp16_add_77_DW01_sub_3_DW01_sub_712'
  Processing 'fp16_add_77_DW01_cmp2_2_DW01_cmp2_841'
  Processing 'fp16_add_78_DW01_inc_0_DW01_inc_424'
  Processing 'fp16_add_78_DW01_add_0_DW01_add_440'
  Processing 'fp16_add_78_DW01_sub_0_DW01_sub_713'
  Processing 'fp16_add_78_DW01_cmp2_0_DW01_cmp2_842'
  Processing 'fp16_add_78_DW01_ash_0_DW01_ash_346'
  Processing 'fp16_add_78_DW01_inc_1_DW01_inc_425'
  Processing 'fp16_add_78_DW01_sub_1_DW01_sub_714'
  Processing 'fp16_add_78_DW01_add_1_DW01_add_441'
  Processing 'fp16_add_78_DW01_ash_1_DW01_ash_347'
  Processing 'fp16_add_78_DW01_sub_2_DW01_sub_715'
  Processing 'fp16_add_78_DW_rash_0_DW_rash_173'
  Processing 'fp16_add_78_DW01_cmp2_1_DW01_cmp2_843'
  Processing 'fp16_add_78_DW01_sub_3_DW01_sub_716'
  Processing 'fp16_add_78_DW01_cmp2_2_DW01_cmp2_844'
  Processing 'fp16_add_79_DW01_inc_0_DW01_inc_426'
  Processing 'fp16_add_79_DW01_add_0_DW01_add_442'
  Processing 'fp16_add_79_DW01_sub_0_DW01_sub_717'
  Processing 'fp16_add_79_DW01_cmp2_0_DW01_cmp2_845'
  Processing 'fp16_add_79_DW01_ash_0_DW01_ash_348'
  Processing 'fp16_add_79_DW01_inc_1_DW01_inc_427'
  Processing 'fp16_add_79_DW01_sub_1_DW01_sub_718'
  Processing 'fp16_add_79_DW01_add_1_DW01_add_443'
  Processing 'fp16_add_79_DW01_ash_1_DW01_ash_349'
  Processing 'fp16_add_79_DW01_sub_2_DW01_sub_719'
  Processing 'fp16_add_79_DW_rash_0_DW_rash_174'
  Processing 'fp16_add_79_DW01_cmp2_1_DW01_cmp2_846'
  Processing 'fp16_add_79_DW01_sub_3_DW01_sub_720'
  Processing 'fp16_add_79_DW01_cmp2_2_DW01_cmp2_847'
  Processing 'fp16_add_80_DW01_inc_0_DW01_inc_428'
  Processing 'fp16_add_80_DW01_add_0_DW01_add_444'
  Processing 'fp16_add_80_DW01_sub_0_DW01_sub_721'
  Processing 'fp16_add_80_DW01_cmp2_0_DW01_cmp2_848'
  Processing 'fp16_add_80_DW01_ash_0_DW01_ash_350'
  Processing 'fp16_add_80_DW01_inc_1_DW01_inc_429'
  Processing 'fp16_add_80_DW01_sub_1_DW01_sub_722'
  Processing 'fp16_add_80_DW01_add_1_DW01_add_445'
  Processing 'fp16_add_80_DW01_ash_1_DW01_ash_351'
  Processing 'fp16_add_80_DW01_sub_2_DW01_sub_723'
  Processing 'fp16_add_80_DW_rash_0_DW_rash_175'
  Processing 'fp16_add_80_DW01_cmp2_1_DW01_cmp2_849'
  Processing 'fp16_add_80_DW01_sub_3_DW01_sub_724'
  Processing 'fp16_add_80_DW01_cmp2_2_DW01_cmp2_850'
  Processing 'fp16_add_81_DW01_inc_0_DW01_inc_430'
  Processing 'fp16_add_81_DW01_add_0_DW01_add_446'
  Processing 'fp16_add_81_DW01_sub_0_DW01_sub_725'
  Processing 'fp16_add_81_DW01_cmp2_0_DW01_cmp2_851'
  Processing 'fp16_add_81_DW01_ash_0_DW01_ash_352'
  Processing 'fp16_add_81_DW01_inc_1_DW01_inc_431'
  Processing 'fp16_add_81_DW01_sub_1_DW01_sub_726'
  Processing 'fp16_add_81_DW01_add_1_DW01_add_447'
  Processing 'fp16_add_81_DW01_ash_1_DW01_ash_353'
  Processing 'fp16_add_81_DW01_sub_2_DW01_sub_727'
  Processing 'fp16_add_81_DW_rash_0_DW_rash_176'
  Processing 'fp16_add_81_DW01_cmp2_1_DW01_cmp2_852'
  Processing 'fp16_add_81_DW01_sub_3_DW01_sub_728'
  Processing 'fp16_add_81_DW01_cmp2_2_DW01_cmp2_853'
  Processing 'fp16_add_82_DW01_inc_0_DW01_inc_432'
  Processing 'fp16_add_82_DW01_add_0_DW01_add_448'
  Processing 'fp16_add_82_DW01_sub_0_DW01_sub_729'
  Processing 'fp16_add_82_DW01_cmp2_0_DW01_cmp2_854'
  Processing 'fp16_add_82_DW01_ash_0_DW01_ash_354'
  Processing 'fp16_add_82_DW01_inc_1_DW01_inc_433'
  Processing 'fp16_add_82_DW01_sub_1_DW01_sub_730'
  Processing 'fp16_add_82_DW01_add_1_DW01_add_449'
  Processing 'fp16_add_82_DW01_ash_1_DW01_ash_355'
  Processing 'fp16_add_82_DW01_sub_2_DW01_sub_731'
  Processing 'fp16_add_82_DW_rash_0_DW_rash_177'
  Processing 'fp16_add_82_DW01_cmp2_1_DW01_cmp2_855'
  Processing 'fp16_add_82_DW01_sub_3_DW01_sub_732'
  Processing 'fp16_add_82_DW01_cmp2_2_DW01_cmp2_856'
  Processing 'fp16_add_83_DW01_inc_0_DW01_inc_434'
  Processing 'fp16_add_83_DW01_add_0_DW01_add_450'
  Processing 'fp16_add_83_DW01_sub_0_DW01_sub_733'
  Processing 'fp16_add_83_DW01_cmp2_0_DW01_cmp2_857'
  Processing 'fp16_add_83_DW01_ash_0_DW01_ash_356'
  Processing 'fp16_add_83_DW01_inc_1_DW01_inc_435'
  Processing 'fp16_add_83_DW01_sub_1_DW01_sub_734'
  Processing 'fp16_add_83_DW01_add_1_DW01_add_451'
  Processing 'fp16_add_83_DW01_ash_1_DW01_ash_357'
  Processing 'fp16_add_83_DW01_sub_2_DW01_sub_735'
  Processing 'fp16_add_83_DW_rash_0_DW_rash_178'
  Processing 'fp16_add_83_DW01_cmp2_1_DW01_cmp2_858'
  Processing 'fp16_add_83_DW01_sub_3_DW01_sub_736'
  Processing 'fp16_add_83_DW01_cmp2_2_DW01_cmp2_859'
  Processing 'fp16_add_84_DW01_inc_0_DW01_inc_436'
  Processing 'fp16_add_84_DW01_add_0_DW01_add_452'
  Processing 'fp16_add_84_DW01_sub_0_DW01_sub_737'
  Processing 'fp16_add_84_DW01_cmp2_0_DW01_cmp2_860'
  Processing 'fp16_add_84_DW01_ash_0_DW01_ash_358'
  Processing 'fp16_add_84_DW01_inc_1_DW01_inc_437'
  Processing 'fp16_add_84_DW01_sub_1_DW01_sub_738'
  Processing 'fp16_add_84_DW01_add_1_DW01_add_453'
  Processing 'fp16_add_84_DW01_ash_1_DW01_ash_359'
  Processing 'fp16_add_84_DW01_sub_2_DW01_sub_739'
  Processing 'fp16_add_84_DW_rash_0_DW_rash_179'
  Processing 'fp16_add_84_DW01_cmp2_1_DW01_cmp2_861'
  Processing 'fp16_add_84_DW01_sub_3_DW01_sub_740'
  Processing 'fp16_add_84_DW01_cmp2_2_DW01_cmp2_862'
  Processing 'fp16_add_85_DW01_inc_0_DW01_inc_438'
  Processing 'fp16_add_85_DW01_add_0_DW01_add_454'
  Processing 'fp16_add_85_DW01_sub_0_DW01_sub_741'
  Processing 'fp16_add_85_DW01_cmp2_0_DW01_cmp2_863'
  Processing 'fp16_add_85_DW01_ash_0_DW01_ash_360'
  Processing 'fp16_add_85_DW01_inc_1_DW01_inc_439'
  Processing 'fp16_add_85_DW01_sub_1_DW01_sub_742'
  Processing 'fp16_add_85_DW01_add_1_DW01_add_455'
  Processing 'fp16_add_85_DW01_ash_1_DW01_ash_361'
  Processing 'fp16_add_85_DW01_sub_2_DW01_sub_743'
  Processing 'fp16_add_85_DW_rash_0_DW_rash_180'
  Processing 'fp16_add_85_DW01_cmp2_1_DW01_cmp2_864'
  Processing 'fp16_add_85_DW01_sub_3_DW01_sub_744'
  Processing 'fp16_add_85_DW01_cmp2_2_DW01_cmp2_865'
  Processing 'fp16_add_86_DW01_inc_0_DW01_inc_440'
  Processing 'fp16_add_86_DW01_add_0_DW01_add_456'
  Processing 'fp16_add_86_DW01_sub_0_DW01_sub_745'
  Processing 'fp16_add_86_DW01_cmp2_0_DW01_cmp2_866'
  Processing 'fp16_add_86_DW01_ash_0_DW01_ash_362'
  Processing 'fp16_add_86_DW01_inc_1_DW01_inc_441'
  Processing 'fp16_add_86_DW01_sub_1_DW01_sub_746'
  Processing 'fp16_add_86_DW01_add_1_DW01_add_457'
  Processing 'fp16_add_86_DW01_ash_1_DW01_ash_363'
  Processing 'fp16_add_86_DW01_sub_2_DW01_sub_747'
  Processing 'fp16_add_86_DW_rash_0_DW_rash_181'
  Processing 'fp16_add_86_DW01_cmp2_1_DW01_cmp2_867'
  Processing 'fp16_add_86_DW01_sub_3_DW01_sub_748'
  Processing 'fp16_add_86_DW01_cmp2_2_DW01_cmp2_868'
  Processing 'fp16_add_87_DW01_inc_0_DW01_inc_442'
  Processing 'fp16_add_87_DW01_add_0_DW01_add_458'
  Processing 'fp16_add_87_DW01_sub_0_DW01_sub_749'
  Processing 'fp16_add_87_DW01_cmp2_0_DW01_cmp2_869'
  Processing 'fp16_add_87_DW01_ash_0_DW01_ash_364'
  Processing 'fp16_add_87_DW01_inc_1_DW01_inc_443'
  Processing 'fp16_add_87_DW01_sub_1_DW01_sub_750'
  Processing 'fp16_add_87_DW01_add_1_DW01_add_459'
  Processing 'fp16_add_87_DW01_ash_1_DW01_ash_365'
  Processing 'fp16_add_87_DW01_sub_2_DW01_sub_751'
  Processing 'fp16_add_87_DW_rash_0_DW_rash_182'
  Processing 'fp16_add_87_DW01_cmp2_1_DW01_cmp2_870'
  Processing 'fp16_add_87_DW01_sub_3_DW01_sub_752'
  Processing 'fp16_add_87_DW01_cmp2_2_DW01_cmp2_871'
  Processing 'fp16_add_88_DW01_inc_0_DW01_inc_444'
  Processing 'fp16_add_88_DW01_add_0_DW01_add_460'
  Processing 'fp16_add_88_DW01_sub_0_DW01_sub_753'
  Processing 'fp16_add_88_DW01_cmp2_0_DW01_cmp2_872'
  Processing 'fp16_add_88_DW01_ash_0_DW01_ash_366'
  Processing 'fp16_add_88_DW01_inc_1_DW01_inc_445'
  Processing 'fp16_add_88_DW01_sub_1_DW01_sub_754'
  Processing 'fp16_add_88_DW01_add_1_DW01_add_461'
  Processing 'fp16_add_88_DW01_ash_1_DW01_ash_367'
  Processing 'fp16_add_88_DW01_sub_2_DW01_sub_755'
  Processing 'fp16_add_88_DW_rash_0_DW_rash_183'
  Processing 'fp16_add_88_DW01_cmp2_1_DW01_cmp2_873'
  Processing 'fp16_add_88_DW01_sub_3_DW01_sub_756'
  Processing 'fp16_add_88_DW01_cmp2_2_DW01_cmp2_874'
  Processing 'fp16_add_89_DW01_inc_0_DW01_inc_446'
  Processing 'fp16_add_89_DW01_add_0_DW01_add_462'
  Processing 'fp16_add_89_DW01_sub_0_DW01_sub_757'
  Processing 'fp16_add_89_DW01_cmp2_0_DW01_cmp2_875'
  Processing 'fp16_add_89_DW01_ash_0_DW01_ash_368'
  Processing 'fp16_add_89_DW01_inc_1_DW01_inc_447'
  Processing 'fp16_add_89_DW01_sub_1_DW01_sub_758'
  Processing 'fp16_add_89_DW01_add_1_DW01_add_463'
  Processing 'fp16_add_89_DW01_ash_1_DW01_ash_369'
  Processing 'fp16_add_89_DW01_sub_2_DW01_sub_759'
  Processing 'fp16_add_89_DW_rash_0_DW_rash_184'
  Processing 'fp16_add_89_DW01_cmp2_1_DW01_cmp2_876'
  Processing 'fp16_add_89_DW01_sub_3_DW01_sub_760'
  Processing 'fp16_add_89_DW01_cmp2_2_DW01_cmp2_877'
  Processing 'fp16_add_90_DW01_inc_0_DW01_inc_448'
  Processing 'fp16_add_90_DW01_add_0_DW01_add_464'
  Processing 'fp16_add_90_DW01_sub_0_DW01_sub_761'
  Processing 'fp16_add_90_DW01_cmp2_0_DW01_cmp2_878'
  Processing 'fp16_add_90_DW01_ash_0_DW01_ash_370'
  Processing 'fp16_add_90_DW01_inc_1_DW01_inc_449'
  Processing 'fp16_add_90_DW01_sub_1_DW01_sub_762'
  Processing 'fp16_add_90_DW01_add_1_DW01_add_465'
  Processing 'fp16_add_90_DW01_ash_1_DW01_ash_371'
  Processing 'fp16_add_90_DW01_sub_2_DW01_sub_763'
  Processing 'fp16_add_90_DW_rash_0_DW_rash_185'
  Processing 'fp16_add_90_DW01_cmp2_1_DW01_cmp2_879'
  Processing 'fp16_add_90_DW01_sub_3_DW01_sub_764'
  Processing 'fp16_add_90_DW01_cmp2_2_DW01_cmp2_880'
  Processing 'fp16_add_91_DW01_inc_0_DW01_inc_450'
  Processing 'fp16_add_91_DW01_add_0_DW01_add_466'
  Processing 'fp16_add_91_DW01_sub_0_DW01_sub_765'
  Processing 'fp16_add_91_DW01_cmp2_0_DW01_cmp2_881'
  Processing 'fp16_add_91_DW01_ash_0_DW01_ash_372'
  Processing 'fp16_add_91_DW01_inc_1_DW01_inc_451'
  Processing 'fp16_add_91_DW01_sub_1_DW01_sub_766'
  Processing 'fp16_add_91_DW01_add_1_DW01_add_467'
  Processing 'fp16_add_91_DW01_ash_1_DW01_ash_373'
  Processing 'fp16_add_91_DW01_sub_2_DW01_sub_767'
  Processing 'fp16_add_91_DW_rash_0_DW_rash_186'
  Processing 'fp16_add_91_DW01_cmp2_1_DW01_cmp2_882'
  Processing 'fp16_add_91_DW01_sub_3_DW01_sub_768'
  Processing 'fp16_add_91_DW01_cmp2_2_DW01_cmp2_883'
  Processing 'fp16_add_92_DW01_inc_0_DW01_inc_452'
  Processing 'fp16_add_92_DW01_add_0_DW01_add_468'
  Processing 'fp16_add_92_DW01_sub_0_DW01_sub_769'
  Processing 'fp16_add_92_DW01_cmp2_0_DW01_cmp2_884'
  Processing 'fp16_add_92_DW01_ash_0_DW01_ash_374'
  Processing 'fp16_add_92_DW01_inc_1_DW01_inc_453'
  Processing 'fp16_add_92_DW01_sub_1_DW01_sub_770'
  Processing 'fp16_add_92_DW01_add_1_DW01_add_469'
  Processing 'fp16_add_92_DW01_ash_1_DW01_ash_375'
  Processing 'fp16_add_92_DW01_sub_2_DW01_sub_771'
  Processing 'fp16_add_92_DW_rash_0_DW_rash_187'
  Processing 'fp16_add_92_DW01_cmp2_1_DW01_cmp2_885'
  Processing 'fp16_add_92_DW01_sub_3_DW01_sub_772'
  Processing 'fp16_add_92_DW01_cmp2_2_DW01_cmp2_886'
  Processing 'fp16_add_93_DW01_inc_0_DW01_inc_454'
  Processing 'fp16_add_93_DW01_add_0_DW01_add_470'
  Processing 'fp16_add_93_DW01_sub_0_DW01_sub_773'
  Processing 'fp16_add_93_DW01_cmp2_0_DW01_cmp2_887'
  Processing 'fp16_add_93_DW01_ash_0_DW01_ash_376'
  Processing 'fp16_add_93_DW01_inc_1_DW01_inc_455'
  Processing 'fp16_add_93_DW01_sub_1_DW01_sub_774'
  Processing 'fp16_add_93_DW01_add_1_DW01_add_471'
  Processing 'fp16_add_93_DW01_ash_1_DW01_ash_377'
  Processing 'fp16_add_93_DW01_sub_2_DW01_sub_775'
  Processing 'fp16_add_93_DW_rash_0_DW_rash_188'
  Processing 'fp16_add_93_DW01_cmp2_1_DW01_cmp2_888'
  Processing 'fp16_add_93_DW01_sub_3_DW01_sub_776'
  Processing 'fp16_add_93_DW01_cmp2_2_DW01_cmp2_889'
  Processing 'fp16_add_94_DW01_inc_0_DW01_inc_456'
  Processing 'fp16_add_94_DW01_add_0_DW01_add_472'
  Processing 'fp16_add_94_DW01_sub_0_DW01_sub_777'
  Processing 'fp16_add_94_DW01_cmp2_0_DW01_cmp2_890'
  Processing 'fp16_add_94_DW01_ash_0_DW01_ash_378'
  Processing 'fp16_add_94_DW01_inc_1_DW01_inc_457'
  Processing 'fp16_add_94_DW01_sub_1_DW01_sub_778'
  Processing 'fp16_add_94_DW01_add_1_DW01_add_473'
  Processing 'fp16_add_94_DW01_ash_1_DW01_ash_379'
  Processing 'fp16_add_94_DW01_sub_2_DW01_sub_779'
  Processing 'fp16_add_94_DW_rash_0_DW_rash_189'
  Processing 'fp16_add_94_DW01_cmp2_1_DW01_cmp2_891'
  Processing 'fp16_add_94_DW01_sub_3_DW01_sub_780'
  Processing 'fp16_add_94_DW01_cmp2_2_DW01_cmp2_892'
  Processing 'fp16_add_95_DW01_inc_0_DW01_inc_458'
  Processing 'fp16_add_95_DW01_add_0_DW01_add_474'
  Processing 'fp16_add_95_DW01_sub_0_DW01_sub_781'
  Processing 'fp16_add_95_DW01_cmp2_0_DW01_cmp2_893'
  Processing 'fp16_add_95_DW01_ash_0_DW01_ash_380'
  Processing 'fp16_add_95_DW01_inc_1_DW01_inc_459'
  Processing 'fp16_add_95_DW01_sub_1_DW01_sub_782'
  Processing 'fp16_add_95_DW01_add_1_DW01_add_475'
  Processing 'fp16_add_95_DW01_ash_1_DW01_ash_381'
  Processing 'fp16_add_95_DW01_sub_2_DW01_sub_783'
  Processing 'fp16_add_95_DW_rash_0_DW_rash_190'
  Processing 'fp16_add_95_DW01_cmp2_1_DW01_cmp2_894'
  Processing 'fp16_add_95_DW01_sub_3_DW01_sub_784'
  Processing 'fp16_add_95_DW01_cmp2_2_DW01_cmp2_895'
  Processing 'fp16_add_96_DW01_inc_0_DW01_inc_460'
  Processing 'fp16_add_96_DW01_add_0_DW01_add_476'
  Processing 'fp16_add_96_DW01_sub_0_DW01_sub_785'
  Processing 'fp16_add_96_DW01_cmp2_0_DW01_cmp2_896'
  Processing 'fp16_add_96_DW01_ash_0_DW01_ash_382'
  Processing 'fp16_add_96_DW01_inc_1_DW01_inc_461'
  Processing 'fp16_add_96_DW01_sub_1_DW01_sub_786'
  Processing 'fp16_add_96_DW01_add_1_DW01_add_477'
  Processing 'fp16_add_96_DW01_ash_1_DW01_ash_383'
  Processing 'fp16_add_96_DW01_sub_2_DW01_sub_787'
  Processing 'fp16_add_96_DW_rash_0_DW_rash_191'
  Processing 'fp16_add_96_DW01_cmp2_1_DW01_cmp2_897'
  Processing 'fp16_add_96_DW01_sub_3_DW01_sub_788'
  Processing 'fp16_add_96_DW01_cmp2_2_DW01_cmp2_898'
  Processing 'fp16_add_97_DW01_inc_0_DW01_inc_462'
  Processing 'fp16_add_97_DW01_add_0_DW01_add_478'
  Processing 'fp16_add_97_DW01_sub_0_DW01_sub_789'
  Processing 'fp16_add_97_DW01_cmp2_0_DW01_cmp2_899'
  Processing 'fp16_add_97_DW01_ash_0_DW01_ash_384'
  Processing 'fp16_add_97_DW01_inc_1_DW01_inc_463'
  Processing 'fp16_add_97_DW01_sub_1_DW01_sub_790'
  Processing 'fp16_add_97_DW01_add_1_DW01_add_479'
  Processing 'fp16_add_97_DW01_ash_1_DW01_ash_385'
  Processing 'fp16_add_97_DW01_sub_2_DW01_sub_791'
  Processing 'fp16_add_97_DW_rash_0_DW_rash_192'
  Processing 'fp16_add_97_DW01_cmp2_1_DW01_cmp2_900'
  Processing 'fp16_add_97_DW01_sub_3_DW01_sub_792'
  Processing 'fp16_add_97_DW01_cmp2_2_DW01_cmp2_901'
  Processing 'fp16_add_98_DW01_inc_0_DW01_inc_464'
  Processing 'fp16_add_98_DW01_add_0_DW01_add_480'
  Processing 'fp16_add_98_DW01_sub_0_DW01_sub_793'
  Processing 'fp16_add_98_DW01_cmp2_0_DW01_cmp2_902'
  Processing 'fp16_add_98_DW01_ash_0_DW01_ash_386'
  Processing 'fp16_add_98_DW01_inc_1_DW01_inc_465'
  Processing 'fp16_add_98_DW01_sub_1_DW01_sub_794'
  Processing 'fp16_add_98_DW01_add_1_DW01_add_481'
  Processing 'fp16_add_98_DW01_ash_1_DW01_ash_387'
  Processing 'fp16_add_98_DW01_sub_2_DW01_sub_795'
  Processing 'fp16_add_98_DW_rash_0_DW_rash_193'
  Processing 'fp16_add_98_DW01_cmp2_1_DW01_cmp2_903'
  Processing 'fp16_add_98_DW01_sub_3_DW01_sub_796'
  Processing 'fp16_add_98_DW01_cmp2_2_DW01_cmp2_904'
  Processing 'fp16_add_99_DW01_inc_0_DW01_inc_466'
  Processing 'fp16_add_99_DW01_add_0_DW01_add_482'
  Processing 'fp16_add_99_DW01_sub_0_DW01_sub_797'
  Processing 'fp16_add_99_DW01_cmp2_0_DW01_cmp2_905'
  Processing 'fp16_add_99_DW01_ash_0_DW01_ash_388'
  Processing 'fp16_add_99_DW01_inc_1_DW01_inc_467'
  Processing 'fp16_add_99_DW01_sub_1_DW01_sub_798'
  Processing 'fp16_add_99_DW01_add_1_DW01_add_483'
  Processing 'fp16_add_99_DW01_ash_1_DW01_ash_389'
  Processing 'fp16_add_99_DW01_sub_2_DW01_sub_799'
  Processing 'fp16_add_99_DW_rash_0_DW_rash_194'
  Processing 'fp16_add_99_DW01_cmp2_1_DW01_cmp2_906'
  Processing 'fp16_add_99_DW01_sub_3_DW01_sub_800'
  Processing 'fp16_add_99_DW01_cmp2_2_DW01_cmp2_907'
  Processing 'fp16_add_100_DW01_inc_0_DW01_inc_468'
  Processing 'fp16_add_100_DW01_add_0_DW01_add_484'
  Processing 'fp16_add_100_DW01_sub_0_DW01_sub_801'
  Processing 'fp16_add_100_DW01_cmp2_0_DW01_cmp2_908'
  Processing 'fp16_add_100_DW01_ash_0_DW01_ash_390'
  Processing 'fp16_add_100_DW01_inc_1_DW01_inc_469'
  Processing 'fp16_add_100_DW01_sub_1_DW01_sub_802'
  Processing 'fp16_add_100_DW01_add_1_DW01_add_485'
  Processing 'fp16_add_100_DW01_ash_1_DW01_ash_391'
  Processing 'fp16_add_100_DW01_sub_2_DW01_sub_803'
  Processing 'fp16_add_100_DW_rash_0_DW_rash_195'
  Processing 'fp16_add_100_DW01_cmp2_1_DW01_cmp2_909'
  Processing 'fp16_add_100_DW01_sub_3_DW01_sub_804'
  Processing 'fp16_add_100_DW01_cmp2_2_DW01_cmp2_910'
  Processing 'fp16_mult_33_DW01_cmp2_0_DW01_cmp2_911'
  Processing 'fp16_mult_33_DW01_cmp2_1_DW01_cmp2_912'
  Processing 'fp16_mult_33_DW01_inc_0_DW01_inc_470'
  Processing 'fp16_mult_33_DW01_add_0_DW01_add_486'
  Processing 'fp16_mult_34_DW01_cmp2_0_DW01_cmp2_913'
  Processing 'fp16_mult_34_DW01_cmp2_1_DW01_cmp2_914'
  Processing 'fp16_mult_34_DW01_inc_0_DW01_inc_471'
  Processing 'fp16_mult_34_DW01_add_0_DW01_add_487'
  Processing 'fp16_mult_35_DW01_cmp2_0_DW01_cmp2_915'
  Processing 'fp16_mult_35_DW01_cmp2_1_DW01_cmp2_916'
  Processing 'fp16_mult_35_DW01_inc_0_DW01_inc_472'
  Processing 'fp16_mult_35_DW01_add_0_DW01_add_488'
  Processing 'fp16_mult_36_DW01_cmp2_0_DW01_cmp2_917'
  Processing 'fp16_mult_36_DW01_cmp2_1_DW01_cmp2_918'
  Processing 'fp16_mult_36_DW01_inc_0_DW01_inc_473'
  Processing 'fp16_mult_36_DW01_add_0_DW01_add_489'
  Processing 'fp16_mult_37_DW01_cmp2_0_DW01_cmp2_919'
  Processing 'fp16_mult_37_DW01_cmp2_1_DW01_cmp2_920'
  Processing 'fp16_mult_37_DW01_inc_0_DW01_inc_474'
  Processing 'fp16_mult_37_DW01_add_0_DW01_add_490'
  Processing 'fp16_mult_38_DW01_cmp2_0_DW01_cmp2_921'
  Processing 'fp16_mult_38_DW01_cmp2_1_DW01_cmp2_922'
  Processing 'fp16_mult_38_DW01_inc_0_DW01_inc_475'
  Processing 'fp16_mult_38_DW01_add_0_DW01_add_491'
  Processing 'fp16_mult_39_DW01_cmp2_0_DW01_cmp2_923'
  Processing 'fp16_mult_39_DW01_cmp2_1_DW01_cmp2_924'
  Processing 'fp16_mult_39_DW01_inc_0_DW01_inc_476'
  Processing 'fp16_mult_39_DW01_add_0_DW01_add_492'
  Processing 'fp16_mult_40_DW01_cmp2_0_DW01_cmp2_925'
  Processing 'fp16_mult_40_DW01_cmp2_1_DW01_cmp2_926'
  Processing 'fp16_mult_40_DW01_inc_0_DW01_inc_477'
  Processing 'fp16_mult_40_DW01_add_0_DW01_add_493'
  Processing 'fp16_mult_41_DW01_cmp2_0_DW01_cmp2_927'
  Processing 'fp16_mult_41_DW01_cmp2_1_DW01_cmp2_928'
  Processing 'fp16_mult_41_DW01_inc_0_DW01_inc_478'
  Processing 'fp16_mult_41_DW01_add_0_DW01_add_494'
  Processing 'fp16_mult_42_DW01_cmp2_0_DW01_cmp2_929'
  Processing 'fp16_mult_42_DW01_cmp2_1_DW01_cmp2_930'
  Processing 'fp16_mult_42_DW01_inc_0_DW01_inc_479'
  Processing 'fp16_mult_42_DW01_add_0_DW01_add_495'
  Processing 'fp16_mult_43_DW01_cmp2_0_DW01_cmp2_931'
  Processing 'fp16_mult_43_DW01_cmp2_1_DW01_cmp2_932'
  Processing 'fp16_mult_43_DW01_inc_0_DW01_inc_480'
  Processing 'fp16_mult_43_DW01_add_0_DW01_add_496'
  Processing 'fp16_mult_44_DW01_cmp2_0_DW01_cmp2_933'
  Processing 'fp16_mult_44_DW01_cmp2_1_DW01_cmp2_934'
  Processing 'fp16_mult_44_DW01_inc_0_DW01_inc_481'
  Processing 'fp16_mult_44_DW01_add_0_DW01_add_497'
  Processing 'fp16_mult_45_DW01_cmp2_0_DW01_cmp2_935'
  Processing 'fp16_mult_45_DW01_cmp2_1_DW01_cmp2_936'
  Processing 'fp16_mult_45_DW01_inc_0_DW01_inc_482'
  Processing 'fp16_mult_45_DW01_add_0_DW01_add_498'
  Processing 'fp16_mult_46_DW01_cmp2_0_DW01_cmp2_937'
  Processing 'fp16_mult_46_DW01_cmp2_1_DW01_cmp2_938'
  Processing 'fp16_mult_46_DW01_inc_0_DW01_inc_483'
  Processing 'fp16_mult_46_DW01_add_0_DW01_add_499'
  Processing 'fp16_mult_47_DW01_cmp2_0_DW01_cmp2_939'
  Processing 'fp16_mult_47_DW01_cmp2_1_DW01_cmp2_940'
  Processing 'fp16_mult_47_DW01_inc_0_DW01_inc_484'
  Processing 'fp16_mult_47_DW01_add_0_DW01_add_500'
  Processing 'fp16_mult_48_DW01_cmp2_0_DW01_cmp2_941'
  Processing 'fp16_mult_48_DW01_cmp2_1_DW01_cmp2_942'
  Processing 'fp16_mult_48_DW01_inc_0_DW01_inc_485'
  Processing 'fp16_mult_48_DW01_add_0_DW01_add_501'
  Processing 'fp16_add_101_DW01_inc_0_DW01_inc_486'
  Processing 'fp16_add_101_DW01_add_0_DW01_add_502'
  Processing 'fp16_add_101_DW01_sub_0_DW01_sub_805'
  Processing 'fp16_add_101_DW01_cmp2_0_DW01_cmp2_943'
  Processing 'fp16_add_101_DW01_ash_0_DW01_ash_392'
  Processing 'fp16_add_101_DW01_inc_1_DW01_inc_487'
  Processing 'fp16_add_101_DW01_sub_1_DW01_sub_806'
  Processing 'fp16_add_101_DW01_add_1_DW01_add_503'
  Processing 'fp16_add_101_DW01_ash_1_DW01_ash_393'
  Processing 'fp16_add_101_DW01_sub_2_DW01_sub_807'
  Processing 'fp16_add_101_DW_rash_0_DW_rash_196'
  Processing 'fp16_add_101_DW01_cmp2_1_DW01_cmp2_944'
  Processing 'fp16_add_101_DW01_sub_3_DW01_sub_808'
  Processing 'fp16_add_101_DW01_cmp2_2_DW01_cmp2_945'
  Processing 'fp16_add_102_DW01_inc_0_DW01_inc_488'
  Processing 'fp16_add_102_DW01_add_0_DW01_add_504'
  Processing 'fp16_add_102_DW01_sub_0_DW01_sub_809'
  Processing 'fp16_add_102_DW01_cmp2_0_DW01_cmp2_946'
  Processing 'fp16_add_102_DW01_ash_0_DW01_ash_394'
  Processing 'fp16_add_102_DW01_inc_1_DW01_inc_489'
  Processing 'fp16_add_102_DW01_sub_1_DW01_sub_810'
  Processing 'fp16_add_102_DW01_add_1_DW01_add_505'
  Processing 'fp16_add_102_DW01_ash_1_DW01_ash_395'
  Processing 'fp16_add_102_DW01_sub_2_DW01_sub_811'
  Processing 'fp16_add_102_DW_rash_0_DW_rash_197'
  Processing 'fp16_add_102_DW01_cmp2_1_DW01_cmp2_947'
  Processing 'fp16_add_102_DW01_sub_3_DW01_sub_812'
  Processing 'fp16_add_102_DW01_cmp2_2_DW01_cmp2_948'
  Processing 'fp16_add_103_DW01_inc_0_DW01_inc_490'
  Processing 'fp16_add_103_DW01_add_0_DW01_add_506'
  Processing 'fp16_add_103_DW01_sub_0_DW01_sub_813'
  Processing 'fp16_add_103_DW01_cmp2_0_DW01_cmp2_949'
  Processing 'fp16_add_103_DW01_ash_0_DW01_ash_396'
  Processing 'fp16_add_103_DW01_inc_1_DW01_inc_491'
  Processing 'fp16_add_103_DW01_sub_1_DW01_sub_814'
  Processing 'fp16_add_103_DW01_add_1_DW01_add_507'
  Processing 'fp16_add_103_DW01_ash_1_DW01_ash_397'
  Processing 'fp16_add_103_DW01_sub_2_DW01_sub_815'
  Processing 'fp16_add_103_DW_rash_0_DW_rash_198'
  Processing 'fp16_add_103_DW01_cmp2_1_DW01_cmp2_950'
  Processing 'fp16_add_103_DW01_sub_3_DW01_sub_816'
  Processing 'fp16_add_103_DW01_cmp2_2_DW01_cmp2_951'
  Processing 'fp16_add_104_DW01_inc_0_DW01_inc_492'
  Processing 'fp16_add_104_DW01_add_0_DW01_add_508'
  Processing 'fp16_add_104_DW01_sub_0_DW01_sub_817'
  Processing 'fp16_add_104_DW01_cmp2_0_DW01_cmp2_952'
  Processing 'fp16_add_104_DW01_ash_0_DW01_ash_398'
  Processing 'fp16_add_104_DW01_inc_1_DW01_inc_493'
  Processing 'fp16_add_104_DW01_sub_1_DW01_sub_818'
  Processing 'fp16_add_104_DW01_add_1_DW01_add_509'
  Processing 'fp16_add_104_DW01_ash_1_DW01_ash_399'
  Processing 'fp16_add_104_DW01_sub_2_DW01_sub_819'
  Processing 'fp16_add_104_DW_rash_0_DW_rash_199'
  Processing 'fp16_add_104_DW01_cmp2_1_DW01_cmp2_953'
  Processing 'fp16_add_104_DW01_sub_3_DW01_sub_820'
  Processing 'fp16_add_104_DW01_cmp2_2_DW01_cmp2_954'
  Processing 'fp16_add_105_DW01_inc_0_DW01_inc_494'
  Processing 'fp16_add_105_DW01_add_0_DW01_add_510'
  Processing 'fp16_add_105_DW01_sub_0_DW01_sub_821'
  Processing 'fp16_add_105_DW01_cmp2_0_DW01_cmp2_955'
  Processing 'fp16_add_105_DW01_ash_0_DW01_ash_400'
  Processing 'fp16_add_105_DW01_inc_1_DW01_inc_495'
  Processing 'fp16_add_105_DW01_sub_1_DW01_sub_822'
  Processing 'fp16_add_105_DW01_add_1_DW01_add_511'
  Processing 'fp16_add_105_DW01_ash_1_DW01_ash_401'
  Processing 'fp16_add_105_DW01_sub_2_DW01_sub_823'
  Processing 'fp16_add_105_DW_rash_0_DW_rash_200'
  Processing 'fp16_add_105_DW01_cmp2_1_DW01_cmp2_956'
  Processing 'fp16_add_105_DW01_sub_3_DW01_sub_824'
  Processing 'fp16_add_105_DW01_cmp2_2_DW01_cmp2_957'
  Processing 'fp16_add_106_DW01_inc_0_DW01_inc_496'
  Processing 'fp16_add_106_DW01_add_0_DW01_add_512'
  Processing 'fp16_add_106_DW01_sub_0_DW01_sub_825'
  Processing 'fp16_add_106_DW01_cmp2_0_DW01_cmp2_958'
  Processing 'fp16_add_106_DW01_ash_0_DW01_ash_402'
  Processing 'fp16_add_106_DW01_inc_1_DW01_inc_497'
  Processing 'fp16_add_106_DW01_sub_1_DW01_sub_826'
  Processing 'fp16_add_106_DW01_add_1_DW01_add_513'
  Processing 'fp16_add_106_DW01_ash_1_DW01_ash_403'
  Processing 'fp16_add_106_DW01_sub_2_DW01_sub_827'
  Processing 'fp16_add_106_DW_rash_0_DW_rash_201'
  Processing 'fp16_add_106_DW01_cmp2_1_DW01_cmp2_959'
  Processing 'fp16_add_106_DW01_sub_3_DW01_sub_828'
  Processing 'fp16_add_106_DW01_cmp2_2_DW01_cmp2_960'
  Processing 'fp16_add_107_DW01_inc_0_DW01_inc_498'
  Processing 'fp16_add_107_DW01_add_0_DW01_add_514'
  Processing 'fp16_add_107_DW01_sub_0_DW01_sub_829'
  Processing 'fp16_add_107_DW01_cmp2_0_DW01_cmp2_961'
  Processing 'fp16_add_107_DW01_ash_0_DW01_ash_404'
  Processing 'fp16_add_107_DW01_inc_1_DW01_inc_499'
  Processing 'fp16_add_107_DW01_sub_1_DW01_sub_830'
  Processing 'fp16_add_107_DW01_add_1_DW01_add_515'
  Processing 'fp16_add_107_DW01_ash_1_DW01_ash_405'
  Processing 'fp16_add_107_DW01_sub_2_DW01_sub_831'
  Processing 'fp16_add_107_DW_rash_0_DW_rash_202'
  Processing 'fp16_add_107_DW01_cmp2_1_DW01_cmp2_962'
  Processing 'fp16_add_107_DW01_sub_3_DW01_sub_832'
  Processing 'fp16_add_107_DW01_cmp2_2_DW01_cmp2_963'
  Processing 'fp16_add_108_DW01_inc_0_DW01_inc_500'
  Processing 'fp16_add_108_DW01_add_0_DW01_add_516'
  Processing 'fp16_add_108_DW01_sub_0_DW01_sub_833'
  Processing 'fp16_add_108_DW01_cmp2_0_DW01_cmp2_964'
  Processing 'fp16_add_108_DW01_ash_0_DW01_ash_406'
  Processing 'fp16_add_108_DW01_inc_1_DW01_inc_501'
  Processing 'fp16_add_108_DW01_sub_1_DW01_sub_834'
  Processing 'fp16_add_108_DW01_add_1_DW01_add_517'
  Processing 'fp16_add_108_DW01_ash_1_DW01_ash_407'
  Processing 'fp16_add_108_DW01_sub_2_DW01_sub_835'
  Processing 'fp16_add_108_DW_rash_0_DW_rash_203'
  Processing 'fp16_add_108_DW01_cmp2_1_DW01_cmp2_965'
  Processing 'fp16_add_108_DW01_sub_3_DW01_sub_836'
  Processing 'fp16_add_108_DW01_cmp2_2_DW01_cmp2_966'
  Processing 'fp16_add_109_DW01_inc_0_DW01_inc_502'
  Processing 'fp16_add_109_DW01_add_0_DW01_add_518'
  Processing 'fp16_add_109_DW01_sub_0_DW01_sub_837'
  Processing 'fp16_add_109_DW01_cmp2_0_DW01_cmp2_967'
  Processing 'fp16_add_109_DW01_ash_0_DW01_ash_408'
  Processing 'fp16_add_109_DW01_inc_1_DW01_inc_503'
  Processing 'fp16_add_109_DW01_sub_1_DW01_sub_838'
  Processing 'fp16_add_109_DW01_add_1_DW01_add_519'
  Processing 'fp16_add_109_DW01_ash_1_DW01_ash_409'
  Processing 'fp16_add_109_DW01_sub_2_DW01_sub_839'
  Processing 'fp16_add_109_DW_rash_0_DW_rash_204'
  Processing 'fp16_add_109_DW01_cmp2_1_DW01_cmp2_968'
  Processing 'fp16_add_109_DW01_sub_3_DW01_sub_840'
  Processing 'fp16_add_109_DW01_cmp2_2_DW01_cmp2_969'
  Processing 'fp16_add_110_DW01_inc_0_DW01_inc_504'
  Processing 'fp16_add_110_DW01_add_0_DW01_add_520'
  Processing 'fp16_add_110_DW01_sub_0_DW01_sub_841'
  Processing 'fp16_add_110_DW01_cmp2_0_DW01_cmp2_970'
  Processing 'fp16_add_110_DW01_ash_0_DW01_ash_410'
  Processing 'fp16_add_110_DW01_inc_1_DW01_inc_505'
  Processing 'fp16_add_110_DW01_sub_1_DW01_sub_842'
  Processing 'fp16_add_110_DW01_add_1_DW01_add_521'
  Processing 'fp16_add_110_DW01_ash_1_DW01_ash_411'
  Processing 'fp16_add_110_DW01_sub_2_DW01_sub_843'
  Processing 'fp16_add_110_DW_rash_0_DW_rash_205'
  Processing 'fp16_add_110_DW01_cmp2_1_DW01_cmp2_971'
  Processing 'fp16_add_110_DW01_sub_3_DW01_sub_844'
  Processing 'fp16_add_110_DW01_cmp2_2_DW01_cmp2_972'
  Processing 'fp16_add_111_DW01_inc_0_DW01_inc_506'
  Processing 'fp16_add_111_DW01_add_0_DW01_add_522'
  Processing 'fp16_add_111_DW01_sub_0_DW01_sub_845'
  Processing 'fp16_add_111_DW01_cmp2_0_DW01_cmp2_973'
  Processing 'fp16_add_111_DW01_ash_0_DW01_ash_412'
  Processing 'fp16_add_111_DW01_inc_1_DW01_inc_507'
  Processing 'fp16_add_111_DW01_sub_1_DW01_sub_846'
  Processing 'fp16_add_111_DW01_add_1_DW01_add_523'
  Processing 'fp16_add_111_DW01_ash_1_DW01_ash_413'
  Processing 'fp16_add_111_DW01_sub_2_DW01_sub_847'
  Processing 'fp16_add_111_DW_rash_0_DW_rash_206'
  Processing 'fp16_add_111_DW01_cmp2_1_DW01_cmp2_974'
  Processing 'fp16_add_111_DW01_sub_3_DW01_sub_848'
  Processing 'fp16_add_111_DW01_cmp2_2_DW01_cmp2_975'
  Processing 'fp16_add_112_DW01_inc_0_DW01_inc_508'
  Processing 'fp16_add_112_DW01_add_0_DW01_add_524'
  Processing 'fp16_add_112_DW01_sub_0_DW01_sub_849'
  Processing 'fp16_add_112_DW01_cmp2_0_DW01_cmp2_976'
  Processing 'fp16_add_112_DW01_ash_0_DW01_ash_414'
  Processing 'fp16_add_112_DW01_inc_1_DW01_inc_509'
  Processing 'fp16_add_112_DW01_sub_1_DW01_sub_850'
  Processing 'fp16_add_112_DW01_add_1_DW01_add_525'
  Processing 'fp16_add_112_DW01_ash_1_DW01_ash_415'
  Processing 'fp16_add_112_DW01_sub_2_DW01_sub_851'
  Processing 'fp16_add_112_DW_rash_0_DW_rash_207'
  Processing 'fp16_add_112_DW01_cmp2_1_DW01_cmp2_977'
  Processing 'fp16_add_112_DW01_sub_3_DW01_sub_852'
  Processing 'fp16_add_112_DW01_cmp2_2_DW01_cmp2_978'
  Processing 'fp16_add_113_DW01_inc_0_DW01_inc_510'
  Processing 'fp16_add_113_DW01_add_0_DW01_add_526'
  Processing 'fp16_add_113_DW01_sub_0_DW01_sub_853'
  Processing 'fp16_add_113_DW01_cmp2_0_DW01_cmp2_979'
  Processing 'fp16_add_113_DW01_ash_0_DW01_ash_416'
  Processing 'fp16_add_113_DW01_inc_1_DW01_inc_511'
  Processing 'fp16_add_113_DW01_sub_1_DW01_sub_854'
  Processing 'fp16_add_113_DW01_add_1_DW01_add_527'
  Processing 'fp16_add_113_DW01_ash_1_DW01_ash_417'
  Processing 'fp16_add_113_DW01_sub_2_DW01_sub_855'
  Processing 'fp16_add_113_DW_rash_0_DW_rash_208'
  Processing 'fp16_add_113_DW01_cmp2_1_DW01_cmp2_980'
  Processing 'fp16_add_113_DW01_sub_3_DW01_sub_856'
  Processing 'fp16_add_113_DW01_cmp2_2_DW01_cmp2_981'
  Processing 'fp16_add_114_DW01_inc_0_DW01_inc_512'
  Processing 'fp16_add_114_DW01_add_0_DW01_add_528'
  Processing 'fp16_add_114_DW01_sub_0_DW01_sub_857'
  Processing 'fp16_add_114_DW01_cmp2_0_DW01_cmp2_982'
  Processing 'fp16_add_114_DW01_ash_0_DW01_ash_418'
  Processing 'fp16_add_114_DW01_inc_1_DW01_inc_513'
  Processing 'fp16_add_114_DW01_sub_1_DW01_sub_858'
  Processing 'fp16_add_114_DW01_add_1_DW01_add_529'
  Processing 'fp16_add_114_DW01_ash_1_DW01_ash_419'
  Processing 'fp16_add_114_DW01_sub_2_DW01_sub_859'
  Processing 'fp16_add_114_DW_rash_0_DW_rash_209'
  Processing 'fp16_add_114_DW01_cmp2_1_DW01_cmp2_983'
  Processing 'fp16_add_114_DW01_sub_3_DW01_sub_860'
  Processing 'fp16_add_114_DW01_cmp2_2_DW01_cmp2_984'
  Processing 'fp16_add_115_DW01_inc_0_DW01_inc_514'
  Processing 'fp16_add_115_DW01_add_0_DW01_add_530'
  Processing 'fp16_add_115_DW01_sub_0_DW01_sub_861'
  Processing 'fp16_add_115_DW01_cmp2_0_DW01_cmp2_985'
  Processing 'fp16_add_115_DW01_ash_0_DW01_ash_420'
  Processing 'fp16_add_115_DW01_inc_1_DW01_inc_515'
  Processing 'fp16_add_115_DW01_sub_1_DW01_sub_862'
  Processing 'fp16_add_115_DW01_add_1_DW01_add_531'
  Processing 'fp16_add_115_DW01_ash_1_DW01_ash_421'
  Processing 'fp16_add_115_DW01_sub_2_DW01_sub_863'
  Processing 'fp16_add_115_DW_rash_0_DW_rash_210'
  Processing 'fp16_add_115_DW01_cmp2_1_DW01_cmp2_986'
  Processing 'fp16_add_115_DW01_sub_3_DW01_sub_864'
  Processing 'fp16_add_115_DW01_cmp2_2_DW01_cmp2_987'
  Processing 'fp16_add_116_DW01_inc_0_DW01_inc_516'
  Processing 'fp16_add_116_DW01_add_0_DW01_add_532'
  Processing 'fp16_add_116_DW01_sub_0_DW01_sub_865'
  Processing 'fp16_add_116_DW01_cmp2_0_DW01_cmp2_988'
  Processing 'fp16_add_116_DW01_ash_0_DW01_ash_422'
  Processing 'fp16_add_116_DW01_inc_1_DW01_inc_517'
  Processing 'fp16_add_116_DW01_sub_1_DW01_sub_866'
  Processing 'fp16_add_116_DW01_add_1_DW01_add_533'
  Processing 'fp16_add_116_DW01_ash_1_DW01_ash_423'
  Processing 'fp16_add_116_DW01_sub_2_DW01_sub_867'
  Processing 'fp16_add_116_DW_rash_0_DW_rash_211'
  Processing 'fp16_add_116_DW01_cmp2_1_DW01_cmp2_989'
  Processing 'fp16_add_116_DW01_sub_3_DW01_sub_868'
  Processing 'fp16_add_116_DW01_cmp2_2_DW01_cmp2_990'
  Processing 'fp16_add_117_DW01_inc_0_DW01_inc_518'
  Processing 'fp16_add_117_DW01_add_0_DW01_add_534'
  Processing 'fp16_add_117_DW01_sub_0_DW01_sub_869'
  Processing 'fp16_add_117_DW01_cmp2_0_DW01_cmp2_991'
  Processing 'fp16_add_117_DW01_ash_0_DW01_ash_424'
  Processing 'fp16_add_117_DW01_inc_1_DW01_inc_519'
  Processing 'fp16_add_117_DW01_sub_1_DW01_sub_870'
  Processing 'fp16_add_117_DW01_add_1_DW01_add_535'
  Processing 'fp16_add_117_DW01_ash_1_DW01_ash_425'
  Processing 'fp16_add_117_DW01_sub_2_DW01_sub_871'
  Processing 'fp16_add_117_DW_rash_0_DW_rash_212'
  Processing 'fp16_add_117_DW01_cmp2_1_DW01_cmp2_992'
  Processing 'fp16_add_117_DW01_sub_3_DW01_sub_872'
  Processing 'fp16_add_117_DW01_cmp2_2_DW01_cmp2_993'
  Processing 'fp16_add_118_DW01_inc_0_DW01_inc_520'
  Processing 'fp16_add_118_DW01_add_0_DW01_add_536'
  Processing 'fp16_add_118_DW01_sub_0_DW01_sub_873'
  Processing 'fp16_add_118_DW01_cmp2_0_DW01_cmp2_994'
  Processing 'fp16_add_118_DW01_ash_0_DW01_ash_426'
  Processing 'fp16_add_118_DW01_inc_1_DW01_inc_521'
  Processing 'fp16_add_118_DW01_sub_1_DW01_sub_874'
  Processing 'fp16_add_118_DW01_add_1_DW01_add_537'
  Processing 'fp16_add_118_DW01_ash_1_DW01_ash_427'
  Processing 'fp16_add_118_DW01_sub_2_DW01_sub_875'
  Processing 'fp16_add_118_DW_rash_0_DW_rash_213'
  Processing 'fp16_add_118_DW01_cmp2_1_DW01_cmp2_995'
  Processing 'fp16_add_118_DW01_sub_3_DW01_sub_876'
  Processing 'fp16_add_118_DW01_cmp2_2_DW01_cmp2_996'
  Processing 'fp16_add_119_DW01_inc_0_DW01_inc_522'
  Processing 'fp16_add_119_DW01_add_0_DW01_add_538'
  Processing 'fp16_add_119_DW01_sub_0_DW01_sub_877'
  Processing 'fp16_add_119_DW01_cmp2_0_DW01_cmp2_997'
  Processing 'fp16_add_119_DW01_ash_0_DW01_ash_428'
  Processing 'fp16_add_119_DW01_inc_1_DW01_inc_523'
  Processing 'fp16_add_119_DW01_sub_1_DW01_sub_878'
  Processing 'fp16_add_119_DW01_add_1_DW01_add_539'
  Processing 'fp16_add_119_DW01_ash_1_DW01_ash_429'
  Processing 'fp16_add_119_DW01_sub_2_DW01_sub_879'
  Processing 'fp16_add_119_DW_rash_0_DW_rash_214'
  Processing 'fp16_add_119_DW01_cmp2_1_DW01_cmp2_998'
  Processing 'fp16_add_119_DW01_sub_3_DW01_sub_880'
  Processing 'fp16_add_119_DW01_cmp2_2_DW01_cmp2_999'
  Processing 'fp16_add_120_DW01_inc_0_DW01_inc_524'
  Processing 'fp16_add_120_DW01_add_0_DW01_add_540'
  Processing 'fp16_add_120_DW01_sub_0_DW01_sub_881'
  Processing 'fp16_add_120_DW01_cmp2_0_DW01_cmp2_1000'
  Processing 'fp16_add_120_DW01_ash_0_DW01_ash_430'
  Processing 'fp16_add_120_DW01_inc_1_DW01_inc_525'
  Processing 'fp16_add_120_DW01_sub_1_DW01_sub_882'
  Processing 'fp16_add_120_DW01_add_1_DW01_add_541'
  Processing 'fp16_add_120_DW01_ash_1_DW01_ash_431'
  Processing 'fp16_add_120_DW01_sub_2_DW01_sub_883'
  Processing 'fp16_add_120_DW_rash_0_DW_rash_215'
  Processing 'fp16_add_120_DW01_cmp2_1_DW01_cmp2_1001'
  Processing 'fp16_add_120_DW01_sub_3_DW01_sub_884'
  Processing 'fp16_add_120_DW01_cmp2_2_DW01_cmp2_1002'
  Processing 'fp16_add_121_DW01_inc_0_DW01_inc_526'
  Processing 'fp16_add_121_DW01_add_0_DW01_add_542'
  Processing 'fp16_add_121_DW01_sub_0_DW01_sub_885'
  Processing 'fp16_add_121_DW01_cmp2_0_DW01_cmp2_1003'
  Processing 'fp16_add_121_DW01_ash_0_DW01_ash_432'
  Processing 'fp16_add_121_DW01_inc_1_DW01_inc_527'
  Processing 'fp16_add_121_DW01_sub_1_DW01_sub_886'
  Processing 'fp16_add_121_DW01_add_1_DW01_add_543'
  Processing 'fp16_add_121_DW01_ash_1_DW01_ash_433'
  Processing 'fp16_add_121_DW01_sub_2_DW01_sub_887'
  Processing 'fp16_add_121_DW_rash_0_DW_rash_216'
  Processing 'fp16_add_121_DW01_cmp2_1_DW01_cmp2_1004'
  Processing 'fp16_add_121_DW01_sub_3_DW01_sub_888'
  Processing 'fp16_add_121_DW01_cmp2_2_DW01_cmp2_1005'
  Processing 'fp16_add_122_DW01_inc_0_DW01_inc_528'
  Processing 'fp16_add_122_DW01_add_0_DW01_add_544'
  Processing 'fp16_add_122_DW01_sub_0_DW01_sub_889'
  Processing 'fp16_add_122_DW01_cmp2_0_DW01_cmp2_1006'
  Processing 'fp16_add_122_DW01_ash_0_DW01_ash_434'
  Processing 'fp16_add_122_DW01_inc_1_DW01_inc_529'
  Processing 'fp16_add_122_DW01_sub_1_DW01_sub_890'
  Processing 'fp16_add_122_DW01_add_1_DW01_add_545'
  Processing 'fp16_add_122_DW01_ash_1_DW01_ash_435'
  Processing 'fp16_add_122_DW01_sub_2_DW01_sub_891'
  Processing 'fp16_add_122_DW_rash_0_DW_rash_217'
  Processing 'fp16_add_122_DW01_cmp2_1_DW01_cmp2_1007'
  Processing 'fp16_add_122_DW01_sub_3_DW01_sub_892'
  Processing 'fp16_add_122_DW01_cmp2_2_DW01_cmp2_1008'
  Processing 'fp16_add_123_DW01_inc_0_DW01_inc_530'
  Processing 'fp16_add_123_DW01_add_0_DW01_add_546'
  Processing 'fp16_add_123_DW01_sub_0_DW01_sub_893'
  Processing 'fp16_add_123_DW01_cmp2_0_DW01_cmp2_1009'
  Processing 'fp16_add_123_DW01_ash_0_DW01_ash_436'
  Processing 'fp16_add_123_DW01_inc_1_DW01_inc_531'
  Processing 'fp16_add_123_DW01_sub_1_DW01_sub_894'
  Processing 'fp16_add_123_DW01_add_1_DW01_add_547'
  Processing 'fp16_add_123_DW01_ash_1_DW01_ash_437'
  Processing 'fp16_add_123_DW01_sub_2_DW01_sub_895'
  Processing 'fp16_add_123_DW_rash_0_DW_rash_218'
  Processing 'fp16_add_123_DW01_cmp2_1_DW01_cmp2_1010'
  Processing 'fp16_add_123_DW01_sub_3_DW01_sub_896'
  Processing 'fp16_add_123_DW01_cmp2_2_DW01_cmp2_1011'
  Processing 'fp16_add_124_DW01_inc_0_DW01_inc_532'
  Processing 'fp16_add_124_DW01_add_0_DW01_add_548'
  Processing 'fp16_add_124_DW01_sub_0_DW01_sub_897'
  Processing 'fp16_add_124_DW01_cmp2_0_DW01_cmp2_1012'
  Processing 'fp16_add_124_DW01_ash_0_DW01_ash_438'
  Processing 'fp16_add_124_DW01_inc_1_DW01_inc_533'
  Processing 'fp16_add_124_DW01_sub_1_DW01_sub_898'
  Processing 'fp16_add_124_DW01_add_1_DW01_add_549'
  Processing 'fp16_add_124_DW01_ash_1_DW01_ash_439'
  Processing 'fp16_add_124_DW01_sub_2_DW01_sub_899'
  Processing 'fp16_add_124_DW_rash_0_DW_rash_219'
  Processing 'fp16_add_124_DW01_cmp2_1_DW01_cmp2_1013'
  Processing 'fp16_add_124_DW01_sub_3_DW01_sub_900'
  Processing 'fp16_add_124_DW01_cmp2_2_DW01_cmp2_1014'
  Processing 'fp16_add_125_DW01_inc_0_DW01_inc_534'
  Processing 'fp16_add_125_DW01_add_0_DW01_add_550'
  Processing 'fp16_add_125_DW01_sub_0_DW01_sub_901'
  Processing 'fp16_add_125_DW01_cmp2_0_DW01_cmp2_1015'
  Processing 'fp16_add_125_DW01_ash_0_DW01_ash_440'
  Processing 'fp16_add_125_DW01_inc_1_DW01_inc_535'
  Processing 'fp16_add_125_DW01_sub_1_DW01_sub_902'
  Processing 'fp16_add_125_DW01_add_1_DW01_add_551'
  Processing 'fp16_add_125_DW01_ash_1_DW01_ash_441'
  Processing 'fp16_add_125_DW01_sub_2_DW01_sub_903'
  Processing 'fp16_add_125_DW_rash_0_DW_rash_220'
  Processing 'fp16_add_125_DW01_cmp2_1_DW01_cmp2_1016'
  Processing 'fp16_add_125_DW01_sub_3_DW01_sub_904'
  Processing 'fp16_add_125_DW01_cmp2_2_DW01_cmp2_1017'
  Processing 'fp16_add_126_DW01_inc_0_DW01_inc_536'
  Processing 'fp16_add_126_DW01_add_0_DW01_add_552'
  Processing 'fp16_add_126_DW01_sub_0_DW01_sub_905'
  Processing 'fp16_add_126_DW01_cmp2_0_DW01_cmp2_1018'
  Processing 'fp16_add_126_DW01_ash_0_DW01_ash_442'
  Processing 'fp16_add_126_DW01_inc_1_DW01_inc_537'
  Processing 'fp16_add_126_DW01_sub_1_DW01_sub_906'
  Processing 'fp16_add_126_DW01_add_1_DW01_add_553'
  Processing 'fp16_add_126_DW01_ash_1_DW01_ash_443'
  Processing 'fp16_add_126_DW01_sub_2_DW01_sub_907'
  Processing 'fp16_add_126_DW_rash_0_DW_rash_221'
  Processing 'fp16_add_126_DW01_cmp2_1_DW01_cmp2_1019'
  Processing 'fp16_add_126_DW01_sub_3_DW01_sub_908'
  Processing 'fp16_add_126_DW01_cmp2_2_DW01_cmp2_1020'
  Processing 'fp16_add_127_DW01_inc_0_DW01_inc_538'
  Processing 'fp16_add_127_DW01_add_0_DW01_add_554'
  Processing 'fp16_add_127_DW01_sub_0_DW01_sub_909'
  Processing 'fp16_add_127_DW01_cmp2_0_DW01_cmp2_1021'
  Processing 'fp16_add_127_DW01_ash_0_DW01_ash_444'
  Processing 'fp16_add_127_DW01_inc_1_DW01_inc_539'
  Processing 'fp16_add_127_DW01_sub_1_DW01_sub_910'
  Processing 'fp16_add_127_DW01_add_1_DW01_add_555'
  Processing 'fp16_add_127_DW01_ash_1_DW01_ash_445'
  Processing 'fp16_add_127_DW01_sub_2_DW01_sub_911'
  Processing 'fp16_add_127_DW_rash_0_DW_rash_222'
  Processing 'fp16_add_127_DW01_cmp2_1_DW01_cmp2_1022'
  Processing 'fp16_add_127_DW01_sub_3_DW01_sub_912'
  Processing 'fp16_add_127_DW01_cmp2_2_DW01_cmp2_1023'
  Processing 'fp16_add_128_DW01_inc_0_DW01_inc_540'
  Processing 'fp16_add_128_DW01_add_0_DW01_add_556'
  Processing 'fp16_add_128_DW01_sub_0_DW01_sub_913'
  Processing 'fp16_add_128_DW01_cmp2_0_DW01_cmp2_1024'
  Processing 'fp16_add_128_DW01_ash_0_DW01_ash_446'
  Processing 'fp16_add_128_DW01_inc_1_DW01_inc_541'
  Processing 'fp16_add_128_DW01_sub_1_DW01_sub_914'
  Processing 'fp16_add_128_DW01_add_1_DW01_add_557'
  Processing 'fp16_add_128_DW01_ash_1_DW01_ash_447'
  Processing 'fp16_add_128_DW01_sub_2_DW01_sub_915'
  Processing 'fp16_add_128_DW_rash_0_DW_rash_223'
  Processing 'fp16_add_128_DW01_cmp2_1_DW01_cmp2_1025'
  Processing 'fp16_add_128_DW01_sub_3_DW01_sub_916'
  Processing 'fp16_add_128_DW01_cmp2_2_DW01_cmp2_1026'
  Processing 'fp16_add_129_DW01_inc_0_DW01_inc_542'
  Processing 'fp16_add_129_DW01_add_0_DW01_add_558'
  Processing 'fp16_add_129_DW01_sub_0_DW01_sub_917'
  Processing 'fp16_add_129_DW01_cmp2_0_DW01_cmp2_1027'
  Processing 'fp16_add_129_DW01_ash_0_DW01_ash_448'
  Processing 'fp16_add_129_DW01_inc_1_DW01_inc_543'
  Processing 'fp16_add_129_DW01_sub_1_DW01_sub_918'
  Processing 'fp16_add_129_DW01_add_1_DW01_add_559'
  Processing 'fp16_add_129_DW01_ash_1_DW01_ash_449'
  Processing 'fp16_add_129_DW01_sub_2_DW01_sub_919'
  Processing 'fp16_add_129_DW_rash_0_DW_rash_224'
  Processing 'fp16_add_129_DW01_cmp2_1_DW01_cmp2_1028'
  Processing 'fp16_add_129_DW01_sub_3_DW01_sub_920'
  Processing 'fp16_add_129_DW01_cmp2_2_DW01_cmp2_1029'
  Processing 'fp16_add_130_DW01_inc_0_DW01_inc_544'
  Processing 'fp16_add_130_DW01_add_0_DW01_add_560'
  Processing 'fp16_add_130_DW01_sub_0_DW01_sub_921'
  Processing 'fp16_add_130_DW01_cmp2_0_DW01_cmp2_1030'
  Processing 'fp16_add_130_DW01_ash_0_DW01_ash_450'
  Processing 'fp16_add_130_DW01_inc_1_DW01_inc_545'
  Processing 'fp16_add_130_DW01_sub_1_DW01_sub_922'
  Processing 'fp16_add_130_DW01_add_1_DW01_add_561'
  Processing 'fp16_add_130_DW01_ash_1_DW01_ash_451'
  Processing 'fp16_add_130_DW01_sub_2_DW01_sub_923'
  Processing 'fp16_add_130_DW_rash_0_DW_rash_225'
  Processing 'fp16_add_130_DW01_cmp2_1_DW01_cmp2_1031'
  Processing 'fp16_add_130_DW01_sub_3_DW01_sub_924'
  Processing 'fp16_add_130_DW01_cmp2_2_DW01_cmp2_1032'
  Processing 'fp16_add_131_DW01_inc_0_DW01_inc_546'
  Processing 'fp16_add_131_DW01_add_0_DW01_add_562'
  Processing 'fp16_add_131_DW01_sub_0_DW01_sub_925'
  Processing 'fp16_add_131_DW01_cmp2_0_DW01_cmp2_1033'
  Processing 'fp16_add_131_DW01_ash_0_DW01_ash_452'
  Processing 'fp16_add_131_DW01_inc_1_DW01_inc_547'
  Processing 'fp16_add_131_DW01_sub_1_DW01_sub_926'
  Processing 'fp16_add_131_DW01_add_1_DW01_add_563'
  Processing 'fp16_add_131_DW01_ash_1_DW01_ash_453'
  Processing 'fp16_add_131_DW01_sub_2_DW01_sub_927'
  Processing 'fp16_add_131_DW_rash_0_DW_rash_226'
  Processing 'fp16_add_131_DW01_cmp2_1_DW01_cmp2_1034'
  Processing 'fp16_add_131_DW01_sub_3_DW01_sub_928'
  Processing 'fp16_add_131_DW01_cmp2_2_DW01_cmp2_1035'
  Processing 'fp16_add_0_DW01_inc_0_DW01_inc_548'
  Processing 'fp16_add_0_DW01_add_0_DW01_add_564'
  Processing 'fp16_add_0_DW01_sub_0_DW01_sub_929'
  Processing 'fp16_add_0_DW01_cmp2_0_DW01_cmp2_1036'
  Processing 'fp16_add_0_DW01_ash_0_DW01_ash_454'
  Processing 'fp16_add_0_DW01_inc_1_DW01_inc_549'
  Processing 'fp16_add_0_DW01_sub_1_DW01_sub_930'
  Processing 'fp16_add_0_DW01_add_1_DW01_add_565'
  Processing 'fp16_add_0_DW01_ash_1_DW01_ash_455'
  Processing 'fp16_add_0_DW01_sub_2_DW01_sub_931'
  Processing 'fp16_add_0_DW_rash_0_DW_rash_227'
  Processing 'fp16_add_0_DW01_cmp2_1_DW01_cmp2_1037'
  Processing 'fp16_add_0_DW01_sub_3_DW01_sub_932'
  Processing 'fp16_add_0_DW01_cmp2_2_DW01_cmp2_1038'
  Processing 'fp16_mult_49_DW01_cmp2_0_DW01_cmp2_1039'
  Processing 'fp16_mult_49_DW01_cmp2_1_DW01_cmp2_1040'
  Processing 'fp16_mult_49_DW01_inc_0_DW01_inc_550'
  Processing 'fp16_mult_49_DW01_add_0_DW01_add_566'
  Processing 'fp16_mult_50_DW01_cmp2_0_DW01_cmp2_1041'
  Processing 'fp16_mult_50_DW01_cmp2_1_DW01_cmp2_1042'
  Processing 'fp16_mult_50_DW01_inc_0_DW01_inc_551'
  Processing 'fp16_mult_50_DW01_add_0_DW01_add_567'
  Processing 'fp16_mult_51_DW01_cmp2_0_DW01_cmp2_1043'
  Processing 'fp16_mult_51_DW01_cmp2_1_DW01_cmp2_1044'
  Processing 'fp16_mult_51_DW01_inc_0_DW01_inc_552'
  Processing 'fp16_mult_51_DW01_add_0_DW01_add_568'
  Processing 'fp16_mult_52_DW01_cmp2_0_DW01_cmp2_1045'
  Processing 'fp16_mult_52_DW01_cmp2_1_DW01_cmp2_1046'
  Processing 'fp16_mult_52_DW01_inc_0_DW01_inc_553'
  Processing 'fp16_mult_52_DW01_add_0_DW01_add_569'
  Processing 'fp16_mult_53_DW01_cmp2_0_DW01_cmp2_1047'
  Processing 'fp16_mult_53_DW01_cmp2_1_DW01_cmp2_1048'
  Processing 'fp16_mult_53_DW01_inc_0_DW01_inc_554'
  Processing 'fp16_mult_53_DW01_add_0_DW01_add_570'
  Processing 'fp16_mult_54_DW01_cmp2_0_DW01_cmp2_1049'
  Processing 'fp16_mult_54_DW01_cmp2_1_DW01_cmp2_1050'
  Processing 'fp16_mult_54_DW01_inc_0_DW01_inc_555'
  Processing 'fp16_mult_54_DW01_add_0_DW01_add_571'
  Processing 'fp16_mult_55_DW01_cmp2_0_DW01_cmp2_1051'
  Processing 'fp16_mult_55_DW01_cmp2_1_DW01_cmp2_1052'
  Processing 'fp16_mult_55_DW01_inc_0_DW01_inc_556'
  Processing 'fp16_mult_55_DW01_add_0_DW01_add_572'
  Processing 'fp16_mult_56_DW01_cmp2_0_DW01_cmp2_1053'
  Processing 'fp16_mult_56_DW01_cmp2_1_DW01_cmp2_1054'
  Processing 'fp16_mult_56_DW01_inc_0_DW01_inc_557'
  Processing 'fp16_mult_56_DW01_add_0_DW01_add_573'
  Processing 'fp16_mult_57_DW01_cmp2_0_DW01_cmp2_1055'
  Processing 'fp16_mult_57_DW01_cmp2_1_DW01_cmp2_1056'
  Processing 'fp16_mult_57_DW01_inc_0_DW01_inc_558'
  Processing 'fp16_mult_57_DW01_add_0_DW01_add_574'
  Processing 'fp16_mult_58_DW01_cmp2_0_DW01_cmp2_1057'
  Processing 'fp16_mult_58_DW01_cmp2_1_DW01_cmp2_1058'
  Processing 'fp16_mult_58_DW01_inc_0_DW01_inc_559'
  Processing 'fp16_mult_58_DW01_add_0_DW01_add_575'
  Processing 'fp16_mult_59_DW01_cmp2_0_DW01_cmp2_1059'
  Processing 'fp16_mult_59_DW01_cmp2_1_DW01_cmp2_1060'
  Processing 'fp16_mult_59_DW01_inc_0_DW01_inc_560'
  Processing 'fp16_mult_59_DW01_add_0_DW01_add_576'
  Processing 'fp16_mult_60_DW01_cmp2_0_DW01_cmp2_1061'
  Processing 'fp16_mult_60_DW01_cmp2_1_DW01_cmp2_1062'
  Processing 'fp16_mult_60_DW01_inc_0_DW01_inc_561'
  Processing 'fp16_mult_60_DW01_add_0_DW01_add_577'
  Processing 'fp16_mult_61_DW01_cmp2_0_DW01_cmp2_1063'
  Processing 'fp16_mult_61_DW01_cmp2_1_DW01_cmp2_1064'
  Processing 'fp16_mult_61_DW01_inc_0_DW01_inc_562'
  Processing 'fp16_mult_61_DW01_add_0_DW01_add_578'
  Processing 'fp16_mult_62_DW01_cmp2_0_DW01_cmp2_1065'
  Processing 'fp16_mult_62_DW01_cmp2_1_DW01_cmp2_1066'
  Processing 'fp16_mult_62_DW01_inc_0_DW01_inc_563'
  Processing 'fp16_mult_62_DW01_add_0_DW01_add_579'
  Processing 'fp16_mult_63_DW01_cmp2_0_DW01_cmp2_1067'
  Processing 'fp16_mult_63_DW01_cmp2_1_DW01_cmp2_1068'
  Processing 'fp16_mult_63_DW01_inc_0_DW01_inc_564'
  Processing 'fp16_mult_63_DW01_add_0_DW01_add_580'
  Processing 'fp16_mult_0_DW01_cmp2_0_DW01_cmp2_1069'
  Processing 'fp16_mult_0_DW01_cmp2_1_DW01_cmp2_1070'
  Processing 'fp16_mult_0_DW01_inc_0_DW01_inc_565'
  Processing 'fp16_mult_0_DW01_add_0_DW01_add_581'
  Processing 'kv_tlb_top_ENTRIES32_DW01_inc_0_DW01_inc_566'
  Processing 'kv_tlb_top_ENTRIES32_DW01_add_0_DW01_add_582'
  Processing 'kv_scan_planner_ENTRIES32_DW01_add_0_DW01_add_583'
  Processing 'kv_scan_planner_ENTRIES32_DW01_cmp2_0_DW01_cmp2_1071'
  Processing 'kv_scan_planner_ENTRIES32_DW01_cmp2_1_DW01_cmp2_1072'
  Processing 'kv_scan_planner_ENTRIES32_DW01_cmp6_0_DW01_cmp6_46'
  Processing 'kv_scan_planner_ENTRIES32_DW01_cmp6_1_DW01_cmp6_47'
  Processing 'kv_scan_planner_ENTRIES32_DW01_add_1_DW01_add_584'
  Processing 'kv_scan_planner_ENTRIES32_DW01_sub_0_DW01_sub_933'
  Processing 'kv_scan_planner_ENTRIES32_DW01_sub_1_DW01_sub_934'
  Processing 'kv_scan_planner_ENTRIES32_DW01_cmp2_2_DW01_cmp2_1073'
  Processing 'kv_scan_planner_ENTRIES32_DW01_cmp2_3_DW01_cmp2_1074'
  Processing 'kv_scan_planner_ENTRIES32_DW01_cmp2_4_DW01_cmp2_1075'
  Processing 'kv_ptw_DW01_inc_0_DW01_inc_567'
  Processing 'kv_ptw_DW01_dec_0_DW01_dec_2'
  Processing 'kv_ptw_DW01_cmp2_0_DW01_cmp2_1076'
  Processing 'kv_ptw_DW01_cmp2_1_DW01_cmp2_1077'
  Processing 'kv_ptw_DW01_dec_1_DW01_dec_3'
  Processing 'kv_ptw_DW01_cmp2_2_DW01_cmp2_1078'
  Processing 'kv_ptw_DW01_add_0_DW01_add_585'
  Processing 'kv_ptw_DW01_add_1_DW01_add_586'
  Processing 'kv_ptw_DW01_add_2_DW01_add_587'
  Processing 'kv_ptw_DW01_add_3_DW01_add_588'
  Processing 'kv_ptw_DW01_inc_1_DW01_inc_568'
  Processing 'kv_ptw_DW01_cmp2_3_DW01_cmp2_1079'
  Processing 'kv_seg_tlb_ENTRIES32_DW01_cmp2_0_DW01_cmp2_1080'
  Processing 'kv_seg_tlb_ENTRIES32_DW01_cmp2_1_DW01_cmp2_1081'
  Processing 'kv_seg_tlb_ENTRIES32_DW01_cmp2_2_DW01_cmp2_1082'
  Processing 'kv_seg_tlb_ENTRIES32_DW01_cmp2_3_DW01_cmp2_1083'
  Processing 'kv_seg_tlb_ENTRIES32_DW01_cmp2_4_DW01_cmp2_1084'
  Processing 'kv_seg_tlb_ENTRIES32_DW01_cmp2_5_DW01_cmp2_1085'
  Processing 'kv_seg_tlb_ENTRIES32_DW01_cmp2_6_DW01_cmp2_1086'
  Processing 'kv_seg_tlb_ENTRIES32_DW01_cmp2_7_DW01_cmp2_1087'
  Processing 'kv_seg_tlb_ENTRIES32_DW01_cmp2_8_DW01_cmp2_1088'
  Processing 'kv_seg_tlb_ENTRIES32_DW01_cmp2_9_DW01_cmp2_1089'
  Processing 'kv_seg_tlb_ENTRIES32_DW01_cmp2_10_DW01_cmp2_1090'
  Processing 'kv_seg_tlb_ENTRIES32_DW01_cmp2_11_DW01_cmp2_1091'
  Processing 'kv_seg_tlb_ENTRIES32_DW01_cmp2_12_DW01_cmp2_1092'
  Processing 'kv_seg_tlb_ENTRIES32_DW01_cmp2_13_DW01_cmp2_1093'
  Processing 'kv_seg_tlb_ENTRIES32_DW01_cmp2_14_DW01_cmp2_1094'
  Processing 'kv_seg_tlb_ENTRIES32_DW01_cmp2_15_DW01_cmp2_1095'
  Processing 'kv_seg_tlb_ENTRIES32_DW01_cmp2_16_DW01_cmp2_1096'
  Processing 'kv_seg_tlb_ENTRIES32_DW01_cmp2_17_DW01_cmp2_1097'
  Processing 'kv_seg_tlb_ENTRIES32_DW01_cmp2_18_DW01_cmp2_1098'
  Processing 'kv_seg_tlb_ENTRIES32_DW01_cmp2_19_DW01_cmp2_1099'
  Processing 'kv_seg_tlb_ENTRIES32_DW01_cmp2_20_DW01_cmp2_1100'
  Processing 'kv_seg_tlb_ENTRIES32_DW01_cmp2_21_DW01_cmp2_1101'
  Processing 'kv_seg_tlb_ENTRIES32_DW01_cmp2_22_DW01_cmp2_1102'
  Processing 'kv_seg_tlb_ENTRIES32_DW01_cmp2_23_DW01_cmp2_1103'
  Processing 'kv_seg_tlb_ENTRIES32_DW01_cmp2_24_DW01_cmp2_1104'
  Processing 'kv_seg_tlb_ENTRIES32_DW01_cmp2_25_DW01_cmp2_1105'
  Processing 'kv_seg_tlb_ENTRIES32_DW01_cmp2_26_DW01_cmp2_1106'
  Processing 'kv_seg_tlb_ENTRIES32_DW01_cmp2_27_DW01_cmp2_1107'
  Processing 'kv_seg_tlb_ENTRIES32_DW01_cmp2_28_DW01_cmp2_1108'
  Processing 'kv_seg_tlb_ENTRIES32_DW01_cmp2_29_DW01_cmp2_1109'
  Processing 'kv_seg_tlb_ENTRIES32_DW01_cmp2_30_DW01_cmp2_1110'
  Processing 'kv_seg_tlb_ENTRIES32_DW01_cmp2_31_DW01_cmp2_1111'
  Processing 'kv_seg_tlb_ENTRIES32_DW01_cmp2_32_DW01_cmp2_1112'
  Processing 'kv_seg_tlb_ENTRIES32_DW01_cmp6_0_DW01_cmp6_48'
  Processing 'kv_seg_tlb_ENTRIES32_DW01_cmp6_1_DW01_cmp6_49'
  Processing 'kv_seg_tlb_ENTRIES32_DW01_cmp2_33_DW01_cmp2_1113'
  Processing 'kv_seg_tlb_ENTRIES32_DW01_cmp2_34_DW01_cmp2_1114'
  Processing 'kv_seg_tlb_ENTRIES32_DW01_cmp6_2_DW01_cmp6_50'
  Processing 'kv_seg_tlb_ENTRIES32_DW01_cmp6_3_DW01_cmp6_51'
  Processing 'kv_seg_tlb_ENTRIES32_DW01_cmp2_35_DW01_cmp2_1115'
  Processing 'kv_seg_tlb_ENTRIES32_DW01_cmp2_36_DW01_cmp2_1116'
  Processing 'kv_seg_tlb_ENTRIES32_DW01_cmp6_4_DW01_cmp6_52'
  Processing 'kv_seg_tlb_ENTRIES32_DW01_cmp6_5_DW01_cmp6_53'
  Processing 'kv_seg_tlb_ENTRIES32_DW01_cmp2_37_DW01_cmp2_1117'
  Processing 'kv_seg_tlb_ENTRIES32_DW01_cmp2_38_DW01_cmp2_1118'
  Processing 'kv_seg_tlb_ENTRIES32_DW01_cmp6_6_DW01_cmp6_54'
  Processing 'kv_seg_tlb_ENTRIES32_DW01_cmp6_7_DW01_cmp6_55'
  Processing 'kv_seg_tlb_ENTRIES32_DW01_cmp2_39_DW01_cmp2_1119'
  Processing 'kv_seg_tlb_ENTRIES32_DW01_cmp2_40_DW01_cmp2_1120'
  Processing 'kv_seg_tlb_ENTRIES32_DW01_cmp6_8_DW01_cmp6_56'
  Processing 'kv_seg_tlb_ENTRIES32_DW01_cmp6_9_DW01_cmp6_57'
  Processing 'kv_seg_tlb_ENTRIES32_DW01_cmp2_41_DW01_cmp2_1121'
  Processing 'kv_seg_tlb_ENTRIES32_DW01_cmp2_42_DW01_cmp2_1122'
  Processing 'kv_seg_tlb_ENTRIES32_DW01_cmp6_10_DW01_cmp6_58'
  Processing 'kv_seg_tlb_ENTRIES32_DW01_cmp6_11_DW01_cmp6_59'
  Processing 'kv_seg_tlb_ENTRIES32_DW01_cmp2_43_DW01_cmp2_1123'
  Processing 'kv_seg_tlb_ENTRIES32_DW01_cmp2_44_DW01_cmp2_1124'
  Processing 'kv_seg_tlb_ENTRIES32_DW01_cmp6_12_DW01_cmp6_60'
  Processing 'kv_seg_tlb_ENTRIES32_DW01_cmp6_13_DW01_cmp6_61'
  Processing 'kv_seg_tlb_ENTRIES32_DW01_cmp2_45_DW01_cmp2_1125'
  Processing 'kv_seg_tlb_ENTRIES32_DW01_cmp2_46_DW01_cmp2_1126'
  Processing 'kv_seg_tlb_ENTRIES32_DW01_cmp6_14_DW01_cmp6_62'
  Processing 'kv_seg_tlb_ENTRIES32_DW01_cmp6_15_DW01_cmp6_63'
  Processing 'kv_seg_tlb_ENTRIES32_DW01_cmp2_47_DW01_cmp2_1127'
  Processing 'kv_seg_tlb_ENTRIES32_DW01_cmp2_48_DW01_cmp2_1128'
  Processing 'kv_seg_tlb_ENTRIES32_DW01_cmp6_16_DW01_cmp6_64'
  Processing 'kv_seg_tlb_ENTRIES32_DW01_cmp6_17_DW01_cmp6_65'
  Processing 'kv_seg_tlb_ENTRIES32_DW01_cmp2_49_DW01_cmp2_1129'
  Processing 'kv_seg_tlb_ENTRIES32_DW01_cmp2_50_DW01_cmp2_1130'
  Processing 'kv_seg_tlb_ENTRIES32_DW01_cmp6_18_DW01_cmp6_66'
  Processing 'kv_seg_tlb_ENTRIES32_DW01_cmp6_19_DW01_cmp6_67'
  Processing 'kv_seg_tlb_ENTRIES32_DW01_cmp2_51_DW01_cmp2_1131'
  Processing 'kv_seg_tlb_ENTRIES32_DW01_cmp2_52_DW01_cmp2_1132'
  Processing 'kv_seg_tlb_ENTRIES32_DW01_cmp6_20_DW01_cmp6_68'
  Processing 'kv_seg_tlb_ENTRIES32_DW01_cmp6_21_DW01_cmp6_69'
  Processing 'kv_seg_tlb_ENTRIES32_DW01_cmp2_53_DW01_cmp2_1133'
  Processing 'kv_seg_tlb_ENTRIES32_DW01_cmp2_54_DW01_cmp2_1134'
  Processing 'kv_seg_tlb_ENTRIES32_DW01_cmp6_22_DW01_cmp6_70'
  Processing 'kv_seg_tlb_ENTRIES32_DW01_cmp6_23_DW01_cmp6_71'
  Processing 'kv_seg_tlb_ENTRIES32_DW01_cmp2_55_DW01_cmp2_1135'
  Processing 'kv_seg_tlb_ENTRIES32_DW01_cmp2_56_DW01_cmp2_1136'
  Processing 'kv_seg_tlb_ENTRIES32_DW01_cmp6_24_DW01_cmp6_72'
  Processing 'kv_seg_tlb_ENTRIES32_DW01_cmp6_25_DW01_cmp6_73'
  Processing 'kv_seg_tlb_ENTRIES32_DW01_cmp2_57_DW01_cmp2_1137'
  Processing 'kv_seg_tlb_ENTRIES32_DW01_cmp2_58_DW01_cmp2_1138'
  Processing 'kv_seg_tlb_ENTRIES32_DW01_cmp6_26_DW01_cmp6_74'
  Processing 'kv_seg_tlb_ENTRIES32_DW01_cmp6_27_DW01_cmp6_75'
  Processing 'kv_seg_tlb_ENTRIES32_DW01_cmp2_59_DW01_cmp2_1139'
  Processing 'kv_seg_tlb_ENTRIES32_DW01_cmp2_60_DW01_cmp2_1140'
  Processing 'kv_seg_tlb_ENTRIES32_DW01_cmp6_28_DW01_cmp6_76'
  Processing 'kv_seg_tlb_ENTRIES32_DW01_cmp6_29_DW01_cmp6_77'
  Processing 'kv_seg_tlb_ENTRIES32_DW01_cmp2_61_DW01_cmp2_1141'
  Processing 'kv_seg_tlb_ENTRIES32_DW01_cmp2_62_DW01_cmp2_1142'
  Processing 'kv_seg_tlb_ENTRIES32_DW01_cmp6_30_DW01_cmp6_78'
  Processing 'kv_seg_tlb_ENTRIES32_DW01_cmp6_31_DW01_cmp6_79'
  Processing 'kv_seg_tlb_ENTRIES32_DW01_cmp2_63_DW01_cmp2_1143'
  Processing 'kv_seg_tlb_ENTRIES32_DW01_cmp2_64_DW01_cmp2_1144'
  Processing 'kv_seg_tlb_ENTRIES32_DW01_cmp6_32_DW01_cmp6_80'
  Processing 'kv_seg_tlb_ENTRIES32_DW01_cmp6_33_DW01_cmp6_81'
  Processing 'kv_seg_tlb_ENTRIES32_DW01_cmp2_65_DW01_cmp2_1145'
  Processing 'kv_seg_tlb_ENTRIES32_DW01_cmp2_66_DW01_cmp2_1146'
  Processing 'kv_seg_tlb_ENTRIES32_DW01_cmp6_34_DW01_cmp6_82'
  Processing 'kv_seg_tlb_ENTRIES32_DW01_cmp6_35_DW01_cmp6_83'
  Processing 'kv_seg_tlb_ENTRIES32_DW01_cmp2_67_DW01_cmp2_1147'
  Processing 'kv_seg_tlb_ENTRIES32_DW01_cmp2_68_DW01_cmp2_1148'
  Processing 'kv_seg_tlb_ENTRIES32_DW01_cmp6_36_DW01_cmp6_84'
  Processing 'kv_seg_tlb_ENTRIES32_DW01_cmp6_37_DW01_cmp6_85'
  Processing 'kv_seg_tlb_ENTRIES32_DW01_cmp2_69_DW01_cmp2_1149'
  Processing 'kv_seg_tlb_ENTRIES32_DW01_cmp2_70_DW01_cmp2_1150'
  Processing 'kv_seg_tlb_ENTRIES32_DW01_cmp6_38_DW01_cmp6_86'
  Processing 'kv_seg_tlb_ENTRIES32_DW01_cmp6_39_DW01_cmp6_87'
  Processing 'kv_seg_tlb_ENTRIES32_DW01_cmp2_71_DW01_cmp2_1151'
  Processing 'kv_seg_tlb_ENTRIES32_DW01_cmp2_72_DW01_cmp2_1152'
  Processing 'kv_seg_tlb_ENTRIES32_DW01_cmp6_40_DW01_cmp6_88'
  Processing 'kv_seg_tlb_ENTRIES32_DW01_cmp6_41_DW01_cmp6_89'
  Processing 'kv_seg_tlb_ENTRIES32_DW01_cmp2_73_DW01_cmp2_1153'
  Processing 'kv_seg_tlb_ENTRIES32_DW01_cmp2_74_DW01_cmp2_1154'
  Processing 'kv_seg_tlb_ENTRIES32_DW01_cmp6_42_DW01_cmp6_90'
  Processing 'kv_seg_tlb_ENTRIES32_DW01_cmp6_43_DW01_cmp6_91'
  Processing 'kv_seg_tlb_ENTRIES32_DW01_cmp2_75_DW01_cmp2_1155'
  Processing 'kv_seg_tlb_ENTRIES32_DW01_cmp2_76_DW01_cmp2_1156'
  Processing 'kv_seg_tlb_ENTRIES32_DW01_cmp6_44_DW01_cmp6_92'
  Processing 'kv_seg_tlb_ENTRIES32_DW01_cmp6_45_DW01_cmp6_93'
  Processing 'kv_seg_tlb_ENTRIES32_DW01_cmp2_77_DW01_cmp2_1157'
  Processing 'kv_seg_tlb_ENTRIES32_DW01_cmp2_78_DW01_cmp2_1158'
  Processing 'kv_seg_tlb_ENTRIES32_DW01_cmp6_46_DW01_cmp6_94'
  Processing 'kv_seg_tlb_ENTRIES32_DW01_cmp6_47_DW01_cmp6_95'
  Processing 'kv_seg_tlb_ENTRIES32_DW01_cmp2_79_DW01_cmp2_1159'
  Processing 'kv_seg_tlb_ENTRIES32_DW01_cmp2_80_DW01_cmp2_1160'
  Processing 'kv_seg_tlb_ENTRIES32_DW01_cmp6_48_DW01_cmp6_96'
  Processing 'kv_seg_tlb_ENTRIES32_DW01_cmp6_49_DW01_cmp6_97'
  Processing 'kv_seg_tlb_ENTRIES32_DW01_cmp2_81_DW01_cmp2_1161'
  Processing 'kv_seg_tlb_ENTRIES32_DW01_cmp2_82_DW01_cmp2_1162'
  Processing 'kv_seg_tlb_ENTRIES32_DW01_cmp6_50_DW01_cmp6_98'
  Processing 'kv_seg_tlb_ENTRIES32_DW01_cmp6_51_DW01_cmp6_99'
  Processing 'kv_seg_tlb_ENTRIES32_DW01_cmp2_83_DW01_cmp2_1163'
  Processing 'kv_seg_tlb_ENTRIES32_DW01_cmp2_84_DW01_cmp2_1164'
  Processing 'kv_seg_tlb_ENTRIES32_DW01_cmp6_52_DW01_cmp6_100'
  Processing 'kv_seg_tlb_ENTRIES32_DW01_cmp6_53_DW01_cmp6_101'
  Processing 'kv_seg_tlb_ENTRIES32_DW01_cmp2_85_DW01_cmp2_1165'
  Processing 'kv_seg_tlb_ENTRIES32_DW01_cmp2_86_DW01_cmp2_1166'
  Processing 'kv_seg_tlb_ENTRIES32_DW01_cmp6_54_DW01_cmp6_102'
  Processing 'kv_seg_tlb_ENTRIES32_DW01_cmp6_55_DW01_cmp6_103'
  Processing 'kv_seg_tlb_ENTRIES32_DW01_cmp2_87_DW01_cmp2_1167'
  Processing 'kv_seg_tlb_ENTRIES32_DW01_cmp2_88_DW01_cmp2_1168'
  Processing 'kv_seg_tlb_ENTRIES32_DW01_cmp6_56_DW01_cmp6_104'
  Processing 'kv_seg_tlb_ENTRIES32_DW01_cmp6_57_DW01_cmp6_105'
  Processing 'kv_seg_tlb_ENTRIES32_DW01_cmp2_89_DW01_cmp2_1169'
  Processing 'kv_seg_tlb_ENTRIES32_DW01_cmp2_90_DW01_cmp2_1170'
  Processing 'kv_seg_tlb_ENTRIES32_DW01_cmp6_58_DW01_cmp6_106'
  Processing 'kv_seg_tlb_ENTRIES32_DW01_cmp6_59_DW01_cmp6_107'
  Processing 'kv_seg_tlb_ENTRIES32_DW01_cmp2_91_DW01_cmp2_1171'
  Processing 'kv_seg_tlb_ENTRIES32_DW01_cmp2_92_DW01_cmp2_1172'
  Processing 'kv_seg_tlb_ENTRIES32_DW01_cmp6_60_DW01_cmp6_108'
  Processing 'kv_seg_tlb_ENTRIES32_DW01_cmp6_61_DW01_cmp6_109'
  Processing 'kv_seg_tlb_ENTRIES32_DW01_cmp2_93_DW01_cmp2_1173'
  Processing 'kv_seg_tlb_ENTRIES32_DW01_cmp2_94_DW01_cmp2_1174'
  Processing 'kv_seg_tlb_ENTRIES32_DW01_cmp6_62_DW01_cmp6_110'
  Processing 'kv_seg_tlb_ENTRIES32_DW01_cmp6_63_DW01_cmp6_111'
  Processing 'kv_seg_tlb_ENTRIES32_DW01_inc_0_DW01_inc_569'
  Processing 'kv_seg_tlb_ENTRIES32_DW01_cmp6_64_DW01_cmp6_112'
  Processing 'kv_seg_tlb_ENTRIES32_DW01_cmp6_65_DW01_cmp6_113'
  Processing 'kv_seg_tlb_ENTRIES32_DW01_cmp6_66_DW01_cmp6_114'
  Processing 'kv_seg_tlb_ENTRIES32_DW01_cmp6_67_DW01_cmp6_115'
  Processing 'kv_seg_tlb_ENTRIES32_DW01_cmp6_68_DW01_cmp6_116'
  Processing 'kv_seg_tlb_ENTRIES32_DW01_cmp6_69_DW01_cmp6_117'
  Processing 'kv_seg_tlb_ENTRIES32_DW01_cmp6_70_DW01_cmp6_118'
  Processing 'kv_seg_tlb_ENTRIES32_DW01_cmp6_71_DW01_cmp6_119'
  Processing 'kv_seg_tlb_ENTRIES32_DW01_cmp6_72_DW01_cmp6_120'
  Processing 'kv_seg_tlb_ENTRIES32_DW01_cmp6_73_DW01_cmp6_121'
  Processing 'kv_seg_tlb_ENTRIES32_DW01_cmp6_74_DW01_cmp6_122'
  Processing 'kv_seg_tlb_ENTRIES32_DW01_cmp6_75_DW01_cmp6_123'
  Processing 'kv_seg_tlb_ENTRIES32_DW01_cmp6_76_DW01_cmp6_124'
  Processing 'kv_seg_tlb_ENTRIES32_DW01_cmp6_77_DW01_cmp6_125'
  Processing 'kv_seg_tlb_ENTRIES32_DW01_cmp6_78_DW01_cmp6_126'
  Processing 'kv_seg_tlb_ENTRIES32_DW01_cmp6_79_DW01_cmp6_127'
  Processing 'kv_seg_tlb_ENTRIES32_DW01_cmp6_80_DW01_cmp6_128'
  Processing 'kv_seg_tlb_ENTRIES32_DW01_cmp6_81_DW01_cmp6_129'
  Processing 'kv_seg_tlb_ENTRIES32_DW01_cmp6_82_DW01_cmp6_130'
  Processing 'kv_seg_tlb_ENTRIES32_DW01_cmp6_83_DW01_cmp6_131'
  Processing 'kv_seg_tlb_ENTRIES32_DW01_cmp6_84_DW01_cmp6_132'
  Processing 'kv_seg_tlb_ENTRIES32_DW01_cmp6_85_DW01_cmp6_133'
  Processing 'kv_seg_tlb_ENTRIES32_DW01_cmp6_86_DW01_cmp6_134'
  Processing 'kv_seg_tlb_ENTRIES32_DW01_cmp6_87_DW01_cmp6_135'
  Processing 'kv_seg_tlb_ENTRIES32_DW01_cmp6_88_DW01_cmp6_136'
  Processing 'kv_seg_tlb_ENTRIES32_DW01_cmp6_89_DW01_cmp6_137'
  Processing 'kv_seg_tlb_ENTRIES32_DW01_cmp6_90_DW01_cmp6_138'
  Processing 'kv_seg_tlb_ENTRIES32_DW01_cmp6_91_DW01_cmp6_139'
  Processing 'kv_seg_tlb_ENTRIES32_DW01_cmp6_92_DW01_cmp6_140'
  Processing 'kv_seg_tlb_ENTRIES32_DW01_cmp6_93_DW01_cmp6_141'
  Processing 'kv_seg_tlb_ENTRIES32_DW01_cmp6_94_DW01_cmp6_142'
  Processing 'kv_seg_tlb_ENTRIES32_DW01_cmp6_95_DW01_cmp6_143'
  Processing 'kv_seg_tlb_ENTRIES32_DW01_cmp6_96_DW01_cmp6_144'
  Processing 'kv_seg_tlb_ENTRIES32_DW01_cmp6_97_DW01_cmp6_145'
  Processing 'kv_seg_tlb_ENTRIES32_DW01_cmp6_98_DW01_cmp6_146'
  Processing 'kv_seg_tlb_ENTRIES32_DW01_cmp6_99_DW01_cmp6_147'
  Processing 'kv_seg_tlb_ENTRIES32_DW01_cmp6_100_DW01_cmp6_148'
  Processing 'kv_seg_tlb_ENTRIES32_DW01_cmp6_101_DW01_cmp6_149'
  Processing 'kv_seg_tlb_ENTRIES32_DW01_cmp6_102_DW01_cmp6_150'
  Processing 'kv_seg_tlb_ENTRIES32_DW01_cmp6_103_DW01_cmp6_151'
  Processing 'kv_seg_tlb_ENTRIES32_DW01_cmp6_104_DW01_cmp6_152'
  Processing 'kv_seg_tlb_ENTRIES32_DW01_cmp6_105_DW01_cmp6_153'
  Processing 'kv_seg_tlb_ENTRIES32_DW01_cmp6_106_DW01_cmp6_154'
  Processing 'kv_seg_tlb_ENTRIES32_DW01_cmp6_107_DW01_cmp6_155'
  Processing 'kv_seg_tlb_ENTRIES32_DW01_cmp6_108_DW01_cmp6_156'
  Processing 'kv_seg_tlb_ENTRIES32_DW01_cmp6_109_DW01_cmp6_157'
  Processing 'kv_seg_tlb_ENTRIES32_DW01_cmp6_110_DW01_cmp6_158'
  Processing 'kv_seg_tlb_ENTRIES32_DW01_cmp6_111_DW01_cmp6_159'
  Processing 'kv_seg_tlb_ENTRIES32_DW01_cmp6_112_DW01_cmp6_160'
  Processing 'kv_seg_tlb_ENTRIES32_DW01_cmp6_113_DW01_cmp6_161'
  Processing 'kv_seg_tlb_ENTRIES32_DW01_cmp6_114_DW01_cmp6_162'
  Processing 'kv_seg_tlb_ENTRIES32_DW01_cmp6_115_DW01_cmp6_163'
  Processing 'kv_seg_tlb_ENTRIES32_DW01_cmp6_116_DW01_cmp6_164'
  Processing 'kv_seg_tlb_ENTRIES32_DW01_cmp6_117_DW01_cmp6_165'
  Processing 'kv_seg_tlb_ENTRIES32_DW01_cmp6_118_DW01_cmp6_166'
  Processing 'kv_seg_tlb_ENTRIES32_DW01_cmp6_119_DW01_cmp6_167'
  Processing 'kv_seg_tlb_ENTRIES32_DW01_cmp6_120_DW01_cmp6_168'
  Processing 'kv_seg_tlb_ENTRIES32_DW01_cmp6_121_DW01_cmp6_169'
  Processing 'kv_seg_tlb_ENTRIES32_DW01_cmp6_122_DW01_cmp6_170'
  Processing 'kv_seg_tlb_ENTRIES32_DW01_cmp6_123_DW01_cmp6_171'
  Processing 'kv_seg_tlb_ENTRIES32_DW01_cmp6_124_DW01_cmp6_172'
  Processing 'kv_seg_tlb_ENTRIES32_DW01_cmp6_125_DW01_cmp6_173'
  Processing 'kv_seg_tlb_ENTRIES32_DW01_cmp6_126_DW01_cmp6_174'
  Processing 'kv_seg_tlb_ENTRIES32_DW01_cmp6_127_DW01_cmp6_175'
  Processing 'kv_seg_tlb_ENTRIES32_DW01_cmp6_128_DW01_cmp6_176'
  Processing 'kv_seg_tlb_ENTRIES32_DW01_cmp6_129_DW01_cmp6_177'
  Processing 'kv_seg_tlb_ENTRIES32_DW01_cmp6_130_DW01_cmp6_178'
  Processing 'kv_seg_tlb_ENTRIES32_DW01_cmp6_131_DW01_cmp6_179'
  Processing 'kv_seg_tlb_ENTRIES32_DW01_cmp6_132_DW01_cmp6_180'
  Processing 'kv_seg_tlb_ENTRIES32_DW01_cmp6_133_DW01_cmp6_181'
  Processing 'kv_seg_tlb_ENTRIES32_DW01_cmp6_134_DW01_cmp6_182'
  Processing 'kv_seg_tlb_ENTRIES32_DW01_cmp6_135_DW01_cmp6_183'
  Processing 'kv_seg_tlb_ENTRIES32_DW01_cmp6_136_DW01_cmp6_184'
  Processing 'kv_seg_tlb_ENTRIES32_DW01_cmp6_137_DW01_cmp6_185'
  Processing 'kv_seg_tlb_ENTRIES32_DW01_cmp6_138_DW01_cmp6_186'
  Processing 'kv_seg_tlb_ENTRIES32_DW01_cmp6_139_DW01_cmp6_187'
  Processing 'kv_seg_tlb_ENTRIES32_DW01_cmp6_140_DW01_cmp6_188'
  Processing 'kv_seg_tlb_ENTRIES32_DW01_cmp6_141_DW01_cmp6_189'
  Processing 'kv_seg_tlb_ENTRIES32_DW01_cmp6_142_DW01_cmp6_190'
  Processing 'kv_seg_tlb_ENTRIES32_DW01_cmp6_143_DW01_cmp6_191'
  Processing 'kv_seg_tlb_ENTRIES32_DW01_cmp6_144_DW01_cmp6_192'
  Processing 'kv_seg_tlb_ENTRIES32_DW01_cmp6_145_DW01_cmp6_193'
  Processing 'kv_seg_tlb_ENTRIES32_DW01_cmp6_146_DW01_cmp6_194'
  Processing 'kv_seg_tlb_ENTRIES32_DW01_cmp6_147_DW01_cmp6_195'
  Processing 'kv_seg_tlb_ENTRIES32_DW01_cmp6_148_DW01_cmp6_196'
  Processing 'kv_seg_tlb_ENTRIES32_DW01_cmp6_149_DW01_cmp6_197'
  Processing 'kv_seg_tlb_ENTRIES32_DW01_cmp6_150_DW01_cmp6_198'
  Processing 'kv_seg_tlb_ENTRIES32_DW01_cmp6_151_DW01_cmp6_199'
  Processing 'kv_seg_tlb_ENTRIES32_DW01_cmp6_152_DW01_cmp6_200'
  Processing 'kv_seg_tlb_ENTRIES32_DW01_cmp6_153_DW01_cmp6_201'
  Processing 'kv_seg_tlb_ENTRIES32_DW01_cmp6_154_DW01_cmp6_202'
  Processing 'kv_seg_tlb_ENTRIES32_DW01_cmp6_155_DW01_cmp6_203'
  Processing 'kv_seg_tlb_ENTRIES32_DW01_cmp6_156_DW01_cmp6_204'
  Processing 'kv_seg_tlb_ENTRIES32_DW01_cmp6_157_DW01_cmp6_205'
  Processing 'kv_seg_tlb_ENTRIES32_DW01_cmp6_158_DW01_cmp6_206'
  Processing 'kv_seg_tlb_ENTRIES32_DW01_cmp6_159_DW01_cmp6_207'
  Processing 'kv_seg_tlb_ENTRIES32_DW01_add_0_DW01_add_589'
  Processing 'kv_seg_tlb_ENTRIES32_DW01_sub_0_DW01_sub_935'
  Processing 'kv_seg_tlb_ENTRIES32_DW01_cmp2_95_DW01_cmp2_1175'
  Processing 'kv_seg_tlb_ENTRIES32_DW01_cmp2_96_DW01_cmp2_1176'
  Processing 'kv_seg_tlb_ENTRIES32_DW01_cmp6_160_DW01_cmp6_208'
  Processing 'kv_seg_tlb_ENTRIES32_DW01_cmp6_161_DW01_cmp6_209'
  Processing 'kv_seg_tlb_ENTRIES32_DW01_cmp2_97_DW01_cmp2_1177'
  Processing 'kv_seg_tlb_ENTRIES32_DW01_cmp2_98_DW01_cmp2_1178'
  Processing 'kv_seg_tlb_ENTRIES32_DW01_cmp6_162_DW01_cmp6_210'
  Processing 'kv_seg_tlb_ENTRIES32_DW01_cmp6_163_DW01_cmp6_211'
  Processing 'kv_seg_tlb_ENTRIES32_DW01_cmp2_99_DW01_cmp2_1179'
  Processing 'kv_seg_tlb_ENTRIES32_DW01_cmp2_100_DW01_cmp2_1180'
  Processing 'kv_seg_tlb_ENTRIES32_DW01_cmp6_164_DW01_cmp6_212'
  Processing 'kv_seg_tlb_ENTRIES32_DW01_cmp6_165_DW01_cmp6_213'
  Processing 'kv_seg_tlb_ENTRIES32_DW01_cmp2_101_DW01_cmp2_1181'
  Processing 'kv_seg_tlb_ENTRIES32_DW01_cmp2_102_DW01_cmp2_1182'
  Processing 'kv_seg_tlb_ENTRIES32_DW01_cmp6_166_DW01_cmp6_214'
  Processing 'kv_seg_tlb_ENTRIES32_DW01_cmp6_167_DW01_cmp6_215'
  Processing 'kv_seg_tlb_ENTRIES32_DW01_cmp2_103_DW01_cmp2_1183'
  Processing 'kv_seg_tlb_ENTRIES32_DW01_cmp2_104_DW01_cmp2_1184'
  Processing 'kv_seg_tlb_ENTRIES32_DW01_cmp6_168_DW01_cmp6_216'
  Processing 'kv_seg_tlb_ENTRIES32_DW01_cmp6_169_DW01_cmp6_217'
  Processing 'kv_seg_tlb_ENTRIES32_DW01_cmp2_105_DW01_cmp2_1185'
  Processing 'kv_seg_tlb_ENTRIES32_DW01_cmp2_106_DW01_cmp2_1186'
  Processing 'kv_seg_tlb_ENTRIES32_DW01_cmp6_170_DW01_cmp6_218'
  Processing 'kv_seg_tlb_ENTRIES32_DW01_cmp6_171_DW01_cmp6_219'
  Processing 'kv_seg_tlb_ENTRIES32_DW01_cmp2_107_DW01_cmp2_1187'
  Processing 'kv_seg_tlb_ENTRIES32_DW01_cmp2_108_DW01_cmp2_1188'
  Processing 'kv_seg_tlb_ENTRIES32_DW01_cmp6_172_DW01_cmp6_220'
  Processing 'kv_seg_tlb_ENTRIES32_DW01_cmp6_173_DW01_cmp6_221'
  Processing 'kv_seg_tlb_ENTRIES32_DW01_cmp2_109_DW01_cmp2_1189'
  Processing 'kv_seg_tlb_ENTRIES32_DW01_cmp2_110_DW01_cmp2_1190'
  Processing 'kv_seg_tlb_ENTRIES32_DW01_cmp6_174_DW01_cmp6_222'
  Processing 'kv_seg_tlb_ENTRIES32_DW01_cmp6_175_DW01_cmp6_223'
  Processing 'kv_seg_tlb_ENTRIES32_DW01_cmp2_111_DW01_cmp2_1191'
  Processing 'kv_seg_tlb_ENTRIES32_DW01_cmp2_112_DW01_cmp2_1192'
  Processing 'kv_seg_tlb_ENTRIES32_DW01_cmp6_176_DW01_cmp6_224'
  Processing 'kv_seg_tlb_ENTRIES32_DW01_cmp6_177_DW01_cmp6_225'
  Processing 'kv_seg_tlb_ENTRIES32_DW01_cmp2_113_DW01_cmp2_1193'
  Processing 'kv_seg_tlb_ENTRIES32_DW01_cmp2_114_DW01_cmp2_1194'
  Processing 'kv_seg_tlb_ENTRIES32_DW01_cmp6_178_DW01_cmp6_226'
  Processing 'kv_seg_tlb_ENTRIES32_DW01_cmp6_179_DW01_cmp6_227'
  Processing 'kv_seg_tlb_ENTRIES32_DW01_cmp2_115_DW01_cmp2_1195'
  Processing 'kv_seg_tlb_ENTRIES32_DW01_cmp2_116_DW01_cmp2_1196'
  Processing 'kv_seg_tlb_ENTRIES32_DW01_cmp6_180_DW01_cmp6_228'
  Processing 'kv_seg_tlb_ENTRIES32_DW01_cmp6_181_DW01_cmp6_229'
  Processing 'kv_seg_tlb_ENTRIES32_DW01_cmp2_117_DW01_cmp2_1197'
  Processing 'kv_seg_tlb_ENTRIES32_DW01_cmp2_118_DW01_cmp2_1198'
  Processing 'kv_seg_tlb_ENTRIES32_DW01_cmp6_182_DW01_cmp6_230'
  Processing 'kv_seg_tlb_ENTRIES32_DW01_cmp6_183_DW01_cmp6_231'
  Processing 'kv_seg_tlb_ENTRIES32_DW01_cmp2_119_DW01_cmp2_1199'
  Processing 'kv_seg_tlb_ENTRIES32_DW01_cmp2_120_DW01_cmp2_1200'
  Processing 'kv_seg_tlb_ENTRIES32_DW01_cmp6_184_DW01_cmp6_232'
  Processing 'kv_seg_tlb_ENTRIES32_DW01_cmp6_185_DW01_cmp6_233'
  Processing 'kv_seg_tlb_ENTRIES32_DW01_cmp2_121_DW01_cmp2_1201'
  Processing 'kv_seg_tlb_ENTRIES32_DW01_cmp2_122_DW01_cmp2_1202'
  Processing 'kv_seg_tlb_ENTRIES32_DW01_cmp6_186_DW01_cmp6_234'
  Processing 'kv_seg_tlb_ENTRIES32_DW01_cmp6_187_DW01_cmp6_235'
  Processing 'kv_seg_tlb_ENTRIES32_DW01_cmp2_123_DW01_cmp2_1203'
  Processing 'kv_seg_tlb_ENTRIES32_DW01_cmp2_124_DW01_cmp2_1204'
  Processing 'kv_seg_tlb_ENTRIES32_DW01_cmp6_188_DW01_cmp6_236'
  Processing 'kv_seg_tlb_ENTRIES32_DW01_cmp6_189_DW01_cmp6_237'
  Processing 'kv_seg_tlb_ENTRIES32_DW01_cmp2_125_DW01_cmp2_1205'
  Processing 'kv_seg_tlb_ENTRIES32_DW01_cmp2_126_DW01_cmp2_1206'
  Processing 'kv_seg_tlb_ENTRIES32_DW01_cmp6_190_DW01_cmp6_238'
  Processing 'kv_seg_tlb_ENTRIES32_DW01_cmp6_191_DW01_cmp6_239'
  Processing 'kv_seg_tlb_ENTRIES32_DW01_cmp2_127_DW01_cmp2_1207'
  Processing 'kv_seg_tlb_ENTRIES32_DW01_cmp2_128_DW01_cmp2_1208'
  Processing 'kv_seg_tlb_ENTRIES32_DW01_cmp6_192_DW01_cmp6_240'
  Processing 'kv_seg_tlb_ENTRIES32_DW01_cmp6_193_DW01_cmp6_241'
  Processing 'kv_seg_tlb_ENTRIES32_DW01_cmp2_129_DW01_cmp2_1209'
  Processing 'kv_seg_tlb_ENTRIES32_DW01_cmp2_130_DW01_cmp2_1210'
  Processing 'kv_seg_tlb_ENTRIES32_DW01_cmp6_194_DW01_cmp6_242'
  Processing 'kv_seg_tlb_ENTRIES32_DW01_cmp6_195_DW01_cmp6_243'
  Processing 'kv_seg_tlb_ENTRIES32_DW01_cmp2_131_DW01_cmp2_1211'
  Processing 'kv_seg_tlb_ENTRIES32_DW01_cmp2_132_DW01_cmp2_1212'
  Processing 'kv_seg_tlb_ENTRIES32_DW01_cmp6_196_DW01_cmp6_244'
  Processing 'kv_seg_tlb_ENTRIES32_DW01_cmp6_197_DW01_cmp6_245'
  Processing 'kv_seg_tlb_ENTRIES32_DW01_cmp2_133_DW01_cmp2_1213'
  Processing 'kv_seg_tlb_ENTRIES32_DW01_cmp2_134_DW01_cmp2_1214'
  Processing 'kv_seg_tlb_ENTRIES32_DW01_cmp6_198_DW01_cmp6_246'
  Processing 'kv_seg_tlb_ENTRIES32_DW01_cmp6_199_DW01_cmp6_247'
  Processing 'kv_seg_tlb_ENTRIES32_DW01_cmp2_135_DW01_cmp2_1215'
  Processing 'kv_seg_tlb_ENTRIES32_DW01_cmp2_136_DW01_cmp2_1216'
  Processing 'kv_seg_tlb_ENTRIES32_DW01_cmp6_200_DW01_cmp6_248'
  Processing 'kv_seg_tlb_ENTRIES32_DW01_cmp6_201_DW01_cmp6_249'
  Processing 'kv_seg_tlb_ENTRIES32_DW01_cmp2_137_DW01_cmp2_1217'
  Processing 'kv_seg_tlb_ENTRIES32_DW01_cmp2_138_DW01_cmp2_1218'
  Processing 'kv_seg_tlb_ENTRIES32_DW01_cmp6_202_DW01_cmp6_250'
  Processing 'kv_seg_tlb_ENTRIES32_DW01_cmp6_203_DW01_cmp6_251'
  Processing 'kv_seg_tlb_ENTRIES32_DW01_cmp2_139_DW01_cmp2_1219'
  Processing 'kv_seg_tlb_ENTRIES32_DW01_cmp2_140_DW01_cmp2_1220'
  Processing 'kv_seg_tlb_ENTRIES32_DW01_cmp6_204_DW01_cmp6_252'
  Processing 'kv_seg_tlb_ENTRIES32_DW01_cmp6_205_DW01_cmp6_253'
  Processing 'kv_seg_tlb_ENTRIES32_DW01_cmp2_141_DW01_cmp2_1221'
  Processing 'kv_seg_tlb_ENTRIES32_DW01_cmp2_142_DW01_cmp2_1222'
  Processing 'kv_seg_tlb_ENTRIES32_DW01_cmp6_206_DW01_cmp6_254'
  Processing 'kv_seg_tlb_ENTRIES32_DW01_cmp6_207_DW01_cmp6_255'
  Processing 'kv_seg_tlb_ENTRIES32_DW01_cmp2_143_DW01_cmp2_1223'
  Processing 'kv_seg_tlb_ENTRIES32_DW01_cmp2_144_DW01_cmp2_1224'
  Processing 'kv_seg_tlb_ENTRIES32_DW01_cmp6_208_DW01_cmp6_256'
  Processing 'kv_seg_tlb_ENTRIES32_DW01_cmp6_209_DW01_cmp6_257'
  Processing 'kv_seg_tlb_ENTRIES32_DW01_cmp2_145_DW01_cmp2_1225'
  Processing 'kv_seg_tlb_ENTRIES32_DW01_cmp2_146_DW01_cmp2_1226'
  Processing 'kv_seg_tlb_ENTRIES32_DW01_cmp6_210_DW01_cmp6_258'
  Processing 'kv_seg_tlb_ENTRIES32_DW01_cmp6_211_DW01_cmp6_259'
  Processing 'kv_seg_tlb_ENTRIES32_DW01_cmp2_147_DW01_cmp2_1227'
  Processing 'kv_seg_tlb_ENTRIES32_DW01_cmp2_148_DW01_cmp2_1228'
  Processing 'kv_seg_tlb_ENTRIES32_DW01_cmp6_212_DW01_cmp6_260'
  Processing 'kv_seg_tlb_ENTRIES32_DW01_cmp6_213_DW01_cmp6_261'
  Processing 'kv_seg_tlb_ENTRIES32_DW01_cmp2_149_DW01_cmp2_1229'
  Processing 'kv_seg_tlb_ENTRIES32_DW01_cmp2_150_DW01_cmp2_1230'
  Processing 'kv_seg_tlb_ENTRIES32_DW01_cmp6_214_DW01_cmp6_262'
  Processing 'kv_seg_tlb_ENTRIES32_DW01_cmp6_215_DW01_cmp6_263'
  Processing 'kv_seg_tlb_ENTRIES32_DW01_cmp2_151_DW01_cmp2_1231'
  Processing 'kv_seg_tlb_ENTRIES32_DW01_cmp2_152_DW01_cmp2_1232'
  Processing 'kv_seg_tlb_ENTRIES32_DW01_cmp6_216_DW01_cmp6_264'
  Processing 'kv_seg_tlb_ENTRIES32_DW01_cmp6_217_DW01_cmp6_265'
  Processing 'kv_seg_tlb_ENTRIES32_DW01_cmp2_153_DW01_cmp2_1233'
  Processing 'kv_seg_tlb_ENTRIES32_DW01_cmp2_154_DW01_cmp2_1234'
  Processing 'kv_seg_tlb_ENTRIES32_DW01_cmp6_218_DW01_cmp6_266'
  Processing 'kv_seg_tlb_ENTRIES32_DW01_cmp6_219_DW01_cmp6_267'
  Processing 'kv_seg_tlb_ENTRIES32_DW01_cmp2_155_DW01_cmp2_1235'
  Processing 'kv_seg_tlb_ENTRIES32_DW01_cmp2_156_DW01_cmp2_1236'
  Processing 'kv_seg_tlb_ENTRIES32_DW01_cmp6_220_DW01_cmp6_268'
  Processing 'kv_seg_tlb_ENTRIES32_DW01_cmp6_221_DW01_cmp6_269'
  Processing 'kv_seg_tlb_ENTRIES32_DW01_cmp2_157_DW01_cmp2_1237'
  Processing 'kv_seg_tlb_ENTRIES32_DW01_cmp2_158_DW01_cmp2_1238'
  Processing 'kv_seg_tlb_ENTRIES32_DW01_cmp6_222_DW01_cmp6_270'
  Processing 'kv_seg_tlb_ENTRIES32_DW01_cmp6_223_DW01_cmp6_271'
  Processing 'attacc_controller_DW01_cmp2_0_DW01_cmp2_1239'
  Processing 'attacc_controller_DW01_cmp6_0_DW01_cmp6_272'
  Processing 'attacc_controller_DW01_dec_0_DW01_dec_4'
  Processing 'attacc_controller_DW01_inc_0_DW01_inc_570'
  Processing 'attacc_controller_DW01_cmp6_1_DW01_cmp6_273'
  Processing 'attacc_controller_DW01_add_0_DW01_add_590'
  Processing 'attacc_controller_DW01_add_1_DW01_add_591'
  Building model 'DW01_add_width16' (rpl)
Information: Converting time units for library 'srambank_64x4x16_6t122' since those in library 'asap7sc7p5t_AO_RVT_TT_nldm_211120' differ. (TIM-105)
Information: Converting capacitance units for library 'srambank_64x4x16_6t122' since those in library 'asap7sc7p5t_AO_RVT_TT_nldm_211120' differ. (TIM-106)
Warning: The trip points for the library named srambank_64x4x16_6t122 differ from those in the library named asap7sc7p5t_AO_RVT_TT_nldm_211120. (TIM-164)
  Processing 'DW01_add_width16'
  Building model 'DW01_add_width16' (cla)
  Processing 'DW01_add_width16'
  Building model 'DW01_inc_width8' (rpl)
  Processing 'DW01_inc_width8'
  Allocating blocks in 'DW02_mult_A_width8_B_width8'
  Building model 'DW01_add_width14' (cla)
  Processing 'DW01_add_width14'
  Building model 'DW02_mult_A_width8_B_width8' (csa)
  Processing 'DW02_mult_A_width8_B_width8'
  Processing 'fp32_recip_DW02_mult_0'
  Processing 'fp32_recip_DW01_add_1_DW01_add_592'
  Processing 'fp32_recip_DW01_sub_0_DW01_sub_936'
  Processing 'fp32_recip_DW02_mult_1'
  Processing 'fp32_recip_DW01_add_2_DW01_add_593'
  Processing 'fp32_exp_1_DW01_sub_5_DW01_sub_937'
  Processing 'fp32_exp_1_DW01_inc_0_DW01_inc_571'
  Processing 'fp32_exp_1_DW02_mult_0_DW02_mult_2'
  Processing 'fp32_exp_1_DW01_add_0_DW01_add_594'
  Processing 'fp32_exp_2_DW01_sub_5_DW01_sub_938'
  Processing 'fp32_exp_2_DW01_inc_0_DW01_inc_572'
  Processing 'fp32_exp_2_DW02_mult_0_DW02_mult_3'
  Processing 'fp32_exp_2_DW01_add_0_DW01_add_595'
  Processing 'fp32_exp_3_DW01_sub_5_DW01_sub_939'
  Processing 'fp32_exp_3_DW01_inc_0_DW01_inc_573'
  Processing 'fp32_exp_3_DW02_mult_0_DW02_mult_4'
  Processing 'fp32_exp_3_DW01_add_0_DW01_add_596'
  Processing 'fp32_exp_4_DW01_sub_5_DW01_sub_940'
  Processing 'fp32_exp_4_DW01_inc_0_DW01_inc_574'
  Processing 'fp32_exp_4_DW02_mult_0_DW02_mult_5'
  Processing 'fp32_exp_4_DW01_add_0_DW01_add_597'
  Processing 'fp32_exp_5_DW01_sub_5_DW01_sub_941'
  Processing 'fp32_exp_5_DW01_inc_0_DW01_inc_575'
  Processing 'fp32_exp_5_DW02_mult_0_DW02_mult_6'
  Processing 'fp32_exp_5_DW01_add_0_DW01_add_598'
  Processing 'fp32_exp_6_DW01_sub_5_DW01_sub_942'
  Processing 'fp32_exp_6_DW01_inc_0_DW01_inc_576'
  Processing 'fp32_exp_6_DW02_mult_0_DW02_mult_7'
  Processing 'fp32_exp_6_DW01_add_0_DW01_add_599'
  Processing 'fp32_exp_7_DW01_sub_5_DW01_sub_943'
  Processing 'fp32_exp_7_DW01_inc_0_DW01_inc_577'
  Processing 'fp32_exp_7_DW02_mult_0_DW02_mult_8'
  Processing 'fp32_exp_7_DW01_add_0_DW01_add_600'
  Processing 'fp32_exp_8_DW01_sub_5_DW01_sub_944'
  Processing 'fp32_exp_8_DW01_inc_0_DW01_inc_578'
  Processing 'fp32_exp_8_DW02_mult_0_DW02_mult_9'
  Processing 'fp32_exp_8_DW01_add_0_DW01_add_601'
  Processing 'fp32_exp_9_DW01_sub_5_DW01_sub_945'
  Processing 'fp32_exp_9_DW01_inc_0_DW01_inc_579'
  Processing 'fp32_exp_9_DW02_mult_0_DW02_mult_10'
  Processing 'fp32_exp_9_DW01_add_0_DW01_add_602'
  Processing 'fp32_exp_10_DW01_sub_5_DW01_sub_946'
  Processing 'fp32_exp_10_DW01_inc_0_DW01_inc_580'
  Processing 'fp32_exp_10_DW02_mult_0_DW02_mult_11'
  Processing 'fp32_exp_10_DW01_add_0_DW01_add_603'
  Processing 'fp32_exp_11_DW01_sub_5_DW01_sub_947'
  Processing 'fp32_exp_11_DW01_inc_0_DW01_inc_581'
  Processing 'fp32_exp_11_DW02_mult_0_DW02_mult_12'
  Processing 'fp32_exp_11_DW01_add_0_DW01_add_604'
  Processing 'fp32_exp_12_DW01_sub_5_DW01_sub_948'
  Processing 'fp32_exp_12_DW01_inc_0_DW01_inc_582'
  Processing 'fp32_exp_12_DW02_mult_0_DW02_mult_13'
  Processing 'fp32_exp_12_DW01_add_0_DW01_add_605'
  Processing 'fp32_exp_13_DW01_sub_5_DW01_sub_949'
  Processing 'fp32_exp_13_DW01_inc_0_DW01_inc_583'
  Processing 'fp32_exp_13_DW02_mult_0_DW02_mult_14'
  Processing 'fp32_exp_13_DW01_add_0_DW01_add_606'
  Processing 'fp32_exp_14_DW01_sub_5_DW01_sub_950'
  Processing 'fp32_exp_14_DW01_inc_0_DW01_inc_584'
  Processing 'fp32_exp_14_DW02_mult_0_DW02_mult_15'
  Processing 'fp32_exp_14_DW01_add_0_DW01_add_607'
  Processing 'fp32_exp_15_DW01_sub_5_DW01_sub_951'
  Processing 'fp32_exp_15_DW01_inc_0_DW01_inc_585'
  Processing 'fp32_exp_15_DW02_mult_0_DW02_mult_16'
  Processing 'fp32_exp_15_DW01_add_0_DW01_add_608'
  Processing 'fp32_exp_0_DW01_sub_5_DW01_sub_952'
  Processing 'fp32_exp_0_DW01_inc_0_DW01_inc_586'
  Processing 'fp32_exp_0_DW02_mult_0_DW02_mult_17'
  Processing 'fp32_exp_0_DW01_add_0_DW01_add_609'
  Processing 'sincos_bf16_1_DW01_inc_1_DW01_inc_587'
  Processing 'sincos_bf16_1_DW01_add_2_DW01_add_610'
  Processing 'sincos_bf16_2_DW01_inc_1_DW01_inc_588'
  Processing 'sincos_bf16_2_DW01_add_2_DW01_add_611'
  Processing 'sincos_bf16_3_DW01_inc_1_DW01_inc_589'
  Processing 'sincos_bf16_3_DW01_add_2_DW01_add_612'
  Processing 'sincos_bf16_4_DW01_inc_1_DW01_inc_590'
  Processing 'sincos_bf16_4_DW01_add_2_DW01_add_613'
  Processing 'sincos_bf16_5_DW01_inc_1_DW01_inc_591'
  Processing 'sincos_bf16_5_DW01_add_2_DW01_add_614'
  Processing 'sincos_bf16_6_DW01_inc_1_DW01_inc_592'
  Processing 'sincos_bf16_6_DW01_add_2_DW01_add_615'
  Processing 'sincos_bf16_7_DW01_inc_1_DW01_inc_593'
  Processing 'sincos_bf16_7_DW01_add_2_DW01_add_616'
  Processing 'sincos_bf16_0_DW01_inc_1_DW01_inc_594'
  Processing 'sincos_bf16_0_DW01_add_2_DW01_add_617'
  Processing 'fp32_recip_DW01_sub_1_DW01_sub_953'
  Processing 'fp32_recip_DW01_add_3_DW01_add_618'
  Processing 'streaming_softmax_unit_LANES16_MAX_TOKENS2048_CONTEXTS32_DW01_add_0_DW01_add_619'
  Processing 'streaming_softmax_unit_LANES16_MAX_TOKENS2048_CONTEXTS32_DW01_dec_2_DW01_dec_5'
  Processing 'streaming_softmax_unit_LANES16_MAX_TOKENS2048_CONTEXTS32_DW01_add_1_DW01_add_620'
  Processing 'streaming_softmax_unit_LANES16_MAX_TOKENS2048_CONTEXTS32_DW01_dec_3_DW01_dec_6'
  Processing 'DW01_sub_width4_DW01_sub_954'
  Processing 'DW01_add_width4_DW01_add_621'
  Processing 'fp16_mult_1_DW02_mult_0_DW02_mult_18'
  Processing 'fp16_mult_1_DW01_add_1_DW01_add_622'
  Processing 'fp16_mult_2_DW02_mult_0_DW02_mult_19'
  Processing 'fp16_mult_2_DW01_add_1_DW01_add_623'
  Processing 'fp16_mult_3_DW02_mult_0_DW02_mult_20'
  Processing 'fp16_mult_3_DW01_add_1_DW01_add_624'
  Processing 'fp16_mult_4_DW02_mult_0_DW02_mult_21'
  Processing 'fp16_mult_4_DW01_add_1_DW01_add_625'
  Processing 'fp16_mult_5_DW02_mult_0_DW02_mult_22'
  Processing 'fp16_mult_5_DW01_add_1_DW01_add_626'
  Processing 'fp16_mult_6_DW02_mult_0_DW02_mult_23'
  Processing 'fp16_mult_6_DW01_add_1_DW01_add_627'
  Processing 'fp16_mult_7_DW02_mult_0_DW02_mult_24'
  Processing 'fp16_mult_7_DW01_add_1_DW01_add_628'
  Processing 'fp16_mult_8_DW02_mult_0_DW02_mult_25'
  Processing 'fp16_mult_8_DW01_add_1_DW01_add_629'
  Processing 'fp16_mult_9_DW02_mult_0_DW02_mult_26'
  Processing 'fp16_mult_9_DW01_add_1_DW01_add_630'
  Processing 'fp16_mult_10_DW02_mult_0_DW02_mult_27'
  Processing 'fp16_mult_10_DW01_add_1_DW01_add_631'
  Processing 'fp16_mult_11_DW02_mult_0_DW02_mult_28'
  Processing 'fp16_mult_11_DW01_add_1_DW01_add_632'
  Processing 'fp16_mult_12_DW02_mult_0_DW02_mult_29'
  Processing 'fp16_mult_12_DW01_add_1_DW01_add_633'
  Processing 'fp16_mult_13_DW02_mult_0_DW02_mult_30'
  Processing 'fp16_mult_13_DW01_add_1_DW01_add_634'
  Processing 'fp16_mult_14_DW02_mult_0_DW02_mult_31'
  Processing 'fp16_mult_14_DW01_add_1_DW01_add_635'
  Processing 'fp16_mult_15_DW02_mult_0_DW02_mult_32'
  Processing 'fp16_mult_15_DW01_add_1_DW01_add_636'
  Processing 'fp16_mult_16_DW02_mult_0_DW02_mult_33'
  Processing 'fp16_mult_16_DW01_add_1_DW01_add_637'
  Processing 'fp16_mult_17_DW02_mult_0_DW02_mult_34'
  Processing 'fp16_mult_17_DW01_add_1_DW01_add_638'
  Processing 'fp16_mult_18_DW02_mult_0_DW02_mult_35'
  Processing 'fp16_mult_18_DW01_add_1_DW01_add_639'
  Processing 'fp16_mult_19_DW02_mult_0_DW02_mult_36'
  Processing 'fp16_mult_19_DW01_add_1_DW01_add_640'
  Processing 'fp16_mult_20_DW02_mult_0_DW02_mult_37'
  Processing 'fp16_mult_20_DW01_add_1_DW01_add_641'
  Processing 'fp16_mult_21_DW02_mult_0_DW02_mult_38'
  Processing 'fp16_mult_21_DW01_add_1_DW01_add_642'
  Processing 'fp16_mult_22_DW02_mult_0_DW02_mult_39'
  Processing 'fp16_mult_22_DW01_add_1_DW01_add_643'
  Processing 'fp16_mult_23_DW02_mult_0_DW02_mult_40'
  Processing 'fp16_mult_23_DW01_add_1_DW01_add_644'
  Processing 'fp16_mult_24_DW02_mult_0_DW02_mult_41'
  Processing 'fp16_mult_24_DW01_add_1_DW01_add_645'
  Processing 'fp16_mult_25_DW02_mult_0_DW02_mult_42'
  Processing 'fp16_mult_25_DW01_add_1_DW01_add_646'
  Processing 'fp16_mult_26_DW02_mult_0_DW02_mult_43'
  Processing 'fp16_mult_26_DW01_add_1_DW01_add_647'
  Processing 'fp16_mult_27_DW02_mult_0_DW02_mult_44'
  Processing 'fp16_mult_27_DW01_add_1_DW01_add_648'
  Processing 'fp16_mult_28_DW02_mult_0_DW02_mult_45'
  Processing 'fp16_mult_28_DW01_add_1_DW01_add_649'
  Processing 'fp16_mult_29_DW02_mult_0_DW02_mult_46'
  Processing 'fp16_mult_29_DW01_add_1_DW01_add_650'
  Processing 'fp16_mult_30_DW02_mult_0_DW02_mult_47'
  Processing 'fp16_mult_30_DW01_add_1_DW01_add_651'
  Processing 'fp16_mult_31_DW02_mult_0_DW02_mult_48'
  Processing 'fp16_mult_31_DW01_add_1_DW01_add_652'
  Processing 'fp16_mult_32_DW02_mult_0_DW02_mult_49'
  Processing 'fp16_mult_32_DW01_add_1_DW01_add_653'
  Processing 'fp16_mult_33_DW02_mult_0_DW02_mult_50'
  Processing 'fp16_mult_33_DW01_add_1_DW01_add_654'
  Processing 'fp16_mult_34_DW02_mult_0_DW02_mult_51'
  Processing 'fp16_mult_34_DW01_add_1_DW01_add_655'
  Processing 'fp16_mult_35_DW02_mult_0_DW02_mult_52'
  Processing 'fp16_mult_35_DW01_add_1_DW01_add_656'
  Processing 'fp16_mult_36_DW02_mult_0_DW02_mult_53'
  Processing 'fp16_mult_36_DW01_add_1_DW01_add_657'
  Processing 'fp16_mult_37_DW02_mult_0_DW02_mult_54'
  Processing 'fp16_mult_37_DW01_add_1_DW01_add_658'
  Processing 'fp16_mult_38_DW02_mult_0_DW02_mult_55'
  Processing 'fp16_mult_38_DW01_add_1_DW01_add_659'
  Processing 'fp16_mult_39_DW02_mult_0_DW02_mult_56'
  Processing 'fp16_mult_39_DW01_add_1_DW01_add_660'
  Processing 'fp16_mult_40_DW02_mult_0_DW02_mult_57'
  Processing 'fp16_mult_40_DW01_add_1_DW01_add_661'
  Processing 'fp16_mult_41_DW02_mult_0_DW02_mult_58'
  Processing 'fp16_mult_41_DW01_add_1_DW01_add_662'
  Processing 'fp16_mult_42_DW02_mult_0_DW02_mult_59'
  Processing 'fp16_mult_42_DW01_add_1_DW01_add_663'
  Processing 'fp16_mult_43_DW02_mult_0_DW02_mult_60'
  Processing 'fp16_mult_43_DW01_add_1_DW01_add_664'
  Processing 'fp16_mult_44_DW02_mult_0_DW02_mult_61'
  Processing 'fp16_mult_44_DW01_add_1_DW01_add_665'
  Processing 'fp16_mult_45_DW02_mult_0_DW02_mult_62'
  Processing 'fp16_mult_45_DW01_add_1_DW01_add_666'
  Processing 'fp16_mult_46_DW02_mult_0_DW02_mult_63'
  Processing 'fp16_mult_46_DW01_add_1_DW01_add_667'
  Processing 'fp16_mult_47_DW02_mult_0_DW02_mult_64'
  Processing 'fp16_mult_47_DW01_add_1_DW01_add_668'
  Processing 'fp16_mult_48_DW02_mult_0_DW02_mult_65'
  Processing 'fp16_mult_48_DW01_add_1_DW01_add_669'
  Processing 'fp16_mult_49_DW02_mult_0_DW02_mult_66'
  Processing 'fp16_mult_49_DW01_add_1_DW01_add_670'
  Processing 'fp16_mult_50_DW02_mult_0_DW02_mult_67'
  Processing 'fp16_mult_50_DW01_add_1_DW01_add_671'
  Processing 'fp16_mult_51_DW02_mult_0_DW02_mult_68'
  Processing 'fp16_mult_51_DW01_add_1_DW01_add_672'
  Processing 'fp16_mult_52_DW02_mult_0_DW02_mult_69'
  Processing 'fp16_mult_52_DW01_add_1_DW01_add_673'
  Processing 'fp16_mult_53_DW02_mult_0_DW02_mult_70'
  Processing 'fp16_mult_53_DW01_add_1_DW01_add_674'
  Processing 'fp16_mult_54_DW02_mult_0_DW02_mult_71'
  Processing 'fp16_mult_54_DW01_add_1_DW01_add_675'
  Processing 'fp16_mult_55_DW02_mult_0_DW02_mult_72'
  Processing 'fp16_mult_55_DW01_add_1_DW01_add_676'
  Processing 'fp16_mult_56_DW02_mult_0_DW02_mult_73'
  Processing 'fp16_mult_56_DW01_add_1_DW01_add_677'
  Processing 'fp16_mult_57_DW02_mult_0_DW02_mult_74'
  Processing 'fp16_mult_57_DW01_add_1_DW01_add_678'
  Processing 'fp16_mult_58_DW02_mult_0_DW02_mult_75'
  Processing 'fp16_mult_58_DW01_add_1_DW01_add_679'
  Processing 'fp16_mult_59_DW02_mult_0_DW02_mult_76'
  Processing 'fp16_mult_59_DW01_add_1_DW01_add_680'
  Processing 'fp16_mult_60_DW02_mult_0_DW02_mult_77'
  Processing 'fp16_mult_60_DW01_add_1_DW01_add_681'
  Processing 'fp16_mult_61_DW02_mult_0_DW02_mult_78'
  Processing 'fp16_mult_61_DW01_add_1_DW01_add_682'
  Processing 'fp16_mult_62_DW02_mult_0_DW02_mult_79'
  Processing 'fp16_mult_62_DW01_add_1_DW01_add_683'
  Processing 'fp16_mult_63_DW02_mult_0_DW02_mult_80'
  Processing 'fp16_mult_63_DW01_add_1_DW01_add_684'
  Processing 'fp16_mult_0_DW02_mult_0_DW02_mult_81'
  Processing 'fp16_mult_0_DW01_add_1_DW01_add_685'
  Processing 'fp32_mul_0_DW02_mult_0_DW02_mult_82'
  Processing 'fp32_mul_0_DW01_add_1_DW01_add_686'
  Processing 'fp32_mul_15_DW02_mult_0_DW02_mult_83'
  Processing 'fp32_mul_15_DW01_add_1_DW01_add_687'
  Processing 'fp32_mul_14_DW02_mult_0_DW02_mult_84'
  Processing 'fp32_mul_14_DW01_add_1_DW01_add_688'
  Processing 'fp32_mul_13_DW02_mult_0_DW02_mult_85'
  Processing 'fp32_mul_13_DW01_add_1_DW01_add_689'
  Processing 'fp32_mul_12_DW02_mult_0_DW02_mult_86'
  Processing 'fp32_mul_12_DW01_add_1_DW01_add_690'
  Processing 'fp32_mul_11_DW02_mult_0_DW02_mult_87'
  Processing 'fp32_mul_11_DW01_add_1_DW01_add_691'
  Processing 'fp32_mul_10_DW02_mult_0_DW02_mult_88'
  Processing 'fp32_mul_10_DW01_add_1_DW01_add_692'
  Processing 'fp32_mul_9_DW02_mult_0_DW02_mult_89'
  Processing 'fp32_mul_9_DW01_add_1_DW01_add_693'
  Processing 'fp32_mul_8_DW02_mult_0_DW02_mult_90'
  Processing 'fp32_mul_8_DW01_add_1_DW01_add_694'
  Processing 'fp32_mul_7_DW02_mult_0_DW02_mult_91'
  Processing 'fp32_mul_7_DW01_add_1_DW01_add_695'
  Processing 'fp32_mul_6_DW02_mult_0_DW02_mult_92'
  Processing 'fp32_mul_6_DW01_add_1_DW01_add_696'
  Processing 'fp32_mul_5_DW02_mult_0_DW02_mult_93'
  Processing 'fp32_mul_5_DW01_add_1_DW01_add_697'
  Processing 'fp32_mul_4_DW02_mult_0_DW02_mult_94'
  Processing 'fp32_mul_4_DW01_add_1_DW01_add_698'
  Processing 'fp32_mul_3_DW02_mult_0_DW02_mult_95'
  Processing 'fp32_mul_3_DW01_add_1_DW01_add_699'
  Processing 'fp32_mul_2_DW02_mult_0_DW02_mult_96'
  Processing 'fp32_mul_2_DW01_add_1_DW01_add_700'
  Processing 'fp32_mul_1_DW02_mult_0_DW02_mult_97'
  Processing 'fp32_mul_1_DW01_add_1_DW01_add_701'
  Processing 'bf16_mult_1_DW02_mult_0_DW02_mult_98'
  Processing 'bf16_mult_1_DW01_add_1_DW01_add_702'
  Processing 'bf16_mult_2_DW02_mult_0_DW02_mult_99'
  Processing 'bf16_mult_2_DW01_add_1_DW01_add_703'
  Processing 'bf16_mult_3_DW02_mult_0_DW02_mult_100'
  Processing 'bf16_mult_3_DW01_add_1_DW01_add_704'
  Processing 'bf16_mult_4_DW02_mult_0_DW02_mult_101'
  Processing 'bf16_mult_4_DW01_add_1_DW01_add_705'
  Processing 'bf16_mult_5_DW02_mult_0_DW02_mult_102'
  Processing 'bf16_mult_5_DW01_add_1_DW01_add_706'
  Processing 'bf16_mult_6_DW02_mult_0_DW02_mult_103'
  Processing 'bf16_mult_6_DW01_add_1_DW01_add_707'
  Processing 'bf16_mult_7_DW02_mult_0_DW02_mult_104'
  Processing 'bf16_mult_7_DW01_add_1_DW01_add_708'
  Processing 'bf16_mult_8_DW02_mult_0_DW02_mult_105'
  Processing 'bf16_mult_8_DW01_add_1_DW01_add_709'
  Processing 'bf16_mult_9_DW02_mult_0_DW02_mult_106'
  Processing 'bf16_mult_9_DW01_add_1_DW01_add_710'
  Processing 'bf16_mult_10_DW02_mult_0_DW02_mult_107'
  Processing 'bf16_mult_10_DW01_add_1_DW01_add_711'
  Processing 'bf16_mult_11_DW02_mult_0_DW02_mult_108'
  Processing 'bf16_mult_11_DW01_add_1_DW01_add_712'
  Processing 'bf16_mult_12_DW02_mult_0_DW02_mult_109'
  Processing 'bf16_mult_12_DW01_add_1_DW01_add_713'
  Processing 'bf16_mult_13_DW02_mult_0_DW02_mult_110'
  Processing 'bf16_mult_13_DW01_add_1_DW01_add_714'
  Processing 'bf16_mult_14_DW02_mult_0_DW02_mult_111'
  Processing 'bf16_mult_14_DW01_add_1_DW01_add_715'
  Processing 'bf16_mult_15_DW02_mult_0_DW02_mult_112'
  Processing 'bf16_mult_15_DW01_add_1_DW01_add_716'
  Processing 'bf16_mult_16_DW02_mult_0_DW02_mult_113'
  Processing 'bf16_mult_16_DW01_add_1_DW01_add_717'
  Processing 'fp16_mult_1_DW01_sub_0_DW01_sub_955'
  Processing 'fp16_mult_1_DW01_add_2_DW01_add_718'
  Processing 'fp16_mult_2_DW01_sub_0_DW01_sub_956'
  Processing 'fp16_mult_2_DW01_add_2_DW01_add_719'
  Processing 'fp16_mult_3_DW01_sub_0_DW01_sub_957'
  Processing 'fp16_mult_3_DW01_add_2_DW01_add_720'
  Processing 'fp16_mult_4_DW01_sub_0_DW01_sub_958'
  Processing 'fp16_mult_4_DW01_add_2_DW01_add_721'
  Processing 'fp16_mult_5_DW01_sub_0_DW01_sub_959'
  Processing 'fp16_mult_5_DW01_add_2_DW01_add_722'
  Processing 'fp16_mult_6_DW01_sub_0_DW01_sub_960'
  Processing 'fp16_mult_6_DW01_add_2_DW01_add_723'
  Processing 'fp16_mult_7_DW01_sub_0_DW01_sub_961'
  Processing 'fp16_mult_7_DW01_add_2_DW01_add_724'
  Processing 'fp16_mult_8_DW01_sub_0_DW01_sub_962'
  Processing 'fp16_mult_8_DW01_add_2_DW01_add_725'
  Processing 'fp16_mult_9_DW01_sub_0_DW01_sub_963'
  Processing 'fp16_mult_9_DW01_add_2_DW01_add_726'
  Processing 'fp16_mult_10_DW01_sub_0_DW01_sub_964'
  Processing 'fp16_mult_10_DW01_add_2_DW01_add_727'
  Processing 'fp16_mult_11_DW01_sub_0_DW01_sub_965'
  Processing 'fp16_mult_11_DW01_add_2_DW01_add_728'
  Processing 'fp16_mult_12_DW01_sub_0_DW01_sub_966'
  Processing 'fp16_mult_12_DW01_add_2_DW01_add_729'
  Processing 'fp16_mult_13_DW01_sub_0_DW01_sub_967'
  Processing 'fp16_mult_13_DW01_add_2_DW01_add_730'
  Processing 'fp16_mult_14_DW01_sub_0_DW01_sub_968'
  Processing 'fp16_mult_14_DW01_add_2_DW01_add_731'
  Processing 'fp16_mult_15_DW01_sub_0_DW01_sub_969'
  Processing 'fp16_mult_15_DW01_add_2_DW01_add_732'
  Processing 'fp16_mult_16_DW01_sub_0_DW01_sub_970'
  Processing 'fp16_mult_16_DW01_add_2_DW01_add_733'
  Processing 'fp16_mult_17_DW01_sub_0_DW01_sub_971'
  Processing 'fp16_mult_17_DW01_add_2_DW01_add_734'
  Processing 'fp16_mult_18_DW01_sub_0_DW01_sub_972'
  Processing 'fp16_mult_18_DW01_add_2_DW01_add_735'
  Processing 'fp16_mult_19_DW01_sub_0_DW01_sub_973'
  Processing 'fp16_mult_19_DW01_add_2_DW01_add_736'
  Processing 'fp16_mult_20_DW01_sub_0_DW01_sub_974'
  Processing 'fp16_mult_20_DW01_add_2_DW01_add_737'
  Processing 'fp16_mult_21_DW01_sub_0_DW01_sub_975'
  Processing 'fp16_mult_21_DW01_add_2_DW01_add_738'
  Processing 'fp16_mult_22_DW01_sub_0_DW01_sub_976'
  Processing 'fp16_mult_22_DW01_add_2_DW01_add_739'
  Processing 'fp16_mult_23_DW01_sub_0_DW01_sub_977'
  Processing 'fp16_mult_23_DW01_add_2_DW01_add_740'
  Processing 'fp16_mult_24_DW01_sub_0_DW01_sub_978'
  Processing 'fp16_mult_24_DW01_add_2_DW01_add_741'
  Processing 'fp16_mult_25_DW01_sub_0_DW01_sub_979'
  Processing 'fp16_mult_25_DW01_add_2_DW01_add_742'
  Processing 'fp16_mult_26_DW01_sub_0_DW01_sub_980'
  Processing 'fp16_mult_26_DW01_add_2_DW01_add_743'
  Processing 'fp16_mult_27_DW01_sub_0_DW01_sub_981'
  Processing 'fp16_mult_27_DW01_add_2_DW01_add_744'
  Processing 'fp16_mult_28_DW01_sub_0_DW01_sub_982'
  Processing 'fp16_mult_28_DW01_add_2_DW01_add_745'
  Processing 'fp16_mult_29_DW01_sub_0_DW01_sub_983'
  Processing 'fp16_mult_29_DW01_add_2_DW01_add_746'
  Processing 'fp16_mult_30_DW01_sub_0_DW01_sub_984'
  Processing 'fp16_mult_30_DW01_add_2_DW01_add_747'
  Processing 'fp16_mult_31_DW01_sub_0_DW01_sub_985'
  Processing 'fp16_mult_31_DW01_add_2_DW01_add_748'
  Processing 'fp16_mult_32_DW01_sub_0_DW01_sub_986'
  Processing 'fp16_mult_32_DW01_add_2_DW01_add_749'
  Processing 'fp16_mult_33_DW01_sub_0_DW01_sub_987'
  Processing 'fp16_mult_33_DW01_add_2_DW01_add_750'
  Processing 'fp16_mult_34_DW01_sub_0_DW01_sub_988'
  Processing 'fp16_mult_34_DW01_add_2_DW01_add_751'
  Processing 'fp16_mult_35_DW01_sub_0_DW01_sub_989'
  Processing 'fp16_mult_35_DW01_add_2_DW01_add_752'
  Processing 'fp16_mult_36_DW01_sub_0_DW01_sub_990'
  Processing 'fp16_mult_36_DW01_add_2_DW01_add_753'
  Processing 'fp16_mult_37_DW01_sub_0_DW01_sub_991'
  Processing 'fp16_mult_37_DW01_add_2_DW01_add_754'
  Processing 'fp16_mult_38_DW01_sub_0_DW01_sub_992'
  Processing 'fp16_mult_38_DW01_add_2_DW01_add_755'
  Processing 'fp16_mult_39_DW01_sub_0_DW01_sub_993'
  Processing 'fp16_mult_39_DW01_add_2_DW01_add_756'
  Processing 'fp16_mult_40_DW01_sub_0_DW01_sub_994'
  Processing 'fp16_mult_40_DW01_add_2_DW01_add_757'
  Processing 'fp16_mult_41_DW01_sub_0_DW01_sub_995'
  Processing 'fp16_mult_41_DW01_add_2_DW01_add_758'
  Processing 'fp16_mult_42_DW01_sub_0_DW01_sub_996'
  Processing 'fp16_mult_42_DW01_add_2_DW01_add_759'
  Processing 'fp16_mult_43_DW01_sub_0_DW01_sub_997'
  Processing 'fp16_mult_43_DW01_add_2_DW01_add_760'
  Processing 'fp16_mult_44_DW01_sub_0_DW01_sub_998'
  Processing 'fp16_mult_44_DW01_add_2_DW01_add_761'
  Processing 'fp16_mult_45_DW01_sub_0_DW01_sub_999'
  Processing 'fp16_mult_45_DW01_add_2_DW01_add_762'
  Processing 'fp16_mult_46_DW01_sub_0_DW01_sub_1000'
  Processing 'fp16_mult_46_DW01_add_2_DW01_add_763'
  Processing 'fp16_mult_47_DW01_sub_0_DW01_sub_1001'
  Processing 'fp16_mult_47_DW01_add_2_DW01_add_764'
  Processing 'fp16_mult_48_DW01_sub_0_DW01_sub_1002'
  Processing 'fp16_mult_48_DW01_add_2_DW01_add_765'
  Processing 'fp16_mult_49_DW01_sub_0_DW01_sub_1003'
  Processing 'fp16_mult_49_DW01_add_2_DW01_add_766'
  Processing 'fp16_mult_50_DW01_sub_0_DW01_sub_1004'
  Processing 'fp16_mult_50_DW01_add_2_DW01_add_767'
  Processing 'fp16_mult_51_DW01_sub_0_DW01_sub_1005'
  Processing 'fp16_mult_51_DW01_add_2_DW01_add_768'
  Processing 'fp16_mult_52_DW01_sub_0_DW01_sub_1006'
  Processing 'fp16_mult_52_DW01_add_2_DW01_add_769'
  Processing 'fp16_mult_53_DW01_sub_0_DW01_sub_1007'
  Processing 'fp16_mult_53_DW01_add_2_DW01_add_770'
  Processing 'fp16_mult_54_DW01_sub_0_DW01_sub_1008'
  Processing 'fp16_mult_54_DW01_add_2_DW01_add_771'
  Processing 'fp16_mult_55_DW01_sub_0_DW01_sub_1009'
  Processing 'fp16_mult_55_DW01_add_2_DW01_add_772'
  Processing 'fp16_mult_56_DW01_sub_0_DW01_sub_1010'
  Processing 'fp16_mult_56_DW01_add_2_DW01_add_773'
  Processing 'fp16_mult_57_DW01_sub_0_DW01_sub_1011'
  Processing 'fp16_mult_57_DW01_add_2_DW01_add_774'
  Processing 'fp16_mult_58_DW01_sub_0_DW01_sub_1012'
  Processing 'fp16_mult_58_DW01_add_2_DW01_add_775'
  Processing 'fp16_mult_59_DW01_sub_0_DW01_sub_1013'
  Processing 'fp16_mult_59_DW01_add_2_DW01_add_776'
  Processing 'fp16_mult_60_DW01_sub_0_DW01_sub_1014'
  Processing 'fp16_mult_60_DW01_add_2_DW01_add_777'
  Processing 'fp16_mult_61_DW01_sub_0_DW01_sub_1015'
  Processing 'fp16_mult_61_DW01_add_2_DW01_add_778'
  Processing 'fp16_mult_62_DW01_sub_0_DW01_sub_1016'
  Processing 'fp16_mult_62_DW01_add_2_DW01_add_779'
  Processing 'fp16_mult_63_DW01_sub_0_DW01_sub_1017'
  Processing 'fp16_mult_63_DW01_add_2_DW01_add_780'
  Processing 'fp16_mult_0_DW01_sub_0_DW01_sub_1018'
  Processing 'fp16_mult_0_DW01_add_2_DW01_add_781'
  Processing 'streaming_softmax_unit_LANES16_MAX_TOKENS2048_CONTEXTS32_DW01_add_2_DW01_add_782'
  Processing 'streaming_softmax_unit_LANES16_MAX_TOKENS2048_CONTEXTS32_DW01_dec_4_DW01_dec_7'
  Processing 'fp32_mul_0_DW01_sub_0_DW01_sub_1019'
  Processing 'fp32_mul_0_DW01_add_2_DW01_add_783'
  Processing 'fp32_mul_15_DW01_sub_0_DW01_sub_1020'
  Processing 'fp32_mul_15_DW01_add_2_DW01_add_784'
  Processing 'fp32_mul_14_DW01_sub_0_DW01_sub_1021'
  Processing 'fp32_mul_14_DW01_add_2_DW01_add_785'
  Processing 'fp32_mul_13_DW01_sub_0_DW01_sub_1022'
  Processing 'fp32_mul_13_DW01_add_2_DW01_add_786'
  Processing 'fp32_mul_12_DW01_sub_0_DW01_sub_1023'
  Processing 'fp32_mul_12_DW01_add_2_DW01_add_787'
  Processing 'fp32_mul_11_DW01_sub_0_DW01_sub_1024'
  Processing 'fp32_mul_11_DW01_add_2_DW01_add_788'
  Processing 'fp32_mul_10_DW01_sub_0_DW01_sub_1025'
  Processing 'fp32_mul_10_DW01_add_2_DW01_add_789'
  Processing 'fp32_mul_9_DW01_sub_0_DW01_sub_1026'
  Processing 'fp32_mul_9_DW01_add_2_DW01_add_790'
  Processing 'fp32_mul_8_DW01_sub_0_DW01_sub_1027'
  Processing 'fp32_mul_8_DW01_add_2_DW01_add_791'
  Processing 'fp32_mul_7_DW01_sub_0_DW01_sub_1028'
  Processing 'fp32_mul_7_DW01_add_2_DW01_add_792'
  Processing 'fp32_mul_6_DW01_sub_0_DW01_sub_1029'
  Processing 'fp32_mul_6_DW01_add_2_DW01_add_793'
  Processing 'fp32_mul_5_DW01_sub_0_DW01_sub_1030'
  Processing 'fp32_mul_5_DW01_add_2_DW01_add_794'
  Processing 'fp32_mul_4_DW01_sub_0_DW01_sub_1031'
  Processing 'fp32_mul_4_DW01_add_2_DW01_add_795'
  Processing 'fp32_mul_3_DW01_sub_0_DW01_sub_1032'
  Processing 'fp32_mul_3_DW01_add_2_DW01_add_796'
  Processing 'fp32_mul_2_DW01_sub_0_DW01_sub_1033'
  Processing 'fp32_mul_2_DW01_add_2_DW01_add_797'
  Processing 'fp32_mul_1_DW01_sub_0_DW01_sub_1034'
  Processing 'fp32_mul_1_DW01_add_2_DW01_add_798'
  Processing 'bf16_mult_20_DW02_mult_0_DW02_mult_114'
  Processing 'bf16_mult_20_DW01_add_1_DW01_add_799'
  Processing 'bf16_mult_17_DW02_mult_0_DW02_mult_115'
  Processing 'bf16_mult_17_DW01_add_1_DW01_add_800'
  Processing 'bf16_mult_19_DW02_mult_0_DW02_mult_116'
  Processing 'bf16_mult_19_DW01_add_1_DW01_add_801'
  Processing 'bf16_mult_18_DW02_mult_0_DW02_mult_117'
  Processing 'bf16_mult_18_DW01_add_1_DW01_add_802'
  Processing 'bf16_mult_1_DW01_sub_0_DW01_sub_1035'
  Processing 'bf16_mult_1_DW01_add_2_DW01_add_803'
  Processing 'bf16_mult_2_DW01_sub_0_DW01_sub_1036'
  Processing 'bf16_mult_2_DW01_add_2_DW01_add_804'
  Processing 'bf16_mult_24_DW02_mult_0_DW02_mult_118'
  Processing 'bf16_mult_24_DW01_add_1_DW01_add_805'
  Processing 'bf16_mult_21_DW02_mult_0_DW02_mult_119'
  Processing 'bf16_mult_21_DW01_add_1_DW01_add_806'
  Processing 'bf16_mult_23_DW02_mult_0_DW02_mult_120'
  Processing 'bf16_mult_23_DW01_add_1_DW01_add_807'
  Processing 'bf16_mult_22_DW02_mult_0_DW02_mult_121'
  Processing 'bf16_mult_22_DW01_add_1_DW01_add_808'
  Processing 'bf16_mult_3_DW01_sub_0_DW01_sub_1037'
  Processing 'bf16_mult_3_DW01_add_2_DW01_add_809'
  Processing 'bf16_mult_4_DW01_sub_0_DW01_sub_1038'
  Processing 'bf16_mult_4_DW01_add_2_DW01_add_810'
  Processing 'bf16_mult_28_DW02_mult_0_DW02_mult_122'
  Processing 'bf16_mult_28_DW01_add_1_DW01_add_811'
  Processing 'bf16_mult_25_DW02_mult_0_DW02_mult_123'
  Processing 'bf16_mult_25_DW01_add_1_DW01_add_812'
  Processing 'bf16_mult_27_DW02_mult_0_DW02_mult_124'
  Processing 'bf16_mult_27_DW01_add_1_DW01_add_813'
  Processing 'bf16_mult_26_DW02_mult_0_DW02_mult_125'
  Processing 'bf16_mult_26_DW01_add_1_DW01_add_814'
  Processing 'bf16_mult_5_DW01_sub_0_DW01_sub_1039'
  Processing 'bf16_mult_5_DW01_add_2_DW01_add_815'
  Processing 'bf16_mult_6_DW01_sub_0_DW01_sub_1040'
  Processing 'bf16_mult_6_DW01_add_2_DW01_add_816'
  Processing 'bf16_mult_32_DW02_mult_0_DW02_mult_126'
  Processing 'bf16_mult_32_DW01_add_1_DW01_add_817'
  Processing 'bf16_mult_29_DW02_mult_0_DW02_mult_127'
  Processing 'bf16_mult_29_DW01_add_1_DW01_add_818'
  Processing 'bf16_mult_31_DW02_mult_0_DW02_mult_128'
  Processing 'bf16_mult_31_DW01_add_1_DW01_add_819'
  Processing 'bf16_mult_30_DW02_mult_0_DW02_mult_129'
  Processing 'bf16_mult_30_DW01_add_1_DW01_add_820'
  Processing 'bf16_mult_7_DW01_sub_0_DW01_sub_1041'
  Processing 'bf16_mult_7_DW01_add_2_DW01_add_821'
  Processing 'bf16_mult_8_DW01_sub_0_DW01_sub_1042'
  Processing 'bf16_mult_8_DW01_add_2_DW01_add_822'
  Processing 'bf16_mult_36_DW02_mult_0_DW02_mult_130'
  Processing 'bf16_mult_36_DW01_add_1_DW01_add_823'
  Processing 'bf16_mult_33_DW02_mult_0_DW02_mult_131'
  Processing 'bf16_mult_33_DW01_add_1_DW01_add_824'
  Processing 'bf16_mult_35_DW02_mult_0_DW02_mult_132'
  Processing 'bf16_mult_35_DW01_add_1_DW01_add_825'
  Processing 'bf16_mult_34_DW02_mult_0_DW02_mult_133'
  Processing 'bf16_mult_34_DW01_add_1_DW01_add_826'
  Processing 'bf16_mult_9_DW01_sub_0_DW01_sub_1043'
  Processing 'bf16_mult_9_DW01_add_2_DW01_add_827'
  Processing 'bf16_mult_10_DW01_sub_0_DW01_sub_1044'
  Processing 'bf16_mult_10_DW01_add_2_DW01_add_828'
  Processing 'bf16_mult_40_DW02_mult_0_DW02_mult_134'
  Processing 'bf16_mult_40_DW01_add_1_DW01_add_829'
  Processing 'bf16_mult_37_DW02_mult_0_DW02_mult_135'
  Processing 'bf16_mult_37_DW01_add_1_DW01_add_830'
  Processing 'bf16_mult_39_DW02_mult_0_DW02_mult_136'
  Processing 'bf16_mult_39_DW01_add_1_DW01_add_831'
  Processing 'bf16_mult_38_DW02_mult_0_DW02_mult_137'
  Processing 'bf16_mult_38_DW01_add_1_DW01_add_832'
  Processing 'bf16_mult_11_DW01_sub_0_DW01_sub_1045'
  Processing 'bf16_mult_11_DW01_add_2_DW01_add_833'
  Processing 'bf16_mult_12_DW01_sub_0_DW01_sub_1046'
  Processing 'bf16_mult_12_DW01_add_2_DW01_add_834'
  Processing 'bf16_mult_44_DW02_mult_0_DW02_mult_138'
  Processing 'bf16_mult_44_DW01_add_1_DW01_add_835'
  Processing 'bf16_mult_41_DW02_mult_0_DW02_mult_139'
  Processing 'bf16_mult_41_DW01_add_1_DW01_add_836'
  Processing 'bf16_mult_43_DW02_mult_0_DW02_mult_140'
  Processing 'bf16_mult_43_DW01_add_1_DW01_add_837'
  Processing 'bf16_mult_42_DW02_mult_0_DW02_mult_141'
  Processing 'bf16_mult_42_DW01_add_1_DW01_add_838'
  Processing 'bf16_mult_13_DW01_sub_0_DW01_sub_1047'
  Processing 'bf16_mult_13_DW01_add_2_DW01_add_839'
  Processing 'bf16_mult_14_DW01_sub_0_DW01_sub_1048'
  Processing 'bf16_mult_14_DW01_add_2_DW01_add_840'
  Processing 'bf16_mult_45_DW02_mult_0_DW02_mult_142'
  Processing 'bf16_mult_45_DW01_add_1_DW01_add_841'
  Processing 'bf16_mult_0_DW02_mult_0_DW02_mult_143'
  Processing 'bf16_mult_0_DW01_add_1_DW01_add_842'
  Processing 'bf16_mult_47_DW02_mult_0_DW02_mult_144'
  Processing 'bf16_mult_47_DW01_add_1_DW01_add_843'
  Processing 'bf16_mult_46_DW02_mult_0_DW02_mult_145'
  Processing 'bf16_mult_46_DW01_add_1_DW01_add_844'
  Processing 'bf16_mult_15_DW01_sub_0_DW01_sub_1049'
  Processing 'bf16_mult_15_DW01_add_2_DW01_add_845'
  Processing 'bf16_mult_16_DW01_sub_0_DW01_sub_1050'
  Processing 'bf16_mult_16_DW01_add_2_DW01_add_846'
  Processing 'bf16_mult_20_DW01_sub_0_DW01_sub_1051'
  Processing 'bf16_mult_20_DW01_add_2_DW01_add_847'
  Processing 'bf16_mult_17_DW01_sub_0_DW01_sub_1052'
  Processing 'bf16_mult_17_DW01_add_2_DW01_add_848'
  Processing 'bf16_mult_19_DW01_sub_0_DW01_sub_1053'
  Processing 'bf16_mult_19_DW01_add_2_DW01_add_849'
  Processing 'bf16_mult_18_DW01_sub_0_DW01_sub_1054'
  Processing 'bf16_mult_18_DW01_add_2_DW01_add_850'
  Processing 'bf16_mult_24_DW01_sub_0_DW01_sub_1055'
  Processing 'bf16_mult_24_DW01_add_2_DW01_add_851'
  Processing 'bf16_mult_21_DW01_sub_0_DW01_sub_1056'
  Processing 'bf16_mult_21_DW01_add_2_DW01_add_852'
  Processing 'bf16_mult_23_DW01_sub_0_DW01_sub_1057'
  Processing 'bf16_mult_23_DW01_add_2_DW01_add_853'
  Processing 'bf16_mult_22_DW01_sub_0_DW01_sub_1058'
  Processing 'bf16_mult_22_DW01_add_2_DW01_add_854'
  Processing 'bf16_mult_28_DW01_sub_0_DW01_sub_1059'
  Processing 'bf16_mult_28_DW01_add_2_DW01_add_855'
  Processing 'bf16_mult_25_DW01_sub_0_DW01_sub_1060'
  Processing 'bf16_mult_25_DW01_add_2_DW01_add_856'
  Processing 'bf16_mult_27_DW01_sub_0_DW01_sub_1061'
  Processing 'bf16_mult_27_DW01_add_2_DW01_add_857'
  Processing 'bf16_mult_26_DW01_sub_0_DW01_sub_1062'
  Processing 'bf16_mult_26_DW01_add_2_DW01_add_858'
  Processing 'bf16_mult_32_DW01_sub_0_DW01_sub_1063'
  Processing 'bf16_mult_32_DW01_add_2_DW01_add_859'
  Processing 'bf16_mult_29_DW01_sub_0_DW01_sub_1064'
  Processing 'bf16_mult_29_DW01_add_2_DW01_add_860'
  Processing 'bf16_mult_31_DW01_sub_0_DW01_sub_1065'
  Processing 'bf16_mult_31_DW01_add_2_DW01_add_861'
  Processing 'bf16_mult_30_DW01_sub_0_DW01_sub_1066'
  Processing 'bf16_mult_30_DW01_add_2_DW01_add_862'
  Processing 'bf16_mult_36_DW01_sub_0_DW01_sub_1067'
  Processing 'bf16_mult_36_DW01_add_2_DW01_add_863'
  Processing 'bf16_mult_33_DW01_sub_0_DW01_sub_1068'
  Processing 'bf16_mult_33_DW01_add_2_DW01_add_864'
  Processing 'bf16_mult_35_DW01_sub_0_DW01_sub_1069'
  Processing 'bf16_mult_35_DW01_add_2_DW01_add_865'
  Processing 'bf16_mult_34_DW01_sub_0_DW01_sub_1070'
  Processing 'bf16_mult_34_DW01_add_2_DW01_add_866'
  Processing 'bf16_mult_40_DW01_sub_0_DW01_sub_1071'
  Processing 'bf16_mult_40_DW01_add_2_DW01_add_867'
  Processing 'bf16_mult_37_DW01_sub_0_DW01_sub_1072'
  Processing 'bf16_mult_37_DW01_add_2_DW01_add_868'
  Processing 'bf16_mult_39_DW01_sub_0_DW01_sub_1073'
  Processing 'bf16_mult_39_DW01_add_2_DW01_add_869'
  Processing 'bf16_mult_38_DW01_sub_0_DW01_sub_1074'
  Processing 'bf16_mult_38_DW01_add_2_DW01_add_870'
  Processing 'bf16_mult_44_DW01_sub_0_DW01_sub_1075'
  Processing 'bf16_mult_44_DW01_add_2_DW01_add_871'
  Processing 'bf16_mult_41_DW01_sub_0_DW01_sub_1076'
  Processing 'bf16_mult_41_DW01_add_2_DW01_add_872'
  Processing 'bf16_mult_43_DW01_sub_0_DW01_sub_1077'
  Processing 'bf16_mult_43_DW01_add_2_DW01_add_873'
  Processing 'bf16_mult_42_DW01_sub_0_DW01_sub_1078'
  Processing 'bf16_mult_42_DW01_add_2_DW01_add_874'
  Processing 'bf16_mult_45_DW01_sub_0_DW01_sub_1079'
  Processing 'bf16_mult_45_DW01_add_2_DW01_add_875'
  Processing 'bf16_mult_0_DW01_sub_0_DW01_sub_1080'
  Processing 'bf16_mult_0_DW01_add_2_DW01_add_876'
  Processing 'bf16_mult_47_DW01_sub_0_DW01_sub_1081'
  Processing 'bf16_mult_47_DW01_add_2_DW01_add_877'
  Processing 'bf16_mult_46_DW01_sub_0_DW01_sub_1082'
  Processing 'bf16_mult_46_DW01_add_2_DW01_add_878'
  Processing 'fp32_exp_1_DW01_add_1_DW01_add_879'
  Processing 'fp32_exp_1_DW02_mult_1_DW02_mult_146'
  Processing 'fp32_exp_1_DW01_add_2_DW01_add_880'
  Processing 'fp32_exp_2_DW01_add_1_DW01_add_881'
  Processing 'fp32_exp_2_DW02_mult_1_DW02_mult_147'
  Processing 'fp32_exp_2_DW01_add_2_DW01_add_882'
  Processing 'fp32_exp_3_DW01_add_1_DW01_add_883'
  Processing 'fp32_exp_3_DW02_mult_1_DW02_mult_148'
  Processing 'fp32_exp_3_DW01_add_2_DW01_add_884'
  Processing 'fp32_exp_4_DW01_add_1_DW01_add_885'
  Processing 'fp32_exp_4_DW02_mult_1_DW02_mult_149'
  Processing 'fp32_exp_4_DW01_add_2_DW01_add_886'
  Processing 'fp32_exp_5_DW01_add_1_DW01_add_887'
  Processing 'fp32_exp_5_DW02_mult_1_DW02_mult_150'
  Processing 'fp32_exp_5_DW01_add_2_DW01_add_888'
  Processing 'fp32_exp_6_DW01_add_1_DW01_add_889'
  Processing 'fp32_exp_6_DW02_mult_1_DW02_mult_151'
  Processing 'fp32_exp_6_DW01_add_2_DW01_add_890'
  Processing 'fp32_exp_7_DW01_add_1_DW01_add_891'
  Processing 'fp32_exp_7_DW02_mult_1_DW02_mult_152'
  Processing 'fp32_exp_7_DW01_add_2_DW01_add_892'
  Processing 'fp32_exp_8_DW01_add_1_DW01_add_893'
  Processing 'fp32_exp_8_DW02_mult_1_DW02_mult_153'
  Processing 'fp32_exp_8_DW01_add_2_DW01_add_894'
  Processing 'fp32_exp_9_DW01_add_1_DW01_add_895'
  Processing 'fp32_exp_9_DW02_mult_1_DW02_mult_154'
  Processing 'fp32_exp_9_DW01_add_2_DW01_add_896'
  Processing 'fp32_exp_10_DW01_add_1_DW01_add_897'
  Processing 'fp32_exp_10_DW02_mult_1_DW02_mult_155'
  Processing 'fp32_exp_10_DW01_add_2_DW01_add_898'
  Processing 'fp32_exp_11_DW01_add_1_DW01_add_899'
  Processing 'fp32_exp_11_DW02_mult_1_DW02_mult_156'
  Processing 'fp32_exp_11_DW01_add_2_DW01_add_900'
  Processing 'fp32_exp_12_DW01_add_1_DW01_add_901'
  Processing 'fp32_exp_12_DW02_mult_1_DW02_mult_157'
  Processing 'fp32_exp_12_DW01_add_2_DW01_add_902'
  Processing 'fp32_exp_13_DW01_add_1_DW01_add_903'
  Processing 'fp32_exp_13_DW02_mult_1_DW02_mult_158'
  Processing 'fp32_exp_13_DW01_add_2_DW01_add_904'
  Processing 'fp32_exp_14_DW01_add_1_DW01_add_905'
  Processing 'fp32_exp_14_DW02_mult_1_DW02_mult_159'
  Processing 'fp32_exp_14_DW01_add_2_DW01_add_906'
  Processing 'fp32_exp_15_DW01_add_1_DW01_add_907'
  Processing 'fp32_exp_15_DW02_mult_1_DW02_mult_160'
  Processing 'fp32_exp_15_DW01_add_2_DW01_add_908'
  Processing 'fp32_exp_0_DW01_add_1_DW01_add_909'
  Processing 'fp32_exp_0_DW02_mult_1_DW02_mult_161'
  Processing 'fp32_exp_0_DW01_add_2_DW01_add_910'
  Processing 'kv_scan_planner_ENTRIES32_DW01_add_2_DW01_add_911'
  Processing 'kv_scan_planner_ENTRIES32_DW02_mult_0_DW02_mult_162'

                                  TOTAL                                      
   ELAPSED            WORST NEG   SETUP    DESIGN                            
    TIME      AREA      SLACK     COST    RULE COST         ENDPOINT         
  --------- --------- --------- --------- --------- -------------------------
    0:21:47   76855.9  17475.93 36847244.0  947969.7                          
    0:21:47   76855.9  17475.93 36847244.0  947969.7                          
    0:21:47   76855.8  17475.93 36847244.0  947969.7                          

  Beginning Mapping Optimizations  (Medium effort)
  -------------------------------
LNC WARNING: Found output_to_output lib arc on HAxp5_ASAP7_75t_R.
  Mapping Optimization (Phase 1)
  Mapping Optimization (Phase 2)
  Mapping Optimization (Phase 3)

                                  TOTAL                                      
   ELAPSED            WORST NEG   SETUP    DESIGN                            
    TIME      AREA      SLACK     COST    RULE COST         ENDPOINT         
  --------- --------- --------- --------- --------- -------------------------
    0:28:13   76091.7   8986.82 29378392.0  597078.3                          
    0:28:13   76091.7   8986.82 29378392.0  597078.3                          
    0:28:14   76131.5   8986.82 29370452.0  595186.3                          
    0:28:15   76175.7   8850.03 28505598.0  612647.3                          
    0:28:18   76206.8   8830.20 28302500.0  609810.6                          
    0:28:20   76223.1   8829.87 28293468.0  608418.9                          
    0:28:24   76229.0   8829.87 28178696.0  606883.6                          
    0:28:27   76237.0   8829.87 28101944.0  606297.0                          
    0:28:27   76252.4   8829.87 26874392.0  603214.5                          
    0:28:30   76420.8   8272.60 15991402.0  384676.7                          
    0:28:32   76489.5   7414.69 15904725.0  373382.0                          
    0:28:35   76617.4   6030.76 14632894.0   11426.5                          
    0:28:36   76638.6   6030.76 14424160.0    7536.9                          
    0:28:38   76693.7   6030.76 14327480.0    7536.9                          
    0:28:40   76740.1   6030.76 14321303.0    7536.9                          
    0:28:41   76785.9   6030.76 14311331.0    7536.9                          
    0:28:42   76828.1   6030.76 14285737.0    7014.0                          
    0:28:43   76870.9   6030.76 14260703.0    6665.4                          
    0:28:44   76913.0   6030.76 14235109.0    6142.5                          
    0:28:45   76955.8   6030.76 14210075.0    5794.0                          
    0:28:46   76998.0   6030.76 14184481.0    5271.1                          
    0:29:45   78068.0   4336.44 13142546.0      51.9                          

  Beginning Delay Optimization Phase
  ----------------------------------

                                  TOTAL                                      
   ELAPSED            WORST NEG   SETUP    DESIGN                            
    TIME      AREA      SLACK     COST    RULE COST         ENDPOINT         
  --------- --------- --------- --------- --------- -------------------------
    0:29:45   78068.0   4336.44 13142546.0      51.9                          
Information: The register 'u_rotate/g_pair[1].u_sc/cfrac_d1_reg[14]' is a constant and will be removed. (OPT-1206)
Information: The register 'u_rotate/g_pair[1].u_sc/sfrac_d1_reg[14]' is a constant and will be removed. (OPT-1206)
Information: The register 'u_rotate/g_pair[2].u_sc/cfrac_d1_reg[14]' is a constant and will be removed. (OPT-1206)
Information: The register 'u_rotate/g_pair[2].u_sc/sfrac_d1_reg[14]' is a constant and will be removed. (OPT-1206)
Information: The register 'u_rotate/g_pair[3].u_sc/cfrac_d1_reg[14]' is a constant and will be removed. (OPT-1206)
Information: The register 'u_rotate/g_pair[3].u_sc/sfrac_d1_reg[14]' is a constant and will be removed. (OPT-1206)
Information: The register 'u_rotate/g_pair[4].u_sc/cfrac_d1_reg[14]' is a constant and will be removed. (OPT-1206)
Information: The register 'u_rotate/g_pair[4].u_sc/sfrac_d1_reg[14]' is a constant and will be removed. (OPT-1206)
Information: The register 'u_rotate/g_pair[5].u_sc/cfrac_d1_reg[14]' is a constant and will be removed. (OPT-1206)
Information: The register 'u_rotate/g_pair[5].u_sc/sfrac_d1_reg[14]' is a constant and will be removed. (OPT-1206)
Information: The register 'u_rotate/g_pair[6].u_sc/cfrac_d1_reg[14]' is a constant and will be removed. (OPT-1206)
Information: The register 'u_rotate/g_pair[6].u_sc/sfrac_d1_reg[14]' is a constant and will be removed. (OPT-1206)
Information: The register 'u_rotate/g_pair[7].u_sc/cfrac_d1_reg[14]' is a constant and will be removed. (OPT-1206)
Information: The register 'u_rotate/g_pair[7].u_sc/sfrac_d1_reg[14]' is a constant and will be removed. (OPT-1206)
Information: The register 'u_rotate/g_pair[0].u_sc/cfrac_d1_reg[14]' is a constant and will be removed. (OPT-1206)
Information: The register 'u_rotate/g_pair[0].u_sc/sfrac_d1_reg[14]' is a constant and will be removed. (OPT-1206)
Information: The register 'u_sfm/G[1].u1/s1_mag_u_reg[31]' is a constant and will be removed. (OPT-1206)
Information: The register 'u_sfm/G[2].u1/s1_mag_u_reg[31]' is a constant and will be removed. (OPT-1206)
Information: The register 'u_sfm/G[3].u1/s1_mag_u_reg[31]' is a constant and will be removed. (OPT-1206)
Information: The register 'u_sfm/G[4].u1/s1_mag_u_reg[31]' is a constant and will be removed. (OPT-1206)
Information: The register 'u_sfm/G[5].u1/s1_mag_u_reg[31]' is a constant and will be removed. (OPT-1206)
Information: The register 'u_sfm/G[6].u1/s1_mag_u_reg[31]' is a constant and will be removed. (OPT-1206)
Information: The register 'u_sfm/G[7].u1/s1_mag_u_reg[31]' is a constant and will be removed. (OPT-1206)
Information: The register 'u_sfm/G[8].u1/s1_mag_u_reg[31]' is a constant and will be removed. (OPT-1206)
Information: The register 'u_sfm/G[9].u1/s1_mag_u_reg[31]' is a constant and will be removed. (OPT-1206)
Information: The register 'u_sfm/G[10].u1/s1_mag_u_reg[31]' is a constant and will be removed. (OPT-1206)
Information: The register 'u_sfm/G[11].u1/s1_mag_u_reg[31]' is a constant and will be removed. (OPT-1206)
Information: The register 'u_sfm/G[12].u1/s1_mag_u_reg[31]' is a constant and will be removed. (OPT-1206)
Information: The register 'u_sfm/G[13].u1/s1_mag_u_reg[31]' is a constant and will be removed. (OPT-1206)
Information: The register 'u_sfm/G[14].u1/s1_mag_u_reg[31]' is a constant and will be removed. (OPT-1206)
Information: The register 'u_sfm/G[15].u1/s1_mag_u_reg[31]' is a constant and will be removed. (OPT-1206)
Information: The register 'u_sfm/G[0].u1/s1_mag_u_reg[31]' is a constant and will be removed. (OPT-1206)
Information: The register 'u_sfm/e_q_reg[12][31]' is a constant and will be removed. (OPT-1206)
Information: The register 'u_sfm/e_q_reg[1][31]' is a constant and will be removed. (OPT-1206)
Information: The register 'u_sfm/e_q_reg[2][31]' is a constant and will be removed. (OPT-1206)
Information: The register 'u_sfm/e_q_reg[8][31]' is a constant and will be removed. (OPT-1206)
Information: The register 'u_sfm/e_q_reg[6][31]' is a constant and will be removed. (OPT-1206)
Information: The register 'u_sfm/e_q_reg[0][31]' is a constant and will be removed. (OPT-1206)
Information: The register 'u_sfm/e_q_reg[14][31]' is a constant and will be removed. (OPT-1206)
Information: The register 'u_sfm/e_q_reg[13][31]' is a constant and will be removed. (OPT-1206)
Information: The register 'u_sfm/e_q_reg[5][31]' is a constant and will be removed. (OPT-1206)
Information: The register 'u_sfm/e_q_reg[3][31]' is a constant and will be removed. (OPT-1206)
Information: The register 'u_sfm/e_q_reg[10][31]' is a constant and will be removed. (OPT-1206)
Information: The register 'u_sfm/e_q_reg[4][31]' is a constant and will be removed. (OPT-1206)
Information: The register 'u_sfm/e_q_reg[7][31]' is a constant and will be removed. (OPT-1206)
Information: The register 'u_sfm/e_q_reg[15][31]' is a constant and will be removed. (OPT-1206)
Information: The register 'u_sfm/e_q_reg[9][31]' is a constant and will be removed. (OPT-1206)
Information: The register 'u_sfm/e_q_reg[11][31]' is a constant and will be removed. (OPT-1206)
Information: The register 'u_sfm/recip_reg[31]' is a constant and will be removed. (OPT-1206)
    0:31:01   78952.8   4311.28 12286183.0      51.9 u_sfm/gmax_reg[28]/D     
    0:31:03   78952.1   4284.61 12285330.0      51.9 u_sfm/gmax_reg[28]/D     
    0:31:04   78951.9   4281.70 12285237.0      51.9 u_sfm/gmax_reg[28]/D     
    0:31:05   78950.9   4271.62 12284914.0      51.9 u_sfm/gmax_reg[28]/D     
    0:31:06   78951.0   4261.93 12284604.0      51.9 u_sfm/gmax_reg[28]/D     
    0:31:07   78950.5   4256.73 12284438.0      51.9 u_sfm/gmax_reg[28]/D     
    0:31:09   78950.4   4239.71 12283890.0      51.9 u_sfm/gmax_reg[1]/D      
    0:31:11   78950.6   4228.55 12283533.0      51.9 u_sfm/gmax_reg[1]/D      
    0:31:12   78951.1   4203.66 12282736.0      51.9 u_sfm/gmax_reg[1]/D      
    0:31:13   78950.6   4197.99 12282555.0      51.9 u_sfm/gmax_reg[1]/D      
    0:31:14   78950.0   4191.66 12282353.0      51.9 u_sfm/gmax_reg[1]/D      
    0:31:14   78949.5   4190.33 12282311.0      51.9 u_sfm/gmax_reg[1]/D      
    0:31:16   78949.6   4182.35 12282068.0      51.9 u_sfm/gmax_reg[28]/D     
    0:31:17   78946.8   4167.91 12281606.0      51.9 u_sfm/gmax_reg[28]/D     
    0:31:19   78946.9   4154.44 12281175.0      51.9 u_sfm/gmax_reg[28]/D     
    0:31:20   78947.1   4153.60 12281148.0      51.9 u_sfm/gmax_reg[28]/D     
    0:31:22   78946.7   4146.31 12280915.0      51.9 u_sfm/gmax_reg[28]/D     
    0:31:23   78946.4   4144.46 12280856.0      51.9 u_sfm/gmax_reg[28]/D     
    0:31:24   78945.7   4140.75 12280737.0      51.9 u_sfm/gmax_reg[28]/D     
    0:31:25   78945.8   4135.24 12280552.0      51.9 u_sfm/gmax_reg[28]/D     
    0:31:27   78945.5   4128.50 12280347.0      51.9 u_sfm/gmax_reg[28]/D     
    0:31:28   78945.4   4123.56 12280192.0      51.9 u_sfm/gmax_reg[14]/D     
    0:31:28   78945.3   4121.74 12280159.0      51.9 u_sfm/gmax_reg[27]/D     
    0:31:29   78945.8   4119.42 12280066.0      51.9 u_sfm/gmax_reg[29]/D     
    0:31:31   78945.4   4113.70 12279873.0      51.9 u_sfm/gmax_reg[3]/D      
    0:31:32   78945.1   4105.06 12279593.0      51.9 u_sfm/gmax_reg[3]/D      
    0:31:32   78946.3   4103.03 12279528.0      51.9 u_sfm/gmax_reg[3]/D      
    0:31:33   78946.1   4099.88 12279427.0      51.9 u_sfm/gmax_reg[3]/D      
    0:31:34   78946.4   4094.06 12279241.0      51.9 u_sfm/gmax_reg[3]/D      
    0:31:35   78946.4   4089.82 12279108.0      51.9 u_sfm/gmax_reg[3]/D      
    0:31:35   78946.3   4086.67 12279007.0      51.9 u_sfm/gmax_reg[3]/D      
    0:31:36   78947.0   4083.87 12278919.0      51.9 u_sfm/gmax_reg[3]/D      
    0:31:37   78947.1   4081.55 12278842.0      51.9 u_sfm/gmax_reg[3]/D      
    0:31:38   78947.2   4080.35 12278803.0      51.9 u_sfm/gmax_reg[3]/D      
    0:31:39   78947.1   4078.56 12278746.0      51.9 u_sfm/gmax_reg[3]/D      
    0:31:40   78947.5   4076.21 12278671.0      51.9 u_sfm/gmax_reg[3]/D      
    0:31:41   78947.8   4073.41 12278581.0      51.9 u_sfm/gmax_reg[3]/D      
    0:31:41   78947.5   4070.90 12278501.0      51.9 u_sfm/gmax_reg[3]/D      
    0:31:42   78947.5   4068.91 12278437.0      51.9 u_sfm/gmax_reg[3]/D      
    0:31:42   78947.5   4068.77 12278433.0      51.9 u_sfm/gmax_reg[3]/D      
    0:31:44   78947.4   4062.12 12278217.0      51.9 u_sfm/gmax_reg[3]/D      
    0:31:45   78947.5   4060.68 12278185.0      51.9 u_sfm/gmax_reg[10]/D     
    0:31:45   78948.1   4058.16 12278104.0      51.9 u_sfm/gmax_reg[10]/D     
    0:31:46   78948.0   4054.92 12278014.0      51.9 u_sfm/gmax_reg[10]/D     
    0:31:47   78947.7   4054.05 12277975.0      51.9 u_sfm/gmax_reg[27]/D     
    0:31:48   78947.7   4047.93 12277779.0      51.9 u_sfm/gmax_reg[10]/D     
    0:31:49   78945.2   4046.26 12277725.0      51.9 u_sfm/gmax_reg[10]/D     
    0:31:50   78945.2   4043.97 12277652.0      51.9 u_sfm/gmax_reg[10]/D     
    0:31:50   78945.8   4043.52 12277638.0      51.9 u_sfm/gmax_reg[10]/D     
    0:31:50   78946.2   4040.52 12277542.0      51.9 u_sfm/gmax_reg[10]/D     
    0:31:51   78946.3   4040.06 12277527.0      51.9 u_sfm/gmax_reg[10]/D     
    0:31:52   78946.0   4038.08 12277464.0      51.9 u_sfm/gmax_reg[10]/D     
    0:31:53   78946.1   4033.49 12277317.0      51.9 u_sfm/gmax_reg[10]/D     
    0:31:54   78946.0   4032.45 12277283.0      51.9 u_sfm/gmax_reg[10]/D     
    0:31:55   78946.1   4028.13 12277145.0      51.9 u_sfm/gmax_reg[10]/D     
    0:31:56   78946.0   4026.18 12277083.0      51.9 u_sfm/gmax_reg[10]/D     
    0:31:56   78946.1   4025.04 12277046.0      51.9 u_sfm/gmax_reg[10]/D     
    0:31:57   78945.7   4020.51 12276901.0      51.9 u_sfm/gmax_reg[10]/D     
    0:31:58   78945.9   4017.92 12276818.0      51.9 u_sfm/gmax_reg[10]/D     
    0:31:59   78945.7   4016.91 12276786.0      51.9 u_sfm/gmax_reg[10]/D     
    0:32:00   78945.7   4012.31 12276639.0      51.9 u_sfm/gmax_reg[10]/D     
    0:32:00   78945.5   4011.03 12276598.0      51.9 u_sfm/gmax_reg[10]/D     
    0:32:01   78945.2   4009.88 12276561.0      51.9 u_sfm/gmax_reg[10]/D     
    0:32:02   78945.2   4009.59 12276551.0      51.9 u_sfm/gmax_reg[10]/D     
    0:32:02   78945.6   4004.03 12276374.0      51.9 u_sfm/gmax_reg[10]/D     
    0:32:03   78945.6   4002.95 12276339.0      51.9 u_sfm/gmax_reg[10]/D     
    0:32:04   78945.5   4002.65 12276329.0      51.9 u_sfm/gmax_reg[10]/D     
    0:32:04   78945.6   4001.86 12276304.0      51.9 u_sfm/gmax_reg[10]/D     
    0:32:05   78945.7   3998.90 12276243.0      51.9 u_sfm/gmax_reg[10]/D     
    0:32:06   78946.4   3997.93 12276212.0      51.9 u_sfm/gmax_reg[10]/D     
    0:32:07   78945.9   3996.13 12276155.0      51.9 u_sfm/gmax_reg[10]/D     
    0:32:08   78945.8   3991.33 12276002.0      51.9 u_sfm/gmax_reg[10]/D     
    0:32:08   78945.6   3989.87 12275955.0      51.9 u_sfm/gmax_reg[10]/D     
    0:32:10   78945.7   3987.38 12275876.0      51.9 u_sfm/gmax_reg[10]/D     
    0:32:10   78945.5   3985.34 12275810.0      51.9 u_sfm/gmax_reg[10]/D     
    0:32:11   78945.8   3982.71 12275726.0      51.9 u_sfm/gmax_reg[10]/D     
    0:32:12   78945.9   3982.13 12275708.0      51.9 u_sfm/gmax_reg[10]/D     
    0:32:12   78945.9   3981.80 12275696.0      51.9 u_sfm/gmax_reg[10]/D     
    0:32:13   78946.0   3979.98 12275638.0      51.9 u_sfm/gmax_reg[10]/D     
    0:32:13   78946.1   3979.51 12275623.0      51.9 u_sfm/gmax_reg[10]/D     
    0:32:14   78946.1   3978.03 12275573.0      51.9 u_sfm/gmax_reg[27]/D     
    0:32:15   78946.4   3974.59 12275466.0      51.9 u_sfm/gmax_reg[10]/D     
    0:32:16   78946.3   3974.51 12275463.0      51.9 u_sfm/gmax_reg[10]/D     
    0:32:16   78946.2   3971.79 12275376.0      51.9 u_sfm/gmax_reg[10]/D     
    0:32:17   78946.2   3970.30 12275328.0      51.9 u_sfm/gmax_reg[10]/D     
    0:32:18   78945.9   3964.43 12275139.0      51.9 u_sfm/gmax_reg[10]/D     
    0:32:19   78946.0   3964.13 12275130.0      51.9 u_sfm/gmax_reg[10]/D     
    0:32:20   78946.1   3962.61 12275081.0      51.9 u_sfm/gmax_reg[10]/D     
    0:32:20   78946.0   3961.84 12275056.0      51.9 u_sfm/gmax_reg[10]/D     
    0:32:21   78946.6   3959.22 12274972.0      51.9 u_sfm/gmax_reg[10]/D     
    0:32:22   78946.6   3957.04 12274903.0      51.9 u_sfm/gmax_reg[10]/D     
    0:32:22   78946.7   3955.90 12274866.0      51.9 u_sfm/gmax_reg[10]/D     
    0:32:23   78946.1   3955.10 12274841.0      51.9 u_sfm/gmax_reg[10]/D     
    0:32:24   78945.8   3953.65 12274794.0      51.9 u_sfm/gmax_reg[10]/D     
    0:32:25   78946.1   3950.73 12274701.0      51.9 u_sfm/gmax_reg[10]/D     
    0:32:25   78946.7   3950.47 12274693.0      51.9 u_sfm/gmax_reg[10]/D     
    0:32:26   78946.7   3950.10 12274681.0      51.9 u_sfm/gmax_reg[10]/D     
    0:32:26   78946.6   3949.63 12274666.0      51.9 u_sfm/gmax_reg[10]/D     
    0:32:26   78946.5   3949.60 12274665.0      51.9 u_sfm/gmax_reg[10]/D     
    0:32:27   78946.5   3948.39 12274627.0      51.9 u_sfm/gmax_reg[27]/D     
    0:32:28   78946.6   3946.44 12274563.0      51.9 u_sfm/gmax_reg[10]/D     
    0:32:29   78946.6   3945.56 12274536.0      51.9 u_sfm/gmax_reg[19]/D     
    0:32:30   78946.7   3944.02 12274487.0      51.9 u_sfm/gmax_reg[19]/D     
    0:32:30   78946.6   3943.85 12274482.0      51.9 u_sfm/gmax_reg[19]/D     
    0:32:30   78946.6   3943.02 12274457.0      51.9 u_sfm/gmax_reg[19]/D     
    0:32:31   78946.6   3942.68 12274442.0      51.9 u_sfm/gmax_reg[19]/D     
    0:32:31   78946.6   3942.29 12274434.0      51.9 u_sfm/gmax_reg[27]/D     
    0:32:32   78946.9   3940.11 12274364.0      51.9 u_sfm/gmax_reg[27]/D     
    0:32:33   78947.0   3939.73 12274354.0      51.9 u_sfm/gmax_reg[27]/D     
    0:32:33   78947.0   3939.28 12274342.0      51.9 u_sfm/gmax_reg[27]/D     
    0:32:34   78946.8   3937.92 12274297.0      51.9 u_sfm/gmax_reg[27]/D     
    0:32:35   78946.6   3936.45 12274253.0      51.9 u_sfm/gmax_reg[27]/D     
    0:32:35   78946.6   3936.07 12274239.0      51.9 u_sfm/gmax_reg[27]/D     
    0:32:36   78946.3   3935.26 12274214.0      51.9 u_sfm/gmax_reg[19]/D     
    0:32:36   78946.4   3934.47 12274189.0      51.9 u_sfm/gmax_reg[27]/D     
    0:32:37   78946.5   3932.50 12274126.0      51.9 u_sfm/gmax_reg[27]/D     
    0:32:37   78946.3   3931.44 12274092.0      51.9 u_sfm/gmax_reg[27]/D     
    0:32:38   78946.4   3930.36 12274055.0      51.9 u_sfm/gmax_reg[27]/D     
    0:32:38   78946.2   3929.37 12274024.0      51.9 u_sfm/gmax_reg[19]/D     
    0:32:39   78946.2   3929.07 12274015.0      51.9 u_sfm/gmax_reg[19]/D     
    0:32:39   78946.6   3928.11 12273982.0      51.9 u_sfm/gmax_reg[19]/D     
    0:32:40   78946.6   3927.79 12273972.0      51.9 u_sfm/gmax_reg[19]/D     
    0:32:41   78946.7   3926.83 12273941.0      51.9 u_sfm/gmax_reg[19]/D     
    0:32:41   78946.7   3926.09 12273917.0      51.9 u_sfm/gmax_reg[19]/D     
    0:32:42   78947.5   3925.10 12273885.0      51.9 u_sfm/gmax_reg[19]/D     
    0:32:43   78947.9   3923.68 12273842.0      51.9 u_sfm/gmax_reg[19]/D     
    0:32:44   78947.9   3920.98 12273754.0      51.9 u_sfm/gmax_reg[19]/D     
    0:32:45   78948.0   3919.76 12273719.0      51.9 u_sfm/gmax_reg[27]/D     
    0:32:45   78947.9   3919.42 12273708.0      51.9 u_sfm/gmax_reg[27]/D     
    0:32:45   78947.9   3918.27 12273668.0      51.9 u_sfm/gmax_reg[27]/D     
    0:32:46   78947.8   3917.84 12273657.0      51.9 u_sfm/gmax_reg[1]/D      
    0:32:46   78947.7   3917.73 12273653.0      51.9 u_sfm/gmax_reg[19]/D     
    0:32:47   78947.6   3917.38 12273642.0      51.9 u_sfm/gmax_reg[1]/D      
    0:32:47   78947.5   3917.27 12273633.0      51.9 u_sfm/gmax_reg[19]/D     
    0:32:48   78947.2   3915.67 12273582.0      51.9 u_sfm/gmax_reg[19]/D     
    0:32:48   78947.2   3915.40 12273575.0      51.9 u_sfm/gmax_reg[19]/D     
    0:32:49   78947.3   3915.26 12273570.0      51.9 u_sfm/gmax_reg[1]/D      
    0:32:49   78947.3   3914.56 12273546.0      51.9 u_sfm/gmax_reg[1]/D      
    0:32:50   78947.5   3914.19 12273534.0      51.9 u_sfm/gmax_reg[1]/D      
    0:32:50   78947.5   3913.79 12273521.0      51.9 u_sfm/gmax_reg[19]/D     
    0:32:51   78947.6   3913.02 12273495.0      51.9 u_sfm/gmax_reg[1]/D      
    0:32:52   78947.5   3911.53 12273449.0      51.9 u_sfm/gmax_reg[1]/D      
    0:32:52   78947.6   3910.27 12273409.0      51.9 u_sfm/gmax_reg[1]/D      
    0:32:52   78947.6   3910.08 12273403.0      51.9 u_sfm/gmax_reg[1]/D      
    0:32:53   78947.8   3908.38 12273349.0      51.9 u_sfm/gmax_reg[19]/D     
    0:32:54   78947.8   3907.87 12273333.0      51.9 u_sfm/gmax_reg[1]/D      
    0:32:54   78947.8   3906.02 12273274.0      51.9 u_sfm/gmax_reg[1]/D      
    0:32:54   78948.3   3905.84 12273268.0      51.9 u_sfm/gmax_reg[1]/D      
    0:32:55   78948.3   3904.82 12273236.0      51.9 u_sfm/gmax_reg[1]/D      
    0:32:55   78948.7   3903.50 12273193.0      51.9 u_sfm/gmax_reg[1]/D      
    0:32:56   78948.5   3902.66 12273167.0      51.9 u_sfm/gmax_reg[1]/D      
    0:32:57   78948.5   3901.99 12273145.0      51.9 u_sfm/gmax_reg[1]/D      
    0:32:57   78948.3   3901.10 12273117.0      51.9 u_sfm/gmax_reg[1]/D      
    0:32:58   78948.3   3898.89 12273046.0      51.9 u_sfm/gmax_reg[1]/D      
    0:32:58   78948.4   3898.43 12273031.0      51.9 u_sfm/gmax_reg[1]/D      
    0:32:59   78948.4   3898.04 12273019.0      51.9 u_sfm/gmax_reg[1]/D      
    0:32:59   78948.4   3897.78 12273010.0      51.9 u_sfm/gmax_reg[1]/D      
    0:33:00   78948.2   3896.20 12272960.0      51.9 u_sfm/gmax_reg[1]/D      
    0:33:01   78948.2   3895.89 12272950.0      51.9 u_sfm/gmax_reg[1]/D      
    0:33:01   78948.4   3892.12 12272828.0      51.9 u_sfm/gmax_reg[19]/D     
    0:33:02   78948.2   3891.03 12272793.0      51.9 u_sfm/gmax_reg[19]/D     
    0:33:03   78948.4   3890.03 12272761.0      51.9 u_sfm/gmax_reg[19]/D     
    0:33:04   78948.4   3889.40 12272740.0      51.9 u_sfm/gmax_reg[19]/D     
    0:33:05   78948.4   3889.29 12272737.0      51.9 u_sfm/gmax_reg[19]/D     
    0:33:05   78948.5   3888.90 12272726.0      51.9 u_sfm/gmax_reg[19]/D     
    0:33:06   78948.5   3887.64 12272686.0      51.9 u_sfm/gmax_reg[1]/D      
    0:33:06   78948.6   3887.09 12272668.0      51.9 u_sfm/gmax_reg[1]/D      
    0:33:07   78948.5   3886.51 12272650.0      51.9 u_sfm/gmax_reg[1]/D      
    0:33:08   78948.5   3886.37 12272645.0      51.9 u_sfm/gmax_reg[1]/D      
    0:33:08   78948.5   3885.66 12272623.0      51.9 u_sfm/gmax_reg[1]/D      
    0:33:09   78948.5   3884.61 12272589.0      51.9 u_sfm/gmax_reg[1]/D      
    0:33:09   78948.4   3884.01 12272570.0      51.9 u_sfm/gmax_reg[1]/D      
    0:33:10   78949.2   3882.84 12272532.0      51.9 u_sfm/gmax_reg[1]/D      
    0:33:11   78949.3   3881.36 12272485.0      51.9 u_sfm/gmax_reg[1]/D      
    0:33:12   78949.4   3881.23 12272481.0      51.9 u_sfm/gmax_reg[1]/D      
    0:33:12   78949.4   3880.64 12272462.0      51.9 u_sfm/gmax_reg[1]/D      
    0:33:12   78949.4   3880.06 12272444.0      51.9 u_sfm/gmax_reg[1]/D      
    0:33:13   78949.5   3879.40 12272423.0      51.9 u_sfm/gmax_reg[1]/D      
    0:33:13   78949.6   3878.97 12272409.0      51.9 u_sfm/gmax_reg[1]/D      
    0:33:13   78950.0   3876.16 12272319.0      51.9 u_sfm/gmax_reg[1]/D      
    0:33:14   78949.9   3875.89 12272310.0      51.9 u_sfm/gmax_reg[1]/D      
    0:33:15   78949.9   3874.74 12272274.0      51.9 u_sfm/gmax_reg[1]/D      
    0:33:15   78950.0   3873.46 12272233.0      51.9 u_sfm/gmax_reg[1]/D      
    0:33:16   78950.0   3872.81 12272212.0      51.9 u_sfm/gmax_reg[1]/D      
    0:33:17   78949.8   3871.11 12272157.0      51.9 u_sfm/gmax_reg[1]/D      
    0:33:17   78949.9   3870.67 12272143.0      51.9 u_sfm/gmax_reg[1]/D      
    0:33:17   78949.9   3870.23 12272129.0      51.9 u_sfm/gmax_reg[1]/D      
    0:33:18   78950.0   3869.58 12272109.0      51.9 u_sfm/gmax_reg[1]/D      
    0:33:18   78950.5   3869.27 12272098.0      51.9 u_sfm/gmax_reg[1]/D      
    0:33:18   78950.5   3867.56 12272044.0      51.9 u_sfm/gmax_reg[1]/D      
    0:33:19   78950.8   3866.70 12272016.0      51.9 u_sfm/gmax_reg[1]/D      
    0:33:19   78951.0   3866.10 12271997.0      51.9 u_sfm/gmax_reg[1]/D      
    0:33:20   78951.0   3866.01 12271994.0      51.9 u_sfm/gmax_reg[1]/D      
    0:33:20   78951.0   3865.68 12271984.0      51.9 u_sfm/gmax_reg[1]/D      
    0:33:20   78951.2   3865.41 12271975.0      51.9 u_sfm/gmax_reg[1]/D      
    0:33:21   78951.3   3864.60 12271949.0      51.9 u_sfm/gmax_reg[1]/D      
    0:33:21   78951.3   3863.77 12271922.0      51.9 u_sfm/gmax_reg[1]/D      
    0:33:22   78951.2   3863.12 12271902.0      51.9 u_sfm/gmax_reg[1]/D      
    0:33:22   78951.0   3862.28 12271875.0      51.9 u_sfm/gmax_reg[1]/D      
    0:33:23   78951.0   3861.68 12271856.0      51.9 u_sfm/gmax_reg[1]/D      
    0:33:23   78950.9   3861.40 12271847.0      51.9 u_sfm/gmax_reg[1]/D      
    0:33:25   78950.9   3859.84 12271797.0      51.9 u_sfm/gmax_reg[1]/D      
    0:33:26   78951.0   3859.46 12271784.0      51.9 u_sfm/gmax_reg[1]/D      
    0:33:27   78951.1   3857.40 12271719.0      51.9 u_sfm/gmax_reg[1]/D      
    0:33:27   78951.2   3856.07 12271677.0      51.9 u_sfm/gmax_reg[1]/D      
    0:33:27   78951.7   3853.98 12271608.0      51.9 u_sfm/gmax_reg[19]/D     
    0:33:28   78951.6   3852.46 12271560.0      51.9 u_sfm/gmax_reg[19]/D     
    0:33:29   78951.6   3850.71 12271504.0      51.9 u_sfm/gmax_reg[19]/D     
    0:33:29   78951.8   3848.83 12271443.0      51.9 u_sfm/gmax_reg[19]/D     
    0:33:29   78951.9   3847.88 12271413.0      51.9 u_sfm/gmax_reg[19]/D     
    0:33:30   78952.0   3846.87 12271381.0      51.9 u_sfm/gmax_reg[19]/D     
    0:33:30   78952.2   3846.03 12271354.0      51.9 u_sfm/gmax_reg[19]/D     
    0:33:31   78952.4   3844.91 12271318.0      51.9 u_sfm/gmax_reg[19]/D     
    0:33:31   78952.7   3842.50 12271241.0      51.9 u_sfm/gmax_reg[19]/D     
    0:33:32   78953.0   3840.97 12271193.0      51.9 u_sfm/gmax_reg[19]/D     
    0:33:33   78953.1   3839.44 12271144.0      51.9 u_sfm/gmax_reg[19]/D     
    0:33:33   78953.3   3838.74 12271121.0      51.9 u_sfm/gmax_reg[1]/D      
    0:33:34   78953.6   3836.18 12271035.0      51.9 u_sfm/gmax_reg[1]/D      
    0:33:35   78953.7   3834.86 12270995.0      51.9 u_sfm/gmax_reg[1]/D      
    0:33:35   78953.8   3834.34 12270978.0      51.9 u_sfm/gmax_reg[1]/D      
    0:33:36   78953.8   3832.99 12270935.0      51.9 u_sfm/gmax_reg[1]/D      
    0:33:36   78953.8   3831.79 12270903.0      51.9 u_sfm/gmax_reg[29]/D     
    0:33:37   78954.0   3829.95 12270844.0      51.9 u_sfm/gmax_reg[29]/D     
    0:33:37   78954.1   3829.27 12270822.0      51.9 u_sfm/gmax_reg[29]/D     
    0:33:38   78954.1   3828.41 12270795.0      51.9 u_sfm/gmax_reg[1]/D      
    0:33:38   78954.3   3827.24 12270758.0      51.9 u_sfm/gmax_reg[1]/D      
    0:33:39   78954.3   3826.85 12270745.0      51.9 u_sfm/gmax_reg[29]/D     
    0:33:39   78954.5   3824.04 12270655.0      51.9 u_sfm/gmax_reg[29]/D     
    0:33:40   78954.5   3823.21 12270629.0      51.9 u_sfm/gmax_reg[29]/D     
    0:33:40   78954.7   3822.22 12270597.0      51.9 u_sfm/gmax_reg[1]/D      
    0:33:41   78954.9   3821.18 12270565.0      51.9 u_sfm/gmax_reg[29]/D     
    0:33:41   78954.9   3821.17 12270564.0      51.9 u_sfm/gmax_reg[29]/D     
    0:33:42   78955.1   3819.03 12270496.0      51.9 u_sfm/gmax_reg[29]/D     
    0:33:42   78955.1   3818.22 12270470.0      51.9 u_sfm/gmax_reg[29]/D     
    0:33:43   78955.0   3817.29 12270440.0      51.9 u_sfm/gmax_reg[29]/D     
    0:33:43   78955.1   3815.53 12270384.0      51.9 u_sfm/gmax_reg[29]/D     
    0:33:44   78955.2   3814.99 12270365.0      51.9 u_sfm/gmax_reg[29]/D     
    0:33:45   78955.4   3814.34 12270344.0      51.9 u_sfm/gmax_reg[29]/D     
    0:33:45   78955.5   3813.89 12270329.0      51.9 u_sfm/gmax_reg[29]/D     
    0:33:46   78955.7   3813.57 12270318.0      51.9 u_sfm/gmax_reg[29]/D     
    0:33:46   78955.7   3812.62 12270289.0      51.9 u_sfm/gmax_reg[29]/D     
    0:33:47   78956.4   3811.98 12270268.0      51.9 u_sfm/gmax_reg[29]/D     
    0:33:47   78956.7   3810.90 12270234.0      51.9 u_sfm/gmax_reg[29]/D     
    0:33:48   78956.7   3810.55 12270224.0      51.9 u_sfm/gmax_reg[29]/D     
    0:33:48   78956.8   3810.07 12270209.0      51.9 u_sfm/gmax_reg[29]/D     
    0:33:49   78956.9   3808.66 12270163.0      51.9 u_sfm/gmax_reg[29]/D     
    0:33:49   78956.9   3807.52 12270125.0      51.9 u_sfm/gmax_reg[29]/D     
    0:33:50   78957.3   3806.77 12270102.0      51.9 u_sfm/gmax_reg[29]/D     
    0:33:51   78957.5   3805.61 12270066.0      51.9 u_sfm/gmax_reg[29]/D     
    0:33:51   78957.4   3804.39 12270026.0      51.9 u_sfm/gmax_reg[29]/D     
    0:33:52   78957.6   3803.78 12270008.0      51.9 u_sfm/gmax_reg[29]/D     
    0:33:52   78957.6   3802.22 12269958.0      51.9 u_sfm/gmax_reg[29]/D     
    0:33:53   78957.6   3801.60 12269938.0      51.9 u_sfm/gmax_reg[29]/D     
    0:33:54   78957.7   3801.08 12269921.0      51.9 u_sfm/gmax_reg[29]/D     
    0:33:54   78958.1   3800.52 12269904.0      51.9 u_sfm/gmax_reg[29]/D     
    0:33:55   78958.6   3800.01 12269885.0      51.9 u_sfm/gmax_reg[6]/D      
    0:33:55   78958.9   3799.30 12269863.0      51.9 u_sfm/gmax_reg[6]/D      
    0:33:56   78959.1   3798.37 12269836.0      51.9 u_sfm/gmax_reg[29]/D     
    0:33:56   78959.2   3798.08 12269824.0      51.9 u_sfm/gmax_reg[29]/D     
    0:33:57   78959.3   3796.87 12269785.0      51.9 u_sfm/gmax_reg[6]/D      
    0:33:57   78959.3   3795.98 12269757.0      51.9 u_sfm/gmax_reg[6]/D      
    0:33:57   78959.5   3792.46 12269644.0      51.9 u_sfm/gmax_reg[6]/D      
    0:33:58   78959.7   3791.84 12269625.0      51.9 u_sfm/gmax_reg[6]/D      
    0:33:59   78959.8   3790.05 12269564.0      51.9 u_sfm/gmax_reg[1]/D      
    0:33:59   78959.9   3789.40 12269544.0      51.9 u_sfm/gmax_reg[1]/D      
    0:34:00   78959.7   3789.02 12269536.0      51.9 u_sfm/gmax_reg[1]/D      
    0:34:00   78960.1   3788.16 12269508.0      51.9 u_sfm/gmax_reg[27]/D     
    0:34:01   78960.3   3787.51 12269487.0      51.9 u_sfm/gmax_reg[27]/D     
    0:34:01   78960.6   3785.81 12269433.0      51.9 u_sfm/gmax_reg[27]/D     
    0:34:02   78960.6   3785.63 12269426.0      51.9 u_sfm/gmax_reg[27]/D     
    0:34:02   78960.7   3784.79 12269400.0      51.9 u_sfm/gmax_reg[27]/D     
    0:34:03   78960.8   3783.88 12269372.0      51.9 u_sfm/gmax_reg[27]/D     
    0:34:04   78960.8   3783.44 12269354.0      51.9 u_sfm/gmax_reg[27]/D     
    0:34:04   78960.8   3782.69 12269331.0      51.9 u_sfm/gmax_reg[27]/D     
    0:34:05   78961.0   3782.14 12269313.0      51.9 u_sfm/gmax_reg[27]/D     
    0:34:05   78961.0   3781.88 12269305.0      51.9 u_sfm/gmax_reg[27]/D     
    0:34:06   78961.2   3781.13 12269281.0      51.9 u_sfm/gmax_reg[27]/D     
    0:34:06   78961.2   3780.85 12269272.0      51.9 u_sfm/gmax_reg[27]/D     
    0:34:07   78962.0   3780.40 12269257.0      51.9 u_sfm/gmax_reg[27]/D     
    0:34:07   78963.1   3779.88 12269241.0      51.9 u_sfm/gmax_reg[27]/D     
    0:34:08   78963.2   3779.16 12269220.0      51.9 u_sfm/gmax_reg[27]/D     
    0:34:08   78963.4   3778.87 12269210.0      51.9 u_sfm/gmax_reg[27]/D     
    0:34:09   78963.7   3778.11 12269188.0      51.9 u_sfm/gmax_reg[27]/D     
    0:34:09   78963.8   3778.01 12269182.0      51.9 u_sfm/gmax_reg[27]/D     
    0:34:10   78963.9   3777.35 12269165.0      51.9 u_sfm/gmax_reg[27]/D     
    0:34:10   78963.9   3777.31 12269164.0      51.9 u_sfm/gmax_reg[27]/D     
    0:34:11   78963.9   3776.95 12269152.0      51.9 u_sfm/gmax_reg[27]/D     
    0:34:11   78963.6   3776.91 12269151.0      51.9 u_sfm/gmax_reg[27]/D     
    0:34:12   78964.1   3776.59 12269141.0      51.9 u_sfm/gmax_reg[27]/D     
    0:34:12   78963.7   3775.66 12269110.0      51.9 u_sfm/gmax_reg[27]/D     
    0:34:13   78963.7   3772.97 12269024.0      51.9 u_sfm/gmax_reg[27]/D     
    0:34:14   78963.9   3772.02 12268994.0      51.9 u_sfm/gmax_reg[27]/D     
    0:34:14   78964.2   3770.84 12268956.0      51.9 u_sfm/gmax_reg[27]/D     
    0:34:15   78964.3   3770.28 12268938.0      51.9 u_sfm/gmax_reg[27]/D     
    0:34:15   78964.3   3769.92 12268927.0      51.9 u_sfm/gmax_reg[27]/D     
    0:34:16   78964.4   3769.82 12268924.0      51.9 u_sfm/gmax_reg[27]/D     
    0:34:16   78964.4   3768.71 12268889.0      51.9 u_sfm/gmax_reg[27]/D     
    0:34:17   78964.7   3767.91 12268861.0      51.9 u_sfm/gmax_reg[27]/D     
    0:34:18   78964.7   3767.37 12268845.0      51.9 u_sfm/gmax_reg[27]/D     
    0:34:18   78964.8   3767.18 12268843.0      51.9 u_sfm/gmax_reg[27]/D     
    0:34:18   78964.9   3766.95 12268839.0      51.9 u_sfm/gmax_reg[6]/D      
    0:34:19   78965.3   3766.02 12268808.0      51.9 u_sfm/gmax_reg[27]/D     
    0:34:20   78965.4   3765.52 12268791.0      51.9 u_sfm/gmax_reg[27]/D     
    0:34:20   78965.3   3764.79 12268768.0      51.9 u_sfm/gmax_reg[27]/D     
    0:34:21   78965.3   3764.45 12268756.0      51.9 u_sfm/gmax_reg[27]/D     
    0:34:21   78965.4   3763.69 12268735.0      51.9 u_sfm/gmax_reg[27]/D     
    0:34:22   78966.6   3763.31 12268722.0      51.9 u_sfm/gmax_reg[27]/D     
    0:34:22   78966.8   3762.95 12268710.0      51.9 u_sfm/gmax_reg[27]/D     
    0:34:22   78966.8   3762.31 12268690.0      51.9 u_sfm/gmax_reg[27]/D     
    0:34:23   78967.0   3761.78 12268673.0      51.9 u_sfm/gmax_reg[27]/D     
    0:34:23   78966.9   3761.32 12268659.0      51.9 u_sfm/gmax_reg[6]/D      
    0:34:23   78967.0   3761.15 12268654.0      51.9 u_sfm/gmax_reg[6]/D      
    0:34:24   78967.1   3760.54 12268634.0      51.9 u_sfm/gmax_reg[6]/D      
    0:34:25   78967.1   3760.14 12268621.0      51.9 u_sfm/gmax_reg[6]/D      
    0:34:25   78967.1   3759.23 12268592.0      51.9 u_sfm/gmax_reg[6]/D      
    0:34:25   78967.8   3758.43 12268567.0      51.9 u_sfm/gmax_reg[6]/D      
    0:34:26   78967.8   3758.29 12268562.0      51.9 u_sfm/gmax_reg[6]/D      
    0:34:27   78967.8   3758.17 12268558.0      51.9 u_sfm/gmax_reg[6]/D      
    0:34:27   78969.0   3757.85 12268547.0      51.9 u_sfm/gmax_reg[6]/D      
    0:34:27   78968.9   3757.58 12268538.0      51.9 u_sfm/gmax_reg[27]/D     
    0:34:28   78968.9   3756.61 12268508.0      51.9 u_sfm/gmax_reg[6]/D      
    0:34:28   78968.9   3756.28 12268497.0      51.9 u_sfm/gmax_reg[6]/D      
    0:34:29   78969.0   3755.96 12268487.0      51.9 u_sfm/gmax_reg[6]/D      
    0:34:29   78969.0   3755.22 12268464.0      51.9 u_sfm/gmax_reg[27]/D     
    0:34:30   78969.1   3755.09 12268459.0      51.9 u_sfm/gmax_reg[27]/D     
    0:34:30   78969.1   3754.97 12268456.0      51.9 u_sfm/gmax_reg[27]/D     
    0:34:31   78969.1   3754.65 12268446.0      51.9 u_sfm/gmax_reg[6]/D      
    0:34:31   78969.1   3754.53 12268442.0      51.9 u_sfm/gmax_reg[6]/D      
    0:34:32   78969.2   3754.09 12268428.0      51.9 u_sfm/gmax_reg[6]/D      
    0:34:32   78969.1   3753.94 12268423.0      51.9 u_sfm/gmax_reg[6]/D      
    0:34:32   78969.2   3753.80 12268418.0      51.9 u_sfm/gmax_reg[6]/D      
    0:34:33   78969.3   3752.98 12268392.0      51.9 u_sfm/gmax_reg[6]/D      
    0:34:33   78969.4   3751.76 12268353.0      51.9 u_sfm/gmax_reg[6]/D      
    0:34:34   78969.9   3751.42 12268342.0      51.9 u_sfm/gmax_reg[6]/D      
    0:34:34   78970.0   3751.14 12268333.0      51.9 u_sfm/gmax_reg[27]/D     
    0:34:35   78970.1   3751.03 12268329.0      51.9 u_sfm/gmax_reg[6]/D      
    0:34:36   78970.0   3750.54 12268314.0      51.9 u_sfm/gmax_reg[6]/D      
    0:34:36   78970.0   3749.42 12268278.0      51.9 u_sfm/gmax_reg[6]/D      
    0:34:36   78969.8   3749.18 12268270.0      51.9 u_sfm/gmax_reg[6]/D      
    0:34:37   78969.9   3748.94 12268262.0      51.9 u_sfm/gmax_reg[6]/D      
    0:34:37   78969.8   3748.47 12268247.0      51.9 u_sfm/gmax_reg[6]/D      
    0:34:38   78969.7   3747.47 12268215.0      51.9 u_sfm/gmax_reg[6]/D      
    0:34:38   78969.7   3746.70 12268191.0      51.9 u_sfm/gmax_reg[6]/D      
    0:34:39   78969.6   3746.47 12268183.0      51.9 u_sfm/gmax_reg[6]/D      
    0:34:39   78969.6   3745.48 12268152.0      51.9 u_sfm/gmax_reg[6]/D      
    0:34:40   78969.5   3744.79 12268130.0      51.9 u_sfm/gmax_reg[6]/D      
    0:34:40   78969.5   3743.94 12268103.0      51.9 u_sfm/gmax_reg[27]/D     
    0:34:41   78969.4   3743.80 12268098.0      51.9 u_sfm/gmax_reg[6]/D      
    0:34:42   78969.5   3743.73 12268095.0      51.9 u_sfm/gmax_reg[6]/D      
    0:34:42   78969.7   3743.49 12268088.0      51.9 u_sfm/gmax_reg[6]/D      
    0:34:42   78969.7   3743.45 12268086.0      51.9 u_sfm/gmax_reg[6]/D      
    0:34:43   78969.7   3742.83 12268067.0      51.9 u_sfm/gmax_reg[6]/D      
    0:34:43   78969.8   3742.64 12268061.0      51.9 u_sfm/gmax_reg[27]/D     
    0:34:44   78969.7   3742.19 12268046.0      51.9 u_sfm/gmax_reg[27]/D     
    0:34:44   78969.7   3741.77 12268032.0      51.9 u_sfm/gmax_reg[6]/D      
    0:34:45   78970.8   3741.30 12268018.0      51.9 u_sfm/gmax_reg[6]/D      
    0:34:45   78970.9   3741.13 12268013.0      51.9 u_sfm/gmax_reg[6]/D      
    0:34:46   78970.7   3740.81 12268002.0      51.9 u_sfm/gmax_reg[6]/D      
    0:34:46   78970.8   3740.51 12267993.0      51.9 u_sfm/gmax_reg[6]/D      
    0:34:47   78970.9   3740.24 12267984.0      51.9 u_sfm/gmax_reg[6]/D      
    0:34:47   78970.8   3739.19 12267950.0      51.9 u_sfm/gmax_reg[6]/D      
    0:34:48   78970.8   3738.80 12267938.0      51.9 u_sfm/gmax_reg[6]/D      
    0:34:48   78971.5   3738.18 12267918.0      51.9 u_sfm/gmax_reg[6]/D      
    0:34:49   78971.6   3737.59 12267899.0      51.9 u_sfm/gmax_reg[16]/D     
    0:34:49   78971.6   3737.53 12267897.0      51.9 u_sfm/gmax_reg[16]/D     
    0:34:50   78972.4   3736.47 12267863.0      51.9 u_sfm/gmax_reg[16]/D     
    0:34:50   78972.3   3735.73 12267840.0      51.9 u_sfm/gmax_reg[16]/D     
    0:34:51   78972.3   3735.37 12267828.0      51.9 u_sfm/gmax_reg[16]/D     
    0:34:52   78972.4   3734.66 12267806.0      51.9 u_sfm/gmax_reg[16]/D     
    0:34:52   78972.6   3734.31 12267794.0      51.9 u_sfm/gmax_reg[16]/D     
    0:34:53   78972.7   3733.79 12267777.0      51.9 u_sfm/gmax_reg[16]/D     
    0:34:53   78972.8   3733.71 12267774.0      51.9 u_sfm/gmax_reg[16]/D     
    0:34:53   78972.8   3733.25 12267760.0      51.9 u_sfm/gmax_reg[27]/D     
    0:34:54   78973.4   3732.99 12267747.0      51.9 u_sfm/gmax_reg[27]/D     
    0:34:54   78972.9   3732.78 12267745.0      51.9 u_sfm/gmax_reg[27]/D     
    0:34:55   78973.1   3732.07 12267722.0      51.9 u_sfm/gmax_reg[27]/D     
    0:34:55   78973.0   3731.93 12267717.0      51.9 u_sfm/gmax_reg[27]/D     
    0:34:56   78974.1   3731.66 12267709.0      51.9 u_sfm/gmax_reg[27]/D     
    0:34:57   78974.1   3731.57 12267706.0      51.9 u_sfm/gmax_reg[27]/D     
    0:34:58   78974.2   3731.39 12267700.0      51.9 u_sfm/gmax_reg[27]/D     
    0:34:58   78974.2   3731.35 12267699.0      51.9 u_sfm/gmax_reg[27]/D     
    0:34:59   78974.4   3730.95 12267686.0      51.9 u_sfm/gmax_reg[27]/D     
    0:34:59   78974.3   3730.67 12267676.0      51.9 u_sfm/gmax_reg[27]/D     
    0:35:00   78974.5   3730.24 12267660.0      51.9 u_sfm/gmax_reg[27]/D     
    0:35:00   78974.5   3730.10 12267659.0      51.9 u_sfm/gmax_reg[10]/D     
    0:35:01   78974.6   3729.73 12267647.0      51.9 u_sfm/gmax_reg[10]/D     
    0:35:02   78974.6   3729.56 12267641.0      51.9 u_sfm/gmax_reg[16]/D     
    0:35:02   78974.6   3729.37 12267635.0      51.9 u_sfm/gmax_reg[16]/D     
    0:35:02   78974.7   3729.25 12267631.0      51.9 u_sfm/gmax_reg[16]/D     
    0:35:03   78974.7   3728.97 12267622.0      51.9 u_sfm/gmax_reg[16]/D     
    0:35:03   78974.7   3728.84 12267616.0      51.9 u_sfm/gmax_reg[16]/D     
    0:35:03   78974.7   3728.42 12267605.0      51.9 u_sfm/gmax_reg[16]/D     
    0:35:04   78974.7   3727.93 12267589.0      51.9 u_sfm/gmax_reg[16]/D     
    0:35:05   78974.7   3727.49 12267575.0      51.9 u_sfm/gmax_reg[16]/D     
    0:35:05   78974.7   3726.66 12267549.0      51.9 u_sfm/gmax_reg[16]/D     
    0:35:05   78974.4   3725.88 12267524.0      51.9 u_sfm/gmax_reg[10]/D     
    0:35:06   78974.5   3725.03 12267497.0      51.9 u_sfm/gmax_reg[10]/D     
    0:35:06   78974.5   3724.56 12267481.0      51.9 u_sfm/gmax_reg[16]/D     
    0:35:07   78974.7   3724.38 12267476.0      51.9 u_sfm/gmax_reg[16]/D     
    0:35:07   78974.7   3724.01 12267463.0      51.9 u_sfm/gmax_reg[16]/D     
    0:35:08   78974.7   3723.76 12267456.0      51.9 u_sfm/gmax_reg[16]/D     
    0:35:08   78974.7   3723.46 12267445.0      51.9 u_sfm/gmax_reg[16]/D     
    0:35:09   78974.8   3722.89 12267427.0      51.9 u_sfm/gmax_reg[16]/D     
    0:35:09   78974.8   3722.33 12267409.0      51.9 u_sfm/gmax_reg[16]/D     
    0:35:09   78974.8   3722.28 12267408.0      51.9 u_sfm/gmax_reg[16]/D     
    0:35:10   78974.7   3722.20 12267405.0      51.9 u_sfm/gmax_reg[16]/D     
    0:35:10   78974.9   3721.00 12267367.0      51.9 u_sfm/gmax_reg[16]/D     
    0:35:11   78975.0   3720.67 12267356.0      51.9 u_sfm/gmax_reg[16]/D     
    0:35:11   78975.3   3720.29 12267344.0      51.9 u_sfm/gmax_reg[16]/D     
    0:35:12   78975.4   3719.89 12267331.0      51.9 u_sfm/gmax_reg[16]/D     
    0:35:12   78974.7   3719.60 12267322.0      51.9 u_sfm/gmax_reg[16]/D     
    0:35:13   78974.7   3719.50 12267318.0      51.9 u_sfm/gmax_reg[16]/D     
    0:35:13   78974.7   3718.98 12267301.0      51.9 u_sfm/gmax_reg[16]/D     
    0:35:14   78975.0   3717.94 12267269.0      51.9 u_sfm/gmax_reg[16]/D     
    0:35:14   78975.1   3717.77 12267263.0      51.9 u_sfm/gmax_reg[16]/D     
    0:35:15   78975.0   3717.07 12267242.0      51.9 u_sfm/gmax_reg[16]/D     
    0:35:15   78975.1   3716.80 12267232.0      51.9 u_sfm/gmax_reg[16]/D     
    0:35:16   78975.0   3715.28 12267183.0      51.9 u_sfm/gmax_reg[16]/D     
    0:35:17   78975.6   3714.10 12267146.0      51.9 u_sfm/gmax_reg[16]/D     
    0:35:17   78975.6   3712.94 12267111.0      51.9 u_sfm/gmax_reg[16]/D     
    0:35:17   78975.7   3712.77 12267104.0      51.9 u_sfm/gmax_reg[16]/D     
    0:35:18   78975.7   3712.29 12267090.0      51.9 u_sfm/gmax_reg[16]/D     
    0:35:19   78975.8   3710.89 12267045.0      51.9 u_sfm/gmax_reg[16]/D     
    0:35:19   78975.9   3710.18 12267022.0      51.9 u_sfm/gmax_reg[16]/D     
    0:35:20   78975.9   3710.11 12267020.0      51.9 u_sfm/gmax_reg[16]/D     
    0:35:21   78975.9   3709.90 12267013.0      51.9 u_sfm/gmax_reg[16]/D     
    0:35:21   78976.0   3709.17 12266990.0      51.9 u_sfm/gmax_reg[16]/D     
    0:35:21   78976.0   3708.98 12266984.0      51.9 u_sfm/gmax_reg[16]/D     
    0:35:22   78976.0   3708.41 12266965.0      51.9 u_sfm/gmax_reg[16]/D     
    0:35:22   78976.1   3707.30 12266930.0      51.9 u_sfm/gmax_reg[16]/D     
    0:35:23   78976.1   3706.71 12266911.0      51.9 u_sfm/gmax_reg[16]/D     
    0:35:23   78976.1   3706.51 12266905.0      51.9 u_sfm/gmax_reg[16]/D     
    0:35:24   78976.2   3706.10 12266892.0      51.9 u_sfm/gmax_reg[16]/D     
    0:35:25   78976.2   3705.52 12266873.0      51.9 u_sfm/gmax_reg[16]/D     
    0:35:25   78976.2   3705.49 12266872.0      51.9 u_sfm/gmax_reg[16]/D     
    0:35:25   78976.1   3705.31 12266866.0      51.9 u_sfm/gmax_reg[6]/D      
    0:35:25   78976.2   3705.23 12266864.0      51.9 u_sfm/gmax_reg[6]/D      
    0:35:26   78976.2   3704.90 12266854.0      51.9 u_sfm/gmax_reg[6]/D      
    0:35:27   78976.4   3704.41 12266840.0      51.9 u_sfm/gmax_reg[6]/D      
    0:35:27   78976.5   3704.14 12266832.0      51.9 u_sfm/gmax_reg[27]/D     
    0:35:28   78976.6   3703.60 12266815.0      51.9 u_sfm/gmax_reg[27]/D     
    0:35:28   78976.8   3703.02 12266797.0      51.9 u_sfm/gmax_reg[27]/D     
    0:35:29   78976.8   3702.91 12266791.0      51.9 u_sfm/gmax_reg[27]/D     
    0:35:29   78976.8   3702.66 12266784.0      51.9 u_sfm/gmax_reg[27]/D     
    0:35:30   78976.9   3702.29 12266773.0      51.9 u_sfm/gmax_reg[27]/D     
    0:35:30   78976.9   3702.22 12266770.0      51.9 u_sfm/gmax_reg[27]/D     
    0:35:31   78976.9   3702.00 12266764.0      51.9 u_sfm/gmax_reg[27]/D     
    0:35:32   78976.9   3701.88 12266760.0      51.9 u_sfm/gmax_reg[27]/D     
    0:35:32   78976.9   3701.83 12266758.0      51.9 u_sfm/gmax_reg[27]/D     
    0:35:32   78977.1   3701.73 12266755.0      51.9 u_sfm/gmax_reg[27]/D     
    0:35:33   78977.2   3701.18 12266738.0      51.9 u_sfm/gmax_reg[27]/D     
    0:35:34   78977.2   3701.12 12266736.0      51.9 u_sfm/gmax_reg[27]/D     
    0:35:34   78977.7   3700.93 12266729.0      51.9 u_sfm/gmax_reg[27]/D     
    0:35:34   78977.7   3700.56 12266718.0      51.9 u_sfm/gmax_reg[27]/D     
    0:35:35   78977.7   3700.23 12266707.0      51.9 u_sfm/gmax_reg[27]/D     
    0:35:35   78977.7   3699.62 12266688.0      51.9 u_sfm/gmax_reg[27]/D     
    0:35:35   78977.8   3699.35 12266679.0      51.9 u_sfm/gmax_reg[27]/D     
    0:35:36   78977.9   3699.11 12266672.0      51.9 u_sfm/gmax_reg[27]/D     
    0:35:36   78978.0   3698.26 12266644.0      51.9 u_sfm/gmax_reg[27]/D     
    0:35:37   78977.9   3697.68 12266625.0      51.9 u_sfm/gmax_reg[27]/D     
    0:35:37   78978.1   3696.99 12266604.0      51.9 u_sfm/gmax_reg[27]/D     
    0:35:38   78978.1   3696.81 12266598.0      51.9 u_sfm/gmax_reg[27]/D     
    0:35:39   78978.1   3696.33 12266582.0      51.9 u_sfm/gmax_reg[27]/D     
    0:35:39   78978.2   3696.05 12266574.0      51.9 u_sfm/gmax_reg[27]/D     
    0:35:39   78978.2   3695.98 12266571.0      51.9 u_sfm/gmax_reg[27]/D     
    0:35:40   78978.2   3695.97 12266571.0      51.9 u_sfm/gmax_reg[27]/D     
    0:35:41   78978.2   3695.83 12266566.0      51.9 u_sfm/gmax_reg[27]/D     
    0:35:41   78978.2   3695.70 12266562.0      51.9 u_sfm/gmax_reg[27]/D     
    0:35:42   78978.3   3695.60 12266559.0      51.9 u_sfm/gmax_reg[27]/D     
    0:35:42   78978.4   3695.55 12266558.0      51.9 u_sfm/gmax_reg[27]/D     
    0:35:43   78978.5   3694.87 12266536.0      51.9 u_sfm/gmax_reg[27]/D     
    0:35:43   78978.5   3694.47 12266523.0      51.9 u_sfm/gmax_reg[27]/D     
    0:35:44   78978.5   3694.30 12266518.0      51.9 u_sfm/gmax_reg[27]/D     
    0:35:44   78978.5   3694.15 12266513.0      51.9 u_sfm/gmax_reg[27]/D     
    0:35:45   78978.6   3694.03 12266509.0      51.9 u_sfm/gmax_reg[27]/D     
    0:35:45   78978.7   3693.55 12266494.0      51.9 u_sfm/gmax_reg[27]/D     
    0:35:46   78978.7   3693.27 12266485.0      51.9 u_sfm/gmax_reg[27]/D     
    0:35:46   78978.6   3693.09 12266479.0      51.9 u_sfm/gmax_reg[27]/D     
    0:35:47   78978.7   3692.75 12266468.0      51.9 u_sfm/gmax_reg[27]/D     
    0:35:47   78978.7   3692.45 12266459.0      51.9 u_sfm/gmax_reg[27]/D     
    0:35:48   78978.7   3692.39 12266456.0      51.9 u_sfm/gmax_reg[27]/D     
    0:35:48   78978.7   3692.32 12266454.0      51.9 u_sfm/gmax_reg[27]/D     
    0:35:48   78978.8   3692.04 12266446.0      51.9 u_sfm/gmax_reg[27]/D     
    0:35:49   78978.8   3691.92 12266442.0      51.9 u_sfm/gmax_reg[27]/D     
    0:35:49   78978.9   3691.49 12266428.0      51.9 u_sfm/gmax_reg[27]/D     
    0:35:50   78979.0   3691.04 12266413.0      51.9 u_sfm/gmax_reg[27]/D     
    0:35:50   78979.1   3690.57 12266398.0      51.9 u_sfm/gmax_reg[27]/D     
    0:35:50   78979.0   3689.86 12266375.0      51.9 u_sfm/gmax_reg[27]/D     
    0:35:51   78979.1   3689.59 12266367.0      51.9 u_sfm/gmax_reg[27]/D     
    0:35:51   78979.7   3689.17 12266353.0      51.9 u_sfm/gmax_reg[27]/D     
    0:35:52   78979.7   3688.93 12266346.0      51.9 u_sfm/gmax_reg[27]/D     
    0:35:52   78979.7   3688.80 12266342.0      51.9 u_sfm/gmax_reg[27]/D     
    0:35:52   78979.6   3688.73 12266339.0      51.9 u_sfm/gmax_reg[27]/D     
    0:35:53   78979.8   3688.18 12266322.0      51.9 u_sfm/gmax_reg[27]/D     
    0:35:53   78980.0   3688.11 12266320.0      51.9 u_sfm/gmax_reg[27]/D     
    0:35:54   78980.1   3687.44 12266298.0      51.9 u_sfm/gmax_reg[27]/D     
    0:35:54   78979.7   3687.28 12266293.0      51.9 u_sfm/gmax_reg[27]/D     
    0:35:55   78979.8   3687.05 12266286.0      51.9 u_sfm/gmax_reg[27]/D     
    0:35:56   78979.8   3687.03 12266285.0      51.9 u_sfm/gmax_reg[27]/D     
    0:35:57   78979.8   3686.95 12266283.0      51.9 u_sfm/gmax_reg[27]/D     
    0:35:58   78979.8   3686.69 12266274.0      51.9 u_sfm/gmax_reg[27]/D     
    0:35:58   78979.8   3686.20 12266258.0      51.9 u_sfm/gmax_reg[27]/D     
    0:35:59   78979.8   3686.06 12266254.0      51.9 u_sfm/gmax_reg[27]/D     
    0:35:59   78979.8   3686.00 12266251.0      51.9 u_sfm/gmax_reg[27]/D     
    0:35:59   78979.9   3685.66 12266241.0      51.9 u_sfm/gmax_reg[27]/D     
    0:36:00   78979.9   3685.59 12266238.0      51.9 u_sfm/gmax_reg[27]/D     
    0:36:00   78979.9   3685.49 12266235.0      51.9 u_sfm/gmax_reg[27]/D     
    0:36:01   78979.9   3685.40 12266233.0      51.9 u_sfm/gmax_reg[27]/D     
    0:36:01   78980.0   3685.33 12266230.0      51.9 u_sfm/gmax_reg[27]/D     
    0:36:01   78980.0   3685.08 12266222.0      51.9 u_sfm/gmax_reg[27]/D     
    0:36:03   78980.0   3685.01 12266220.0      51.9 u_sfm/gmax_reg[27]/D     
    0:36:03   78980.1   3684.77 12266212.0      51.9 u_sfm/gmax_reg[27]/D     
    0:36:04   78980.1   3684.64 12266208.0      51.9 u_sfm/gmax_reg[27]/D     
    0:36:04   78980.1   3684.58 12266206.0      51.9 u_sfm/gmax_reg[27]/D     
    0:36:05   78980.1   3684.38 12266200.0      51.9 u_sfm/gmax_reg[27]/D     
    0:36:06   78980.1   3684.15 12266192.0      51.9 u_sfm/gmax_reg[27]/D     
    0:36:06   78980.1   3684.08 12266190.0      51.9 u_sfm/gmax_reg[27]/D     
    0:36:07   78980.1   3684.03 12266189.0      51.9 u_sfm/gmax_reg[27]/D     
    0:36:07   78980.1   3683.93 12266185.0      51.9 u_sfm/gmax_reg[27]/D     
    0:36:08   78980.2   3683.75 12266180.0      51.9 u_sfm/gmax_reg[27]/D     
    0:36:08   78980.4   3683.20 12266162.0      51.9 u_sfm/gmax_reg[27]/D     
    0:36:09   78980.5   3682.77 12266148.0      51.9 u_sfm/gmax_reg[27]/D     
    0:36:09   78980.5   3682.65 12266144.0      51.9 u_sfm/gmax_reg[27]/D     
    0:36:09   78980.5   3682.61 12266143.0      51.9 u_sfm/gmax_reg[27]/D     
    0:36:10   78980.4   3682.47 12266138.0      51.9 u_sfm/gmax_reg[27]/D     
    0:36:11   78979.8   3681.92 12266121.0      51.9 u_sfm/gmax_reg[27]/D     
    0:36:11   78979.8   3681.62 12266111.0      51.9 u_sfm/gmax_reg[27]/D     
    0:36:12   78979.8   3681.48 12266107.0      51.9 u_sfm/gmax_reg[27]/D     
    0:36:12   78979.8   3681.18 12266097.0      51.9 u_sfm/gmax_reg[27]/D     
    0:36:12   78979.8   3681.10 12266095.0      51.9 u_sfm/gmax_reg[27]/D     
    0:36:13   78979.8   3680.71 12266083.0      51.9 u_sfm/gmax_reg[27]/D     
    0:36:13   78979.8   3680.50 12266076.0      51.9 u_sfm/gmax_reg[27]/D     
    0:36:13   78979.8   3680.34 12266070.0      51.9 u_sfm/gmax_reg[27]/D     
    0:36:14   78979.9   3679.96 12266059.0      51.9 u_sfm/gmax_reg[27]/D     
    0:36:15   78979.9   3679.82 12266054.0      51.9 u_sfm/gmax_reg[27]/D     
    0:36:15   78979.8   3679.59 12266047.0      51.9 u_sfm/gmax_reg[27]/D     
    0:36:16   78979.9   3679.35 12266039.0      51.9 u_sfm/gmax_reg[27]/D     
    0:36:16   78979.9   3679.23 12266035.0      51.9 u_sfm/gmax_reg[27]/D     
    0:36:17   78980.0   3679.11 12266031.0      51.9 u_sfm/gmax_reg[27]/D     
    0:36:17   78980.0   3678.99 12266027.0      51.9 u_sfm/gmax_reg[27]/D     
    0:36:17   78980.2   3678.50 12266012.0      51.9 u_sfm/gmax_reg[27]/D     
    0:36:18   78980.3   3678.08 12265998.0      51.9 u_sfm/gmax_reg[27]/D     
    0:36:18   78980.4   3677.89 12265992.0      51.9 u_sfm/gmax_reg[27]/D     
    0:36:19   78980.3   3677.71 12265987.0      51.9 u_sfm/gmax_reg[27]/D     
    0:36:19   78980.3   3677.22 12265971.0      51.9 u_sfm/gmax_reg[27]/D     
    0:36:20   78980.4   3677.13 12265968.0      51.9 u_sfm/gmax_reg[27]/D     
    0:36:20   78980.4   3677.04 12265965.0      51.9 u_sfm/gmax_reg[27]/D     
    0:36:21   78980.5   3676.62 12265952.0      51.9 u_sfm/gmax_reg[27]/D     
    0:36:21   78980.5   3676.16 12265937.0      51.9 u_sfm/gmax_reg[27]/D     
    0:36:21   78980.5   3676.05 12265933.0      51.9 u_sfm/gmax_reg[27]/D     
    0:36:23   78980.5   3675.83 12265927.0      51.9 u_sfm/gmax_reg[27]/D     
    0:36:23   78980.5   3675.71 12265922.0      51.9 u_sfm/gmax_reg[27]/D     
    0:36:23   78980.5   3675.64 12265920.0      51.9 u_sfm/gmax_reg[27]/D     
    0:36:24   78980.4   3675.55 12265918.0      51.9 u_sfm/gmax_reg[27]/D     
    0:36:24   78980.5   3675.41 12265912.0      51.9 u_sfm/gmax_reg[27]/D     
    0:36:25   78980.5   3675.16 12265905.0      51.9 u_sfm/gmax_reg[27]/D     
    0:36:25   78980.5   3674.86 12265895.0      51.9 u_sfm/gmax_reg[27]/D     
    0:36:25   78980.5   3674.70 12265890.0      51.9 u_sfm/gmax_reg[27]/D     
    0:36:26   78980.5   3674.64 12265888.0      51.9 u_sfm/gmax_reg[27]/D     
    0:36:26   78980.7   3674.17 12265873.0      51.9 u_sfm/gmax_reg[27]/D     
    0:36:27   78980.8   3674.00 12265868.0      51.9 u_sfm/gmax_reg[27]/D     
    0:36:28   78980.9   3673.31 12265846.0      51.9 u_sfm/gmax_reg[27]/D     
    0:36:28   78980.9   3673.04 12265837.0      51.9 u_sfm/gmax_reg[27]/D     
    0:36:28   78980.9   3672.71 12265826.0      51.9 u_sfm/gmax_reg[27]/D     
    0:36:29   78980.9   3672.38 12265816.0      51.9 u_sfm/gmax_reg[27]/D     
    0:36:29   78980.8   3672.09 12265807.0      51.9 u_sfm/gmax_reg[27]/D     
    0:36:30   78980.8   3671.79 12265797.0      51.9 u_sfm/gmax_reg[27]/D     
    0:36:30   78980.9   3671.65 12265792.0      51.9 u_sfm/gmax_reg[27]/D     
    0:36:30   78981.0   3671.03 12265773.0      51.9 u_sfm/gmax_reg[27]/D     
    0:36:31   78981.1   3671.02 12265773.0      51.9 u_sfm/gmax_reg[27]/D     
    0:36:31   78981.2   3670.69 12265762.0      51.9 u_sfm/gmax_reg[27]/D     
    0:36:31   78981.2   3670.64 12265760.0      51.9 u_sfm/gmax_reg[27]/D     
    0:36:32   78981.2   3670.47 12265754.0      51.9 u_sfm/gmax_reg[27]/D     
    0:36:33   78981.2   3670.46 12265754.0      51.9 u_sfm/gmax_reg[27]/D     
    0:36:33   78981.2   3670.29 12265749.0      51.9 u_sfm/gmax_reg[27]/D     
    0:36:34   78981.2   3670.12 12265744.0      51.9 u_sfm/gmax_reg[27]/D     
    0:36:35   78981.3   3669.99 12265739.0      51.9 u_sfm/gmax_reg[27]/D     
    0:36:35   78981.3   3669.88 12265736.0      51.9 u_sfm/gmax_reg[27]/D     
    0:36:35   78981.3   3669.81 12265733.0      51.9 u_sfm/gmax_reg[27]/D     
    0:36:35   78981.3   3669.77 12265732.0      51.9 u_sfm/gmax_reg[27]/D     
    0:36:36   78981.3   3669.72 12265731.0      51.9 u_sfm/gmax_reg[27]/D     
    0:36:37   78981.3   3669.21 12265714.0      51.9 u_sfm/gmax_reg[27]/D     
    0:36:38   78981.3   3669.17 12265713.0      51.9 u_sfm/gmax_reg[27]/D     
    0:36:39   78981.3   3669.03 12265708.0      51.9 u_sfm/gmax_reg[27]/D     
    0:36:41   78981.3   3669.00 12265707.0      51.9 u_sfm/gmax_reg[27]/D     
    0:36:41   78981.8   3668.61 12265695.0      51.9 u_sfm/gmax_reg[27]/D     
    0:36:42   78982.0   3668.45 12265690.0      51.9 u_sfm/gmax_reg[27]/D     
    0:36:42   78981.9   3668.45 12265690.0      51.9 u_sfm/gmax_reg[27]/D     
    0:36:42   78981.9   3668.32 12265685.0      51.9 u_sfm/gmax_reg[27]/D     
    0:36:43   78981.8   3667.76 12265668.0      51.9 u_sfm/gmax_reg[27]/D     
    0:36:43   78981.7   3667.62 12265663.0      51.9 u_sfm/gmax_reg[27]/D     
    0:36:43   78981.8   3667.34 12265654.0      51.9 u_sfm/gmax_reg[27]/D     
    0:36:45   78981.8   3667.26 12265652.0      51.9 u_sfm/gmax_reg[27]/D     
    0:36:45   78981.8   3667.25 12265651.0      51.9 u_sfm/gmax_reg[27]/D     
    0:36:46   78981.7   3667.15 12265648.0      51.9 u_sfm/gmax_reg[27]/D     
    0:36:47   78981.7   3667.14 12265648.0      51.9 u_sfm/gmax_reg[27]/D     
    0:36:47   78981.7   3667.12 12265647.0      51.9 u_sfm/gmax_reg[27]/D     
    0:36:48   78981.7   3667.05 12265645.0      51.9 u_sfm/gmax_reg[27]/D     
    0:36:48   78981.7   3666.86 12265639.0      51.9 u_sfm/gmax_reg[27]/D     
    0:36:51   78981.7   3666.71 12265634.0      51.9 u_sfm/gmax_reg[27]/D     
    0:36:51   78981.9   3666.62 12265631.0      51.9 u_sfm/gmax_reg[27]/D     
    0:36:52   78981.9   3666.62 12265631.0      51.9 u_sfm/gmax_reg[27]/D     
    0:36:52   78982.0   3666.49 12265627.0      51.9 u_sfm/gmax_reg[27]/D     
    0:36:52   78982.0   3666.24 12265619.0      51.9 u_sfm/gmax_reg[27]/D     
    0:36:53   78982.2   3665.94 12265609.0      51.9 u_sfm/gmax_reg[27]/D     
    0:36:53   78982.3   3665.85 12265606.0      51.9 u_sfm/gmax_reg[27]/D     
    0:36:53   78982.5   3665.70 12265602.0      51.9 u_sfm/gmax_reg[27]/D     
    0:36:54   78982.3   3665.50 12265595.0      51.9 u_sfm/gmax_reg[27]/D     
    0:36:54   78982.4   3665.27 12265588.0      51.9 u_sfm/gmax_reg[27]/D     
    0:36:55   78982.4   3665.02 12265580.0      51.9 u_sfm/gmax_reg[27]/D     
    0:36:56   78982.3   3664.96 12265578.0      51.9 u_sfm/gmax_reg[27]/D     
    0:36:56   78982.4   3664.94 12265577.0      51.9 u_sfm/gmax_reg[27]/D     
    0:36:57   78982.4   3664.75 12265571.0      51.9 u_sfm/gmax_reg[27]/D     
    0:36:57   78982.4   3664.68 12265569.0      51.9 u_sfm/gmax_reg[27]/D     
    0:36:58   78982.4   3664.61 12265567.0      51.9 u_sfm/gmax_reg[27]/D     
    0:36:59   78982.4   3664.57 12265565.0      51.9 u_sfm/gmax_reg[27]/D     
    0:36:59   78982.4   3664.51 12265564.0      51.9 u_sfm/gmax_reg[27]/D     
    0:37:00   78982.4   3664.43 12265561.0      51.9 u_sfm/gmax_reg[27]/D     
    0:37:00   78982.5   3664.37 12265559.0      51.9 u_sfm/gmax_reg[27]/D     
    0:37:01   78982.5   3664.30 12265557.0      51.9 u_sfm/gmax_reg[27]/D     
    0:37:03   78982.5   3664.31 12265557.0      51.9 u_sfm/gmax_reg[27]/D     
    0:37:03   78982.5   3664.22 12265554.0      51.9 u_sfm/gmax_reg[27]/D     
    0:37:04   78982.6   3664.10 12265551.0      51.9 u_sfm/gmax_reg[27]/D     
    0:37:05   78982.6   3664.06 12265549.0      51.9 u_sfm/gmax_reg[27]/D     
    0:37:06   78982.6   3663.80 12265541.0      51.9 u_sfm/gmax_reg[27]/D     
    0:37:06   78982.6   3663.65 12265536.0      51.9 u_sfm/gmax_reg[27]/D     
    0:37:07   78982.6   3663.48 12265531.0      51.9 u_sfm/gmax_reg[27]/D     
    0:37:07   78982.7   3663.31 12265525.0      51.9 u_sfm/gmax_reg[27]/D     
    0:37:08   78982.7   3663.13 12265519.0      51.9 u_sfm/gmax_reg[27]/D     
    0:37:08   78982.7   3663.12 12265519.0      51.9 u_sfm/gmax_reg[27]/D     
    0:37:09   78982.7   3662.97 12265514.0      51.9 u_sfm/gmax_reg[27]/D     
    0:37:09   78982.7   3662.97 12265514.0      51.9 u_sfm/gmax_reg[27]/D     
    0:37:09   78982.7   3662.89 12265512.0      51.9 u_sfm/gmax_reg[27]/D     
    0:37:09   78982.8   3662.81 12265509.0      51.9 u_sfm/gmax_reg[27]/D     
    0:37:10   78982.9   3662.68 12265505.0      51.9 u_sfm/gmax_reg[27]/D     
    0:37:10   78982.9   3662.63 12265503.0      51.9 u_sfm/gmax_reg[27]/D     
    0:37:11   78982.9   3662.17 12265489.0      51.9 u_sfm/gmax_reg[27]/D     
    0:37:11   78982.9   3661.97 12265482.0      51.9 u_sfm/gmax_reg[27]/D     
    0:37:12   78983.0   3661.87 12265479.0      51.9 u_sfm/gmax_reg[27]/D     
    0:37:12   78983.1   3661.77 12265476.0      51.9 u_sfm/gmax_reg[27]/D     
    0:37:13   78983.1   3661.67 12265473.0      51.9 u_sfm/gmax_reg[27]/D     
    0:37:13   78983.1   3661.57 12265470.0      51.9 u_sfm/gmax_reg[27]/D     
    0:37:14   78983.1   3661.42 12265465.0      51.9 u_sfm/gmax_reg[27]/D     
    0:37:14   78983.6   3661.26 12265460.0      51.9 u_sfm/gmax_reg[27]/D     
    0:37:14   78983.5   3661.09 12265454.0      51.9 u_sfm/gmax_reg[27]/D     
    0:37:14   78983.6   3660.85 12265447.0      51.9 u_sfm/gmax_reg[27]/D     
    0:37:15   78983.7   3660.45 12265434.0      51.9 u_sfm/gmax_reg[27]/D     
    0:37:15   78983.8   3660.17 12265425.0      51.9 u_sfm/gmax_reg[27]/D     
    0:37:15   78983.8   3660.11 12265423.0      51.9 u_sfm/gmax_reg[27]/D     
    0:37:16   78983.9   3660.04 12265421.0      51.9 u_sfm/gmax_reg[27]/D     
    0:37:16   78984.5   3659.68 12265409.0      51.9 u_sfm/gmax_reg[27]/D     
    0:37:16   78984.3   3659.53 12265404.0      51.9 u_sfm/gmax_reg[27]/D     
    0:37:17   78984.4   3659.47 12265402.0      51.9 u_sfm/gmax_reg[27]/D     
    0:37:17   78984.4   3659.31 12265397.0      51.9 u_sfm/gmax_reg[27]/D     
    0:37:18   78984.3   3659.06 12265389.0      51.9 u_sfm/gmax_reg[27]/D     
    0:37:19   78984.9   3658.99 12265387.0      51.9 u_sfm/gmax_reg[27]/D     
    0:37:21   78984.9   3658.99 12265387.0      51.9 u_sfm/gmax_reg[27]/D     
    0:37:22   78984.9   3658.95 12265386.0      51.9 u_sfm/gmax_reg[27]/D     
    0:37:23   78984.9   3658.95 12265386.0      51.9 u_sfm/gmax_reg[27]/D     
    0:37:27   78984.9   3658.95 12265386.0      51.9 u_sfm/gmax_reg[27]/D     
    0:37:31   78984.9   3658.98 12265387.0      51.9 u_sfm/gmax_reg[27]/D     
    0:37:31   78984.9   3658.85 12265383.0      51.9 u_sfm/gmax_reg[27]/D     
    0:37:33   78984.9   3658.85 12265383.0      51.9 u_sfm/gmax_reg[27]/D     
    0:37:33   78984.9   3658.79 12265381.0      51.9 u_sfm/gmax_reg[27]/D     
    0:37:34   78984.9   3658.69 12265378.0      51.9 u_sfm/gmax_reg[27]/D     
    0:37:36   78985.0   3658.65 12265376.0      51.9 u_sfm/gmax_reg[27]/D     
    0:37:36   78984.9   3658.43 12265369.0      51.9 u_sfm/gmax_reg[27]/D     
    0:37:38   78985.0   3658.27 12265364.0      51.9 u_sfm/gmax_reg[27]/D     
    0:37:39   78985.0   3657.92 12265353.0      51.9 u_sfm/gmax_reg[27]/D     
    0:37:39   78985.0   3657.90 12265352.0      51.9 u_sfm/gmax_reg[27]/D     
    0:37:45   78985.0   3657.94 12265353.0      51.9 u_sfm/gmax_reg[27]/D     
    0:37:45   78985.1   3657.85 12265351.0      51.9 u_sfm/gmax_reg[27]/D     
    0:37:46   78985.1   3657.84 12265350.0      51.9 u_sfm/gmax_reg[27]/D     
    0:37:46   78985.1   3657.81 12265349.0      51.9 u_sfm/gmax_reg[27]/D     
    0:37:46   78985.1   3657.64 12265344.0      51.9 u_sfm/gmax_reg[27]/D     
    0:37:54   78985.0   3657.67 12265345.0      51.9                          
    0:38:04   78984.9   3657.59 12265342.0      51.9 u_sfm/gmax_reg[27]/D     
    0:38:05   78985.0   3657.26 12265332.0      51.9 u_sfm/gmax_reg[27]/D     
    0:38:06   78984.9   3657.07 12265326.0      51.9 u_sfm/gmax_reg[27]/D     
    0:38:07   78984.9   3657.06 12265325.0      51.9 u_sfm/gmax_reg[27]/D     
    0:38:07   78984.9   3656.37 12265303.0      51.9 u_sfm/gmax_reg[27]/D     
    0:38:08   78984.9   3656.39 12265304.0      51.9 u_sfm/gmax_reg[27]/D     
    0:38:08   78985.0   3656.19 12265298.0      51.9 u_sfm/gmax_reg[27]/D     
    0:38:09   78985.0   3655.91 12265289.0      51.9 u_sfm/gmax_reg[27]/D     
    0:38:10   78985.0   3655.65 12265281.0      51.9 u_sfm/gmax_reg[27]/D     
    0:38:11   78985.3   3654.63 12265248.0      51.9 u_sfm/gmax_reg[27]/D     
    0:38:12   78985.4   3654.34 12265238.0      51.9 u_sfm/gmax_reg[27]/D     
    0:38:12   78985.4   3654.19 12265234.0      51.9 u_sfm/gmax_reg[27]/D     
    0:38:12   78985.4   3653.94 12265226.0      51.9 u_sfm/gmax_reg[27]/D     
    0:38:13   78985.4   3653.87 12265223.0      51.9 u_sfm/gmax_reg[27]/D     
    0:38:14   78985.4   3653.84 12265223.0      51.9 u_sfm/gmax_reg[27]/D     
    0:38:15   78985.4   3653.71 12265218.0      51.9 u_sfm/gmax_reg[27]/D     
    0:38:15   78985.8   3653.51 12265212.0      51.9 u_sfm/gmax_reg[27]/D     
    0:38:16   78985.8   3653.50 12265211.0      51.9 u_sfm/gmax_reg[27]/D     
    0:38:16   78985.8   3653.27 12265204.0      51.9 u_sfm/gmax_reg[27]/D     
    0:38:17   78986.0   3652.71 12265186.0      51.9 u_sfm/gmax_reg[27]/D     
    0:38:17   78986.1   3652.27 12265172.0      51.9 u_sfm/gmax_reg[27]/D     
    0:38:18   78986.2   3652.16 12265168.0      51.9 u_sfm/gmax_reg[27]/D     
    0:38:19   78986.2   3652.09 12265166.0      51.9 u_sfm/gmax_reg[27]/D     
    0:38:19   78986.2   3651.91 12265161.0      51.9 u_sfm/gmax_reg[27]/D     
    0:38:20   78986.2   3651.73 12265155.0      51.9 u_sfm/gmax_reg[27]/D     
    0:38:21   78986.2   3651.59 12265151.0      51.9 u_sfm/gmax_reg[27]/D     
    0:38:22   78986.3   3651.42 12265145.0      51.9 u_sfm/gmax_reg[27]/D     
    0:38:23   78986.3   3651.33 12265142.0      51.9 u_sfm/gmax_reg[27]/D     
    0:38:25   78986.3   3651.23 12265139.0      51.9 u_sfm/gmax_reg[27]/D     
    0:38:33   78986.2   3651.18 12265137.0      51.9 u_sfm/gmax_reg[27]/D     
    0:38:34   78986.2   3651.13 12265219.0      51.9 u_sfm/gmax_reg[27]/D     
    0:38:37   78986.1   3650.77 12265209.0      51.9 u_sfm/gmax_reg[27]/D     
    0:38:41   78986.1   3650.77 12265209.0      51.9                          
    0:39:00   78660.6   3650.77 12265633.0      51.9                          


  Beginning Design Rule Fixing  (max_transition)
  ----------------------------

                                  TOTAL                                      
   ELAPSED            WORST NEG   SETUP    DESIGN                            
    TIME      AREA      SLACK     COST    RULE COST         ENDPOINT         
  --------- --------- --------- --------- --------- -------------------------
    0:39:00   78660.6   3650.77 12265633.0      51.9                          
    0:39:03   78660.8   3650.19 12188438.0       0.0 u_sfm/gmax_reg[27]/D     
    0:39:03   78660.8   3650.15 12188436.0       0.0 u_sfm/gmax_reg[27]/D     
    0:39:04   78660.8   3649.97 12188431.0       0.0 u_sfm/gmax_reg[27]/D     
    0:39:04   78660.7   3649.62 12188419.0       0.0 u_sfm/gmax_reg[27]/D     
    0:39:05   78660.7   3649.57 12188418.0       0.0 u_sfm/gmax_reg[27]/D     
    0:39:05   78660.8   3648.83 12188394.0       0.0 u_sfm/gmax_reg[27]/D     
    0:39:06   78660.7   3648.61 12188387.0       0.0 u_sfm/gmax_reg[27]/D     
    0:39:07   78660.7   3648.21 12188374.0       0.0 u_sfm/gmax_reg[27]/D     
    0:39:07   78660.8   3647.19 12188342.0       0.0 u_sfm/gmax_reg[27]/D     
    0:39:08   78661.0   3646.93 12188333.0       0.0 u_sfm/gmax_reg[27]/D     
    0:39:08   78661.1   3646.60 12188323.0       0.0 u_sfm/gmax_reg[27]/D     
    0:39:08   78661.1   3646.62 12188323.0       0.0 u_sfm/gmax_reg[27]/D     
    0:39:09   78661.2   3646.56 12188322.0       0.0 u_sfm/gmax_reg[27]/D     
    0:39:09   78661.2   3646.44 12188318.0       0.0 u_sfm/gmax_reg[27]/D     
    0:39:10   78661.2   3646.21 12188310.0       0.0 u_sfm/gmax_reg[27]/D     
    0:39:11   78661.3   3645.96 12188302.0       0.0 u_sfm/gmax_reg[27]/D     
    0:39:11   78661.3   3645.86 12188299.0       0.0 u_sfm/gmax_reg[27]/D     
    0:39:11   78661.3   3645.24 12188279.0       0.0 u_sfm/gmax_reg[27]/D     
    0:39:12   78661.3   3645.16 12188277.0       0.0 u_sfm/gmax_reg[27]/D     
    0:39:13   78661.3   3645.10 12188275.0       0.0 u_sfm/gmax_reg[27]/D     
    0:39:14   78661.3   3645.09 12188273.0       0.0 u_sfm/gmax_reg[27]/D     
    0:39:15   78661.9   3644.01 12188240.0       0.0 u_sfm/gmax_reg[27]/D     
    0:39:16   78661.9   3643.93 12188237.0       0.0 u_sfm/gmax_reg[17]/D     
    0:39:16   78661.9   3643.83 12188234.0       0.0                          
    0:39:17   78662.0   3643.27 12188216.0       0.0                          
    0:39:17   78662.1   3642.69 12188198.0       0.0                          
    0:39:18   78662.1   3642.33 12188186.0       0.0                          
    0:39:18   78662.2   3642.24 12188184.0       0.0                          
    0:39:19   78662.2   3642.05 12188177.0       0.0                          
    0:39:19   78662.2   3641.90 12188173.0       0.0                          
    0:39:19   78662.2   3641.88 12188172.0       0.0                          


  Beginning Area-Recovery Phase  (cleanup)
  -----------------------------

                                  TOTAL                                      
   ELAPSED            WORST NEG   SETUP    DESIGN                            
    TIME      AREA      SLACK     COST    RULE COST         ENDPOINT         
  --------- --------- --------- --------- --------- -------------------------
    0:39:19   78662.2   3641.88 12188172.0       0.0                          
    0:39:22   78662.2   3641.88 12188172.0       0.0                          
    0:41:14   78077.2   3654.10 11876606.0       0.0                          
    0:41:32   77897.1   3655.03 11767507.0       0.0                          
    0:41:39   77835.2   3654.95 11747810.0       0.0                          
    0:41:43   77803.9   3655.09 11733093.0       0.0                          
    0:41:46   77777.6   3655.74 11725472.0       0.0                          
    0:41:49   77758.1   3655.74 11720897.0       0.0                          
    0:41:51   77745.1   3656.28 11717968.0       0.0                          
    0:41:53   77737.1   3656.28 11715919.0       0.0                          
    0:41:54   77730.2   3656.28 11715890.0       0.0                          
    0:41:56   77724.0   3656.28 11715545.0       0.0                          
    0:41:57   77719.0   3656.28 11715348.0       0.0                          
    0:41:58   77715.6   3656.28 11715096.0       0.0                          
    0:42:00   77713.3   3656.28 11714209.0       0.0                          
    0:42:01   77710.9   3656.28 11714017.0       0.0                          
    0:42:02   77708.5   3656.28 11713834.0       0.0                          
    0:42:03   77707.1   3656.28 11713663.0       0.0                          
    0:42:05   77705.7   3656.28 11713632.0       0.0                          
    0:42:06   77703.5   3656.28 11713641.0       0.0                          
    0:42:07   77701.2   3656.28 11713642.0       0.0                          
    0:42:08   77699.9   3656.28 11713655.0       0.0                          
    0:42:09   77699.0   3656.28 11713701.0       0.0                          
    0:42:09   77698.2   3656.28 11713901.0       0.0                          
    0:42:10   77696.0   3656.28 11710927.0       0.0                          
    0:42:11   77695.8   3656.28 11710927.0       0.0                          
    0:42:12   77695.7   3656.28 11710927.0       0.0                          
    0:42:12   77695.7   3656.28 11710927.0       0.0                          
    0:42:18   77692.8   3656.28 11705942.0       0.0                          
    0:42:47   76609.6   3675.05 11544752.0       0.0                          
    0:43:06   76020.2   3681.32 11538188.0       0.0                          
    0:43:20   75670.7   3684.92 11503763.0       0.0                          
    0:43:29   75534.8   3754.31 11485443.0       0.0                          
    0:43:35   75477.7   3754.60 11473431.0       0.0                          
    0:43:38   75436.5   3754.60 11449939.0       0.0                          
    0:43:38   75436.5   3754.60 11449939.0       0.0                          
    0:43:39   75436.5   3754.60 11449939.0       0.0                          
    0:43:39   75436.5   3754.60 11449939.0       0.0                          
    0:43:41   75436.9   3682.21 11447612.0       0.0 u_sfm/gmax_reg[30]/D     
    0:43:41   75437.3   3677.90 11447476.0       0.0 u_sfm/gmax_reg[30]/D     
    0:43:42   75437.6   3675.47 11447399.0       0.0 u_sfm/gmax_reg[30]/D     
    0:43:43   75437.7   3673.52 11447336.0       0.0 u_sfm/gmax_reg[30]/D     
    0:43:44   75437.7   3673.35 11447332.0       0.0 u_sfm/gmax_reg[30]/D     
    0:43:44   75437.8   3673.14 11447319.0       0.0 u_sfm/gmax_reg[30]/D     
    0:43:44   75437.8   3671.95 11447281.0       0.0 u_sfm/gmax_reg[30]/D     
    0:43:45   75437.9   3671.25 11447260.0       0.0 u_sfm/gmax_reg[30]/D     
    0:43:46   75438.0   3668.26 11447164.0       0.0 u_sfm/gmax_reg[30]/D     
    0:43:46   75438.1   3667.61 11447143.0       0.0 u_sfm/gmax_reg[30]/D     
    0:43:47   75437.9   3660.02 11446900.0       0.0 u_sfm/gmax_reg[30]/D     
    0:43:47   75438.6   3657.93 11446834.0       0.0 u_sfm/gmax_reg[30]/D     
    0:43:48   75438.6   3656.76 11446798.0       0.0 u_sfm/gmax_reg[30]/D     
    0:43:48   75438.6   3656.70 11446797.0       0.0 u_sfm/gmax_reg[30]/D     
    0:43:49   75438.6   3656.09 11446773.0       0.0 u_sfm/gmax_reg[30]/D     
    0:43:49   75438.6   3655.65 11446759.0       0.0 u_sfm/gmax_reg[30]/D     
    0:43:50   75438.6   3654.37 11446718.0       0.0 u_sfm/gmax_reg[30]/D     
    0:43:50   75438.6   3654.16 11446711.0       0.0 u_sfm/gmax_reg[30]/D     
    0:43:51   75438.7   3653.94 11446704.0       0.0 u_sfm/gmax_reg[30]/D     
    0:43:51   75438.8   3653.86 11446702.0       0.0 u_sfm/gmax_reg[30]/D     
    0:43:52   75439.0   3652.93 11446672.0       0.0 u_sfm/gmax_reg[30]/D     
    0:43:53   75438.9   3652.93 11446672.0       0.0                          
    0:43:53   75438.5   3652.93 11446664.0       0.0                          
    0:43:53   75438.2   3652.93 11446664.0       0.0                          
    0:43:53   75437.6   3652.94 11446663.0       0.0                          
    0:43:54   75437.2   3652.63 11446653.0       0.0                          
    0:43:54   75436.6   3652.67 11446655.0       0.0                          
    0:43:54   75436.3   3652.67 11446655.0       0.0                          
    0:43:54   75435.5   3652.67 11446655.0       0.0                          
    0:43:54   75435.2   3652.67 11446655.0       0.0                          
    0:43:55   75434.7   3652.67 11446655.0       0.0                          
    0:43:55   75434.4   3652.67 11446655.0       0.0                          
    0:43:55   75434.2   3652.67 11446655.0       0.0                          
    0:43:55   75433.9   3652.67 11446655.0       0.0                          
    0:43:55   75433.8   3652.60 11446652.0       0.0                          
    0:43:56   75433.7   3652.59 11446652.0       0.0                          
    0:43:56   75432.5   3652.59 11446652.0       0.0                          
    0:43:57   75430.9   3652.59 11446652.0       0.0                          
    0:43:57   75429.3   3652.59 11446652.0       0.0                          
    0:43:57   75428.3   3652.59 11446652.0       0.0                          
    0:43:57   75427.7   3652.59 11446652.0       0.0                          
    0:43:57   75426.5   3652.59 11446652.0       0.0                          
    0:43:57   75426.1   3652.59 11446652.0       0.0                          
    0:43:58   75425.5   3652.59 11446652.0       0.0                          
    0:43:58   75424.7   3652.59 11446652.0       0.0                          
    0:43:58   75423.3   3652.59 11446652.0       0.0                          
    0:43:58   75422.3   3652.59 11446652.0       0.0                          
    0:43:59   75421.4   3652.59 11446652.0       0.0                          
    0:44:00   75420.5   3652.57 11446652.0       0.0                          
    0:44:01   75420.2   3652.55 11446651.0       0.0                          
    0:44:01   75419.8   3652.55 11446651.0       0.0                          
    0:44:02   75419.0   3652.49 11446649.0       0.0                          
    0:44:02   75419.0   3652.40 11446649.0       0.0                          
    0:44:03   75419.1   3652.09 11446642.0       0.0                          
    0:44:03   75419.1   3652.04 11446640.0       0.0                          
    0:44:03   75419.2   3651.26 11446615.0       0.0                          
    0:44:04   75419.2   3651.21 11446614.0       0.0 u_sfm/gmax_reg[30]/D     
    0:44:04   75419.2   3650.73 11446599.0       0.0 u_sfm/gmax_reg[30]/D     
    0:44:05   75419.2   3649.73 11446566.0       0.0 u_sfm/gmax_reg[30]/D     
    0:44:05   75419.3   3649.20 11446549.0       0.0 u_sfm/gmax_reg[30]/D     
    0:44:06   75419.4   3649.12 11446546.0       0.0 u_sfm/gmax_reg[30]/D     
    0:44:06   75419.5   3648.49 11446526.0       0.0 u_sfm/gmax_reg[30]/D     
    0:44:07   75420.1   3647.14 11446483.0       0.0 u_sfm/gmax_reg[30]/D     
    0:44:08   75420.1   3646.80 11446473.0       0.0 u_sfm/gmax_reg[30]/D     
    0:44:08   75420.1   3646.38 11446459.0       0.0 u_sfm/gmax_reg[30]/D     
    0:44:08   75420.1   3645.85 11446443.0       0.0 u_sfm/gmax_reg[30]/D     
    0:44:09   75420.2   3645.40 11446428.0       0.0 u_sfm/gmax_reg[30]/D     
    0:44:09   75420.3   3644.60 11446405.0       0.0 u_sfm/gmax_reg[30]/D     
    0:44:10   75420.3   3644.42 11446399.0       0.0 u_sfm/gmax_reg[30]/D     
    0:44:11   75420.2   3644.36 11446397.0       0.0 u_sfm/gmax_reg[30]/D     
    0:44:11   75420.3   3643.24 11446361.0       0.0 u_sfm/gmax_reg[30]/D     
    0:44:11   75420.3   3643.22 11446361.0       0.0 u_sfm/gmax_reg[30]/D     
    0:44:11   75420.3   3642.99 11446353.0       0.0 u_sfm/gmax_reg[30]/D     
    0:44:12   75420.2   3642.63 11446341.0       0.0 u_sfm/gmax_reg[30]/D     
    0:44:12   75420.2   3642.38 11446333.0       0.0 u_sfm/gmax_reg[30]/D     
    0:44:13   75420.4   3641.76 11446313.0       0.0 u_sfm/gmax_reg[30]/D     
    0:44:13   75420.5   3641.27 11446298.0       0.0 u_sfm/gmax_reg[30]/D     
    0:44:14   75420.5   3640.50 11446273.0       0.0 u_sfm/gmax_reg[30]/D     
    0:44:15   75420.5   3640.17 11446264.0       0.0 u_sfm/gmax_reg[30]/D     
    0:44:15   75420.5   3640.10 11446260.0       0.0 u_sfm/gmax_reg[30]/D     
    0:44:16   75420.5   3639.69 11446243.0       0.0 u_sfm/gmax_reg[30]/D     
    0:44:16   75420.8   3638.43 11446203.0       0.0 u_sfm/gmax_reg[30]/D     
    0:44:17   75422.0   3638.13 11446193.0       0.0 u_sfm/gmax_reg[30]/D     
    0:44:17   75422.1   3636.58 11446144.0       0.0 u_sfm/gmax_reg[30]/D     
    0:44:17   75422.2   3635.34 11446115.0       0.0 u_sfm/gmax_reg[16]/D     
    0:44:18   75422.5   3635.14 11446109.0       0.0 u_sfm/gmax_reg[16]/D     
    0:44:19   75422.7   3634.85 11446099.0       0.0 u_sfm/gmax_reg[16]/D     
    0:44:19   75422.8   3633.93 11446070.0       0.0 u_sfm/gmax_reg[16]/D     
    0:44:19   75422.7   3633.84 11446067.0       0.0 u_sfm/gmax_reg[16]/D     
    0:44:20   75422.8   3633.42 11446054.0       0.0 u_sfm/gmax_reg[16]/D     
    0:44:20   75422.9   3632.76 11446033.0       0.0 u_sfm/gmax_reg[16]/D     
    0:44:21   75423.0   3631.82 11446003.0       0.0 u_sfm/gmax_reg[16]/D     
    0:44:21   75423.0   3631.74 11446000.0       0.0 u_sfm/gmax_reg[16]/D     
    0:44:22   75423.0   3631.52 11445993.0       0.0 u_sfm/gmax_reg[16]/D     
    0:44:22   75423.1   3630.94 11445974.0       0.0 u_sfm/gmax_reg[16]/D     
    0:44:23   75423.8   3629.58 11445931.0       0.0 u_sfm/gmax_reg[16]/D     
    0:44:23   75423.8   3628.79 11445906.0       0.0 u_sfm/gmax_reg[16]/D     
    0:44:24   75423.8   3628.12 11445884.0       0.0 u_sfm/gmax_reg[16]/D     
    0:44:25   75423.9   3627.51 11445865.0       0.0 u_sfm/gmax_reg[16]/D     
    0:44:25   75424.1   3626.73 11445840.0       0.0 u_sfm/gmax_reg[16]/D     
    0:44:26   75424.0   3624.56 11445770.0       0.0 u_sfm/gmax_reg[16]/D     
    0:44:26   75424.1   3624.27 11445761.0       0.0 u_sfm/gmax_reg[16]/D     
    0:44:27   75424.1   3623.97 11445752.0       0.0 u_sfm/gmax_reg[16]/D     
    0:44:27   75424.4   3623.79 11445746.0       0.0 u_sfm/gmax_reg[16]/D     
    0:44:28   75424.4   3623.58 11445739.0       0.0 u_sfm/gmax_reg[16]/D     
    0:44:28   75424.4   3623.28 11445729.0       0.0 u_sfm/gmax_reg[16]/D     
    0:44:29   75424.6   3622.84 11445715.0       0.0 u_sfm/gmax_reg[16]/D     
    0:44:29   75424.7   3622.37 11445700.0       0.0 u_sfm/gmax_reg[16]/D     
    0:44:30   75424.8   3622.14 11445693.0       0.0 u_sfm/gmax_reg[16]/D     
    0:44:30   75424.9   3621.40 11445669.0       0.0 u_sfm/gmax_reg[16]/D     
    0:44:30   75425.0   3620.64 11445645.0       0.0 u_sfm/gmax_reg[16]/D     
    0:44:31   75425.0   3619.97 11445624.0       0.0 u_sfm/gmax_reg[16]/D     
    0:44:31   75425.1   3619.59 11445611.0       0.0 u_sfm/gmax_reg[16]/D     
    0:44:32   75425.8   3619.00 11445593.0       0.0 u_sfm/gmax_reg[16]/D     
    0:44:32   75425.9   3618.44 11445575.0       0.0 u_sfm/gmax_reg[16]/D     
    0:44:33   75426.0   3618.08 11445563.0       0.0 u_sfm/gmax_reg[16]/D     
    0:44:33   75426.0   3617.93 11445558.0       0.0 u_sfm/gmax_reg[16]/D     
    0:44:34   75426.0   3617.42 11445542.0       0.0 u_sfm/gmax_reg[16]/D     
    0:44:34   75426.1   3617.23 11445536.0       0.0 u_sfm/gmax_reg[16]/D     
    0:44:35   75426.1   3616.45 11445511.0       0.0 u_sfm/gmax_reg[16]/D     
    0:44:35   75426.1   3616.39 11445509.0       0.0 u_sfm/gmax_reg[16]/D     
    0:44:36   75426.2   3615.74 11445488.0       0.0 u_sfm/gmax_reg[16]/D     
    0:44:36   75426.3   3615.66 11445485.0       0.0 u_sfm/gmax_reg[16]/D     
    0:44:36   75426.4   3615.54 11445482.0       0.0 u_sfm/gmax_reg[16]/D     
    0:44:37   75426.4   3615.35 11445476.0       0.0 u_sfm/gmax_reg[16]/D     
    0:44:37   75426.5   3615.00 11445464.0       0.0 u_sfm/gmax_reg[16]/D     
    0:44:38   75426.5   3614.77 11445457.0       0.0 u_sfm/gmax_reg[16]/D     
    0:44:38   75427.1   3614.57 11445451.0       0.0 u_sfm/gmax_reg[16]/D     
    0:44:38   75427.1   3614.36 11445444.0       0.0 u_sfm/gmax_reg[16]/D     
    0:44:39   75427.2   3614.21 11445438.0       0.0 u_sfm/gmax_reg[16]/D     
    0:44:39   75427.4   3613.99 11445432.0       0.0 u_sfm/gmax_reg[16]/D     
    0:44:40   75427.4   3613.89 11445429.0       0.0 u_sfm/gmax_reg[16]/D     
    0:44:40   75427.5   3613.66 11445422.0       0.0 u_sfm/gmax_reg[16]/D     
    0:44:41   75427.6   3613.13 11445405.0       0.0 u_sfm/gmax_reg[16]/D     
    0:44:41   75427.6   3612.91 11445398.0       0.0 u_sfm/gmax_reg[16]/D     
    0:44:42   75427.7   3612.48 11445385.0       0.0 u_sfm/gmax_reg[16]/D     
    0:44:42   75427.8   3612.38 11445382.0       0.0 u_sfm/gmax_reg[16]/D     
    0:44:43   75427.9   3612.34 11445380.0       0.0 u_sfm/gmax_reg[16]/D     
    0:44:43   75428.1   3612.03 11445370.0       0.0 u_sfm/gmax_reg[16]/D     
    0:44:44   75428.2   3611.29 11445346.0       0.0 u_sfm/gmax_reg[16]/D     
    0:44:44   75428.4   3609.61 11445292.0       0.0 u_sfm/gmax_reg[16]/D     
    0:44:44   75428.4   3609.47 11445288.0       0.0 u_sfm/gmax_reg[16]/D     
    0:44:45   75428.4   3609.29 11445282.0       0.0 u_sfm/gmax_reg[16]/D     
    0:44:45   75428.6   3608.90 11445269.0       0.0 u_sfm/gmax_reg[16]/D     
    0:44:46   75428.4   3608.49 11445256.0       0.0 u_sfm/gmax_reg[16]/D     
    0:44:46   75428.5   3607.53 11445226.0       0.0 u_sfm/gmax_reg[16]/D     
    0:44:47   75428.4   3607.29 11445218.0       0.0 u_sfm/gmax_reg[16]/D     
    0:44:47   75428.5   3607.10 11445212.0       0.0 u_sfm/gmax_reg[16]/D     
    0:44:48   75428.5   3606.79 11445202.0       0.0 u_sfm/gmax_reg[16]/D     
    0:44:48   75428.8   3606.05 11445178.0       0.0 u_sfm/gmax_reg[16]/D     
    0:44:48   75428.8   3606.03 11445178.0       0.0 u_sfm/gmax_reg[16]/D     
    0:44:49   75428.9   3605.58 11445163.0       0.0 u_sfm/gmax_reg[16]/D     
    0:44:49   75428.9   3605.47 11445160.0       0.0 u_sfm/gmax_reg[16]/D     
    0:44:50   75429.0   3605.30 11445154.0       0.0 u_sfm/gmax_reg[16]/D     
    0:44:50   75429.1   3605.17 11445150.0       0.0 u_sfm/gmax_reg[16]/D     
    0:44:51   75429.1   3605.09 11445148.0       0.0 u_sfm/gmax_reg[16]/D     
    0:44:51   75429.3   3604.98 11445144.0       0.0 u_sfm/gmax_reg[16]/D     
    0:44:52   75429.3   3604.76 11445137.0       0.0 u_sfm/gmax_reg[16]/D     
    0:44:53   75429.3   3602.94 11445079.0       0.0 u_sfm/gmax_reg[16]/D     
    0:44:53   75429.3   3602.73 11445072.0       0.0 u_sfm/gmax_reg[16]/D     
    0:44:53   75429.3   3602.55 11445067.0       0.0 u_sfm/gmax_reg[16]/D     
    0:44:54   75429.3   3601.77 11445042.0       0.0 u_sfm/gmax_reg[16]/D     
    0:44:54   75429.3   3601.08 11445020.0       0.0 u_sfm/gmax_reg[16]/D     
    0:44:54   75429.3   3600.60 11445004.0       0.0 u_sfm/gmax_reg[16]/D     
    0:44:55   75429.4   3600.22 11444992.0       0.0 u_sfm/gmax_reg[16]/D     
    0:44:55   75429.5   3598.79 11444946.0       0.0 u_sfm/gmax_reg[16]/D     
    0:44:56   75429.7   3597.22 11444896.0       0.0 u_sfm/gmax_reg[16]/D     
    0:44:57   75429.5   3596.55 11444875.0       0.0 u_sfm/gmax_reg[16]/D     
    0:44:57   75429.5   3596.11 11444861.0       0.0 u_sfm/gmax_reg[16]/D     
    0:44:57   75429.5   3595.71 11444848.0       0.0 u_sfm/gmax_reg[16]/D     
    0:44:58   75429.5   3595.63 11444845.0       0.0 u_sfm/gmax_reg[16]/D     
    0:44:58   75429.5   3595.15 11444830.0       0.0 u_sfm/gmax_reg[16]/D     
    0:44:59   75429.5   3594.73 11444816.0       0.0 u_sfm/gmax_reg[16]/D     
    0:45:00   75429.5   3594.48 11444808.0       0.0 u_sfm/gmax_reg[16]/D     
    0:45:00   75429.5   3594.47 11444808.0       0.0 u_sfm/gmax_reg[16]/D     
    0:45:00   75429.5   3594.06 11444795.0       0.0 u_sfm/gmax_reg[16]/D     
    0:45:01   75430.1   3593.67 11444782.0       0.0 u_sfm/gmax_reg[16]/D     
    0:45:01   75430.8   3592.88 11444757.0       0.0 u_sfm/gmax_reg[16]/D     
    0:45:02   75430.8   3592.83 11444756.0       0.0 u_sfm/gmax_reg[16]/D     
    0:45:03   75430.8   3592.68 11444751.0       0.0 u_sfm/gmax_reg[16]/D     
    0:45:03   75430.8   3592.68 11444751.0       0.0 u_sfm/gmax_reg[16]/D     
    0:45:04   75430.8   3592.31 11444739.0       0.0 u_sfm/gmax_reg[16]/D     
    0:45:05   75430.8   3591.87 11444725.0       0.0 u_sfm/gmax_reg[16]/D     
    0:45:05   75430.8   3591.69 11444719.0       0.0 u_sfm/gmax_reg[16]/D     
    0:45:06   75430.8   3591.36 11444708.0       0.0 u_sfm/gmax_reg[16]/D     
    0:45:06   75430.8   3591.28 11444706.0       0.0 u_sfm/gmax_reg[16]/D     
    0:45:10   75430.8   3591.15 11444702.0       0.0 u_sfm/gmax_reg[16]/D     
    0:45:12   75430.8   3591.14 11444702.0       0.0 u_sfm/gmax_reg[16]/D     
Loading db file '/thu-bloor/xinyao-w23/kvpim-rtl/third_party/asap7_lib/db/asap7sc7p5t_AO_RVT_TT_nldm_211120.db'
Loading db file '/thu-bloor/xinyao-w23/kvpim-rtl/third_party/asap7_lib/db/asap7sc7p5t_INVBUF_RVT_TT_nldm_211120.db'
Loading db file '/thu-bloor/xinyao-w23/kvpim-rtl/third_party/asap7_lib/db/asap7sc7p5t_OA_RVT_TT_nldm_211120.db'
Loading db file '/thu-bloor/xinyao-w23/kvpim-rtl/third_party/asap7_lib/db/asap7sc7p5t_SEQ_RVT_TT_nldm_220123.db'
Loading db file '/thu-bloor/xinyao-w23/kvpim-rtl/third_party/asap7_lib/db/asap7sc7p5t_SIMPLE_RVT_TT_nldm_211120.db'
Loading db file '/thu-bloor/xinyao-w23/kvpim-rtl/third_party/asap7/asap7_sram_0p0/generated/db/srambank_256x4x64_6t122.db'
Loading db file '/thu-bloor/xinyao-w23/kvpim-rtl/third_party/asap7/asap7_sram_0p0/generated/db/srambank_64x4x16_6t122.db'


Note: Symbol # after min delay cost means estimated hold TNS across all active scenarios 


  Optimization Complete
  ---------------------
Warning: Design 'fugue_logic_die' contains 5 high-fanout nets. A fanout number of 1000 will be used for delay calculations involving these nets. (TIM-134)
     Net 'u_diff/n4122': 2048 load(s), 1 driver(s)
     Net 'u_sfm/n4867': 1710 load(s), 1 driver(s)
     Net 'u_tlb/u_tlb/n10280': 4727 load(s), 1 driver(s)
     Net 'u_sfm/G[0].u0/clk': 21648 load(s), 1 driver(s), 1 inout(s)
     Net 'u_sfm/G[0].u0/rst_n': 20930 load(s), 1 driver(s), 1 inout(s)
1
report_qor -nosplit > [file join $out_dir ${top_module}_qor.rpt]
report_area -hierarchy -nosplit > [file join $out_dir ${top_module}_area.rpt]
# Keeps the SRAM macro count, reference and mapped area explicit instead of
# folding it into the surrounding softmax-buffer hierarchy.
report_reference -hierarchy -nosplit > [file join $out_dir ${top_module}_references.rpt]
report_timing -delay_type max -max_paths 20 -nosplit > [file join $out_dir ${top_module}_timing.rpt]
report_power -nosplit > [file join $out_dir ${top_module}_power.rpt]
write -format verilog -hierarchy -output [file join $out_dir ${top_module}_mapped.v]
Warning: Design 'fugue_logic_die' has '1' unresolved references. For more detailed information, use the "link" command. (UID-341)
Writing verilog file '/thu-bloor/xinyao-w23/kvpim-rtl/syn/xinyao_0828/fugue_logic_die_p769/fugue_logic_die_mapped.v'.
Warning: Verilog 'assign' or 'tran' statements are written out. (VO-4)
Warning: Verilog writer has added 8 nets to module kv_seg_tlb_ENTRIES32 using SYNOPSYS_UNCONNECTED_ as prefix.  Please use the change_names command to make the correct changes before invoking the verilog writer.  (VO-11)
Warning: Verilog writer has added 13 nets to module kv_ptw using SYNOPSYS_UNCONNECTED_ as prefix.  Please use the change_names command to make the correct changes before invoking the verilog writer.  (VO-11)
Warning: Verilog writer has added 5 nets to module kv_tlb_top_ENTRIES32 using SYNOPSYS_UNCONNECTED_ as prefix.  Please use the change_names command to make the correct changes before invoking the verilog writer.  (VO-11)
Warning: Verilog writer has added 1 nets to module fp16_add_0 using SYNOPSYS_UNCONNECTED_ as prefix.  Please use the change_names command to make the correct changes before invoking the verilog writer.  (VO-11)
Warning: Verilog writer has added 1 nets to module fp16_add_131 using SYNOPSYS_UNCONNECTED_ as prefix.  Please use the change_names command to make the correct changes before invoking the verilog writer.  (VO-11)
Warning: Verilog writer has added 1 nets to module fp16_add_130 using SYNOPSYS_UNCONNECTED_ as prefix.  Please use the change_names command to make the correct changes before invoking the verilog writer.  (VO-11)
Warning: Verilog writer has added 1 nets to module fp16_add_129 using SYNOPSYS_UNCONNECTED_ as prefix.  Please use the change_names command to make the correct changes before invoking the verilog writer.  (VO-11)
Warning: Verilog writer has added 1 nets to module fp16_add_128 using SYNOPSYS_UNCONNECTED_ as prefix.  Please use the change_names command to make the correct changes before invoking the verilog writer.  (VO-11)
Warning: Verilog writer has added 1 nets to module fp16_add_127 using SYNOPSYS_UNCONNECTED_ as prefix.  Please use the change_names command to make the correct changes before invoking the verilog writer.  (VO-11)
Warning: Verilog writer has added 1 nets to module fp16_add_126 using SYNOPSYS_UNCONNECTED_ as prefix.  Please use the change_names command to make the correct changes before invoking the verilog writer.  (VO-11)
Warning: Verilog writer has added 1 nets to module fp16_add_125 using SYNOPSYS_UNCONNECTED_ as prefix.  Please use the change_names command to make the correct changes before invoking the verilog writer.  (VO-11)
Warning: Verilog writer has added 1 nets to module fp16_add_124 using SYNOPSYS_UNCONNECTED_ as prefix.  Please use the change_names command to make the correct changes before invoking the verilog writer.  (VO-11)
Warning: Verilog writer has added 1 nets to module fp16_add_123 using SYNOPSYS_UNCONNECTED_ as prefix.  Please use the change_names command to make the correct changes before invoking the verilog writer.  (VO-11)
Warning: Verilog writer has added 1 nets to module fp16_add_122 using SYNOPSYS_UNCONNECTED_ as prefix.  Please use the change_names command to make the correct changes before invoking the verilog writer.  (VO-11)
Warning: Verilog writer has added 1 nets to module fp16_add_121 using SYNOPSYS_UNCONNECTED_ as prefix.  Please use the change_names command to make the correct changes before invoking the verilog writer.  (VO-11)
Warning: Verilog writer has added 1 nets to module fp16_add_120 using SYNOPSYS_UNCONNECTED_ as prefix.  Please use the change_names command to make the correct changes before invoking the verilog writer.  (VO-11)
Warning: Verilog writer has added 1 nets to module fp16_add_119 using SYNOPSYS_UNCONNECTED_ as prefix.  Please use the change_names command to make the correct changes before invoking the verilog writer.  (VO-11)
Warning: Verilog writer has added 1 nets to module fp16_add_118 using SYNOPSYS_UNCONNECTED_ as prefix.  Please use the change_names command to make the correct changes before invoking the verilog writer.  (VO-11)
Warning: Verilog writer has added 1 nets to module fp16_add_117 using SYNOPSYS_UNCONNECTED_ as prefix.  Please use the change_names command to make the correct changes before invoking the verilog writer.  (VO-11)
Warning: Verilog writer has added 1 nets to module fp16_add_116 using SYNOPSYS_UNCONNECTED_ as prefix.  Please use the change_names command to make the correct changes before invoking the verilog writer.  (VO-11)
Warning: Verilog writer has added 1 nets to module fp16_add_115 using SYNOPSYS_UNCONNECTED_ as prefix.  Please use the change_names command to make the correct changes before invoking the verilog writer.  (VO-11)
Warning: Verilog writer has added 1 nets to module fp16_add_114 using SYNOPSYS_UNCONNECTED_ as prefix.  Please use the change_names command to make the correct changes before invoking the verilog writer.  (VO-11)
Warning: Verilog writer has added 1 nets to module fp16_add_113 using SYNOPSYS_UNCONNECTED_ as prefix.  Please use the change_names command to make the correct changes before invoking the verilog writer.  (VO-11)
Warning: Verilog writer has added 1 nets to module fp16_add_112 using SYNOPSYS_UNCONNECTED_ as prefix.  Please use the change_names command to make the correct changes before invoking the verilog writer.  (VO-11)
Warning: Verilog writer has added 1 nets to module fp16_add_111 using SYNOPSYS_UNCONNECTED_ as prefix.  Please use the change_names command to make the correct changes before invoking the verilog writer.  (VO-11)
Warning: Verilog writer has added 1 nets to module fp16_add_110 using SYNOPSYS_UNCONNECTED_ as prefix.  Please use the change_names command to make the correct changes before invoking the verilog writer.  (VO-11)
Warning: Verilog writer has added 1 nets to module fp16_add_109 using SYNOPSYS_UNCONNECTED_ as prefix.  Please use the change_names command to make the correct changes before invoking the verilog writer.  (VO-11)
Warning: Verilog writer has added 1 nets to module fp16_add_108 using SYNOPSYS_UNCONNECTED_ as prefix.  Please use the change_names command to make the correct changes before invoking the verilog writer.  (VO-11)
Warning: Verilog writer has added 1 nets to module fp16_add_107 using SYNOPSYS_UNCONNECTED_ as prefix.  Please use the change_names command to make the correct changes before invoking the verilog writer.  (VO-11)
Warning: Verilog writer has added 1 nets to module fp16_add_106 using SYNOPSYS_UNCONNECTED_ as prefix.  Please use the change_names command to make the correct changes before invoking the verilog writer.  (VO-11)
Warning: Verilog writer has added 1 nets to module fp16_add_105 using SYNOPSYS_UNCONNECTED_ as prefix.  Please use the change_names command to make the correct changes before invoking the verilog writer.  (VO-11)
Warning: Verilog writer has added 1 nets to module fp16_add_104 using SYNOPSYS_UNCONNECTED_ as prefix.  Please use the change_names command to make the correct changes before invoking the verilog writer.  (VO-11)
Warning: Verilog writer has added 1 nets to module fp16_add_103 using SYNOPSYS_UNCONNECTED_ as prefix.  Please use the change_names command to make the correct changes before invoking the verilog writer.  (VO-11)
Warning: Verilog writer has added 1 nets to module fp16_add_102 using SYNOPSYS_UNCONNECTED_ as prefix.  Please use the change_names command to make the correct changes before invoking the verilog writer.  (VO-11)
Warning: Verilog writer has added 1 nets to module fp16_add_101 using SYNOPSYS_UNCONNECTED_ as prefix.  Please use the change_names command to make the correct changes before invoking the verilog writer.  (VO-11)
Warning: Verilog writer has added 1 nets to module fp16_add_100 using SYNOPSYS_UNCONNECTED_ as prefix.  Please use the change_names command to make the correct changes before invoking the verilog writer.  (VO-11)
Warning: Verilog writer has added 1 nets to module fp16_add_99 using SYNOPSYS_UNCONNECTED_ as prefix.  Please use the change_names command to make the correct changes before invoking the verilog writer.  (VO-11)
Warning: Verilog writer has added 1 nets to module fp16_add_98 using SYNOPSYS_UNCONNECTED_ as prefix.  Please use the change_names command to make the correct changes before invoking the verilog writer.  (VO-11)
Warning: Verilog writer has added 1 nets to module fp16_add_97 using SYNOPSYS_UNCONNECTED_ as prefix.  Please use the change_names command to make the correct changes before invoking the verilog writer.  (VO-11)
Warning: Verilog writer has added 1 nets to module fp16_add_96 using SYNOPSYS_UNCONNECTED_ as prefix.  Please use the change_names command to make the correct changes before invoking the verilog writer.  (VO-11)
Warning: Verilog writer has added 1 nets to module fp16_add_95 using SYNOPSYS_UNCONNECTED_ as prefix.  Please use the change_names command to make the correct changes before invoking the verilog writer.  (VO-11)
Warning: Verilog writer has added 1 nets to module fp16_add_94 using SYNOPSYS_UNCONNECTED_ as prefix.  Please use the change_names command to make the correct changes before invoking the verilog writer.  (VO-11)
Warning: Verilog writer has added 1 nets to module fp16_add_93 using SYNOPSYS_UNCONNECTED_ as prefix.  Please use the change_names command to make the correct changes before invoking the verilog writer.  (VO-11)
Warning: Verilog writer has added 1 nets to module fp16_add_92 using SYNOPSYS_UNCONNECTED_ as prefix.  Please use the change_names command to make the correct changes before invoking the verilog writer.  (VO-11)
Warning: Verilog writer has added 1 nets to module fp16_add_91 using SYNOPSYS_UNCONNECTED_ as prefix.  Please use the change_names command to make the correct changes before invoking the verilog writer.  (VO-11)
Warning: Verilog writer has added 1 nets to module fp16_add_90 using SYNOPSYS_UNCONNECTED_ as prefix.  Please use the change_names command to make the correct changes before invoking the verilog writer.  (VO-11)
Warning: Verilog writer has added 1 nets to module fp16_add_89 using SYNOPSYS_UNCONNECTED_ as prefix.  Please use the change_names command to make the correct changes before invoking the verilog writer.  (VO-11)
Warning: Verilog writer has added 1 nets to module fp16_add_88 using SYNOPSYS_UNCONNECTED_ as prefix.  Please use the change_names command to make the correct changes before invoking the verilog writer.  (VO-11)
Warning: Verilog writer has added 1 nets to module fp16_add_87 using SYNOPSYS_UNCONNECTED_ as prefix.  Please use the change_names command to make the correct changes before invoking the verilog writer.  (VO-11)
Warning: Verilog writer has added 1 nets to module fp16_add_86 using SYNOPSYS_UNCONNECTED_ as prefix.  Please use the change_names command to make the correct changes before invoking the verilog writer.  (VO-11)
Warning: Verilog writer has added 1 nets to module fp16_add_85 using SYNOPSYS_UNCONNECTED_ as prefix.  Please use the change_names command to make the correct changes before invoking the verilog writer.  (VO-11)
Warning: Verilog writer has added 1 nets to module fp16_add_84 using SYNOPSYS_UNCONNECTED_ as prefix.  Please use the change_names command to make the correct changes before invoking the verilog writer.  (VO-11)
Warning: Verilog writer has added 1 nets to module fp16_add_83 using SYNOPSYS_UNCONNECTED_ as prefix.  Please use the change_names command to make the correct changes before invoking the verilog writer.  (VO-11)
Warning: Verilog writer has added 1 nets to module fp16_add_82 using SYNOPSYS_UNCONNECTED_ as prefix.  Please use the change_names command to make the correct changes before invoking the verilog writer.  (VO-11)
Warning: Verilog writer has added 1 nets to module fp16_add_81 using SYNOPSYS_UNCONNECTED_ as prefix.  Please use the change_names command to make the correct changes before invoking the verilog writer.  (VO-11)
Warning: Verilog writer has added 1 nets to module fp16_add_80 using SYNOPSYS_UNCONNECTED_ as prefix.  Please use the change_names command to make the correct changes before invoking the verilog writer.  (VO-11)
Warning: Verilog writer has added 1 nets to module fp16_add_79 using SYNOPSYS_UNCONNECTED_ as prefix.  Please use the change_names command to make the correct changes before invoking the verilog writer.  (VO-11)
Warning: Verilog writer has added 1 nets to module fp16_add_78 using SYNOPSYS_UNCONNECTED_ as prefix.  Please use the change_names command to make the correct changes before invoking the verilog writer.  (VO-11)
Warning: Verilog writer has added 1 nets to module fp16_add_77 using SYNOPSYS_UNCONNECTED_ as prefix.  Please use the change_names command to make the correct changes before invoking the verilog writer.  (VO-11)
Warning: Verilog writer has added 1 nets to module fp16_add_76 using SYNOPSYS_UNCONNECTED_ as prefix.  Please use the change_names command to make the correct changes before invoking the verilog writer.  (VO-11)
Warning: Verilog writer has added 1 nets to module fp16_add_75 using SYNOPSYS_UNCONNECTED_ as prefix.  Please use the change_names command to make the correct changes before invoking the verilog writer.  (VO-11)
Warning: Verilog writer has added 1 nets to module fp16_add_74 using SYNOPSYS_UNCONNECTED_ as prefix.  Please use the change_names command to make the correct changes before invoking the verilog writer.  (VO-11)
Warning: Verilog writer has added 1 nets to module fp16_add_73 using SYNOPSYS_UNCONNECTED_ as prefix.  Please use the change_names command to make the correct changes before invoking the verilog writer.  (VO-11)
Warning: Verilog writer has added 1 nets to module fp16_add_72 using SYNOPSYS_UNCONNECTED_ as prefix.  Please use the change_names command to make the correct changes before invoking the verilog writer.  (VO-11)
Warning: Verilog writer has added 1 nets to module fp16_add_71 using SYNOPSYS_UNCONNECTED_ as prefix.  Please use the change_names command to make the correct changes before invoking the verilog writer.  (VO-11)
Warning: Verilog writer has added 1 nets to module fp16_add_70 using SYNOPSYS_UNCONNECTED_ as prefix.  Please use the change_names command to make the correct changes before invoking the verilog writer.  (VO-11)
Warning: Verilog writer has added 1 nets to module fp16_add_69 using SYNOPSYS_UNCONNECTED_ as prefix.  Please use the change_names command to make the correct changes before invoking the verilog writer.  (VO-11)
Warning: Verilog writer has added 1 nets to module fp16_add_68 using SYNOPSYS_UNCONNECTED_ as prefix.  Please use the change_names command to make the correct changes before invoking the verilog writer.  (VO-11)
Warning: Verilog writer has added 1 nets to module fp16_add_67 using SYNOPSYS_UNCONNECTED_ as prefix.  Please use the change_names command to make the correct changes before invoking the verilog writer.  (VO-11)
Warning: Verilog writer has added 1 nets to module fp16_add_66 using SYNOPSYS_UNCONNECTED_ as prefix.  Please use the change_names command to make the correct changes before invoking the verilog writer.  (VO-11)
Warning: Verilog writer has added 1 nets to module fp16_add_65 using SYNOPSYS_UNCONNECTED_ as prefix.  Please use the change_names command to make the correct changes before invoking the verilog writer.  (VO-11)
Warning: Verilog writer has added 1 nets to module fp16_add_64 using SYNOPSYS_UNCONNECTED_ as prefix.  Please use the change_names command to make the correct changes before invoking the verilog writer.  (VO-11)
Warning: Verilog writer has added 1 nets to module fp16_add_63 using SYNOPSYS_UNCONNECTED_ as prefix.  Please use the change_names command to make the correct changes before invoking the verilog writer.  (VO-11)
Warning: Verilog writer has added 1 nets to module fp16_add_62 using SYNOPSYS_UNCONNECTED_ as prefix.  Please use the change_names command to make the correct changes before invoking the verilog writer.  (VO-11)
Warning: Verilog writer has added 1 nets to module fp16_add_61 using SYNOPSYS_UNCONNECTED_ as prefix.  Please use the change_names command to make the correct changes before invoking the verilog writer.  (VO-11)
Warning: Verilog writer has added 1 nets to module fp16_add_60 using SYNOPSYS_UNCONNECTED_ as prefix.  Please use the change_names command to make the correct changes before invoking the verilog writer.  (VO-11)
Warning: Verilog writer has added 1 nets to module fp16_add_59 using SYNOPSYS_UNCONNECTED_ as prefix.  Please use the change_names command to make the correct changes before invoking the verilog writer.  (VO-11)
Warning: Verilog writer has added 1 nets to module fp16_add_58 using SYNOPSYS_UNCONNECTED_ as prefix.  Please use the change_names command to make the correct changes before invoking the verilog writer.  (VO-11)
Warning: Verilog writer has added 1 nets to module fp16_add_57 using SYNOPSYS_UNCONNECTED_ as prefix.  Please use the change_names command to make the correct changes before invoking the verilog writer.  (VO-11)
Warning: Verilog writer has added 1 nets to module fp16_add_56 using SYNOPSYS_UNCONNECTED_ as prefix.  Please use the change_names command to make the correct changes before invoking the verilog writer.  (VO-11)
Warning: Verilog writer has added 1 nets to module fp16_add_55 using SYNOPSYS_UNCONNECTED_ as prefix.  Please use the change_names command to make the correct changes before invoking the verilog writer.  (VO-11)
Warning: Verilog writer has added 1 nets to module fp16_add_54 using SYNOPSYS_UNCONNECTED_ as prefix.  Please use the change_names command to make the correct changes before invoking the verilog writer.  (VO-11)
Warning: Verilog writer has added 1 nets to module fp16_add_53 using SYNOPSYS_UNCONNECTED_ as prefix.  Please use the change_names command to make the correct changes before invoking the verilog writer.  (VO-11)
Warning: Verilog writer has added 1 nets to module fp16_add_52 using SYNOPSYS_UNCONNECTED_ as prefix.  Please use the change_names command to make the correct changes before invoking the verilog writer.  (VO-11)
Warning: Verilog writer has added 1 nets to module fp16_add_51 using SYNOPSYS_UNCONNECTED_ as prefix.  Please use the change_names command to make the correct changes before invoking the verilog writer.  (VO-11)
Warning: Verilog writer has added 1 nets to module fp16_add_50 using SYNOPSYS_UNCONNECTED_ as prefix.  Please use the change_names command to make the correct changes before invoking the verilog writer.  (VO-11)
Warning: Verilog writer has added 1 nets to module fp16_add_49 using SYNOPSYS_UNCONNECTED_ as prefix.  Please use the change_names command to make the correct changes before invoking the verilog writer.  (VO-11)
Warning: Verilog writer has added 1 nets to module fp16_add_48 using SYNOPSYS_UNCONNECTED_ as prefix.  Please use the change_names command to make the correct changes before invoking the verilog writer.  (VO-11)
Warning: Verilog writer has added 1 nets to module fp16_add_47 using SYNOPSYS_UNCONNECTED_ as prefix.  Please use the change_names command to make the correct changes before invoking the verilog writer.  (VO-11)
Warning: Verilog writer has added 1 nets to module fp16_add_46 using SYNOPSYS_UNCONNECTED_ as prefix.  Please use the change_names command to make the correct changes before invoking the verilog writer.  (VO-11)
Warning: Verilog writer has added 1 nets to module fp16_add_45 using SYNOPSYS_UNCONNECTED_ as prefix.  Please use the change_names command to make the correct changes before invoking the verilog writer.  (VO-11)
Warning: Verilog writer has added 1 nets to module fp16_add_44 using SYNOPSYS_UNCONNECTED_ as prefix.  Please use the change_names command to make the correct changes before invoking the verilog writer.  (VO-11)
Warning: Verilog writer has added 1 nets to module fp16_add_43 using SYNOPSYS_UNCONNECTED_ as prefix.  Please use the change_names command to make the correct changes before invoking the verilog writer.  (VO-11)
Warning: Verilog writer has added 1 nets to module fp16_add_42 using SYNOPSYS_UNCONNECTED_ as prefix.  Please use the change_names command to make the correct changes before invoking the verilog writer.  (VO-11)
Warning: Verilog writer has added 1 nets to module fp16_add_41 using SYNOPSYS_UNCONNECTED_ as prefix.  Please use the change_names command to make the correct changes before invoking the verilog writer.  (VO-11)
Warning: Verilog writer has added 1 nets to module fp16_add_40 using SYNOPSYS_UNCONNECTED_ as prefix.  Please use the change_names command to make the correct changes before invoking the verilog writer.  (VO-11)
Warning: Verilog writer has added 1 nets to module fp16_add_39 using SYNOPSYS_UNCONNECTED_ as prefix.  Please use the change_names command to make the correct changes before invoking the verilog writer.  (VO-11)
Warning: Verilog writer has added 1 nets to module fp16_add_38 using SYNOPSYS_UNCONNECTED_ as prefix.  Please use the change_names command to make the correct changes before invoking the verilog writer.  (VO-11)
Warning: Verilog writer has added 1 nets to module fp16_add_37 using SYNOPSYS_UNCONNECTED_ as prefix.  Please use the change_names command to make the correct changes before invoking the verilog writer.  (VO-11)
Warning: Verilog writer has added 1 nets to module fp16_add_36 using SYNOPSYS_UNCONNECTED_ as prefix.  Please use the change_names command to make the correct changes before invoking the verilog writer.  (VO-11)
Warning: Verilog writer has added 1 nets to module fp16_add_35 using SYNOPSYS_UNCONNECTED_ as prefix.  Please use the change_names command to make the correct changes before invoking the verilog writer.  (VO-11)
Warning: Verilog writer has added 1 nets to module fp16_add_34 using SYNOPSYS_UNCONNECTED_ as prefix.  Please use the change_names command to make the correct changes before invoking the verilog writer.  (VO-11)
Warning: Verilog writer has added 1 nets to module fp16_add_33 using SYNOPSYS_UNCONNECTED_ as prefix.  Please use the change_names command to make the correct changes before invoking the verilog writer.  (VO-11)
Warning: Verilog writer has added 1 nets to module fp16_add_32 using SYNOPSYS_UNCONNECTED_ as prefix.  Please use the change_names command to make the correct changes before invoking the verilog writer.  (VO-11)
Warning: Verilog writer has added 1 nets to module fp16_add_31 using SYNOPSYS_UNCONNECTED_ as prefix.  Please use the change_names command to make the correct changes before invoking the verilog writer.  (VO-11)
Warning: Verilog writer has added 1 nets to module fp16_add_30 using SYNOPSYS_UNCONNECTED_ as prefix.  Please use the change_names command to make the correct changes before invoking the verilog writer.  (VO-11)
Warning: Verilog writer has added 1 nets to module fp16_add_29 using SYNOPSYS_UNCONNECTED_ as prefix.  Please use the change_names command to make the correct changes before invoking the verilog writer.  (VO-11)
Warning: Verilog writer has added 1 nets to module fp16_add_28 using SYNOPSYS_UNCONNECTED_ as prefix.  Please use the change_names command to make the correct changes before invoking the verilog writer.  (VO-11)
Warning: Verilog writer has added 1 nets to module fp16_add_27 using SYNOPSYS_UNCONNECTED_ as prefix.  Please use the change_names command to make the correct changes before invoking the verilog writer.  (VO-11)
Warning: Verilog writer has added 1 nets to module fp16_add_26 using SYNOPSYS_UNCONNECTED_ as prefix.  Please use the change_names command to make the correct changes before invoking the verilog writer.  (VO-11)
Warning: Verilog writer has added 1 nets to module fp16_add_25 using SYNOPSYS_UNCONNECTED_ as prefix.  Please use the change_names command to make the correct changes before invoking the verilog writer.  (VO-11)
Warning: Verilog writer has added 1 nets to module fp16_add_24 using SYNOPSYS_UNCONNECTED_ as prefix.  Please use the change_names command to make the correct changes before invoking the verilog writer.  (VO-11)
Warning: Verilog writer has added 1 nets to module fp16_add_23 using SYNOPSYS_UNCONNECTED_ as prefix.  Please use the change_names command to make the correct changes before invoking the verilog writer.  (VO-11)
Warning: Verilog writer has added 1 nets to module fp16_add_22 using SYNOPSYS_UNCONNECTED_ as prefix.  Please use the change_names command to make the correct changes before invoking the verilog writer.  (VO-11)
Warning: Verilog writer has added 1 nets to module fp16_add_21 using SYNOPSYS_UNCONNECTED_ as prefix.  Please use the change_names command to make the correct changes before invoking the verilog writer.  (VO-11)
Warning: Verilog writer has added 1 nets to module fp16_add_20 using SYNOPSYS_UNCONNECTED_ as prefix.  Please use the change_names command to make the correct changes before invoking the verilog writer.  (VO-11)
Warning: Verilog writer has added 1 nets to module fp16_add_19 using SYNOPSYS_UNCONNECTED_ as prefix.  Please use the change_names command to make the correct changes before invoking the verilog writer.  (VO-11)
Warning: Verilog writer has added 1 nets to module fp16_add_18 using SYNOPSYS_UNCONNECTED_ as prefix.  Please use the change_names command to make the correct changes before invoking the verilog writer.  (VO-11)
Warning: Verilog writer has added 1 nets to module fp16_add_17 using SYNOPSYS_UNCONNECTED_ as prefix.  Please use the change_names command to make the correct changes before invoking the verilog writer.  (VO-11)
Warning: Verilog writer has added 1 nets to module fp16_add_16 using SYNOPSYS_UNCONNECTED_ as prefix.  Please use the change_names command to make the correct changes before invoking the verilog writer.  (VO-11)
Warning: Verilog writer has added 1 nets to module fp16_add_15 using SYNOPSYS_UNCONNECTED_ as prefix.  Please use the change_names command to make the correct changes before invoking the verilog writer.  (VO-11)
Warning: Verilog writer has added 1 nets to module fp16_add_14 using SYNOPSYS_UNCONNECTED_ as prefix.  Please use the change_names command to make the correct changes before invoking the verilog writer.  (VO-11)
Warning: Verilog writer has added 1 nets to module fp16_add_13 using SYNOPSYS_UNCONNECTED_ as prefix.  Please use the change_names command to make the correct changes before invoking the verilog writer.  (VO-11)
Warning: Verilog writer has added 1 nets to module fp16_add_12 using SYNOPSYS_UNCONNECTED_ as prefix.  Please use the change_names command to make the correct changes before invoking the verilog writer.  (VO-11)
Warning: Verilog writer has added 1 nets to module fp16_add_11 using SYNOPSYS_UNCONNECTED_ as prefix.  Please use the change_names command to make the correct changes before invoking the verilog writer.  (VO-11)
Warning: Verilog writer has added 1 nets to module fp16_add_10 using SYNOPSYS_UNCONNECTED_ as prefix.  Please use the change_names command to make the correct changes before invoking the verilog writer.  (VO-11)
Warning: Verilog writer has added 1 nets to module fp16_add_9 using SYNOPSYS_UNCONNECTED_ as prefix.  Please use the change_names command to make the correct changes before invoking the verilog writer.  (VO-11)
Warning: Verilog writer has added 1 nets to module fp16_add_8 using SYNOPSYS_UNCONNECTED_ as prefix.  Please use the change_names command to make the correct changes before invoking the verilog writer.  (VO-11)
Warning: Verilog writer has added 1 nets to module fp16_add_7 using SYNOPSYS_UNCONNECTED_ as prefix.  Please use the change_names command to make the correct changes before invoking the verilog writer.  (VO-11)
Warning: Verilog writer has added 1 nets to module fp16_add_6 using SYNOPSYS_UNCONNECTED_ as prefix.  Please use the change_names command to make the correct changes before invoking the verilog writer.  (VO-11)
Warning: Verilog writer has added 1 nets to module fp16_add_5 using SYNOPSYS_UNCONNECTED_ as prefix.  Please use the change_names command to make the correct changes before invoking the verilog writer.  (VO-11)
Warning: Verilog writer has added 1 nets to module fp16_add_4 using SYNOPSYS_UNCONNECTED_ as prefix.  Please use the change_names command to make the correct changes before invoking the verilog writer.  (VO-11)
Warning: Verilog writer has added 1 nets to module fp16_add_3 using SYNOPSYS_UNCONNECTED_ as prefix.  Please use the change_names command to make the correct changes before invoking the verilog writer.  (VO-11)
Warning: Verilog writer has added 1 nets to module fp16_add_2 using SYNOPSYS_UNCONNECTED_ as prefix.  Please use the change_names command to make the correct changes before invoking the verilog writer.  (VO-11)
Warning: Verilog writer has added 1 nets to module fp16_add_1 using SYNOPSYS_UNCONNECTED_ as prefix.  Please use the change_names command to make the correct changes before invoking the verilog writer.  (VO-11)
Warning: Verilog writer has added 1 nets to module bf16_add_32 using SYNOPSYS_UNCONNECTED_ as prefix.  Please use the change_names command to make the correct changes before invoking the verilog writer.  (VO-11)
Warning: Verilog writer has added 1 nets to module bf16_add_31 using SYNOPSYS_UNCONNECTED_ as prefix.  Please use the change_names command to make the correct changes before invoking the verilog writer.  (VO-11)
Warning: Verilog writer has added 1 nets to module bf16_mult_16 using SYNOPSYS_UNCONNECTED_ as prefix.  Please use the change_names command to make the correct changes before invoking the verilog writer.  (VO-11)
Warning: Verilog writer has added 1 nets to module bf16_mult_15 using SYNOPSYS_UNCONNECTED_ as prefix.  Please use the change_names command to make the correct changes before invoking the verilog writer.  (VO-11)
Warning: Verilog writer has added 1 nets to module bf16_add_30 using SYNOPSYS_UNCONNECTED_ as prefix.  Please use the change_names command to make the correct changes before invoking the verilog writer.  (VO-11)
Warning: Verilog writer has added 1 nets to module bf16_add_29 using SYNOPSYS_UNCONNECTED_ as prefix.  Please use the change_names command to make the correct changes before invoking the verilog writer.  (VO-11)
Warning: Verilog writer has added 1 nets to module bf16_mult_0 using SYNOPSYS_UNCONNECTED_ as prefix.  Please use the change_names command to make the correct changes before invoking the verilog writer.  (VO-11)
Warning: Verilog writer has added 1 nets to module bf16_mult_47 using SYNOPSYS_UNCONNECTED_ as prefix.  Please use the change_names command to make the correct changes before invoking the verilog writer.  (VO-11)
Warning: Verilog writer has added 1 nets to module bf16_mult_46 using SYNOPSYS_UNCONNECTED_ as prefix.  Please use the change_names command to make the correct changes before invoking the verilog writer.  (VO-11)
Warning: Verilog writer has added 1 nets to module bf16_mult_45 using SYNOPSYS_UNCONNECTED_ as prefix.  Please use the change_names command to make the correct changes before invoking the verilog writer.  (VO-11)
Warning: Verilog writer has added 1 nets to module bf16_add_0 using SYNOPSYS_UNCONNECTED_ as prefix.  Please use the change_names command to make the correct changes before invoking the verilog writer.  (VO-11)
Warning: Verilog writer has added 1 nets to module bf16_add_47 using SYNOPSYS_UNCONNECTED_ as prefix.  Please use the change_names command to make the correct changes before invoking the verilog writer.  (VO-11)
Warning: Verilog writer has added 1 nets to module bf16_add_28 using SYNOPSYS_UNCONNECTED_ as prefix.  Please use the change_names command to make the correct changes before invoking the verilog writer.  (VO-11)
Warning: Verilog writer has added 1 nets to module bf16_add_27 using SYNOPSYS_UNCONNECTED_ as prefix.  Please use the change_names command to make the correct changes before invoking the verilog writer.  (VO-11)
Warning: Verilog writer has added 1 nets to module bf16_mult_14 using SYNOPSYS_UNCONNECTED_ as prefix.  Please use the change_names command to make the correct changes before invoking the verilog writer.  (VO-11)
Warning: Verilog writer has added 1 nets to module bf16_mult_13 using SYNOPSYS_UNCONNECTED_ as prefix.  Please use the change_names command to make the correct changes before invoking the verilog writer.  (VO-11)
Warning: Verilog writer has added 1 nets to module bf16_add_26 using SYNOPSYS_UNCONNECTED_ as prefix.  Please use the change_names command to make the correct changes before invoking the verilog writer.  (VO-11)
Warning: Verilog writer has added 1 nets to module bf16_add_25 using SYNOPSYS_UNCONNECTED_ as prefix.  Please use the change_names command to make the correct changes before invoking the verilog writer.  (VO-11)
Warning: Verilog writer has added 1 nets to module bf16_mult_44 using SYNOPSYS_UNCONNECTED_ as prefix.  Please use the change_names command to make the correct changes before invoking the verilog writer.  (VO-11)
Warning: Verilog writer has added 1 nets to module bf16_mult_43 using SYNOPSYS_UNCONNECTED_ as prefix.  Please use the change_names command to make the correct changes before invoking the verilog writer.  (VO-11)
Warning: Verilog writer has added 1 nets to module bf16_mult_42 using SYNOPSYS_UNCONNECTED_ as prefix.  Please use the change_names command to make the correct changes before invoking the verilog writer.  (VO-11)
Warning: Verilog writer has added 1 nets to module bf16_mult_41 using SYNOPSYS_UNCONNECTED_ as prefix.  Please use the change_names command to make the correct changes before invoking the verilog writer.  (VO-11)
Warning: Verilog writer has added 1 nets to module bf16_add_46 using SYNOPSYS_UNCONNECTED_ as prefix.  Please use the change_names command to make the correct changes before invoking the verilog writer.  (VO-11)
Warning: Verilog writer has added 1 nets to module bf16_add_45 using SYNOPSYS_UNCONNECTED_ as prefix.  Please use the change_names command to make the correct changes before invoking the verilog writer.  (VO-11)
Warning: Verilog writer has added 1 nets to module bf16_add_24 using SYNOPSYS_UNCONNECTED_ as prefix.  Please use the change_names command to make the correct changes before invoking the verilog writer.  (VO-11)
Warning: Verilog writer has added 1 nets to module bf16_add_23 using SYNOPSYS_UNCONNECTED_ as prefix.  Please use the change_names command to make the correct changes before invoking the verilog writer.  (VO-11)
Warning: Verilog writer has added 1 nets to module bf16_mult_12 using SYNOPSYS_UNCONNECTED_ as prefix.  Please use the change_names command to make the correct changes before invoking the verilog writer.  (VO-11)
Warning: Verilog writer has added 1 nets to module bf16_mult_11 using SYNOPSYS_UNCONNECTED_ as prefix.  Please use the change_names command to make the correct changes before invoking the verilog writer.  (VO-11)
Warning: Verilog writer has added 1 nets to module bf16_add_22 using SYNOPSYS_UNCONNECTED_ as prefix.  Please use the change_names command to make the correct changes before invoking the verilog writer.  (VO-11)
Warning: Verilog writer has added 1 nets to module bf16_add_21 using SYNOPSYS_UNCONNECTED_ as prefix.  Please use the change_names command to make the correct changes before invoking the verilog writer.  (VO-11)
Warning: Verilog writer has added 1 nets to module bf16_mult_40 using SYNOPSYS_UNCONNECTED_ as prefix.  Please use the change_names command to make the correct changes before invoking the verilog writer.  (VO-11)
Warning: Verilog writer has added 1 nets to module bf16_mult_39 using SYNOPSYS_UNCONNECTED_ as prefix.  Please use the change_names command to make the correct changes before invoking the verilog writer.  (VO-11)
Warning: Verilog writer has added 1 nets to module bf16_mult_38 using SYNOPSYS_UNCONNECTED_ as prefix.  Please use the change_names command to make the correct changes before invoking the verilog writer.  (VO-11)
Warning: Verilog writer has added 1 nets to module bf16_mult_37 using SYNOPSYS_UNCONNECTED_ as prefix.  Please use the change_names command to make the correct changes before invoking the verilog writer.  (VO-11)
Warning: Verilog writer has added 1 nets to module bf16_add_44 using SYNOPSYS_UNCONNECTED_ as prefix.  Please use the change_names command to make the correct changes before invoking the verilog writer.  (VO-11)
Warning: Verilog writer has added 1 nets to module bf16_add_43 using SYNOPSYS_UNCONNECTED_ as prefix.  Please use the change_names command to make the correct changes before invoking the verilog writer.  (VO-11)
Warning: Verilog writer has added 1 nets to module bf16_add_20 using SYNOPSYS_UNCONNECTED_ as prefix.  Please use the change_names command to make the correct changes before invoking the verilog writer.  (VO-11)
Warning: Verilog writer has added 1 nets to module bf16_add_19 using SYNOPSYS_UNCONNECTED_ as prefix.  Please use the change_names command to make the correct changes before invoking the verilog writer.  (VO-11)
Warning: Verilog writer has added 1 nets to module bf16_mult_10 using SYNOPSYS_UNCONNECTED_ as prefix.  Please use the change_names command to make the correct changes before invoking the verilog writer.  (VO-11)
Warning: Verilog writer has added 1 nets to module bf16_mult_9 using SYNOPSYS_UNCONNECTED_ as prefix.  Please use the change_names command to make the correct changes before invoking the verilog writer.  (VO-11)
Warning: Verilog writer has added 1 nets to module bf16_add_18 using SYNOPSYS_UNCONNECTED_ as prefix.  Please use the change_names command to make the correct changes before invoking the verilog writer.  (VO-11)
Warning: Verilog writer has added 1 nets to module bf16_add_17 using SYNOPSYS_UNCONNECTED_ as prefix.  Please use the change_names command to make the correct changes before invoking the verilog writer.  (VO-11)
Warning: Verilog writer has added 1 nets to module bf16_mult_36 using SYNOPSYS_UNCONNECTED_ as prefix.  Please use the change_names command to make the correct changes before invoking the verilog writer.  (VO-11)
Warning: Verilog writer has added 1 nets to module bf16_mult_35 using SYNOPSYS_UNCONNECTED_ as prefix.  Please use the change_names command to make the correct changes before invoking the verilog writer.  (VO-11)
Warning: Verilog writer has added 1 nets to module bf16_mult_34 using SYNOPSYS_UNCONNECTED_ as prefix.  Please use the change_names command to make the correct changes before invoking the verilog writer.  (VO-11)
Warning: Verilog writer has added 1 nets to module bf16_mult_33 using SYNOPSYS_UNCONNECTED_ as prefix.  Please use the change_names command to make the correct changes before invoking the verilog writer.  (VO-11)
Warning: Verilog writer has added 1 nets to module bf16_add_42 using SYNOPSYS_UNCONNECTED_ as prefix.  Please use the change_names command to make the correct changes before invoking the verilog writer.  (VO-11)
Warning: Verilog writer has added 1 nets to module bf16_add_41 using SYNOPSYS_UNCONNECTED_ as prefix.  Please use the change_names command to make the correct changes before invoking the verilog writer.  (VO-11)
Warning: Verilog writer has added 1 nets to module bf16_add_16 using SYNOPSYS_UNCONNECTED_ as prefix.  Please use the change_names command to make the correct changes before invoking the verilog writer.  (VO-11)
Warning: Verilog writer has added 1 nets to module bf16_add_15 using SYNOPSYS_UNCONNECTED_ as prefix.  Please use the change_names command to make the correct changes before invoking the verilog writer.  (VO-11)
Warning: Verilog writer has added 1 nets to module bf16_mult_8 using SYNOPSYS_UNCONNECTED_ as prefix.  Please use the change_names command to make the correct changes before invoking the verilog writer.  (VO-11)
Warning: Verilog writer has added 1 nets to module bf16_mult_7 using SYNOPSYS_UNCONNECTED_ as prefix.  Please use the change_names command to make the correct changes before invoking the verilog writer.  (VO-11)
Warning: Verilog writer has added 1 nets to module bf16_add_14 using SYNOPSYS_UNCONNECTED_ as prefix.  Please use the change_names command to make the correct changes before invoking the verilog writer.  (VO-11)
Warning: Verilog writer has added 1 nets to module bf16_add_13 using SYNOPSYS_UNCONNECTED_ as prefix.  Please use the change_names command to make the correct changes before invoking the verilog writer.  (VO-11)
Warning: Verilog writer has added 1 nets to module bf16_mult_32 using SYNOPSYS_UNCONNECTED_ as prefix.  Please use the change_names command to make the correct changes before invoking the verilog writer.  (VO-11)
Warning: Verilog writer has added 1 nets to module bf16_mult_31 using SYNOPSYS_UNCONNECTED_ as prefix.  Please use the change_names command to make the correct changes before invoking the verilog writer.  (VO-11)
Warning: Verilog writer has added 1 nets to module bf16_mult_30 using SYNOPSYS_UNCONNECTED_ as prefix.  Please use the change_names command to make the correct changes before invoking the verilog writer.  (VO-11)
Warning: Verilog writer has added 1 nets to module bf16_mult_29 using SYNOPSYS_UNCONNECTED_ as prefix.  Please use the change_names command to make the correct changes before invoking the verilog writer.  (VO-11)
Warning: Verilog writer has added 1 nets to module bf16_add_40 using SYNOPSYS_UNCONNECTED_ as prefix.  Please use the change_names command to make the correct changes before invoking the verilog writer.  (VO-11)
Warning: Verilog writer has added 1 nets to module bf16_add_39 using SYNOPSYS_UNCONNECTED_ as prefix.  Please use the change_names command to make the correct changes before invoking the verilog writer.  (VO-11)
Warning: Verilog writer has added 1 nets to module bf16_add_12 using SYNOPSYS_UNCONNECTED_ as prefix.  Please use the change_names command to make the correct changes before invoking the verilog writer.  (VO-11)
Warning: Verilog writer has added 1 nets to module bf16_add_11 using SYNOPSYS_UNCONNECTED_ as prefix.  Please use the change_names command to make the correct changes before invoking the verilog writer.  (VO-11)
Warning: Verilog writer has added 1 nets to module bf16_mult_6 using SYNOPSYS_UNCONNECTED_ as prefix.  Please use the change_names command to make the correct changes before invoking the verilog writer.  (VO-11)
Warning: Verilog writer has added 1 nets to module bf16_mult_5 using SYNOPSYS_UNCONNECTED_ as prefix.  Please use the change_names command to make the correct changes before invoking the verilog writer.  (VO-11)
Warning: Verilog writer has added 1 nets to module bf16_add_10 using SYNOPSYS_UNCONNECTED_ as prefix.  Please use the change_names command to make the correct changes before invoking the verilog writer.  (VO-11)
Warning: Verilog writer has added 1 nets to module bf16_add_9 using SYNOPSYS_UNCONNECTED_ as prefix.  Please use the change_names command to make the correct changes before invoking the verilog writer.  (VO-11)
Warning: Verilog writer has added 1 nets to module bf16_mult_28 using SYNOPSYS_UNCONNECTED_ as prefix.  Please use the change_names command to make the correct changes before invoking the verilog writer.  (VO-11)
Warning: Verilog writer has added 1 nets to module bf16_mult_27 using SYNOPSYS_UNCONNECTED_ as prefix.  Please use the change_names command to make the correct changes before invoking the verilog writer.  (VO-11)
Warning: Verilog writer has added 1 nets to module bf16_mult_26 using SYNOPSYS_UNCONNECTED_ as prefix.  Please use the change_names command to make the correct changes before invoking the verilog writer.  (VO-11)
Warning: Verilog writer has added 1 nets to module bf16_mult_25 using SYNOPSYS_UNCONNECTED_ as prefix.  Please use the change_names command to make the correct changes before invoking the verilog writer.  (VO-11)
Warning: Verilog writer has added 1 nets to module bf16_add_38 using SYNOPSYS_UNCONNECTED_ as prefix.  Please use the change_names command to make the correct changes before invoking the verilog writer.  (VO-11)
Warning: Verilog writer has added 1 nets to module bf16_add_37 using SYNOPSYS_UNCONNECTED_ as prefix.  Please use the change_names command to make the correct changes before invoking the verilog writer.  (VO-11)
Warning: Verilog writer has added 1 nets to module bf16_add_8 using SYNOPSYS_UNCONNECTED_ as prefix.  Please use the change_names command to make the correct changes before invoking the verilog writer.  (VO-11)
Warning: Verilog writer has added 1 nets to module bf16_add_7 using SYNOPSYS_UNCONNECTED_ as prefix.  Please use the change_names command to make the correct changes before invoking the verilog writer.  (VO-11)
Warning: Verilog writer has added 1 nets to module bf16_mult_4 using SYNOPSYS_UNCONNECTED_ as prefix.  Please use the change_names command to make the correct changes before invoking the verilog writer.  (VO-11)
Warning: Verilog writer has added 1 nets to module bf16_mult_3 using SYNOPSYS_UNCONNECTED_ as prefix.  Please use the change_names command to make the correct changes before invoking the verilog writer.  (VO-11)
Warning: Verilog writer has added 1 nets to module bf16_add_6 using SYNOPSYS_UNCONNECTED_ as prefix.  Please use the change_names command to make the correct changes before invoking the verilog writer.  (VO-11)
Warning: Verilog writer has added 1 nets to module bf16_add_5 using SYNOPSYS_UNCONNECTED_ as prefix.  Please use the change_names command to make the correct changes before invoking the verilog writer.  (VO-11)
Warning: Verilog writer has added 1 nets to module bf16_mult_24 using SYNOPSYS_UNCONNECTED_ as prefix.  Please use the change_names command to make the correct changes before invoking the verilog writer.  (VO-11)
Warning: Verilog writer has added 1 nets to module bf16_mult_23 using SYNOPSYS_UNCONNECTED_ as prefix.  Please use the change_names command to make the correct changes before invoking the verilog writer.  (VO-11)
Warning: Verilog writer has added 1 nets to module bf16_mult_22 using SYNOPSYS_UNCONNECTED_ as prefix.  Please use the change_names command to make the correct changes before invoking the verilog writer.  (VO-11)
Warning: Verilog writer has added 1 nets to module bf16_mult_21 using SYNOPSYS_UNCONNECTED_ as prefix.  Please use the change_names command to make the correct changes before invoking the verilog writer.  (VO-11)
Warning: Verilog writer has added 1 nets to module bf16_add_36 using SYNOPSYS_UNCONNECTED_ as prefix.  Please use the change_names command to make the correct changes before invoking the verilog writer.  (VO-11)
Warning: Verilog writer has added 1 nets to module bf16_add_35 using SYNOPSYS_UNCONNECTED_ as prefix.  Please use the change_names command to make the correct changes before invoking the verilog writer.  (VO-11)
Warning: Verilog writer has added 1 nets to module bf16_add_4 using SYNOPSYS_UNCONNECTED_ as prefix.  Please use the change_names command to make the correct changes before invoking the verilog writer.  (VO-11)
Warning: Verilog writer has added 1 nets to module bf16_add_3 using SYNOPSYS_UNCONNECTED_ as prefix.  Please use the change_names command to make the correct changes before invoking the verilog writer.  (VO-11)
Warning: Verilog writer has added 1 nets to module bf16_mult_2 using SYNOPSYS_UNCONNECTED_ as prefix.  Please use the change_names command to make the correct changes before invoking the verilog writer.  (VO-11)
Warning: Verilog writer has added 1 nets to module bf16_mult_1 using SYNOPSYS_UNCONNECTED_ as prefix.  Please use the change_names command to make the correct changes before invoking the verilog writer.  (VO-11)
Warning: Verilog writer has added 1 nets to module bf16_add_2 using SYNOPSYS_UNCONNECTED_ as prefix.  Please use the change_names command to make the correct changes before invoking the verilog writer.  (VO-11)
Warning: Verilog writer has added 1 nets to module bf16_add_1 using SYNOPSYS_UNCONNECTED_ as prefix.  Please use the change_names command to make the correct changes before invoking the verilog writer.  (VO-11)
Warning: Verilog writer has added 1 nets to module bf16_mult_20 using SYNOPSYS_UNCONNECTED_ as prefix.  Please use the change_names command to make the correct changes before invoking the verilog writer.  (VO-11)
Warning: Verilog writer has added 1 nets to module bf16_mult_19 using SYNOPSYS_UNCONNECTED_ as prefix.  Please use the change_names command to make the correct changes before invoking the verilog writer.  (VO-11)
Warning: Verilog writer has added 1 nets to module bf16_mult_18 using SYNOPSYS_UNCONNECTED_ as prefix.  Please use the change_names command to make the correct changes before invoking the verilog writer.  (VO-11)
Warning: Verilog writer has added 1 nets to module bf16_mult_17 using SYNOPSYS_UNCONNECTED_ as prefix.  Please use the change_names command to make the correct changes before invoking the verilog writer.  (VO-11)
Warning: Verilog writer has added 1 nets to module bf16_add_34 using SYNOPSYS_UNCONNECTED_ as prefix.  Please use the change_names command to make the correct changes before invoking the verilog writer.  (VO-11)
Warning: Verilog writer has added 1 nets to module bf16_add_33 using SYNOPSYS_UNCONNECTED_ as prefix.  Please use the change_names command to make the correct changes before invoking the verilog writer.  (VO-11)
Warning: Verilog writer has added 4 nets to module fp32_add_0 using SYNOPSYS_UNCONNECTED_ as prefix.  Please use the change_names command to make the correct changes before invoking the verilog writer.  (VO-11)
Warning: Verilog writer has added 15 nets to module fp32_exp_0_DW02_mult_1_DW02_mult_161 using SYNOPSYS_UNCONNECTED_ as prefix.  Please use the change_names command to make the correct changes before invoking the verilog writer.  (VO-11)
Warning: Verilog writer has added 21 nets to module fp32_exp_0_DW02_mult_0_DW02_mult_17 using SYNOPSYS_UNCONNECTED_ as prefix.  Please use the change_names command to make the correct changes before invoking the verilog writer.  (VO-11)
Warning: Verilog writer has added 40 nets to module fp32_exp_0 using SYNOPSYS_UNCONNECTED_ as prefix.  Please use the change_names command to make the correct changes before invoking the verilog writer.  (VO-11)
Warning: Verilog writer has added 1 nets to module fp32_mul_0 using SYNOPSYS_UNCONNECTED_ as prefix.  Please use the change_names command to make the correct changes before invoking the verilog writer.  (VO-11)
Warning: Verilog writer has added 4 nets to module fp32_add_31 using SYNOPSYS_UNCONNECTED_ as prefix.  Please use the change_names command to make the correct changes before invoking the verilog writer.  (VO-11)
Warning: Verilog writer has added 15 nets to module fp32_exp_15_DW02_mult_1_DW02_mult_160 using SYNOPSYS_UNCONNECTED_ as prefix.  Please use the change_names command to make the correct changes before invoking the verilog writer.  (VO-11)
Warning: Verilog writer has added 21 nets to module fp32_exp_15_DW02_mult_0_DW02_mult_16 using SYNOPSYS_UNCONNECTED_ as prefix.  Please use the change_names command to make the correct changes before invoking the verilog writer.  (VO-11)
Warning: Verilog writer has added 40 nets to module fp32_exp_15 using SYNOPSYS_UNCONNECTED_ as prefix.  Please use the change_names command to make the correct changes before invoking the verilog writer.  (VO-11)
Warning: Verilog writer has added 1 nets to module fp32_mul_15 using SYNOPSYS_UNCONNECTED_ as prefix.  Please use the change_names command to make the correct changes before invoking the verilog writer.  (VO-11)
Warning: Verilog writer has added 4 nets to module fp32_add_30 using SYNOPSYS_UNCONNECTED_ as prefix.  Please use the change_names command to make the correct changes before invoking the verilog writer.  (VO-11)
Warning: Verilog writer has added 15 nets to module fp32_exp_14_DW02_mult_1_DW02_mult_159 using SYNOPSYS_UNCONNECTED_ as prefix.  Please use the change_names command to make the correct changes before invoking the verilog writer.  (VO-11)
Warning: Verilog writer has added 21 nets to module fp32_exp_14_DW02_mult_0_DW02_mult_15 using SYNOPSYS_UNCONNECTED_ as prefix.  Please use the change_names command to make the correct changes before invoking the verilog writer.  (VO-11)
Warning: Verilog writer has added 40 nets to module fp32_exp_14 using SYNOPSYS_UNCONNECTED_ as prefix.  Please use the change_names command to make the correct changes before invoking the verilog writer.  (VO-11)
Warning: Verilog writer has added 1 nets to module fp32_mul_14 using SYNOPSYS_UNCONNECTED_ as prefix.  Please use the change_names command to make the correct changes before invoking the verilog writer.  (VO-11)
Warning: Verilog writer has added 4 nets to module fp32_add_29 using SYNOPSYS_UNCONNECTED_ as prefix.  Please use the change_names command to make the correct changes before invoking the verilog writer.  (VO-11)
Warning: Verilog writer has added 15 nets to module fp32_exp_13_DW02_mult_1_DW02_mult_158 using SYNOPSYS_UNCONNECTED_ as prefix.  Please use the change_names command to make the correct changes before invoking the verilog writer.  (VO-11)
Warning: Verilog writer has added 21 nets to module fp32_exp_13_DW02_mult_0_DW02_mult_14 using SYNOPSYS_UNCONNECTED_ as prefix.  Please use the change_names command to make the correct changes before invoking the verilog writer.  (VO-11)
Warning: Verilog writer has added 40 nets to module fp32_exp_13 using SYNOPSYS_UNCONNECTED_ as prefix.  Please use the change_names command to make the correct changes before invoking the verilog writer.  (VO-11)
Warning: Verilog writer has added 1 nets to module fp32_mul_13 using SYNOPSYS_UNCONNECTED_ as prefix.  Please use the change_names command to make the correct changes before invoking the verilog writer.  (VO-11)
Warning: Verilog writer has added 4 nets to module fp32_add_28 using SYNOPSYS_UNCONNECTED_ as prefix.  Please use the change_names command to make the correct changes before invoking the verilog writer.  (VO-11)
Warning: Verilog writer has added 15 nets to module fp32_exp_12_DW02_mult_1_DW02_mult_157 using SYNOPSYS_UNCONNECTED_ as prefix.  Please use the change_names command to make the correct changes before invoking the verilog writer.  (VO-11)
Warning: Verilog writer has added 21 nets to module fp32_exp_12_DW02_mult_0_DW02_mult_13 using SYNOPSYS_UNCONNECTED_ as prefix.  Please use the change_names command to make the correct changes before invoking the verilog writer.  (VO-11)
Warning: Verilog writer has added 40 nets to module fp32_exp_12 using SYNOPSYS_UNCONNECTED_ as prefix.  Please use the change_names command to make the correct changes before invoking the verilog writer.  (VO-11)
Warning: Verilog writer has added 1 nets to module fp32_mul_12 using SYNOPSYS_UNCONNECTED_ as prefix.  Please use the change_names command to make the correct changes before invoking the verilog writer.  (VO-11)
Warning: Verilog writer has added 4 nets to module fp32_add_27 using SYNOPSYS_UNCONNECTED_ as prefix.  Please use the change_names command to make the correct changes before invoking the verilog writer.  (VO-11)
Warning: Verilog writer has added 15 nets to module fp32_exp_11_DW02_mult_1_DW02_mult_156 using SYNOPSYS_UNCONNECTED_ as prefix.  Please use the change_names command to make the correct changes before invoking the verilog writer.  (VO-11)
Warning: Verilog writer has added 21 nets to module fp32_exp_11_DW02_mult_0_DW02_mult_12 using SYNOPSYS_UNCONNECTED_ as prefix.  Please use the change_names command to make the correct changes before invoking the verilog writer.  (VO-11)
Warning: Verilog writer has added 40 nets to module fp32_exp_11 using SYNOPSYS_UNCONNECTED_ as prefix.  Please use the change_names command to make the correct changes before invoking the verilog writer.  (VO-11)
Warning: Verilog writer has added 1 nets to module fp32_mul_11 using SYNOPSYS_UNCONNECTED_ as prefix.  Please use the change_names command to make the correct changes before invoking the verilog writer.  (VO-11)
Warning: Verilog writer has added 4 nets to module fp32_add_26 using SYNOPSYS_UNCONNECTED_ as prefix.  Please use the change_names command to make the correct changes before invoking the verilog writer.  (VO-11)
Warning: Verilog writer has added 15 nets to module fp32_exp_10_DW02_mult_1_DW02_mult_155 using SYNOPSYS_UNCONNECTED_ as prefix.  Please use the change_names command to make the correct changes before invoking the verilog writer.  (VO-11)
Warning: Verilog writer has added 21 nets to module fp32_exp_10_DW02_mult_0_DW02_mult_11 using SYNOPSYS_UNCONNECTED_ as prefix.  Please use the change_names command to make the correct changes before invoking the verilog writer.  (VO-11)
Warning: Verilog writer has added 40 nets to module fp32_exp_10 using SYNOPSYS_UNCONNECTED_ as prefix.  Please use the change_names command to make the correct changes before invoking the verilog writer.  (VO-11)
Warning: Verilog writer has added 1 nets to module fp32_mul_10 using SYNOPSYS_UNCONNECTED_ as prefix.  Please use the change_names command to make the correct changes before invoking the verilog writer.  (VO-11)
Warning: Verilog writer has added 4 nets to module fp32_add_25 using SYNOPSYS_UNCONNECTED_ as prefix.  Please use the change_names command to make the correct changes before invoking the verilog writer.  (VO-11)
Warning: Verilog writer has added 15 nets to module fp32_exp_9_DW02_mult_1_DW02_mult_154 using SYNOPSYS_UNCONNECTED_ as prefix.  Please use the change_names command to make the correct changes before invoking the verilog writer.  (VO-11)
Warning: Verilog writer has added 21 nets to module fp32_exp_9_DW02_mult_0_DW02_mult_10 using SYNOPSYS_UNCONNECTED_ as prefix.  Please use the change_names command to make the correct changes before invoking the verilog writer.  (VO-11)
Warning: Verilog writer has added 40 nets to module fp32_exp_9 using SYNOPSYS_UNCONNECTED_ as prefix.  Please use the change_names command to make the correct changes before invoking the verilog writer.  (VO-11)
Warning: Verilog writer has added 1 nets to module fp32_mul_9 using SYNOPSYS_UNCONNECTED_ as prefix.  Please use the change_names command to make the correct changes before invoking the verilog writer.  (VO-11)
Warning: Verilog writer has added 4 nets to module fp32_add_24 using SYNOPSYS_UNCONNECTED_ as prefix.  Please use the change_names command to make the correct changes before invoking the verilog writer.  (VO-11)
Warning: Verilog writer has added 15 nets to module fp32_exp_8_DW02_mult_1_DW02_mult_153 using SYNOPSYS_UNCONNECTED_ as prefix.  Please use the change_names command to make the correct changes before invoking the verilog writer.  (VO-11)
Warning: Verilog writer has added 21 nets to module fp32_exp_8_DW02_mult_0_DW02_mult_9 using SYNOPSYS_UNCONNECTED_ as prefix.  Please use the change_names command to make the correct changes before invoking the verilog writer.  (VO-11)
Warning: Verilog writer has added 40 nets to module fp32_exp_8 using SYNOPSYS_UNCONNECTED_ as prefix.  Please use the change_names command to make the correct changes before invoking the verilog writer.  (VO-11)
Warning: Verilog writer has added 1 nets to module fp32_mul_8 using SYNOPSYS_UNCONNECTED_ as prefix.  Please use the change_names command to make the correct changes before invoking the verilog writer.  (VO-11)
Warning: Verilog writer has added 4 nets to module fp32_add_23 using SYNOPSYS_UNCONNECTED_ as prefix.  Please use the change_names command to make the correct changes before invoking the verilog writer.  (VO-11)
Warning: Verilog writer has added 15 nets to module fp32_exp_7_DW02_mult_1_DW02_mult_152 using SYNOPSYS_UNCONNECTED_ as prefix.  Please use the change_names command to make the correct changes before invoking the verilog writer.  (VO-11)
Warning: Verilog writer has added 21 nets to module fp32_exp_7_DW02_mult_0_DW02_mult_8 using SYNOPSYS_UNCONNECTED_ as prefix.  Please use the change_names command to make the correct changes before invoking the verilog writer.  (VO-11)
Warning: Verilog writer has added 40 nets to module fp32_exp_7 using SYNOPSYS_UNCONNECTED_ as prefix.  Please use the change_names command to make the correct changes before invoking the verilog writer.  (VO-11)
Warning: Verilog writer has added 1 nets to module fp32_mul_7 using SYNOPSYS_UNCONNECTED_ as prefix.  Please use the change_names command to make the correct changes before invoking the verilog writer.  (VO-11)
Warning: Verilog writer has added 4 nets to module fp32_add_22 using SYNOPSYS_UNCONNECTED_ as prefix.  Please use the change_names command to make the correct changes before invoking the verilog writer.  (VO-11)
Warning: Verilog writer has added 15 nets to module fp32_exp_6_DW02_mult_1_DW02_mult_151 using SYNOPSYS_UNCONNECTED_ as prefix.  Please use the change_names command to make the correct changes before invoking the verilog writer.  (VO-11)
Warning: Verilog writer has added 21 nets to module fp32_exp_6_DW02_mult_0_DW02_mult_7 using SYNOPSYS_UNCONNECTED_ as prefix.  Please use the change_names command to make the correct changes before invoking the verilog writer.  (VO-11)
Warning: Verilog writer has added 40 nets to module fp32_exp_6 using SYNOPSYS_UNCONNECTED_ as prefix.  Please use the change_names command to make the correct changes before invoking the verilog writer.  (VO-11)
Warning: Verilog writer has added 1 nets to module fp32_mul_6 using SYNOPSYS_UNCONNECTED_ as prefix.  Please use the change_names command to make the correct changes before invoking the verilog writer.  (VO-11)
Warning: Verilog writer has added 4 nets to module fp32_add_21 using SYNOPSYS_UNCONNECTED_ as prefix.  Please use the change_names command to make the correct changes before invoking the verilog writer.  (VO-11)
Warning: Verilog writer has added 15 nets to module fp32_exp_5_DW02_mult_1_DW02_mult_150 using SYNOPSYS_UNCONNECTED_ as prefix.  Please use the change_names command to make the correct changes before invoking the verilog writer.  (VO-11)
Warning: Verilog writer has added 21 nets to module fp32_exp_5_DW02_mult_0_DW02_mult_6 using SYNOPSYS_UNCONNECTED_ as prefix.  Please use the change_names command to make the correct changes before invoking the verilog writer.  (VO-11)
Warning: Verilog writer has added 40 nets to module fp32_exp_5 using SYNOPSYS_UNCONNECTED_ as prefix.  Please use the change_names command to make the correct changes before invoking the verilog writer.  (VO-11)
Warning: Verilog writer has added 1 nets to module fp32_mul_5 using SYNOPSYS_UNCONNECTED_ as prefix.  Please use the change_names command to make the correct changes before invoking the verilog writer.  (VO-11)
Warning: Verilog writer has added 4 nets to module fp32_add_20 using SYNOPSYS_UNCONNECTED_ as prefix.  Please use the change_names command to make the correct changes before invoking the verilog writer.  (VO-11)
Warning: Verilog writer has added 15 nets to module fp32_exp_4_DW02_mult_1_DW02_mult_149 using SYNOPSYS_UNCONNECTED_ as prefix.  Please use the change_names command to make the correct changes before invoking the verilog writer.  (VO-11)
Warning: Verilog writer has added 21 nets to module fp32_exp_4_DW02_mult_0_DW02_mult_5 using SYNOPSYS_UNCONNECTED_ as prefix.  Please use the change_names command to make the correct changes before invoking the verilog writer.  (VO-11)
Warning: Verilog writer has added 40 nets to module fp32_exp_4 using SYNOPSYS_UNCONNECTED_ as prefix.  Please use the change_names command to make the correct changes before invoking the verilog writer.  (VO-11)
Warning: Verilog writer has added 1 nets to module fp32_mul_4 using SYNOPSYS_UNCONNECTED_ as prefix.  Please use the change_names command to make the correct changes before invoking the verilog writer.  (VO-11)
Warning: Verilog writer has added 4 nets to module fp32_add_19 using SYNOPSYS_UNCONNECTED_ as prefix.  Please use the change_names command to make the correct changes before invoking the verilog writer.  (VO-11)
Warning: Verilog writer has added 15 nets to module fp32_exp_3_DW02_mult_1_DW02_mult_148 using SYNOPSYS_UNCONNECTED_ as prefix.  Please use the change_names command to make the correct changes before invoking the verilog writer.  (VO-11)
Warning: Verilog writer has added 21 nets to module fp32_exp_3_DW02_mult_0_DW02_mult_4 using SYNOPSYS_UNCONNECTED_ as prefix.  Please use the change_names command to make the correct changes before invoking the verilog writer.  (VO-11)
Warning: Verilog writer has added 40 nets to module fp32_exp_3 using SYNOPSYS_UNCONNECTED_ as prefix.  Please use the change_names command to make the correct changes before invoking the verilog writer.  (VO-11)
Warning: Verilog writer has added 1 nets to module fp32_mul_3 using SYNOPSYS_UNCONNECTED_ as prefix.  Please use the change_names command to make the correct changes before invoking the verilog writer.  (VO-11)
Warning: Verilog writer has added 4 nets to module fp32_add_18 using SYNOPSYS_UNCONNECTED_ as prefix.  Please use the change_names command to make the correct changes before invoking the verilog writer.  (VO-11)
Warning: Verilog writer has added 15 nets to module fp32_exp_2_DW02_mult_1_DW02_mult_147 using SYNOPSYS_UNCONNECTED_ as prefix.  Please use the change_names command to make the correct changes before invoking the verilog writer.  (VO-11)
Warning: Verilog writer has added 21 nets to module fp32_exp_2_DW02_mult_0_DW02_mult_3 using SYNOPSYS_UNCONNECTED_ as prefix.  Please use the change_names command to make the correct changes before invoking the verilog writer.  (VO-11)
Warning: Verilog writer has added 40 nets to module fp32_exp_2 using SYNOPSYS_UNCONNECTED_ as prefix.  Please use the change_names command to make the correct changes before invoking the verilog writer.  (VO-11)
Warning: Verilog writer has added 1 nets to module fp32_mul_2 using SYNOPSYS_UNCONNECTED_ as prefix.  Please use the change_names command to make the correct changes before invoking the verilog writer.  (VO-11)
Warning: Verilog writer has added 4 nets to module fp32_add_17 using SYNOPSYS_UNCONNECTED_ as prefix.  Please use the change_names command to make the correct changes before invoking the verilog writer.  (VO-11)
Warning: Verilog writer has added 15 nets to module fp32_exp_1_DW02_mult_1_DW02_mult_146 using SYNOPSYS_UNCONNECTED_ as prefix.  Please use the change_names command to make the correct changes before invoking the verilog writer.  (VO-11)
Warning: Verilog writer has added 21 nets to module fp32_exp_1_DW02_mult_0_DW02_mult_2 using SYNOPSYS_UNCONNECTED_ as prefix.  Please use the change_names command to make the correct changes before invoking the verilog writer.  (VO-11)
Warning: Verilog writer has added 40 nets to module fp32_exp_1 using SYNOPSYS_UNCONNECTED_ as prefix.  Please use the change_names command to make the correct changes before invoking the verilog writer.  (VO-11)
Warning: Verilog writer has added 1 nets to module fp32_mul_1 using SYNOPSYS_UNCONNECTED_ as prefix.  Please use the change_names command to make the correct changes before invoking the verilog writer.  (VO-11)
Warning: Verilog writer has added 4 nets to module fp32_add_16 using SYNOPSYS_UNCONNECTED_ as prefix.  Please use the change_names command to make the correct changes before invoking the verilog writer.  (VO-11)
Warning: Verilog writer has added 4 nets to module fp32_add_15 using SYNOPSYS_UNCONNECTED_ as prefix.  Please use the change_names command to make the correct changes before invoking the verilog writer.  (VO-11)
Warning: Verilog writer has added 4 nets to module fp32_add_14 using SYNOPSYS_UNCONNECTED_ as prefix.  Please use the change_names command to make the correct changes before invoking the verilog writer.  (VO-11)
Warning: Verilog writer has added 4 nets to module fp32_add_13 using SYNOPSYS_UNCONNECTED_ as prefix.  Please use the change_names command to make the correct changes before invoking the verilog writer.  (VO-11)
Warning: Verilog writer has added 4 nets to module fp32_add_12 using SYNOPSYS_UNCONNECTED_ as prefix.  Please use the change_names command to make the correct changes before invoking the verilog writer.  (VO-11)
Warning: Verilog writer has added 4 nets to module fp32_add_11 using SYNOPSYS_UNCONNECTED_ as prefix.  Please use the change_names command to make the correct changes before invoking the verilog writer.  (VO-11)
Warning: Verilog writer has added 4 nets to module fp32_add_10 using SYNOPSYS_UNCONNECTED_ as prefix.  Please use the change_names command to make the correct changes before invoking the verilog writer.  (VO-11)
Warning: Verilog writer has added 4 nets to module fp32_add_9 using SYNOPSYS_UNCONNECTED_ as prefix.  Please use the change_names command to make the correct changes before invoking the verilog writer.  (VO-11)
Warning: Verilog writer has added 4 nets to module fp32_add_8 using SYNOPSYS_UNCONNECTED_ as prefix.  Please use the change_names command to make the correct changes before invoking the verilog writer.  (VO-11)
Warning: Verilog writer has added 4 nets to module fp32_add_7 using SYNOPSYS_UNCONNECTED_ as prefix.  Please use the change_names command to make the correct changes before invoking the verilog writer.  (VO-11)
Warning: Verilog writer has added 4 nets to module fp32_add_6 using SYNOPSYS_UNCONNECTED_ as prefix.  Please use the change_names command to make the correct changes before invoking the verilog writer.  (VO-11)
Warning: Verilog writer has added 4 nets to module fp32_add_5 using SYNOPSYS_UNCONNECTED_ as prefix.  Please use the change_names command to make the correct changes before invoking the verilog writer.  (VO-11)
Warning: Verilog writer has added 4 nets to module fp32_add_4 using SYNOPSYS_UNCONNECTED_ as prefix.  Please use the change_names command to make the correct changes before invoking the verilog writer.  (VO-11)
Warning: Verilog writer has added 4 nets to module fp32_add_3 using SYNOPSYS_UNCONNECTED_ as prefix.  Please use the change_names command to make the correct changes before invoking the verilog writer.  (VO-11)
Warning: Verilog writer has added 4 nets to module fp32_add_2 using SYNOPSYS_UNCONNECTED_ as prefix.  Please use the change_names command to make the correct changes before invoking the verilog writer.  (VO-11)
Warning: Verilog writer has added 4 nets to module fp32_add_1 using SYNOPSYS_UNCONNECTED_ as prefix.  Please use the change_names command to make the correct changes before invoking the verilog writer.  (VO-11)
Warning: Verilog writer has added 22 nets to module fp32_recip_DW02_mult_1 using SYNOPSYS_UNCONNECTED_ as prefix.  Please use the change_names command to make the correct changes before invoking the verilog writer.  (VO-11)
Warning: Verilog writer has added 31 nets to module fp32_recip_DW02_mult_0 using SYNOPSYS_UNCONNECTED_ as prefix.  Please use the change_names command to make the correct changes before invoking the verilog writer.  (VO-11)
Warning: Verilog writer has added 58 nets to module fp32_recip using SYNOPSYS_UNCONNECTED_ as prefix.  Please use the change_names command to make the correct changes before invoking the verilog writer.  (VO-11)
Warning: Verilog writer has added 17 nets to module streaming_softmax_unit_LANES16_MAX_TOKENS2048_CONTEXTS32 using SYNOPSYS_UNCONNECTED_ as prefix.  Please use the change_names command to make the correct changes before invoking the verilog writer.  (VO-11)
Warning: Verilog writer has added 20 nets to module fugue_logic_die using SYNOPSYS_UNCONNECTED_ as prefix.  Please use the change_names command to make the correct changes before invoking the verilog writer.  (VO-11)
1
write_sdc [file join $out_dir ${top_module}.sdc]
Warning: Design 'fugue_logic_die' has '1' unresolved references. For more detailed information, use the "link" command. (UID-341)
1
quit

Thank you...
