 
****************************************
Report : reference
Design : softmax_pe
Version: P-2019.03-SP5-6
Date   : Mon Aug 31 00:32:16 2026
****************************************

Attributes:
    b - black box (unknown)
   bo - allows boundary optimization
    d - dont_touch
   mo - map_only
    h - hierarchical
    n - noncombinational
    r - removable
    s - synthetic operator
    u - contains unmapped logic

Reference          Library       Unit Area   Count    Total Area   Attributes
-----------------------------------------------------------------------------
HB4xp67_ASAP7_75t_R asap7sc7p5t_INVBUF_RVT_TT_nldm_211120     0.102060       4     0.408240
TIELOx1_ASAP7_75t_R asap7sc7p5t_SIMPLE_RVT_TT_nldm_211120     0.043740       1     0.043740
fp32_add                        212.868000       1    212.868000  h, n
fp32_exp                       1015.701116       1   1015.701116  h, n
fp32_mul                        607.854778       1    607.854778  h, n
-----------------------------------------------------------------------------
Total 5 references                                   1836.875874

****************************************
Design: fp32_add 
****************************************
Reference          Library       Unit Area   Count    Total Area   Attributes
-----------------------------------------------------------------------------
AND2x2_ASAP7_75t_R asap7sc7p5t_SIMPLE_RVT_TT_nldm_211120     0.087480       9     0.787320
AND3x1_ASAP7_75t_R asap7sc7p5t_SIMPLE_RVT_TT_nldm_211120     0.087480       3     0.262440
AND4x1_ASAP7_75t_R asap7sc7p5t_SIMPLE_RVT_TT_nldm_211120     0.102060       1     0.102060
AND5x1_ASAP7_75t_R asap7sc7p5t_SIMPLE_RVT_TT_nldm_211120     0.116640       1     0.116640
AO21x1_ASAP7_75t_R asap7sc7p5t_AO_RVT_TT_nldm_211120     0.087480       1     0.087480
AO22x1_ASAP7_75t_R asap7sc7p5t_AO_RVT_TT_nldm_211120     0.131220       2     0.262440
AOI21xp5_ASAP7_75t_R asap7sc7p5t_AO_RVT_TT_nldm_211120     0.072900       2     0.145800
AOI21xp33_ASAP7_75t_R asap7sc7p5t_AO_RVT_TT_nldm_211120     0.072900       1     0.072900
AOI22x1_ASAP7_75t_R asap7sc7p5t_AO_RVT_TT_nldm_211120     0.145800       4     0.583200
AOI22xp5_ASAP7_75t_R asap7sc7p5t_AO_RVT_TT_nldm_211120     0.087480       5     0.437400
AOI22xp33_ASAP7_75t_R asap7sc7p5t_AO_RVT_TT_nldm_211120     0.087480      30     2.624400
AOI31xp33_ASAP7_75t_R asap7sc7p5t_AO_RVT_TT_nldm_211120     0.087480       1     0.087480
AOI31xp67_ASAP7_75t_R asap7sc7p5t_AO_RVT_TT_nldm_211120     0.189540       2     0.379080
AOI33xp33_ASAP7_75t_R asap7sc7p5t_AO_RVT_TT_nldm_211120     0.116640       1     0.116640
AOI211xp5_ASAP7_75t_R asap7sc7p5t_AO_RVT_TT_nldm_211120     0.087480       2     0.174960
AOI221x1_ASAP7_75t_R asap7sc7p5t_AO_RVT_TT_nldm_211120     0.204120       1     0.204120
AOI311xp33_ASAP7_75t_R asap7sc7p5t_AO_RVT_TT_nldm_211120     0.102060       1     0.102060
BUFx2_ASAP7_75t_R  asap7sc7p5t_INVBUF_RVT_TT_nldm_211120     0.072900       5     0.364500
BUFx3_ASAP7_75t_R  asap7sc7p5t_INVBUF_RVT_TT_nldm_211120     0.087480       5     0.437400
BUFx6f_ASAP7_75t_R asap7sc7p5t_INVBUF_RVT_TT_nldm_211120     0.145800       1     0.145800
DFFASRHQNx1_ASAP7_75t_R asap7sc7p5t_SEQ_RVT_TT_nldm_220123     0.379080     150    56.862000 n
HB1xp67_ASAP7_75t_R asap7sc7p5t_INVBUF_RVT_TT_nldm_211120     0.058320      88     5.132160
HB2xp67_ASAP7_75t_R asap7sc7p5t_INVBUF_RVT_TT_nldm_211120     0.072900       1     0.072900
HB3xp67_ASAP7_75t_R asap7sc7p5t_INVBUF_RVT_TT_nldm_211120     0.087480      18     1.574640
HB4xp67_ASAP7_75t_R asap7sc7p5t_INVBUF_RVT_TT_nldm_211120     0.102060       2     0.204120
INVx1_ASAP7_75t_R  asap7sc7p5t_INVBUF_RVT_TT_nldm_211120     0.043740     173     7.567020
INVx2_ASAP7_75t_R  asap7sc7p5t_INVBUF_RVT_TT_nldm_211120     0.058320      10     0.583200
INVx3_ASAP7_75t_R  asap7sc7p5t_INVBUF_RVT_TT_nldm_211120     0.072900       2     0.145800
INVx6_ASAP7_75t_R  asap7sc7p5t_INVBUF_RVT_TT_nldm_211120     0.116640       1     0.116640
INVx8_ASAP7_75t_R  asap7sc7p5t_INVBUF_RVT_TT_nldm_211120     0.145800       1     0.145800
INVxp33_ASAP7_75t_R asap7sc7p5t_INVBUF_RVT_TT_nldm_211120     0.043740      36     1.574640
INVxp67_ASAP7_75t_R asap7sc7p5t_INVBUF_RVT_TT_nldm_211120     0.043740      16     0.699840
NAND2x1_ASAP7_75t_R asap7sc7p5t_SIMPLE_RVT_TT_nldm_211120     0.087480       2     0.174960
NAND2x1p5_ASAP7_75t_R asap7sc7p5t_SIMPLE_RVT_TT_nldm_211120     0.116640       3     0.349920
NAND2xp5_ASAP7_75t_R asap7sc7p5t_SIMPLE_RVT_TT_nldm_211120     0.058320     149     8.689680
NAND2xp33_ASAP7_75t_R asap7sc7p5t_SIMPLE_RVT_TT_nldm_211120     0.058320      11     0.641520
NAND2xp67_ASAP7_75t_R asap7sc7p5t_SIMPLE_RVT_TT_nldm_211120     0.087480       1     0.087480
NAND3x1_ASAP7_75t_R asap7sc7p5t_SIMPLE_RVT_TT_nldm_211120     0.160380       5     0.801900
NAND3x2_ASAP7_75t_R asap7sc7p5t_SIMPLE_RVT_TT_nldm_211120     0.291600       1     0.291600
NAND3xp33_ASAP7_75t_R asap7sc7p5t_SIMPLE_RVT_TT_nldm_211120     0.072900      25     1.822500
NAND4xp25_ASAP7_75t_R asap7sc7p5t_SIMPLE_RVT_TT_nldm_211120     0.087480       7     0.612360
NAND4xp75_ASAP7_75t_R asap7sc7p5t_SIMPLE_RVT_TT_nldm_211120     0.204120       2     0.408240
NAND5xp2_ASAP7_75t_R asap7sc7p5t_SIMPLE_RVT_TT_nldm_211120     0.102060       4     0.408240
NOR2x1_ASAP7_75t_R asap7sc7p5t_SIMPLE_RVT_TT_nldm_211120     0.087480       8     0.699840
NOR2xp33_ASAP7_75t_R asap7sc7p5t_SIMPLE_RVT_TT_nldm_211120     0.058320      26     1.516320
NOR3x1_ASAP7_75t_R asap7sc7p5t_SIMPLE_RVT_TT_nldm_211120     0.160380       1     0.160380
NOR3xp33_ASAP7_75t_R asap7sc7p5t_SIMPLE_RVT_TT_nldm_211120     0.072900       8     0.583200
NOR4xp25_ASAP7_75t_R asap7sc7p5t_SIMPLE_RVT_TT_nldm_211120     0.087480       9     0.787320
NOR4xp75_ASAP7_75t_R asap7sc7p5t_SIMPLE_RVT_TT_nldm_211120     0.204120       6     1.224720
NOR5xp2_ASAP7_75t_R asap7sc7p5t_SIMPLE_RVT_TT_nldm_211120     0.102060       3     0.306180
O2A1O1Ixp5_ASAP7_75t_R asap7sc7p5t_OA_RVT_TT_nldm_211120     0.116640       1     0.116640
O2A1O1Ixp33_ASAP7_75t_R asap7sc7p5t_OA_RVT_TT_nldm_211120     0.087480       5     0.437400
OA21x2_ASAP7_75t_R asap7sc7p5t_OA_RVT_TT_nldm_211120     0.102060       1     0.102060
OAI21x1_ASAP7_75t_R asap7sc7p5t_OA_RVT_TT_nldm_211120     0.116640       2     0.233280
OAI21xp5_ASAP7_75t_R asap7sc7p5t_OA_RVT_TT_nldm_211120     0.072900      58     4.228200
OAI21xp33_ASAP7_75t_R asap7sc7p5t_OA_RVT_TT_nldm_211120     0.072900      19     1.385100
OAI22x1_ASAP7_75t_R asap7sc7p5t_OA_RVT_TT_nldm_211120     0.145800       1     0.145800
OAI22xp5_ASAP7_75t_R asap7sc7p5t_OA_RVT_TT_nldm_211120     0.087480      51     4.461480
OAI22xp33_ASAP7_75t_R asap7sc7p5t_OA_RVT_TT_nldm_211120     0.087480       5     0.437400
OAI31xp33_ASAP7_75t_R asap7sc7p5t_OA_RVT_TT_nldm_211120     0.087480       4     0.349920
OAI31xp67_ASAP7_75t_R asap7sc7p5t_OA_RVT_TT_nldm_211120     0.189540       2     0.379080
OAI33xp33_ASAP7_75t_R asap7sc7p5t_OA_RVT_TT_nldm_211120     0.116640       1     0.116640
OAI211xp5_ASAP7_75t_R asap7sc7p5t_OA_RVT_TT_nldm_211120     0.087480       5     0.437400
OAI221xp5_ASAP7_75t_R asap7sc7p5t_OA_RVT_TT_nldm_211120     0.102060       1     0.102060
OAI311xp33_ASAP7_75t_R asap7sc7p5t_OA_RVT_TT_nldm_211120     0.102060       1     0.102060
OAI321xp33_ASAP7_75t_R asap7sc7p5t_OA_RVT_TT_nldm_211120     0.116640       4     0.466560
OAI332xp33_ASAP7_75t_R asap7sc7p5t_OA_RVT_TT_nldm_211120     0.145800       1     0.145800
OR2x2_ASAP7_75t_R  asap7sc7p5t_SIMPLE_RVT_TT_nldm_211120     0.087480       8     0.699840
OR3x1_ASAP7_75t_R  asap7sc7p5t_SIMPLE_RVT_TT_nldm_211120     0.087480      12     1.049760
OR3x2_ASAP7_75t_R  asap7sc7p5t_SIMPLE_RVT_TT_nldm_211120     0.102060       1     0.102060
OR4x1_ASAP7_75t_R  asap7sc7p5t_SIMPLE_RVT_TT_nldm_211120     0.102060       1     0.102060
TIEHIx1_ASAP7_75t_R asap7sc7p5t_SIMPLE_RVT_TT_nldm_211120     0.043740       1     0.043740
TIELOx1_ASAP7_75t_R asap7sc7p5t_SIMPLE_RVT_TT_nldm_211120     0.043740       1     0.043740
XNOR2xp5_ASAP7_75t_R asap7sc7p5t_SIMPLE_RVT_TT_nldm_211120     0.131220       6     0.787320
XOR2x2_ASAP7_75t_R asap7sc7p5t_SIMPLE_RVT_TT_nldm_211120     0.160380       2     0.320760
XOR2xp5_ASAP7_75t_R asap7sc7p5t_SIMPLE_RVT_TT_nldm_211120     0.131220       5     0.656100
fp32_add_DW01_add_3              12.670020       1     12.670020  h
fp32_add_DW01_add_6               7.698240       1      7.698240  h
fp32_add_DW01_ash_0              14.332140       1     14.332140  h
fp32_add_DW01_ash_1              12.174300       1     12.174300  h
fp32_add_DW01_inc_1               1.443420       1      1.443420  h
fp32_add_DW01_sub_7               4.563540       1      4.563540  h
fp32_add_DW01_sub_8               6.065280       1      6.065280  h
fp32_add_DW01_sub_J5_0           14.652900       1     14.652900  h
fp32_add_DW_rash_3               20.076660       1     20.076660  h
-----------------------------------------------------------------------------
Total 85 references                                   212.868000

****************************************
Design: fp32_add_DW01_add_3 
****************************************
Reference          Library       Unit Area   Count    Total Area   Attributes
-----------------------------------------------------------------------------
A2O1A1Ixp33_ASAP7_75t_R asap7sc7p5t_AO_RVT_TT_nldm_211120     0.087480       4     0.349920
AND2x2_ASAP7_75t_R asap7sc7p5t_SIMPLE_RVT_TT_nldm_211120     0.087480       2     0.174960
AND4x1_ASAP7_75t_R asap7sc7p5t_SIMPLE_RVT_TT_nldm_211120     0.102060       1     0.102060
AO21x1_ASAP7_75t_R asap7sc7p5t_AO_RVT_TT_nldm_211120     0.087480       1     0.087480
AOI21xp5_ASAP7_75t_R asap7sc7p5t_AO_RVT_TT_nldm_211120     0.072900       5     0.364500
FAx1_ASAP7_75t_R   asap7sc7p5t_SIMPLE_RVT_TT_nldm_211120     0.204120       3     0.612360 r
INVx1_ASAP7_75t_R  asap7sc7p5t_INVBUF_RVT_TT_nldm_211120     0.043740      49     2.143260
NAND2xp5_ASAP7_75t_R asap7sc7p5t_SIMPLE_RVT_TT_nldm_211120     0.058320      52     3.032640
NAND4xp25_ASAP7_75t_R asap7sc7p5t_SIMPLE_RVT_TT_nldm_211120     0.087480       1     0.087480
NOR2xp33_ASAP7_75t_R asap7sc7p5t_SIMPLE_RVT_TT_nldm_211120     0.058320       5     0.291600
O2A1O1Ixp33_ASAP7_75t_R asap7sc7p5t_OA_RVT_TT_nldm_211120     0.087480       1     0.087480
OA21x2_ASAP7_75t_R asap7sc7p5t_OA_RVT_TT_nldm_211120     0.102060       7     0.714420
OAI21xp5_ASAP7_75t_R asap7sc7p5t_OA_RVT_TT_nldm_211120     0.072900      13     0.947700
OR2x2_ASAP7_75t_R  asap7sc7p5t_SIMPLE_RVT_TT_nldm_211120     0.087480      12     1.049760
XNOR2xp5_ASAP7_75t_R asap7sc7p5t_SIMPLE_RVT_TT_nldm_211120     0.131220      14     1.837080
XOR2xp5_ASAP7_75t_R asap7sc7p5t_SIMPLE_RVT_TT_nldm_211120     0.131220       6     0.787320
-----------------------------------------------------------------------------
Total 16 references                                    12.670020

****************************************
Design: fp32_add_DW01_add_6 
****************************************
Reference          Library       Unit Area   Count    Total Area   Attributes
-----------------------------------------------------------------------------
AND2x2_ASAP7_75t_R asap7sc7p5t_SIMPLE_RVT_TT_nldm_211120     0.087480       1     0.087480
AND3x1_ASAP7_75t_R asap7sc7p5t_SIMPLE_RVT_TT_nldm_211120     0.087480       1     0.087480
INVx1_ASAP7_75t_R  asap7sc7p5t_INVBUF_RVT_TT_nldm_211120     0.043740      25     1.093500
INVx2_ASAP7_75t_R  asap7sc7p5t_INVBUF_RVT_TT_nldm_211120     0.058320       3     0.174960
INVxp33_ASAP7_75t_R asap7sc7p5t_INVBUF_RVT_TT_nldm_211120     0.043740       6     0.262440
INVxp67_ASAP7_75t_R asap7sc7p5t_INVBUF_RVT_TT_nldm_211120     0.043740       1     0.043740
NAND2x1p5_ASAP7_75t_R asap7sc7p5t_SIMPLE_RVT_TT_nldm_211120     0.116640       2     0.233280
NAND2xp5_ASAP7_75t_R asap7sc7p5t_SIMPLE_RVT_TT_nldm_211120     0.058320       7     0.408240
NAND2xp33_ASAP7_75t_R asap7sc7p5t_SIMPLE_RVT_TT_nldm_211120     0.058320       4     0.233280
NAND3xp33_ASAP7_75t_R asap7sc7p5t_SIMPLE_RVT_TT_nldm_211120     0.072900       4     0.291600
NAND4xp75_ASAP7_75t_R asap7sc7p5t_SIMPLE_RVT_TT_nldm_211120     0.204120       2     0.408240
NOR2x1_ASAP7_75t_R asap7sc7p5t_SIMPLE_RVT_TT_nldm_211120     0.087480       4     0.349920
NOR2xp33_ASAP7_75t_R asap7sc7p5t_SIMPLE_RVT_TT_nldm_211120     0.058320       9     0.524880
NOR2xp67_ASAP7_75t_R asap7sc7p5t_SIMPLE_RVT_TT_nldm_211120     0.087480       2     0.174960
NOR3xp33_ASAP7_75t_R asap7sc7p5t_SIMPLE_RVT_TT_nldm_211120     0.072900       2     0.145800
OR2x2_ASAP7_75t_R  asap7sc7p5t_SIMPLE_RVT_TT_nldm_211120     0.087480       3     0.262440
XNOR2xp5_ASAP7_75t_R asap7sc7p5t_SIMPLE_RVT_TT_nldm_211120     0.131220      16     2.099520
XOR2x2_ASAP7_75t_R asap7sc7p5t_SIMPLE_RVT_TT_nldm_211120     0.160380       1     0.160380
XOR2xp5_ASAP7_75t_R asap7sc7p5t_SIMPLE_RVT_TT_nldm_211120     0.131220       5     0.656100
-----------------------------------------------------------------------------
Total 19 references                                     7.698240

****************************************
Design: fp32_add_DW01_ash_0 
****************************************
Reference          Library       Unit Area   Count    Total Area   Attributes
-----------------------------------------------------------------------------
AND2x2_ASAP7_75t_R asap7sc7p5t_SIMPLE_RVT_TT_nldm_211120     0.087480       1     0.087480
AO22x1_ASAP7_75t_R asap7sc7p5t_AO_RVT_TT_nldm_211120     0.131220      11     1.443420
AO222x2_ASAP7_75t_R asap7sc7p5t_AO_RVT_TT_nldm_211120     0.174960       1     0.174960
AOI22x1_ASAP7_75t_R asap7sc7p5t_AO_RVT_TT_nldm_211120     0.145800       1     0.145800
AOI22xp5_ASAP7_75t_R asap7sc7p5t_AO_RVT_TT_nldm_211120     0.087480       3     0.262440
AOI22xp33_ASAP7_75t_R asap7sc7p5t_AO_RVT_TT_nldm_211120     0.087480      15     1.312200
AOI221x1_ASAP7_75t_R asap7sc7p5t_AO_RVT_TT_nldm_211120     0.204120       2     0.408240
AOI221xp5_ASAP7_75t_R asap7sc7p5t_AO_RVT_TT_nldm_211120     0.102060      11     1.122660
AOI222xp33_ASAP7_75t_R asap7sc7p5t_AO_RVT_TT_nldm_211120     0.145800      14     2.041200
AOI322xp5_ASAP7_75t_R asap7sc7p5t_AO_RVT_TT_nldm_211120     0.131220       1     0.131220
BUFx2_ASAP7_75t_R  asap7sc7p5t_INVBUF_RVT_TT_nldm_211120     0.072900       2     0.145800
BUFx3_ASAP7_75t_R  asap7sc7p5t_INVBUF_RVT_TT_nldm_211120     0.087480       2     0.174960
BUFx6f_ASAP7_75t_R asap7sc7p5t_INVBUF_RVT_TT_nldm_211120     0.145800       1     0.145800
HB1xp67_ASAP7_75t_R asap7sc7p5t_INVBUF_RVT_TT_nldm_211120     0.058320       1     0.058320
INVx1_ASAP7_75t_R  asap7sc7p5t_INVBUF_RVT_TT_nldm_211120     0.043740      27     1.180980
INVx2_ASAP7_75t_R  asap7sc7p5t_INVBUF_RVT_TT_nldm_211120     0.058320       3     0.174960
INVx4_ASAP7_75t_R  asap7sc7p5t_INVBUF_RVT_TT_nldm_211120     0.087480       2     0.174960
INVx8_ASAP7_75t_R  asap7sc7p5t_INVBUF_RVT_TT_nldm_211120     0.145800       1     0.145800
INVxp33_ASAP7_75t_R asap7sc7p5t_INVBUF_RVT_TT_nldm_211120     0.043740       3     0.131220
INVxp67_ASAP7_75t_R asap7sc7p5t_INVBUF_RVT_TT_nldm_211120     0.043740       2     0.087480
NAND2x1_ASAP7_75t_R asap7sc7p5t_SIMPLE_RVT_TT_nldm_211120     0.087480       2     0.174960
NAND2xp5_ASAP7_75t_R asap7sc7p5t_SIMPLE_RVT_TT_nldm_211120     0.058320       3     0.174960
NAND2xp33_ASAP7_75t_R asap7sc7p5t_SIMPLE_RVT_TT_nldm_211120     0.058320       1     0.058320
NOR2x1_ASAP7_75t_R asap7sc7p5t_SIMPLE_RVT_TT_nldm_211120     0.087480       2     0.174960
NOR2x1p5_ASAP7_75t_R asap7sc7p5t_SIMPLE_RVT_TT_nldm_211120     0.116640       2     0.233280
NOR2xp33_ASAP7_75t_R asap7sc7p5t_SIMPLE_RVT_TT_nldm_211120     0.058320      11     0.641520
NOR2xp67_ASAP7_75t_R asap7sc7p5t_SIMPLE_RVT_TT_nldm_211120     0.087480       2     0.174960
NOR3xp33_ASAP7_75t_R asap7sc7p5t_SIMPLE_RVT_TT_nldm_211120     0.072900       1     0.072900
OAI22xp33_ASAP7_75t_R asap7sc7p5t_OA_RVT_TT_nldm_211120     0.087480       2     0.174960
OAI221xp5_ASAP7_75t_R asap7sc7p5t_OA_RVT_TT_nldm_211120     0.102060      25     2.551500
OAI222xp33_ASAP7_75t_R asap7sc7p5t_OA_RVT_TT_nldm_211120     0.145800       1     0.145800
OR2x2_ASAP7_75t_R  asap7sc7p5t_SIMPLE_RVT_TT_nldm_211120     0.087480       1     0.087480
OR2x4_ASAP7_75t_R  asap7sc7p5t_SIMPLE_RVT_TT_nldm_211120     0.116640       1     0.116640
-----------------------------------------------------------------------------
Total 33 references                                    14.332140

****************************************
Design: fp32_add_DW01_ash_1 
****************************************
Reference          Library       Unit Area   Count    Total Area   Attributes
-----------------------------------------------------------------------------
AND2x2_ASAP7_75t_R asap7sc7p5t_SIMPLE_RVT_TT_nldm_211120     0.087480       3     0.262440
AO22x1_ASAP7_75t_R asap7sc7p5t_AO_RVT_TT_nldm_211120     0.131220      21     2.755620
AOI22xp33_ASAP7_75t_R asap7sc7p5t_AO_RVT_TT_nldm_211120     0.087480       4     0.349920
AOI32xp33_ASAP7_75t_R asap7sc7p5t_AO_RVT_TT_nldm_211120     0.102060       1     0.102060
AOI221xp5_ASAP7_75t_R asap7sc7p5t_AO_RVT_TT_nldm_211120     0.102060      21     2.143260
AOI222xp33_ASAP7_75t_R asap7sc7p5t_AO_RVT_TT_nldm_211120     0.145800       1     0.145800
BUFx2_ASAP7_75t_R  asap7sc7p5t_INVBUF_RVT_TT_nldm_211120     0.072900       1     0.072900
BUFx3_ASAP7_75t_R  asap7sc7p5t_INVBUF_RVT_TT_nldm_211120     0.087480       1     0.087480
HB1xp67_ASAP7_75t_R asap7sc7p5t_INVBUF_RVT_TT_nldm_211120     0.058320       4     0.233280
INVx1_ASAP7_75t_R  asap7sc7p5t_INVBUF_RVT_TT_nldm_211120     0.043740       8     0.349920
INVx2_ASAP7_75t_R  asap7sc7p5t_INVBUF_RVT_TT_nldm_211120     0.058320       1     0.058320
INVxp33_ASAP7_75t_R asap7sc7p5t_INVBUF_RVT_TT_nldm_211120     0.043740       1     0.043740
NAND2x1p5_ASAP7_75t_R asap7sc7p5t_SIMPLE_RVT_TT_nldm_211120     0.116640       1     0.116640
NAND2xp5_ASAP7_75t_R asap7sc7p5t_SIMPLE_RVT_TT_nldm_211120     0.058320       2     0.116640
NAND2xp33_ASAP7_75t_R asap7sc7p5t_SIMPLE_RVT_TT_nldm_211120     0.058320       2     0.116640
NAND3xp33_ASAP7_75t_R asap7sc7p5t_SIMPLE_RVT_TT_nldm_211120     0.072900       1     0.072900
NOR2x1_ASAP7_75t_R asap7sc7p5t_SIMPLE_RVT_TT_nldm_211120     0.087480       3     0.262440
NOR2x1p5_ASAP7_75t_R asap7sc7p5t_SIMPLE_RVT_TT_nldm_211120     0.116640       1     0.116640
NOR2xp33_ASAP7_75t_R asap7sc7p5t_SIMPLE_RVT_TT_nldm_211120     0.058320      10     0.583200
NOR3xp33_ASAP7_75t_R asap7sc7p5t_SIMPLE_RVT_TT_nldm_211120     0.072900       1     0.072900
O2A1O1Ixp33_ASAP7_75t_R asap7sc7p5t_OA_RVT_TT_nldm_211120     0.087480       4     0.349920
OA222x2_ASAP7_75t_R asap7sc7p5t_OA_RVT_TT_nldm_211120     0.174960       4     0.699840
OAI22xp33_ASAP7_75t_R asap7sc7p5t_OA_RVT_TT_nldm_211120     0.087480       4     0.349920
OAI221xp5_ASAP7_75t_R asap7sc7p5t_OA_RVT_TT_nldm_211120     0.102060       4     0.408240
OAI222xp33_ASAP7_75t_R asap7sc7p5t_OA_RVT_TT_nldm_211120     0.145800      12     1.749600
OR2x2_ASAP7_75t_R  asap7sc7p5t_SIMPLE_RVT_TT_nldm_211120     0.087480       5     0.437400
OR4x2_ASAP7_75t_R  asap7sc7p5t_SIMPLE_RVT_TT_nldm_211120     0.116640       1     0.116640
-----------------------------------------------------------------------------
Total 27 references                                    12.174300

****************************************
Design: fp32_add_DW01_inc_1 
****************************************
Reference          Library       Unit Area   Count    Total Area   Attributes
-----------------------------------------------------------------------------
HAxp5_ASAP7_75t_R  asap7sc7p5t_SIMPLE_RVT_TT_nldm_211120     0.131220       6     0.787320 r
INVx1_ASAP7_75t_R  asap7sc7p5t_INVBUF_RVT_TT_nldm_211120     0.043740      12     0.524880
XNOR2xp5_ASAP7_75t_R asap7sc7p5t_SIMPLE_RVT_TT_nldm_211120     0.131220       1     0.131220
-----------------------------------------------------------------------------
Total 3 references                                      1.443420

****************************************
Design: fp32_add_DW01_sub_7 
****************************************
Reference          Library       Unit Area   Count    Total Area   Attributes
-----------------------------------------------------------------------------
AND2x2_ASAP7_75t_R asap7sc7p5t_SIMPLE_RVT_TT_nldm_211120     0.087480       2     0.174960
AOI21xp5_ASAP7_75t_R asap7sc7p5t_AO_RVT_TT_nldm_211120     0.072900       1     0.072900
AOI21xp33_ASAP7_75t_R asap7sc7p5t_AO_RVT_TT_nldm_211120     0.072900       1     0.072900
AOI22xp5_ASAP7_75t_R asap7sc7p5t_AO_RVT_TT_nldm_211120     0.087480       1     0.087480
AOI221xp5_ASAP7_75t_R asap7sc7p5t_AO_RVT_TT_nldm_211120     0.102060       1     0.102060
INVx1_ASAP7_75t_R  asap7sc7p5t_INVBUF_RVT_TT_nldm_211120     0.043740      17     0.743580
INVxp33_ASAP7_75t_R asap7sc7p5t_INVBUF_RVT_TT_nldm_211120     0.043740       1     0.043740
INVxp67_ASAP7_75t_R asap7sc7p5t_INVBUF_RVT_TT_nldm_211120     0.043740       1     0.043740
NAND2xp5_ASAP7_75t_R asap7sc7p5t_SIMPLE_RVT_TT_nldm_211120     0.058320      17     0.991440
NAND2xp33_ASAP7_75t_R asap7sc7p5t_SIMPLE_RVT_TT_nldm_211120     0.058320       2     0.116640
NAND3xp33_ASAP7_75t_R asap7sc7p5t_SIMPLE_RVT_TT_nldm_211120     0.072900       1     0.072900
NOR2xp33_ASAP7_75t_R asap7sc7p5t_SIMPLE_RVT_TT_nldm_211120     0.058320      12     0.699840
OAI21xp5_ASAP7_75t_R asap7sc7p5t_OA_RVT_TT_nldm_211120     0.072900       4     0.291600
XNOR2xp5_ASAP7_75t_R asap7sc7p5t_SIMPLE_RVT_TT_nldm_211120     0.131220       5     0.656100
XOR2xp5_ASAP7_75t_R asap7sc7p5t_SIMPLE_RVT_TT_nldm_211120     0.131220       3     0.393660
-----------------------------------------------------------------------------
Total 15 references                                     4.563540

****************************************
Design: fp32_add_DW01_sub_8 
****************************************
Reference          Library       Unit Area   Count    Total Area   Attributes
-----------------------------------------------------------------------------
A2O1A1O1Ixp25_ASAP7_75t_R asap7sc7p5t_AO_RVT_TT_nldm_211120     0.131220       1     0.131220
AND2x2_ASAP7_75t_R asap7sc7p5t_SIMPLE_RVT_TT_nldm_211120     0.087480       3     0.262440
AOI21xp5_ASAP7_75t_R asap7sc7p5t_AO_RVT_TT_nldm_211120     0.072900       1     0.072900
AOI22xp5_ASAP7_75t_R asap7sc7p5t_AO_RVT_TT_nldm_211120     0.087480       1     0.087480
AOI211xp5_ASAP7_75t_R asap7sc7p5t_AO_RVT_TT_nldm_211120     0.087480       2     0.174960
AOI221xp5_ASAP7_75t_R asap7sc7p5t_AO_RVT_TT_nldm_211120     0.102060       1     0.102060
INVx1_ASAP7_75t_R  asap7sc7p5t_INVBUF_RVT_TT_nldm_211120     0.043740      15     0.656100
INVx2_ASAP7_75t_R  asap7sc7p5t_INVBUF_RVT_TT_nldm_211120     0.058320       2     0.116640
INVx3_ASAP7_75t_R  asap7sc7p5t_INVBUF_RVT_TT_nldm_211120     0.072900       1     0.072900
INVxp33_ASAP7_75t_R asap7sc7p5t_INVBUF_RVT_TT_nldm_211120     0.043740       2     0.087480
INVxp67_ASAP7_75t_R asap7sc7p5t_INVBUF_RVT_TT_nldm_211120     0.043740       2     0.087480
NAND2xp5_ASAP7_75t_R asap7sc7p5t_SIMPLE_RVT_TT_nldm_211120     0.058320      13     0.758160
NAND2xp33_ASAP7_75t_R asap7sc7p5t_SIMPLE_RVT_TT_nldm_211120     0.058320       1     0.058320
NAND3xp33_ASAP7_75t_R asap7sc7p5t_SIMPLE_RVT_TT_nldm_211120     0.072900       1     0.072900
NOR2x1_ASAP7_75t_R asap7sc7p5t_SIMPLE_RVT_TT_nldm_211120     0.087480       2     0.174960
NOR2xp33_ASAP7_75t_R asap7sc7p5t_SIMPLE_RVT_TT_nldm_211120     0.058320       7     0.408240
NOR2xp67_ASAP7_75t_R asap7sc7p5t_SIMPLE_RVT_TT_nldm_211120     0.087480       1     0.087480
NOR3x1_ASAP7_75t_R asap7sc7p5t_SIMPLE_RVT_TT_nldm_211120     0.160380       1     0.160380
NOR3xp33_ASAP7_75t_R asap7sc7p5t_SIMPLE_RVT_TT_nldm_211120     0.072900       2     0.145800
O2A1O1Ixp33_ASAP7_75t_R asap7sc7p5t_OA_RVT_TT_nldm_211120     0.087480       1     0.087480
OAI21xp5_ASAP7_75t_R asap7sc7p5t_OA_RVT_TT_nldm_211120     0.072900       1     0.072900
OAI21xp33_ASAP7_75t_R asap7sc7p5t_OA_RVT_TT_nldm_211120     0.072900       2     0.145800
OAI22xp33_ASAP7_75t_R asap7sc7p5t_OA_RVT_TT_nldm_211120     0.087480       1     0.087480
OAI31xp67_ASAP7_75t_R asap7sc7p5t_OA_RVT_TT_nldm_211120     0.189540       1     0.189540
OR2x2_ASAP7_75t_R  asap7sc7p5t_SIMPLE_RVT_TT_nldm_211120     0.087480       1     0.087480
XNOR2x1_ASAP7_75t_R asap7sc7p5t_SIMPLE_RVT_TT_nldm_211120     0.174960       4     0.699840
XNOR2x2_ASAP7_75t_R asap7sc7p5t_SIMPLE_RVT_TT_nldm_211120     0.160380       2     0.320760
XNOR2xp5_ASAP7_75t_R asap7sc7p5t_SIMPLE_RVT_TT_nldm_211120     0.131220       5     0.656100
-----------------------------------------------------------------------------
Total 28 references                                     6.065280

****************************************
Design: fp32_add_DW01_sub_J5_0 
****************************************
Reference          Library       Unit Area   Count    Total Area   Attributes
-----------------------------------------------------------------------------
A2O1A1Ixp33_ASAP7_75t_R asap7sc7p5t_AO_RVT_TT_nldm_211120     0.087480       4     0.349920
AND2x2_ASAP7_75t_R asap7sc7p5t_SIMPLE_RVT_TT_nldm_211120     0.087480       1     0.087480
AO21x1_ASAP7_75t_R asap7sc7p5t_AO_RVT_TT_nldm_211120     0.087480       1     0.087480
AOI21xp5_ASAP7_75t_R asap7sc7p5t_AO_RVT_TT_nldm_211120     0.072900       5     0.364500
AOI22xp5_ASAP7_75t_R asap7sc7p5t_AO_RVT_TT_nldm_211120     0.087480       1     0.087480
FAx1_ASAP7_75t_R   asap7sc7p5t_SIMPLE_RVT_TT_nldm_211120     0.204120       3     0.612360 r
INVx1_ASAP7_75t_R  asap7sc7p5t_INVBUF_RVT_TT_nldm_211120     0.043740      86     3.761640
NAND2xp5_ASAP7_75t_R asap7sc7p5t_SIMPLE_RVT_TT_nldm_211120     0.058320      65     3.790800
NAND3xp33_ASAP7_75t_R asap7sc7p5t_SIMPLE_RVT_TT_nldm_211120     0.072900       1     0.072900
NAND4xp25_ASAP7_75t_R asap7sc7p5t_SIMPLE_RVT_TT_nldm_211120     0.087480       2     0.174960
NOR2xp33_ASAP7_75t_R asap7sc7p5t_SIMPLE_RVT_TT_nldm_211120     0.058320       9     0.524880
OA21x2_ASAP7_75t_R asap7sc7p5t_OA_RVT_TT_nldm_211120     0.102060       3     0.306180
OAI21xp5_ASAP7_75t_R asap7sc7p5t_OA_RVT_TT_nldm_211120     0.072900      17     1.239300
OAI211xp5_ASAP7_75t_R asap7sc7p5t_OA_RVT_TT_nldm_211120     0.087480       1     0.087480
OR2x2_ASAP7_75t_R  asap7sc7p5t_SIMPLE_RVT_TT_nldm_211120     0.087480       1     0.087480
XNOR2xp5_ASAP7_75t_R asap7sc7p5t_SIMPLE_RVT_TT_nldm_211120     0.131220      18     2.361960
XOR2xp5_ASAP7_75t_R asap7sc7p5t_SIMPLE_RVT_TT_nldm_211120     0.131220       5     0.656100
-----------------------------------------------------------------------------
Total 17 references                                    14.652900

****************************************
Design: fp32_add_DW_rash_3 
****************************************
Reference          Library       Unit Area   Count    Total Area   Attributes
-----------------------------------------------------------------------------
A2O1A1Ixp33_ASAP7_75t_R asap7sc7p5t_AO_RVT_TT_nldm_211120     0.087480       1     0.087480
AND2x2_ASAP7_75t_R asap7sc7p5t_SIMPLE_RVT_TT_nldm_211120     0.087480      20     1.749600
AO21x1_ASAP7_75t_R asap7sc7p5t_AO_RVT_TT_nldm_211120     0.087480      13     1.137240
AOI21xp5_ASAP7_75t_R asap7sc7p5t_AO_RVT_TT_nldm_211120     0.072900       8     0.583200
AOI22xp5_ASAP7_75t_R asap7sc7p5t_AO_RVT_TT_nldm_211120     0.087480      24     2.099520
AOI22xp33_ASAP7_75t_R asap7sc7p5t_AO_RVT_TT_nldm_211120     0.087480       4     0.349920
AOI31xp33_ASAP7_75t_R asap7sc7p5t_AO_RVT_TT_nldm_211120     0.087480       2     0.174960
HB1xp67_ASAP7_75t_R asap7sc7p5t_INVBUF_RVT_TT_nldm_211120     0.058320       1     0.058320
INVx1_ASAP7_75t_R  asap7sc7p5t_INVBUF_RVT_TT_nldm_211120     0.043740      65     2.843100
INVx2_ASAP7_75t_R  asap7sc7p5t_INVBUF_RVT_TT_nldm_211120     0.058320       2     0.116640
INVxp33_ASAP7_75t_R asap7sc7p5t_INVBUF_RVT_TT_nldm_211120     0.043740       1     0.043740
INVxp67_ASAP7_75t_R asap7sc7p5t_INVBUF_RVT_TT_nldm_211120     0.043740       1     0.043740
NAND2x1p5_ASAP7_75t_R asap7sc7p5t_SIMPLE_RVT_TT_nldm_211120     0.116640       1     0.116640
NAND2xp5_ASAP7_75t_R asap7sc7p5t_SIMPLE_RVT_TT_nldm_211120     0.058320      55     3.207600
NAND3xp33_ASAP7_75t_R asap7sc7p5t_SIMPLE_RVT_TT_nldm_211120     0.072900       8     0.583200
NAND4xp25_ASAP7_75t_R asap7sc7p5t_SIMPLE_RVT_TT_nldm_211120     0.087480       2     0.174960
NOR2xp33_ASAP7_75t_R asap7sc7p5t_SIMPLE_RVT_TT_nldm_211120     0.058320      23     1.341360
NOR3xp33_ASAP7_75t_R asap7sc7p5t_SIMPLE_RVT_TT_nldm_211120     0.072900       1     0.072900
OA21x2_ASAP7_75t_R asap7sc7p5t_OA_RVT_TT_nldm_211120     0.102060       4     0.408240
OAI21xp5_ASAP7_75t_R asap7sc7p5t_OA_RVT_TT_nldm_211120     0.072900      34     2.478600
OAI21xp33_ASAP7_75t_R asap7sc7p5t_OA_RVT_TT_nldm_211120     0.072900       3     0.218700
OAI22xp5_ASAP7_75t_R asap7sc7p5t_OA_RVT_TT_nldm_211120     0.087480       5     0.437400
OAI22xp33_ASAP7_75t_R asap7sc7p5t_OA_RVT_TT_nldm_211120     0.087480      17     1.487160
OR2x2_ASAP7_75t_R  asap7sc7p5t_SIMPLE_RVT_TT_nldm_211120     0.087480       1     0.087480
OR3x1_ASAP7_75t_R  asap7sc7p5t_SIMPLE_RVT_TT_nldm_211120     0.087480       2     0.174960
-----------------------------------------------------------------------------
Total 25 references                                    20.076660

****************************************
Design: fp32_exp 
****************************************
Reference          Library       Unit Area   Count    Total Area   Attributes
-----------------------------------------------------------------------------
AND2x2_ASAP7_75t_R asap7sc7p5t_SIMPLE_RVT_TT_nldm_211120     0.087480      93     8.135640
AND3x1_ASAP7_75t_R asap7sc7p5t_SIMPLE_RVT_TT_nldm_211120     0.087480      10     0.874800
AND4x1_ASAP7_75t_R asap7sc7p5t_SIMPLE_RVT_TT_nldm_211120     0.102060      10     1.020600
AND5x1_ASAP7_75t_R asap7sc7p5t_SIMPLE_RVT_TT_nldm_211120     0.116640       5     0.583200
AO21x1_ASAP7_75t_R asap7sc7p5t_AO_RVT_TT_nldm_211120     0.087480       1     0.087480
AOI21xp5_ASAP7_75t_R asap7sc7p5t_AO_RVT_TT_nldm_211120     0.072900       4     0.291600
AOI21xp33_ASAP7_75t_R asap7sc7p5t_AO_RVT_TT_nldm_211120     0.072900       1     0.072900
AOI22xp5_ASAP7_75t_R asap7sc7p5t_AO_RVT_TT_nldm_211120     0.087480       4     0.349920
AOI22xp33_ASAP7_75t_R asap7sc7p5t_AO_RVT_TT_nldm_211120     0.087480      23     2.012040
AOI211xp5_ASAP7_75t_R asap7sc7p5t_AO_RVT_TT_nldm_211120     0.087480       1     0.087480
AOI221xp5_ASAP7_75t_R asap7sc7p5t_AO_RVT_TT_nldm_211120     0.102060       2     0.204120
AOI222xp33_ASAP7_75t_R asap7sc7p5t_AO_RVT_TT_nldm_211120     0.145800      20     2.916000
BUFx2_ASAP7_75t_R  asap7sc7p5t_INVBUF_RVT_TT_nldm_211120     0.072900       1     0.072900
DFFASRHQNx1_ASAP7_75t_R asap7sc7p5t_SEQ_RVT_TT_nldm_220123     0.379080    1092   413.955357 n
FAx1_ASAP7_75t_R   asap7sc7p5t_SIMPLE_RVT_TT_nldm_211120     0.204120      37     7.552440 r
HB1xp67_ASAP7_75t_R asap7sc7p5t_INVBUF_RVT_TT_nldm_211120     0.058320     394    22.978080
INVx1_ASAP7_75t_R  asap7sc7p5t_INVBUF_RVT_TT_nldm_211120     0.043740     849    37.135260
INVxp33_ASAP7_75t_R asap7sc7p5t_INVBUF_RVT_TT_nldm_211120     0.043740     283    12.378420
INVxp67_ASAP7_75t_R asap7sc7p5t_INVBUF_RVT_TT_nldm_211120     0.043740       1     0.043740
MAJx2_ASAP7_75t_R  asap7sc7p5t_SIMPLE_RVT_TT_nldm_211120     0.131220       4     0.524880
NAND2xp5_ASAP7_75t_R asap7sc7p5t_SIMPLE_RVT_TT_nldm_211120     0.058320     173    10.089360
NAND2xp33_ASAP7_75t_R asap7sc7p5t_SIMPLE_RVT_TT_nldm_211120     0.058320      33     1.924560
NAND3xp33_ASAP7_75t_R asap7sc7p5t_SIMPLE_RVT_TT_nldm_211120     0.072900      56     4.082400
NAND4xp25_ASAP7_75t_R asap7sc7p5t_SIMPLE_RVT_TT_nldm_211120     0.087480      22     1.924560
NAND4xp75_ASAP7_75t_R asap7sc7p5t_SIMPLE_RVT_TT_nldm_211120     0.204120       2     0.408240
NAND5xp2_ASAP7_75t_R asap7sc7p5t_SIMPLE_RVT_TT_nldm_211120     0.102060      16     1.632960
NOR2xp33_ASAP7_75t_R asap7sc7p5t_SIMPLE_RVT_TT_nldm_211120     0.058320      36     2.099520
NOR3xp33_ASAP7_75t_R asap7sc7p5t_SIMPLE_RVT_TT_nldm_211120     0.072900      22     1.603800
NOR4xp25_ASAP7_75t_R asap7sc7p5t_SIMPLE_RVT_TT_nldm_211120     0.087480      37     3.236760
NOR5xp2_ASAP7_75t_R asap7sc7p5t_SIMPLE_RVT_TT_nldm_211120     0.102060      30     3.061800
OAI21xp5_ASAP7_75t_R asap7sc7p5t_OA_RVT_TT_nldm_211120     0.072900      42     3.061800
OAI21xp33_ASAP7_75t_R asap7sc7p5t_OA_RVT_TT_nldm_211120     0.072900       7     0.510300
OAI22xp5_ASAP7_75t_R asap7sc7p5t_OA_RVT_TT_nldm_211120     0.087480      36     3.149280
OAI31xp33_ASAP7_75t_R asap7sc7p5t_OA_RVT_TT_nldm_211120     0.087480       1     0.087480
OAI221xp5_ASAP7_75t_R asap7sc7p5t_OA_RVT_TT_nldm_211120     0.102060      13     1.326780
OAI222xp33_ASAP7_75t_R asap7sc7p5t_OA_RVT_TT_nldm_211120     0.145800       1     0.145800
OR2x2_ASAP7_75t_R  asap7sc7p5t_SIMPLE_RVT_TT_nldm_211120     0.087480       9     0.787320
OR3x1_ASAP7_75t_R  asap7sc7p5t_SIMPLE_RVT_TT_nldm_211120     0.087480      10     0.874800
OR4x1_ASAP7_75t_R  asap7sc7p5t_SIMPLE_RVT_TT_nldm_211120     0.102060       9     0.918540
OR5x1_ASAP7_75t_R  asap7sc7p5t_SIMPLE_RVT_TT_nldm_211120     0.116640       2     0.233280
TIEHIx1_ASAP7_75t_R asap7sc7p5t_SIMPLE_RVT_TT_nldm_211120     0.043740       1     0.043740
TIELOx1_ASAP7_75t_R asap7sc7p5t_SIMPLE_RVT_TT_nldm_211120     0.043740       1     0.043740
XNOR2xp5_ASAP7_75t_R asap7sc7p5t_SIMPLE_RVT_TT_nldm_211120     0.131220      16     2.099520
XOR2xp5_ASAP7_75t_R asap7sc7p5t_SIMPLE_RVT_TT_nldm_211120     0.131220      40     5.248800
fp32_exp_DW01_add_32             15.206940       1     15.206940  h
fp32_exp_DW01_add_33             14.171760       1     14.171760  h
fp32_exp_DW01_add_34             14.171760       1     14.171760  h
fp32_exp_DW01_add_35              8.470980       1      8.470980  h
fp32_exp_DW01_add_36             13.588560       1     13.588560  h
fp32_exp_DW01_add_J4_2           15.206940       1     15.206940  h
fp32_exp_DW01_add_J5_0           14.171760       1     14.171760  h
fp32_exp_DW01_add_J5_1           14.171760       1     14.171760  h
fp32_exp_DW01_add_J8_1           14.302980       1     14.302980  h
fp32_exp_DW01_add_J9_0           16.869060       1     16.869060  h
fp32_exp_DW01_sub_6               5.977800       1      5.977800  h
fp32_exp_DW01_sub_J6_0           13.661460       1     13.661460  h
fp32_exp_DW02_mult_0             17.860500       1     17.860500  h
fp32_exp_DW02_mult_1             17.860500       1     17.860500  h
fp32_exp_DW02_mult_2             17.860500       1     17.860500  h
fp32_exp_DW02_mult_3             17.860500       1     17.860500  h
fp32_exp_DW02_mult_4             19.828800       1     19.828800  h
fp32_exp_DW02_mult_5             19.799640       1     19.799640  h
fp32_exp_DW02_mult_6             19.828800       1     19.828800  h
fp32_exp_DW02_mult_7             19.857960       1     19.857960  h
fp32_exp_DW02_mult_8             15.979680       1     15.979680  h
fp32_exp_DW02_mult_9             16.737840       1     16.737840  h
fp32_exp_DW02_mult_10            16.737840       1     16.737840  h
fp32_exp_DW02_mult_11            16.737840       1     16.737840  h
fp32_exp_DW02_mult_12            16.737840       1     16.737840  h
fp32_exp_DW02_mult_13            16.737840       1     16.737840  h
fp32_exp_DW02_mult_14            16.737840       1     16.737840  h
fp32_exp_DW02_mult_15            16.737840       1     16.737840  h
fp32_exp_DW_rash_0               11.955600       1     11.955600  h
-----------------------------------------------------------------------------
Total 73 references                                  1015.701116

****************************************
Design: fp32_exp_DW01_add_32 
****************************************
Reference          Library       Unit Area   Count    Total Area   Attributes
-----------------------------------------------------------------------------
A2O1A1Ixp33_ASAP7_75t_R asap7sc7p5t_AO_RVT_TT_nldm_211120     0.087480       2     0.174960
A2O1A1O1Ixp25_ASAP7_75t_R asap7sc7p5t_AO_RVT_TT_nldm_211120     0.131220       1     0.131220
AND2x2_ASAP7_75t_R asap7sc7p5t_SIMPLE_RVT_TT_nldm_211120     0.087480       6     0.524880
AOI21xp5_ASAP7_75t_R asap7sc7p5t_AO_RVT_TT_nldm_211120     0.072900       5     0.364500
INVx1_ASAP7_75t_R  asap7sc7p5t_INVBUF_RVT_TT_nldm_211120     0.043740      47     2.055780
NAND2xp5_ASAP7_75t_R asap7sc7p5t_SIMPLE_RVT_TT_nldm_211120     0.058320      51     2.974320
NAND3xp33_ASAP7_75t_R asap7sc7p5t_SIMPLE_RVT_TT_nldm_211120     0.072900       1     0.072900
NAND4xp25_ASAP7_75t_R asap7sc7p5t_SIMPLE_RVT_TT_nldm_211120     0.087480       3     0.262440
NOR2xp33_ASAP7_75t_R asap7sc7p5t_SIMPLE_RVT_TT_nldm_211120     0.058320      10     0.583200
O2A1O1Ixp33_ASAP7_75t_R asap7sc7p5t_OA_RVT_TT_nldm_211120     0.087480       4     0.349920
OA21x2_ASAP7_75t_R asap7sc7p5t_OA_RVT_TT_nldm_211120     0.102060       4     0.408240
OAI21xp5_ASAP7_75t_R asap7sc7p5t_OA_RVT_TT_nldm_211120     0.072900      18     1.312200
OR2x2_ASAP7_75t_R  asap7sc7p5t_SIMPLE_RVT_TT_nldm_211120     0.087480      22     1.924560
XNOR2xp5_ASAP7_75t_R asap7sc7p5t_SIMPLE_RVT_TT_nldm_211120     0.131220      22     2.886840
XOR2xp5_ASAP7_75t_R asap7sc7p5t_SIMPLE_RVT_TT_nldm_211120     0.131220       9     1.180980
-----------------------------------------------------------------------------
Total 15 references                                    15.206940

****************************************
Design: fp32_exp_DW01_add_33 
****************************************
Reference          Library       Unit Area   Count    Total Area   Attributes
-----------------------------------------------------------------------------
AND2x2_ASAP7_75t_R asap7sc7p5t_SIMPLE_RVT_TT_nldm_211120     0.087480       2     0.174960
AOI21xp5_ASAP7_75t_R asap7sc7p5t_AO_RVT_TT_nldm_211120     0.072900       4     0.291600
AOI22xp5_ASAP7_75t_R asap7sc7p5t_AO_RVT_TT_nldm_211120     0.087480       2     0.174960
INVx1_ASAP7_75t_R  asap7sc7p5t_INVBUF_RVT_TT_nldm_211120     0.043740      68     2.974320
NAND2xp5_ASAP7_75t_R asap7sc7p5t_SIMPLE_RVT_TT_nldm_211120     0.058320      58     3.382560
NAND4xp25_ASAP7_75t_R asap7sc7p5t_SIMPLE_RVT_TT_nldm_211120     0.087480       3     0.262440
NOR2xp33_ASAP7_75t_R asap7sc7p5t_SIMPLE_RVT_TT_nldm_211120     0.058320       9     0.524880
OA21x2_ASAP7_75t_R asap7sc7p5t_OA_RVT_TT_nldm_211120     0.102060       7     0.714420
OAI21xp5_ASAP7_75t_R asap7sc7p5t_OA_RVT_TT_nldm_211120     0.072900      16     1.166400
OR2x2_ASAP7_75t_R  asap7sc7p5t_SIMPLE_RVT_TT_nldm_211120     0.087480      11     0.962280
XNOR2xp5_ASAP7_75t_R asap7sc7p5t_SIMPLE_RVT_TT_nldm_211120     0.131220      20     2.624400
XOR2xp5_ASAP7_75t_R asap7sc7p5t_SIMPLE_RVT_TT_nldm_211120     0.131220       7     0.918540
-----------------------------------------------------------------------------
Total 12 references                                    14.171760

****************************************
Design: fp32_exp_DW01_add_34 
****************************************
Reference          Library       Unit Area   Count    Total Area   Attributes
-----------------------------------------------------------------------------
AND2x2_ASAP7_75t_R asap7sc7p5t_SIMPLE_RVT_TT_nldm_211120     0.087480       2     0.174960
AOI21xp5_ASAP7_75t_R asap7sc7p5t_AO_RVT_TT_nldm_211120     0.072900       4     0.291600
AOI22xp5_ASAP7_75t_R asap7sc7p5t_AO_RVT_TT_nldm_211120     0.087480       2     0.174960
INVx1_ASAP7_75t_R  asap7sc7p5t_INVBUF_RVT_TT_nldm_211120     0.043740      68     2.974320
NAND2xp5_ASAP7_75t_R asap7sc7p5t_SIMPLE_RVT_TT_nldm_211120     0.058320      58     3.382560
NAND4xp25_ASAP7_75t_R asap7sc7p5t_SIMPLE_RVT_TT_nldm_211120     0.087480       3     0.262440
NOR2xp33_ASAP7_75t_R asap7sc7p5t_SIMPLE_RVT_TT_nldm_211120     0.058320       9     0.524880
OA21x2_ASAP7_75t_R asap7sc7p5t_OA_RVT_TT_nldm_211120     0.102060       7     0.714420
OAI21xp5_ASAP7_75t_R asap7sc7p5t_OA_RVT_TT_nldm_211120     0.072900      16     1.166400
OR2x2_ASAP7_75t_R  asap7sc7p5t_SIMPLE_RVT_TT_nldm_211120     0.087480      11     0.962280
XNOR2xp5_ASAP7_75t_R asap7sc7p5t_SIMPLE_RVT_TT_nldm_211120     0.131220      20     2.624400
XOR2xp5_ASAP7_75t_R asap7sc7p5t_SIMPLE_RVT_TT_nldm_211120     0.131220       7     0.918540
-----------------------------------------------------------------------------
Total 12 references                                    14.171760

****************************************
Design: fp32_exp_DW01_add_35 
****************************************
Reference          Library       Unit Area   Count    Total Area   Attributes
-----------------------------------------------------------------------------
AND2x2_ASAP7_75t_R asap7sc7p5t_SIMPLE_RVT_TT_nldm_211120     0.087480       3     0.262440
AOI21xp5_ASAP7_75t_R asap7sc7p5t_AO_RVT_TT_nldm_211120     0.072900       1     0.072900
INVx1_ASAP7_75t_R  asap7sc7p5t_INVBUF_RVT_TT_nldm_211120     0.043740      38     1.662120
NAND2xp5_ASAP7_75t_R asap7sc7p5t_SIMPLE_RVT_TT_nldm_211120     0.058320      27     1.574640
NAND4xp25_ASAP7_75t_R asap7sc7p5t_SIMPLE_RVT_TT_nldm_211120     0.087480       3     0.262440
NOR2xp33_ASAP7_75t_R asap7sc7p5t_SIMPLE_RVT_TT_nldm_211120     0.058320       7     0.408240
NOR3xp33_ASAP7_75t_R asap7sc7p5t_SIMPLE_RVT_TT_nldm_211120     0.072900       1     0.072900
O2A1O1Ixp33_ASAP7_75t_R asap7sc7p5t_OA_RVT_TT_nldm_211120     0.087480       1     0.087480
OA21x2_ASAP7_75t_R asap7sc7p5t_OA_RVT_TT_nldm_211120     0.102060       1     0.102060
OAI21xp5_ASAP7_75t_R asap7sc7p5t_OA_RVT_TT_nldm_211120     0.072900       7     0.510300
OAI33xp33_ASAP7_75t_R asap7sc7p5t_OA_RVT_TT_nldm_211120     0.116640       1     0.116640
OAI221xp5_ASAP7_75t_R asap7sc7p5t_OA_RVT_TT_nldm_211120     0.102060       1     0.102060
OR2x2_ASAP7_75t_R  asap7sc7p5t_SIMPLE_RVT_TT_nldm_211120     0.087480       7     0.612360
XNOR2xp5_ASAP7_75t_R asap7sc7p5t_SIMPLE_RVT_TT_nldm_211120     0.131220      11     1.443420
XOR2xp5_ASAP7_75t_R asap7sc7p5t_SIMPLE_RVT_TT_nldm_211120     0.131220       9     1.180980
-----------------------------------------------------------------------------
Total 15 references                                     8.470980

****************************************
Design: fp32_exp_DW01_add_36 
****************************************
Reference          Library       Unit Area   Count    Total Area   Attributes
-----------------------------------------------------------------------------
AND2x2_ASAP7_75t_R asap7sc7p5t_SIMPLE_RVT_TT_nldm_211120     0.087480       4     0.349920
AOI21xp5_ASAP7_75t_R asap7sc7p5t_AO_RVT_TT_nldm_211120     0.072900       6     0.437400
AOI21xp33_ASAP7_75t_R asap7sc7p5t_AO_RVT_TT_nldm_211120     0.072900       1     0.072900
AOI22xp33_ASAP7_75t_R asap7sc7p5t_AO_RVT_TT_nldm_211120     0.087480       1     0.087480
AOI31xp33_ASAP7_75t_R asap7sc7p5t_AO_RVT_TT_nldm_211120     0.087480       1     0.087480
INVx1_ASAP7_75t_R  asap7sc7p5t_INVBUF_RVT_TT_nldm_211120     0.043740      37     1.618380
INVxp67_ASAP7_75t_R asap7sc7p5t_INVBUF_RVT_TT_nldm_211120     0.043740       1     0.043740
NAND2xp5_ASAP7_75t_R asap7sc7p5t_SIMPLE_RVT_TT_nldm_211120     0.058320      46     2.682720
NAND3xp33_ASAP7_75t_R asap7sc7p5t_SIMPLE_RVT_TT_nldm_211120     0.072900       3     0.218700
NAND4xp25_ASAP7_75t_R asap7sc7p5t_SIMPLE_RVT_TT_nldm_211120     0.087480       2     0.174960
NOR2xp33_ASAP7_75t_R asap7sc7p5t_SIMPLE_RVT_TT_nldm_211120     0.058320       7     0.408240
NOR3xp33_ASAP7_75t_R asap7sc7p5t_SIMPLE_RVT_TT_nldm_211120     0.072900       1     0.072900
O2A1O1Ixp33_ASAP7_75t_R asap7sc7p5t_OA_RVT_TT_nldm_211120     0.087480       4     0.349920
OA21x2_ASAP7_75t_R asap7sc7p5t_OA_RVT_TT_nldm_211120     0.102060       3     0.306180
OAI21xp5_ASAP7_75t_R asap7sc7p5t_OA_RVT_TT_nldm_211120     0.072900      16     1.166400
OR2x2_ASAP7_75t_R  asap7sc7p5t_SIMPLE_RVT_TT_nldm_211120     0.087480      23     2.012040
OR3x1_ASAP7_75t_R  asap7sc7p5t_SIMPLE_RVT_TT_nldm_211120     0.087480       1     0.087480
XNOR2xp5_ASAP7_75t_R asap7sc7p5t_SIMPLE_RVT_TT_nldm_211120     0.131220      15     1.968300
XOR2xp5_ASAP7_75t_R asap7sc7p5t_SIMPLE_RVT_TT_nldm_211120     0.131220      11     1.443420
-----------------------------------------------------------------------------
Total 19 references                                    13.588560

****************************************
Design: fp32_exp_DW01_add_J4_2 
****************************************
Reference          Library       Unit Area   Count    Total Area   Attributes
-----------------------------------------------------------------------------
A2O1A1Ixp33_ASAP7_75t_R asap7sc7p5t_AO_RVT_TT_nldm_211120     0.087480       2     0.174960
A2O1A1O1Ixp25_ASAP7_75t_R asap7sc7p5t_AO_RVT_TT_nldm_211120     0.131220       1     0.131220
AND2x2_ASAP7_75t_R asap7sc7p5t_SIMPLE_RVT_TT_nldm_211120     0.087480       6     0.524880
AOI21xp5_ASAP7_75t_R asap7sc7p5t_AO_RVT_TT_nldm_211120     0.072900       5     0.364500
INVx1_ASAP7_75t_R  asap7sc7p5t_INVBUF_RVT_TT_nldm_211120     0.043740      47     2.055780
NAND2xp5_ASAP7_75t_R asap7sc7p5t_SIMPLE_RVT_TT_nldm_211120     0.058320      51     2.974320
NAND3xp33_ASAP7_75t_R asap7sc7p5t_SIMPLE_RVT_TT_nldm_211120     0.072900       1     0.072900
NAND4xp25_ASAP7_75t_R asap7sc7p5t_SIMPLE_RVT_TT_nldm_211120     0.087480       3     0.262440
NOR2xp33_ASAP7_75t_R asap7sc7p5t_SIMPLE_RVT_TT_nldm_211120     0.058320      10     0.583200
O2A1O1Ixp33_ASAP7_75t_R asap7sc7p5t_OA_RVT_TT_nldm_211120     0.087480       4     0.349920
OA21x2_ASAP7_75t_R asap7sc7p5t_OA_RVT_TT_nldm_211120     0.102060       4     0.408240
OAI21xp5_ASAP7_75t_R asap7sc7p5t_OA_RVT_TT_nldm_211120     0.072900      18     1.312200
OR2x2_ASAP7_75t_R  asap7sc7p5t_SIMPLE_RVT_TT_nldm_211120     0.087480      22     1.924560
XNOR2xp5_ASAP7_75t_R asap7sc7p5t_SIMPLE_RVT_TT_nldm_211120     0.131220      22     2.886840
XOR2xp5_ASAP7_75t_R asap7sc7p5t_SIMPLE_RVT_TT_nldm_211120     0.131220       9     1.180980
-----------------------------------------------------------------------------
Total 15 references                                    15.206940

****************************************
Design: fp32_exp_DW01_add_J5_0 
****************************************
Reference          Library       Unit Area   Count    Total Area   Attributes
-----------------------------------------------------------------------------
AND2x2_ASAP7_75t_R asap7sc7p5t_SIMPLE_RVT_TT_nldm_211120     0.087480       2     0.174960
AOI21xp5_ASAP7_75t_R asap7sc7p5t_AO_RVT_TT_nldm_211120     0.072900       4     0.291600
AOI22xp5_ASAP7_75t_R asap7sc7p5t_AO_RVT_TT_nldm_211120     0.087480       2     0.174960
INVx1_ASAP7_75t_R  asap7sc7p5t_INVBUF_RVT_TT_nldm_211120     0.043740      68     2.974320
NAND2xp5_ASAP7_75t_R asap7sc7p5t_SIMPLE_RVT_TT_nldm_211120     0.058320      58     3.382560
NAND4xp25_ASAP7_75t_R asap7sc7p5t_SIMPLE_RVT_TT_nldm_211120     0.087480       3     0.262440
NOR2xp33_ASAP7_75t_R asap7sc7p5t_SIMPLE_RVT_TT_nldm_211120     0.058320       9     0.524880
OA21x2_ASAP7_75t_R asap7sc7p5t_OA_RVT_TT_nldm_211120     0.102060       7     0.714420
OAI21xp5_ASAP7_75t_R asap7sc7p5t_OA_RVT_TT_nldm_211120     0.072900      16     1.166400
OR2x2_ASAP7_75t_R  asap7sc7p5t_SIMPLE_RVT_TT_nldm_211120     0.087480      11     0.962280
XNOR2xp5_ASAP7_75t_R asap7sc7p5t_SIMPLE_RVT_TT_nldm_211120     0.131220      20     2.624400
XOR2xp5_ASAP7_75t_R asap7sc7p5t_SIMPLE_RVT_TT_nldm_211120     0.131220       7     0.918540
-----------------------------------------------------------------------------
Total 12 references                                    14.171760

****************************************
Design: fp32_exp_DW01_add_J5_1 
****************************************
Reference          Library       Unit Area   Count    Total Area   Attributes
-----------------------------------------------------------------------------
AND2x2_ASAP7_75t_R asap7sc7p5t_SIMPLE_RVT_TT_nldm_211120     0.087480       2     0.174960
AOI21xp5_ASAP7_75t_R asap7sc7p5t_AO_RVT_TT_nldm_211120     0.072900       4     0.291600
AOI22xp5_ASAP7_75t_R asap7sc7p5t_AO_RVT_TT_nldm_211120     0.087480       2     0.174960
INVx1_ASAP7_75t_R  asap7sc7p5t_INVBUF_RVT_TT_nldm_211120     0.043740      68     2.974320
NAND2xp5_ASAP7_75t_R asap7sc7p5t_SIMPLE_RVT_TT_nldm_211120     0.058320      58     3.382560
NAND4xp25_ASAP7_75t_R asap7sc7p5t_SIMPLE_RVT_TT_nldm_211120     0.087480       3     0.262440
NOR2xp33_ASAP7_75t_R asap7sc7p5t_SIMPLE_RVT_TT_nldm_211120     0.058320       9     0.524880
OA21x2_ASAP7_75t_R asap7sc7p5t_OA_RVT_TT_nldm_211120     0.102060       7     0.714420
OAI21xp5_ASAP7_75t_R asap7sc7p5t_OA_RVT_TT_nldm_211120     0.072900      16     1.166400
OR2x2_ASAP7_75t_R  asap7sc7p5t_SIMPLE_RVT_TT_nldm_211120     0.087480      11     0.962280
XNOR2xp5_ASAP7_75t_R asap7sc7p5t_SIMPLE_RVT_TT_nldm_211120     0.131220      20     2.624400
XOR2xp5_ASAP7_75t_R asap7sc7p5t_SIMPLE_RVT_TT_nldm_211120     0.131220       7     0.918540
-----------------------------------------------------------------------------
Total 12 references                                    14.171760

****************************************
Design: fp32_exp_DW01_add_J8_1 
****************************************
Reference          Library       Unit Area   Count    Total Area   Attributes
-----------------------------------------------------------------------------
A2O1A1Ixp33_ASAP7_75t_R asap7sc7p5t_AO_RVT_TT_nldm_211120     0.087480       2     0.174960
AND2x2_ASAP7_75t_R asap7sc7p5t_SIMPLE_RVT_TT_nldm_211120     0.087480       4     0.349920
AOI21xp5_ASAP7_75t_R asap7sc7p5t_AO_RVT_TT_nldm_211120     0.072900       3     0.218700
AOI21xp33_ASAP7_75t_R asap7sc7p5t_AO_RVT_TT_nldm_211120     0.072900       2     0.145800
AOI32xp33_ASAP7_75t_R asap7sc7p5t_AO_RVT_TT_nldm_211120     0.102060       1     0.102060
INVx1_ASAP7_75t_R  asap7sc7p5t_INVBUF_RVT_TT_nldm_211120     0.043740      46     2.012040
INVxp67_ASAP7_75t_R asap7sc7p5t_INVBUF_RVT_TT_nldm_211120     0.043740       1     0.043740
NAND2xp5_ASAP7_75t_R asap7sc7p5t_SIMPLE_RVT_TT_nldm_211120     0.058320      52     3.032640
NAND3xp33_ASAP7_75t_R asap7sc7p5t_SIMPLE_RVT_TT_nldm_211120     0.072900       1     0.072900
NAND4xp25_ASAP7_75t_R asap7sc7p5t_SIMPLE_RVT_TT_nldm_211120     0.087480       5     0.437400
NOR2x1_ASAP7_75t_R asap7sc7p5t_SIMPLE_RVT_TT_nldm_211120     0.087480       1     0.087480
NOR2xp33_ASAP7_75t_R asap7sc7p5t_SIMPLE_RVT_TT_nldm_211120     0.058320      12     0.699840
NOR3xp33_ASAP7_75t_R asap7sc7p5t_SIMPLE_RVT_TT_nldm_211120     0.072900       1     0.072900
O2A1O1Ixp33_ASAP7_75t_R asap7sc7p5t_OA_RVT_TT_nldm_211120     0.087480       2     0.174960
OA21x2_ASAP7_75t_R asap7sc7p5t_OA_RVT_TT_nldm_211120     0.102060       4     0.408240
OAI21xp5_ASAP7_75t_R asap7sc7p5t_OA_RVT_TT_nldm_211120     0.072900      14     1.020600
OAI21xp33_ASAP7_75t_R asap7sc7p5t_OA_RVT_TT_nldm_211120     0.072900       2     0.145800
OAI31xp33_ASAP7_75t_R asap7sc7p5t_OA_RVT_TT_nldm_211120     0.087480       1     0.087480
OAI321xp33_ASAP7_75t_R asap7sc7p5t_OA_RVT_TT_nldm_211120     0.116640       1     0.116640
OR2x2_ASAP7_75t_R  asap7sc7p5t_SIMPLE_RVT_TT_nldm_211120     0.087480      20     1.749600
XNOR2xp5_ASAP7_75t_R asap7sc7p5t_SIMPLE_RVT_TT_nldm_211120     0.131220      18     2.361960
XOR2xp5_ASAP7_75t_R asap7sc7p5t_SIMPLE_RVT_TT_nldm_211120     0.131220       6     0.787320
-----------------------------------------------------------------------------
Total 22 references                                    14.302980

****************************************
Design: fp32_exp_DW01_add_J9_0 
****************************************
Reference          Library       Unit Area   Count    Total Area   Attributes
-----------------------------------------------------------------------------
AND2x2_ASAP7_75t_R asap7sc7p5t_SIMPLE_RVT_TT_nldm_211120     0.087480       8     0.699840
AO21x1_ASAP7_75t_R asap7sc7p5t_AO_RVT_TT_nldm_211120     0.087480       1     0.087480
AOI21x1_ASAP7_75t_R asap7sc7p5t_AO_RVT_TT_nldm_211120     0.116640       1     0.116640
AOI21xp5_ASAP7_75t_R asap7sc7p5t_AO_RVT_TT_nldm_211120     0.072900       2     0.145800
AOI21xp33_ASAP7_75t_R asap7sc7p5t_AO_RVT_TT_nldm_211120     0.072900       1     0.072900
AOI22xp5_ASAP7_75t_R asap7sc7p5t_AO_RVT_TT_nldm_211120     0.087480       2     0.174960
AOI31xp33_ASAP7_75t_R asap7sc7p5t_AO_RVT_TT_nldm_211120     0.087480       1     0.087480
INVx1_ASAP7_75t_R  asap7sc7p5t_INVBUF_RVT_TT_nldm_211120     0.043740      68     2.974320
NAND2xp5_ASAP7_75t_R asap7sc7p5t_SIMPLE_RVT_TT_nldm_211120     0.058320      43     2.507760
NAND4xp25_ASAP7_75t_R asap7sc7p5t_SIMPLE_RVT_TT_nldm_211120     0.087480       4     0.349920
NAND4xp75_ASAP7_75t_R asap7sc7p5t_SIMPLE_RVT_TT_nldm_211120     0.204120       1     0.204120
NOR2x1_ASAP7_75t_R asap7sc7p5t_SIMPLE_RVT_TT_nldm_211120     0.087480       4     0.349920
NOR2xp33_ASAP7_75t_R asap7sc7p5t_SIMPLE_RVT_TT_nldm_211120     0.058320      12     0.699840
NOR4xp25_ASAP7_75t_R asap7sc7p5t_SIMPLE_RVT_TT_nldm_211120     0.087480       2     0.174960
O2A1O1Ixp5_ASAP7_75t_R asap7sc7p5t_OA_RVT_TT_nldm_211120     0.116640       1     0.116640
O2A1O1Ixp33_ASAP7_75t_R asap7sc7p5t_OA_RVT_TT_nldm_211120     0.087480       5     0.437400
OA21x2_ASAP7_75t_R asap7sc7p5t_OA_RVT_TT_nldm_211120     0.102060       4     0.408240
OAI21xp5_ASAP7_75t_R asap7sc7p5t_OA_RVT_TT_nldm_211120     0.072900      11     0.801900
OAI31xp33_ASAP7_75t_R asap7sc7p5t_OA_RVT_TT_nldm_211120     0.087480       2     0.174960
OAI321xp33_ASAP7_75t_R asap7sc7p5t_OA_RVT_TT_nldm_211120     0.116640       1     0.116640
OR2x2_ASAP7_75t_R  asap7sc7p5t_SIMPLE_RVT_TT_nldm_211120     0.087480      20     1.749600
OR3x1_ASAP7_75t_R  asap7sc7p5t_SIMPLE_RVT_TT_nldm_211120     0.087480       1     0.087480
XNOR2xp5_ASAP7_75t_R asap7sc7p5t_SIMPLE_RVT_TT_nldm_211120     0.131220      19     2.493180
XOR2xp5_ASAP7_75t_R asap7sc7p5t_SIMPLE_RVT_TT_nldm_211120     0.131220      14     1.837080
-----------------------------------------------------------------------------
Total 24 references                                    16.869060

****************************************
Design: fp32_exp_DW01_sub_6 
****************************************
Reference          Library       Unit Area   Count    Total Area   Attributes
-----------------------------------------------------------------------------
AND2x2_ASAP7_75t_R asap7sc7p5t_SIMPLE_RVT_TT_nldm_211120     0.087480       1     0.087480
INVx1_ASAP7_75t_R  asap7sc7p5t_INVBUF_RVT_TT_nldm_211120     0.043740      32     1.399680
NAND2xp5_ASAP7_75t_R asap7sc7p5t_SIMPLE_RVT_TT_nldm_211120     0.058320       4     0.233280
NAND3xp33_ASAP7_75t_R asap7sc7p5t_SIMPLE_RVT_TT_nldm_211120     0.072900       1     0.072900
NAND4xp25_ASAP7_75t_R asap7sc7p5t_SIMPLE_RVT_TT_nldm_211120     0.087480       3     0.262440
NOR2xp33_ASAP7_75t_R asap7sc7p5t_SIMPLE_RVT_TT_nldm_211120     0.058320      15     0.874800
NOR3xp33_ASAP7_75t_R asap7sc7p5t_SIMPLE_RVT_TT_nldm_211120     0.072900       1     0.072900
OR2x2_ASAP7_75t_R  asap7sc7p5t_SIMPLE_RVT_TT_nldm_211120     0.087480       1     0.087480
XNOR2xp5_ASAP7_75t_R asap7sc7p5t_SIMPLE_RVT_TT_nldm_211120     0.131220      18     2.361960
XOR2xp5_ASAP7_75t_R asap7sc7p5t_SIMPLE_RVT_TT_nldm_211120     0.131220       4     0.524880
-----------------------------------------------------------------------------
Total 10 references                                     5.977800

****************************************
Design: fp32_exp_DW01_sub_J6_0 
****************************************
Reference          Library       Unit Area   Count    Total Area   Attributes
-----------------------------------------------------------------------------
A2O1A1Ixp33_ASAP7_75t_R asap7sc7p5t_AO_RVT_TT_nldm_211120     0.087480       6     0.524880
A2O1A1O1Ixp25_ASAP7_75t_R asap7sc7p5t_AO_RVT_TT_nldm_211120     0.131220       1     0.131220
AND2x2_ASAP7_75t_R asap7sc7p5t_SIMPLE_RVT_TT_nldm_211120     0.087480       3     0.262440
AOI21xp5_ASAP7_75t_R asap7sc7p5t_AO_RVT_TT_nldm_211120     0.072900       3     0.218700
FAx1_ASAP7_75t_R   asap7sc7p5t_SIMPLE_RVT_TT_nldm_211120     0.204120       3     0.612360 r
INVx1_ASAP7_75t_R  asap7sc7p5t_INVBUF_RVT_TT_nldm_211120     0.043740      80     3.499200
NAND2xp5_ASAP7_75t_R asap7sc7p5t_SIMPLE_RVT_TT_nldm_211120     0.058320      58     3.382560
NAND3xp33_ASAP7_75t_R asap7sc7p5t_SIMPLE_RVT_TT_nldm_211120     0.072900       1     0.072900
NAND4xp25_ASAP7_75t_R asap7sc7p5t_SIMPLE_RVT_TT_nldm_211120     0.087480       2     0.174960
NOR2xp33_ASAP7_75t_R asap7sc7p5t_SIMPLE_RVT_TT_nldm_211120     0.058320       7     0.408240
O2A1O1Ixp33_ASAP7_75t_R asap7sc7p5t_OA_RVT_TT_nldm_211120     0.087480       2     0.174960
OA21x2_ASAP7_75t_R asap7sc7p5t_OA_RVT_TT_nldm_211120     0.102060       3     0.306180
OAI21xp5_ASAP7_75t_R asap7sc7p5t_OA_RVT_TT_nldm_211120     0.072900      15     1.093500
OAI31xp33_ASAP7_75t_R asap7sc7p5t_OA_RVT_TT_nldm_211120     0.087480       1     0.087480
OR2x2_ASAP7_75t_R  asap7sc7p5t_SIMPLE_RVT_TT_nldm_211120     0.087480       1     0.087480
XNOR2xp5_ASAP7_75t_R asap7sc7p5t_SIMPLE_RVT_TT_nldm_211120     0.131220      16     2.099520
XOR2xp5_ASAP7_75t_R asap7sc7p5t_SIMPLE_RVT_TT_nldm_211120     0.131220       4     0.524880
-----------------------------------------------------------------------------
Total 17 references                                    13.661460

****************************************
Design: fp32_exp_DW02_mult_0 
****************************************
Reference          Library       Unit Area   Count    Total Area   Attributes
-----------------------------------------------------------------------------
AND2x2_ASAP7_75t_R asap7sc7p5t_SIMPLE_RVT_TT_nldm_211120     0.087480      24     2.099520
FAx1_ASAP7_75t_R   asap7sc7p5t_SIMPLE_RVT_TT_nldm_211120     0.204120      28     5.715360 r
INVx1_ASAP7_75t_R  asap7sc7p5t_INVBUF_RVT_TT_nldm_211120     0.043740      70     3.061800
NOR2xp33_ASAP7_75t_R asap7sc7p5t_SIMPLE_RVT_TT_nldm_211120     0.058320      38     2.216160
TIELOx1_ASAP7_75t_R asap7sc7p5t_SIMPLE_RVT_TT_nldm_211120     0.043740       1     0.043740
XOR2xp5_ASAP7_75t_R asap7sc7p5t_SIMPLE_RVT_TT_nldm_211120     0.131220      14     1.837080
fp32_exp_DW01_add_38              2.886840       1      2.886840  h
-----------------------------------------------------------------------------
Total 7 references                                     17.860500

****************************************
Design: fp32_exp_DW01_add_38 
****************************************
Reference          Library       Unit Area   Count    Total Area   Attributes
-----------------------------------------------------------------------------
AND2x2_ASAP7_75t_R asap7sc7p5t_SIMPLE_RVT_TT_nldm_211120     0.087480       1     0.087480
AOI21xp5_ASAP7_75t_R asap7sc7p5t_AO_RVT_TT_nldm_211120     0.072900       1     0.072900
FAx1_ASAP7_75t_R   asap7sc7p5t_SIMPLE_RVT_TT_nldm_211120     0.204120       2     0.408240 r
INVx1_ASAP7_75t_R  asap7sc7p5t_INVBUF_RVT_TT_nldm_211120     0.043740      12     0.524880
NAND2xp5_ASAP7_75t_R asap7sc7p5t_SIMPLE_RVT_TT_nldm_211120     0.058320      13     0.758160
NOR2xp33_ASAP7_75t_R asap7sc7p5t_SIMPLE_RVT_TT_nldm_211120     0.058320       1     0.058320
OA21x2_ASAP7_75t_R asap7sc7p5t_OA_RVT_TT_nldm_211120     0.102060       1     0.102060
OAI21xp5_ASAP7_75t_R asap7sc7p5t_OA_RVT_TT_nldm_211120     0.072900       3     0.218700
XNOR2xp5_ASAP7_75t_R asap7sc7p5t_SIMPLE_RVT_TT_nldm_211120     0.131220       3     0.393660
XOR2xp5_ASAP7_75t_R asap7sc7p5t_SIMPLE_RVT_TT_nldm_211120     0.131220       2     0.262440
-----------------------------------------------------------------------------
Total 10 references                                     2.886840

****************************************
Design: fp32_exp_DW02_mult_1 
****************************************
Reference          Library       Unit Area   Count    Total Area   Attributes
-----------------------------------------------------------------------------
AND2x2_ASAP7_75t_R asap7sc7p5t_SIMPLE_RVT_TT_nldm_211120     0.087480      24     2.099520
FAx1_ASAP7_75t_R   asap7sc7p5t_SIMPLE_RVT_TT_nldm_211120     0.204120      28     5.715360 r
INVx1_ASAP7_75t_R  asap7sc7p5t_INVBUF_RVT_TT_nldm_211120     0.043740      69     3.018060
INVxp33_ASAP7_75t_R asap7sc7p5t_INVBUF_RVT_TT_nldm_211120     0.043740       1     0.043740
NOR2xp33_ASAP7_75t_R asap7sc7p5t_SIMPLE_RVT_TT_nldm_211120     0.058320      38     2.216160
TIELOx1_ASAP7_75t_R asap7sc7p5t_SIMPLE_RVT_TT_nldm_211120     0.043740       1     0.043740
XOR2xp5_ASAP7_75t_R asap7sc7p5t_SIMPLE_RVT_TT_nldm_211120     0.131220      14     1.837080
fp32_exp_DW01_add_J14_2           2.886840       1      2.886840  h
-----------------------------------------------------------------------------
Total 8 references                                     17.860500

****************************************
Design: fp32_exp_DW01_add_J14_2 
****************************************
Reference          Library       Unit Area   Count    Total Area   Attributes
-----------------------------------------------------------------------------
AND2x2_ASAP7_75t_R asap7sc7p5t_SIMPLE_RVT_TT_nldm_211120     0.087480       1     0.087480
AOI21xp5_ASAP7_75t_R asap7sc7p5t_AO_RVT_TT_nldm_211120     0.072900       1     0.072900
FAx1_ASAP7_75t_R   asap7sc7p5t_SIMPLE_RVT_TT_nldm_211120     0.204120       2     0.408240 r
INVx1_ASAP7_75t_R  asap7sc7p5t_INVBUF_RVT_TT_nldm_211120     0.043740      12     0.524880
NAND2xp5_ASAP7_75t_R asap7sc7p5t_SIMPLE_RVT_TT_nldm_211120     0.058320      13     0.758160
NOR2xp33_ASAP7_75t_R asap7sc7p5t_SIMPLE_RVT_TT_nldm_211120     0.058320       1     0.058320
OA21x2_ASAP7_75t_R asap7sc7p5t_OA_RVT_TT_nldm_211120     0.102060       1     0.102060
OAI21xp5_ASAP7_75t_R asap7sc7p5t_OA_RVT_TT_nldm_211120     0.072900       3     0.218700
XNOR2xp5_ASAP7_75t_R asap7sc7p5t_SIMPLE_RVT_TT_nldm_211120     0.131220       3     0.393660
XOR2xp5_ASAP7_75t_R asap7sc7p5t_SIMPLE_RVT_TT_nldm_211120     0.131220       2     0.262440
-----------------------------------------------------------------------------
Total 10 references                                     2.886840

****************************************
Design: fp32_exp_DW02_mult_2 
****************************************
Reference          Library       Unit Area   Count    Total Area   Attributes
-----------------------------------------------------------------------------
AND2x2_ASAP7_75t_R asap7sc7p5t_SIMPLE_RVT_TT_nldm_211120     0.087480      24     2.099520
FAx1_ASAP7_75t_R   asap7sc7p5t_SIMPLE_RVT_TT_nldm_211120     0.204120      28     5.715360 r
INVx1_ASAP7_75t_R  asap7sc7p5t_INVBUF_RVT_TT_nldm_211120     0.043740      70     3.061800
NOR2xp33_ASAP7_75t_R asap7sc7p5t_SIMPLE_RVT_TT_nldm_211120     0.058320      38     2.216160
TIELOx1_ASAP7_75t_R asap7sc7p5t_SIMPLE_RVT_TT_nldm_211120     0.043740       1     0.043740
XOR2xp5_ASAP7_75t_R asap7sc7p5t_SIMPLE_RVT_TT_nldm_211120     0.131220      14     1.837080
fp32_exp_DW01_add_J14_1           2.886840       1      2.886840  h
-----------------------------------------------------------------------------
Total 7 references                                     17.860500

****************************************
Design: fp32_exp_DW01_add_J14_1 
****************************************
Reference          Library       Unit Area   Count    Total Area   Attributes
-----------------------------------------------------------------------------
AND2x2_ASAP7_75t_R asap7sc7p5t_SIMPLE_RVT_TT_nldm_211120     0.087480       1     0.087480
AOI21xp5_ASAP7_75t_R asap7sc7p5t_AO_RVT_TT_nldm_211120     0.072900       1     0.072900
FAx1_ASAP7_75t_R   asap7sc7p5t_SIMPLE_RVT_TT_nldm_211120     0.204120       2     0.408240 r
INVx1_ASAP7_75t_R  asap7sc7p5t_INVBUF_RVT_TT_nldm_211120     0.043740      12     0.524880
NAND2xp5_ASAP7_75t_R asap7sc7p5t_SIMPLE_RVT_TT_nldm_211120     0.058320      13     0.758160
NOR2xp33_ASAP7_75t_R asap7sc7p5t_SIMPLE_RVT_TT_nldm_211120     0.058320       1     0.058320
OA21x2_ASAP7_75t_R asap7sc7p5t_OA_RVT_TT_nldm_211120     0.102060       1     0.102060
OAI21xp5_ASAP7_75t_R asap7sc7p5t_OA_RVT_TT_nldm_211120     0.072900       3     0.218700
XNOR2xp5_ASAP7_75t_R asap7sc7p5t_SIMPLE_RVT_TT_nldm_211120     0.131220       3     0.393660
XOR2xp5_ASAP7_75t_R asap7sc7p5t_SIMPLE_RVT_TT_nldm_211120     0.131220       2     0.262440
-----------------------------------------------------------------------------
Total 10 references                                     2.886840

****************************************
Design: fp32_exp_DW02_mult_3 
****************************************
Reference          Library       Unit Area   Count    Total Area   Attributes
-----------------------------------------------------------------------------
AND2x2_ASAP7_75t_R asap7sc7p5t_SIMPLE_RVT_TT_nldm_211120     0.087480      24     2.099520
FAx1_ASAP7_75t_R   asap7sc7p5t_SIMPLE_RVT_TT_nldm_211120     0.204120      28     5.715360 r
INVx1_ASAP7_75t_R  asap7sc7p5t_INVBUF_RVT_TT_nldm_211120     0.043740      70     3.061800
NOR2xp33_ASAP7_75t_R asap7sc7p5t_SIMPLE_RVT_TT_nldm_211120     0.058320      38     2.216160
TIELOx1_ASAP7_75t_R asap7sc7p5t_SIMPLE_RVT_TT_nldm_211120     0.043740       1     0.043740
XOR2xp5_ASAP7_75t_R asap7sc7p5t_SIMPLE_RVT_TT_nldm_211120     0.131220      14     1.837080
fp32_exp_DW01_add_J14_0           2.886840       1      2.886840  h
-----------------------------------------------------------------------------
Total 7 references                                     17.860500

****************************************
Design: fp32_exp_DW01_add_J14_0 
****************************************
Reference          Library       Unit Area   Count    Total Area   Attributes
-----------------------------------------------------------------------------
AND2x2_ASAP7_75t_R asap7sc7p5t_SIMPLE_RVT_TT_nldm_211120     0.087480       1     0.087480
AOI21xp5_ASAP7_75t_R asap7sc7p5t_AO_RVT_TT_nldm_211120     0.072900       1     0.072900
FAx1_ASAP7_75t_R   asap7sc7p5t_SIMPLE_RVT_TT_nldm_211120     0.204120       2     0.408240 r
INVx1_ASAP7_75t_R  asap7sc7p5t_INVBUF_RVT_TT_nldm_211120     0.043740      12     0.524880
NAND2xp5_ASAP7_75t_R asap7sc7p5t_SIMPLE_RVT_TT_nldm_211120     0.058320      13     0.758160
NOR2xp33_ASAP7_75t_R asap7sc7p5t_SIMPLE_RVT_TT_nldm_211120     0.058320       1     0.058320
OA21x2_ASAP7_75t_R asap7sc7p5t_OA_RVT_TT_nldm_211120     0.102060       1     0.102060
OAI21xp5_ASAP7_75t_R asap7sc7p5t_OA_RVT_TT_nldm_211120     0.072900       3     0.218700
XNOR2xp5_ASAP7_75t_R asap7sc7p5t_SIMPLE_RVT_TT_nldm_211120     0.131220       3     0.393660
XOR2xp5_ASAP7_75t_R asap7sc7p5t_SIMPLE_RVT_TT_nldm_211120     0.131220       2     0.262440
-----------------------------------------------------------------------------
Total 10 references                                     2.886840

****************************************
Design: fp32_exp_DW02_mult_4 
****************************************
Reference          Library       Unit Area   Count    Total Area   Attributes
-----------------------------------------------------------------------------
AND2x2_ASAP7_75t_R asap7sc7p5t_SIMPLE_RVT_TT_nldm_211120     0.087480      16     1.399680
FAx1_ASAP7_75t_R   asap7sc7p5t_SIMPLE_RVT_TT_nldm_211120     0.204120      32     6.531840 r
INVx1_ASAP7_75t_R  asap7sc7p5t_INVBUF_RVT_TT_nldm_211120     0.043740      79     3.455460
NOR2xp33_ASAP7_75t_R asap7sc7p5t_SIMPLE_RVT_TT_nldm_211120     0.058320      54     3.149280
TIELOx1_ASAP7_75t_R asap7sc7p5t_SIMPLE_RVT_TT_nldm_211120     0.043740       1     0.043740
XOR2xp5_ASAP7_75t_R asap7sc7p5t_SIMPLE_RVT_TT_nldm_211120     0.131220      16     2.099520
fp32_exp_DW01_add_18              3.149280       1      3.149280  h
-----------------------------------------------------------------------------
Total 7 references                                     19.828800

****************************************
Design: fp32_exp_DW01_add_18 
****************************************
Reference          Library       Unit Area   Count    Total Area   Attributes
-----------------------------------------------------------------------------
AND2x2_ASAP7_75t_R asap7sc7p5t_SIMPLE_RVT_TT_nldm_211120     0.087480       4     0.349920
AOI21x1_ASAP7_75t_R asap7sc7p5t_AO_RVT_TT_nldm_211120     0.116640       1     0.116640
AOI21xp5_ASAP7_75t_R asap7sc7p5t_AO_RVT_TT_nldm_211120     0.072900       2     0.145800
INVx1_ASAP7_75t_R  asap7sc7p5t_INVBUF_RVT_TT_nldm_211120     0.043740       7     0.306180
NAND2xp33_ASAP7_75t_R asap7sc7p5t_SIMPLE_RVT_TT_nldm_211120     0.058320       7     0.408240
NOR2xp33_ASAP7_75t_R asap7sc7p5t_SIMPLE_RVT_TT_nldm_211120     0.058320       9     0.524880
OA21x2_ASAP7_75t_R asap7sc7p5t_OA_RVT_TT_nldm_211120     0.102060       1     0.102060
OAI21x1_ASAP7_75t_R asap7sc7p5t_OA_RVT_TT_nldm_211120     0.116640       1     0.116640
OAI21xp5_ASAP7_75t_R asap7sc7p5t_OA_RVT_TT_nldm_211120     0.072900       1     0.072900
OR2x2_ASAP7_75t_R  asap7sc7p5t_SIMPLE_RVT_TT_nldm_211120     0.087480       1     0.087480
XNOR2xp5_ASAP7_75t_R asap7sc7p5t_SIMPLE_RVT_TT_nldm_211120     0.131220       1     0.131220
XOR2xp5_ASAP7_75t_R asap7sc7p5t_SIMPLE_RVT_TT_nldm_211120     0.131220       6     0.787320
-----------------------------------------------------------------------------
Total 12 references                                     3.149280

****************************************
Design: fp32_exp_DW02_mult_5 
****************************************
Reference          Library       Unit Area   Count    Total Area   Attributes
-----------------------------------------------------------------------------
AND2x2_ASAP7_75t_R asap7sc7p5t_SIMPLE_RVT_TT_nldm_211120     0.087480      16     1.399680
FAx1_ASAP7_75t_R   asap7sc7p5t_SIMPLE_RVT_TT_nldm_211120     0.204120      32     6.531840 r
INVx1_ASAP7_75t_R  asap7sc7p5t_INVBUF_RVT_TT_nldm_211120     0.043740      78     3.411720
INVx2_ASAP7_75t_R  asap7sc7p5t_INVBUF_RVT_TT_nldm_211120     0.058320       1     0.058320
NOR2xp33_ASAP7_75t_R asap7sc7p5t_SIMPLE_RVT_TT_nldm_211120     0.058320      54     3.149280
TIELOx1_ASAP7_75t_R asap7sc7p5t_SIMPLE_RVT_TT_nldm_211120     0.043740       1     0.043740
XOR2xp5_ASAP7_75t_R asap7sc7p5t_SIMPLE_RVT_TT_nldm_211120     0.131220      16     2.099520
fp32_exp_DW01_add_19              3.105540       1      3.105540  h
-----------------------------------------------------------------------------
Total 8 references                                     19.799640

****************************************
Design: fp32_exp_DW01_add_19 
****************************************
Reference          Library       Unit Area   Count    Total Area   Attributes
-----------------------------------------------------------------------------
AND2x2_ASAP7_75t_R asap7sc7p5t_SIMPLE_RVT_TT_nldm_211120     0.087480       4     0.349920
AOI21x1_ASAP7_75t_R asap7sc7p5t_AO_RVT_TT_nldm_211120     0.116640       1     0.116640
AOI21xp5_ASAP7_75t_R asap7sc7p5t_AO_RVT_TT_nldm_211120     0.072900       2     0.145800
INVx1_ASAP7_75t_R  asap7sc7p5t_INVBUF_RVT_TT_nldm_211120     0.043740       7     0.306180
NAND2xp33_ASAP7_75t_R asap7sc7p5t_SIMPLE_RVT_TT_nldm_211120     0.058320       7     0.408240
NOR2xp33_ASAP7_75t_R asap7sc7p5t_SIMPLE_RVT_TT_nldm_211120     0.058320       9     0.524880
OA21x2_ASAP7_75t_R asap7sc7p5t_OA_RVT_TT_nldm_211120     0.102060       1     0.102060
OAI21xp5_ASAP7_75t_R asap7sc7p5t_OA_RVT_TT_nldm_211120     0.072900       2     0.145800
OR2x2_ASAP7_75t_R  asap7sc7p5t_SIMPLE_RVT_TT_nldm_211120     0.087480       1     0.087480
XNOR2xp5_ASAP7_75t_R asap7sc7p5t_SIMPLE_RVT_TT_nldm_211120     0.131220       1     0.131220
XOR2xp5_ASAP7_75t_R asap7sc7p5t_SIMPLE_RVT_TT_nldm_211120     0.131220       6     0.787320
-----------------------------------------------------------------------------
Total 11 references                                     3.105540

****************************************
Design: fp32_exp_DW02_mult_6 
****************************************
Reference          Library       Unit Area   Count    Total Area   Attributes
-----------------------------------------------------------------------------
AND2x2_ASAP7_75t_R asap7sc7p5t_SIMPLE_RVT_TT_nldm_211120     0.087480      16     1.399680
FAx1_ASAP7_75t_R   asap7sc7p5t_SIMPLE_RVT_TT_nldm_211120     0.204120      32     6.531840 r
INVx1_ASAP7_75t_R  asap7sc7p5t_INVBUF_RVT_TT_nldm_211120     0.043740      79     3.455460
NOR2xp33_ASAP7_75t_R asap7sc7p5t_SIMPLE_RVT_TT_nldm_211120     0.058320      54     3.149280
TIELOx1_ASAP7_75t_R asap7sc7p5t_SIMPLE_RVT_TT_nldm_211120     0.043740       1     0.043740
XOR2xp5_ASAP7_75t_R asap7sc7p5t_SIMPLE_RVT_TT_nldm_211120     0.131220      16     2.099520
fp32_exp_DW01_add_20              3.149280       1      3.149280  h
-----------------------------------------------------------------------------
Total 7 references                                     19.828800

****************************************
Design: fp32_exp_DW01_add_20 
****************************************
Reference          Library       Unit Area   Count    Total Area   Attributes
-----------------------------------------------------------------------------
AND2x2_ASAP7_75t_R asap7sc7p5t_SIMPLE_RVT_TT_nldm_211120     0.087480       4     0.349920
AOI21x1_ASAP7_75t_R asap7sc7p5t_AO_RVT_TT_nldm_211120     0.116640       1     0.116640
AOI21xp5_ASAP7_75t_R asap7sc7p5t_AO_RVT_TT_nldm_211120     0.072900       2     0.145800
INVx1_ASAP7_75t_R  asap7sc7p5t_INVBUF_RVT_TT_nldm_211120     0.043740       7     0.306180
NAND2xp33_ASAP7_75t_R asap7sc7p5t_SIMPLE_RVT_TT_nldm_211120     0.058320       7     0.408240
NOR2xp33_ASAP7_75t_R asap7sc7p5t_SIMPLE_RVT_TT_nldm_211120     0.058320       9     0.524880
OA21x2_ASAP7_75t_R asap7sc7p5t_OA_RVT_TT_nldm_211120     0.102060       1     0.102060
OAI21x1_ASAP7_75t_R asap7sc7p5t_OA_RVT_TT_nldm_211120     0.116640       1     0.116640
OAI21xp5_ASAP7_75t_R asap7sc7p5t_OA_RVT_TT_nldm_211120     0.072900       1     0.072900
OR2x2_ASAP7_75t_R  asap7sc7p5t_SIMPLE_RVT_TT_nldm_211120     0.087480       1     0.087480
XNOR2xp5_ASAP7_75t_R asap7sc7p5t_SIMPLE_RVT_TT_nldm_211120     0.131220       1     0.131220
XOR2xp5_ASAP7_75t_R asap7sc7p5t_SIMPLE_RVT_TT_nldm_211120     0.131220       6     0.787320
-----------------------------------------------------------------------------
Total 12 references                                     3.149280

****************************************
Design: fp32_exp_DW02_mult_7 
****************************************
Reference          Library       Unit Area   Count    Total Area   Attributes
-----------------------------------------------------------------------------
AND2x2_ASAP7_75t_R asap7sc7p5t_SIMPLE_RVT_TT_nldm_211120     0.087480      16     1.399680
FAx1_ASAP7_75t_R   asap7sc7p5t_SIMPLE_RVT_TT_nldm_211120     0.204120      32     6.531840 r
INVx1_ASAP7_75t_R  asap7sc7p5t_INVBUF_RVT_TT_nldm_211120     0.043740      79     3.455460
NOR2xp33_ASAP7_75t_R asap7sc7p5t_SIMPLE_RVT_TT_nldm_211120     0.058320      54     3.149280
TIELOx1_ASAP7_75t_R asap7sc7p5t_SIMPLE_RVT_TT_nldm_211120     0.043740       1     0.043740
XOR2xp5_ASAP7_75t_R asap7sc7p5t_SIMPLE_RVT_TT_nldm_211120     0.131220      16     2.099520
fp32_exp_DW01_add_21              3.178440       1      3.178440  h
-----------------------------------------------------------------------------
Total 7 references                                     19.857960

****************************************
Design: fp32_exp_DW01_add_21 
****************************************
Reference          Library       Unit Area   Count    Total Area   Attributes
-----------------------------------------------------------------------------
AND2x2_ASAP7_75t_R asap7sc7p5t_SIMPLE_RVT_TT_nldm_211120     0.087480       4     0.349920
AOI21x1_ASAP7_75t_R asap7sc7p5t_AO_RVT_TT_nldm_211120     0.116640       1     0.116640
AOI21xp5_ASAP7_75t_R asap7sc7p5t_AO_RVT_TT_nldm_211120     0.072900       2     0.145800
AOI21xp33_ASAP7_75t_R asap7sc7p5t_AO_RVT_TT_nldm_211120     0.072900       1     0.072900
INVx1_ASAP7_75t_R  asap7sc7p5t_INVBUF_RVT_TT_nldm_211120     0.043740       7     0.306180
NAND2xp33_ASAP7_75t_R asap7sc7p5t_SIMPLE_RVT_TT_nldm_211120     0.058320       7     0.408240
NOR2xp33_ASAP7_75t_R asap7sc7p5t_SIMPLE_RVT_TT_nldm_211120     0.058320       9     0.524880
OA21x2_ASAP7_75t_R asap7sc7p5t_OA_RVT_TT_nldm_211120     0.102060       1     0.102060
OAI21xp5_ASAP7_75t_R asap7sc7p5t_OA_RVT_TT_nldm_211120     0.072900       2     0.145800
OR2x2_ASAP7_75t_R  asap7sc7p5t_SIMPLE_RVT_TT_nldm_211120     0.087480       1     0.087480
XNOR2xp5_ASAP7_75t_R asap7sc7p5t_SIMPLE_RVT_TT_nldm_211120     0.131220       1     0.131220
XOR2xp5_ASAP7_75t_R asap7sc7p5t_SIMPLE_RVT_TT_nldm_211120     0.131220       6     0.787320
-----------------------------------------------------------------------------
Total 12 references                                     3.178440

****************************************
Design: fp32_exp_DW02_mult_8 
****************************************
Reference          Library       Unit Area   Count    Total Area   Attributes
-----------------------------------------------------------------------------
AND2x2_ASAP7_75t_R asap7sc7p5t_SIMPLE_RVT_TT_nldm_211120     0.087480       9     0.787320
BUFx2_ASAP7_75t_R  asap7sc7p5t_INVBUF_RVT_TT_nldm_211120     0.072900       1     0.072900
FAx1_ASAP7_75t_R   asap7sc7p5t_SIMPLE_RVT_TT_nldm_211120     0.204120       5     1.020600 r
INVx1_ASAP7_75t_R  asap7sc7p5t_INVBUF_RVT_TT_nldm_211120     0.043740      42     1.837080
NAND2xp5_ASAP7_75t_R asap7sc7p5t_SIMPLE_RVT_TT_nldm_211120     0.058320      20     1.166400
TIELOx1_ASAP7_75t_R asap7sc7p5t_SIMPLE_RVT_TT_nldm_211120     0.043740       1     0.043740
XNOR2xp5_ASAP7_75t_R asap7sc7p5t_SIMPLE_RVT_TT_nldm_211120     0.131220      12     1.574640
XOR2xp5_ASAP7_75t_R asap7sc7p5t_SIMPLE_RVT_TT_nldm_211120     0.131220       9     1.180980
fp32_exp_DW01_add_42              8.296020       1      8.296020  h
-----------------------------------------------------------------------------
Total 9 references                                     15.979680

****************************************
Design: fp32_exp_DW01_add_42 
****************************************
Reference          Library       Unit Area   Count    Total Area   Attributes
-----------------------------------------------------------------------------
AND2x2_ASAP7_75t_R asap7sc7p5t_SIMPLE_RVT_TT_nldm_211120     0.087480       2     0.174960
AO21x1_ASAP7_75t_R asap7sc7p5t_AO_RVT_TT_nldm_211120     0.087480       1     0.087480
AOI21xp5_ASAP7_75t_R asap7sc7p5t_AO_RVT_TT_nldm_211120     0.072900       4     0.291600
AOI211xp5_ASAP7_75t_R asap7sc7p5t_AO_RVT_TT_nldm_211120     0.087480       1     0.087480
INVx1_ASAP7_75t_R  asap7sc7p5t_INVBUF_RVT_TT_nldm_211120     0.043740      38     1.662120
NAND2xp5_ASAP7_75t_R asap7sc7p5t_SIMPLE_RVT_TT_nldm_211120     0.058320      19     1.108080
NAND3xp33_ASAP7_75t_R asap7sc7p5t_SIMPLE_RVT_TT_nldm_211120     0.072900       2     0.145800
NOR2x1_ASAP7_75t_R asap7sc7p5t_SIMPLE_RVT_TT_nldm_211120     0.087480       1     0.087480
NOR2xp33_ASAP7_75t_R asap7sc7p5t_SIMPLE_RVT_TT_nldm_211120     0.058320       6     0.349920
NOR3xp33_ASAP7_75t_R asap7sc7p5t_SIMPLE_RVT_TT_nldm_211120     0.072900       1     0.072900
O2A1O1Ixp33_ASAP7_75t_R asap7sc7p5t_OA_RVT_TT_nldm_211120     0.087480       1     0.087480
OA21x2_ASAP7_75t_R asap7sc7p5t_OA_RVT_TT_nldm_211120     0.102060       2     0.204120
OAI21xp5_ASAP7_75t_R asap7sc7p5t_OA_RVT_TT_nldm_211120     0.072900       3     0.218700
OR2x2_ASAP7_75t_R  asap7sc7p5t_SIMPLE_RVT_TT_nldm_211120     0.087480      11     0.962280
XNOR2xp5_ASAP7_75t_R asap7sc7p5t_SIMPLE_RVT_TT_nldm_211120     0.131220      12     1.574640
XOR2xp5_ASAP7_75t_R asap7sc7p5t_SIMPLE_RVT_TT_nldm_211120     0.131220       9     1.180980
-----------------------------------------------------------------------------
Total 16 references                                     8.296020

****************************************
Design: fp32_exp_DW02_mult_9 
****************************************
Reference          Library       Unit Area   Count    Total Area   Attributes
-----------------------------------------------------------------------------
AND2x2_ASAP7_75t_R asap7sc7p5t_SIMPLE_RVT_TT_nldm_211120     0.087480      10     0.874800
BUFx2_ASAP7_75t_R  asap7sc7p5t_INVBUF_RVT_TT_nldm_211120     0.072900       1     0.072900
FAx1_ASAP7_75t_R   asap7sc7p5t_SIMPLE_RVT_TT_nldm_211120     0.204120      15     3.061800 r
INVx1_ASAP7_75t_R  asap7sc7p5t_INVBUF_RVT_TT_nldm_211120     0.043740      42     1.837080
NAND2xp5_ASAP7_75t_R asap7sc7p5t_SIMPLE_RVT_TT_nldm_211120     0.058320      10     0.583200
TIELOx1_ASAP7_75t_R asap7sc7p5t_SIMPLE_RVT_TT_nldm_211120     0.043740       1     0.043740
XNOR2xp5_ASAP7_75t_R asap7sc7p5t_SIMPLE_RVT_TT_nldm_211120     0.131220       2     0.262440
XOR2xp5_ASAP7_75t_R asap7sc7p5t_SIMPLE_RVT_TT_nldm_211120     0.131220      10     1.312200
fp32_exp_DW01_add_J14_6           8.689680       1      8.689680  h
-----------------------------------------------------------------------------
Total 9 references                                     16.737840

****************************************
Design: fp32_exp_DW01_add_J14_6 
****************************************
Reference          Library       Unit Area   Count    Total Area   Attributes
-----------------------------------------------------------------------------
AND2x2_ASAP7_75t_R asap7sc7p5t_SIMPLE_RVT_TT_nldm_211120     0.087480       2     0.174960
AO21x1_ASAP7_75t_R asap7sc7p5t_AO_RVT_TT_nldm_211120     0.087480       1     0.087480
AOI21xp5_ASAP7_75t_R asap7sc7p5t_AO_RVT_TT_nldm_211120     0.072900       5     0.364500
AOI211xp5_ASAP7_75t_R asap7sc7p5t_AO_RVT_TT_nldm_211120     0.087480       1     0.087480
INVx1_ASAP7_75t_R  asap7sc7p5t_INVBUF_RVT_TT_nldm_211120     0.043740      30     1.312200
NAND2xp5_ASAP7_75t_R asap7sc7p5t_SIMPLE_RVT_TT_nldm_211120     0.058320      22     1.283040
NAND3xp33_ASAP7_75t_R asap7sc7p5t_SIMPLE_RVT_TT_nldm_211120     0.072900       2     0.145800
NOR2x1_ASAP7_75t_R asap7sc7p5t_SIMPLE_RVT_TT_nldm_211120     0.087480       1     0.087480
NOR2xp33_ASAP7_75t_R asap7sc7p5t_SIMPLE_RVT_TT_nldm_211120     0.058320       9     0.524880
NOR3xp33_ASAP7_75t_R asap7sc7p5t_SIMPLE_RVT_TT_nldm_211120     0.072900       1     0.072900
O2A1O1Ixp33_ASAP7_75t_R asap7sc7p5t_OA_RVT_TT_nldm_211120     0.087480       1     0.087480
OA21x2_ASAP7_75t_R asap7sc7p5t_OA_RVT_TT_nldm_211120     0.102060       3     0.306180
OAI21xp5_ASAP7_75t_R asap7sc7p5t_OA_RVT_TT_nldm_211120     0.072900       3     0.218700
OR2x2_ASAP7_75t_R  asap7sc7p5t_SIMPLE_RVT_TT_nldm_211120     0.087480      12     1.049760
XNOR2xp5_ASAP7_75t_R asap7sc7p5t_SIMPLE_RVT_TT_nldm_211120     0.131220      13     1.705860
XOR2xp5_ASAP7_75t_R asap7sc7p5t_SIMPLE_RVT_TT_nldm_211120     0.131220       9     1.180980
-----------------------------------------------------------------------------
Total 16 references                                     8.689680

****************************************
Design: fp32_exp_DW02_mult_10 
****************************************
Reference          Library       Unit Area   Count    Total Area   Attributes
-----------------------------------------------------------------------------
AND2x2_ASAP7_75t_R asap7sc7p5t_SIMPLE_RVT_TT_nldm_211120     0.087480      10     0.874800
BUFx2_ASAP7_75t_R  asap7sc7p5t_INVBUF_RVT_TT_nldm_211120     0.072900       1     0.072900
FAx1_ASAP7_75t_R   asap7sc7p5t_SIMPLE_RVT_TT_nldm_211120     0.204120      15     3.061800 r
INVx1_ASAP7_75t_R  asap7sc7p5t_INVBUF_RVT_TT_nldm_211120     0.043740      42     1.837080
NAND2xp5_ASAP7_75t_R asap7sc7p5t_SIMPLE_RVT_TT_nldm_211120     0.058320      10     0.583200
TIELOx1_ASAP7_75t_R asap7sc7p5t_SIMPLE_RVT_TT_nldm_211120     0.043740       1     0.043740
XNOR2xp5_ASAP7_75t_R asap7sc7p5t_SIMPLE_RVT_TT_nldm_211120     0.131220       2     0.262440
XOR2xp5_ASAP7_75t_R asap7sc7p5t_SIMPLE_RVT_TT_nldm_211120     0.131220      10     1.312200
fp32_exp_DW01_add_41              8.689680       1      8.689680  h
-----------------------------------------------------------------------------
Total 9 references                                     16.737840

****************************************
Design: fp32_exp_DW01_add_41 
****************************************
Reference          Library       Unit Area   Count    Total Area   Attributes
-----------------------------------------------------------------------------
AND2x2_ASAP7_75t_R asap7sc7p5t_SIMPLE_RVT_TT_nldm_211120     0.087480       2     0.174960
AO21x1_ASAP7_75t_R asap7sc7p5t_AO_RVT_TT_nldm_211120     0.087480       1     0.087480
AOI21xp5_ASAP7_75t_R asap7sc7p5t_AO_RVT_TT_nldm_211120     0.072900       5     0.364500
AOI211xp5_ASAP7_75t_R asap7sc7p5t_AO_RVT_TT_nldm_211120     0.087480       1     0.087480
INVx1_ASAP7_75t_R  asap7sc7p5t_INVBUF_RVT_TT_nldm_211120     0.043740      30     1.312200
NAND2xp5_ASAP7_75t_R asap7sc7p5t_SIMPLE_RVT_TT_nldm_211120     0.058320      22     1.283040
NAND3xp33_ASAP7_75t_R asap7sc7p5t_SIMPLE_RVT_TT_nldm_211120     0.072900       2     0.145800
NOR2x1_ASAP7_75t_R asap7sc7p5t_SIMPLE_RVT_TT_nldm_211120     0.087480       1     0.087480
NOR2xp33_ASAP7_75t_R asap7sc7p5t_SIMPLE_RVT_TT_nldm_211120     0.058320       9     0.524880
NOR3xp33_ASAP7_75t_R asap7sc7p5t_SIMPLE_RVT_TT_nldm_211120     0.072900       1     0.072900
O2A1O1Ixp33_ASAP7_75t_R asap7sc7p5t_OA_RVT_TT_nldm_211120     0.087480       1     0.087480
OA21x2_ASAP7_75t_R asap7sc7p5t_OA_RVT_TT_nldm_211120     0.102060       3     0.306180
OAI21xp5_ASAP7_75t_R asap7sc7p5t_OA_RVT_TT_nldm_211120     0.072900       3     0.218700
OR2x2_ASAP7_75t_R  asap7sc7p5t_SIMPLE_RVT_TT_nldm_211120     0.087480      12     1.049760
XNOR2xp5_ASAP7_75t_R asap7sc7p5t_SIMPLE_RVT_TT_nldm_211120     0.131220      13     1.705860
XOR2xp5_ASAP7_75t_R asap7sc7p5t_SIMPLE_RVT_TT_nldm_211120     0.131220       9     1.180980
-----------------------------------------------------------------------------
Total 16 references                                     8.689680

****************************************
Design: fp32_exp_DW02_mult_11 
****************************************
Reference          Library       Unit Area   Count    Total Area   Attributes
-----------------------------------------------------------------------------
AND2x2_ASAP7_75t_R asap7sc7p5t_SIMPLE_RVT_TT_nldm_211120     0.087480      10     0.874800
BUFx2_ASAP7_75t_R  asap7sc7p5t_INVBUF_RVT_TT_nldm_211120     0.072900       1     0.072900
FAx1_ASAP7_75t_R   asap7sc7p5t_SIMPLE_RVT_TT_nldm_211120     0.204120      15     3.061800 r
INVx1_ASAP7_75t_R  asap7sc7p5t_INVBUF_RVT_TT_nldm_211120     0.043740      42     1.837080
NAND2xp5_ASAP7_75t_R asap7sc7p5t_SIMPLE_RVT_TT_nldm_211120     0.058320      10     0.583200
TIELOx1_ASAP7_75t_R asap7sc7p5t_SIMPLE_RVT_TT_nldm_211120     0.043740       1     0.043740
XNOR2xp5_ASAP7_75t_R asap7sc7p5t_SIMPLE_RVT_TT_nldm_211120     0.131220       2     0.262440
XOR2xp5_ASAP7_75t_R asap7sc7p5t_SIMPLE_RVT_TT_nldm_211120     0.131220      10     1.312200
fp32_exp_DW01_add_J14_5           8.689680       1      8.689680  h
-----------------------------------------------------------------------------
Total 9 references                                     16.737840

****************************************
Design: fp32_exp_DW01_add_J14_5 
****************************************
Reference          Library       Unit Area   Count    Total Area   Attributes
-----------------------------------------------------------------------------
AND2x2_ASAP7_75t_R asap7sc7p5t_SIMPLE_RVT_TT_nldm_211120     0.087480       2     0.174960
AO21x1_ASAP7_75t_R asap7sc7p5t_AO_RVT_TT_nldm_211120     0.087480       1     0.087480
AOI21xp5_ASAP7_75t_R asap7sc7p5t_AO_RVT_TT_nldm_211120     0.072900       5     0.364500
AOI211xp5_ASAP7_75t_R asap7sc7p5t_AO_RVT_TT_nldm_211120     0.087480       1     0.087480
INVx1_ASAP7_75t_R  asap7sc7p5t_INVBUF_RVT_TT_nldm_211120     0.043740      30     1.312200
NAND2xp5_ASAP7_75t_R asap7sc7p5t_SIMPLE_RVT_TT_nldm_211120     0.058320      22     1.283040
NAND3xp33_ASAP7_75t_R asap7sc7p5t_SIMPLE_RVT_TT_nldm_211120     0.072900       2     0.145800
NOR2x1_ASAP7_75t_R asap7sc7p5t_SIMPLE_RVT_TT_nldm_211120     0.087480       1     0.087480
NOR2xp33_ASAP7_75t_R asap7sc7p5t_SIMPLE_RVT_TT_nldm_211120     0.058320       9     0.524880
NOR3xp33_ASAP7_75t_R asap7sc7p5t_SIMPLE_RVT_TT_nldm_211120     0.072900       1     0.072900
O2A1O1Ixp33_ASAP7_75t_R asap7sc7p5t_OA_RVT_TT_nldm_211120     0.087480       1     0.087480
OA21x2_ASAP7_75t_R asap7sc7p5t_OA_RVT_TT_nldm_211120     0.102060       3     0.306180
OAI21xp5_ASAP7_75t_R asap7sc7p5t_OA_RVT_TT_nldm_211120     0.072900       3     0.218700
OR2x2_ASAP7_75t_R  asap7sc7p5t_SIMPLE_RVT_TT_nldm_211120     0.087480      12     1.049760
XNOR2xp5_ASAP7_75t_R asap7sc7p5t_SIMPLE_RVT_TT_nldm_211120     0.131220      13     1.705860
XOR2xp5_ASAP7_75t_R asap7sc7p5t_SIMPLE_RVT_TT_nldm_211120     0.131220       9     1.180980
-----------------------------------------------------------------------------
Total 16 references                                     8.689680

****************************************
Design: fp32_exp_DW02_mult_12 
****************************************
Reference          Library       Unit Area   Count    Total Area   Attributes
-----------------------------------------------------------------------------
AND2x2_ASAP7_75t_R asap7sc7p5t_SIMPLE_RVT_TT_nldm_211120     0.087480      10     0.874800
BUFx2_ASAP7_75t_R  asap7sc7p5t_INVBUF_RVT_TT_nldm_211120     0.072900       1     0.072900
FAx1_ASAP7_75t_R   asap7sc7p5t_SIMPLE_RVT_TT_nldm_211120     0.204120      15     3.061800 r
INVx1_ASAP7_75t_R  asap7sc7p5t_INVBUF_RVT_TT_nldm_211120     0.043740      42     1.837080
NAND2xp5_ASAP7_75t_R asap7sc7p5t_SIMPLE_RVT_TT_nldm_211120     0.058320      10     0.583200
TIELOx1_ASAP7_75t_R asap7sc7p5t_SIMPLE_RVT_TT_nldm_211120     0.043740       1     0.043740
XNOR2xp5_ASAP7_75t_R asap7sc7p5t_SIMPLE_RVT_TT_nldm_211120     0.131220       2     0.262440
XOR2xp5_ASAP7_75t_R asap7sc7p5t_SIMPLE_RVT_TT_nldm_211120     0.131220      10     1.312200
fp32_exp_DW01_add_40              8.689680       1      8.689680  h
-----------------------------------------------------------------------------
Total 9 references                                     16.737840

****************************************
Design: fp32_exp_DW01_add_40 
****************************************
Reference          Library       Unit Area   Count    Total Area   Attributes
-----------------------------------------------------------------------------
AND2x2_ASAP7_75t_R asap7sc7p5t_SIMPLE_RVT_TT_nldm_211120     0.087480       2     0.174960
AO21x1_ASAP7_75t_R asap7sc7p5t_AO_RVT_TT_nldm_211120     0.087480       1     0.087480
AOI21xp5_ASAP7_75t_R asap7sc7p5t_AO_RVT_TT_nldm_211120     0.072900       5     0.364500
AOI211xp5_ASAP7_75t_R asap7sc7p5t_AO_RVT_TT_nldm_211120     0.087480       1     0.087480
INVx1_ASAP7_75t_R  asap7sc7p5t_INVBUF_RVT_TT_nldm_211120     0.043740      30     1.312200
NAND2xp5_ASAP7_75t_R asap7sc7p5t_SIMPLE_RVT_TT_nldm_211120     0.058320      22     1.283040
NAND3xp33_ASAP7_75t_R asap7sc7p5t_SIMPLE_RVT_TT_nldm_211120     0.072900       2     0.145800
NOR2x1_ASAP7_75t_R asap7sc7p5t_SIMPLE_RVT_TT_nldm_211120     0.087480       1     0.087480
NOR2xp33_ASAP7_75t_R asap7sc7p5t_SIMPLE_RVT_TT_nldm_211120     0.058320       9     0.524880
NOR3xp33_ASAP7_75t_R asap7sc7p5t_SIMPLE_RVT_TT_nldm_211120     0.072900       1     0.072900
O2A1O1Ixp33_ASAP7_75t_R asap7sc7p5t_OA_RVT_TT_nldm_211120     0.087480       1     0.087480
OA21x2_ASAP7_75t_R asap7sc7p5t_OA_RVT_TT_nldm_211120     0.102060       3     0.306180
OAI21xp5_ASAP7_75t_R asap7sc7p5t_OA_RVT_TT_nldm_211120     0.072900       3     0.218700
OR2x2_ASAP7_75t_R  asap7sc7p5t_SIMPLE_RVT_TT_nldm_211120     0.087480      12     1.049760
XNOR2xp5_ASAP7_75t_R asap7sc7p5t_SIMPLE_RVT_TT_nldm_211120     0.131220      13     1.705860
XOR2xp5_ASAP7_75t_R asap7sc7p5t_SIMPLE_RVT_TT_nldm_211120     0.131220       9     1.180980
-----------------------------------------------------------------------------
Total 16 references                                     8.689680

****************************************
Design: fp32_exp_DW02_mult_13 
****************************************
Reference          Library       Unit Area   Count    Total Area   Attributes
-----------------------------------------------------------------------------
AND2x2_ASAP7_75t_R asap7sc7p5t_SIMPLE_RVT_TT_nldm_211120     0.087480      10     0.874800
BUFx2_ASAP7_75t_R  asap7sc7p5t_INVBUF_RVT_TT_nldm_211120     0.072900       1     0.072900
FAx1_ASAP7_75t_R   asap7sc7p5t_SIMPLE_RVT_TT_nldm_211120     0.204120      15     3.061800 r
INVx1_ASAP7_75t_R  asap7sc7p5t_INVBUF_RVT_TT_nldm_211120     0.043740      42     1.837080
NAND2xp5_ASAP7_75t_R asap7sc7p5t_SIMPLE_RVT_TT_nldm_211120     0.058320      10     0.583200
TIELOx1_ASAP7_75t_R asap7sc7p5t_SIMPLE_RVT_TT_nldm_211120     0.043740       1     0.043740
XNOR2xp5_ASAP7_75t_R asap7sc7p5t_SIMPLE_RVT_TT_nldm_211120     0.131220       2     0.262440
XOR2xp5_ASAP7_75t_R asap7sc7p5t_SIMPLE_RVT_TT_nldm_211120     0.131220      10     1.312200
fp32_exp_DW01_add_J14_4           8.689680       1      8.689680  h
-----------------------------------------------------------------------------
Total 9 references                                     16.737840

****************************************
Design: fp32_exp_DW01_add_J14_4 
****************************************
Reference          Library       Unit Area   Count    Total Area   Attributes
-----------------------------------------------------------------------------
AND2x2_ASAP7_75t_R asap7sc7p5t_SIMPLE_RVT_TT_nldm_211120     0.087480       2     0.174960
AO21x1_ASAP7_75t_R asap7sc7p5t_AO_RVT_TT_nldm_211120     0.087480       1     0.087480
AOI21xp5_ASAP7_75t_R asap7sc7p5t_AO_RVT_TT_nldm_211120     0.072900       5     0.364500
AOI211xp5_ASAP7_75t_R asap7sc7p5t_AO_RVT_TT_nldm_211120     0.087480       1     0.087480
INVx1_ASAP7_75t_R  asap7sc7p5t_INVBUF_RVT_TT_nldm_211120     0.043740      30     1.312200
NAND2xp5_ASAP7_75t_R asap7sc7p5t_SIMPLE_RVT_TT_nldm_211120     0.058320      22     1.283040
NAND3xp33_ASAP7_75t_R asap7sc7p5t_SIMPLE_RVT_TT_nldm_211120     0.072900       2     0.145800
NOR2x1_ASAP7_75t_R asap7sc7p5t_SIMPLE_RVT_TT_nldm_211120     0.087480       1     0.087480
NOR2xp33_ASAP7_75t_R asap7sc7p5t_SIMPLE_RVT_TT_nldm_211120     0.058320       9     0.524880
NOR3xp33_ASAP7_75t_R asap7sc7p5t_SIMPLE_RVT_TT_nldm_211120     0.072900       1     0.072900
O2A1O1Ixp33_ASAP7_75t_R asap7sc7p5t_OA_RVT_TT_nldm_211120     0.087480       1     0.087480
OA21x2_ASAP7_75t_R asap7sc7p5t_OA_RVT_TT_nldm_211120     0.102060       3     0.306180
OAI21xp5_ASAP7_75t_R asap7sc7p5t_OA_RVT_TT_nldm_211120     0.072900       3     0.218700
OR2x2_ASAP7_75t_R  asap7sc7p5t_SIMPLE_RVT_TT_nldm_211120     0.087480      12     1.049760
XNOR2xp5_ASAP7_75t_R asap7sc7p5t_SIMPLE_RVT_TT_nldm_211120     0.131220      13     1.705860
XOR2xp5_ASAP7_75t_R asap7sc7p5t_SIMPLE_RVT_TT_nldm_211120     0.131220       9     1.180980
-----------------------------------------------------------------------------
Total 16 references                                     8.689680

****************************************
Design: fp32_exp_DW02_mult_14 
****************************************
Reference          Library       Unit Area   Count    Total Area   Attributes
-----------------------------------------------------------------------------
AND2x2_ASAP7_75t_R asap7sc7p5t_SIMPLE_RVT_TT_nldm_211120     0.087480      10     0.874800
BUFx2_ASAP7_75t_R  asap7sc7p5t_INVBUF_RVT_TT_nldm_211120     0.072900       1     0.072900
FAx1_ASAP7_75t_R   asap7sc7p5t_SIMPLE_RVT_TT_nldm_211120     0.204120      15     3.061800 r
INVx1_ASAP7_75t_R  asap7sc7p5t_INVBUF_RVT_TT_nldm_211120     0.043740      42     1.837080
NAND2xp5_ASAP7_75t_R asap7sc7p5t_SIMPLE_RVT_TT_nldm_211120     0.058320      10     0.583200
TIELOx1_ASAP7_75t_R asap7sc7p5t_SIMPLE_RVT_TT_nldm_211120     0.043740       1     0.043740
XNOR2xp5_ASAP7_75t_R asap7sc7p5t_SIMPLE_RVT_TT_nldm_211120     0.131220       2     0.262440
XOR2xp5_ASAP7_75t_R asap7sc7p5t_SIMPLE_RVT_TT_nldm_211120     0.131220      10     1.312200
fp32_exp_DW01_add_39              8.689680       1      8.689680  h
-----------------------------------------------------------------------------
Total 9 references                                     16.737840

****************************************
Design: fp32_exp_DW01_add_39 
****************************************
Reference          Library       Unit Area   Count    Total Area   Attributes
-----------------------------------------------------------------------------
AND2x2_ASAP7_75t_R asap7sc7p5t_SIMPLE_RVT_TT_nldm_211120     0.087480       2     0.174960
AO21x1_ASAP7_75t_R asap7sc7p5t_AO_RVT_TT_nldm_211120     0.087480       1     0.087480
AOI21xp5_ASAP7_75t_R asap7sc7p5t_AO_RVT_TT_nldm_211120     0.072900       5     0.364500
AOI211xp5_ASAP7_75t_R asap7sc7p5t_AO_RVT_TT_nldm_211120     0.087480       1     0.087480
INVx1_ASAP7_75t_R  asap7sc7p5t_INVBUF_RVT_TT_nldm_211120     0.043740      30     1.312200
NAND2xp5_ASAP7_75t_R asap7sc7p5t_SIMPLE_RVT_TT_nldm_211120     0.058320      22     1.283040
NAND3xp33_ASAP7_75t_R asap7sc7p5t_SIMPLE_RVT_TT_nldm_211120     0.072900       2     0.145800
NOR2x1_ASAP7_75t_R asap7sc7p5t_SIMPLE_RVT_TT_nldm_211120     0.087480       1     0.087480
NOR2xp33_ASAP7_75t_R asap7sc7p5t_SIMPLE_RVT_TT_nldm_211120     0.058320       9     0.524880
NOR3xp33_ASAP7_75t_R asap7sc7p5t_SIMPLE_RVT_TT_nldm_211120     0.072900       1     0.072900
O2A1O1Ixp33_ASAP7_75t_R asap7sc7p5t_OA_RVT_TT_nldm_211120     0.087480       1     0.087480
OA21x2_ASAP7_75t_R asap7sc7p5t_OA_RVT_TT_nldm_211120     0.102060       3     0.306180
OAI21xp5_ASAP7_75t_R asap7sc7p5t_OA_RVT_TT_nldm_211120     0.072900       3     0.218700
OR2x2_ASAP7_75t_R  asap7sc7p5t_SIMPLE_RVT_TT_nldm_211120     0.087480      12     1.049760
XNOR2xp5_ASAP7_75t_R asap7sc7p5t_SIMPLE_RVT_TT_nldm_211120     0.131220      13     1.705860
XOR2xp5_ASAP7_75t_R asap7sc7p5t_SIMPLE_RVT_TT_nldm_211120     0.131220       9     1.180980
-----------------------------------------------------------------------------
Total 16 references                                     8.689680

****************************************
Design: fp32_exp_DW02_mult_15 
****************************************
Reference          Library       Unit Area   Count    Total Area   Attributes
-----------------------------------------------------------------------------
AND2x2_ASAP7_75t_R asap7sc7p5t_SIMPLE_RVT_TT_nldm_211120     0.087480      10     0.874800
BUFx2_ASAP7_75t_R  asap7sc7p5t_INVBUF_RVT_TT_nldm_211120     0.072900       1     0.072900
FAx1_ASAP7_75t_R   asap7sc7p5t_SIMPLE_RVT_TT_nldm_211120     0.204120      15     3.061800 r
INVx1_ASAP7_75t_R  asap7sc7p5t_INVBUF_RVT_TT_nldm_211120     0.043740      42     1.837080
NAND2xp5_ASAP7_75t_R asap7sc7p5t_SIMPLE_RVT_TT_nldm_211120     0.058320      10     0.583200
TIELOx1_ASAP7_75t_R asap7sc7p5t_SIMPLE_RVT_TT_nldm_211120     0.043740       1     0.043740
XNOR2xp5_ASAP7_75t_R asap7sc7p5t_SIMPLE_RVT_TT_nldm_211120     0.131220       2     0.262440
XOR2xp5_ASAP7_75t_R asap7sc7p5t_SIMPLE_RVT_TT_nldm_211120     0.131220      10     1.312200
fp32_exp_DW01_add_J14_3           8.689680       1      8.689680  h
-----------------------------------------------------------------------------
Total 9 references                                     16.737840

****************************************
Design: fp32_exp_DW01_add_J14_3 
****************************************
Reference          Library       Unit Area   Count    Total Area   Attributes
-----------------------------------------------------------------------------
AND2x2_ASAP7_75t_R asap7sc7p5t_SIMPLE_RVT_TT_nldm_211120     0.087480       2     0.174960
AO21x1_ASAP7_75t_R asap7sc7p5t_AO_RVT_TT_nldm_211120     0.087480       1     0.087480
AOI21xp5_ASAP7_75t_R asap7sc7p5t_AO_RVT_TT_nldm_211120     0.072900       5     0.364500
AOI211xp5_ASAP7_75t_R asap7sc7p5t_AO_RVT_TT_nldm_211120     0.087480       1     0.087480
INVx1_ASAP7_75t_R  asap7sc7p5t_INVBUF_RVT_TT_nldm_211120     0.043740      30     1.312200
NAND2xp5_ASAP7_75t_R asap7sc7p5t_SIMPLE_RVT_TT_nldm_211120     0.058320      22     1.283040
NAND3xp33_ASAP7_75t_R asap7sc7p5t_SIMPLE_RVT_TT_nldm_211120     0.072900       2     0.145800
NOR2x1_ASAP7_75t_R asap7sc7p5t_SIMPLE_RVT_TT_nldm_211120     0.087480       1     0.087480
NOR2xp33_ASAP7_75t_R asap7sc7p5t_SIMPLE_RVT_TT_nldm_211120     0.058320       9     0.524880
NOR3xp33_ASAP7_75t_R asap7sc7p5t_SIMPLE_RVT_TT_nldm_211120     0.072900       1     0.072900
O2A1O1Ixp33_ASAP7_75t_R asap7sc7p5t_OA_RVT_TT_nldm_211120     0.087480       1     0.087480
OA21x2_ASAP7_75t_R asap7sc7p5t_OA_RVT_TT_nldm_211120     0.102060       3     0.306180
OAI21xp5_ASAP7_75t_R asap7sc7p5t_OA_RVT_TT_nldm_211120     0.072900       3     0.218700
OR2x2_ASAP7_75t_R  asap7sc7p5t_SIMPLE_RVT_TT_nldm_211120     0.087480      12     1.049760
XNOR2xp5_ASAP7_75t_R asap7sc7p5t_SIMPLE_RVT_TT_nldm_211120     0.131220      13     1.705860
XOR2xp5_ASAP7_75t_R asap7sc7p5t_SIMPLE_RVT_TT_nldm_211120     0.131220       9     1.180980
-----------------------------------------------------------------------------
Total 16 references                                     8.689680

****************************************
Design: fp32_exp_DW_rash_0 
****************************************
Reference          Library       Unit Area   Count    Total Area   Attributes
-----------------------------------------------------------------------------
AND2x2_ASAP7_75t_R asap7sc7p5t_SIMPLE_RVT_TT_nldm_211120     0.087480       4     0.349920
AO22x1_ASAP7_75t_R asap7sc7p5t_AO_RVT_TT_nldm_211120     0.131220       6     0.787320
AOI21xp33_ASAP7_75t_R asap7sc7p5t_AO_RVT_TT_nldm_211120     0.072900       1     0.072900
AOI22xp33_ASAP7_75t_R asap7sc7p5t_AO_RVT_TT_nldm_211120     0.087480      18     1.574640
AOI221xp5_ASAP7_75t_R asap7sc7p5t_AO_RVT_TT_nldm_211120     0.102060      11     1.122660
AOI222xp33_ASAP7_75t_R asap7sc7p5t_AO_RVT_TT_nldm_211120     0.145800       4     0.583200
INVx1_ASAP7_75t_R  asap7sc7p5t_INVBUF_RVT_TT_nldm_211120     0.043740      38     1.662120
NAND2xp5_ASAP7_75t_R asap7sc7p5t_SIMPLE_RVT_TT_nldm_211120     0.058320       3     0.174960
NAND2xp33_ASAP7_75t_R asap7sc7p5t_SIMPLE_RVT_TT_nldm_211120     0.058320       6     0.349920
NOR2xp33_ASAP7_75t_R asap7sc7p5t_SIMPLE_RVT_TT_nldm_211120     0.058320      17     0.991440
NOR3xp33_ASAP7_75t_R asap7sc7p5t_SIMPLE_RVT_TT_nldm_211120     0.072900       1     0.072900
O2A1O1Ixp33_ASAP7_75t_R asap7sc7p5t_OA_RVT_TT_nldm_211120     0.087480       4     0.349920
OA222x2_ASAP7_75t_R asap7sc7p5t_OA_RVT_TT_nldm_211120     0.174960       2     0.349920
OAI22xp33_ASAP7_75t_R asap7sc7p5t_OA_RVT_TT_nldm_211120     0.087480       5     0.437400
OAI211xp5_ASAP7_75t_R asap7sc7p5t_OA_RVT_TT_nldm_211120     0.087480       1     0.087480
OAI221xp5_ASAP7_75t_R asap7sc7p5t_OA_RVT_TT_nldm_211120     0.102060      14     1.428840
OAI222xp33_ASAP7_75t_R asap7sc7p5t_OA_RVT_TT_nldm_211120     0.145800      10     1.458000
OR4x1_ASAP7_75t_R  asap7sc7p5t_SIMPLE_RVT_TT_nldm_211120     0.102060       1     0.102060
-----------------------------------------------------------------------------
Total 18 references                                    11.955600

****************************************
Design: fp32_mul 
****************************************
Reference          Library       Unit Area   Count    Total Area   Attributes
-----------------------------------------------------------------------------
A2O1A1Ixp33_ASAP7_75t_R asap7sc7p5t_AO_RVT_TT_nldm_211120     0.087480       1     0.087480
AND2x2_ASAP7_75t_R asap7sc7p5t_SIMPLE_RVT_TT_nldm_211120     0.087480      37     3.236760
AND3x1_ASAP7_75t_R asap7sc7p5t_SIMPLE_RVT_TT_nldm_211120     0.087480       1     0.087480
AND4x1_ASAP7_75t_R asap7sc7p5t_SIMPLE_RVT_TT_nldm_211120     0.102060       1     0.102060
AOI21xp5_ASAP7_75t_R asap7sc7p5t_AO_RVT_TT_nldm_211120     0.072900      10     0.729000
AOI22x1_ASAP7_75t_R asap7sc7p5t_AO_RVT_TT_nldm_211120     0.145800       1     0.145800
AOI22xp33_ASAP7_75t_R asap7sc7p5t_AO_RVT_TT_nldm_211120     0.087480       3     0.262440
AOI31xp33_ASAP7_75t_R asap7sc7p5t_AO_RVT_TT_nldm_211120     0.087480       4     0.349920
AOI31xp67_ASAP7_75t_R asap7sc7p5t_AO_RVT_TT_nldm_211120     0.189540       1     0.189540
AOI32xp33_ASAP7_75t_R asap7sc7p5t_AO_RVT_TT_nldm_211120     0.102060       4     0.408240
AOI211xp5_ASAP7_75t_R asap7sc7p5t_AO_RVT_TT_nldm_211120     0.087480       1     0.087480
BUFx5_ASAP7_75t_R  asap7sc7p5t_INVBUF_RVT_TT_nldm_211120     0.116640       2     0.233280
DFFASRHQNx1_ASAP7_75t_R asap7sc7p5t_SEQ_RVT_TT_nldm_220123     0.379080     675   255.878998 n
FAx1_ASAP7_75t_R   asap7sc7p5t_SIMPLE_RVT_TT_nldm_211120     0.204120      23     4.694760 r
HB1xp67_ASAP7_75t_R asap7sc7p5t_INVBUF_RVT_TT_nldm_211120     0.058320     334    19.478880
HB2xp67_ASAP7_75t_R asap7sc7p5t_INVBUF_RVT_TT_nldm_211120     0.072900       1     0.072900
HB3xp67_ASAP7_75t_R asap7sc7p5t_INVBUF_RVT_TT_nldm_211120     0.087480       1     0.087480
INVx1_ASAP7_75t_R  asap7sc7p5t_INVBUF_RVT_TT_nldm_211120     0.043740     461    20.164140
INVx2_ASAP7_75t_R  asap7sc7p5t_INVBUF_RVT_TT_nldm_211120     0.058320       4     0.233280
INVx3_ASAP7_75t_R  asap7sc7p5t_INVBUF_RVT_TT_nldm_211120     0.072900       1     0.072900
INVx5_ASAP7_75t_R  asap7sc7p5t_INVBUF_RVT_TT_nldm_211120     0.102060       2     0.204120
INVxp33_ASAP7_75t_R asap7sc7p5t_INVBUF_RVT_TT_nldm_211120     0.043740     249    10.891260
NAND2xp5_ASAP7_75t_R asap7sc7p5t_SIMPLE_RVT_TT_nldm_211120     0.058320      99     5.773680
NAND2xp33_ASAP7_75t_R asap7sc7p5t_SIMPLE_RVT_TT_nldm_211120     0.058320       6     0.349920
NAND3xp33_ASAP7_75t_R asap7sc7p5t_SIMPLE_RVT_TT_nldm_211120     0.072900      11     0.801900
NAND4xp25_ASAP7_75t_R asap7sc7p5t_SIMPLE_RVT_TT_nldm_211120     0.087480       2     0.174960
NAND4xp75_ASAP7_75t_R asap7sc7p5t_SIMPLE_RVT_TT_nldm_211120     0.204120       1     0.204120
NAND5xp2_ASAP7_75t_R asap7sc7p5t_SIMPLE_RVT_TT_nldm_211120     0.102060       6     0.612360
NOR2xp33_ASAP7_75t_R asap7sc7p5t_SIMPLE_RVT_TT_nldm_211120     0.058320      34     1.982880
NOR3xp33_ASAP7_75t_R asap7sc7p5t_SIMPLE_RVT_TT_nldm_211120     0.072900       3     0.218700
NOR4xp25_ASAP7_75t_R asap7sc7p5t_SIMPLE_RVT_TT_nldm_211120     0.087480      10     0.874800
NOR4xp75_ASAP7_75t_R asap7sc7p5t_SIMPLE_RVT_TT_nldm_211120     0.204120       2     0.408240
NOR5xp2_ASAP7_75t_R asap7sc7p5t_SIMPLE_RVT_TT_nldm_211120     0.102060       2     0.204120
OA21x2_ASAP7_75t_R asap7sc7p5t_OA_RVT_TT_nldm_211120     0.102060       1     0.102060
OAI21x1_ASAP7_75t_R asap7sc7p5t_OA_RVT_TT_nldm_211120     0.116640       1     0.116640
OAI21xp5_ASAP7_75t_R asap7sc7p5t_OA_RVT_TT_nldm_211120     0.072900      55     4.009500
OAI21xp33_ASAP7_75t_R asap7sc7p5t_OA_RVT_TT_nldm_211120     0.072900       7     0.510300
OAI22xp5_ASAP7_75t_R asap7sc7p5t_OA_RVT_TT_nldm_211120     0.087480       5     0.437400
OAI22xp33_ASAP7_75t_R asap7sc7p5t_OA_RVT_TT_nldm_211120     0.087480       1     0.087480
OAI33xp33_ASAP7_75t_R asap7sc7p5t_OA_RVT_TT_nldm_211120     0.116640       1     0.116640
OR2x2_ASAP7_75t_R  asap7sc7p5t_SIMPLE_RVT_TT_nldm_211120     0.087480      17     1.487160
OR3x1_ASAP7_75t_R  asap7sc7p5t_SIMPLE_RVT_TT_nldm_211120     0.087480       3     0.262440
TIEHIx1_ASAP7_75t_R asap7sc7p5t_SIMPLE_RVT_TT_nldm_211120     0.043740       1     0.043740
TIELOx1_ASAP7_75t_R asap7sc7p5t_SIMPLE_RVT_TT_nldm_211120     0.043740       1     0.043740
XNOR2x2_ASAP7_75t_R asap7sc7p5t_SIMPLE_RVT_TT_nldm_211120     0.160380       7     1.122660
XNOR2xp5_ASAP7_75t_R asap7sc7p5t_SIMPLE_RVT_TT_nldm_211120     0.131220       6     0.787320
XOR2x2_ASAP7_75t_R asap7sc7p5t_SIMPLE_RVT_TT_nldm_211120     0.160380       2     0.320760
XOR2xp5_ASAP7_75t_R asap7sc7p5t_SIMPLE_RVT_TT_nldm_211120     0.131220      12     1.574640
fp32_mul_DW01_add_3               3.426300       1      3.426300  h
fp32_mul_DW01_add_4               3.426300       1      3.426300  h
fp32_mul_DW01_add_5               3.426300       1      3.426300  h
fp32_mul_DW01_add_6               3.426300       1      3.426300  h
fp32_mul_DW01_add_17              2.638980       1      2.638980  h
fp32_mul_DW01_add_34             12.786660       1     12.786660  h
fp32_mul_DW01_add_35              4.898880       1      4.898880  h
fp32_mul_DW01_add_36              4.898880       1      4.898880  h
fp32_mul_DW01_add_37              4.898880       1      4.898880  h
fp32_mul_DW01_add_J3_0           11.868120       1     11.868120  h
fp32_mul_DW01_add_J4_0            6.721380       1      6.721380  h
fp32_mul_DW01_add_J13_0           4.898880       1      4.898880  h
fp32_mul_DW01_inc_0               2.099520       1      2.099520  h
fp32_mul_DW02_mult_0             12.378420       1     12.378420  h
fp32_mul_DW02_mult_1             12.378420       1     12.378420  h
fp32_mul_DW02_mult_2             12.407580       1     12.407580  h
fp32_mul_DW02_mult_3             12.378420       1     12.378420  h
fp32_mul_DW02_mult_4             12.378420       1     12.378420  h
fp32_mul_DW02_mult_5             12.378420       1     12.378420  h
fp32_mul_DW02_mult_6             12.378420       1     12.378420  h
fp32_mul_DW02_mult_7             12.378420       1     12.378420  h
fp32_mul_DW02_mult_8             12.378420       1     12.378420  h
fp32_mul_DW02_mult_9             12.378420       1     12.378420  h
fp32_mul_DW02_mult_10            12.407580       1     12.407580  h
fp32_mul_DW02_mult_11            12.378420       1     12.378420  h
fp32_mul_DW02_mult_12            12.378420       1     12.378420  h
fp32_mul_DW02_mult_13            12.378420       1     12.378420  h
fp32_mul_DW02_mult_14            12.378420       1     12.378420  h
fp32_mul_DW02_mult_15            12.378420       1     12.378420  h
-----------------------------------------------------------------------------
Total 77 references                                   607.854778

****************************************
Design: fp32_mul_DW01_add_3 
****************************************
Reference          Library       Unit Area   Count    Total Area   Attributes
-----------------------------------------------------------------------------
AND2x2_ASAP7_75t_R asap7sc7p5t_SIMPLE_RVT_TT_nldm_211120     0.087480       1     0.087480
FAx1_ASAP7_75t_R   asap7sc7p5t_SIMPLE_RVT_TT_nldm_211120     0.204120      11     2.245320 r
INVx1_ASAP7_75t_R  asap7sc7p5t_INVBUF_RVT_TT_nldm_211120     0.043740      22     0.962280
XOR2xp5_ASAP7_75t_R asap7sc7p5t_SIMPLE_RVT_TT_nldm_211120     0.131220       1     0.131220
-----------------------------------------------------------------------------
Total 4 references                                      3.426300

****************************************
Design: fp32_mul_DW01_add_4 
****************************************
Reference          Library       Unit Area   Count    Total Area   Attributes
-----------------------------------------------------------------------------
AND2x2_ASAP7_75t_R asap7sc7p5t_SIMPLE_RVT_TT_nldm_211120     0.087480       1     0.087480
FAx1_ASAP7_75t_R   asap7sc7p5t_SIMPLE_RVT_TT_nldm_211120     0.204120      11     2.245320 r
INVx1_ASAP7_75t_R  asap7sc7p5t_INVBUF_RVT_TT_nldm_211120     0.043740      22     0.962280
XOR2xp5_ASAP7_75t_R asap7sc7p5t_SIMPLE_RVT_TT_nldm_211120     0.131220       1     0.131220
-----------------------------------------------------------------------------
Total 4 references                                      3.426300

****************************************
Design: fp32_mul_DW01_add_5 
****************************************
Reference          Library       Unit Area   Count    Total Area   Attributes
-----------------------------------------------------------------------------
AND2x2_ASAP7_75t_R asap7sc7p5t_SIMPLE_RVT_TT_nldm_211120     0.087480       1     0.087480
FAx1_ASAP7_75t_R   asap7sc7p5t_SIMPLE_RVT_TT_nldm_211120     0.204120      11     2.245320 r
INVx1_ASAP7_75t_R  asap7sc7p5t_INVBUF_RVT_TT_nldm_211120     0.043740      22     0.962280
XOR2xp5_ASAP7_75t_R asap7sc7p5t_SIMPLE_RVT_TT_nldm_211120     0.131220       1     0.131220
-----------------------------------------------------------------------------
Total 4 references                                      3.426300

****************************************
Design: fp32_mul_DW01_add_6 
****************************************
Reference          Library       Unit Area   Count    Total Area   Attributes
-----------------------------------------------------------------------------
AND2x2_ASAP7_75t_R asap7sc7p5t_SIMPLE_RVT_TT_nldm_211120     0.087480       1     0.087480
FAx1_ASAP7_75t_R   asap7sc7p5t_SIMPLE_RVT_TT_nldm_211120     0.204120      11     2.245320 r
INVx1_ASAP7_75t_R  asap7sc7p5t_INVBUF_RVT_TT_nldm_211120     0.043740      22     0.962280
XOR2xp5_ASAP7_75t_R asap7sc7p5t_SIMPLE_RVT_TT_nldm_211120     0.131220       1     0.131220
-----------------------------------------------------------------------------
Total 4 references                                      3.426300

****************************************
Design: fp32_mul_DW01_add_17 
****************************************
Reference          Library       Unit Area   Count    Total Area   Attributes
-----------------------------------------------------------------------------
AND2x2_ASAP7_75t_R asap7sc7p5t_SIMPLE_RVT_TT_nldm_211120     0.087480       1     0.087480
FAx1_ASAP7_75t_R   asap7sc7p5t_SIMPLE_RVT_TT_nldm_211120     0.204120       7     1.428840 r
HB1xp67_ASAP7_75t_R asap7sc7p5t_INVBUF_RVT_TT_nldm_211120     0.058320       3     0.174960
HB2xp67_ASAP7_75t_R asap7sc7p5t_INVBUF_RVT_TT_nldm_211120     0.072900       1     0.072900
INVx1_ASAP7_75t_R  asap7sc7p5t_INVBUF_RVT_TT_nldm_211120     0.043740       8     0.349920
INVx4_ASAP7_75t_R  asap7sc7p5t_INVBUF_RVT_TT_nldm_211120     0.087480       1     0.087480
INVx5_ASAP7_75t_R  asap7sc7p5t_INVBUF_RVT_TT_nldm_211120     0.102060       1     0.102060
INVxp33_ASAP7_75t_R asap7sc7p5t_INVBUF_RVT_TT_nldm_211120     0.043740       4     0.174960
XOR2x2_ASAP7_75t_R asap7sc7p5t_SIMPLE_RVT_TT_nldm_211120     0.160380       1     0.160380
-----------------------------------------------------------------------------
Total 9 references                                      2.638980

****************************************
Design: fp32_mul_DW01_add_34 
****************************************
Reference          Library       Unit Area   Count    Total Area   Attributes
-----------------------------------------------------------------------------
A2O1A1Ixp33_ASAP7_75t_R asap7sc7p5t_AO_RVT_TT_nldm_211120     0.087480       3     0.262440
AND2x2_ASAP7_75t_R asap7sc7p5t_SIMPLE_RVT_TT_nldm_211120     0.087480       1     0.087480
AOI21xp5_ASAP7_75t_R asap7sc7p5t_AO_RVT_TT_nldm_211120     0.072900       4     0.291600
INVx1_ASAP7_75t_R  asap7sc7p5t_INVBUF_RVT_TT_nldm_211120     0.043740      54     2.361960
NAND2xp5_ASAP7_75t_R asap7sc7p5t_SIMPLE_RVT_TT_nldm_211120     0.058320      56     3.265920
NAND4xp25_ASAP7_75t_R asap7sc7p5t_SIMPLE_RVT_TT_nldm_211120     0.087480       2     0.174960
NOR2xp33_ASAP7_75t_R asap7sc7p5t_SIMPLE_RVT_TT_nldm_211120     0.058320       1     0.058320
O2A1O1Ixp33_ASAP7_75t_R asap7sc7p5t_OA_RVT_TT_nldm_211120     0.087480       6     0.524880
OA21x2_ASAP7_75t_R asap7sc7p5t_OA_RVT_TT_nldm_211120     0.102060       4     0.408240
OAI21xp5_ASAP7_75t_R asap7sc7p5t_OA_RVT_TT_nldm_211120     0.072900      14     1.020600
OR2x2_ASAP7_75t_R  asap7sc7p5t_SIMPLE_RVT_TT_nldm_211120     0.087480      15     1.312200
XNOR2xp5_ASAP7_75t_R asap7sc7p5t_SIMPLE_RVT_TT_nldm_211120     0.131220      16     2.099520
XOR2xp5_ASAP7_75t_R asap7sc7p5t_SIMPLE_RVT_TT_nldm_211120     0.131220       7     0.918540
-----------------------------------------------------------------------------
Total 13 references                                    12.786660

****************************************
Design: fp32_mul_DW01_add_35 
****************************************
Reference          Library       Unit Area   Count    Total Area   Attributes
-----------------------------------------------------------------------------
AND2x2_ASAP7_75t_R asap7sc7p5t_SIMPLE_RVT_TT_nldm_211120     0.087480       2     0.174960
AOI21xp5_ASAP7_75t_R asap7sc7p5t_AO_RVT_TT_nldm_211120     0.072900       2     0.145800
INVx1_ASAP7_75t_R  asap7sc7p5t_INVBUF_RVT_TT_nldm_211120     0.043740      29     1.268460
NAND2xp5_ASAP7_75t_R asap7sc7p5t_SIMPLE_RVT_TT_nldm_211120     0.058320      21     1.224720
NOR2xp33_ASAP7_75t_R asap7sc7p5t_SIMPLE_RVT_TT_nldm_211120     0.058320       1     0.058320
OAI21xp5_ASAP7_75t_R asap7sc7p5t_OA_RVT_TT_nldm_211120     0.072900       5     0.364500
OR2x2_ASAP7_75t_R  asap7sc7p5t_SIMPLE_RVT_TT_nldm_211120     0.087480       1     0.087480
XNOR2xp5_ASAP7_75t_R asap7sc7p5t_SIMPLE_RVT_TT_nldm_211120     0.131220       9     1.180980
XOR2xp5_ASAP7_75t_R asap7sc7p5t_SIMPLE_RVT_TT_nldm_211120     0.131220       3     0.393660
-----------------------------------------------------------------------------
Total 9 references                                      4.898880

****************************************
Design: fp32_mul_DW01_add_36 
****************************************
Reference          Library       Unit Area   Count    Total Area   Attributes
-----------------------------------------------------------------------------
AND2x2_ASAP7_75t_R asap7sc7p5t_SIMPLE_RVT_TT_nldm_211120     0.087480       2     0.174960
AOI21xp5_ASAP7_75t_R asap7sc7p5t_AO_RVT_TT_nldm_211120     0.072900       2     0.145800
INVx1_ASAP7_75t_R  asap7sc7p5t_INVBUF_RVT_TT_nldm_211120     0.043740      29     1.268460
NAND2xp5_ASAP7_75t_R asap7sc7p5t_SIMPLE_RVT_TT_nldm_211120     0.058320      21     1.224720
NOR2xp33_ASAP7_75t_R asap7sc7p5t_SIMPLE_RVT_TT_nldm_211120     0.058320       1     0.058320
OAI21xp5_ASAP7_75t_R asap7sc7p5t_OA_RVT_TT_nldm_211120     0.072900       5     0.364500
OR2x2_ASAP7_75t_R  asap7sc7p5t_SIMPLE_RVT_TT_nldm_211120     0.087480       1     0.087480
XNOR2xp5_ASAP7_75t_R asap7sc7p5t_SIMPLE_RVT_TT_nldm_211120     0.131220       9     1.180980
XOR2xp5_ASAP7_75t_R asap7sc7p5t_SIMPLE_RVT_TT_nldm_211120     0.131220       3     0.393660
-----------------------------------------------------------------------------
Total 9 references                                      4.898880

****************************************
Design: fp32_mul_DW01_add_37 
****************************************
Reference          Library       Unit Area   Count    Total Area   Attributes
-----------------------------------------------------------------------------
AND2x2_ASAP7_75t_R asap7sc7p5t_SIMPLE_RVT_TT_nldm_211120     0.087480       2     0.174960
AOI21xp5_ASAP7_75t_R asap7sc7p5t_AO_RVT_TT_nldm_211120     0.072900       2     0.145800
INVx1_ASAP7_75t_R  asap7sc7p5t_INVBUF_RVT_TT_nldm_211120     0.043740      29     1.268460
NAND2xp5_ASAP7_75t_R asap7sc7p5t_SIMPLE_RVT_TT_nldm_211120     0.058320      21     1.224720
NOR2xp33_ASAP7_75t_R asap7sc7p5t_SIMPLE_RVT_TT_nldm_211120     0.058320       1     0.058320
OAI21xp5_ASAP7_75t_R asap7sc7p5t_OA_RVT_TT_nldm_211120     0.072900       5     0.364500
OR2x2_ASAP7_75t_R  asap7sc7p5t_SIMPLE_RVT_TT_nldm_211120     0.087480       1     0.087480
XNOR2xp5_ASAP7_75t_R asap7sc7p5t_SIMPLE_RVT_TT_nldm_211120     0.131220       9     1.180980
XOR2xp5_ASAP7_75t_R asap7sc7p5t_SIMPLE_RVT_TT_nldm_211120     0.131220       3     0.393660
-----------------------------------------------------------------------------
Total 9 references                                      4.898880

****************************************
Design: fp32_mul_DW01_add_J3_0 
****************************************
Reference          Library       Unit Area   Count    Total Area   Attributes
-----------------------------------------------------------------------------
AND2x2_ASAP7_75t_R asap7sc7p5t_SIMPLE_RVT_TT_nldm_211120     0.087480       2     0.174960
AOI21xp5_ASAP7_75t_R asap7sc7p5t_AO_RVT_TT_nldm_211120     0.072900       4     0.291600
AOI22xp5_ASAP7_75t_R asap7sc7p5t_AO_RVT_TT_nldm_211120     0.087480       1     0.087480
AOI31xp33_ASAP7_75t_R asap7sc7p5t_AO_RVT_TT_nldm_211120     0.087480       1     0.087480
INVx1_ASAP7_75t_R  asap7sc7p5t_INVBUF_RVT_TT_nldm_211120     0.043740      39     1.705860
NAND2xp5_ASAP7_75t_R asap7sc7p5t_SIMPLE_RVT_TT_nldm_211120     0.058320      41     2.391120
NAND3xp33_ASAP7_75t_R asap7sc7p5t_SIMPLE_RVT_TT_nldm_211120     0.072900       2     0.145800
NAND4xp25_ASAP7_75t_R asap7sc7p5t_SIMPLE_RVT_TT_nldm_211120     0.087480       3     0.262440
NOR2xp33_ASAP7_75t_R asap7sc7p5t_SIMPLE_RVT_TT_nldm_211120     0.058320      12     0.699840
O2A1O1Ixp33_ASAP7_75t_R asap7sc7p5t_OA_RVT_TT_nldm_211120     0.087480       5     0.437400
OA21x2_ASAP7_75t_R asap7sc7p5t_OA_RVT_TT_nldm_211120     0.102060       3     0.306180
OA31x2_ASAP7_75t_R asap7sc7p5t_OA_RVT_TT_nldm_211120     0.218700       1     0.218700
OA211x2_ASAP7_75t_R asap7sc7p5t_OA_RVT_TT_nldm_211120     0.116640       1     0.116640
OAI21xp5_ASAP7_75t_R asap7sc7p5t_OA_RVT_TT_nldm_211120     0.072900       9     0.656100
OR2x2_ASAP7_75t_R  asap7sc7p5t_SIMPLE_RVT_TT_nldm_211120     0.087480      13     1.137240
XNOR2xp5_ASAP7_75t_R asap7sc7p5t_SIMPLE_RVT_TT_nldm_211120     0.131220      18     2.361960
XOR2xp5_ASAP7_75t_R asap7sc7p5t_SIMPLE_RVT_TT_nldm_211120     0.131220       6     0.787320
-----------------------------------------------------------------------------
Total 17 references                                    11.868120

****************************************
Design: fp32_mul_DW01_add_J4_0 
****************************************
Reference          Library       Unit Area   Count    Total Area   Attributes
-----------------------------------------------------------------------------
AND2x2_ASAP7_75t_R asap7sc7p5t_SIMPLE_RVT_TT_nldm_211120     0.087480       2     0.174960
AND3x1_ASAP7_75t_R asap7sc7p5t_SIMPLE_RVT_TT_nldm_211120     0.087480       1     0.087480
INVx1_ASAP7_75t_R  asap7sc7p5t_INVBUF_RVT_TT_nldm_211120     0.043740      26     1.137240
NAND2x1_ASAP7_75t_R asap7sc7p5t_SIMPLE_RVT_TT_nldm_211120     0.087480       1     0.087480
NAND2xp5_ASAP7_75t_R asap7sc7p5t_SIMPLE_RVT_TT_nldm_211120     0.058320       7     0.408240
NAND4xp75_ASAP7_75t_R asap7sc7p5t_SIMPLE_RVT_TT_nldm_211120     0.204120       3     0.612360
NOR2x1p5_ASAP7_75t_R asap7sc7p5t_SIMPLE_RVT_TT_nldm_211120     0.116640       1     0.116640
NOR2xp33_ASAP7_75t_R asap7sc7p5t_SIMPLE_RVT_TT_nldm_211120     0.058320       9     0.524880
NOR3xp33_ASAP7_75t_R asap7sc7p5t_SIMPLE_RVT_TT_nldm_211120     0.072900       1     0.072900
NOR4xp25_ASAP7_75t_R asap7sc7p5t_SIMPLE_RVT_TT_nldm_211120     0.087480       1     0.087480
OR2x2_ASAP7_75t_R  asap7sc7p5t_SIMPLE_RVT_TT_nldm_211120     0.087480       6     0.524880
XNOR2xp5_ASAP7_75t_R asap7sc7p5t_SIMPLE_RVT_TT_nldm_211120     0.131220      13     1.705860
XOR2xp5_ASAP7_75t_R asap7sc7p5t_SIMPLE_RVT_TT_nldm_211120     0.131220       9     1.180980
-----------------------------------------------------------------------------
Total 13 references                                     6.721380

****************************************
Design: fp32_mul_DW01_add_J13_0 
****************************************
Reference          Library       Unit Area   Count    Total Area   Attributes
-----------------------------------------------------------------------------
AND2x2_ASAP7_75t_R asap7sc7p5t_SIMPLE_RVT_TT_nldm_211120     0.087480       2     0.174960
AOI21xp5_ASAP7_75t_R asap7sc7p5t_AO_RVT_TT_nldm_211120     0.072900       2     0.145800
INVx1_ASAP7_75t_R  asap7sc7p5t_INVBUF_RVT_TT_nldm_211120     0.043740      29     1.268460
NAND2xp5_ASAP7_75t_R asap7sc7p5t_SIMPLE_RVT_TT_nldm_211120     0.058320      21     1.224720
NOR2xp33_ASAP7_75t_R asap7sc7p5t_SIMPLE_RVT_TT_nldm_211120     0.058320       1     0.058320
OAI21xp5_ASAP7_75t_R asap7sc7p5t_OA_RVT_TT_nldm_211120     0.072900       5     0.364500
OR2x2_ASAP7_75t_R  asap7sc7p5t_SIMPLE_RVT_TT_nldm_211120     0.087480       1     0.087480
XNOR2xp5_ASAP7_75t_R asap7sc7p5t_SIMPLE_RVT_TT_nldm_211120     0.131220       9     1.180980
XOR2xp5_ASAP7_75t_R asap7sc7p5t_SIMPLE_RVT_TT_nldm_211120     0.131220       3     0.393660
-----------------------------------------------------------------------------
Total 9 references                                      4.898880

****************************************
Design: fp32_mul_DW01_inc_0 
****************************************
Reference          Library       Unit Area   Count    Total Area   Attributes
-----------------------------------------------------------------------------
HAxp5_ASAP7_75t_R  asap7sc7p5t_SIMPLE_RVT_TT_nldm_211120     0.131220       9     1.180980 r
INVx1_ASAP7_75t_R  asap7sc7p5t_INVBUF_RVT_TT_nldm_211120     0.043740      18     0.787320
XNOR2xp5_ASAP7_75t_R asap7sc7p5t_SIMPLE_RVT_TT_nldm_211120     0.131220       1     0.131220
-----------------------------------------------------------------------------
Total 3 references                                      2.099520

****************************************
Design: fp32_mul_DW02_mult_0 
****************************************
Reference          Library       Unit Area   Count    Total Area   Attributes
-----------------------------------------------------------------------------
AND2x2_ASAP7_75t_R asap7sc7p5t_SIMPLE_RVT_TT_nldm_211120     0.087480      13     1.137240
AOI21xp33_ASAP7_75t_R asap7sc7p5t_AO_RVT_TT_nldm_211120     0.072900       2     0.145800
FAx1_ASAP7_75t_R   asap7sc7p5t_SIMPLE_RVT_TT_nldm_211120     0.204120      20     4.082400 r
INVx1_ASAP7_75t_R  asap7sc7p5t_INVBUF_RVT_TT_nldm_211120     0.043740      56     2.449440
NAND2xp33_ASAP7_75t_R asap7sc7p5t_SIMPLE_RVT_TT_nldm_211120     0.058320       3     0.174960
NOR2xp33_ASAP7_75t_R asap7sc7p5t_SIMPLE_RVT_TT_nldm_211120     0.058320      41     2.391120
OAI21xp33_ASAP7_75t_R asap7sc7p5t_OA_RVT_TT_nldm_211120     0.072900       1     0.072900
OR2x2_ASAP7_75t_R  asap7sc7p5t_SIMPLE_RVT_TT_nldm_211120     0.087480       1     0.087480
XNOR2xp5_ASAP7_75t_R asap7sc7p5t_SIMPLE_RVT_TT_nldm_211120     0.131220       1     0.131220
XOR2xp5_ASAP7_75t_R asap7sc7p5t_SIMPLE_RVT_TT_nldm_211120     0.131220      13     1.705860
-----------------------------------------------------------------------------
Total 10 references                                    12.378420

****************************************
Design: fp32_mul_DW02_mult_1 
****************************************
Reference          Library       Unit Area   Count    Total Area   Attributes
-----------------------------------------------------------------------------
AND2x2_ASAP7_75t_R asap7sc7p5t_SIMPLE_RVT_TT_nldm_211120     0.087480      13     1.137240
AOI21xp33_ASAP7_75t_R asap7sc7p5t_AO_RVT_TT_nldm_211120     0.072900       2     0.145800
FAx1_ASAP7_75t_R   asap7sc7p5t_SIMPLE_RVT_TT_nldm_211120     0.204120      20     4.082400 r
INVx1_ASAP7_75t_R  asap7sc7p5t_INVBUF_RVT_TT_nldm_211120     0.043740      56     2.449440
NAND2xp33_ASAP7_75t_R asap7sc7p5t_SIMPLE_RVT_TT_nldm_211120     0.058320       3     0.174960
NOR2xp33_ASAP7_75t_R asap7sc7p5t_SIMPLE_RVT_TT_nldm_211120     0.058320      41     2.391120
OAI21xp33_ASAP7_75t_R asap7sc7p5t_OA_RVT_TT_nldm_211120     0.072900       1     0.072900
OR2x2_ASAP7_75t_R  asap7sc7p5t_SIMPLE_RVT_TT_nldm_211120     0.087480       1     0.087480
XNOR2xp5_ASAP7_75t_R asap7sc7p5t_SIMPLE_RVT_TT_nldm_211120     0.131220       1     0.131220
XOR2xp5_ASAP7_75t_R asap7sc7p5t_SIMPLE_RVT_TT_nldm_211120     0.131220      13     1.705860
-----------------------------------------------------------------------------
Total 10 references                                    12.378420

****************************************
Design: fp32_mul_DW02_mult_2 
****************************************
Reference          Library       Unit Area   Count    Total Area   Attributes
-----------------------------------------------------------------------------
AND2x2_ASAP7_75t_R asap7sc7p5t_SIMPLE_RVT_TT_nldm_211120     0.087480      13     1.137240
AOI21xp33_ASAP7_75t_R asap7sc7p5t_AO_RVT_TT_nldm_211120     0.072900       2     0.145800
FAx1_ASAP7_75t_R   asap7sc7p5t_SIMPLE_RVT_TT_nldm_211120     0.204120      20     4.082400 r
INVx1_ASAP7_75t_R  asap7sc7p5t_INVBUF_RVT_TT_nldm_211120     0.043740      56     2.449440
NAND2xp33_ASAP7_75t_R asap7sc7p5t_SIMPLE_RVT_TT_nldm_211120     0.058320       3     0.174960
NOR2x1_ASAP7_75t_R asap7sc7p5t_SIMPLE_RVT_TT_nldm_211120     0.087480       1     0.087480
NOR2xp33_ASAP7_75t_R asap7sc7p5t_SIMPLE_RVT_TT_nldm_211120     0.058320      40     2.332800
OAI21xp33_ASAP7_75t_R asap7sc7p5t_OA_RVT_TT_nldm_211120     0.072900       1     0.072900
OR2x2_ASAP7_75t_R  asap7sc7p5t_SIMPLE_RVT_TT_nldm_211120     0.087480       1     0.087480
XNOR2xp5_ASAP7_75t_R asap7sc7p5t_SIMPLE_RVT_TT_nldm_211120     0.131220       1     0.131220
XOR2xp5_ASAP7_75t_R asap7sc7p5t_SIMPLE_RVT_TT_nldm_211120     0.131220      13     1.705860
-----------------------------------------------------------------------------
Total 11 references                                    12.407580

****************************************
Design: fp32_mul_DW02_mult_3 
****************************************
Reference          Library       Unit Area   Count    Total Area   Attributes
-----------------------------------------------------------------------------
AND2x2_ASAP7_75t_R asap7sc7p5t_SIMPLE_RVT_TT_nldm_211120     0.087480      13     1.137240
AOI21xp33_ASAP7_75t_R asap7sc7p5t_AO_RVT_TT_nldm_211120     0.072900       2     0.145800
FAx1_ASAP7_75t_R   asap7sc7p5t_SIMPLE_RVT_TT_nldm_211120     0.204120      20     4.082400 r
INVx1_ASAP7_75t_R  asap7sc7p5t_INVBUF_RVT_TT_nldm_211120     0.043740      56     2.449440
NAND2xp33_ASAP7_75t_R asap7sc7p5t_SIMPLE_RVT_TT_nldm_211120     0.058320       3     0.174960
NOR2xp33_ASAP7_75t_R asap7sc7p5t_SIMPLE_RVT_TT_nldm_211120     0.058320      41     2.391120
OAI21xp33_ASAP7_75t_R asap7sc7p5t_OA_RVT_TT_nldm_211120     0.072900       1     0.072900
OR2x2_ASAP7_75t_R  asap7sc7p5t_SIMPLE_RVT_TT_nldm_211120     0.087480       1     0.087480
XNOR2xp5_ASAP7_75t_R asap7sc7p5t_SIMPLE_RVT_TT_nldm_211120     0.131220       1     0.131220
XOR2xp5_ASAP7_75t_R asap7sc7p5t_SIMPLE_RVT_TT_nldm_211120     0.131220      13     1.705860
-----------------------------------------------------------------------------
Total 10 references                                    12.378420

****************************************
Design: fp32_mul_DW02_mult_4 
****************************************
Reference          Library       Unit Area   Count    Total Area   Attributes
-----------------------------------------------------------------------------
AND2x2_ASAP7_75t_R asap7sc7p5t_SIMPLE_RVT_TT_nldm_211120     0.087480      13     1.137240
AOI21xp5_ASAP7_75t_R asap7sc7p5t_AO_RVT_TT_nldm_211120     0.072900       1     0.072900
AOI21xp33_ASAP7_75t_R asap7sc7p5t_AO_RVT_TT_nldm_211120     0.072900       1     0.072900
FAx1_ASAP7_75t_R   asap7sc7p5t_SIMPLE_RVT_TT_nldm_211120     0.204120      20     4.082400 r
INVx1_ASAP7_75t_R  asap7sc7p5t_INVBUF_RVT_TT_nldm_211120     0.043740      56     2.449440
NAND2xp33_ASAP7_75t_R asap7sc7p5t_SIMPLE_RVT_TT_nldm_211120     0.058320       3     0.174960
NOR2xp33_ASAP7_75t_R asap7sc7p5t_SIMPLE_RVT_TT_nldm_211120     0.058320      41     2.391120
OAI21xp33_ASAP7_75t_R asap7sc7p5t_OA_RVT_TT_nldm_211120     0.072900       1     0.072900
OR2x2_ASAP7_75t_R  asap7sc7p5t_SIMPLE_RVT_TT_nldm_211120     0.087480       1     0.087480
XNOR2xp5_ASAP7_75t_R asap7sc7p5t_SIMPLE_RVT_TT_nldm_211120     0.131220       1     0.131220
XOR2xp5_ASAP7_75t_R asap7sc7p5t_SIMPLE_RVT_TT_nldm_211120     0.131220      13     1.705860
-----------------------------------------------------------------------------
Total 11 references                                    12.378420

****************************************
Design: fp32_mul_DW02_mult_5 
****************************************
Reference          Library       Unit Area   Count    Total Area   Attributes
-----------------------------------------------------------------------------
AND2x2_ASAP7_75t_R asap7sc7p5t_SIMPLE_RVT_TT_nldm_211120     0.087480      13     1.137240
AOI21xp5_ASAP7_75t_R asap7sc7p5t_AO_RVT_TT_nldm_211120     0.072900       1     0.072900
AOI21xp33_ASAP7_75t_R asap7sc7p5t_AO_RVT_TT_nldm_211120     0.072900       1     0.072900
FAx1_ASAP7_75t_R   asap7sc7p5t_SIMPLE_RVT_TT_nldm_211120     0.204120      20     4.082400 r
INVx1_ASAP7_75t_R  asap7sc7p5t_INVBUF_RVT_TT_nldm_211120     0.043740      56     2.449440
NAND2xp33_ASAP7_75t_R asap7sc7p5t_SIMPLE_RVT_TT_nldm_211120     0.058320       3     0.174960
NOR2xp33_ASAP7_75t_R asap7sc7p5t_SIMPLE_RVT_TT_nldm_211120     0.058320      41     2.391120
OAI21xp33_ASAP7_75t_R asap7sc7p5t_OA_RVT_TT_nldm_211120     0.072900       1     0.072900
OR2x2_ASAP7_75t_R  asap7sc7p5t_SIMPLE_RVT_TT_nldm_211120     0.087480       1     0.087480
XNOR2xp5_ASAP7_75t_R asap7sc7p5t_SIMPLE_RVT_TT_nldm_211120     0.131220       1     0.131220
XOR2xp5_ASAP7_75t_R asap7sc7p5t_SIMPLE_RVT_TT_nldm_211120     0.131220      13     1.705860
-----------------------------------------------------------------------------
Total 11 references                                    12.378420

****************************************
Design: fp32_mul_DW02_mult_6 
****************************************
Reference          Library       Unit Area   Count    Total Area   Attributes
-----------------------------------------------------------------------------
AND2x2_ASAP7_75t_R asap7sc7p5t_SIMPLE_RVT_TT_nldm_211120     0.087480      13     1.137240
AOI21xp5_ASAP7_75t_R asap7sc7p5t_AO_RVT_TT_nldm_211120     0.072900       1     0.072900
AOI21xp33_ASAP7_75t_R asap7sc7p5t_AO_RVT_TT_nldm_211120     0.072900       1     0.072900
FAx1_ASAP7_75t_R   asap7sc7p5t_SIMPLE_RVT_TT_nldm_211120     0.204120      20     4.082400 r
INVx1_ASAP7_75t_R  asap7sc7p5t_INVBUF_RVT_TT_nldm_211120     0.043740      56     2.449440
NAND2xp33_ASAP7_75t_R asap7sc7p5t_SIMPLE_RVT_TT_nldm_211120     0.058320       3     0.174960
NOR2xp33_ASAP7_75t_R asap7sc7p5t_SIMPLE_RVT_TT_nldm_211120     0.058320      41     2.391120
OAI21xp33_ASAP7_75t_R asap7sc7p5t_OA_RVT_TT_nldm_211120     0.072900       1     0.072900
OR2x2_ASAP7_75t_R  asap7sc7p5t_SIMPLE_RVT_TT_nldm_211120     0.087480       1     0.087480
XNOR2xp5_ASAP7_75t_R asap7sc7p5t_SIMPLE_RVT_TT_nldm_211120     0.131220       1     0.131220
XOR2xp5_ASAP7_75t_R asap7sc7p5t_SIMPLE_RVT_TT_nldm_211120     0.131220      13     1.705860
-----------------------------------------------------------------------------
Total 11 references                                    12.378420

****************************************
Design: fp32_mul_DW02_mult_7 
****************************************
Reference          Library       Unit Area   Count    Total Area   Attributes
-----------------------------------------------------------------------------
AND2x2_ASAP7_75t_R asap7sc7p5t_SIMPLE_RVT_TT_nldm_211120     0.087480      13     1.137240
AOI21xp5_ASAP7_75t_R asap7sc7p5t_AO_RVT_TT_nldm_211120     0.072900       1     0.072900
AOI21xp33_ASAP7_75t_R asap7sc7p5t_AO_RVT_TT_nldm_211120     0.072900       1     0.072900
FAx1_ASAP7_75t_R   asap7sc7p5t_SIMPLE_RVT_TT_nldm_211120     0.204120      20     4.082400 r
INVx1_ASAP7_75t_R  asap7sc7p5t_INVBUF_RVT_TT_nldm_211120     0.043740      55     2.405700
INVxp33_ASAP7_75t_R asap7sc7p5t_INVBUF_RVT_TT_nldm_211120     0.043740       1     0.043740
NAND2xp33_ASAP7_75t_R asap7sc7p5t_SIMPLE_RVT_TT_nldm_211120     0.058320       3     0.174960
NOR2xp33_ASAP7_75t_R asap7sc7p5t_SIMPLE_RVT_TT_nldm_211120     0.058320      41     2.391120
OAI21xp5_ASAP7_75t_R asap7sc7p5t_OA_RVT_TT_nldm_211120     0.072900       1     0.072900
OR2x2_ASAP7_75t_R  asap7sc7p5t_SIMPLE_RVT_TT_nldm_211120     0.087480       1     0.087480
XNOR2xp5_ASAP7_75t_R asap7sc7p5t_SIMPLE_RVT_TT_nldm_211120     0.131220       1     0.131220
XOR2xp5_ASAP7_75t_R asap7sc7p5t_SIMPLE_RVT_TT_nldm_211120     0.131220      13     1.705860
-----------------------------------------------------------------------------
Total 12 references                                    12.378420

****************************************
Design: fp32_mul_DW02_mult_8 
****************************************
Reference          Library       Unit Area   Count    Total Area   Attributes
-----------------------------------------------------------------------------
AND2x2_ASAP7_75t_R asap7sc7p5t_SIMPLE_RVT_TT_nldm_211120     0.087480      13     1.137240
AOI21xp33_ASAP7_75t_R asap7sc7p5t_AO_RVT_TT_nldm_211120     0.072900       2     0.145800
FAx1_ASAP7_75t_R   asap7sc7p5t_SIMPLE_RVT_TT_nldm_211120     0.204120      20     4.082400 r
INVx1_ASAP7_75t_R  asap7sc7p5t_INVBUF_RVT_TT_nldm_211120     0.043740      56     2.449440
NAND2xp33_ASAP7_75t_R asap7sc7p5t_SIMPLE_RVT_TT_nldm_211120     0.058320       3     0.174960
NOR2xp33_ASAP7_75t_R asap7sc7p5t_SIMPLE_RVT_TT_nldm_211120     0.058320      41     2.391120
OAI21xp33_ASAP7_75t_R asap7sc7p5t_OA_RVT_TT_nldm_211120     0.072900       1     0.072900
OR2x2_ASAP7_75t_R  asap7sc7p5t_SIMPLE_RVT_TT_nldm_211120     0.087480       1     0.087480
XNOR2xp5_ASAP7_75t_R asap7sc7p5t_SIMPLE_RVT_TT_nldm_211120     0.131220       1     0.131220
XOR2xp5_ASAP7_75t_R asap7sc7p5t_SIMPLE_RVT_TT_nldm_211120     0.131220      13     1.705860
-----------------------------------------------------------------------------
Total 10 references                                    12.378420

****************************************
Design: fp32_mul_DW02_mult_9 
****************************************
Reference          Library       Unit Area   Count    Total Area   Attributes
-----------------------------------------------------------------------------
AND2x2_ASAP7_75t_R asap7sc7p5t_SIMPLE_RVT_TT_nldm_211120     0.087480      13     1.137240
AOI21xp33_ASAP7_75t_R asap7sc7p5t_AO_RVT_TT_nldm_211120     0.072900       2     0.145800
FAx1_ASAP7_75t_R   asap7sc7p5t_SIMPLE_RVT_TT_nldm_211120     0.204120      20     4.082400 r
INVx1_ASAP7_75t_R  asap7sc7p5t_INVBUF_RVT_TT_nldm_211120     0.043740      56     2.449440
NAND2xp33_ASAP7_75t_R asap7sc7p5t_SIMPLE_RVT_TT_nldm_211120     0.058320       3     0.174960
NOR2xp33_ASAP7_75t_R asap7sc7p5t_SIMPLE_RVT_TT_nldm_211120     0.058320      41     2.391120
OAI21xp33_ASAP7_75t_R asap7sc7p5t_OA_RVT_TT_nldm_211120     0.072900       1     0.072900
OR2x2_ASAP7_75t_R  asap7sc7p5t_SIMPLE_RVT_TT_nldm_211120     0.087480       1     0.087480
XNOR2xp5_ASAP7_75t_R asap7sc7p5t_SIMPLE_RVT_TT_nldm_211120     0.131220       1     0.131220
XOR2xp5_ASAP7_75t_R asap7sc7p5t_SIMPLE_RVT_TT_nldm_211120     0.131220      13     1.705860
-----------------------------------------------------------------------------
Total 10 references                                    12.378420

****************************************
Design: fp32_mul_DW02_mult_10 
****************************************
Reference          Library       Unit Area   Count    Total Area   Attributes
-----------------------------------------------------------------------------
AND2x2_ASAP7_75t_R asap7sc7p5t_SIMPLE_RVT_TT_nldm_211120     0.087480      13     1.137240
AOI21xp33_ASAP7_75t_R asap7sc7p5t_AO_RVT_TT_nldm_211120     0.072900       2     0.145800
FAx1_ASAP7_75t_R   asap7sc7p5t_SIMPLE_RVT_TT_nldm_211120     0.204120      20     4.082400 r
INVx1_ASAP7_75t_R  asap7sc7p5t_INVBUF_RVT_TT_nldm_211120     0.043740      56     2.449440
NAND2xp33_ASAP7_75t_R asap7sc7p5t_SIMPLE_RVT_TT_nldm_211120     0.058320       3     0.174960
NOR2x1_ASAP7_75t_R asap7sc7p5t_SIMPLE_RVT_TT_nldm_211120     0.087480       1     0.087480
NOR2xp33_ASAP7_75t_R asap7sc7p5t_SIMPLE_RVT_TT_nldm_211120     0.058320      40     2.332800
OAI21xp33_ASAP7_75t_R asap7sc7p5t_OA_RVT_TT_nldm_211120     0.072900       1     0.072900
OR2x2_ASAP7_75t_R  asap7sc7p5t_SIMPLE_RVT_TT_nldm_211120     0.087480       1     0.087480
XNOR2xp5_ASAP7_75t_R asap7sc7p5t_SIMPLE_RVT_TT_nldm_211120     0.131220       1     0.131220
XOR2xp5_ASAP7_75t_R asap7sc7p5t_SIMPLE_RVT_TT_nldm_211120     0.131220      13     1.705860
-----------------------------------------------------------------------------
Total 11 references                                    12.407580

****************************************
Design: fp32_mul_DW02_mult_11 
****************************************
Reference          Library       Unit Area   Count    Total Area   Attributes
-----------------------------------------------------------------------------
AND2x2_ASAP7_75t_R asap7sc7p5t_SIMPLE_RVT_TT_nldm_211120     0.087480      13     1.137240
AOI21xp33_ASAP7_75t_R asap7sc7p5t_AO_RVT_TT_nldm_211120     0.072900       2     0.145800
FAx1_ASAP7_75t_R   asap7sc7p5t_SIMPLE_RVT_TT_nldm_211120     0.204120      20     4.082400 r
INVx1_ASAP7_75t_R  asap7sc7p5t_INVBUF_RVT_TT_nldm_211120     0.043740      56     2.449440
NAND2xp33_ASAP7_75t_R asap7sc7p5t_SIMPLE_RVT_TT_nldm_211120     0.058320       3     0.174960
NOR2xp33_ASAP7_75t_R asap7sc7p5t_SIMPLE_RVT_TT_nldm_211120     0.058320      41     2.391120
OAI21xp33_ASAP7_75t_R asap7sc7p5t_OA_RVT_TT_nldm_211120     0.072900       1     0.072900
OR2x2_ASAP7_75t_R  asap7sc7p5t_SIMPLE_RVT_TT_nldm_211120     0.087480       1     0.087480
XNOR2xp5_ASAP7_75t_R asap7sc7p5t_SIMPLE_RVT_TT_nldm_211120     0.131220       1     0.131220
XOR2xp5_ASAP7_75t_R asap7sc7p5t_SIMPLE_RVT_TT_nldm_211120     0.131220      13     1.705860
-----------------------------------------------------------------------------
Total 10 references                                    12.378420

****************************************
Design: fp32_mul_DW02_mult_12 
****************************************
Reference          Library       Unit Area   Count    Total Area   Attributes
-----------------------------------------------------------------------------
AND2x2_ASAP7_75t_R asap7sc7p5t_SIMPLE_RVT_TT_nldm_211120     0.087480      13     1.137240
AOI21xp5_ASAP7_75t_R asap7sc7p5t_AO_RVT_TT_nldm_211120     0.072900       1     0.072900
AOI21xp33_ASAP7_75t_R asap7sc7p5t_AO_RVT_TT_nldm_211120     0.072900       1     0.072900
FAx1_ASAP7_75t_R   asap7sc7p5t_SIMPLE_RVT_TT_nldm_211120     0.204120      20     4.082400 r
INVx1_ASAP7_75t_R  asap7sc7p5t_INVBUF_RVT_TT_nldm_211120     0.043740      56     2.449440
NAND2xp33_ASAP7_75t_R asap7sc7p5t_SIMPLE_RVT_TT_nldm_211120     0.058320       3     0.174960
NOR2xp33_ASAP7_75t_R asap7sc7p5t_SIMPLE_RVT_TT_nldm_211120     0.058320      41     2.391120
OAI21xp33_ASAP7_75t_R asap7sc7p5t_OA_RVT_TT_nldm_211120     0.072900       1     0.072900
OR2x2_ASAP7_75t_R  asap7sc7p5t_SIMPLE_RVT_TT_nldm_211120     0.087480       1     0.087480
XNOR2xp5_ASAP7_75t_R asap7sc7p5t_SIMPLE_RVT_TT_nldm_211120     0.131220       1     0.131220
XOR2xp5_ASAP7_75t_R asap7sc7p5t_SIMPLE_RVT_TT_nldm_211120     0.131220      13     1.705860
-----------------------------------------------------------------------------
Total 11 references                                    12.378420

****************************************
Design: fp32_mul_DW02_mult_13 
****************************************
Reference          Library       Unit Area   Count    Total Area   Attributes
-----------------------------------------------------------------------------
AND2x2_ASAP7_75t_R asap7sc7p5t_SIMPLE_RVT_TT_nldm_211120     0.087480      13     1.137240
AOI21xp5_ASAP7_75t_R asap7sc7p5t_AO_RVT_TT_nldm_211120     0.072900       1     0.072900
AOI21xp33_ASAP7_75t_R asap7sc7p5t_AO_RVT_TT_nldm_211120     0.072900       1     0.072900
FAx1_ASAP7_75t_R   asap7sc7p5t_SIMPLE_RVT_TT_nldm_211120     0.204120      20     4.082400 r
INVx1_ASAP7_75t_R  asap7sc7p5t_INVBUF_RVT_TT_nldm_211120     0.043740      56     2.449440
NAND2xp33_ASAP7_75t_R asap7sc7p5t_SIMPLE_RVT_TT_nldm_211120     0.058320       3     0.174960
NOR2xp33_ASAP7_75t_R asap7sc7p5t_SIMPLE_RVT_TT_nldm_211120     0.058320      41     2.391120
OAI21xp33_ASAP7_75t_R asap7sc7p5t_OA_RVT_TT_nldm_211120     0.072900       1     0.072900
OR2x2_ASAP7_75t_R  asap7sc7p5t_SIMPLE_RVT_TT_nldm_211120     0.087480       1     0.087480
XNOR2xp5_ASAP7_75t_R asap7sc7p5t_SIMPLE_RVT_TT_nldm_211120     0.131220       1     0.131220
XOR2xp5_ASAP7_75t_R asap7sc7p5t_SIMPLE_RVT_TT_nldm_211120     0.131220      13     1.705860
-----------------------------------------------------------------------------
Total 11 references                                    12.378420

****************************************
Design: fp32_mul_DW02_mult_14 
****************************************
Reference          Library       Unit Area   Count    Total Area   Attributes
-----------------------------------------------------------------------------
AND2x2_ASAP7_75t_R asap7sc7p5t_SIMPLE_RVT_TT_nldm_211120     0.087480      13     1.137240
AOI21xp5_ASAP7_75t_R asap7sc7p5t_AO_RVT_TT_nldm_211120     0.072900       1     0.072900
AOI21xp33_ASAP7_75t_R asap7sc7p5t_AO_RVT_TT_nldm_211120     0.072900       1     0.072900
FAx1_ASAP7_75t_R   asap7sc7p5t_SIMPLE_RVT_TT_nldm_211120     0.204120      20     4.082400 r
INVx1_ASAP7_75t_R  asap7sc7p5t_INVBUF_RVT_TT_nldm_211120     0.043740      56     2.449440
NAND2xp33_ASAP7_75t_R asap7sc7p5t_SIMPLE_RVT_TT_nldm_211120     0.058320       3     0.174960
NOR2xp33_ASAP7_75t_R asap7sc7p5t_SIMPLE_RVT_TT_nldm_211120     0.058320      41     2.391120
OAI21xp33_ASAP7_75t_R asap7sc7p5t_OA_RVT_TT_nldm_211120     0.072900       1     0.072900
OR2x2_ASAP7_75t_R  asap7sc7p5t_SIMPLE_RVT_TT_nldm_211120     0.087480       1     0.087480
XNOR2xp5_ASAP7_75t_R asap7sc7p5t_SIMPLE_RVT_TT_nldm_211120     0.131220       1     0.131220
XOR2xp5_ASAP7_75t_R asap7sc7p5t_SIMPLE_RVT_TT_nldm_211120     0.131220      13     1.705860
-----------------------------------------------------------------------------
Total 11 references                                    12.378420

****************************************
Design: fp32_mul_DW02_mult_15 
****************************************
Reference          Library       Unit Area   Count    Total Area   Attributes
-----------------------------------------------------------------------------
AND2x2_ASAP7_75t_R asap7sc7p5t_SIMPLE_RVT_TT_nldm_211120     0.087480      13     1.137240
AOI21xp5_ASAP7_75t_R asap7sc7p5t_AO_RVT_TT_nldm_211120     0.072900       1     0.072900
AOI21xp33_ASAP7_75t_R asap7sc7p5t_AO_RVT_TT_nldm_211120     0.072900       1     0.072900
FAx1_ASAP7_75t_R   asap7sc7p5t_SIMPLE_RVT_TT_nldm_211120     0.204120      20     4.082400 r
INVx1_ASAP7_75t_R  asap7sc7p5t_INVBUF_RVT_TT_nldm_211120     0.043740      55     2.405700
INVxp67_ASAP7_75t_R asap7sc7p5t_INVBUF_RVT_TT_nldm_211120     0.043740       1     0.043740
NAND2xp33_ASAP7_75t_R asap7sc7p5t_SIMPLE_RVT_TT_nldm_211120     0.058320       3     0.174960
NOR2xp33_ASAP7_75t_R asap7sc7p5t_SIMPLE_RVT_TT_nldm_211120     0.058320      41     2.391120
OAI21xp33_ASAP7_75t_R asap7sc7p5t_OA_RVT_TT_nldm_211120     0.072900       1     0.072900
OR2x2_ASAP7_75t_R  asap7sc7p5t_SIMPLE_RVT_TT_nldm_211120     0.087480       1     0.087480
XNOR2xp5_ASAP7_75t_R asap7sc7p5t_SIMPLE_RVT_TT_nldm_211120     0.131220       1     0.131220
XOR2xp5_ASAP7_75t_R asap7sc7p5t_SIMPLE_RVT_TT_nldm_211120     0.131220      13     1.705860
-----------------------------------------------------------------------------
Total 12 references                                    12.378420
1
