 
****************************************
Report : reference
Design : mq_pe_16x2_d32
Version: P-2019.03-SP5-6
Date   : Fri Aug 28 23:32:40 2026
****************************************

Attributes:
    b - black box (unknown)
   bo - allows boundary optimization
    d - dont_touch
   mo - map_only
    h - hierarchical
    n - noncombinational
    r - removable
    s - synthetic operator
    u - contains unmapped logic

Reference          Library       Unit Area   Count    Total Area   Attributes
-----------------------------------------------------------------------------
mq_bank_pe_N_Q16_N_C2_VEC_DEPTH32 12181.064903       1 12181.064903 h, n
-----------------------------------------------------------------------------
Total 1 references                                  12181.064903

****************************************
Design: mq_bank_pe_N_Q16_N_C2_VEC_DEPTH32 
****************************************
Reference          Library       Unit Area   Count    Total Area   Attributes
-----------------------------------------------------------------------------
AND2x2_ASAP7_75t_R asap7sc7p5t_SIMPLE_RVT_TT_nldm_211120     0.087480      92     8.048160
AND2x4_ASAP7_75t_R asap7sc7p5t_SIMPLE_RVT_TT_nldm_211120     0.145800       5     0.729000
AND3x1_ASAP7_75t_R asap7sc7p5t_SIMPLE_RVT_TT_nldm_211120     0.087480     242    21.170160
AND3x2_ASAP7_75t_R asap7sc7p5t_SIMPLE_RVT_TT_nldm_211120     0.102060       4     0.408240
AND3x4_ASAP7_75t_R asap7sc7p5t_SIMPLE_RVT_TT_nldm_211120     0.204120       1     0.204120
AND4x1_ASAP7_75t_R asap7sc7p5t_SIMPLE_RVT_TT_nldm_211120     0.102060     480    48.988799
AND5x1_ASAP7_75t_R asap7sc7p5t_SIMPLE_RVT_TT_nldm_211120     0.116640       1     0.116640
AO21x1_ASAP7_75t_R asap7sc7p5t_AO_RVT_TT_nldm_211120     0.087480       1     0.087480
AO22x1_ASAP7_75t_R asap7sc7p5t_AO_RVT_TT_nldm_211120     0.131220       1     0.131220
AOI22xp5_ASAP7_75t_R asap7sc7p5t_AO_RVT_TT_nldm_211120     0.087480     721    63.073081
AOI22xp33_ASAP7_75t_R asap7sc7p5t_AO_RVT_TT_nldm_211120     0.087480    2159   188.869322
AOI211xp5_ASAP7_75t_R asap7sc7p5t_AO_RVT_TT_nldm_211120     0.087480     241    21.082680
AOI221x1_ASAP7_75t_R asap7sc7p5t_AO_RVT_TT_nldm_211120     0.204120      33     6.735960
AOI221xp5_ASAP7_75t_R asap7sc7p5t_AO_RVT_TT_nldm_211120     0.102060      32     3.265920
AOI222xp33_ASAP7_75t_R asap7sc7p5t_AO_RVT_TT_nldm_211120     0.145800     241    35.137799
BUFx2_ASAP7_75t_R  asap7sc7p5t_INVBUF_RVT_TT_nldm_211120     0.072900      10     0.729000
BUFx3_ASAP7_75t_R  asap7sc7p5t_INVBUF_RVT_TT_nldm_211120     0.087480      16     1.399680
BUFx4_ASAP7_75t_R  asap7sc7p5t_INVBUF_RVT_TT_nldm_211120     0.102060       1     0.102060
BUFx4f_ASAP7_75t_R asap7sc7p5t_INVBUF_RVT_TT_nldm_211120     0.116640       1     0.116640
BUFx5_ASAP7_75t_R  asap7sc7p5t_INVBUF_RVT_TT_nldm_211120     0.116640       2     0.233280
BUFx6f_ASAP7_75t_R asap7sc7p5t_INVBUF_RVT_TT_nldm_211120     0.145800       3     0.437400
BUFx10_ASAP7_75t_R asap7sc7p5t_INVBUF_RVT_TT_nldm_211120     0.204120       1     0.204120
BUFx12f_ASAP7_75t_R asap7sc7p5t_INVBUF_RVT_TT_nldm_211120     0.262440       1     0.262440
DFFASRHQNx1_ASAP7_75t_R asap7sc7p5t_SEQ_RVT_TT_nldm_220123     0.379080     330   125.096399 n
DFFHQNx1_ASAP7_75t_R asap7sc7p5t_SEQ_RVT_TT_nldm_220123     0.291600   10758  3137.032681 n
FAx1_ASAP7_75t_R   asap7sc7p5t_SIMPLE_RVT_TT_nldm_211120     0.204120       4     0.816480 r
HAxp5_ASAP7_75t_R  asap7sc7p5t_SIMPLE_RVT_TT_nldm_211120     0.131220       3     0.393660 r
HB1xp67_ASAP7_75t_R asap7sc7p5t_INVBUF_RVT_TT_nldm_211120     0.058320    1407    82.056241
INVx1_ASAP7_75t_R  asap7sc7p5t_INVBUF_RVT_TT_nldm_211120     0.043740    5973   261.259023
INVx2_ASAP7_75t_R  asap7sc7p5t_INVBUF_RVT_TT_nldm_211120     0.058320       9     0.524880
INVx3_ASAP7_75t_R  asap7sc7p5t_INVBUF_RVT_TT_nldm_211120     0.072900      10     0.729000
INVx4_ASAP7_75t_R  asap7sc7p5t_INVBUF_RVT_TT_nldm_211120     0.087480       2     0.174960
INVx8_ASAP7_75t_R  asap7sc7p5t_INVBUF_RVT_TT_nldm_211120     0.145800       3     0.437400
INVxp33_ASAP7_75t_R asap7sc7p5t_INVBUF_RVT_TT_nldm_211120     0.043740      28     1.224720
INVxp67_ASAP7_75t_R asap7sc7p5t_INVBUF_RVT_TT_nldm_211120     0.043740      23     1.006020
NAND2x1p5_ASAP7_75t_R asap7sc7p5t_SIMPLE_RVT_TT_nldm_211120     0.116640       5     0.583200
NAND2x2_ASAP7_75t_R asap7sc7p5t_SIMPLE_RVT_TT_nldm_211120     0.145800       3     0.437400
NAND2xp5_ASAP7_75t_R asap7sc7p5t_SIMPLE_RVT_TT_nldm_211120     0.058320    5844   340.822084
NAND2xp33_ASAP7_75t_R asap7sc7p5t_SIMPLE_RVT_TT_nldm_211120     0.058320       8     0.466560
NAND2xp67_ASAP7_75t_R asap7sc7p5t_SIMPLE_RVT_TT_nldm_211120     0.087480       1     0.087480
NAND3xp33_ASAP7_75t_R asap7sc7p5t_SIMPLE_RVT_TT_nldm_211120     0.072900     241    17.568899
NAND4xp25_ASAP7_75t_R asap7sc7p5t_SIMPLE_RVT_TT_nldm_211120     0.087480      21     1.837080
NAND4xp75_ASAP7_75t_R asap7sc7p5t_SIMPLE_RVT_TT_nldm_211120     0.204120      15     3.061800
NAND5xp2_ASAP7_75t_R asap7sc7p5t_SIMPLE_RVT_TT_nldm_211120     0.102060     267    27.250019
NOR2xp33_ASAP7_75t_R asap7sc7p5t_SIMPLE_RVT_TT_nldm_211120     0.058320      43     2.507760
NOR3xp33_ASAP7_75t_R asap7sc7p5t_SIMPLE_RVT_TT_nldm_211120     0.072900       7     0.510300
NOR5xp2_ASAP7_75t_R asap7sc7p5t_SIMPLE_RVT_TT_nldm_211120     0.102060      16     1.632960
OAI21xp5_ASAP7_75t_R asap7sc7p5t_OA_RVT_TT_nldm_211120     0.072900    4386   319.739388
OAI21xp33_ASAP7_75t_R asap7sc7p5t_OA_RVT_TT_nldm_211120     0.072900      16     1.166400
OAI22xp5_ASAP7_75t_R asap7sc7p5t_OA_RVT_TT_nldm_211120     0.087480   10967   959.393173
OAI22xp33_ASAP7_75t_R asap7sc7p5t_OA_RVT_TT_nldm_211120     0.087480      97     8.485560
OAI211xp5_ASAP7_75t_R asap7sc7p5t_OA_RVT_TT_nldm_211120     0.087480       1     0.087480
OR2x2_ASAP7_75t_R  asap7sc7p5t_SIMPLE_RVT_TT_nldm_211120     0.087480      11     0.962280
OR3x1_ASAP7_75t_R  asap7sc7p5t_SIMPLE_RVT_TT_nldm_211120     0.087480       1     0.087480
OR3x2_ASAP7_75t_R  asap7sc7p5t_SIMPLE_RVT_TT_nldm_211120     0.102060       1     0.102060
TIEHIx1_ASAP7_75t_R asap7sc7p5t_SIMPLE_RVT_TT_nldm_211120     0.043740       1     0.043740
XNOR2x1_ASAP7_75t_R asap7sc7p5t_SIMPLE_RVT_TT_nldm_211120     0.174960       1     0.174960
XNOR2xp5_ASAP7_75t_R asap7sc7p5t_SIMPLE_RVT_TT_nldm_211120     0.131220       7     0.918540
XOR2x2_ASAP7_75t_R asap7sc7p5t_SIMPLE_RVT_TT_nldm_211120     0.160380       1     0.160380
XOR2xp5_ASAP7_75t_R asap7sc7p5t_SIMPLE_RVT_TT_nldm_211120     0.131220       1     0.131220
dbuf_16x256_DEPTH32            3946.878805       1   3946.878805  h, n
fp16_add_piped_NUM_PIPE2_0       89.754480       1     89.754480  h, n
fp16_add_piped_NUM_PIPE2_16      88.850520       1     88.850520  h, n
mac_tree16_piped_MPIPE2_APIPE2  2355.078228       1  2355.078228  h, n
-----------------------------------------------------------------------------
Total 64 references                                 12181.064903

****************************************
Design: dbuf_16x256_DEPTH32 
****************************************
Reference          Library       Unit Area   Count    Total Area   Attributes
-----------------------------------------------------------------------------
AND2x2_ASAP7_75t_R asap7sc7p5t_SIMPLE_RVT_TT_nldm_211120     0.087480       4     0.349920
AND3x1_ASAP7_75t_R asap7sc7p5t_SIMPLE_RVT_TT_nldm_211120     0.087480       4     0.349920
AOI22xp33_ASAP7_75t_R asap7sc7p5t_AO_RVT_TT_nldm_211120     0.087480     512    44.789761
AOI32xp33_ASAP7_75t_R asap7sc7p5t_AO_RVT_TT_nldm_211120     0.102060     256    26.127359
AOI221xp5_ASAP7_75t_R asap7sc7p5t_AO_RVT_TT_nldm_211120     0.102060     256    26.127359
AOI222xp33_ASAP7_75t_R asap7sc7p5t_AO_RVT_TT_nldm_211120     0.145800    1024   149.299194
BUFx2_ASAP7_75t_R  asap7sc7p5t_INVBUF_RVT_TT_nldm_211120     0.072900     140    10.206000
BUFx3_ASAP7_75t_R  asap7sc7p5t_INVBUF_RVT_TT_nldm_211120     0.087480      59     5.161320
BUFx4f_ASAP7_75t_R asap7sc7p5t_INVBUF_RVT_TT_nldm_211120     0.116640      15     1.749600
BUFx6f_ASAP7_75t_R asap7sc7p5t_INVBUF_RVT_TT_nldm_211120     0.145800      47     6.852600
BUFx8_ASAP7_75t_R  asap7sc7p5t_INVBUF_RVT_TT_nldm_211120     0.174960       1     0.174960
BUFx12f_ASAP7_75t_R asap7sc7p5t_INVBUF_RVT_TT_nldm_211120     0.262440      81    21.257640
DFFASRHQNx1_ASAP7_75t_R asap7sc7p5t_SEQ_RVT_TT_nldm_220123     0.379080     256    97.044479 n
DFFHQNx1_ASAP7_75t_R asap7sc7p5t_SEQ_RVT_TT_nldm_220123     0.291600    8192  2388.787109 n
HB1xp67_ASAP7_75t_R asap7sc7p5t_INVBUF_RVT_TT_nldm_211120     0.058320    1702    99.260641
INVx1_ASAP7_75t_R  asap7sc7p5t_INVBUF_RVT_TT_nldm_211120     0.043740     969    42.384061
INVx2_ASAP7_75t_R  asap7sc7p5t_INVBUF_RVT_TT_nldm_211120     0.058320       5     0.291600
INVx3_ASAP7_75t_R  asap7sc7p5t_INVBUF_RVT_TT_nldm_211120     0.072900       4     0.291600
INVxp33_ASAP7_75t_R asap7sc7p5t_INVBUF_RVT_TT_nldm_211120     0.043740       7     0.306180
NAND2xp5_ASAP7_75t_R asap7sc7p5t_SIMPLE_RVT_TT_nldm_211120     0.058320      32     1.866240
NAND2xp33_ASAP7_75t_R asap7sc7p5t_SIMPLE_RVT_TT_nldm_211120     0.058320       3     0.174960
NAND4xp25_ASAP7_75t_R asap7sc7p5t_SIMPLE_RVT_TT_nldm_211120     0.087480     256    22.394880
NOR2xp33_ASAP7_75t_R asap7sc7p5t_SIMPLE_RVT_TT_nldm_211120     0.058320     265    15.454800
NOR3xp33_ASAP7_75t_R asap7sc7p5t_SIMPLE_RVT_TT_nldm_211120     0.072900       8     0.583200
OAI21xp33_ASAP7_75t_R asap7sc7p5t_OA_RVT_TT_nldm_211120     0.072900     768    55.987198
OAI22xp5_ASAP7_75t_R asap7sc7p5t_OA_RVT_TT_nldm_211120     0.087480    8409   735.619330
OAI22xp33_ASAP7_75t_R asap7sc7p5t_OA_RVT_TT_nldm_211120     0.087480      39     3.411720
OAI221xp5_ASAP7_75t_R asap7sc7p5t_OA_RVT_TT_nldm_211120     0.102060     768    78.382078
OAI222xp33_ASAP7_75t_R asap7sc7p5t_OA_RVT_TT_nldm_211120     0.145800     768   111.974396
OR2x2_ASAP7_75t_R  asap7sc7p5t_SIMPLE_RVT_TT_nldm_211120     0.087480       2     0.174960
TIEHIx1_ASAP7_75t_R asap7sc7p5t_SIMPLE_RVT_TT_nldm_211120     0.043740       1     0.043740
-----------------------------------------------------------------------------
Total 31 references                                  3946.878805

****************************************
Design: fp16_add_piped_NUM_PIPE2_0 
****************************************
Reference          Library       Unit Area   Count    Total Area   Attributes
-----------------------------------------------------------------------------
A2O1A1Ixp33_ASAP7_75t_R asap7sc7p5t_AO_RVT_TT_nldm_211120     0.087480      11     0.962280
AND2x2_ASAP7_75t_R asap7sc7p5t_SIMPLE_RVT_TT_nldm_211120     0.087480      22     1.924560
AND3x1_ASAP7_75t_R asap7sc7p5t_SIMPLE_RVT_TT_nldm_211120     0.087480       1     0.087480
AND4x2_ASAP7_75t_R asap7sc7p5t_SIMPLE_RVT_TT_nldm_211120     0.116640       1     0.116640
AND5x1_ASAP7_75t_R asap7sc7p5t_SIMPLE_RVT_TT_nldm_211120     0.116640       1     0.116640
AO21x1_ASAP7_75t_R asap7sc7p5t_AO_RVT_TT_nldm_211120     0.087480       2     0.174960
AO22x1_ASAP7_75t_R asap7sc7p5t_AO_RVT_TT_nldm_211120     0.131220       1     0.131220
AO222x2_ASAP7_75t_R asap7sc7p5t_AO_RVT_TT_nldm_211120     0.174960       1     0.174960
AOI21xp5_ASAP7_75t_R asap7sc7p5t_AO_RVT_TT_nldm_211120     0.072900       3     0.218700
AOI21xp33_ASAP7_75t_R asap7sc7p5t_AO_RVT_TT_nldm_211120     0.072900       9     0.656100
AOI22x1_ASAP7_75t_R asap7sc7p5t_AO_RVT_TT_nldm_211120     0.145800       1     0.145800
AOI22xp5_ASAP7_75t_R asap7sc7p5t_AO_RVT_TT_nldm_211120     0.087480       4     0.349920
AOI22xp33_ASAP7_75t_R asap7sc7p5t_AO_RVT_TT_nldm_211120     0.087480      18     1.574640
AOI31xp33_ASAP7_75t_R asap7sc7p5t_AO_RVT_TT_nldm_211120     0.087480       6     0.524880
AOI31xp67_ASAP7_75t_R asap7sc7p5t_AO_RVT_TT_nldm_211120     0.189540       2     0.379080
AOI33xp33_ASAP7_75t_R asap7sc7p5t_AO_RVT_TT_nldm_211120     0.116640       1     0.116640
AOI211x1_ASAP7_75t_R asap7sc7p5t_AO_RVT_TT_nldm_211120     0.174960       1     0.174960
AOI211xp5_ASAP7_75t_R asap7sc7p5t_AO_RVT_TT_nldm_211120     0.087480       2     0.174960
AOI221xp5_ASAP7_75t_R asap7sc7p5t_AO_RVT_TT_nldm_211120     0.102060       4     0.408240
AOI311xp33_ASAP7_75t_R asap7sc7p5t_AO_RVT_TT_nldm_211120     0.102060       1     0.102060
AOI321xp33_ASAP7_75t_R asap7sc7p5t_AO_RVT_TT_nldm_211120     0.116640       2     0.233280
BUFx3_ASAP7_75t_R  asap7sc7p5t_INVBUF_RVT_TT_nldm_211120     0.087480       1     0.087480
BUFx6f_ASAP7_75t_R asap7sc7p5t_INVBUF_RVT_TT_nldm_211120     0.145800       1     0.145800
DFFASRHQNx1_ASAP7_75t_R asap7sc7p5t_SEQ_RVT_TT_nldm_220123     0.379080       2     0.758160 n
DFFHQNx1_ASAP7_75t_R asap7sc7p5t_SEQ_RVT_TT_nldm_220123     0.291600      23     6.706800 n
DFFHQx4_ASAP7_75t_R asap7sc7p5t_SEQ_RVT_TT_nldm_220123     0.364500       9     3.280500 n
FAx1_ASAP7_75t_R   asap7sc7p5t_SIMPLE_RVT_TT_nldm_211120     0.204120       1     0.204120 r
HB1xp67_ASAP7_75t_R asap7sc7p5t_INVBUF_RVT_TT_nldm_211120     0.058320       6     0.349920
INVx1_ASAP7_75t_R  asap7sc7p5t_INVBUF_RVT_TT_nldm_211120     0.043740     207     9.054180
INVx2_ASAP7_75t_R  asap7sc7p5t_INVBUF_RVT_TT_nldm_211120     0.058320      31     1.807920
INVx3_ASAP7_75t_R  asap7sc7p5t_INVBUF_RVT_TT_nldm_211120     0.072900       5     0.364500
INVx4_ASAP7_75t_R  asap7sc7p5t_INVBUF_RVT_TT_nldm_211120     0.087480       1     0.087480
INVx5_ASAP7_75t_R  asap7sc7p5t_INVBUF_RVT_TT_nldm_211120     0.102060       2     0.204120
INVxp33_ASAP7_75t_R asap7sc7p5t_INVBUF_RVT_TT_nldm_211120     0.043740      10     0.437400
INVxp67_ASAP7_75t_R asap7sc7p5t_INVBUF_RVT_TT_nldm_211120     0.043740      14     0.612360
NAND2x1_ASAP7_75t_R asap7sc7p5t_SIMPLE_RVT_TT_nldm_211120     0.087480      10     0.874800
NAND2x1p5_ASAP7_75t_R asap7sc7p5t_SIMPLE_RVT_TT_nldm_211120     0.116640      20     2.332800
NAND2x2_ASAP7_75t_R asap7sc7p5t_SIMPLE_RVT_TT_nldm_211120     0.145800       5     0.729000
NAND2xp5_ASAP7_75t_R asap7sc7p5t_SIMPLE_RVT_TT_nldm_211120     0.058320     155     9.039600
NAND2xp33_ASAP7_75t_R asap7sc7p5t_SIMPLE_RVT_TT_nldm_211120     0.058320      14     0.816480
NAND3x1_ASAP7_75t_R asap7sc7p5t_SIMPLE_RVT_TT_nldm_211120     0.160380       3     0.481140
NAND3x2_ASAP7_75t_R asap7sc7p5t_SIMPLE_RVT_TT_nldm_211120     0.291600       2     0.583200
NAND3xp33_ASAP7_75t_R asap7sc7p5t_SIMPLE_RVT_TT_nldm_211120     0.072900      39     2.843100
NAND4xp25_ASAP7_75t_R asap7sc7p5t_SIMPLE_RVT_TT_nldm_211120     0.087480       4     0.349920
NAND4xp75_ASAP7_75t_R asap7sc7p5t_SIMPLE_RVT_TT_nldm_211120     0.204120       1     0.204120
NAND5xp2_ASAP7_75t_R asap7sc7p5t_SIMPLE_RVT_TT_nldm_211120     0.102060       5     0.510300
NOR2x1_ASAP7_75t_R asap7sc7p5t_SIMPLE_RVT_TT_nldm_211120     0.087480       2     0.174960
NOR2x1p5_ASAP7_75t_R asap7sc7p5t_SIMPLE_RVT_TT_nldm_211120     0.116640       1     0.116640
NOR2xp33_ASAP7_75t_R asap7sc7p5t_SIMPLE_RVT_TT_nldm_211120     0.058320      33     1.924560
NOR2xp67_ASAP7_75t_R asap7sc7p5t_SIMPLE_RVT_TT_nldm_211120     0.087480       1     0.087480
NOR3x1_ASAP7_75t_R asap7sc7p5t_SIMPLE_RVT_TT_nldm_211120     0.160380       1     0.160380
NOR3xp33_ASAP7_75t_R asap7sc7p5t_SIMPLE_RVT_TT_nldm_211120     0.072900       2     0.145800
NOR4xp25_ASAP7_75t_R asap7sc7p5t_SIMPLE_RVT_TT_nldm_211120     0.087480       2     0.174960
NOR5xp2_ASAP7_75t_R asap7sc7p5t_SIMPLE_RVT_TT_nldm_211120     0.102060       5     0.510300
O2A1O1Ixp5_ASAP7_75t_R asap7sc7p5t_OA_RVT_TT_nldm_211120     0.116640       3     0.349920
O2A1O1Ixp33_ASAP7_75t_R asap7sc7p5t_OA_RVT_TT_nldm_211120     0.087480       3     0.262440
OA21x2_ASAP7_75t_R asap7sc7p5t_OA_RVT_TT_nldm_211120     0.102060       6     0.612360
OA22x2_ASAP7_75t_R asap7sc7p5t_OA_RVT_TT_nldm_211120     0.145800       2     0.291600
OA31x2_ASAP7_75t_R asap7sc7p5t_OA_RVT_TT_nldm_211120     0.218700       1     0.218700
OA331x1_ASAP7_75t_R asap7sc7p5t_OA_RVT_TT_nldm_211120     0.145800       1     0.145800
OAI21x1_ASAP7_75t_R asap7sc7p5t_OA_RVT_TT_nldm_211120     0.116640       4     0.466560
OAI21xp5_ASAP7_75t_R asap7sc7p5t_OA_RVT_TT_nldm_211120     0.072900      29     2.114100
OAI21xp33_ASAP7_75t_R asap7sc7p5t_OA_RVT_TT_nldm_211120     0.072900      19     1.385100
OAI22x1_ASAP7_75t_R asap7sc7p5t_OA_RVT_TT_nldm_211120     0.145800       2     0.291600
OAI22xp5_ASAP7_75t_R asap7sc7p5t_OA_RVT_TT_nldm_211120     0.087480      38     3.324240
OAI22xp33_ASAP7_75t_R asap7sc7p5t_OA_RVT_TT_nldm_211120     0.087480      18     1.574640
OAI31xp33_ASAP7_75t_R asap7sc7p5t_OA_RVT_TT_nldm_211120     0.087480       3     0.262440
OAI31xp67_ASAP7_75t_R asap7sc7p5t_OA_RVT_TT_nldm_211120     0.189540       2     0.379080
OAI32xp33_ASAP7_75t_R asap7sc7p5t_OA_RVT_TT_nldm_211120     0.102060       2     0.204120
OAI211xp5_ASAP7_75t_R asap7sc7p5t_OA_RVT_TT_nldm_211120     0.087480      10     0.874800
OAI221xp5_ASAP7_75t_R asap7sc7p5t_OA_RVT_TT_nldm_211120     0.102060       6     0.612360
OAI222xp33_ASAP7_75t_R asap7sc7p5t_OA_RVT_TT_nldm_211120     0.145800       3     0.437400
OAI311xp33_ASAP7_75t_R asap7sc7p5t_OA_RVT_TT_nldm_211120     0.102060       3     0.306180
OAI321xp33_ASAP7_75t_R asap7sc7p5t_OA_RVT_TT_nldm_211120     0.116640       2     0.233280
OAI331xp33_ASAP7_75t_R asap7sc7p5t_OA_RVT_TT_nldm_211120     0.131220       1     0.131220
OAI332xp33_ASAP7_75t_R asap7sc7p5t_OA_RVT_TT_nldm_211120     0.145800       1     0.145800
OR2x2_ASAP7_75t_R  asap7sc7p5t_SIMPLE_RVT_TT_nldm_211120     0.087480       3     0.262440
TIEHIx1_ASAP7_75t_R asap7sc7p5t_SIMPLE_RVT_TT_nldm_211120     0.043740       1     0.043740
TIELOx1_ASAP7_75t_R asap7sc7p5t_SIMPLE_RVT_TT_nldm_211120     0.043740       1     0.043740
XNOR2x2_ASAP7_75t_R asap7sc7p5t_SIMPLE_RVT_TT_nldm_211120     0.160380       2     0.320760
XNOR2xp5_ASAP7_75t_R asap7sc7p5t_SIMPLE_RVT_TT_nldm_211120     0.131220       3     0.393660
XOR2x1_ASAP7_75t_R asap7sc7p5t_SIMPLE_RVT_TT_nldm_211120     0.174960       1     0.174960
XOR2x2_ASAP7_75t_R asap7sc7p5t_SIMPLE_RVT_TT_nldm_211120     0.160380       4     0.641520
XOR2xp5_ASAP7_75t_R asap7sc7p5t_SIMPLE_RVT_TT_nldm_211120     0.131220       8     1.049760
fp16_add_piped_NUM_PIPE2_0_DW01_add_2     7.523280       1     7.523280 h
fp16_add_piped_NUM_PIPE2_0_DW01_sub_11     9.768600       1     9.768600 h
-----------------------------------------------------------------------------
Total 86 references                                    89.754480

****************************************
Design: fp16_add_piped_NUM_PIPE2_0_DW01_add_2 
****************************************
Reference          Library       Unit Area   Count    Total Area   Attributes
-----------------------------------------------------------------------------
AND2x2_ASAP7_75t_R asap7sc7p5t_SIMPLE_RVT_TT_nldm_211120     0.087480       2     0.174960
AOI21x1_ASAP7_75t_R asap7sc7p5t_AO_RVT_TT_nldm_211120     0.116640       1     0.116640
AOI21xp5_ASAP7_75t_R asap7sc7p5t_AO_RVT_TT_nldm_211120     0.072900       1     0.072900
AOI22xp5_ASAP7_75t_R asap7sc7p5t_AO_RVT_TT_nldm_211120     0.087480       1     0.087480
AOI31xp67_ASAP7_75t_R asap7sc7p5t_AO_RVT_TT_nldm_211120     0.189540       1     0.189540
AOI211x1_ASAP7_75t_R asap7sc7p5t_AO_RVT_TT_nldm_211120     0.174960       1     0.174960
INVx1_ASAP7_75t_R  asap7sc7p5t_INVBUF_RVT_TT_nldm_211120     0.043740      24     1.049760
NAND2xp5_ASAP7_75t_R asap7sc7p5t_SIMPLE_RVT_TT_nldm_211120     0.058320      25     1.458000
NAND2xp33_ASAP7_75t_R asap7sc7p5t_SIMPLE_RVT_TT_nldm_211120     0.058320       1     0.058320
NAND3xp33_ASAP7_75t_R asap7sc7p5t_SIMPLE_RVT_TT_nldm_211120     0.072900       2     0.145800
NOR2x1_ASAP7_75t_R asap7sc7p5t_SIMPLE_RVT_TT_nldm_211120     0.087480       3     0.262440
NOR2xp33_ASAP7_75t_R asap7sc7p5t_SIMPLE_RVT_TT_nldm_211120     0.058320       2     0.116640
OA21x2_ASAP7_75t_R asap7sc7p5t_OA_RVT_TT_nldm_211120     0.102060       1     0.102060
OAI21xp5_ASAP7_75t_R asap7sc7p5t_OA_RVT_TT_nldm_211120     0.072900       6     0.437400
OAI21xp33_ASAP7_75t_R asap7sc7p5t_OA_RVT_TT_nldm_211120     0.072900       1     0.072900
OAI22xp5_ASAP7_75t_R asap7sc7p5t_OA_RVT_TT_nldm_211120     0.087480       1     0.087480
OAI31xp67_ASAP7_75t_R asap7sc7p5t_OA_RVT_TT_nldm_211120     0.189540       2     0.379080
OR2x2_ASAP7_75t_R  asap7sc7p5t_SIMPLE_RVT_TT_nldm_211120     0.087480      11     0.962280
XNOR2xp5_ASAP7_75t_R asap7sc7p5t_SIMPLE_RVT_TT_nldm_211120     0.131220       8     1.049760
XOR2xp5_ASAP7_75t_R asap7sc7p5t_SIMPLE_RVT_TT_nldm_211120     0.131220       4     0.524880
-----------------------------------------------------------------------------
Total 20 references                                     7.523280

****************************************
Design: fp16_add_piped_NUM_PIPE2_0_DW01_sub_11 
****************************************
Reference          Library       Unit Area   Count    Total Area   Attributes
-----------------------------------------------------------------------------
AND2x2_ASAP7_75t_R asap7sc7p5t_SIMPLE_RVT_TT_nldm_211120     0.087480       2     0.174960
AOI21xp5_ASAP7_75t_R asap7sc7p5t_AO_RVT_TT_nldm_211120     0.072900       1     0.072900
AOI21xp33_ASAP7_75t_R asap7sc7p5t_AO_RVT_TT_nldm_211120     0.072900       2     0.145800
AOI22x1_ASAP7_75t_R asap7sc7p5t_AO_RVT_TT_nldm_211120     0.145800       1     0.145800
AOI211x1_ASAP7_75t_R asap7sc7p5t_AO_RVT_TT_nldm_211120     0.174960       1     0.174960
AOI221xp5_ASAP7_75t_R asap7sc7p5t_AO_RVT_TT_nldm_211120     0.102060       1     0.102060
BUFx3_ASAP7_75t_R  asap7sc7p5t_INVBUF_RVT_TT_nldm_211120     0.087480       1     0.087480
INVx1_ASAP7_75t_R  asap7sc7p5t_INVBUF_RVT_TT_nldm_211120     0.043740      39     1.705860
INVx2_ASAP7_75t_R  asap7sc7p5t_INVBUF_RVT_TT_nldm_211120     0.058320       3     0.174960
INVx3_ASAP7_75t_R  asap7sc7p5t_INVBUF_RVT_TT_nldm_211120     0.072900       1     0.072900
INVxp33_ASAP7_75t_R asap7sc7p5t_INVBUF_RVT_TT_nldm_211120     0.043740       1     0.043740
NAND2x1p5_ASAP7_75t_R asap7sc7p5t_SIMPLE_RVT_TT_nldm_211120     0.116640       1     0.116640
NAND2xp5_ASAP7_75t_R asap7sc7p5t_SIMPLE_RVT_TT_nldm_211120     0.058320      36     2.099520
NAND2xp33_ASAP7_75t_R asap7sc7p5t_SIMPLE_RVT_TT_nldm_211120     0.058320       5     0.291600
NAND2xp67_ASAP7_75t_R asap7sc7p5t_SIMPLE_RVT_TT_nldm_211120     0.087480       1     0.087480
NAND3xp33_ASAP7_75t_R asap7sc7p5t_SIMPLE_RVT_TT_nldm_211120     0.072900       2     0.145800
NOR2x1_ASAP7_75t_R asap7sc7p5t_SIMPLE_RVT_TT_nldm_211120     0.087480       1     0.087480
NOR2xp33_ASAP7_75t_R asap7sc7p5t_SIMPLE_RVT_TT_nldm_211120     0.058320       5     0.291600
NOR2xp67_ASAP7_75t_R asap7sc7p5t_SIMPLE_RVT_TT_nldm_211120     0.087480       2     0.174960
NOR3x1_ASAP7_75t_R asap7sc7p5t_SIMPLE_RVT_TT_nldm_211120     0.160380       1     0.160380
NOR3xp33_ASAP7_75t_R asap7sc7p5t_SIMPLE_RVT_TT_nldm_211120     0.072900       1     0.072900
NOR4xp25_ASAP7_75t_R asap7sc7p5t_SIMPLE_RVT_TT_nldm_211120     0.087480       1     0.087480
O2A1O1Ixp33_ASAP7_75t_R asap7sc7p5t_OA_RVT_TT_nldm_211120     0.087480       1     0.087480
OA21x2_ASAP7_75t_R asap7sc7p5t_OA_RVT_TT_nldm_211120     0.102060       2     0.204120
OAI21x1_ASAP7_75t_R asap7sc7p5t_OA_RVT_TT_nldm_211120     0.116640       1     0.116640
OAI21xp5_ASAP7_75t_R asap7sc7p5t_OA_RVT_TT_nldm_211120     0.072900       8     0.583200
OAI22xp5_ASAP7_75t_R asap7sc7p5t_OA_RVT_TT_nldm_211120     0.087480       1     0.087480
OAI31xp33_ASAP7_75t_R asap7sc7p5t_OA_RVT_TT_nldm_211120     0.087480       1     0.087480
OAI211xp5_ASAP7_75t_R asap7sc7p5t_OA_RVT_TT_nldm_211120     0.087480       1     0.087480
XNOR2xp5_ASAP7_75t_R asap7sc7p5t_SIMPLE_RVT_TT_nldm_211120     0.131220       6     0.787320
XOR2x2_ASAP7_75t_R asap7sc7p5t_SIMPLE_RVT_TT_nldm_211120     0.160380       1     0.160380
XOR2xp5_ASAP7_75t_R asap7sc7p5t_SIMPLE_RVT_TT_nldm_211120     0.131220       8     1.049760
-----------------------------------------------------------------------------
Total 32 references                                     9.768600

****************************************
Design: fp16_add_piped_NUM_PIPE2_16 
****************************************
Reference          Library       Unit Area   Count    Total Area   Attributes
-----------------------------------------------------------------------------
A2O1A1Ixp33_ASAP7_75t_R asap7sc7p5t_AO_RVT_TT_nldm_211120     0.087480       4     0.349920
A2O1A1O1Ixp25_ASAP7_75t_R asap7sc7p5t_AO_RVT_TT_nldm_211120     0.131220       1     0.131220
AND2x2_ASAP7_75t_R asap7sc7p5t_SIMPLE_RVT_TT_nldm_211120     0.087480      29     2.536920
AND2x4_ASAP7_75t_R asap7sc7p5t_SIMPLE_RVT_TT_nldm_211120     0.145800       2     0.291600
AND3x1_ASAP7_75t_R asap7sc7p5t_SIMPLE_RVT_TT_nldm_211120     0.087480       6     0.524880
AND3x2_ASAP7_75t_R asap7sc7p5t_SIMPLE_RVT_TT_nldm_211120     0.102060       1     0.102060
AND5x1_ASAP7_75t_R asap7sc7p5t_SIMPLE_RVT_TT_nldm_211120     0.116640       1     0.116640
AO21x1_ASAP7_75t_R asap7sc7p5t_AO_RVT_TT_nldm_211120     0.087480       1     0.087480
AO22x1_ASAP7_75t_R asap7sc7p5t_AO_RVT_TT_nldm_211120     0.131220       4     0.524880
AO222x2_ASAP7_75t_R asap7sc7p5t_AO_RVT_TT_nldm_211120     0.174960       1     0.174960
AOI21x1_ASAP7_75t_R asap7sc7p5t_AO_RVT_TT_nldm_211120     0.116640       2     0.233280
AOI21xp5_ASAP7_75t_R asap7sc7p5t_AO_RVT_TT_nldm_211120     0.072900       5     0.364500
AOI21xp33_ASAP7_75t_R asap7sc7p5t_AO_RVT_TT_nldm_211120     0.072900       9     0.656100
AOI22x1_ASAP7_75t_R asap7sc7p5t_AO_RVT_TT_nldm_211120     0.145800       1     0.145800
AOI22xp5_ASAP7_75t_R asap7sc7p5t_AO_RVT_TT_nldm_211120     0.087480       5     0.437400
AOI22xp33_ASAP7_75t_R asap7sc7p5t_AO_RVT_TT_nldm_211120     0.087480      18     1.574640
AOI31xp33_ASAP7_75t_R asap7sc7p5t_AO_RVT_TT_nldm_211120     0.087480       2     0.174960
AOI31xp67_ASAP7_75t_R asap7sc7p5t_AO_RVT_TT_nldm_211120     0.189540       1     0.189540
AOI32xp33_ASAP7_75t_R asap7sc7p5t_AO_RVT_TT_nldm_211120     0.102060       1     0.102060
AOI33xp33_ASAP7_75t_R asap7sc7p5t_AO_RVT_TT_nldm_211120     0.116640       3     0.349920
AOI211xp5_ASAP7_75t_R asap7sc7p5t_AO_RVT_TT_nldm_211120     0.087480       6     0.524880
AOI221xp5_ASAP7_75t_R asap7sc7p5t_AO_RVT_TT_nldm_211120     0.102060       5     0.510300
AOI222xp33_ASAP7_75t_R asap7sc7p5t_AO_RVT_TT_nldm_211120     0.145800       1     0.145800
AOI311xp33_ASAP7_75t_R asap7sc7p5t_AO_RVT_TT_nldm_211120     0.102060       1     0.102060
AOI322xp5_ASAP7_75t_R asap7sc7p5t_AO_RVT_TT_nldm_211120     0.131220       1     0.131220
BUFx2_ASAP7_75t_R  asap7sc7p5t_INVBUF_RVT_TT_nldm_211120     0.072900       1     0.072900
BUFx3_ASAP7_75t_R  asap7sc7p5t_INVBUF_RVT_TT_nldm_211120     0.087480       2     0.174960
BUFx10_ASAP7_75t_R asap7sc7p5t_INVBUF_RVT_TT_nldm_211120     0.204120       1     0.204120
DFFASRHQNx1_ASAP7_75t_R asap7sc7p5t_SEQ_RVT_TT_nldm_220123     0.379080       2     0.758160 n
DFFHQNx1_ASAP7_75t_R asap7sc7p5t_SEQ_RVT_TT_nldm_220123     0.291600      23     6.706800 n
FAx1_ASAP7_75t_R   asap7sc7p5t_SIMPLE_RVT_TT_nldm_211120     0.204120       1     0.204120 r
HB1xp67_ASAP7_75t_R asap7sc7p5t_INVBUF_RVT_TT_nldm_211120     0.058320       5     0.291600
INVx1_ASAP7_75t_R  asap7sc7p5t_INVBUF_RVT_TT_nldm_211120     0.043740     194     8.485560
INVx2_ASAP7_75t_R  asap7sc7p5t_INVBUF_RVT_TT_nldm_211120     0.058320      24     1.399680
INVx3_ASAP7_75t_R  asap7sc7p5t_INVBUF_RVT_TT_nldm_211120     0.072900       4     0.291600
INVx4_ASAP7_75t_R  asap7sc7p5t_INVBUF_RVT_TT_nldm_211120     0.087480       1     0.087480
INVxp33_ASAP7_75t_R asap7sc7p5t_INVBUF_RVT_TT_nldm_211120     0.043740      12     0.524880
INVxp67_ASAP7_75t_R asap7sc7p5t_INVBUF_RVT_TT_nldm_211120     0.043740      27     1.180980
NAND2x1_ASAP7_75t_R asap7sc7p5t_SIMPLE_RVT_TT_nldm_211120     0.087480      17     1.487160
NAND2x1p5_ASAP7_75t_R asap7sc7p5t_SIMPLE_RVT_TT_nldm_211120     0.116640       6     0.699840
NAND2xp5_ASAP7_75t_R asap7sc7p5t_SIMPLE_RVT_TT_nldm_211120     0.058320     176    10.264320
NAND2xp33_ASAP7_75t_R asap7sc7p5t_SIMPLE_RVT_TT_nldm_211120     0.058320      24     1.399680
NAND2xp67_ASAP7_75t_R asap7sc7p5t_SIMPLE_RVT_TT_nldm_211120     0.087480       1     0.087480
NAND3xp33_ASAP7_75t_R asap7sc7p5t_SIMPLE_RVT_TT_nldm_211120     0.072900      40     2.916000
NAND4xp25_ASAP7_75t_R asap7sc7p5t_SIMPLE_RVT_TT_nldm_211120     0.087480       3     0.262440
NAND4xp75_ASAP7_75t_R asap7sc7p5t_SIMPLE_RVT_TT_nldm_211120     0.204120       2     0.408240
NAND5xp2_ASAP7_75t_R asap7sc7p5t_SIMPLE_RVT_TT_nldm_211120     0.102060       6     0.612360
NOR2x1_ASAP7_75t_R asap7sc7p5t_SIMPLE_RVT_TT_nldm_211120     0.087480       1     0.087480
NOR2xp33_ASAP7_75t_R asap7sc7p5t_SIMPLE_RVT_TT_nldm_211120     0.058320      33     1.924560
NOR3xp33_ASAP7_75t_R asap7sc7p5t_SIMPLE_RVT_TT_nldm_211120     0.072900       5     0.364500
NOR4xp25_ASAP7_75t_R asap7sc7p5t_SIMPLE_RVT_TT_nldm_211120     0.087480       3     0.262440
NOR5xp2_ASAP7_75t_R asap7sc7p5t_SIMPLE_RVT_TT_nldm_211120     0.102060       5     0.510300
O2A1O1Ixp5_ASAP7_75t_R asap7sc7p5t_OA_RVT_TT_nldm_211120     0.116640       2     0.233280
O2A1O1Ixp33_ASAP7_75t_R asap7sc7p5t_OA_RVT_TT_nldm_211120     0.087480       3     0.262440
OA21x2_ASAP7_75t_R asap7sc7p5t_OA_RVT_TT_nldm_211120     0.102060       5     0.510300
OA22x2_ASAP7_75t_R asap7sc7p5t_OA_RVT_TT_nldm_211120     0.145800       2     0.291600
OA31x2_ASAP7_75t_R asap7sc7p5t_OA_RVT_TT_nldm_211120     0.218700       1     0.218700
OAI21x1_ASAP7_75t_R asap7sc7p5t_OA_RVT_TT_nldm_211120     0.116640       2     0.233280
OAI21xp5_ASAP7_75t_R asap7sc7p5t_OA_RVT_TT_nldm_211120     0.072900      29     2.114100
OAI21xp33_ASAP7_75t_R asap7sc7p5t_OA_RVT_TT_nldm_211120     0.072900      24     1.749600
OAI22x1_ASAP7_75t_R asap7sc7p5t_OA_RVT_TT_nldm_211120     0.145800       1     0.145800
OAI22xp5_ASAP7_75t_R asap7sc7p5t_OA_RVT_TT_nldm_211120     0.087480      31     2.711880
OAI22xp33_ASAP7_75t_R asap7sc7p5t_OA_RVT_TT_nldm_211120     0.087480      17     1.487160
OAI31xp33_ASAP7_75t_R asap7sc7p5t_OA_RVT_TT_nldm_211120     0.087480       4     0.349920
OAI31xp67_ASAP7_75t_R asap7sc7p5t_OA_RVT_TT_nldm_211120     0.189540       1     0.189540
OAI33xp33_ASAP7_75t_R asap7sc7p5t_OA_RVT_TT_nldm_211120     0.116640       2     0.233280
OAI211xp5_ASAP7_75t_R asap7sc7p5t_OA_RVT_TT_nldm_211120     0.087480      17     1.487160
OAI221xp5_ASAP7_75t_R asap7sc7p5t_OA_RVT_TT_nldm_211120     0.102060       6     0.612360
OAI222xp33_ASAP7_75t_R asap7sc7p5t_OA_RVT_TT_nldm_211120     0.145800       1     0.145800
OAI311xp33_ASAP7_75t_R asap7sc7p5t_OA_RVT_TT_nldm_211120     0.102060       4     0.408240
OAI321xp33_ASAP7_75t_R asap7sc7p5t_OA_RVT_TT_nldm_211120     0.116640       1     0.116640
OAI332xp33_ASAP7_75t_R asap7sc7p5t_OA_RVT_TT_nldm_211120     0.145800       1     0.145800
OAI333xp33_ASAP7_75t_R asap7sc7p5t_OA_RVT_TT_nldm_211120     0.160380       1     0.160380
OR2x2_ASAP7_75t_R  asap7sc7p5t_SIMPLE_RVT_TT_nldm_211120     0.087480       2     0.174960
SDFHx3_ASAP7_75t_R asap7sc7p5t_SEQ_RVT_TT_nldm_220123     0.393660       9     3.542940 n
TIEHIx1_ASAP7_75t_R asap7sc7p5t_SIMPLE_RVT_TT_nldm_211120     0.043740       1     0.043740
TIELOx1_ASAP7_75t_R asap7sc7p5t_SIMPLE_RVT_TT_nldm_211120     0.043740       1     0.043740
XNOR2x1_ASAP7_75t_R asap7sc7p5t_SIMPLE_RVT_TT_nldm_211120     0.174960       1     0.174960
XNOR2x2_ASAP7_75t_R asap7sc7p5t_SIMPLE_RVT_TT_nldm_211120     0.160380       1     0.160380
XNOR2xp5_ASAP7_75t_R asap7sc7p5t_SIMPLE_RVT_TT_nldm_211120     0.131220       3     0.393660
XOR2x1_ASAP7_75t_R asap7sc7p5t_SIMPLE_RVT_TT_nldm_211120     0.174960       2     0.349920
XOR2x2_ASAP7_75t_R asap7sc7p5t_SIMPLE_RVT_TT_nldm_211120     0.160380       4     0.641520
XOR2xp5_ASAP7_75t_R asap7sc7p5t_SIMPLE_RVT_TT_nldm_211120     0.131220       5     0.656100
fp16_add_piped_NUM_PIPE2_16_DW01_add_7     8.033580       1     8.033580 h
fp16_add_piped_NUM_PIPE2_16_DW01_sub_14     8.675100       1     8.675100 h
-----------------------------------------------------------------------------
Total 85 references                                    88.850520

****************************************
Design: fp16_add_piped_NUM_PIPE2_16_DW01_add_7 
****************************************
Reference          Library       Unit Area   Count    Total Area   Attributes
-----------------------------------------------------------------------------
A2O1A1O1Ixp25_ASAP7_75t_R asap7sc7p5t_AO_RVT_TT_nldm_211120     0.131220       1     0.131220
AND2x2_ASAP7_75t_R asap7sc7p5t_SIMPLE_RVT_TT_nldm_211120     0.087480       2     0.174960
AOI21x1_ASAP7_75t_R asap7sc7p5t_AO_RVT_TT_nldm_211120     0.116640       2     0.233280
AOI21xp33_ASAP7_75t_R asap7sc7p5t_AO_RVT_TT_nldm_211120     0.072900       4     0.291600
AOI22xp33_ASAP7_75t_R asap7sc7p5t_AO_RVT_TT_nldm_211120     0.087480       1     0.087480
AOI211x1_ASAP7_75t_R asap7sc7p5t_AO_RVT_TT_nldm_211120     0.174960       1     0.174960
AOI221x1_ASAP7_75t_R asap7sc7p5t_AO_RVT_TT_nldm_211120     0.204120       1     0.204120
AOI221xp5_ASAP7_75t_R asap7sc7p5t_AO_RVT_TT_nldm_211120     0.102060       2     0.204120
INVx1_ASAP7_75t_R  asap7sc7p5t_INVBUF_RVT_TT_nldm_211120     0.043740      19     0.831060
INVx2_ASAP7_75t_R  asap7sc7p5t_INVBUF_RVT_TT_nldm_211120     0.058320       1     0.058320
NAND2x1_ASAP7_75t_R asap7sc7p5t_SIMPLE_RVT_TT_nldm_211120     0.087480       1     0.087480
NAND2x1p5_ASAP7_75t_R asap7sc7p5t_SIMPLE_RVT_TT_nldm_211120     0.116640       1     0.116640
NAND2xp5_ASAP7_75t_R asap7sc7p5t_SIMPLE_RVT_TT_nldm_211120     0.058320      10     0.583200
NAND2xp33_ASAP7_75t_R asap7sc7p5t_SIMPLE_RVT_TT_nldm_211120     0.058320       5     0.291600
NAND3xp33_ASAP7_75t_R asap7sc7p5t_SIMPLE_RVT_TT_nldm_211120     0.072900       4     0.291600
NOR2x1_ASAP7_75t_R asap7sc7p5t_SIMPLE_RVT_TT_nldm_211120     0.087480       8     0.699840
NOR2xp33_ASAP7_75t_R asap7sc7p5t_SIMPLE_RVT_TT_nldm_211120     0.058320      10     0.583200
OAI21xp5_ASAP7_75t_R asap7sc7p5t_OA_RVT_TT_nldm_211120     0.072900       2     0.145800
OAI22xp5_ASAP7_75t_R asap7sc7p5t_OA_RVT_TT_nldm_211120     0.087480       2     0.174960
OAI22xp33_ASAP7_75t_R asap7sc7p5t_OA_RVT_TT_nldm_211120     0.087480       1     0.087480
OAI211xp5_ASAP7_75t_R asap7sc7p5t_OA_RVT_TT_nldm_211120     0.087480       1     0.087480
OR2x2_ASAP7_75t_R  asap7sc7p5t_SIMPLE_RVT_TT_nldm_211120     0.087480      10     0.874800
XNOR2x1_ASAP7_75t_R asap7sc7p5t_SIMPLE_RVT_TT_nldm_211120     0.174960       1     0.174960
XNOR2xp5_ASAP7_75t_R asap7sc7p5t_SIMPLE_RVT_TT_nldm_211120     0.131220       8     1.049760
XOR2xp5_ASAP7_75t_R asap7sc7p5t_SIMPLE_RVT_TT_nldm_211120     0.131220       3     0.393660
-----------------------------------------------------------------------------
Total 25 references                                     8.033580

****************************************
Design: fp16_add_piped_NUM_PIPE2_16_DW01_sub_14 
****************************************
Reference          Library       Unit Area   Count    Total Area   Attributes
-----------------------------------------------------------------------------
AND2x2_ASAP7_75t_R asap7sc7p5t_SIMPLE_RVT_TT_nldm_211120     0.087480       3     0.262440
AND3x1_ASAP7_75t_R asap7sc7p5t_SIMPLE_RVT_TT_nldm_211120     0.087480       2     0.174960
AO21x2_ASAP7_75t_R asap7sc7p5t_AO_RVT_TT_nldm_211120     0.102060       1     0.102060
AOI21x1_ASAP7_75t_R asap7sc7p5t_AO_RVT_TT_nldm_211120     0.116640       1     0.116640
AOI21xp5_ASAP7_75t_R asap7sc7p5t_AO_RVT_TT_nldm_211120     0.072900       4     0.291600
AOI21xp33_ASAP7_75t_R asap7sc7p5t_AO_RVT_TT_nldm_211120     0.072900       3     0.218700
INVx1_ASAP7_75t_R  asap7sc7p5t_INVBUF_RVT_TT_nldm_211120     0.043740      34     1.487160
INVx2_ASAP7_75t_R  asap7sc7p5t_INVBUF_RVT_TT_nldm_211120     0.058320       4     0.233280
INVxp33_ASAP7_75t_R asap7sc7p5t_INVBUF_RVT_TT_nldm_211120     0.043740       7     0.306180
INVxp67_ASAP7_75t_R asap7sc7p5t_INVBUF_RVT_TT_nldm_211120     0.043740       1     0.043740
NAND2x1_ASAP7_75t_R asap7sc7p5t_SIMPLE_RVT_TT_nldm_211120     0.087480       1     0.087480
NAND2xp5_ASAP7_75t_R asap7sc7p5t_SIMPLE_RVT_TT_nldm_211120     0.058320      26     1.516320
NAND2xp33_ASAP7_75t_R asap7sc7p5t_SIMPLE_RVT_TT_nldm_211120     0.058320       3     0.174960
NAND2xp67_ASAP7_75t_R asap7sc7p5t_SIMPLE_RVT_TT_nldm_211120     0.087480       1     0.087480
NAND3x1_ASAP7_75t_R asap7sc7p5t_SIMPLE_RVT_TT_nldm_211120     0.160380       2     0.320760
NAND4xp75_ASAP7_75t_R asap7sc7p5t_SIMPLE_RVT_TT_nldm_211120     0.204120       1     0.204120
NOR2x1_ASAP7_75t_R asap7sc7p5t_SIMPLE_RVT_TT_nldm_211120     0.087480       2     0.174960
NOR2xp33_ASAP7_75t_R asap7sc7p5t_SIMPLE_RVT_TT_nldm_211120     0.058320       6     0.349920
NOR3xp33_ASAP7_75t_R asap7sc7p5t_SIMPLE_RVT_TT_nldm_211120     0.072900       1     0.072900
OAI21x1_ASAP7_75t_R asap7sc7p5t_OA_RVT_TT_nldm_211120     0.116640       1     0.116640
OAI21xp5_ASAP7_75t_R asap7sc7p5t_OA_RVT_TT_nldm_211120     0.072900       3     0.218700
OAI21xp33_ASAP7_75t_R asap7sc7p5t_OA_RVT_TT_nldm_211120     0.072900       1     0.072900
XNOR2xp5_ASAP7_75t_R asap7sc7p5t_SIMPLE_RVT_TT_nldm_211120     0.131220      12     1.574640
XOR2x1_ASAP7_75t_R asap7sc7p5t_SIMPLE_RVT_TT_nldm_211120     0.174960       1     0.174960
XOR2x2_ASAP7_75t_R asap7sc7p5t_SIMPLE_RVT_TT_nldm_211120     0.160380       1     0.160380
XOR2xp5_ASAP7_75t_R asap7sc7p5t_SIMPLE_RVT_TT_nldm_211120     0.131220       1     0.131220
-----------------------------------------------------------------------------
Total 26 references                                     8.675100

****************************************
Design: mac_tree16_piped_MPIPE2_APIPE2 
****************************************
Reference          Library       Unit Area   Count    Total Area   Attributes
-----------------------------------------------------------------------------
BUFx2_ASAP7_75t_R  asap7sc7p5t_INVBUF_RVT_TT_nldm_211120     0.072900       2     0.145800
BUFx3_ASAP7_75t_R  asap7sc7p5t_INVBUF_RVT_TT_nldm_211120     0.087480       1     0.087480
HB1xp67_ASAP7_75t_R asap7sc7p5t_INVBUF_RVT_TT_nldm_211120     0.058320       1     0.058320
fp16_add_piped_NUM_PIPE2_1       73.293660       1     73.293660  h, n
fp16_add_piped_NUM_PIPE2_2       72.754200       1     72.754200  h, n
fp16_add_piped_NUM_PIPE2_3       73.002060       1     73.002060  h, n
fp16_add_piped_NUM_PIPE2_4       72.273060       1     72.273060  h, n
fp16_add_piped_NUM_PIPE2_5       73.439460       1     73.439460  h, n
fp16_add_piped_NUM_PIPE2_6       72.418860       1     72.418860  h, n
fp16_add_piped_NUM_PIPE2_7       72.783360       1     72.783360  h, n
fp16_add_piped_NUM_PIPE2_8       73.541520       1     73.541520  h, n
fp16_add_piped_NUM_PIPE2_9       73.526940       1     73.526940  h, n
fp16_add_piped_NUM_PIPE2_10      71.835660       1     71.835660  h, n
fp16_add_piped_NUM_PIPE2_11      75.451500       1     75.451500  h, n
fp16_add_piped_NUM_PIPE2_12      75.057840       1     75.057840  h, n
fp16_add_piped_NUM_PIPE2_13      74.795400       1     74.795400  h, n
fp16_add_piped_NUM_PIPE2_14      75.159900       1     75.159900  h, n
fp16_add_piped_NUM_PIPE2_15      75.582720       1     75.582720  h, n
fp16_mult_piped_NUM_PIPE2_0      78.586199       1     78.586199  h, n
fp16_mult_piped_NUM_PIPE2_1      78.396660       1     78.396660  h, n
fp16_mult_piped_NUM_PIPE2_2      79.810920       1     79.810920  h, n
fp16_mult_piped_NUM_PIPE2_3      77.842619       1     77.842619  h, n
fp16_mult_piped_NUM_PIPE2_4      77.259420       1     77.259420  h, n
fp16_mult_piped_NUM_PIPE2_5      79.723439       1     79.723439  h, n
fp16_mult_piped_NUM_PIPE2_6      78.352919       1     78.352919  h, n
fp16_mult_piped_NUM_PIPE2_7      77.142779       1     77.142779  h, n
fp16_mult_piped_NUM_PIPE2_8      77.055299       1     77.055299  h, n
fp16_mult_piped_NUM_PIPE2_9      77.521859       1     77.521859  h, n
fp16_mult_piped_NUM_PIPE2_10     77.463539       1     77.463539  h, n
fp16_mult_piped_NUM_PIPE2_11     79.038179       1     79.038179  h, n
fp16_mult_piped_NUM_PIPE2_12     77.667659       1     77.667659  h, n
fp16_mult_piped_NUM_PIPE2_13     77.711399       1     77.711399  h, n
fp16_mult_piped_NUM_PIPE2_14     78.396660       1     78.396660  h, n
fp16_mult_piped_NUM_PIPE2_15     77.900939       1     77.900939  h, n
-----------------------------------------------------------------------------
Total 34 references                                  2355.078228

****************************************
Design: fp16_add_piped_NUM_PIPE2_1 
****************************************
Reference          Library       Unit Area   Count    Total Area   Attributes
-----------------------------------------------------------------------------
A2O1A1Ixp33_ASAP7_75t_R asap7sc7p5t_AO_RVT_TT_nldm_211120     0.087480      19     1.662120
A2O1A1O1Ixp25_ASAP7_75t_R asap7sc7p5t_AO_RVT_TT_nldm_211120     0.131220       1     0.131220
AND2x2_ASAP7_75t_R asap7sc7p5t_SIMPLE_RVT_TT_nldm_211120     0.087480       8     0.699840
AND2x4_ASAP7_75t_R asap7sc7p5t_SIMPLE_RVT_TT_nldm_211120     0.145800       1     0.145800
AND3x1_ASAP7_75t_R asap7sc7p5t_SIMPLE_RVT_TT_nldm_211120     0.087480       5     0.437400
AND4x1_ASAP7_75t_R asap7sc7p5t_SIMPLE_RVT_TT_nldm_211120     0.102060       3     0.306180
AND5x1_ASAP7_75t_R asap7sc7p5t_SIMPLE_RVT_TT_nldm_211120     0.116640       1     0.116640
AO21x1_ASAP7_75t_R asap7sc7p5t_AO_RVT_TT_nldm_211120     0.087480       2     0.174960
AOI21xp5_ASAP7_75t_R asap7sc7p5t_AO_RVT_TT_nldm_211120     0.072900       2     0.145800
AOI21xp33_ASAP7_75t_R asap7sc7p5t_AO_RVT_TT_nldm_211120     0.072900       9     0.656100
AOI22x1_ASAP7_75t_R asap7sc7p5t_AO_RVT_TT_nldm_211120     0.145800       2     0.291600
AOI22xp5_ASAP7_75t_R asap7sc7p5t_AO_RVT_TT_nldm_211120     0.087480       8     0.699840
AOI22xp33_ASAP7_75t_R asap7sc7p5t_AO_RVT_TT_nldm_211120     0.087480      14     1.224720
AOI31xp33_ASAP7_75t_R asap7sc7p5t_AO_RVT_TT_nldm_211120     0.087480       3     0.262440
AOI31xp67_ASAP7_75t_R asap7sc7p5t_AO_RVT_TT_nldm_211120     0.189540       2     0.379080
AOI32xp33_ASAP7_75t_R asap7sc7p5t_AO_RVT_TT_nldm_211120     0.102060       1     0.102060
AOI211x1_ASAP7_75t_R asap7sc7p5t_AO_RVT_TT_nldm_211120     0.174960       1     0.174960
AOI211xp5_ASAP7_75t_R asap7sc7p5t_AO_RVT_TT_nldm_211120     0.087480       2     0.174960
AOI221xp5_ASAP7_75t_R asap7sc7p5t_AO_RVT_TT_nldm_211120     0.102060       7     0.714420
AOI222xp33_ASAP7_75t_R asap7sc7p5t_AO_RVT_TT_nldm_211120     0.145800       2     0.291600
AOI321xp33_ASAP7_75t_R asap7sc7p5t_AO_RVT_TT_nldm_211120     0.116640       1     0.116640
BUFx3_ASAP7_75t_R  asap7sc7p5t_INVBUF_RVT_TT_nldm_211120     0.087480       7     0.612360
DFFASRHQNx1_ASAP7_75t_R asap7sc7p5t_SEQ_RVT_TT_nldm_220123     0.379080       2     0.758160 n
DFFHQNx1_ASAP7_75t_R asap7sc7p5t_SEQ_RVT_TT_nldm_220123     0.291600      23     6.706800 n
DFFHQx4_ASAP7_75t_R asap7sc7p5t_SEQ_RVT_TT_nldm_220123     0.364500       7     2.551500 n
FAx1_ASAP7_75t_R   asap7sc7p5t_SIMPLE_RVT_TT_nldm_211120     0.204120       3     0.612360 r
HB1xp67_ASAP7_75t_R asap7sc7p5t_INVBUF_RVT_TT_nldm_211120     0.058320       2     0.116640
INVx1_ASAP7_75t_R  asap7sc7p5t_INVBUF_RVT_TT_nldm_211120     0.043740     158     6.910920
INVx2_ASAP7_75t_R  asap7sc7p5t_INVBUF_RVT_TT_nldm_211120     0.058320      29     1.691280
INVx3_ASAP7_75t_R  asap7sc7p5t_INVBUF_RVT_TT_nldm_211120     0.072900       2     0.145800
INVx4_ASAP7_75t_R  asap7sc7p5t_INVBUF_RVT_TT_nldm_211120     0.087480       3     0.262440
INVxp33_ASAP7_75t_R asap7sc7p5t_INVBUF_RVT_TT_nldm_211120     0.043740       9     0.393660
INVxp67_ASAP7_75t_R asap7sc7p5t_INVBUF_RVT_TT_nldm_211120     0.043740      11     0.481140
NAND2x1_ASAP7_75t_R asap7sc7p5t_SIMPLE_RVT_TT_nldm_211120     0.087480       7     0.612360
NAND2x1p5_ASAP7_75t_R asap7sc7p5t_SIMPLE_RVT_TT_nldm_211120     0.116640       8     0.933120
NAND2x2_ASAP7_75t_R asap7sc7p5t_SIMPLE_RVT_TT_nldm_211120     0.145800       2     0.291600
NAND2xp5_ASAP7_75t_R asap7sc7p5t_SIMPLE_RVT_TT_nldm_211120     0.058320      85     4.957200
NAND2xp33_ASAP7_75t_R asap7sc7p5t_SIMPLE_RVT_TT_nldm_211120     0.058320      12     0.699840
NAND3x1_ASAP7_75t_R asap7sc7p5t_SIMPLE_RVT_TT_nldm_211120     0.160380       1     0.160380
NAND3xp33_ASAP7_75t_R asap7sc7p5t_SIMPLE_RVT_TT_nldm_211120     0.072900      13     0.947700
NAND4xp25_ASAP7_75t_R asap7sc7p5t_SIMPLE_RVT_TT_nldm_211120     0.087480       3     0.262440
NAND4xp75_ASAP7_75t_R asap7sc7p5t_SIMPLE_RVT_TT_nldm_211120     0.204120       4     0.816480
NAND5xp2_ASAP7_75t_R asap7sc7p5t_SIMPLE_RVT_TT_nldm_211120     0.102060       2     0.204120
NOR2x1_ASAP7_75t_R asap7sc7p5t_SIMPLE_RVT_TT_nldm_211120     0.087480       3     0.262440
NOR2x1p5_ASAP7_75t_R asap7sc7p5t_SIMPLE_RVT_TT_nldm_211120     0.116640       1     0.116640
NOR2xp33_ASAP7_75t_R asap7sc7p5t_SIMPLE_RVT_TT_nldm_211120     0.058320      21     1.224720
NOR5xp2_ASAP7_75t_R asap7sc7p5t_SIMPLE_RVT_TT_nldm_211120     0.102060       4     0.408240
O2A1O1Ixp33_ASAP7_75t_R asap7sc7p5t_OA_RVT_TT_nldm_211120     0.087480       3     0.262440
OA21x2_ASAP7_75t_R asap7sc7p5t_OA_RVT_TT_nldm_211120     0.102060       3     0.306180
OA22x2_ASAP7_75t_R asap7sc7p5t_OA_RVT_TT_nldm_211120     0.145800       1     0.145800
OA211x2_ASAP7_75t_R asap7sc7p5t_OA_RVT_TT_nldm_211120     0.116640       1     0.116640
OAI21x1_ASAP7_75t_R asap7sc7p5t_OA_RVT_TT_nldm_211120     0.116640       4     0.466560
OAI21xp5_ASAP7_75t_R asap7sc7p5t_OA_RVT_TT_nldm_211120     0.072900      16     1.166400
OAI21xp33_ASAP7_75t_R asap7sc7p5t_OA_RVT_TT_nldm_211120     0.072900      20     1.458000
OAI22x1_ASAP7_75t_R asap7sc7p5t_OA_RVT_TT_nldm_211120     0.145800       2     0.291600
OAI22xp5_ASAP7_75t_R asap7sc7p5t_OA_RVT_TT_nldm_211120     0.087480      43     3.761640
OAI22xp33_ASAP7_75t_R asap7sc7p5t_OA_RVT_TT_nldm_211120     0.087480      15     1.312200
OAI31xp33_ASAP7_75t_R asap7sc7p5t_OA_RVT_TT_nldm_211120     0.087480       3     0.262440
OAI31xp67_ASAP7_75t_R asap7sc7p5t_OA_RVT_TT_nldm_211120     0.189540       1     0.189540
OAI211xp5_ASAP7_75t_R asap7sc7p5t_OA_RVT_TT_nldm_211120     0.087480       4     0.349920
OAI221xp5_ASAP7_75t_R asap7sc7p5t_OA_RVT_TT_nldm_211120     0.102060      11     1.122660
OAI222xp33_ASAP7_75t_R asap7sc7p5t_OA_RVT_TT_nldm_211120     0.145800       4     0.583200
OAI311xp33_ASAP7_75t_R asap7sc7p5t_OA_RVT_TT_nldm_211120     0.102060       4     0.408240
OAI321xp33_ASAP7_75t_R asap7sc7p5t_OA_RVT_TT_nldm_211120     0.116640       2     0.233280
OAI331xp33_ASAP7_75t_R asap7sc7p5t_OA_RVT_TT_nldm_211120     0.131220       2     0.262440
OR2x2_ASAP7_75t_R  asap7sc7p5t_SIMPLE_RVT_TT_nldm_211120     0.087480       2     0.174960
OR4x2_ASAP7_75t_R  asap7sc7p5t_SIMPLE_RVT_TT_nldm_211120     0.116640       1     0.116640
SDFHx2_ASAP7_75t_R asap7sc7p5t_SEQ_RVT_TT_nldm_220123     0.379080       1     0.379080 n
SDFHx4_ASAP7_75t_R asap7sc7p5t_SEQ_RVT_TT_nldm_220123     0.451980       1     0.451980 n
TIEHIx1_ASAP7_75t_R asap7sc7p5t_SIMPLE_RVT_TT_nldm_211120     0.043740       1     0.043740
TIELOx1_ASAP7_75t_R asap7sc7p5t_SIMPLE_RVT_TT_nldm_211120     0.043740       1     0.043740
XNOR2x2_ASAP7_75t_R asap7sc7p5t_SIMPLE_RVT_TT_nldm_211120     0.160380       1     0.160380
XOR2x1_ASAP7_75t_R asap7sc7p5t_SIMPLE_RVT_TT_nldm_211120     0.174960       1     0.174960
XOR2x2_ASAP7_75t_R asap7sc7p5t_SIMPLE_RVT_TT_nldm_211120     0.160380       2     0.320760
XOR2xp5_ASAP7_75t_R asap7sc7p5t_SIMPLE_RVT_TT_nldm_211120     0.131220       4     0.524880
fp16_add_piped_NUM_PIPE2_1_DW01_add_2     7.406640       1     7.406640 h
fp16_add_piped_NUM_PIPE2_1_DW01_sub_6     8.748000       1     8.748000 h
-----------------------------------------------------------------------------
Total 77 references                                    73.293660

****************************************
Design: fp16_add_piped_NUM_PIPE2_1_DW01_add_2 
****************************************
Reference          Library       Unit Area   Count    Total Area   Attributes
-----------------------------------------------------------------------------
A2O1A1Ixp33_ASAP7_75t_R asap7sc7p5t_AO_RVT_TT_nldm_211120     0.087480       2     0.174960
AND2x2_ASAP7_75t_R asap7sc7p5t_SIMPLE_RVT_TT_nldm_211120     0.087480       3     0.262440
AOI21x1_ASAP7_75t_R asap7sc7p5t_AO_RVT_TT_nldm_211120     0.116640       3     0.349920
AOI21xp5_ASAP7_75t_R asap7sc7p5t_AO_RVT_TT_nldm_211120     0.072900       1     0.072900
AOI21xp33_ASAP7_75t_R asap7sc7p5t_AO_RVT_TT_nldm_211120     0.072900       4     0.291600
AOI22xp33_ASAP7_75t_R asap7sc7p5t_AO_RVT_TT_nldm_211120     0.087480       1     0.087480
FAx1_ASAP7_75t_R   asap7sc7p5t_SIMPLE_RVT_TT_nldm_211120     0.204120       1     0.204120 r
INVx1_ASAP7_75t_R  asap7sc7p5t_INVBUF_RVT_TT_nldm_211120     0.043740      19     0.831060
INVx2_ASAP7_75t_R  asap7sc7p5t_INVBUF_RVT_TT_nldm_211120     0.058320       1     0.058320
INVxp33_ASAP7_75t_R asap7sc7p5t_INVBUF_RVT_TT_nldm_211120     0.043740       1     0.043740
INVxp67_ASAP7_75t_R asap7sc7p5t_INVBUF_RVT_TT_nldm_211120     0.043740       3     0.131220
NAND2x1_ASAP7_75t_R asap7sc7p5t_SIMPLE_RVT_TT_nldm_211120     0.087480       1     0.087480
NAND2xp5_ASAP7_75t_R asap7sc7p5t_SIMPLE_RVT_TT_nldm_211120     0.058320      25     1.458000
NAND3xp33_ASAP7_75t_R asap7sc7p5t_SIMPLE_RVT_TT_nldm_211120     0.072900       2     0.145800
NOR2x1_ASAP7_75t_R asap7sc7p5t_SIMPLE_RVT_TT_nldm_211120     0.087480       4     0.349920
NOR2xp33_ASAP7_75t_R asap7sc7p5t_SIMPLE_RVT_TT_nldm_211120     0.058320       4     0.233280
NOR2xp67_ASAP7_75t_R asap7sc7p5t_SIMPLE_RVT_TT_nldm_211120     0.087480       1     0.087480
OAI21xp5_ASAP7_75t_R asap7sc7p5t_OA_RVT_TT_nldm_211120     0.072900       5     0.364500
OAI21xp33_ASAP7_75t_R asap7sc7p5t_OA_RVT_TT_nldm_211120     0.072900       1     0.072900
OR2x2_ASAP7_75t_R  asap7sc7p5t_SIMPLE_RVT_TT_nldm_211120     0.087480       9     0.787320
XNOR2xp5_ASAP7_75t_R asap7sc7p5t_SIMPLE_RVT_TT_nldm_211120     0.131220       8     1.049760
XOR2xp5_ASAP7_75t_R asap7sc7p5t_SIMPLE_RVT_TT_nldm_211120     0.131220       2     0.262440
-----------------------------------------------------------------------------
Total 22 references                                     7.406640

****************************************
Design: fp16_add_piped_NUM_PIPE2_1_DW01_sub_6 
****************************************
Reference          Library       Unit Area   Count    Total Area   Attributes
-----------------------------------------------------------------------------
AND2x2_ASAP7_75t_R asap7sc7p5t_SIMPLE_RVT_TT_nldm_211120     0.087480       6     0.524880
AO21x1_ASAP7_75t_R asap7sc7p5t_AO_RVT_TT_nldm_211120     0.087480       1     0.087480
AO21x2_ASAP7_75t_R asap7sc7p5t_AO_RVT_TT_nldm_211120     0.102060       1     0.102060
AOI21x1_ASAP7_75t_R asap7sc7p5t_AO_RVT_TT_nldm_211120     0.116640       1     0.116640
AOI21xp5_ASAP7_75t_R asap7sc7p5t_AO_RVT_TT_nldm_211120     0.072900       2     0.145800
AOI21xp33_ASAP7_75t_R asap7sc7p5t_AO_RVT_TT_nldm_211120     0.072900       2     0.145800
AOI22xp33_ASAP7_75t_R asap7sc7p5t_AO_RVT_TT_nldm_211120     0.087480       1     0.087480
AOI211xp5_ASAP7_75t_R asap7sc7p5t_AO_RVT_TT_nldm_211120     0.087480       1     0.087480
AOI221xp5_ASAP7_75t_R asap7sc7p5t_AO_RVT_TT_nldm_211120     0.102060       1     0.102060
BUFx3_ASAP7_75t_R  asap7sc7p5t_INVBUF_RVT_TT_nldm_211120     0.087480       1     0.087480
INVx1_ASAP7_75t_R  asap7sc7p5t_INVBUF_RVT_TT_nldm_211120     0.043740      32     1.399680
INVx2_ASAP7_75t_R  asap7sc7p5t_INVBUF_RVT_TT_nldm_211120     0.058320       3     0.174960
INVx3_ASAP7_75t_R  asap7sc7p5t_INVBUF_RVT_TT_nldm_211120     0.072900       1     0.072900
INVxp33_ASAP7_75t_R asap7sc7p5t_INVBUF_RVT_TT_nldm_211120     0.043740       4     0.174960
INVxp67_ASAP7_75t_R asap7sc7p5t_INVBUF_RVT_TT_nldm_211120     0.043740       1     0.043740
NAND2x1p5_ASAP7_75t_R asap7sc7p5t_SIMPLE_RVT_TT_nldm_211120     0.116640       1     0.116640
NAND2xp5_ASAP7_75t_R asap7sc7p5t_SIMPLE_RVT_TT_nldm_211120     0.058320      30     1.749600
NAND2xp33_ASAP7_75t_R asap7sc7p5t_SIMPLE_RVT_TT_nldm_211120     0.058320       2     0.116640
NOR2x1_ASAP7_75t_R asap7sc7p5t_SIMPLE_RVT_TT_nldm_211120     0.087480       2     0.174960
NOR2xp33_ASAP7_75t_R asap7sc7p5t_SIMPLE_RVT_TT_nldm_211120     0.058320       4     0.233280
O2A1O1Ixp5_ASAP7_75t_R asap7sc7p5t_OA_RVT_TT_nldm_211120     0.116640       1     0.116640
OA21x2_ASAP7_75t_R asap7sc7p5t_OA_RVT_TT_nldm_211120     0.102060       3     0.306180
OAI21x1_ASAP7_75t_R asap7sc7p5t_OA_RVT_TT_nldm_211120     0.116640       2     0.233280
OAI21xp5_ASAP7_75t_R asap7sc7p5t_OA_RVT_TT_nldm_211120     0.072900       2     0.145800
OAI21xp33_ASAP7_75t_R asap7sc7p5t_OA_RVT_TT_nldm_211120     0.072900       2     0.145800
OR2x2_ASAP7_75t_R  asap7sc7p5t_SIMPLE_RVT_TT_nldm_211120     0.087480       1     0.087480
XNOR2xp5_ASAP7_75t_R asap7sc7p5t_SIMPLE_RVT_TT_nldm_211120     0.131220       6     0.787320
XOR2xp5_ASAP7_75t_R asap7sc7p5t_SIMPLE_RVT_TT_nldm_211120     0.131220       9     1.180980
-----------------------------------------------------------------------------
Total 28 references                                     8.748000

****************************************
Design: fp16_add_piped_NUM_PIPE2_2 
****************************************
Reference          Library       Unit Area   Count    Total Area   Attributes
-----------------------------------------------------------------------------
A2O1A1Ixp33_ASAP7_75t_R asap7sc7p5t_AO_RVT_TT_nldm_211120     0.087480      17     1.487160
A2O1A1O1Ixp25_ASAP7_75t_R asap7sc7p5t_AO_RVT_TT_nldm_211120     0.131220       1     0.131220
AND2x2_ASAP7_75t_R asap7sc7p5t_SIMPLE_RVT_TT_nldm_211120     0.087480      13     1.137240
AND2x4_ASAP7_75t_R asap7sc7p5t_SIMPLE_RVT_TT_nldm_211120     0.145800       1     0.145800
AND3x1_ASAP7_75t_R asap7sc7p5t_SIMPLE_RVT_TT_nldm_211120     0.087480       4     0.349920
AND4x1_ASAP7_75t_R asap7sc7p5t_SIMPLE_RVT_TT_nldm_211120     0.102060       2     0.204120
AND4x2_ASAP7_75t_R asap7sc7p5t_SIMPLE_RVT_TT_nldm_211120     0.116640       1     0.116640
AND5x1_ASAP7_75t_R asap7sc7p5t_SIMPLE_RVT_TT_nldm_211120     0.116640       1     0.116640
AO21x1_ASAP7_75t_R asap7sc7p5t_AO_RVT_TT_nldm_211120     0.087480       2     0.174960
AOI21xp5_ASAP7_75t_R asap7sc7p5t_AO_RVT_TT_nldm_211120     0.072900       2     0.145800
AOI21xp33_ASAP7_75t_R asap7sc7p5t_AO_RVT_TT_nldm_211120     0.072900       9     0.656100
AOI22x1_ASAP7_75t_R asap7sc7p5t_AO_RVT_TT_nldm_211120     0.145800       1     0.145800
AOI22xp5_ASAP7_75t_R asap7sc7p5t_AO_RVT_TT_nldm_211120     0.087480       5     0.437400
AOI22xp33_ASAP7_75t_R asap7sc7p5t_AO_RVT_TT_nldm_211120     0.087480      18     1.574640
AOI31xp33_ASAP7_75t_R asap7sc7p5t_AO_RVT_TT_nldm_211120     0.087480       3     0.262440
AOI31xp67_ASAP7_75t_R asap7sc7p5t_AO_RVT_TT_nldm_211120     0.189540       2     0.379080
AOI32xp33_ASAP7_75t_R asap7sc7p5t_AO_RVT_TT_nldm_211120     0.102060       1     0.102060
AOI211x1_ASAP7_75t_R asap7sc7p5t_AO_RVT_TT_nldm_211120     0.174960       1     0.174960
AOI211xp5_ASAP7_75t_R asap7sc7p5t_AO_RVT_TT_nldm_211120     0.087480       2     0.174960
AOI221xp5_ASAP7_75t_R asap7sc7p5t_AO_RVT_TT_nldm_211120     0.102060       7     0.714420
AOI222xp33_ASAP7_75t_R asap7sc7p5t_AO_RVT_TT_nldm_211120     0.145800       2     0.291600
AOI321xp33_ASAP7_75t_R asap7sc7p5t_AO_RVT_TT_nldm_211120     0.116640       1     0.116640
BUFx3_ASAP7_75t_R  asap7sc7p5t_INVBUF_RVT_TT_nldm_211120     0.087480       3     0.262440
DFFASRHQNx1_ASAP7_75t_R asap7sc7p5t_SEQ_RVT_TT_nldm_220123     0.379080       2     0.758160 n
DFFHQNx1_ASAP7_75t_R asap7sc7p5t_SEQ_RVT_TT_nldm_220123     0.291600      23     6.706800 n
DFFHQx4_ASAP7_75t_R asap7sc7p5t_SEQ_RVT_TT_nldm_220123     0.364500       7     2.551500 n
FAx1_ASAP7_75t_R   asap7sc7p5t_SIMPLE_RVT_TT_nldm_211120     0.204120       3     0.612360 r
HB1xp67_ASAP7_75t_R asap7sc7p5t_INVBUF_RVT_TT_nldm_211120     0.058320       3     0.174960
INVx1_ASAP7_75t_R  asap7sc7p5t_INVBUF_RVT_TT_nldm_211120     0.043740     160     6.998400
INVx2_ASAP7_75t_R  asap7sc7p5t_INVBUF_RVT_TT_nldm_211120     0.058320      22     1.283040
INVx3_ASAP7_75t_R  asap7sc7p5t_INVBUF_RVT_TT_nldm_211120     0.072900       4     0.291600
INVx4_ASAP7_75t_R  asap7sc7p5t_INVBUF_RVT_TT_nldm_211120     0.087480       4     0.349920
INVxp33_ASAP7_75t_R asap7sc7p5t_INVBUF_RVT_TT_nldm_211120     0.043740      11     0.481140
INVxp67_ASAP7_75t_R asap7sc7p5t_INVBUF_RVT_TT_nldm_211120     0.043740      13     0.568620
NAND2x1_ASAP7_75t_R asap7sc7p5t_SIMPLE_RVT_TT_nldm_211120     0.087480       5     0.437400
NAND2x1p5_ASAP7_75t_R asap7sc7p5t_SIMPLE_RVT_TT_nldm_211120     0.116640      11     1.283040
NAND2x2_ASAP7_75t_R asap7sc7p5t_SIMPLE_RVT_TT_nldm_211120     0.145800       1     0.145800
NAND2xp5_ASAP7_75t_R asap7sc7p5t_SIMPLE_RVT_TT_nldm_211120     0.058320      77     4.490640
NAND2xp33_ASAP7_75t_R asap7sc7p5t_SIMPLE_RVT_TT_nldm_211120     0.058320      16     0.933120
NAND3x1_ASAP7_75t_R asap7sc7p5t_SIMPLE_RVT_TT_nldm_211120     0.160380       1     0.160380
NAND3xp33_ASAP7_75t_R asap7sc7p5t_SIMPLE_RVT_TT_nldm_211120     0.072900      14     1.020600
NAND4xp25_ASAP7_75t_R asap7sc7p5t_SIMPLE_RVT_TT_nldm_211120     0.087480       3     0.262440
NAND4xp75_ASAP7_75t_R asap7sc7p5t_SIMPLE_RVT_TT_nldm_211120     0.204120       4     0.816480
NAND5xp2_ASAP7_75t_R asap7sc7p5t_SIMPLE_RVT_TT_nldm_211120     0.102060       2     0.204120
NOR2x1_ASAP7_75t_R asap7sc7p5t_SIMPLE_RVT_TT_nldm_211120     0.087480       1     0.087480
NOR2xp33_ASAP7_75t_R asap7sc7p5t_SIMPLE_RVT_TT_nldm_211120     0.058320      24     1.399680
NOR5xp2_ASAP7_75t_R asap7sc7p5t_SIMPLE_RVT_TT_nldm_211120     0.102060       4     0.408240
O2A1O1Ixp33_ASAP7_75t_R asap7sc7p5t_OA_RVT_TT_nldm_211120     0.087480       3     0.262440
OA21x2_ASAP7_75t_R asap7sc7p5t_OA_RVT_TT_nldm_211120     0.102060       2     0.204120
OA22x2_ASAP7_75t_R asap7sc7p5t_OA_RVT_TT_nldm_211120     0.145800       1     0.145800
OA211x2_ASAP7_75t_R asap7sc7p5t_OA_RVT_TT_nldm_211120     0.116640       1     0.116640
OAI21x1_ASAP7_75t_R asap7sc7p5t_OA_RVT_TT_nldm_211120     0.116640       2     0.233280
OAI21xp5_ASAP7_75t_R asap7sc7p5t_OA_RVT_TT_nldm_211120     0.072900      20     1.458000
OAI21xp33_ASAP7_75t_R asap7sc7p5t_OA_RVT_TT_nldm_211120     0.072900      18     1.312200
OAI22x1_ASAP7_75t_R asap7sc7p5t_OA_RVT_TT_nldm_211120     0.145800       5     0.729000
OAI22xp5_ASAP7_75t_R asap7sc7p5t_OA_RVT_TT_nldm_211120     0.087480      41     3.586680
OAI22xp33_ASAP7_75t_R asap7sc7p5t_OA_RVT_TT_nldm_211120     0.087480      14     1.224720
OAI31xp33_ASAP7_75t_R asap7sc7p5t_OA_RVT_TT_nldm_211120     0.087480       1     0.087480
OAI31xp67_ASAP7_75t_R asap7sc7p5t_OA_RVT_TT_nldm_211120     0.189540       2     0.379080
OAI211xp5_ASAP7_75t_R asap7sc7p5t_OA_RVT_TT_nldm_211120     0.087480       4     0.349920
OAI221xp5_ASAP7_75t_R asap7sc7p5t_OA_RVT_TT_nldm_211120     0.102060      10     1.020600
OAI222xp33_ASAP7_75t_R asap7sc7p5t_OA_RVT_TT_nldm_211120     0.145800       4     0.583200
OAI311xp33_ASAP7_75t_R asap7sc7p5t_OA_RVT_TT_nldm_211120     0.102060       4     0.408240
OAI321xp33_ASAP7_75t_R asap7sc7p5t_OA_RVT_TT_nldm_211120     0.116640       2     0.233280
OAI331xp33_ASAP7_75t_R asap7sc7p5t_OA_RVT_TT_nldm_211120     0.131220       2     0.262440
OR2x2_ASAP7_75t_R  asap7sc7p5t_SIMPLE_RVT_TT_nldm_211120     0.087480       4     0.349920
OR4x2_ASAP7_75t_R  asap7sc7p5t_SIMPLE_RVT_TT_nldm_211120     0.116640       1     0.116640
SDFHx1_ASAP7_75t_R asap7sc7p5t_SEQ_RVT_TT_nldm_220123     0.364500       1     0.364500 n
SDFHx2_ASAP7_75t_R asap7sc7p5t_SEQ_RVT_TT_nldm_220123     0.379080       1     0.379080 n
TIEHIx1_ASAP7_75t_R asap7sc7p5t_SIMPLE_RVT_TT_nldm_211120     0.043740       1     0.043740
TIELOx1_ASAP7_75t_R asap7sc7p5t_SIMPLE_RVT_TT_nldm_211120     0.043740       1     0.043740
XNOR2x2_ASAP7_75t_R asap7sc7p5t_SIMPLE_RVT_TT_nldm_211120     0.160380       1     0.160380
XNOR2xp5_ASAP7_75t_R asap7sc7p5t_SIMPLE_RVT_TT_nldm_211120     0.131220       1     0.131220
XOR2x2_ASAP7_75t_R asap7sc7p5t_SIMPLE_RVT_TT_nldm_211120     0.160380       2     0.320760
XOR2xp5_ASAP7_75t_R asap7sc7p5t_SIMPLE_RVT_TT_nldm_211120     0.131220       4     0.524880
fp16_add_piped_NUM_PIPE2_2_DW01_add_2     7.450380       1     7.450380 h
fp16_add_piped_NUM_PIPE2_2_DW01_sub_6     8.543880       1     8.543880 h
-----------------------------------------------------------------------------
Total 77 references                                    72.754200

****************************************
Design: fp16_add_piped_NUM_PIPE2_2_DW01_add_2 
****************************************
Reference          Library       Unit Area   Count    Total Area   Attributes
-----------------------------------------------------------------------------
A2O1A1Ixp33_ASAP7_75t_R asap7sc7p5t_AO_RVT_TT_nldm_211120     0.087480       2     0.174960
AND2x2_ASAP7_75t_R asap7sc7p5t_SIMPLE_RVT_TT_nldm_211120     0.087480       4     0.349920
AOI21x1_ASAP7_75t_R asap7sc7p5t_AO_RVT_TT_nldm_211120     0.116640       3     0.349920
AOI21xp33_ASAP7_75t_R asap7sc7p5t_AO_RVT_TT_nldm_211120     0.072900       5     0.364500
AOI22xp33_ASAP7_75t_R asap7sc7p5t_AO_RVT_TT_nldm_211120     0.087480       1     0.087480
FAx1_ASAP7_75t_R   asap7sc7p5t_SIMPLE_RVT_TT_nldm_211120     0.204120       1     0.204120 r
INVx1_ASAP7_75t_R  asap7sc7p5t_INVBUF_RVT_TT_nldm_211120     0.043740      20     0.874800
INVxp33_ASAP7_75t_R asap7sc7p5t_INVBUF_RVT_TT_nldm_211120     0.043740       2     0.087480
INVxp67_ASAP7_75t_R asap7sc7p5t_INVBUF_RVT_TT_nldm_211120     0.043740       1     0.043740
NAND2x1_ASAP7_75t_R asap7sc7p5t_SIMPLE_RVT_TT_nldm_211120     0.087480       1     0.087480
NAND2xp5_ASAP7_75t_R asap7sc7p5t_SIMPLE_RVT_TT_nldm_211120     0.058320      21     1.224720
NAND2xp33_ASAP7_75t_R asap7sc7p5t_SIMPLE_RVT_TT_nldm_211120     0.058320       4     0.233280
NAND3xp33_ASAP7_75t_R asap7sc7p5t_SIMPLE_RVT_TT_nldm_211120     0.072900       2     0.145800
NOR2x1_ASAP7_75t_R asap7sc7p5t_SIMPLE_RVT_TT_nldm_211120     0.087480       4     0.349920
NOR2xp33_ASAP7_75t_R asap7sc7p5t_SIMPLE_RVT_TT_nldm_211120     0.058320       5     0.291600
OAI21x1_ASAP7_75t_R asap7sc7p5t_OA_RVT_TT_nldm_211120     0.116640       1     0.116640
OAI21xp5_ASAP7_75t_R asap7sc7p5t_OA_RVT_TT_nldm_211120     0.072900       3     0.218700
OAI21xp33_ASAP7_75t_R asap7sc7p5t_OA_RVT_TT_nldm_211120     0.072900       2     0.145800
OR2x2_ASAP7_75t_R  asap7sc7p5t_SIMPLE_RVT_TT_nldm_211120     0.087480       9     0.787320
XNOR2xp5_ASAP7_75t_R asap7sc7p5t_SIMPLE_RVT_TT_nldm_211120     0.131220       8     1.049760
XOR2xp5_ASAP7_75t_R asap7sc7p5t_SIMPLE_RVT_TT_nldm_211120     0.131220       2     0.262440
-----------------------------------------------------------------------------
Total 21 references                                     7.450380

****************************************
Design: fp16_add_piped_NUM_PIPE2_2_DW01_sub_6 
****************************************
Reference          Library       Unit Area   Count    Total Area   Attributes
-----------------------------------------------------------------------------
AND2x2_ASAP7_75t_R asap7sc7p5t_SIMPLE_RVT_TT_nldm_211120     0.087480       4     0.349920
AO21x1_ASAP7_75t_R asap7sc7p5t_AO_RVT_TT_nldm_211120     0.087480       1     0.087480
AO21x2_ASAP7_75t_R asap7sc7p5t_AO_RVT_TT_nldm_211120     0.102060       1     0.102060
AOI21x1_ASAP7_75t_R asap7sc7p5t_AO_RVT_TT_nldm_211120     0.116640       1     0.116640
AOI21xp5_ASAP7_75t_R asap7sc7p5t_AO_RVT_TT_nldm_211120     0.072900       1     0.072900
AOI21xp33_ASAP7_75t_R asap7sc7p5t_AO_RVT_TT_nldm_211120     0.072900       2     0.145800
AOI22xp33_ASAP7_75t_R asap7sc7p5t_AO_RVT_TT_nldm_211120     0.087480       1     0.087480
AOI211x1_ASAP7_75t_R asap7sc7p5t_AO_RVT_TT_nldm_211120     0.174960       1     0.174960
AOI221x1_ASAP7_75t_R asap7sc7p5t_AO_RVT_TT_nldm_211120     0.204120       1     0.204120
BUFx3_ASAP7_75t_R  asap7sc7p5t_INVBUF_RVT_TT_nldm_211120     0.087480       1     0.087480
INVx1_ASAP7_75t_R  asap7sc7p5t_INVBUF_RVT_TT_nldm_211120     0.043740      27     1.180980
INVx2_ASAP7_75t_R  asap7sc7p5t_INVBUF_RVT_TT_nldm_211120     0.058320       1     0.058320
INVx3_ASAP7_75t_R  asap7sc7p5t_INVBUF_RVT_TT_nldm_211120     0.072900       1     0.072900
INVxp33_ASAP7_75t_R asap7sc7p5t_INVBUF_RVT_TT_nldm_211120     0.043740       2     0.087480
INVxp67_ASAP7_75t_R asap7sc7p5t_INVBUF_RVT_TT_nldm_211120     0.043740       5     0.218700
NAND2x1_ASAP7_75t_R asap7sc7p5t_SIMPLE_RVT_TT_nldm_211120     0.087480       1     0.087480
NAND2xp5_ASAP7_75t_R asap7sc7p5t_SIMPLE_RVT_TT_nldm_211120     0.058320      26     1.516320
NAND2xp33_ASAP7_75t_R asap7sc7p5t_SIMPLE_RVT_TT_nldm_211120     0.058320       4     0.233280
NOR2x1_ASAP7_75t_R asap7sc7p5t_SIMPLE_RVT_TT_nldm_211120     0.087480       2     0.174960
NOR2xp33_ASAP7_75t_R asap7sc7p5t_SIMPLE_RVT_TT_nldm_211120     0.058320       3     0.174960
NOR2xp67_ASAP7_75t_R asap7sc7p5t_SIMPLE_RVT_TT_nldm_211120     0.087480       2     0.174960
O2A1O1Ixp5_ASAP7_75t_R asap7sc7p5t_OA_RVT_TT_nldm_211120     0.116640       1     0.116640
OA21x2_ASAP7_75t_R asap7sc7p5t_OA_RVT_TT_nldm_211120     0.102060       3     0.306180
OAI21x1_ASAP7_75t_R asap7sc7p5t_OA_RVT_TT_nldm_211120     0.116640       3     0.349920
OAI21xp5_ASAP7_75t_R asap7sc7p5t_OA_RVT_TT_nldm_211120     0.072900       1     0.072900
OAI21xp33_ASAP7_75t_R asap7sc7p5t_OA_RVT_TT_nldm_211120     0.072900       2     0.145800
OR2x2_ASAP7_75t_R  asap7sc7p5t_SIMPLE_RVT_TT_nldm_211120     0.087480       2     0.174960
XNOR2xp5_ASAP7_75t_R asap7sc7p5t_SIMPLE_RVT_TT_nldm_211120     0.131220       6     0.787320
XOR2xp5_ASAP7_75t_R asap7sc7p5t_SIMPLE_RVT_TT_nldm_211120     0.131220       9     1.180980
-----------------------------------------------------------------------------
Total 29 references                                     8.543880

****************************************
Design: fp16_add_piped_NUM_PIPE2_3 
****************************************
Reference          Library       Unit Area   Count    Total Area   Attributes
-----------------------------------------------------------------------------
A2O1A1Ixp33_ASAP7_75t_R asap7sc7p5t_AO_RVT_TT_nldm_211120     0.087480      18     1.574640
A2O1A1O1Ixp25_ASAP7_75t_R asap7sc7p5t_AO_RVT_TT_nldm_211120     0.131220       1     0.131220
AND2x2_ASAP7_75t_R asap7sc7p5t_SIMPLE_RVT_TT_nldm_211120     0.087480      15     1.312200
AND2x4_ASAP7_75t_R asap7sc7p5t_SIMPLE_RVT_TT_nldm_211120     0.145800       2     0.291600
AND3x1_ASAP7_75t_R asap7sc7p5t_SIMPLE_RVT_TT_nldm_211120     0.087480       4     0.349920
AND4x1_ASAP7_75t_R asap7sc7p5t_SIMPLE_RVT_TT_nldm_211120     0.102060       3     0.306180
AND5x1_ASAP7_75t_R asap7sc7p5t_SIMPLE_RVT_TT_nldm_211120     0.116640       1     0.116640
AO21x1_ASAP7_75t_R asap7sc7p5t_AO_RVT_TT_nldm_211120     0.087480       2     0.174960
AOI21xp5_ASAP7_75t_R asap7sc7p5t_AO_RVT_TT_nldm_211120     0.072900       2     0.145800
AOI21xp33_ASAP7_75t_R asap7sc7p5t_AO_RVT_TT_nldm_211120     0.072900       9     0.656100
AOI22x1_ASAP7_75t_R asap7sc7p5t_AO_RVT_TT_nldm_211120     0.145800       2     0.291600
AOI22xp5_ASAP7_75t_R asap7sc7p5t_AO_RVT_TT_nldm_211120     0.087480       4     0.349920
AOI22xp33_ASAP7_75t_R asap7sc7p5t_AO_RVT_TT_nldm_211120     0.087480      18     1.574640
AOI31xp33_ASAP7_75t_R asap7sc7p5t_AO_RVT_TT_nldm_211120     0.087480       3     0.262440
AOI31xp67_ASAP7_75t_R asap7sc7p5t_AO_RVT_TT_nldm_211120     0.189540       2     0.379080
AOI32xp33_ASAP7_75t_R asap7sc7p5t_AO_RVT_TT_nldm_211120     0.102060       1     0.102060
AOI211x1_ASAP7_75t_R asap7sc7p5t_AO_RVT_TT_nldm_211120     0.174960       1     0.174960
AOI211xp5_ASAP7_75t_R asap7sc7p5t_AO_RVT_TT_nldm_211120     0.087480       2     0.174960
AOI221xp5_ASAP7_75t_R asap7sc7p5t_AO_RVT_TT_nldm_211120     0.102060       7     0.714420
AOI222xp33_ASAP7_75t_R asap7sc7p5t_AO_RVT_TT_nldm_211120     0.145800       2     0.291600
AOI321xp33_ASAP7_75t_R asap7sc7p5t_AO_RVT_TT_nldm_211120     0.116640       1     0.116640
BUFx3_ASAP7_75t_R  asap7sc7p5t_INVBUF_RVT_TT_nldm_211120     0.087480       4     0.349920
DFFASRHQNx1_ASAP7_75t_R asap7sc7p5t_SEQ_RVT_TT_nldm_220123     0.379080       2     0.758160 n
DFFHQNx1_ASAP7_75t_R asap7sc7p5t_SEQ_RVT_TT_nldm_220123     0.291600      23     6.706800 n
DFFHQx4_ASAP7_75t_R asap7sc7p5t_SEQ_RVT_TT_nldm_220123     0.364500       7     2.551500 n
FAx1_ASAP7_75t_R   asap7sc7p5t_SIMPLE_RVT_TT_nldm_211120     0.204120       3     0.612360 r
HB1xp67_ASAP7_75t_R asap7sc7p5t_INVBUF_RVT_TT_nldm_211120     0.058320       1     0.058320
INVx1_ASAP7_75t_R  asap7sc7p5t_INVBUF_RVT_TT_nldm_211120     0.043740     161     7.042140
INVx2_ASAP7_75t_R  asap7sc7p5t_INVBUF_RVT_TT_nldm_211120     0.058320      23     1.341360
INVx3_ASAP7_75t_R  asap7sc7p5t_INVBUF_RVT_TT_nldm_211120     0.072900       1     0.072900
INVx4_ASAP7_75t_R  asap7sc7p5t_INVBUF_RVT_TT_nldm_211120     0.087480       4     0.349920
INVx13_ASAP7_75t_R asap7sc7p5t_INVBUF_RVT_TT_nldm_211120     0.218700       3     0.656100
INVxp33_ASAP7_75t_R asap7sc7p5t_INVBUF_RVT_TT_nldm_211120     0.043740      13     0.568620
INVxp67_ASAP7_75t_R asap7sc7p5t_INVBUF_RVT_TT_nldm_211120     0.043740      11     0.481140
NAND2x1_ASAP7_75t_R asap7sc7p5t_SIMPLE_RVT_TT_nldm_211120     0.087480       8     0.699840
NAND2x1p5_ASAP7_75t_R asap7sc7p5t_SIMPLE_RVT_TT_nldm_211120     0.116640       2     0.233280
NAND2x2_ASAP7_75t_R asap7sc7p5t_SIMPLE_RVT_TT_nldm_211120     0.145800       1     0.145800
NAND2xp5_ASAP7_75t_R asap7sc7p5t_SIMPLE_RVT_TT_nldm_211120     0.058320      86     5.015520
NAND2xp33_ASAP7_75t_R asap7sc7p5t_SIMPLE_RVT_TT_nldm_211120     0.058320      15     0.874800
NAND3xp33_ASAP7_75t_R asap7sc7p5t_SIMPLE_RVT_TT_nldm_211120     0.072900      15     1.093500
NAND4xp25_ASAP7_75t_R asap7sc7p5t_SIMPLE_RVT_TT_nldm_211120     0.087480       3     0.262440
NAND4xp75_ASAP7_75t_R asap7sc7p5t_SIMPLE_RVT_TT_nldm_211120     0.204120       4     0.816480
NAND5xp2_ASAP7_75t_R asap7sc7p5t_SIMPLE_RVT_TT_nldm_211120     0.102060       2     0.204120
NOR2x1_ASAP7_75t_R asap7sc7p5t_SIMPLE_RVT_TT_nldm_211120     0.087480       1     0.087480
NOR2xp33_ASAP7_75t_R asap7sc7p5t_SIMPLE_RVT_TT_nldm_211120     0.058320      21     1.224720
NOR2xp67_ASAP7_75t_R asap7sc7p5t_SIMPLE_RVT_TT_nldm_211120     0.087480       2     0.174960
NOR5xp2_ASAP7_75t_R asap7sc7p5t_SIMPLE_RVT_TT_nldm_211120     0.102060       4     0.408240
O2A1O1Ixp33_ASAP7_75t_R asap7sc7p5t_OA_RVT_TT_nldm_211120     0.087480       3     0.262440
OA21x2_ASAP7_75t_R asap7sc7p5t_OA_RVT_TT_nldm_211120     0.102060       1     0.102060
OA22x2_ASAP7_75t_R asap7sc7p5t_OA_RVT_TT_nldm_211120     0.145800       2     0.291600
OAI21x1_ASAP7_75t_R asap7sc7p5t_OA_RVT_TT_nldm_211120     0.116640       3     0.349920
OAI21xp5_ASAP7_75t_R asap7sc7p5t_OA_RVT_TT_nldm_211120     0.072900      20     1.458000
OAI21xp33_ASAP7_75t_R asap7sc7p5t_OA_RVT_TT_nldm_211120     0.072900      18     1.312200
OAI22x1_ASAP7_75t_R asap7sc7p5t_OA_RVT_TT_nldm_211120     0.145800       3     0.437400
OAI22xp5_ASAP7_75t_R asap7sc7p5t_OA_RVT_TT_nldm_211120     0.087480      43     3.761640
OAI22xp33_ASAP7_75t_R asap7sc7p5t_OA_RVT_TT_nldm_211120     0.087480      13     1.137240
OAI31xp33_ASAP7_75t_R asap7sc7p5t_OA_RVT_TT_nldm_211120     0.087480       1     0.087480
OAI31xp67_ASAP7_75t_R asap7sc7p5t_OA_RVT_TT_nldm_211120     0.189540       2     0.379080
OAI211xp5_ASAP7_75t_R asap7sc7p5t_OA_RVT_TT_nldm_211120     0.087480       5     0.437400
OAI221xp5_ASAP7_75t_R asap7sc7p5t_OA_RVT_TT_nldm_211120     0.102060      10     1.020600
OAI222xp33_ASAP7_75t_R asap7sc7p5t_OA_RVT_TT_nldm_211120     0.145800       4     0.583200
OAI311xp33_ASAP7_75t_R asap7sc7p5t_OA_RVT_TT_nldm_211120     0.102060       4     0.408240
OAI321xp33_ASAP7_75t_R asap7sc7p5t_OA_RVT_TT_nldm_211120     0.116640       2     0.233280
OAI331xp33_ASAP7_75t_R asap7sc7p5t_OA_RVT_TT_nldm_211120     0.131220       2     0.262440
OR2x2_ASAP7_75t_R  asap7sc7p5t_SIMPLE_RVT_TT_nldm_211120     0.087480       3     0.262440
OR4x2_ASAP7_75t_R  asap7sc7p5t_SIMPLE_RVT_TT_nldm_211120     0.116640       1     0.116640
SDFHx1_ASAP7_75t_R asap7sc7p5t_SEQ_RVT_TT_nldm_220123     0.364500       1     0.364500 n
SDFHx3_ASAP7_75t_R asap7sc7p5t_SEQ_RVT_TT_nldm_220123     0.393660       1     0.393660 n
TIEHIx1_ASAP7_75t_R asap7sc7p5t_SIMPLE_RVT_TT_nldm_211120     0.043740       1     0.043740
TIELOx1_ASAP7_75t_R asap7sc7p5t_SIMPLE_RVT_TT_nldm_211120     0.043740       1     0.043740
XNOR2x2_ASAP7_75t_R asap7sc7p5t_SIMPLE_RVT_TT_nldm_211120     0.160380       2     0.320760
XOR2x2_ASAP7_75t_R asap7sc7p5t_SIMPLE_RVT_TT_nldm_211120     0.160380       4     0.641520
XOR2xp5_ASAP7_75t_R asap7sc7p5t_SIMPLE_RVT_TT_nldm_211120     0.131220       2     0.262440
fp16_add_piped_NUM_PIPE2_3_DW01_add_2     7.464960       1     7.464960 h
fp16_add_piped_NUM_PIPE2_3_DW01_sub_6     8.281440       1     8.281440 h
-----------------------------------------------------------------------------
Total 75 references                                    73.002060

****************************************
Design: fp16_add_piped_NUM_PIPE2_3_DW01_add_2 
****************************************
Reference          Library       Unit Area   Count    Total Area   Attributes
-----------------------------------------------------------------------------
A2O1A1Ixp33_ASAP7_75t_R asap7sc7p5t_AO_RVT_TT_nldm_211120     0.087480       2     0.174960
AND2x2_ASAP7_75t_R asap7sc7p5t_SIMPLE_RVT_TT_nldm_211120     0.087480       4     0.349920
AOI21x1_ASAP7_75t_R asap7sc7p5t_AO_RVT_TT_nldm_211120     0.116640       2     0.233280
AOI21xp5_ASAP7_75t_R asap7sc7p5t_AO_RVT_TT_nldm_211120     0.072900       1     0.072900
AOI21xp33_ASAP7_75t_R asap7sc7p5t_AO_RVT_TT_nldm_211120     0.072900       5     0.364500
AOI22xp33_ASAP7_75t_R asap7sc7p5t_AO_RVT_TT_nldm_211120     0.087480       1     0.087480
FAx1_ASAP7_75t_R   asap7sc7p5t_SIMPLE_RVT_TT_nldm_211120     0.204120       1     0.204120 r
INVx1_ASAP7_75t_R  asap7sc7p5t_INVBUF_RVT_TT_nldm_211120     0.043740      22     0.962280
INVxp67_ASAP7_75t_R asap7sc7p5t_INVBUF_RVT_TT_nldm_211120     0.043740       3     0.131220
NAND2x1p5_ASAP7_75t_R asap7sc7p5t_SIMPLE_RVT_TT_nldm_211120     0.116640       1     0.116640
NAND2xp5_ASAP7_75t_R asap7sc7p5t_SIMPLE_RVT_TT_nldm_211120     0.058320      24     1.399680
NAND3xp33_ASAP7_75t_R asap7sc7p5t_SIMPLE_RVT_TT_nldm_211120     0.072900       2     0.145800
NOR2x1_ASAP7_75t_R asap7sc7p5t_SIMPLE_RVT_TT_nldm_211120     0.087480       4     0.349920
NOR2xp33_ASAP7_75t_R asap7sc7p5t_SIMPLE_RVT_TT_nldm_211120     0.058320       5     0.291600
OAI21x1_ASAP7_75t_R asap7sc7p5t_OA_RVT_TT_nldm_211120     0.116640       1     0.116640
OAI21xp5_ASAP7_75t_R asap7sc7p5t_OA_RVT_TT_nldm_211120     0.072900       4     0.291600
OAI21xp33_ASAP7_75t_R asap7sc7p5t_OA_RVT_TT_nldm_211120     0.072900       1     0.072900
OR2x2_ASAP7_75t_R  asap7sc7p5t_SIMPLE_RVT_TT_nldm_211120     0.087480       9     0.787320
XNOR2xp5_ASAP7_75t_R asap7sc7p5t_SIMPLE_RVT_TT_nldm_211120     0.131220       8     1.049760
XOR2xp5_ASAP7_75t_R asap7sc7p5t_SIMPLE_RVT_TT_nldm_211120     0.131220       2     0.262440
-----------------------------------------------------------------------------
Total 20 references                                     7.464960

****************************************
Design: fp16_add_piped_NUM_PIPE2_3_DW01_sub_6 
****************************************
Reference          Library       Unit Area   Count    Total Area   Attributes
-----------------------------------------------------------------------------
AND2x2_ASAP7_75t_R asap7sc7p5t_SIMPLE_RVT_TT_nldm_211120     0.087480       3     0.262440
AO21x1_ASAP7_75t_R asap7sc7p5t_AO_RVT_TT_nldm_211120     0.087480       1     0.087480
AO21x2_ASAP7_75t_R asap7sc7p5t_AO_RVT_TT_nldm_211120     0.102060       1     0.102060
AOI21xp5_ASAP7_75t_R asap7sc7p5t_AO_RVT_TT_nldm_211120     0.072900       2     0.145800
AOI21xp33_ASAP7_75t_R asap7sc7p5t_AO_RVT_TT_nldm_211120     0.072900       2     0.145800
AOI22xp33_ASAP7_75t_R asap7sc7p5t_AO_RVT_TT_nldm_211120     0.087480       1     0.087480
AOI211x1_ASAP7_75t_R asap7sc7p5t_AO_RVT_TT_nldm_211120     0.174960       1     0.174960
AOI221x1_ASAP7_75t_R asap7sc7p5t_AO_RVT_TT_nldm_211120     0.204120       1     0.204120
HB1xp67_ASAP7_75t_R asap7sc7p5t_INVBUF_RVT_TT_nldm_211120     0.058320       1     0.058320
INVx1_ASAP7_75t_R  asap7sc7p5t_INVBUF_RVT_TT_nldm_211120     0.043740      31     1.355940
INVx2_ASAP7_75t_R  asap7sc7p5t_INVBUF_RVT_TT_nldm_211120     0.058320       1     0.058320
INVx3_ASAP7_75t_R  asap7sc7p5t_INVBUF_RVT_TT_nldm_211120     0.072900       1     0.072900
INVxp33_ASAP7_75t_R asap7sc7p5t_INVBUF_RVT_TT_nldm_211120     0.043740       4     0.174960
INVxp67_ASAP7_75t_R asap7sc7p5t_INVBUF_RVT_TT_nldm_211120     0.043740       2     0.087480
NAND2xp5_ASAP7_75t_R asap7sc7p5t_SIMPLE_RVT_TT_nldm_211120     0.058320      31     1.807920
NAND2xp33_ASAP7_75t_R asap7sc7p5t_SIMPLE_RVT_TT_nldm_211120     0.058320       1     0.058320
NOR2x1_ASAP7_75t_R asap7sc7p5t_SIMPLE_RVT_TT_nldm_211120     0.087480       2     0.174960
NOR2xp33_ASAP7_75t_R asap7sc7p5t_SIMPLE_RVT_TT_nldm_211120     0.058320       3     0.174960
NOR2xp67_ASAP7_75t_R asap7sc7p5t_SIMPLE_RVT_TT_nldm_211120     0.087480       1     0.087480
O2A1O1Ixp33_ASAP7_75t_R asap7sc7p5t_OA_RVT_TT_nldm_211120     0.087480       1     0.087480
OA21x2_ASAP7_75t_R asap7sc7p5t_OA_RVT_TT_nldm_211120     0.102060       3     0.306180
OAI21x1_ASAP7_75t_R asap7sc7p5t_OA_RVT_TT_nldm_211120     0.116640       1     0.116640
OAI21xp5_ASAP7_75t_R asap7sc7p5t_OA_RVT_TT_nldm_211120     0.072900       4     0.291600
OAI21xp33_ASAP7_75t_R asap7sc7p5t_OA_RVT_TT_nldm_211120     0.072900       1     0.072900
OR2x2_ASAP7_75t_R  asap7sc7p5t_SIMPLE_RVT_TT_nldm_211120     0.087480       1     0.087480
XNOR2xp5_ASAP7_75t_R asap7sc7p5t_SIMPLE_RVT_TT_nldm_211120     0.131220       6     0.787320
XOR2x2_ASAP7_75t_R asap7sc7p5t_SIMPLE_RVT_TT_nldm_211120     0.160380       1     0.160380
XOR2xp5_ASAP7_75t_R asap7sc7p5t_SIMPLE_RVT_TT_nldm_211120     0.131220       8     1.049760
-----------------------------------------------------------------------------
Total 28 references                                     8.281440

****************************************
Design: fp16_add_piped_NUM_PIPE2_4 
****************************************
Reference          Library       Unit Area   Count    Total Area   Attributes
-----------------------------------------------------------------------------
A2O1A1Ixp33_ASAP7_75t_R asap7sc7p5t_AO_RVT_TT_nldm_211120     0.087480      18     1.574640
A2O1A1O1Ixp25_ASAP7_75t_R asap7sc7p5t_AO_RVT_TT_nldm_211120     0.131220       1     0.131220
AND2x2_ASAP7_75t_R asap7sc7p5t_SIMPLE_RVT_TT_nldm_211120     0.087480       7     0.612360
AND2x4_ASAP7_75t_R asap7sc7p5t_SIMPLE_RVT_TT_nldm_211120     0.145800       1     0.145800
AND3x1_ASAP7_75t_R asap7sc7p5t_SIMPLE_RVT_TT_nldm_211120     0.087480       4     0.349920
AND4x1_ASAP7_75t_R asap7sc7p5t_SIMPLE_RVT_TT_nldm_211120     0.102060       3     0.306180
AND5x1_ASAP7_75t_R asap7sc7p5t_SIMPLE_RVT_TT_nldm_211120     0.116640       1     0.116640
AO21x1_ASAP7_75t_R asap7sc7p5t_AO_RVT_TT_nldm_211120     0.087480       2     0.174960
AOI21xp5_ASAP7_75t_R asap7sc7p5t_AO_RVT_TT_nldm_211120     0.072900       2     0.145800
AOI21xp33_ASAP7_75t_R asap7sc7p5t_AO_RVT_TT_nldm_211120     0.072900       9     0.656100
AOI22x1_ASAP7_75t_R asap7sc7p5t_AO_RVT_TT_nldm_211120     0.145800       2     0.291600
AOI22xp5_ASAP7_75t_R asap7sc7p5t_AO_RVT_TT_nldm_211120     0.087480       5     0.437400
AOI22xp33_ASAP7_75t_R asap7sc7p5t_AO_RVT_TT_nldm_211120     0.087480      17     1.487160
AOI31xp33_ASAP7_75t_R asap7sc7p5t_AO_RVT_TT_nldm_211120     0.087480       2     0.174960
AOI31xp67_ASAP7_75t_R asap7sc7p5t_AO_RVT_TT_nldm_211120     0.189540       3     0.568620
AOI32xp33_ASAP7_75t_R asap7sc7p5t_AO_RVT_TT_nldm_211120     0.102060       1     0.102060
AOI211x1_ASAP7_75t_R asap7sc7p5t_AO_RVT_TT_nldm_211120     0.174960       1     0.174960
AOI211xp5_ASAP7_75t_R asap7sc7p5t_AO_RVT_TT_nldm_211120     0.087480       2     0.174960
AOI221xp5_ASAP7_75t_R asap7sc7p5t_AO_RVT_TT_nldm_211120     0.102060       7     0.714420
AOI222xp33_ASAP7_75t_R asap7sc7p5t_AO_RVT_TT_nldm_211120     0.145800       2     0.291600
AOI321xp33_ASAP7_75t_R asap7sc7p5t_AO_RVT_TT_nldm_211120     0.116640       1     0.116640
BUFx3_ASAP7_75t_R  asap7sc7p5t_INVBUF_RVT_TT_nldm_211120     0.087480       7     0.612360
DFFASRHQNx1_ASAP7_75t_R asap7sc7p5t_SEQ_RVT_TT_nldm_220123     0.379080       2     0.758160 n
DFFHQNx1_ASAP7_75t_R asap7sc7p5t_SEQ_RVT_TT_nldm_220123     0.291600      23     6.706800 n
DFFHQx4_ASAP7_75t_R asap7sc7p5t_SEQ_RVT_TT_nldm_220123     0.364500       7     2.551500 n
FAx1_ASAP7_75t_R   asap7sc7p5t_SIMPLE_RVT_TT_nldm_211120     0.204120       3     0.612360 r
HB1xp67_ASAP7_75t_R asap7sc7p5t_INVBUF_RVT_TT_nldm_211120     0.058320       2     0.116640
INVx1_ASAP7_75t_R  asap7sc7p5t_INVBUF_RVT_TT_nldm_211120     0.043740     163     7.129620
INVx2_ASAP7_75t_R  asap7sc7p5t_INVBUF_RVT_TT_nldm_211120     0.058320      29     1.691280
INVx3_ASAP7_75t_R  asap7sc7p5t_INVBUF_RVT_TT_nldm_211120     0.072900       2     0.145800
INVx4_ASAP7_75t_R  asap7sc7p5t_INVBUF_RVT_TT_nldm_211120     0.087480       3     0.262440
INVxp33_ASAP7_75t_R asap7sc7p5t_INVBUF_RVT_TT_nldm_211120     0.043740       8     0.349920
INVxp67_ASAP7_75t_R asap7sc7p5t_INVBUF_RVT_TT_nldm_211120     0.043740       7     0.306180
NAND2x1_ASAP7_75t_R asap7sc7p5t_SIMPLE_RVT_TT_nldm_211120     0.087480       5     0.437400
NAND2x1p5_ASAP7_75t_R asap7sc7p5t_SIMPLE_RVT_TT_nldm_211120     0.116640      10     1.166400
NAND2xp5_ASAP7_75t_R asap7sc7p5t_SIMPLE_RVT_TT_nldm_211120     0.058320      88     5.132160
NAND2xp33_ASAP7_75t_R asap7sc7p5t_SIMPLE_RVT_TT_nldm_211120     0.058320      10     0.583200
NAND3x1_ASAP7_75t_R asap7sc7p5t_SIMPLE_RVT_TT_nldm_211120     0.160380       1     0.160380
NAND3xp33_ASAP7_75t_R asap7sc7p5t_SIMPLE_RVT_TT_nldm_211120     0.072900      14     1.020600
NAND4xp25_ASAP7_75t_R asap7sc7p5t_SIMPLE_RVT_TT_nldm_211120     0.087480       3     0.262440
NAND4xp75_ASAP7_75t_R asap7sc7p5t_SIMPLE_RVT_TT_nldm_211120     0.204120       4     0.816480
NAND5xp2_ASAP7_75t_R asap7sc7p5t_SIMPLE_RVT_TT_nldm_211120     0.102060       2     0.204120
NOR2x1_ASAP7_75t_R asap7sc7p5t_SIMPLE_RVT_TT_nldm_211120     0.087480       3     0.262440
NOR2xp33_ASAP7_75t_R asap7sc7p5t_SIMPLE_RVT_TT_nldm_211120     0.058320      19     1.108080
NOR2xp67_ASAP7_75t_R asap7sc7p5t_SIMPLE_RVT_TT_nldm_211120     0.087480       4     0.349920
NOR5xp2_ASAP7_75t_R asap7sc7p5t_SIMPLE_RVT_TT_nldm_211120     0.102060       4     0.408240
O2A1O1Ixp33_ASAP7_75t_R asap7sc7p5t_OA_RVT_TT_nldm_211120     0.087480       3     0.262440
OA21x2_ASAP7_75t_R asap7sc7p5t_OA_RVT_TT_nldm_211120     0.102060       3     0.306180
OA22x2_ASAP7_75t_R asap7sc7p5t_OA_RVT_TT_nldm_211120     0.145800       1     0.145800
OAI21x1_ASAP7_75t_R asap7sc7p5t_OA_RVT_TT_nldm_211120     0.116640       2     0.233280
OAI21xp5_ASAP7_75t_R asap7sc7p5t_OA_RVT_TT_nldm_211120     0.072900      23     1.676700
OAI21xp33_ASAP7_75t_R asap7sc7p5t_OA_RVT_TT_nldm_211120     0.072900      15     1.093500
OAI22x1_ASAP7_75t_R asap7sc7p5t_OA_RVT_TT_nldm_211120     0.145800       2     0.291600
OAI22xp5_ASAP7_75t_R asap7sc7p5t_OA_RVT_TT_nldm_211120     0.087480      46     4.024080
OAI22xp33_ASAP7_75t_R asap7sc7p5t_OA_RVT_TT_nldm_211120     0.087480      12     1.049760
OAI31xp33_ASAP7_75t_R asap7sc7p5t_OA_RVT_TT_nldm_211120     0.087480       2     0.174960
OAI31xp67_ASAP7_75t_R asap7sc7p5t_OA_RVT_TT_nldm_211120     0.189540       1     0.189540
OAI211xp5_ASAP7_75t_R asap7sc7p5t_OA_RVT_TT_nldm_211120     0.087480       5     0.437400
OAI221xp5_ASAP7_75t_R asap7sc7p5t_OA_RVT_TT_nldm_211120     0.102060      11     1.122660
OAI222xp33_ASAP7_75t_R asap7sc7p5t_OA_RVT_TT_nldm_211120     0.145800       4     0.583200
OAI311xp33_ASAP7_75t_R asap7sc7p5t_OA_RVT_TT_nldm_211120     0.102060       4     0.408240
OAI321xp33_ASAP7_75t_R asap7sc7p5t_OA_RVT_TT_nldm_211120     0.116640       2     0.233280
OAI331xp33_ASAP7_75t_R asap7sc7p5t_OA_RVT_TT_nldm_211120     0.131220       2     0.262440
OR2x2_ASAP7_75t_R  asap7sc7p5t_SIMPLE_RVT_TT_nldm_211120     0.087480       1     0.087480
OR2x6_ASAP7_75t_R  asap7sc7p5t_SIMPLE_RVT_TT_nldm_211120     0.174960       1     0.174960
OR4x2_ASAP7_75t_R  asap7sc7p5t_SIMPLE_RVT_TT_nldm_211120     0.116640       1     0.116640
SDFHx1_ASAP7_75t_R asap7sc7p5t_SEQ_RVT_TT_nldm_220123     0.364500       1     0.364500 n
SDFHx2_ASAP7_75t_R asap7sc7p5t_SEQ_RVT_TT_nldm_220123     0.379080       1     0.379080 n
TIEHIx1_ASAP7_75t_R asap7sc7p5t_SIMPLE_RVT_TT_nldm_211120     0.043740       1     0.043740
TIELOx1_ASAP7_75t_R asap7sc7p5t_SIMPLE_RVT_TT_nldm_211120     0.043740       1     0.043740
XNOR2x2_ASAP7_75t_R asap7sc7p5t_SIMPLE_RVT_TT_nldm_211120     0.160380       1     0.160380
XNOR2xp5_ASAP7_75t_R asap7sc7p5t_SIMPLE_RVT_TT_nldm_211120     0.131220       1     0.131220
XOR2x2_ASAP7_75t_R asap7sc7p5t_SIMPLE_RVT_TT_nldm_211120     0.160380       2     0.320760
XOR2xp5_ASAP7_75t_R asap7sc7p5t_SIMPLE_RVT_TT_nldm_211120     0.131220       4     0.524880
fp16_add_piped_NUM_PIPE2_4_DW01_add_2     7.377480       1     7.377480 h
fp16_add_piped_NUM_PIPE2_4_DW01_sub_6     8.150220       1     8.150220 h
-----------------------------------------------------------------------------
Total 76 references                                    72.273060

****************************************
Design: fp16_add_piped_NUM_PIPE2_4_DW01_add_2 
****************************************
Reference          Library       Unit Area   Count    Total Area   Attributes
-----------------------------------------------------------------------------
A2O1A1Ixp33_ASAP7_75t_R asap7sc7p5t_AO_RVT_TT_nldm_211120     0.087480       2     0.174960
AND2x2_ASAP7_75t_R asap7sc7p5t_SIMPLE_RVT_TT_nldm_211120     0.087480       4     0.349920
AOI21x1_ASAP7_75t_R asap7sc7p5t_AO_RVT_TT_nldm_211120     0.116640       2     0.233280
AOI21xp5_ASAP7_75t_R asap7sc7p5t_AO_RVT_TT_nldm_211120     0.072900       2     0.145800
AOI21xp33_ASAP7_75t_R asap7sc7p5t_AO_RVT_TT_nldm_211120     0.072900       4     0.291600
AOI22xp33_ASAP7_75t_R asap7sc7p5t_AO_RVT_TT_nldm_211120     0.087480       1     0.087480
FAx1_ASAP7_75t_R   asap7sc7p5t_SIMPLE_RVT_TT_nldm_211120     0.204120       1     0.204120 r
INVx1_ASAP7_75t_R  asap7sc7p5t_INVBUF_RVT_TT_nldm_211120     0.043740      19     0.831060
INVxp33_ASAP7_75t_R asap7sc7p5t_INVBUF_RVT_TT_nldm_211120     0.043740       2     0.087480
INVxp67_ASAP7_75t_R asap7sc7p5t_INVBUF_RVT_TT_nldm_211120     0.043740       2     0.087480
NAND2x1p5_ASAP7_75t_R asap7sc7p5t_SIMPLE_RVT_TT_nldm_211120     0.116640       1     0.116640
NAND2xp5_ASAP7_75t_R asap7sc7p5t_SIMPLE_RVT_TT_nldm_211120     0.058320      23     1.341360
NAND2xp33_ASAP7_75t_R asap7sc7p5t_SIMPLE_RVT_TT_nldm_211120     0.058320       1     0.058320
NAND3xp33_ASAP7_75t_R asap7sc7p5t_SIMPLE_RVT_TT_nldm_211120     0.072900       2     0.145800
NOR2x1_ASAP7_75t_R asap7sc7p5t_SIMPLE_RVT_TT_nldm_211120     0.087480       4     0.349920
NOR2xp33_ASAP7_75t_R asap7sc7p5t_SIMPLE_RVT_TT_nldm_211120     0.058320       5     0.291600
OAI21x1_ASAP7_75t_R asap7sc7p5t_OA_RVT_TT_nldm_211120     0.116640       1     0.116640
OAI21xp5_ASAP7_75t_R asap7sc7p5t_OA_RVT_TT_nldm_211120     0.072900       4     0.291600
OAI21xp33_ASAP7_75t_R asap7sc7p5t_OA_RVT_TT_nldm_211120     0.072900       1     0.072900
OR2x2_ASAP7_75t_R  asap7sc7p5t_SIMPLE_RVT_TT_nldm_211120     0.087480       9     0.787320
XNOR2xp5_ASAP7_75t_R asap7sc7p5t_SIMPLE_RVT_TT_nldm_211120     0.131220       8     1.049760
XOR2xp5_ASAP7_75t_R asap7sc7p5t_SIMPLE_RVT_TT_nldm_211120     0.131220       2     0.262440
-----------------------------------------------------------------------------
Total 22 references                                     7.377480

****************************************
Design: fp16_add_piped_NUM_PIPE2_4_DW01_sub_6 
****************************************
Reference          Library       Unit Area   Count    Total Area   Attributes
-----------------------------------------------------------------------------
AND2x2_ASAP7_75t_R asap7sc7p5t_SIMPLE_RVT_TT_nldm_211120     0.087480       3     0.262440
AO21x1_ASAP7_75t_R asap7sc7p5t_AO_RVT_TT_nldm_211120     0.087480       1     0.087480
AO21x2_ASAP7_75t_R asap7sc7p5t_AO_RVT_TT_nldm_211120     0.102060       1     0.102060
AOI21x1_ASAP7_75t_R asap7sc7p5t_AO_RVT_TT_nldm_211120     0.116640       1     0.116640
AOI21xp5_ASAP7_75t_R asap7sc7p5t_AO_RVT_TT_nldm_211120     0.072900       1     0.072900
AOI21xp33_ASAP7_75t_R asap7sc7p5t_AO_RVT_TT_nldm_211120     0.072900       2     0.145800
AOI22xp33_ASAP7_75t_R asap7sc7p5t_AO_RVT_TT_nldm_211120     0.087480       1     0.087480
AOI211xp5_ASAP7_75t_R asap7sc7p5t_AO_RVT_TT_nldm_211120     0.087480       1     0.087480
AOI221xp5_ASAP7_75t_R asap7sc7p5t_AO_RVT_TT_nldm_211120     0.102060       1     0.102060
INVx1_ASAP7_75t_R  asap7sc7p5t_INVBUF_RVT_TT_nldm_211120     0.043740      33     1.443420
INVx2_ASAP7_75t_R  asap7sc7p5t_INVBUF_RVT_TT_nldm_211120     0.058320       2     0.116640
INVxp33_ASAP7_75t_R asap7sc7p5t_INVBUF_RVT_TT_nldm_211120     0.043740       1     0.043740
INVxp67_ASAP7_75t_R asap7sc7p5t_INVBUF_RVT_TT_nldm_211120     0.043740       2     0.087480
NAND2xp5_ASAP7_75t_R asap7sc7p5t_SIMPLE_RVT_TT_nldm_211120     0.058320      29     1.691280
NAND2xp33_ASAP7_75t_R asap7sc7p5t_SIMPLE_RVT_TT_nldm_211120     0.058320       2     0.116640
NOR2x1_ASAP7_75t_R asap7sc7p5t_SIMPLE_RVT_TT_nldm_211120     0.087480       1     0.087480
NOR2xp33_ASAP7_75t_R asap7sc7p5t_SIMPLE_RVT_TT_nldm_211120     0.058320       4     0.233280
NOR2xp67_ASAP7_75t_R asap7sc7p5t_SIMPLE_RVT_TT_nldm_211120     0.087480       2     0.174960
O2A1O1Ixp5_ASAP7_75t_R asap7sc7p5t_OA_RVT_TT_nldm_211120     0.116640       1     0.116640
OA21x2_ASAP7_75t_R asap7sc7p5t_OA_RVT_TT_nldm_211120     0.102060       3     0.306180
OAI21x1_ASAP7_75t_R asap7sc7p5t_OA_RVT_TT_nldm_211120     0.116640       2     0.233280
OAI21xp5_ASAP7_75t_R asap7sc7p5t_OA_RVT_TT_nldm_211120     0.072900       1     0.072900
OAI21xp33_ASAP7_75t_R asap7sc7p5t_OA_RVT_TT_nldm_211120     0.072900       3     0.218700
OR2x2_ASAP7_75t_R  asap7sc7p5t_SIMPLE_RVT_TT_nldm_211120     0.087480       2     0.174960
XNOR2xp5_ASAP7_75t_R asap7sc7p5t_SIMPLE_RVT_TT_nldm_211120     0.131220       6     0.787320
XOR2xp5_ASAP7_75t_R asap7sc7p5t_SIMPLE_RVT_TT_nldm_211120     0.131220       9     1.180980
-----------------------------------------------------------------------------
Total 26 references                                     8.150220

****************************************
Design: fp16_add_piped_NUM_PIPE2_5 
****************************************
Reference          Library       Unit Area   Count    Total Area   Attributes
-----------------------------------------------------------------------------
A2O1A1Ixp33_ASAP7_75t_R asap7sc7p5t_AO_RVT_TT_nldm_211120     0.087480      18     1.574640
A2O1A1O1Ixp25_ASAP7_75t_R asap7sc7p5t_AO_RVT_TT_nldm_211120     0.131220       1     0.131220
AND2x2_ASAP7_75t_R asap7sc7p5t_SIMPLE_RVT_TT_nldm_211120     0.087480      12     1.049760
AND2x4_ASAP7_75t_R asap7sc7p5t_SIMPLE_RVT_TT_nldm_211120     0.145800       2     0.291600
AND3x1_ASAP7_75t_R asap7sc7p5t_SIMPLE_RVT_TT_nldm_211120     0.087480       5     0.437400
AND4x1_ASAP7_75t_R asap7sc7p5t_SIMPLE_RVT_TT_nldm_211120     0.102060       4     0.408240
AND5x1_ASAP7_75t_R asap7sc7p5t_SIMPLE_RVT_TT_nldm_211120     0.116640       1     0.116640
AO21x1_ASAP7_75t_R asap7sc7p5t_AO_RVT_TT_nldm_211120     0.087480       2     0.174960
AO22x2_ASAP7_75t_R asap7sc7p5t_AO_RVT_TT_nldm_211120     0.145800       1     0.145800
AOI21xp5_ASAP7_75t_R asap7sc7p5t_AO_RVT_TT_nldm_211120     0.072900       2     0.145800
AOI21xp33_ASAP7_75t_R asap7sc7p5t_AO_RVT_TT_nldm_211120     0.072900       9     0.656100
AOI22x1_ASAP7_75t_R asap7sc7p5t_AO_RVT_TT_nldm_211120     0.145800       2     0.291600
AOI22xp5_ASAP7_75t_R asap7sc7p5t_AO_RVT_TT_nldm_211120     0.087480       5     0.437400
AOI22xp33_ASAP7_75t_R asap7sc7p5t_AO_RVT_TT_nldm_211120     0.087480      17     1.487160
AOI31xp33_ASAP7_75t_R asap7sc7p5t_AO_RVT_TT_nldm_211120     0.087480       3     0.262440
AOI31xp67_ASAP7_75t_R asap7sc7p5t_AO_RVT_TT_nldm_211120     0.189540       2     0.379080
AOI32xp33_ASAP7_75t_R asap7sc7p5t_AO_RVT_TT_nldm_211120     0.102060       1     0.102060
AOI211x1_ASAP7_75t_R asap7sc7p5t_AO_RVT_TT_nldm_211120     0.174960       1     0.174960
AOI211xp5_ASAP7_75t_R asap7sc7p5t_AO_RVT_TT_nldm_211120     0.087480       2     0.174960
AOI221xp5_ASAP7_75t_R asap7sc7p5t_AO_RVT_TT_nldm_211120     0.102060       7     0.714420
AOI222xp33_ASAP7_75t_R asap7sc7p5t_AO_RVT_TT_nldm_211120     0.145800       2     0.291600
AOI321xp33_ASAP7_75t_R asap7sc7p5t_AO_RVT_TT_nldm_211120     0.116640       1     0.116640
BUFx3_ASAP7_75t_R  asap7sc7p5t_INVBUF_RVT_TT_nldm_211120     0.087480       3     0.262440
BUFx6f_ASAP7_75t_R asap7sc7p5t_INVBUF_RVT_TT_nldm_211120     0.145800       2     0.291600
DFFASRHQNx1_ASAP7_75t_R asap7sc7p5t_SEQ_RVT_TT_nldm_220123     0.379080       2     0.758160 n
DFFHQNx1_ASAP7_75t_R asap7sc7p5t_SEQ_RVT_TT_nldm_220123     0.291600      23     6.706800 n
DFFHQx4_ASAP7_75t_R asap7sc7p5t_SEQ_RVT_TT_nldm_220123     0.364500       7     2.551500 n
FAx1_ASAP7_75t_R   asap7sc7p5t_SIMPLE_RVT_TT_nldm_211120     0.204120       3     0.612360 r
HB1xp67_ASAP7_75t_R asap7sc7p5t_INVBUF_RVT_TT_nldm_211120     0.058320       2     0.116640
INVx1_ASAP7_75t_R  asap7sc7p5t_INVBUF_RVT_TT_nldm_211120     0.043740     146     6.386040
INVx2_ASAP7_75t_R  asap7sc7p5t_INVBUF_RVT_TT_nldm_211120     0.058320      28     1.632960
INVx3_ASAP7_75t_R  asap7sc7p5t_INVBUF_RVT_TT_nldm_211120     0.072900       2     0.145800
INVx4_ASAP7_75t_R  asap7sc7p5t_INVBUF_RVT_TT_nldm_211120     0.087480       3     0.262440
INVx5_ASAP7_75t_R  asap7sc7p5t_INVBUF_RVT_TT_nldm_211120     0.102060       1     0.102060
INVxp33_ASAP7_75t_R asap7sc7p5t_INVBUF_RVT_TT_nldm_211120     0.043740      19     0.831060
INVxp67_ASAP7_75t_R asap7sc7p5t_INVBUF_RVT_TT_nldm_211120     0.043740      13     0.568620
NAND2x1_ASAP7_75t_R asap7sc7p5t_SIMPLE_RVT_TT_nldm_211120     0.087480       6     0.524880
NAND2x1p5_ASAP7_75t_R asap7sc7p5t_SIMPLE_RVT_TT_nldm_211120     0.116640       9     1.049760
NAND2x2_ASAP7_75t_R asap7sc7p5t_SIMPLE_RVT_TT_nldm_211120     0.145800       3     0.437400
NAND2xp5_ASAP7_75t_R asap7sc7p5t_SIMPLE_RVT_TT_nldm_211120     0.058320      76     4.432320
NAND2xp33_ASAP7_75t_R asap7sc7p5t_SIMPLE_RVT_TT_nldm_211120     0.058320      18     1.049760
NAND3x1_ASAP7_75t_R asap7sc7p5t_SIMPLE_RVT_TT_nldm_211120     0.160380       1     0.160380
NAND3xp33_ASAP7_75t_R asap7sc7p5t_SIMPLE_RVT_TT_nldm_211120     0.072900      13     0.947700
NAND4xp25_ASAP7_75t_R asap7sc7p5t_SIMPLE_RVT_TT_nldm_211120     0.087480       4     0.349920
NAND4xp75_ASAP7_75t_R asap7sc7p5t_SIMPLE_RVT_TT_nldm_211120     0.204120       3     0.612360
NAND5xp2_ASAP7_75t_R asap7sc7p5t_SIMPLE_RVT_TT_nldm_211120     0.102060       2     0.204120
NOR2x1_ASAP7_75t_R asap7sc7p5t_SIMPLE_RVT_TT_nldm_211120     0.087480       1     0.087480
NOR2xp33_ASAP7_75t_R asap7sc7p5t_SIMPLE_RVT_TT_nldm_211120     0.058320      23     1.341360
NOR5xp2_ASAP7_75t_R asap7sc7p5t_SIMPLE_RVT_TT_nldm_211120     0.102060       4     0.408240
O2A1O1Ixp33_ASAP7_75t_R asap7sc7p5t_OA_RVT_TT_nldm_211120     0.087480       3     0.262440
OA21x2_ASAP7_75t_R asap7sc7p5t_OA_RVT_TT_nldm_211120     0.102060       1     0.102060
OA22x2_ASAP7_75t_R asap7sc7p5t_OA_RVT_TT_nldm_211120     0.145800       2     0.291600
OA211x2_ASAP7_75t_R asap7sc7p5t_OA_RVT_TT_nldm_211120     0.116640       1     0.116640
OAI21x1_ASAP7_75t_R asap7sc7p5t_OA_RVT_TT_nldm_211120     0.116640       3     0.349920
OAI21xp5_ASAP7_75t_R asap7sc7p5t_OA_RVT_TT_nldm_211120     0.072900      21     1.530900
OAI21xp33_ASAP7_75t_R asap7sc7p5t_OA_RVT_TT_nldm_211120     0.072900      17     1.239300
OAI22x1_ASAP7_75t_R asap7sc7p5t_OA_RVT_TT_nldm_211120     0.145800       4     0.583200
OAI22xp5_ASAP7_75t_R asap7sc7p5t_OA_RVT_TT_nldm_211120     0.087480      41     3.586680
OAI22xp33_ASAP7_75t_R asap7sc7p5t_OA_RVT_TT_nldm_211120     0.087480      13     1.137240
OAI31xp33_ASAP7_75t_R asap7sc7p5t_OA_RVT_TT_nldm_211120     0.087480       4     0.349920
OAI31xp67_ASAP7_75t_R asap7sc7p5t_OA_RVT_TT_nldm_211120     0.189540       1     0.189540
OAI211xp5_ASAP7_75t_R asap7sc7p5t_OA_RVT_TT_nldm_211120     0.087480       4     0.349920
OAI221xp5_ASAP7_75t_R asap7sc7p5t_OA_RVT_TT_nldm_211120     0.102060      11     1.122660
OAI222xp33_ASAP7_75t_R asap7sc7p5t_OA_RVT_TT_nldm_211120     0.145800       4     0.583200
OAI311xp33_ASAP7_75t_R asap7sc7p5t_OA_RVT_TT_nldm_211120     0.102060       4     0.408240
OAI321xp33_ASAP7_75t_R asap7sc7p5t_OA_RVT_TT_nldm_211120     0.116640       2     0.233280
OAI331xp33_ASAP7_75t_R asap7sc7p5t_OA_RVT_TT_nldm_211120     0.131220       2     0.262440
OR2x2_ASAP7_75t_R  asap7sc7p5t_SIMPLE_RVT_TT_nldm_211120     0.087480       4     0.349920
OR4x2_ASAP7_75t_R  asap7sc7p5t_SIMPLE_RVT_TT_nldm_211120     0.116640       1     0.116640
SDFHx1_ASAP7_75t_R asap7sc7p5t_SEQ_RVT_TT_nldm_220123     0.364500       1     0.364500 n
SDFHx3_ASAP7_75t_R asap7sc7p5t_SEQ_RVT_TT_nldm_220123     0.393660       1     0.393660 n
TIEHIx1_ASAP7_75t_R asap7sc7p5t_SIMPLE_RVT_TT_nldm_211120     0.043740       1     0.043740
TIELOx1_ASAP7_75t_R asap7sc7p5t_SIMPLE_RVT_TT_nldm_211120     0.043740       1     0.043740
XNOR2x2_ASAP7_75t_R asap7sc7p5t_SIMPLE_RVT_TT_nldm_211120     0.160380       1     0.160380
XOR2x2_ASAP7_75t_R asap7sc7p5t_SIMPLE_RVT_TT_nldm_211120     0.160380       5     0.801900
XOR2xp5_ASAP7_75t_R asap7sc7p5t_SIMPLE_RVT_TT_nldm_211120     0.131220       2     0.262440
fp16_add_piped_NUM_PIPE2_5_DW01_add_2     7.435800       1     7.435800 h
fp16_add_piped_NUM_PIPE2_5_DW01_sub_6     8.368920       1     8.368920 h
-----------------------------------------------------------------------------
Total 78 references                                    73.439460

****************************************
Design: fp16_add_piped_NUM_PIPE2_5_DW01_add_2 
****************************************
Reference          Library       Unit Area   Count    Total Area   Attributes
-----------------------------------------------------------------------------
A2O1A1Ixp33_ASAP7_75t_R asap7sc7p5t_AO_RVT_TT_nldm_211120     0.087480       3     0.262440
AND2x2_ASAP7_75t_R asap7sc7p5t_SIMPLE_RVT_TT_nldm_211120     0.087480       4     0.349920
AOI21x1_ASAP7_75t_R asap7sc7p5t_AO_RVT_TT_nldm_211120     0.116640       2     0.233280
AOI21xp5_ASAP7_75t_R asap7sc7p5t_AO_RVT_TT_nldm_211120     0.072900       1     0.072900
AOI21xp33_ASAP7_75t_R asap7sc7p5t_AO_RVT_TT_nldm_211120     0.072900       5     0.364500
AOI22xp33_ASAP7_75t_R asap7sc7p5t_AO_RVT_TT_nldm_211120     0.087480       1     0.087480
FAx1_ASAP7_75t_R   asap7sc7p5t_SIMPLE_RVT_TT_nldm_211120     0.204120       1     0.204120 r
INVx1_ASAP7_75t_R  asap7sc7p5t_INVBUF_RVT_TT_nldm_211120     0.043740      18     0.787320
INVx2_ASAP7_75t_R  asap7sc7p5t_INVBUF_RVT_TT_nldm_211120     0.058320       1     0.058320
INVxp33_ASAP7_75t_R asap7sc7p5t_INVBUF_RVT_TT_nldm_211120     0.043740       2     0.087480
INVxp67_ASAP7_75t_R asap7sc7p5t_INVBUF_RVT_TT_nldm_211120     0.043740       2     0.087480
NAND2xp5_ASAP7_75t_R asap7sc7p5t_SIMPLE_RVT_TT_nldm_211120     0.058320      22     1.283040
NAND2xp33_ASAP7_75t_R asap7sc7p5t_SIMPLE_RVT_TT_nldm_211120     0.058320       3     0.174960
NAND3x1_ASAP7_75t_R asap7sc7p5t_SIMPLE_RVT_TT_nldm_211120     0.160380       1     0.160380
NAND3xp33_ASAP7_75t_R asap7sc7p5t_SIMPLE_RVT_TT_nldm_211120     0.072900       1     0.072900
NOR2x1_ASAP7_75t_R asap7sc7p5t_SIMPLE_RVT_TT_nldm_211120     0.087480       2     0.174960
NOR2xp33_ASAP7_75t_R asap7sc7p5t_SIMPLE_RVT_TT_nldm_211120     0.058320       6     0.349920
NOR2xp67_ASAP7_75t_R asap7sc7p5t_SIMPLE_RVT_TT_nldm_211120     0.087480       1     0.087480
OAI21xp5_ASAP7_75t_R asap7sc7p5t_OA_RVT_TT_nldm_211120     0.072900       5     0.364500
OAI21xp33_ASAP7_75t_R asap7sc7p5t_OA_RVT_TT_nldm_211120     0.072900       1     0.072900
OR2x2_ASAP7_75t_R  asap7sc7p5t_SIMPLE_RVT_TT_nldm_211120     0.087480       9     0.787320
XNOR2xp5_ASAP7_75t_R asap7sc7p5t_SIMPLE_RVT_TT_nldm_211120     0.131220       8     1.049760
XOR2xp5_ASAP7_75t_R asap7sc7p5t_SIMPLE_RVT_TT_nldm_211120     0.131220       2     0.262440
-----------------------------------------------------------------------------
Total 23 references                                     7.435800

****************************************
Design: fp16_add_piped_NUM_PIPE2_5_DW01_sub_6 
****************************************
Reference          Library       Unit Area   Count    Total Area   Attributes
-----------------------------------------------------------------------------
AND2x2_ASAP7_75t_R asap7sc7p5t_SIMPLE_RVT_TT_nldm_211120     0.087480       3     0.262440
AO21x2_ASAP7_75t_R asap7sc7p5t_AO_RVT_TT_nldm_211120     0.102060       2     0.204120
AOI21x1_ASAP7_75t_R asap7sc7p5t_AO_RVT_TT_nldm_211120     0.116640       2     0.233280
AOI21xp33_ASAP7_75t_R asap7sc7p5t_AO_RVT_TT_nldm_211120     0.072900       2     0.145800
AOI22xp33_ASAP7_75t_R asap7sc7p5t_AO_RVT_TT_nldm_211120     0.087480       1     0.087480
AOI211xp5_ASAP7_75t_R asap7sc7p5t_AO_RVT_TT_nldm_211120     0.087480       1     0.087480
AOI221xp5_ASAP7_75t_R asap7sc7p5t_AO_RVT_TT_nldm_211120     0.102060       1     0.102060
INVx1_ASAP7_75t_R  asap7sc7p5t_INVBUF_RVT_TT_nldm_211120     0.043740      32     1.399680
INVx2_ASAP7_75t_R  asap7sc7p5t_INVBUF_RVT_TT_nldm_211120     0.058320       4     0.233280
INVxp33_ASAP7_75t_R asap7sc7p5t_INVBUF_RVT_TT_nldm_211120     0.043740       5     0.218700
INVxp67_ASAP7_75t_R asap7sc7p5t_INVBUF_RVT_TT_nldm_211120     0.043740       2     0.087480
NAND2xp5_ASAP7_75t_R asap7sc7p5t_SIMPLE_RVT_TT_nldm_211120     0.058320      27     1.574640
NAND2xp33_ASAP7_75t_R asap7sc7p5t_SIMPLE_RVT_TT_nldm_211120     0.058320       4     0.233280
NOR2x1_ASAP7_75t_R asap7sc7p5t_SIMPLE_RVT_TT_nldm_211120     0.087480       2     0.174960
NOR2xp33_ASAP7_75t_R asap7sc7p5t_SIMPLE_RVT_TT_nldm_211120     0.058320       3     0.174960
NOR2xp67_ASAP7_75t_R asap7sc7p5t_SIMPLE_RVT_TT_nldm_211120     0.087480       1     0.087480
O2A1O1Ixp33_ASAP7_75t_R asap7sc7p5t_OA_RVT_TT_nldm_211120     0.087480       1     0.087480
OA21x2_ASAP7_75t_R asap7sc7p5t_OA_RVT_TT_nldm_211120     0.102060       3     0.306180
OAI21x1_ASAP7_75t_R asap7sc7p5t_OA_RVT_TT_nldm_211120     0.116640       2     0.233280
OAI21xp5_ASAP7_75t_R asap7sc7p5t_OA_RVT_TT_nldm_211120     0.072900       2     0.145800
OAI21xp33_ASAP7_75t_R asap7sc7p5t_OA_RVT_TT_nldm_211120     0.072900       2     0.145800
OR2x2_ASAP7_75t_R  asap7sc7p5t_SIMPLE_RVT_TT_nldm_211120     0.087480       2     0.174960
XNOR2xp5_ASAP7_75t_R asap7sc7p5t_SIMPLE_RVT_TT_nldm_211120     0.131220       6     0.787320
XOR2xp5_ASAP7_75t_R asap7sc7p5t_SIMPLE_RVT_TT_nldm_211120     0.131220       9     1.180980
-----------------------------------------------------------------------------
Total 24 references                                     8.368920

****************************************
Design: fp16_add_piped_NUM_PIPE2_6 
****************************************
Reference          Library       Unit Area   Count    Total Area   Attributes
-----------------------------------------------------------------------------
A2O1A1Ixp33_ASAP7_75t_R asap7sc7p5t_AO_RVT_TT_nldm_211120     0.087480      17     1.487160
A2O1A1O1Ixp25_ASAP7_75t_R asap7sc7p5t_AO_RVT_TT_nldm_211120     0.131220       1     0.131220
AND2x2_ASAP7_75t_R asap7sc7p5t_SIMPLE_RVT_TT_nldm_211120     0.087480       9     0.787320
AND2x4_ASAP7_75t_R asap7sc7p5t_SIMPLE_RVT_TT_nldm_211120     0.145800       1     0.145800
AND3x1_ASAP7_75t_R asap7sc7p5t_SIMPLE_RVT_TT_nldm_211120     0.087480       4     0.349920
AND4x1_ASAP7_75t_R asap7sc7p5t_SIMPLE_RVT_TT_nldm_211120     0.102060       4     0.408240
AND5x1_ASAP7_75t_R asap7sc7p5t_SIMPLE_RVT_TT_nldm_211120     0.116640       1     0.116640
AO21x1_ASAP7_75t_R asap7sc7p5t_AO_RVT_TT_nldm_211120     0.087480       2     0.174960
AOI21xp5_ASAP7_75t_R asap7sc7p5t_AO_RVT_TT_nldm_211120     0.072900       2     0.145800
AOI21xp33_ASAP7_75t_R asap7sc7p5t_AO_RVT_TT_nldm_211120     0.072900       9     0.656100
AOI22x1_ASAP7_75t_R asap7sc7p5t_AO_RVT_TT_nldm_211120     0.145800       1     0.145800
AOI22xp5_ASAP7_75t_R asap7sc7p5t_AO_RVT_TT_nldm_211120     0.087480       6     0.524880
AOI22xp33_ASAP7_75t_R asap7sc7p5t_AO_RVT_TT_nldm_211120     0.087480      17     1.487160
AOI31xp33_ASAP7_75t_R asap7sc7p5t_AO_RVT_TT_nldm_211120     0.087480       4     0.349920
AOI31xp67_ASAP7_75t_R asap7sc7p5t_AO_RVT_TT_nldm_211120     0.189540       1     0.189540
AOI32xp33_ASAP7_75t_R asap7sc7p5t_AO_RVT_TT_nldm_211120     0.102060       1     0.102060
AOI211x1_ASAP7_75t_R asap7sc7p5t_AO_RVT_TT_nldm_211120     0.174960       1     0.174960
AOI211xp5_ASAP7_75t_R asap7sc7p5t_AO_RVT_TT_nldm_211120     0.087480       2     0.174960
AOI221xp5_ASAP7_75t_R asap7sc7p5t_AO_RVT_TT_nldm_211120     0.102060       7     0.714420
AOI222xp33_ASAP7_75t_R asap7sc7p5t_AO_RVT_TT_nldm_211120     0.145800       2     0.291600
AOI321xp33_ASAP7_75t_R asap7sc7p5t_AO_RVT_TT_nldm_211120     0.116640       1     0.116640
BUFx3_ASAP7_75t_R  asap7sc7p5t_INVBUF_RVT_TT_nldm_211120     0.087480       7     0.612360
DFFASRHQNx1_ASAP7_75t_R asap7sc7p5t_SEQ_RVT_TT_nldm_220123     0.379080       2     0.758160 n
DFFHQNx1_ASAP7_75t_R asap7sc7p5t_SEQ_RVT_TT_nldm_220123     0.291600      23     6.706800 n
FAx1_ASAP7_75t_R   asap7sc7p5t_SIMPLE_RVT_TT_nldm_211120     0.204120       3     0.612360 r
INVx1_ASAP7_75t_R  asap7sc7p5t_INVBUF_RVT_TT_nldm_211120     0.043740     162     7.085880
INVx2_ASAP7_75t_R  asap7sc7p5t_INVBUF_RVT_TT_nldm_211120     0.058320      24     1.399680
INVx3_ASAP7_75t_R  asap7sc7p5t_INVBUF_RVT_TT_nldm_211120     0.072900       3     0.218700
INVx4_ASAP7_75t_R  asap7sc7p5t_INVBUF_RVT_TT_nldm_211120     0.087480       4     0.349920
INVx5_ASAP7_75t_R  asap7sc7p5t_INVBUF_RVT_TT_nldm_211120     0.102060       1     0.102060
INVxp33_ASAP7_75t_R asap7sc7p5t_INVBUF_RVT_TT_nldm_211120     0.043740      14     0.612360
INVxp67_ASAP7_75t_R asap7sc7p5t_INVBUF_RVT_TT_nldm_211120     0.043740       9     0.393660
NAND2x1_ASAP7_75t_R asap7sc7p5t_SIMPLE_RVT_TT_nldm_211120     0.087480       5     0.437400
NAND2x1p5_ASAP7_75t_R asap7sc7p5t_SIMPLE_RVT_TT_nldm_211120     0.116640       7     0.816480
NAND2x2_ASAP7_75t_R asap7sc7p5t_SIMPLE_RVT_TT_nldm_211120     0.145800       2     0.291600
NAND2xp5_ASAP7_75t_R asap7sc7p5t_SIMPLE_RVT_TT_nldm_211120     0.058320      76     4.432320
NAND2xp33_ASAP7_75t_R asap7sc7p5t_SIMPLE_RVT_TT_nldm_211120     0.058320      19     1.108080
NAND2xp67_ASAP7_75t_R asap7sc7p5t_SIMPLE_RVT_TT_nldm_211120     0.087480       2     0.174960
NAND3xp33_ASAP7_75t_R asap7sc7p5t_SIMPLE_RVT_TT_nldm_211120     0.072900      15     1.093500
NAND4xp25_ASAP7_75t_R asap7sc7p5t_SIMPLE_RVT_TT_nldm_211120     0.087480       3     0.262440
NAND4xp75_ASAP7_75t_R asap7sc7p5t_SIMPLE_RVT_TT_nldm_211120     0.204120       3     0.612360
NAND5xp2_ASAP7_75t_R asap7sc7p5t_SIMPLE_RVT_TT_nldm_211120     0.102060       2     0.204120
NOR2x1_ASAP7_75t_R asap7sc7p5t_SIMPLE_RVT_TT_nldm_211120     0.087480       3     0.262440
NOR2xp33_ASAP7_75t_R asap7sc7p5t_SIMPLE_RVT_TT_nldm_211120     0.058320      16     0.933120
NOR2xp67_ASAP7_75t_R asap7sc7p5t_SIMPLE_RVT_TT_nldm_211120     0.087480       1     0.087480
NOR5xp2_ASAP7_75t_R asap7sc7p5t_SIMPLE_RVT_TT_nldm_211120     0.102060       4     0.408240
O2A1O1Ixp33_ASAP7_75t_R asap7sc7p5t_OA_RVT_TT_nldm_211120     0.087480       3     0.262440
OA21x2_ASAP7_75t_R asap7sc7p5t_OA_RVT_TT_nldm_211120     0.102060       2     0.204120
OA22x2_ASAP7_75t_R asap7sc7p5t_OA_RVT_TT_nldm_211120     0.145800       1     0.145800
OA31x2_ASAP7_75t_R asap7sc7p5t_OA_RVT_TT_nldm_211120     0.218700       1     0.218700
OA331x2_ASAP7_75t_R asap7sc7p5t_OA_RVT_TT_nldm_211120     0.160380       1     0.160380
OAI21x1_ASAP7_75t_R asap7sc7p5t_OA_RVT_TT_nldm_211120     0.116640       3     0.349920
OAI21xp5_ASAP7_75t_R asap7sc7p5t_OA_RVT_TT_nldm_211120     0.072900      25     1.822500
OAI21xp33_ASAP7_75t_R asap7sc7p5t_OA_RVT_TT_nldm_211120     0.072900      13     0.947700
OAI22x1_ASAP7_75t_R asap7sc7p5t_OA_RVT_TT_nldm_211120     0.145800       6     0.874800
OAI22xp5_ASAP7_75t_R asap7sc7p5t_OA_RVT_TT_nldm_211120     0.087480      44     3.849120
OAI22xp33_ASAP7_75t_R asap7sc7p5t_OA_RVT_TT_nldm_211120     0.087480       9     0.787320
OAI31xp33_ASAP7_75t_R asap7sc7p5t_OA_RVT_TT_nldm_211120     0.087480       1     0.087480
OAI31xp67_ASAP7_75t_R asap7sc7p5t_OA_RVT_TT_nldm_211120     0.189540       2     0.379080
OAI211xp5_ASAP7_75t_R asap7sc7p5t_OA_RVT_TT_nldm_211120     0.087480       5     0.437400
OAI221xp5_ASAP7_75t_R asap7sc7p5t_OA_RVT_TT_nldm_211120     0.102060      11     1.122660
OAI222xp33_ASAP7_75t_R asap7sc7p5t_OA_RVT_TT_nldm_211120     0.145800       4     0.583200
OAI311xp33_ASAP7_75t_R asap7sc7p5t_OA_RVT_TT_nldm_211120     0.102060       4     0.408240
OAI321xp33_ASAP7_75t_R asap7sc7p5t_OA_RVT_TT_nldm_211120     0.116640       2     0.233280
OAI331xp33_ASAP7_75t_R asap7sc7p5t_OA_RVT_TT_nldm_211120     0.131220       2     0.262440
OR2x2_ASAP7_75t_R  asap7sc7p5t_SIMPLE_RVT_TT_nldm_211120     0.087480       1     0.087480
OR2x4_ASAP7_75t_R  asap7sc7p5t_SIMPLE_RVT_TT_nldm_211120     0.116640       1     0.116640
OR4x2_ASAP7_75t_R  asap7sc7p5t_SIMPLE_RVT_TT_nldm_211120     0.116640       1     0.116640
SDFHx2_ASAP7_75t_R asap7sc7p5t_SEQ_RVT_TT_nldm_220123     0.379080       3     1.137240 n
SDFHx3_ASAP7_75t_R asap7sc7p5t_SEQ_RVT_TT_nldm_220123     0.393660       6     2.361960 n
TIEHIx1_ASAP7_75t_R asap7sc7p5t_SIMPLE_RVT_TT_nldm_211120     0.043740       1     0.043740
TIELOx1_ASAP7_75t_R asap7sc7p5t_SIMPLE_RVT_TT_nldm_211120     0.043740       1     0.043740
XNOR2x2_ASAP7_75t_R asap7sc7p5t_SIMPLE_RVT_TT_nldm_211120     0.160380       1     0.160380
XOR2x2_ASAP7_75t_R asap7sc7p5t_SIMPLE_RVT_TT_nldm_211120     0.160380       2     0.320760
XOR2xp5_ASAP7_75t_R asap7sc7p5t_SIMPLE_RVT_TT_nldm_211120     0.131220       5     0.656100
fp16_add_piped_NUM_PIPE2_6_DW01_add_2     7.275420       1     7.275420 h
fp16_add_piped_NUM_PIPE2_6_DW01_sub_6     8.310600       1     8.310600 h
-----------------------------------------------------------------------------
Total 77 references                                    72.418860

****************************************
Design: fp16_add_piped_NUM_PIPE2_6_DW01_add_2 
****************************************
Reference          Library       Unit Area   Count    Total Area   Attributes
-----------------------------------------------------------------------------
A2O1A1Ixp33_ASAP7_75t_R asap7sc7p5t_AO_RVT_TT_nldm_211120     0.087480       2     0.174960
AND2x2_ASAP7_75t_R asap7sc7p5t_SIMPLE_RVT_TT_nldm_211120     0.087480       4     0.349920
AOI21x1_ASAP7_75t_R asap7sc7p5t_AO_RVT_TT_nldm_211120     0.116640       2     0.233280
AOI21xp5_ASAP7_75t_R asap7sc7p5t_AO_RVT_TT_nldm_211120     0.072900       1     0.072900
AOI21xp33_ASAP7_75t_R asap7sc7p5t_AO_RVT_TT_nldm_211120     0.072900       5     0.364500
AOI22xp33_ASAP7_75t_R asap7sc7p5t_AO_RVT_TT_nldm_211120     0.087480       1     0.087480
FAx1_ASAP7_75t_R   asap7sc7p5t_SIMPLE_RVT_TT_nldm_211120     0.204120       1     0.204120 r
INVx1_ASAP7_75t_R  asap7sc7p5t_INVBUF_RVT_TT_nldm_211120     0.043740      21     0.918540
INVxp33_ASAP7_75t_R asap7sc7p5t_INVBUF_RVT_TT_nldm_211120     0.043740       2     0.087480
NAND2xp5_ASAP7_75t_R asap7sc7p5t_SIMPLE_RVT_TT_nldm_211120     0.058320      24     1.399680
NAND2xp33_ASAP7_75t_R asap7sc7p5t_SIMPLE_RVT_TT_nldm_211120     0.058320       1     0.058320
NAND3xp33_ASAP7_75t_R asap7sc7p5t_SIMPLE_RVT_TT_nldm_211120     0.072900       2     0.145800
NOR2x1_ASAP7_75t_R asap7sc7p5t_SIMPLE_RVT_TT_nldm_211120     0.087480       4     0.349920
NOR2xp33_ASAP7_75t_R asap7sc7p5t_SIMPLE_RVT_TT_nldm_211120     0.058320       5     0.291600
OAI21xp5_ASAP7_75t_R asap7sc7p5t_OA_RVT_TT_nldm_211120     0.072900       5     0.364500
OAI21xp33_ASAP7_75t_R asap7sc7p5t_OA_RVT_TT_nldm_211120     0.072900       1     0.072900
OR2x2_ASAP7_75t_R  asap7sc7p5t_SIMPLE_RVT_TT_nldm_211120     0.087480       9     0.787320
XNOR2xp5_ASAP7_75t_R asap7sc7p5t_SIMPLE_RVT_TT_nldm_211120     0.131220       8     1.049760
XOR2xp5_ASAP7_75t_R asap7sc7p5t_SIMPLE_RVT_TT_nldm_211120     0.131220       2     0.262440
-----------------------------------------------------------------------------
Total 19 references                                     7.275420

****************************************
Design: fp16_add_piped_NUM_PIPE2_6_DW01_sub_6 
****************************************
Reference          Library       Unit Area   Count    Total Area   Attributes
-----------------------------------------------------------------------------
AND2x2_ASAP7_75t_R asap7sc7p5t_SIMPLE_RVT_TT_nldm_211120     0.087480       3     0.262440
AO21x1_ASAP7_75t_R asap7sc7p5t_AO_RVT_TT_nldm_211120     0.087480       1     0.087480
AO21x2_ASAP7_75t_R asap7sc7p5t_AO_RVT_TT_nldm_211120     0.102060       1     0.102060
AOI21xp5_ASAP7_75t_R asap7sc7p5t_AO_RVT_TT_nldm_211120     0.072900       3     0.218700
AOI21xp33_ASAP7_75t_R asap7sc7p5t_AO_RVT_TT_nldm_211120     0.072900       1     0.072900
AOI22xp33_ASAP7_75t_R asap7sc7p5t_AO_RVT_TT_nldm_211120     0.087480       1     0.087480
AOI211x1_ASAP7_75t_R asap7sc7p5t_AO_RVT_TT_nldm_211120     0.174960       1     0.174960
AOI221x1_ASAP7_75t_R asap7sc7p5t_AO_RVT_TT_nldm_211120     0.204120       1     0.204120
HB1xp67_ASAP7_75t_R asap7sc7p5t_INVBUF_RVT_TT_nldm_211120     0.058320       2     0.116640
INVx1_ASAP7_75t_R  asap7sc7p5t_INVBUF_RVT_TT_nldm_211120     0.043740      32     1.399680
INVx2_ASAP7_75t_R  asap7sc7p5t_INVBUF_RVT_TT_nldm_211120     0.058320       1     0.058320
INVxp33_ASAP7_75t_R asap7sc7p5t_INVBUF_RVT_TT_nldm_211120     0.043740       5     0.218700
NAND2xp5_ASAP7_75t_R asap7sc7p5t_SIMPLE_RVT_TT_nldm_211120     0.058320      30     1.749600
NAND2xp33_ASAP7_75t_R asap7sc7p5t_SIMPLE_RVT_TT_nldm_211120     0.058320       2     0.116640
NOR2x1_ASAP7_75t_R asap7sc7p5t_SIMPLE_RVT_TT_nldm_211120     0.087480       2     0.174960
NOR2xp33_ASAP7_75t_R asap7sc7p5t_SIMPLE_RVT_TT_nldm_211120     0.058320       3     0.174960
NOR2xp67_ASAP7_75t_R asap7sc7p5t_SIMPLE_RVT_TT_nldm_211120     0.087480       1     0.087480
O2A1O1Ixp5_ASAP7_75t_R asap7sc7p5t_OA_RVT_TT_nldm_211120     0.116640       1     0.116640
OA21x2_ASAP7_75t_R asap7sc7p5t_OA_RVT_TT_nldm_211120     0.102060       2     0.204120
OAI21x1_ASAP7_75t_R asap7sc7p5t_OA_RVT_TT_nldm_211120     0.116640       2     0.233280
OAI21xp5_ASAP7_75t_R asap7sc7p5t_OA_RVT_TT_nldm_211120     0.072900       3     0.218700
OAI21xp33_ASAP7_75t_R asap7sc7p5t_OA_RVT_TT_nldm_211120     0.072900       2     0.145800
OR2x2_ASAP7_75t_R  asap7sc7p5t_SIMPLE_RVT_TT_nldm_211120     0.087480       1     0.087480
XNOR2x2_ASAP7_75t_R asap7sc7p5t_SIMPLE_RVT_TT_nldm_211120     0.160380       1     0.160380
XNOR2xp5_ASAP7_75t_R asap7sc7p5t_SIMPLE_RVT_TT_nldm_211120     0.131220       5     0.656100
XOR2xp5_ASAP7_75t_R asap7sc7p5t_SIMPLE_RVT_TT_nldm_211120     0.131220       9     1.180980
-----------------------------------------------------------------------------
Total 26 references                                     8.310600

****************************************
Design: fp16_add_piped_NUM_PIPE2_7 
****************************************
Reference          Library       Unit Area   Count    Total Area   Attributes
-----------------------------------------------------------------------------
A2O1A1Ixp33_ASAP7_75t_R asap7sc7p5t_AO_RVT_TT_nldm_211120     0.087480      17     1.487160
A2O1A1O1Ixp25_ASAP7_75t_R asap7sc7p5t_AO_RVT_TT_nldm_211120     0.131220       1     0.131220
AND2x2_ASAP7_75t_R asap7sc7p5t_SIMPLE_RVT_TT_nldm_211120     0.087480      12     1.049760
AND2x4_ASAP7_75t_R asap7sc7p5t_SIMPLE_RVT_TT_nldm_211120     0.145800       2     0.291600
AND3x1_ASAP7_75t_R asap7sc7p5t_SIMPLE_RVT_TT_nldm_211120     0.087480       4     0.349920
AND4x1_ASAP7_75t_R asap7sc7p5t_SIMPLE_RVT_TT_nldm_211120     0.102060       5     0.510300
AND5x1_ASAP7_75t_R asap7sc7p5t_SIMPLE_RVT_TT_nldm_211120     0.116640       1     0.116640
AO21x1_ASAP7_75t_R asap7sc7p5t_AO_RVT_TT_nldm_211120     0.087480       2     0.174960
AOI21xp5_ASAP7_75t_R asap7sc7p5t_AO_RVT_TT_nldm_211120     0.072900       2     0.145800
AOI21xp33_ASAP7_75t_R asap7sc7p5t_AO_RVT_TT_nldm_211120     0.072900       9     0.656100
AOI22x1_ASAP7_75t_R asap7sc7p5t_AO_RVT_TT_nldm_211120     0.145800       2     0.291600
AOI22xp5_ASAP7_75t_R asap7sc7p5t_AO_RVT_TT_nldm_211120     0.087480       5     0.437400
AOI22xp33_ASAP7_75t_R asap7sc7p5t_AO_RVT_TT_nldm_211120     0.087480      17     1.487160
AOI31xp33_ASAP7_75t_R asap7sc7p5t_AO_RVT_TT_nldm_211120     0.087480       3     0.262440
AOI31xp67_ASAP7_75t_R asap7sc7p5t_AO_RVT_TT_nldm_211120     0.189540       2     0.379080
AOI32xp33_ASAP7_75t_R asap7sc7p5t_AO_RVT_TT_nldm_211120     0.102060       1     0.102060
AOI211xp5_ASAP7_75t_R asap7sc7p5t_AO_RVT_TT_nldm_211120     0.087480       3     0.262440
AOI221xp5_ASAP7_75t_R asap7sc7p5t_AO_RVT_TT_nldm_211120     0.102060       7     0.714420
AOI222xp33_ASAP7_75t_R asap7sc7p5t_AO_RVT_TT_nldm_211120     0.145800       2     0.291600
AOI321xp33_ASAP7_75t_R asap7sc7p5t_AO_RVT_TT_nldm_211120     0.116640       1     0.116640
BUFx3_ASAP7_75t_R  asap7sc7p5t_INVBUF_RVT_TT_nldm_211120     0.087480       3     0.262440
DFFASRHQNx1_ASAP7_75t_R asap7sc7p5t_SEQ_RVT_TT_nldm_220123     0.379080       2     0.758160 n
DFFHQNx1_ASAP7_75t_R asap7sc7p5t_SEQ_RVT_TT_nldm_220123     0.291600      23     6.706800 n
DFFHQx4_ASAP7_75t_R asap7sc7p5t_SEQ_RVT_TT_nldm_220123     0.364500       7     2.551500 n
FAx1_ASAP7_75t_R   asap7sc7p5t_SIMPLE_RVT_TT_nldm_211120     0.204120       3     0.612360 r
HB1xp67_ASAP7_75t_R asap7sc7p5t_INVBUF_RVT_TT_nldm_211120     0.058320       3     0.174960
INVx1_ASAP7_75t_R  asap7sc7p5t_INVBUF_RVT_TT_nldm_211120     0.043740     142     6.211080
INVx2_ASAP7_75t_R  asap7sc7p5t_INVBUF_RVT_TT_nldm_211120     0.058320      31     1.807920
INVx3_ASAP7_75t_R  asap7sc7p5t_INVBUF_RVT_TT_nldm_211120     0.072900       2     0.145800
INVx4_ASAP7_75t_R  asap7sc7p5t_INVBUF_RVT_TT_nldm_211120     0.087480       2     0.174960
INVxp33_ASAP7_75t_R asap7sc7p5t_INVBUF_RVT_TT_nldm_211120     0.043740      11     0.481140
INVxp67_ASAP7_75t_R asap7sc7p5t_INVBUF_RVT_TT_nldm_211120     0.043740      27     1.180980
NAND2x1_ASAP7_75t_R asap7sc7p5t_SIMPLE_RVT_TT_nldm_211120     0.087480       5     0.437400
NAND2x1p5_ASAP7_75t_R asap7sc7p5t_SIMPLE_RVT_TT_nldm_211120     0.116640       6     0.699840
NAND2x2_ASAP7_75t_R asap7sc7p5t_SIMPLE_RVT_TT_nldm_211120     0.145800       1     0.145800
NAND2xp5_ASAP7_75t_R asap7sc7p5t_SIMPLE_RVT_TT_nldm_211120     0.058320      80     4.665600
NAND2xp33_ASAP7_75t_R asap7sc7p5t_SIMPLE_RVT_TT_nldm_211120     0.058320      19     1.108080
NAND3x1_ASAP7_75t_R asap7sc7p5t_SIMPLE_RVT_TT_nldm_211120     0.160380       2     0.320760
NAND3xp33_ASAP7_75t_R asap7sc7p5t_SIMPLE_RVT_TT_nldm_211120     0.072900      13     0.947700
NAND4xp25_ASAP7_75t_R asap7sc7p5t_SIMPLE_RVT_TT_nldm_211120     0.087480       4     0.349920
NAND4xp75_ASAP7_75t_R asap7sc7p5t_SIMPLE_RVT_TT_nldm_211120     0.204120       2     0.408240
NAND5xp2_ASAP7_75t_R asap7sc7p5t_SIMPLE_RVT_TT_nldm_211120     0.102060       2     0.204120
NOR2xp33_ASAP7_75t_R asap7sc7p5t_SIMPLE_RVT_TT_nldm_211120     0.058320      24     1.399680
NOR5xp2_ASAP7_75t_R asap7sc7p5t_SIMPLE_RVT_TT_nldm_211120     0.102060       4     0.408240
O2A1O1Ixp33_ASAP7_75t_R asap7sc7p5t_OA_RVT_TT_nldm_211120     0.087480       3     0.262440
OA21x2_ASAP7_75t_R asap7sc7p5t_OA_RVT_TT_nldm_211120     0.102060       1     0.102060
OA22x2_ASAP7_75t_R asap7sc7p5t_OA_RVT_TT_nldm_211120     0.145800       2     0.291600
OA211x2_ASAP7_75t_R asap7sc7p5t_OA_RVT_TT_nldm_211120     0.116640       1     0.116640
OAI21x1_ASAP7_75t_R asap7sc7p5t_OA_RVT_TT_nldm_211120     0.116640       2     0.233280
OAI21xp5_ASAP7_75t_R asap7sc7p5t_OA_RVT_TT_nldm_211120     0.072900      20     1.458000
OAI21xp33_ASAP7_75t_R asap7sc7p5t_OA_RVT_TT_nldm_211120     0.072900      21     1.530900
OAI22x1_ASAP7_75t_R asap7sc7p5t_OA_RVT_TT_nldm_211120     0.145800       3     0.437400
OAI22xp5_ASAP7_75t_R asap7sc7p5t_OA_RVT_TT_nldm_211120     0.087480      40     3.499200
OAI22xp33_ASAP7_75t_R asap7sc7p5t_OA_RVT_TT_nldm_211120     0.087480      16     1.399680
OAI31xp33_ASAP7_75t_R asap7sc7p5t_OA_RVT_TT_nldm_211120     0.087480       1     0.087480
OAI31xp67_ASAP7_75t_R asap7sc7p5t_OA_RVT_TT_nldm_211120     0.189540       2     0.379080
OAI211xp5_ASAP7_75t_R asap7sc7p5t_OA_RVT_TT_nldm_211120     0.087480       4     0.349920
OAI221xp5_ASAP7_75t_R asap7sc7p5t_OA_RVT_TT_nldm_211120     0.102060      10     1.020600
OAI222xp33_ASAP7_75t_R asap7sc7p5t_OA_RVT_TT_nldm_211120     0.145800       4     0.583200
OAI311xp33_ASAP7_75t_R asap7sc7p5t_OA_RVT_TT_nldm_211120     0.102060       4     0.408240
OAI321xp33_ASAP7_75t_R asap7sc7p5t_OA_RVT_TT_nldm_211120     0.116640       2     0.233280
OAI331xp33_ASAP7_75t_R asap7sc7p5t_OA_RVT_TT_nldm_211120     0.131220       2     0.262440
OR2x2_ASAP7_75t_R  asap7sc7p5t_SIMPLE_RVT_TT_nldm_211120     0.087480       3     0.262440
OR2x4_ASAP7_75t_R  asap7sc7p5t_SIMPLE_RVT_TT_nldm_211120     0.116640       1     0.116640
OR4x2_ASAP7_75t_R  asap7sc7p5t_SIMPLE_RVT_TT_nldm_211120     0.116640       1     0.116640
SDFHx1_ASAP7_75t_R asap7sc7p5t_SEQ_RVT_TT_nldm_220123     0.364500       1     0.364500 n
SDFHx3_ASAP7_75t_R asap7sc7p5t_SEQ_RVT_TT_nldm_220123     0.393660       1     0.393660 n
TIEHIx1_ASAP7_75t_R asap7sc7p5t_SIMPLE_RVT_TT_nldm_211120     0.043740       1     0.043740
TIELOx1_ASAP7_75t_R asap7sc7p5t_SIMPLE_RVT_TT_nldm_211120     0.043740       1     0.043740
XNOR2x2_ASAP7_75t_R asap7sc7p5t_SIMPLE_RVT_TT_nldm_211120     0.160380       1     0.160380
XNOR2xp5_ASAP7_75t_R asap7sc7p5t_SIMPLE_RVT_TT_nldm_211120     0.131220       2     0.262440
XOR2x2_ASAP7_75t_R asap7sc7p5t_SIMPLE_RVT_TT_nldm_211120     0.160380       4     0.641520
XOR2xp5_ASAP7_75t_R asap7sc7p5t_SIMPLE_RVT_TT_nldm_211120     0.131220       2     0.262440
fp16_add_piped_NUM_PIPE2_7_DW01_add_2     7.435800       1     7.435800 h
fp16_add_piped_NUM_PIPE2_7_DW01_sub_6     8.602200       1     8.602200 h
-----------------------------------------------------------------------------
Total 75 references                                    72.783360

****************************************
Design: fp16_add_piped_NUM_PIPE2_7_DW01_add_2 
****************************************
Reference          Library       Unit Area   Count    Total Area   Attributes
-----------------------------------------------------------------------------
A2O1A1Ixp33_ASAP7_75t_R asap7sc7p5t_AO_RVT_TT_nldm_211120     0.087480       3     0.262440
AND2x2_ASAP7_75t_R asap7sc7p5t_SIMPLE_RVT_TT_nldm_211120     0.087480       4     0.349920
AOI21x1_ASAP7_75t_R asap7sc7p5t_AO_RVT_TT_nldm_211120     0.116640       2     0.233280
AOI21xp5_ASAP7_75t_R asap7sc7p5t_AO_RVT_TT_nldm_211120     0.072900       1     0.072900
AOI21xp33_ASAP7_75t_R asap7sc7p5t_AO_RVT_TT_nldm_211120     0.072900       5     0.364500
AOI22xp33_ASAP7_75t_R asap7sc7p5t_AO_RVT_TT_nldm_211120     0.087480       1     0.087480
FAx1_ASAP7_75t_R   asap7sc7p5t_SIMPLE_RVT_TT_nldm_211120     0.204120       1     0.204120 r
INVx1_ASAP7_75t_R  asap7sc7p5t_INVBUF_RVT_TT_nldm_211120     0.043740      17     0.743580
INVxp33_ASAP7_75t_R asap7sc7p5t_INVBUF_RVT_TT_nldm_211120     0.043740       4     0.174960
INVxp67_ASAP7_75t_R asap7sc7p5t_INVBUF_RVT_TT_nldm_211120     0.043740       2     0.087480
NAND2x1_ASAP7_75t_R asap7sc7p5t_SIMPLE_RVT_TT_nldm_211120     0.087480       1     0.087480
NAND2x1p5_ASAP7_75t_R asap7sc7p5t_SIMPLE_RVT_TT_nldm_211120     0.116640       1     0.116640
NAND2xp5_ASAP7_75t_R asap7sc7p5t_SIMPLE_RVT_TT_nldm_211120     0.058320      19     1.108080
NAND2xp33_ASAP7_75t_R asap7sc7p5t_SIMPLE_RVT_TT_nldm_211120     0.058320       3     0.174960
NAND3xp33_ASAP7_75t_R asap7sc7p5t_SIMPLE_RVT_TT_nldm_211120     0.072900       2     0.145800
NOR2x1_ASAP7_75t_R asap7sc7p5t_SIMPLE_RVT_TT_nldm_211120     0.087480       4     0.349920
NOR2xp33_ASAP7_75t_R asap7sc7p5t_SIMPLE_RVT_TT_nldm_211120     0.058320       5     0.291600
OAI21x1_ASAP7_75t_R asap7sc7p5t_OA_RVT_TT_nldm_211120     0.116640       1     0.116640
OAI21xp5_ASAP7_75t_R asap7sc7p5t_OA_RVT_TT_nldm_211120     0.072900       3     0.218700
OAI21xp33_ASAP7_75t_R asap7sc7p5t_OA_RVT_TT_nldm_211120     0.072900       2     0.145800
OR2x2_ASAP7_75t_R  asap7sc7p5t_SIMPLE_RVT_TT_nldm_211120     0.087480       9     0.787320
XNOR2xp5_ASAP7_75t_R asap7sc7p5t_SIMPLE_RVT_TT_nldm_211120     0.131220       8     1.049760
XOR2xp5_ASAP7_75t_R asap7sc7p5t_SIMPLE_RVT_TT_nldm_211120     0.131220       2     0.262440
-----------------------------------------------------------------------------
Total 23 references                                     7.435800

****************************************
Design: fp16_add_piped_NUM_PIPE2_7_DW01_sub_6 
****************************************
Reference          Library       Unit Area   Count    Total Area   Attributes
-----------------------------------------------------------------------------
AND2x2_ASAP7_75t_R asap7sc7p5t_SIMPLE_RVT_TT_nldm_211120     0.087480       4     0.349920
AO21x2_ASAP7_75t_R asap7sc7p5t_AO_RVT_TT_nldm_211120     0.102060       2     0.204120
AO211x2_ASAP7_75t_R asap7sc7p5t_AO_RVT_TT_nldm_211120     0.233280       1     0.233280
AOI21xp5_ASAP7_75t_R asap7sc7p5t_AO_RVT_TT_nldm_211120     0.072900       2     0.145800
AOI21xp33_ASAP7_75t_R asap7sc7p5t_AO_RVT_TT_nldm_211120     0.072900       3     0.218700
AOI22xp5_ASAP7_75t_R asap7sc7p5t_AO_RVT_TT_nldm_211120     0.087480       1     0.087480
AOI221xp5_ASAP7_75t_R asap7sc7p5t_AO_RVT_TT_nldm_211120     0.102060       1     0.102060
HB1xp67_ASAP7_75t_R asap7sc7p5t_INVBUF_RVT_TT_nldm_211120     0.058320       1     0.058320
INVx1_ASAP7_75t_R  asap7sc7p5t_INVBUF_RVT_TT_nldm_211120     0.043740      25     1.093500
INVx2_ASAP7_75t_R  asap7sc7p5t_INVBUF_RVT_TT_nldm_211120     0.058320       1     0.058320
INVx3_ASAP7_75t_R  asap7sc7p5t_INVBUF_RVT_TT_nldm_211120     0.072900       1     0.072900
INVxp33_ASAP7_75t_R asap7sc7p5t_INVBUF_RVT_TT_nldm_211120     0.043740       4     0.174960
INVxp67_ASAP7_75t_R asap7sc7p5t_INVBUF_RVT_TT_nldm_211120     0.043740       6     0.262440
NAND2xp5_ASAP7_75t_R asap7sc7p5t_SIMPLE_RVT_TT_nldm_211120     0.058320      27     1.574640
NAND2xp33_ASAP7_75t_R asap7sc7p5t_SIMPLE_RVT_TT_nldm_211120     0.058320       4     0.233280
NOR2x1_ASAP7_75t_R asap7sc7p5t_SIMPLE_RVT_TT_nldm_211120     0.087480       1     0.087480
NOR2xp33_ASAP7_75t_R asap7sc7p5t_SIMPLE_RVT_TT_nldm_211120     0.058320       3     0.174960
NOR2xp67_ASAP7_75t_R asap7sc7p5t_SIMPLE_RVT_TT_nldm_211120     0.087480       3     0.262440
O2A1O1Ixp5_ASAP7_75t_R asap7sc7p5t_OA_RVT_TT_nldm_211120     0.116640       1     0.116640
OA21x2_ASAP7_75t_R asap7sc7p5t_OA_RVT_TT_nldm_211120     0.102060       3     0.306180
OAI21x1_ASAP7_75t_R asap7sc7p5t_OA_RVT_TT_nldm_211120     0.116640       3     0.349920
OAI21xp5_ASAP7_75t_R asap7sc7p5t_OA_RVT_TT_nldm_211120     0.072900       2     0.145800
OAI21xp33_ASAP7_75t_R asap7sc7p5t_OA_RVT_TT_nldm_211120     0.072900       1     0.072900
OR2x2_ASAP7_75t_R  asap7sc7p5t_SIMPLE_RVT_TT_nldm_211120     0.087480       2     0.174960
XNOR2x1_ASAP7_75t_R asap7sc7p5t_SIMPLE_RVT_TT_nldm_211120     0.174960       1     0.174960
XNOR2xp5_ASAP7_75t_R asap7sc7p5t_SIMPLE_RVT_TT_nldm_211120     0.131220       7     0.918540
XOR2x2_ASAP7_75t_R asap7sc7p5t_SIMPLE_RVT_TT_nldm_211120     0.160380       1     0.160380
XOR2xp5_ASAP7_75t_R asap7sc7p5t_SIMPLE_RVT_TT_nldm_211120     0.131220       6     0.787320
-----------------------------------------------------------------------------
Total 28 references                                     8.602200

****************************************
Design: fp16_add_piped_NUM_PIPE2_8 
****************************************
Reference          Library       Unit Area   Count    Total Area   Attributes
-----------------------------------------------------------------------------
A2O1A1Ixp33_ASAP7_75t_R asap7sc7p5t_AO_RVT_TT_nldm_211120     0.087480      17     1.487160
A2O1A1O1Ixp25_ASAP7_75t_R asap7sc7p5t_AO_RVT_TT_nldm_211120     0.131220       1     0.131220
AND2x2_ASAP7_75t_R asap7sc7p5t_SIMPLE_RVT_TT_nldm_211120     0.087480      12     1.049760
AND2x4_ASAP7_75t_R asap7sc7p5t_SIMPLE_RVT_TT_nldm_211120     0.145800       2     0.291600
AND3x1_ASAP7_75t_R asap7sc7p5t_SIMPLE_RVT_TT_nldm_211120     0.087480       5     0.437400
AND4x1_ASAP7_75t_R asap7sc7p5t_SIMPLE_RVT_TT_nldm_211120     0.102060       4     0.408240
AND5x1_ASAP7_75t_R asap7sc7p5t_SIMPLE_RVT_TT_nldm_211120     0.116640       1     0.116640
AO21x1_ASAP7_75t_R asap7sc7p5t_AO_RVT_TT_nldm_211120     0.087480       2     0.174960
AOI21xp5_ASAP7_75t_R asap7sc7p5t_AO_RVT_TT_nldm_211120     0.072900       2     0.145800
AOI21xp33_ASAP7_75t_R asap7sc7p5t_AO_RVT_TT_nldm_211120     0.072900       9     0.656100
AOI22x1_ASAP7_75t_R asap7sc7p5t_AO_RVT_TT_nldm_211120     0.145800       1     0.145800
AOI22xp5_ASAP7_75t_R asap7sc7p5t_AO_RVT_TT_nldm_211120     0.087480       6     0.524880
AOI22xp33_ASAP7_75t_R asap7sc7p5t_AO_RVT_TT_nldm_211120     0.087480      17     1.487160
AOI31xp33_ASAP7_75t_R asap7sc7p5t_AO_RVT_TT_nldm_211120     0.087480       3     0.262440
AOI31xp67_ASAP7_75t_R asap7sc7p5t_AO_RVT_TT_nldm_211120     0.189540       2     0.379080
AOI32xp33_ASAP7_75t_R asap7sc7p5t_AO_RVT_TT_nldm_211120     0.102060       1     0.102060
AOI211x1_ASAP7_75t_R asap7sc7p5t_AO_RVT_TT_nldm_211120     0.174960       1     0.174960
AOI211xp5_ASAP7_75t_R asap7sc7p5t_AO_RVT_TT_nldm_211120     0.087480       2     0.174960
AOI221x1_ASAP7_75t_R asap7sc7p5t_AO_RVT_TT_nldm_211120     0.204120       1     0.204120
AOI221xp5_ASAP7_75t_R asap7sc7p5t_AO_RVT_TT_nldm_211120     0.102060       6     0.612360
AOI222xp33_ASAP7_75t_R asap7sc7p5t_AO_RVT_TT_nldm_211120     0.145800       2     0.291600
AOI321xp33_ASAP7_75t_R asap7sc7p5t_AO_RVT_TT_nldm_211120     0.116640       1     0.116640
BUFx3_ASAP7_75t_R  asap7sc7p5t_INVBUF_RVT_TT_nldm_211120     0.087480       2     0.174960
DFFASRHQNx1_ASAP7_75t_R asap7sc7p5t_SEQ_RVT_TT_nldm_220123     0.379080       2     0.758160 n
DFFHQNx1_ASAP7_75t_R asap7sc7p5t_SEQ_RVT_TT_nldm_220123     0.291600      23     6.706800 n
DFFHQx4_ASAP7_75t_R asap7sc7p5t_SEQ_RVT_TT_nldm_220123     0.364500       7     2.551500 n
FAx1_ASAP7_75t_R   asap7sc7p5t_SIMPLE_RVT_TT_nldm_211120     0.204120       3     0.612360 r
HB1xp67_ASAP7_75t_R asap7sc7p5t_INVBUF_RVT_TT_nldm_211120     0.058320       3     0.174960
INVx1_ASAP7_75t_R  asap7sc7p5t_INVBUF_RVT_TT_nldm_211120     0.043740     157     6.867180
INVx2_ASAP7_75t_R  asap7sc7p5t_INVBUF_RVT_TT_nldm_211120     0.058320      27     1.574640
INVx4_ASAP7_75t_R  asap7sc7p5t_INVBUF_RVT_TT_nldm_211120     0.087480       3     0.262440
INVxp33_ASAP7_75t_R asap7sc7p5t_INVBUF_RVT_TT_nldm_211120     0.043740      11     0.481140
INVxp67_ASAP7_75t_R asap7sc7p5t_INVBUF_RVT_TT_nldm_211120     0.043740      23     1.006020
NAND2x1_ASAP7_75t_R asap7sc7p5t_SIMPLE_RVT_TT_nldm_211120     0.087480       7     0.612360
NAND2x1p5_ASAP7_75t_R asap7sc7p5t_SIMPLE_RVT_TT_nldm_211120     0.116640       8     0.933120
NAND2x2_ASAP7_75t_R asap7sc7p5t_SIMPLE_RVT_TT_nldm_211120     0.145800       1     0.145800
NAND2xp5_ASAP7_75t_R asap7sc7p5t_SIMPLE_RVT_TT_nldm_211120     0.058320      74     4.315680
NAND2xp33_ASAP7_75t_R asap7sc7p5t_SIMPLE_RVT_TT_nldm_211120     0.058320      22     1.283040
NAND3x1_ASAP7_75t_R asap7sc7p5t_SIMPLE_RVT_TT_nldm_211120     0.160380       1     0.160380
NAND3xp33_ASAP7_75t_R asap7sc7p5t_SIMPLE_RVT_TT_nldm_211120     0.072900      13     0.947700
NAND4xp25_ASAP7_75t_R asap7sc7p5t_SIMPLE_RVT_TT_nldm_211120     0.087480       4     0.349920
NAND4xp75_ASAP7_75t_R asap7sc7p5t_SIMPLE_RVT_TT_nldm_211120     0.204120       3     0.612360
NAND5xp2_ASAP7_75t_R asap7sc7p5t_SIMPLE_RVT_TT_nldm_211120     0.102060       2     0.204120
NOR2xp33_ASAP7_75t_R asap7sc7p5t_SIMPLE_RVT_TT_nldm_211120     0.058320      18     1.049760
NOR2xp67_ASAP7_75t_R asap7sc7p5t_SIMPLE_RVT_TT_nldm_211120     0.087480       6     0.524880
NOR5xp2_ASAP7_75t_R asap7sc7p5t_SIMPLE_RVT_TT_nldm_211120     0.102060       4     0.408240
O2A1O1Ixp33_ASAP7_75t_R asap7sc7p5t_OA_RVT_TT_nldm_211120     0.087480       3     0.262440
OA21x2_ASAP7_75t_R asap7sc7p5t_OA_RVT_TT_nldm_211120     0.102060       2     0.204120
OA22x2_ASAP7_75t_R asap7sc7p5t_OA_RVT_TT_nldm_211120     0.145800       1     0.145800
OA222x2_ASAP7_75t_R asap7sc7p5t_OA_RVT_TT_nldm_211120     0.174960       1     0.174960
OAI21x1_ASAP7_75t_R asap7sc7p5t_OA_RVT_TT_nldm_211120     0.116640       3     0.349920
OAI21xp5_ASAP7_75t_R asap7sc7p5t_OA_RVT_TT_nldm_211120     0.072900      21     1.530900
OAI21xp33_ASAP7_75t_R asap7sc7p5t_OA_RVT_TT_nldm_211120     0.072900      17     1.239300
OAI22x1_ASAP7_75t_R asap7sc7p5t_OA_RVT_TT_nldm_211120     0.145800       1     0.145800
OAI22xp5_ASAP7_75t_R asap7sc7p5t_OA_RVT_TT_nldm_211120     0.087480      45     3.936600
OAI22xp33_ASAP7_75t_R asap7sc7p5t_OA_RVT_TT_nldm_211120     0.087480      16     1.399680
OAI31xp33_ASAP7_75t_R asap7sc7p5t_OA_RVT_TT_nldm_211120     0.087480       2     0.174960
OAI31xp67_ASAP7_75t_R asap7sc7p5t_OA_RVT_TT_nldm_211120     0.189540       2     0.379080
OAI211xp5_ASAP7_75t_R asap7sc7p5t_OA_RVT_TT_nldm_211120     0.087480       5     0.437400
OAI221xp5_ASAP7_75t_R asap7sc7p5t_OA_RVT_TT_nldm_211120     0.102060      11     1.122660
OAI222xp33_ASAP7_75t_R asap7sc7p5t_OA_RVT_TT_nldm_211120     0.145800       3     0.437400
OAI311xp33_ASAP7_75t_R asap7sc7p5t_OA_RVT_TT_nldm_211120     0.102060       4     0.408240
OAI321xp33_ASAP7_75t_R asap7sc7p5t_OA_RVT_TT_nldm_211120     0.116640       2     0.233280
OAI331xp33_ASAP7_75t_R asap7sc7p5t_OA_RVT_TT_nldm_211120     0.131220       2     0.262440
OR2x2_ASAP7_75t_R  asap7sc7p5t_SIMPLE_RVT_TT_nldm_211120     0.087480       3     0.262440
OR2x6_ASAP7_75t_R  asap7sc7p5t_SIMPLE_RVT_TT_nldm_211120     0.174960       1     0.174960
OR4x2_ASAP7_75t_R  asap7sc7p5t_SIMPLE_RVT_TT_nldm_211120     0.116640       1     0.116640
SDFHx4_ASAP7_75t_R asap7sc7p5t_SEQ_RVT_TT_nldm_220123     0.451980       2     0.903960 n
TIEHIx1_ASAP7_75t_R asap7sc7p5t_SIMPLE_RVT_TT_nldm_211120     0.043740       1     0.043740
TIELOx1_ASAP7_75t_R asap7sc7p5t_SIMPLE_RVT_TT_nldm_211120     0.043740       1     0.043740
XNOR2x1_ASAP7_75t_R asap7sc7p5t_SIMPLE_RVT_TT_nldm_211120     0.174960       1     0.174960
XNOR2x2_ASAP7_75t_R asap7sc7p5t_SIMPLE_RVT_TT_nldm_211120     0.160380       1     0.160380
XOR2x2_ASAP7_75t_R asap7sc7p5t_SIMPLE_RVT_TT_nldm_211120     0.160380       3     0.481140
XOR2xp5_ASAP7_75t_R asap7sc7p5t_SIMPLE_RVT_TT_nldm_211120     0.131220       3     0.393660
fp16_add_piped_NUM_PIPE2_8_DW01_add_2     7.319160       1     7.319160 h
fp16_add_piped_NUM_PIPE2_8_DW01_sub_6     8.529300       1     8.529300 h
-----------------------------------------------------------------------------
Total 76 references                                    73.541520

****************************************
Design: fp16_add_piped_NUM_PIPE2_8_DW01_add_2 
****************************************
Reference          Library       Unit Area   Count    Total Area   Attributes
-----------------------------------------------------------------------------
A2O1A1Ixp33_ASAP7_75t_R asap7sc7p5t_AO_RVT_TT_nldm_211120     0.087480       2     0.174960
AND2x2_ASAP7_75t_R asap7sc7p5t_SIMPLE_RVT_TT_nldm_211120     0.087480       4     0.349920
AOI21x1_ASAP7_75t_R asap7sc7p5t_AO_RVT_TT_nldm_211120     0.116640       2     0.233280
AOI21xp5_ASAP7_75t_R asap7sc7p5t_AO_RVT_TT_nldm_211120     0.072900       1     0.072900
AOI21xp33_ASAP7_75t_R asap7sc7p5t_AO_RVT_TT_nldm_211120     0.072900       5     0.364500
AOI22xp33_ASAP7_75t_R asap7sc7p5t_AO_RVT_TT_nldm_211120     0.087480       1     0.087480
FAx1_ASAP7_75t_R   asap7sc7p5t_SIMPLE_RVT_TT_nldm_211120     0.204120       1     0.204120 r
INVx1_ASAP7_75t_R  asap7sc7p5t_INVBUF_RVT_TT_nldm_211120     0.043740      19     0.831060
INVx2_ASAP7_75t_R  asap7sc7p5t_INVBUF_RVT_TT_nldm_211120     0.058320       1     0.058320
INVxp33_ASAP7_75t_R asap7sc7p5t_INVBUF_RVT_TT_nldm_211120     0.043740       1     0.043740
INVxp67_ASAP7_75t_R asap7sc7p5t_INVBUF_RVT_TT_nldm_211120     0.043740       2     0.087480
NAND2xp5_ASAP7_75t_R asap7sc7p5t_SIMPLE_RVT_TT_nldm_211120     0.058320      23     1.341360
NAND2xp33_ASAP7_75t_R asap7sc7p5t_SIMPLE_RVT_TT_nldm_211120     0.058320       1     0.058320
NAND2xp67_ASAP7_75t_R asap7sc7p5t_SIMPLE_RVT_TT_nldm_211120     0.087480       1     0.087480
NAND3xp33_ASAP7_75t_R asap7sc7p5t_SIMPLE_RVT_TT_nldm_211120     0.072900       2     0.145800
NOR2x1_ASAP7_75t_R asap7sc7p5t_SIMPLE_RVT_TT_nldm_211120     0.087480       4     0.349920
NOR2xp33_ASAP7_75t_R asap7sc7p5t_SIMPLE_RVT_TT_nldm_211120     0.058320       5     0.291600
OAI21xp5_ASAP7_75t_R asap7sc7p5t_OA_RVT_TT_nldm_211120     0.072900       5     0.364500
OAI21xp33_ASAP7_75t_R asap7sc7p5t_OA_RVT_TT_nldm_211120     0.072900       1     0.072900
OR2x2_ASAP7_75t_R  asap7sc7p5t_SIMPLE_RVT_TT_nldm_211120     0.087480       9     0.787320
XNOR2xp5_ASAP7_75t_R asap7sc7p5t_SIMPLE_RVT_TT_nldm_211120     0.131220       8     1.049760
XOR2xp5_ASAP7_75t_R asap7sc7p5t_SIMPLE_RVT_TT_nldm_211120     0.131220       2     0.262440
-----------------------------------------------------------------------------
Total 22 references                                     7.319160

****************************************
Design: fp16_add_piped_NUM_PIPE2_8_DW01_sub_6 
****************************************
Reference          Library       Unit Area   Count    Total Area   Attributes
-----------------------------------------------------------------------------
AND2x2_ASAP7_75t_R asap7sc7p5t_SIMPLE_RVT_TT_nldm_211120     0.087480       4     0.349920
AO21x1_ASAP7_75t_R asap7sc7p5t_AO_RVT_TT_nldm_211120     0.087480       1     0.087480
AO21x2_ASAP7_75t_R asap7sc7p5t_AO_RVT_TT_nldm_211120     0.102060       1     0.102060
AOI21xp5_ASAP7_75t_R asap7sc7p5t_AO_RVT_TT_nldm_211120     0.072900       2     0.145800
AOI21xp33_ASAP7_75t_R asap7sc7p5t_AO_RVT_TT_nldm_211120     0.072900       2     0.145800
AOI22xp33_ASAP7_75t_R asap7sc7p5t_AO_RVT_TT_nldm_211120     0.087480       1     0.087480
AOI211x1_ASAP7_75t_R asap7sc7p5t_AO_RVT_TT_nldm_211120     0.174960       1     0.174960
AOI221xp5_ASAP7_75t_R asap7sc7p5t_AO_RVT_TT_nldm_211120     0.102060       1     0.102060
BUFx3_ASAP7_75t_R  asap7sc7p5t_INVBUF_RVT_TT_nldm_211120     0.087480       1     0.087480
HB1xp67_ASAP7_75t_R asap7sc7p5t_INVBUF_RVT_TT_nldm_211120     0.058320       1     0.058320
INVx1_ASAP7_75t_R  asap7sc7p5t_INVBUF_RVT_TT_nldm_211120     0.043740      31     1.355940
INVx2_ASAP7_75t_R  asap7sc7p5t_INVBUF_RVT_TT_nldm_211120     0.058320       2     0.116640
INVxp33_ASAP7_75t_R asap7sc7p5t_INVBUF_RVT_TT_nldm_211120     0.043740       6     0.262440
NAND2x1_ASAP7_75t_R asap7sc7p5t_SIMPLE_RVT_TT_nldm_211120     0.087480       1     0.087480
NAND2xp5_ASAP7_75t_R asap7sc7p5t_SIMPLE_RVT_TT_nldm_211120     0.058320      28     1.632960
NAND2xp33_ASAP7_75t_R asap7sc7p5t_SIMPLE_RVT_TT_nldm_211120     0.058320       3     0.174960
NOR2x1_ASAP7_75t_R asap7sc7p5t_SIMPLE_RVT_TT_nldm_211120     0.087480       3     0.262440
NOR2xp33_ASAP7_75t_R asap7sc7p5t_SIMPLE_RVT_TT_nldm_211120     0.058320       3     0.174960
O2A1O1Ixp5_ASAP7_75t_R asap7sc7p5t_OA_RVT_TT_nldm_211120     0.116640       1     0.116640
OA21x2_ASAP7_75t_R asap7sc7p5t_OA_RVT_TT_nldm_211120     0.102060       3     0.306180
OAI21x1_ASAP7_75t_R asap7sc7p5t_OA_RVT_TT_nldm_211120     0.116640       2     0.233280
OAI21xp5_ASAP7_75t_R asap7sc7p5t_OA_RVT_TT_nldm_211120     0.072900       1     0.072900
OAI21xp33_ASAP7_75t_R asap7sc7p5t_OA_RVT_TT_nldm_211120     0.072900       3     0.218700
OR2x2_ASAP7_75t_R  asap7sc7p5t_SIMPLE_RVT_TT_nldm_211120     0.087480       2     0.174960
XNOR2xp5_ASAP7_75t_R asap7sc7p5t_SIMPLE_RVT_TT_nldm_211120     0.131220       6     0.787320
XOR2x2_ASAP7_75t_R asap7sc7p5t_SIMPLE_RVT_TT_nldm_211120     0.160380       1     0.160380
XOR2xp5_ASAP7_75t_R asap7sc7p5t_SIMPLE_RVT_TT_nldm_211120     0.131220       8     1.049760
-----------------------------------------------------------------------------
Total 27 references                                     8.529300

****************************************
Design: fp16_add_piped_NUM_PIPE2_9 
****************************************
Reference          Library       Unit Area   Count    Total Area   Attributes
-----------------------------------------------------------------------------
A2O1A1Ixp33_ASAP7_75t_R asap7sc7p5t_AO_RVT_TT_nldm_211120     0.087480      17     1.487160
A2O1A1O1Ixp25_ASAP7_75t_R asap7sc7p5t_AO_RVT_TT_nldm_211120     0.131220       1     0.131220
AND2x2_ASAP7_75t_R asap7sc7p5t_SIMPLE_RVT_TT_nldm_211120     0.087480      12     1.049760
AND2x4_ASAP7_75t_R asap7sc7p5t_SIMPLE_RVT_TT_nldm_211120     0.145800       1     0.145800
AND3x1_ASAP7_75t_R asap7sc7p5t_SIMPLE_RVT_TT_nldm_211120     0.087480       5     0.437400
AND3x2_ASAP7_75t_R asap7sc7p5t_SIMPLE_RVT_TT_nldm_211120     0.102060       1     0.102060
AND4x1_ASAP7_75t_R asap7sc7p5t_SIMPLE_RVT_TT_nldm_211120     0.102060       4     0.408240
AND4x2_ASAP7_75t_R asap7sc7p5t_SIMPLE_RVT_TT_nldm_211120     0.116640       1     0.116640
AND5x1_ASAP7_75t_R asap7sc7p5t_SIMPLE_RVT_TT_nldm_211120     0.116640       1     0.116640
AO21x1_ASAP7_75t_R asap7sc7p5t_AO_RVT_TT_nldm_211120     0.087480       2     0.174960
AOI21xp5_ASAP7_75t_R asap7sc7p5t_AO_RVT_TT_nldm_211120     0.072900       2     0.145800
AOI21xp33_ASAP7_75t_R asap7sc7p5t_AO_RVT_TT_nldm_211120     0.072900       9     0.656100
AOI22x1_ASAP7_75t_R asap7sc7p5t_AO_RVT_TT_nldm_211120     0.145800       2     0.291600
AOI22xp5_ASAP7_75t_R asap7sc7p5t_AO_RVT_TT_nldm_211120     0.087480       2     0.174960
AOI22xp33_ASAP7_75t_R asap7sc7p5t_AO_RVT_TT_nldm_211120     0.087480      20     1.749600
AOI31xp33_ASAP7_75t_R asap7sc7p5t_AO_RVT_TT_nldm_211120     0.087480       4     0.349920
AOI31xp67_ASAP7_75t_R asap7sc7p5t_AO_RVT_TT_nldm_211120     0.189540       1     0.189540
AOI32xp33_ASAP7_75t_R asap7sc7p5t_AO_RVT_TT_nldm_211120     0.102060       1     0.102060
AOI211xp5_ASAP7_75t_R asap7sc7p5t_AO_RVT_TT_nldm_211120     0.087480       3     0.262440
AOI221xp5_ASAP7_75t_R asap7sc7p5t_AO_RVT_TT_nldm_211120     0.102060       7     0.714420
AOI222xp33_ASAP7_75t_R asap7sc7p5t_AO_RVT_TT_nldm_211120     0.145800       2     0.291600
AOI321xp33_ASAP7_75t_R asap7sc7p5t_AO_RVT_TT_nldm_211120     0.116640       1     0.116640
BUFx3_ASAP7_75t_R  asap7sc7p5t_INVBUF_RVT_TT_nldm_211120     0.087480       3     0.262440
BUFx6f_ASAP7_75t_R asap7sc7p5t_INVBUF_RVT_TT_nldm_211120     0.145800       1     0.145800
DFFASRHQNx1_ASAP7_75t_R asap7sc7p5t_SEQ_RVT_TT_nldm_220123     0.379080       2     0.758160 n
DFFHQNx1_ASAP7_75t_R asap7sc7p5t_SEQ_RVT_TT_nldm_220123     0.291600      23     6.706800 n
DFFHQx4_ASAP7_75t_R asap7sc7p5t_SEQ_RVT_TT_nldm_220123     0.364500       7     2.551500 n
FAx1_ASAP7_75t_R   asap7sc7p5t_SIMPLE_RVT_TT_nldm_211120     0.204120       3     0.612360 r
HB1xp67_ASAP7_75t_R asap7sc7p5t_INVBUF_RVT_TT_nldm_211120     0.058320       2     0.116640
INVx1_ASAP7_75t_R  asap7sc7p5t_INVBUF_RVT_TT_nldm_211120     0.043740     155     6.779700
INVx2_ASAP7_75t_R  asap7sc7p5t_INVBUF_RVT_TT_nldm_211120     0.058320      26     1.516320
INVx3_ASAP7_75t_R  asap7sc7p5t_INVBUF_RVT_TT_nldm_211120     0.072900       2     0.145800
INVx4_ASAP7_75t_R  asap7sc7p5t_INVBUF_RVT_TT_nldm_211120     0.087480       3     0.262440
INVx13_ASAP7_75t_R asap7sc7p5t_INVBUF_RVT_TT_nldm_211120     0.218700       1     0.218700
INVxp33_ASAP7_75t_R asap7sc7p5t_INVBUF_RVT_TT_nldm_211120     0.043740      14     0.612360
INVxp67_ASAP7_75t_R asap7sc7p5t_INVBUF_RVT_TT_nldm_211120     0.043740      12     0.524880
NAND2x1_ASAP7_75t_R asap7sc7p5t_SIMPLE_RVT_TT_nldm_211120     0.087480       7     0.612360
NAND2x1p5_ASAP7_75t_R asap7sc7p5t_SIMPLE_RVT_TT_nldm_211120     0.116640       9     1.049760
NAND2x2_ASAP7_75t_R asap7sc7p5t_SIMPLE_RVT_TT_nldm_211120     0.145800       2     0.291600
NAND2xp5_ASAP7_75t_R asap7sc7p5t_SIMPLE_RVT_TT_nldm_211120     0.058320      79     4.607280
NAND2xp33_ASAP7_75t_R asap7sc7p5t_SIMPLE_RVT_TT_nldm_211120     0.058320      15     0.874800
NAND3x1_ASAP7_75t_R asap7sc7p5t_SIMPLE_RVT_TT_nldm_211120     0.160380       1     0.160380
NAND3xp33_ASAP7_75t_R asap7sc7p5t_SIMPLE_RVT_TT_nldm_211120     0.072900      12     0.874800
NAND4xp25_ASAP7_75t_R asap7sc7p5t_SIMPLE_RVT_TT_nldm_211120     0.087480       4     0.349920
NAND4xp75_ASAP7_75t_R asap7sc7p5t_SIMPLE_RVT_TT_nldm_211120     0.204120       3     0.612360
NAND5xp2_ASAP7_75t_R asap7sc7p5t_SIMPLE_RVT_TT_nldm_211120     0.102060       2     0.204120
NOR2x1_ASAP7_75t_R asap7sc7p5t_SIMPLE_RVT_TT_nldm_211120     0.087480       3     0.262440
NOR2x1p5_ASAP7_75t_R asap7sc7p5t_SIMPLE_RVT_TT_nldm_211120     0.116640       1     0.116640
NOR2xp33_ASAP7_75t_R asap7sc7p5t_SIMPLE_RVT_TT_nldm_211120     0.058320      21     1.224720
NOR2xp67_ASAP7_75t_R asap7sc7p5t_SIMPLE_RVT_TT_nldm_211120     0.087480       1     0.087480
NOR5xp2_ASAP7_75t_R asap7sc7p5t_SIMPLE_RVT_TT_nldm_211120     0.102060       4     0.408240
O2A1O1Ixp33_ASAP7_75t_R asap7sc7p5t_OA_RVT_TT_nldm_211120     0.087480       3     0.262440
OA21x2_ASAP7_75t_R asap7sc7p5t_OA_RVT_TT_nldm_211120     0.102060       3     0.306180
OA22x2_ASAP7_75t_R asap7sc7p5t_OA_RVT_TT_nldm_211120     0.145800       2     0.291600
OA222x2_ASAP7_75t_R asap7sc7p5t_OA_RVT_TT_nldm_211120     0.174960       1     0.174960
OAI21x1_ASAP7_75t_R asap7sc7p5t_OA_RVT_TT_nldm_211120     0.116640       6     0.699840
OAI21xp5_ASAP7_75t_R asap7sc7p5t_OA_RVT_TT_nldm_211120     0.072900      15     1.093500
OAI21xp33_ASAP7_75t_R asap7sc7p5t_OA_RVT_TT_nldm_211120     0.072900      18     1.312200
OAI22x1_ASAP7_75t_R asap7sc7p5t_OA_RVT_TT_nldm_211120     0.145800       3     0.437400
OAI22xp5_ASAP7_75t_R asap7sc7p5t_OA_RVT_TT_nldm_211120     0.087480      44     3.849120
OAI22xp33_ASAP7_75t_R asap7sc7p5t_OA_RVT_TT_nldm_211120     0.087480      11     0.962280
OAI31xp33_ASAP7_75t_R asap7sc7p5t_OA_RVT_TT_nldm_211120     0.087480       1     0.087480
OAI31xp67_ASAP7_75t_R asap7sc7p5t_OA_RVT_TT_nldm_211120     0.189540       2     0.379080
OAI211xp5_ASAP7_75t_R asap7sc7p5t_OA_RVT_TT_nldm_211120     0.087480       5     0.437400
OAI221xp5_ASAP7_75t_R asap7sc7p5t_OA_RVT_TT_nldm_211120     0.102060      10     1.020600
OAI222xp33_ASAP7_75t_R asap7sc7p5t_OA_RVT_TT_nldm_211120     0.145800       3     0.437400
OAI311xp33_ASAP7_75t_R asap7sc7p5t_OA_RVT_TT_nldm_211120     0.102060       4     0.408240
OAI321xp33_ASAP7_75t_R asap7sc7p5t_OA_RVT_TT_nldm_211120     0.116640       2     0.233280
OAI331xp33_ASAP7_75t_R asap7sc7p5t_OA_RVT_TT_nldm_211120     0.131220       2     0.262440
OR2x2_ASAP7_75t_R  asap7sc7p5t_SIMPLE_RVT_TT_nldm_211120     0.087480       2     0.174960
OR4x2_ASAP7_75t_R  asap7sc7p5t_SIMPLE_RVT_TT_nldm_211120     0.116640       1     0.116640
SDFHx2_ASAP7_75t_R asap7sc7p5t_SEQ_RVT_TT_nldm_220123     0.379080       1     0.379080 n
SDFHx4_ASAP7_75t_R asap7sc7p5t_SEQ_RVT_TT_nldm_220123     0.451980       1     0.451980 n
TIEHIx1_ASAP7_75t_R asap7sc7p5t_SIMPLE_RVT_TT_nldm_211120     0.043740       1     0.043740
TIELOx1_ASAP7_75t_R asap7sc7p5t_SIMPLE_RVT_TT_nldm_211120     0.043740       1     0.043740
XNOR2x2_ASAP7_75t_R asap7sc7p5t_SIMPLE_RVT_TT_nldm_211120     0.160380       1     0.160380
XNOR2xp5_ASAP7_75t_R asap7sc7p5t_SIMPLE_RVT_TT_nldm_211120     0.131220       2     0.262440
XOR2x2_ASAP7_75t_R asap7sc7p5t_SIMPLE_RVT_TT_nldm_211120     0.160380       4     0.641520
XOR2xp5_ASAP7_75t_R asap7sc7p5t_SIMPLE_RVT_TT_nldm_211120     0.131220       2     0.262440
fp16_add_piped_NUM_PIPE2_9_DW01_add_2     7.464960       1     7.464960 h
fp16_add_piped_NUM_PIPE2_9_DW01_sub_6     8.704260       1     8.704260 h
-----------------------------------------------------------------------------
Total 81 references                                    73.526940

****************************************
Design: fp16_add_piped_NUM_PIPE2_9_DW01_add_2 
****************************************
Reference          Library       Unit Area   Count    Total Area   Attributes
-----------------------------------------------------------------------------
A2O1A1Ixp33_ASAP7_75t_R asap7sc7p5t_AO_RVT_TT_nldm_211120     0.087480       2     0.174960
AND2x2_ASAP7_75t_R asap7sc7p5t_SIMPLE_RVT_TT_nldm_211120     0.087480       4     0.349920
AOI21x1_ASAP7_75t_R asap7sc7p5t_AO_RVT_TT_nldm_211120     0.116640       2     0.233280
AOI21xp5_ASAP7_75t_R asap7sc7p5t_AO_RVT_TT_nldm_211120     0.072900       1     0.072900
AOI21xp33_ASAP7_75t_R asap7sc7p5t_AO_RVT_TT_nldm_211120     0.072900       5     0.364500
AOI22xp33_ASAP7_75t_R asap7sc7p5t_AO_RVT_TT_nldm_211120     0.087480       1     0.087480
FAx1_ASAP7_75t_R   asap7sc7p5t_SIMPLE_RVT_TT_nldm_211120     0.204120       1     0.204120 r
INVx1_ASAP7_75t_R  asap7sc7p5t_INVBUF_RVT_TT_nldm_211120     0.043740      21     0.918540
INVxp33_ASAP7_75t_R asap7sc7p5t_INVBUF_RVT_TT_nldm_211120     0.043740       1     0.043740
INVxp67_ASAP7_75t_R asap7sc7p5t_INVBUF_RVT_TT_nldm_211120     0.043740       1     0.043740
NAND2x1p5_ASAP7_75t_R asap7sc7p5t_SIMPLE_RVT_TT_nldm_211120     0.116640       1     0.116640
NAND2xp5_ASAP7_75t_R asap7sc7p5t_SIMPLE_RVT_TT_nldm_211120     0.058320      24     1.399680
NAND2xp33_ASAP7_75t_R asap7sc7p5t_SIMPLE_RVT_TT_nldm_211120     0.058320       1     0.058320
NAND3xp33_ASAP7_75t_R asap7sc7p5t_SIMPLE_RVT_TT_nldm_211120     0.072900       2     0.145800
NOR2x1_ASAP7_75t_R asap7sc7p5t_SIMPLE_RVT_TT_nldm_211120     0.087480       5     0.437400
NOR2xp33_ASAP7_75t_R asap7sc7p5t_SIMPLE_RVT_TT_nldm_211120     0.058320       4     0.233280
OAI21x1_ASAP7_75t_R asap7sc7p5t_OA_RVT_TT_nldm_211120     0.116640       1     0.116640
OAI21xp5_ASAP7_75t_R asap7sc7p5t_OA_RVT_TT_nldm_211120     0.072900       4     0.291600
OAI21xp33_ASAP7_75t_R asap7sc7p5t_OA_RVT_TT_nldm_211120     0.072900       1     0.072900
OR2x2_ASAP7_75t_R  asap7sc7p5t_SIMPLE_RVT_TT_nldm_211120     0.087480       9     0.787320
XNOR2xp5_ASAP7_75t_R asap7sc7p5t_SIMPLE_RVT_TT_nldm_211120     0.131220       8     1.049760
XOR2xp5_ASAP7_75t_R asap7sc7p5t_SIMPLE_RVT_TT_nldm_211120     0.131220       2     0.262440
-----------------------------------------------------------------------------
Total 22 references                                     7.464960

****************************************
Design: fp16_add_piped_NUM_PIPE2_9_DW01_sub_6 
****************************************
Reference          Library       Unit Area   Count    Total Area   Attributes
-----------------------------------------------------------------------------
AND2x2_ASAP7_75t_R asap7sc7p5t_SIMPLE_RVT_TT_nldm_211120     0.087480       5     0.437400
AO21x1_ASAP7_75t_R asap7sc7p5t_AO_RVT_TT_nldm_211120     0.087480       2     0.174960
AO211x2_ASAP7_75t_R asap7sc7p5t_AO_RVT_TT_nldm_211120     0.233280       1     0.233280
AOI21x1_ASAP7_75t_R asap7sc7p5t_AO_RVT_TT_nldm_211120     0.116640       1     0.116640
AOI21xp5_ASAP7_75t_R asap7sc7p5t_AO_RVT_TT_nldm_211120     0.072900       1     0.072900
AOI21xp33_ASAP7_75t_R asap7sc7p5t_AO_RVT_TT_nldm_211120     0.072900       2     0.145800
AOI22xp33_ASAP7_75t_R asap7sc7p5t_AO_RVT_TT_nldm_211120     0.087480       1     0.087480
AOI221xp5_ASAP7_75t_R asap7sc7p5t_AO_RVT_TT_nldm_211120     0.102060       1     0.102060
INVx1_ASAP7_75t_R  asap7sc7p5t_INVBUF_RVT_TT_nldm_211120     0.043740      35     1.530900
INVx2_ASAP7_75t_R  asap7sc7p5t_INVBUF_RVT_TT_nldm_211120     0.058320       3     0.174960
INVxp33_ASAP7_75t_R asap7sc7p5t_INVBUF_RVT_TT_nldm_211120     0.043740       2     0.087480
INVxp67_ASAP7_75t_R asap7sc7p5t_INVBUF_RVT_TT_nldm_211120     0.043740       2     0.087480
NAND2xp5_ASAP7_75t_R asap7sc7p5t_SIMPLE_RVT_TT_nldm_211120     0.058320      30     1.749600
NAND2xp33_ASAP7_75t_R asap7sc7p5t_SIMPLE_RVT_TT_nldm_211120     0.058320       2     0.116640
NOR2x1_ASAP7_75t_R asap7sc7p5t_SIMPLE_RVT_TT_nldm_211120     0.087480       3     0.262440
NOR2xp33_ASAP7_75t_R asap7sc7p5t_SIMPLE_RVT_TT_nldm_211120     0.058320       3     0.174960
NOR2xp67_ASAP7_75t_R asap7sc7p5t_SIMPLE_RVT_TT_nldm_211120     0.087480       1     0.087480
O2A1O1Ixp33_ASAP7_75t_R asap7sc7p5t_OA_RVT_TT_nldm_211120     0.087480       1     0.087480
OA21x2_ASAP7_75t_R asap7sc7p5t_OA_RVT_TT_nldm_211120     0.102060       3     0.306180
OAI21x1_ASAP7_75t_R asap7sc7p5t_OA_RVT_TT_nldm_211120     0.116640       3     0.349920
OAI21xp5_ASAP7_75t_R asap7sc7p5t_OA_RVT_TT_nldm_211120     0.072900       1     0.072900
OAI21xp33_ASAP7_75t_R asap7sc7p5t_OA_RVT_TT_nldm_211120     0.072900       2     0.145800
OR2x2_ASAP7_75t_R  asap7sc7p5t_SIMPLE_RVT_TT_nldm_211120     0.087480       1     0.087480
XNOR2x1_ASAP7_75t_R asap7sc7p5t_SIMPLE_RVT_TT_nldm_211120     0.174960       1     0.174960
XNOR2xp5_ASAP7_75t_R asap7sc7p5t_SIMPLE_RVT_TT_nldm_211120     0.131220       5     0.656100
XOR2xp5_ASAP7_75t_R asap7sc7p5t_SIMPLE_RVT_TT_nldm_211120     0.131220       9     1.180980
-----------------------------------------------------------------------------
Total 26 references                                     8.704260

****************************************
Design: fp16_add_piped_NUM_PIPE2_10 
****************************************
Reference          Library       Unit Area   Count    Total Area   Attributes
-----------------------------------------------------------------------------
A2O1A1Ixp33_ASAP7_75t_R asap7sc7p5t_AO_RVT_TT_nldm_211120     0.087480      22     1.924560
A2O1A1O1Ixp25_ASAP7_75t_R asap7sc7p5t_AO_RVT_TT_nldm_211120     0.131220       2     0.262440
AND2x2_ASAP7_75t_R asap7sc7p5t_SIMPLE_RVT_TT_nldm_211120     0.087480      17     1.487160
AND2x4_ASAP7_75t_R asap7sc7p5t_SIMPLE_RVT_TT_nldm_211120     0.145800       1     0.145800
AND3x1_ASAP7_75t_R asap7sc7p5t_SIMPLE_RVT_TT_nldm_211120     0.087480       3     0.262440
AND3x2_ASAP7_75t_R asap7sc7p5t_SIMPLE_RVT_TT_nldm_211120     0.102060       1     0.102060
AND4x1_ASAP7_75t_R asap7sc7p5t_SIMPLE_RVT_TT_nldm_211120     0.102060       2     0.204120
AO21x1_ASAP7_75t_R asap7sc7p5t_AO_RVT_TT_nldm_211120     0.087480       1     0.087480
AO21x2_ASAP7_75t_R asap7sc7p5t_AO_RVT_TT_nldm_211120     0.102060       1     0.102060
AOI21xp5_ASAP7_75t_R asap7sc7p5t_AO_RVT_TT_nldm_211120     0.072900       3     0.218700
AOI21xp33_ASAP7_75t_R asap7sc7p5t_AO_RVT_TT_nldm_211120     0.072900       8     0.583200
AOI22x1_ASAP7_75t_R asap7sc7p5t_AO_RVT_TT_nldm_211120     0.145800       1     0.145800
AOI22xp5_ASAP7_75t_R asap7sc7p5t_AO_RVT_TT_nldm_211120     0.087480       6     0.524880
AOI22xp33_ASAP7_75t_R asap7sc7p5t_AO_RVT_TT_nldm_211120     0.087480      27     2.361960
AOI31xp33_ASAP7_75t_R asap7sc7p5t_AO_RVT_TT_nldm_211120     0.087480       2     0.174960
AOI31xp67_ASAP7_75t_R asap7sc7p5t_AO_RVT_TT_nldm_211120     0.189540       2     0.379080
AOI33xp33_ASAP7_75t_R asap7sc7p5t_AO_RVT_TT_nldm_211120     0.116640       1     0.116640
AOI211x1_ASAP7_75t_R asap7sc7p5t_AO_RVT_TT_nldm_211120     0.174960       1     0.174960
AOI211xp5_ASAP7_75t_R asap7sc7p5t_AO_RVT_TT_nldm_211120     0.087480       1     0.087480
AOI221xp5_ASAP7_75t_R asap7sc7p5t_AO_RVT_TT_nldm_211120     0.102060       5     0.510300
AOI222xp33_ASAP7_75t_R asap7sc7p5t_AO_RVT_TT_nldm_211120     0.145800       2     0.291600
AOI311xp33_ASAP7_75t_R asap7sc7p5t_AO_RVT_TT_nldm_211120     0.102060       1     0.102060
AOI321xp33_ASAP7_75t_R asap7sc7p5t_AO_RVT_TT_nldm_211120     0.116640       1     0.116640
BUFx2_ASAP7_75t_R  asap7sc7p5t_INVBUF_RVT_TT_nldm_211120     0.072900       1     0.072900
BUFx3_ASAP7_75t_R  asap7sc7p5t_INVBUF_RVT_TT_nldm_211120     0.087480       3     0.262440
DFFASRHQNx1_ASAP7_75t_R asap7sc7p5t_SEQ_RVT_TT_nldm_220123     0.379080       2     0.758160 n
DFFHQNx1_ASAP7_75t_R asap7sc7p5t_SEQ_RVT_TT_nldm_220123     0.291600      23     6.706800 n
DFFHQx4_ASAP7_75t_R asap7sc7p5t_SEQ_RVT_TT_nldm_220123     0.364500       7     2.551500 n
FAx1_ASAP7_75t_R   asap7sc7p5t_SIMPLE_RVT_TT_nldm_211120     0.204120       3     0.612360 r
HB1xp67_ASAP7_75t_R asap7sc7p5t_INVBUF_RVT_TT_nldm_211120     0.058320       3     0.174960
INVx1_ASAP7_75t_R  asap7sc7p5t_INVBUF_RVT_TT_nldm_211120     0.043740     160     6.998400
INVx2_ASAP7_75t_R  asap7sc7p5t_INVBUF_RVT_TT_nldm_211120     0.058320      23     1.341360
INVx3_ASAP7_75t_R  asap7sc7p5t_INVBUF_RVT_TT_nldm_211120     0.072900       4     0.291600
INVx4_ASAP7_75t_R  asap7sc7p5t_INVBUF_RVT_TT_nldm_211120     0.087480       2     0.174960
INVxp33_ASAP7_75t_R asap7sc7p5t_INVBUF_RVT_TT_nldm_211120     0.043740       9     0.393660
INVxp67_ASAP7_75t_R asap7sc7p5t_INVBUF_RVT_TT_nldm_211120     0.043740      12     0.524880
NAND2x1_ASAP7_75t_R asap7sc7p5t_SIMPLE_RVT_TT_nldm_211120     0.087480       4     0.349920
NAND2x1p5_ASAP7_75t_R asap7sc7p5t_SIMPLE_RVT_TT_nldm_211120     0.116640       1     0.116640
NAND2x2_ASAP7_75t_R asap7sc7p5t_SIMPLE_RVT_TT_nldm_211120     0.145800       2     0.291600
NAND2xp5_ASAP7_75t_R asap7sc7p5t_SIMPLE_RVT_TT_nldm_211120     0.058320     102     5.948640
NAND2xp33_ASAP7_75t_R asap7sc7p5t_SIMPLE_RVT_TT_nldm_211120     0.058320       9     0.524880
NAND3x1_ASAP7_75t_R asap7sc7p5t_SIMPLE_RVT_TT_nldm_211120     0.160380       1     0.160380
NAND3xp33_ASAP7_75t_R asap7sc7p5t_SIMPLE_RVT_TT_nldm_211120     0.072900      18     1.312200
NAND4xp25_ASAP7_75t_R asap7sc7p5t_SIMPLE_RVT_TT_nldm_211120     0.087480       1     0.087480
NAND4xp75_ASAP7_75t_R asap7sc7p5t_SIMPLE_RVT_TT_nldm_211120     0.204120       2     0.408240
NAND5xp2_ASAP7_75t_R asap7sc7p5t_SIMPLE_RVT_TT_nldm_211120     0.102060       4     0.408240
NOR2x1_ASAP7_75t_R asap7sc7p5t_SIMPLE_RVT_TT_nldm_211120     0.087480       1     0.087480
NOR2xp33_ASAP7_75t_R asap7sc7p5t_SIMPLE_RVT_TT_nldm_211120     0.058320      19     1.108080
NOR3xp33_ASAP7_75t_R asap7sc7p5t_SIMPLE_RVT_TT_nldm_211120     0.072900       1     0.072900
NOR4xp25_ASAP7_75t_R asap7sc7p5t_SIMPLE_RVT_TT_nldm_211120     0.087480       1     0.087480
NOR5xp2_ASAP7_75t_R asap7sc7p5t_SIMPLE_RVT_TT_nldm_211120     0.102060       4     0.408240
O2A1O1Ixp33_ASAP7_75t_R asap7sc7p5t_OA_RVT_TT_nldm_211120     0.087480       2     0.174960
OA21x2_ASAP7_75t_R asap7sc7p5t_OA_RVT_TT_nldm_211120     0.102060       3     0.306180
OA222x2_ASAP7_75t_R asap7sc7p5t_OA_RVT_TT_nldm_211120     0.174960       1     0.174960
OAI21x1_ASAP7_75t_R asap7sc7p5t_OA_RVT_TT_nldm_211120     0.116640       3     0.349920
OAI21xp5_ASAP7_75t_R asap7sc7p5t_OA_RVT_TT_nldm_211120     0.072900      17     1.239300
OAI21xp33_ASAP7_75t_R asap7sc7p5t_OA_RVT_TT_nldm_211120     0.072900      16     1.166400
OAI22x1_ASAP7_75t_R asap7sc7p5t_OA_RVT_TT_nldm_211120     0.145800       2     0.291600
OAI22xp5_ASAP7_75t_R asap7sc7p5t_OA_RVT_TT_nldm_211120     0.087480      40     3.499200
OAI22xp33_ASAP7_75t_R asap7sc7p5t_OA_RVT_TT_nldm_211120     0.087480      14     1.224720
OAI31xp67_ASAP7_75t_R asap7sc7p5t_OA_RVT_TT_nldm_211120     0.189540       3     0.568620
OAI32xp33_ASAP7_75t_R asap7sc7p5t_OA_RVT_TT_nldm_211120     0.102060       2     0.204120
OAI211xp5_ASAP7_75t_R asap7sc7p5t_OA_RVT_TT_nldm_211120     0.087480       6     0.524880
OAI221xp5_ASAP7_75t_R asap7sc7p5t_OA_RVT_TT_nldm_211120     0.102060       6     0.612360
OAI222xp33_ASAP7_75t_R asap7sc7p5t_OA_RVT_TT_nldm_211120     0.145800       2     0.291600
OAI311xp33_ASAP7_75t_R asap7sc7p5t_OA_RVT_TT_nldm_211120     0.102060       3     0.306180
OAI331xp33_ASAP7_75t_R asap7sc7p5t_OA_RVT_TT_nldm_211120     0.131220       2     0.262440
OR2x4_ASAP7_75t_R  asap7sc7p5t_SIMPLE_RVT_TT_nldm_211120     0.116640       1     0.116640
OR4x2_ASAP7_75t_R  asap7sc7p5t_SIMPLE_RVT_TT_nldm_211120     0.116640       1     0.116640
SDFHx3_ASAP7_75t_R asap7sc7p5t_SEQ_RVT_TT_nldm_220123     0.393660       1     0.393660 n
SDFHx4_ASAP7_75t_R asap7sc7p5t_SEQ_RVT_TT_nldm_220123     0.451980       1     0.451980 n
TIEHIx1_ASAP7_75t_R asap7sc7p5t_SIMPLE_RVT_TT_nldm_211120     0.043740       1     0.043740
TIELOx1_ASAP7_75t_R asap7sc7p5t_SIMPLE_RVT_TT_nldm_211120     0.043740       1     0.043740
XNOR2x2_ASAP7_75t_R asap7sc7p5t_SIMPLE_RVT_TT_nldm_211120     0.160380       1     0.160380
XNOR2xp5_ASAP7_75t_R asap7sc7p5t_SIMPLE_RVT_TT_nldm_211120     0.131220       1     0.131220
XOR2x2_ASAP7_75t_R asap7sc7p5t_SIMPLE_RVT_TT_nldm_211120     0.160380       2     0.320760
XOR2xp5_ASAP7_75t_R asap7sc7p5t_SIMPLE_RVT_TT_nldm_211120     0.131220       4     0.524880
fp16_add_piped_NUM_PIPE2_10_DW01_add_2     7.479540       1     7.479540 h
fp16_add_piped_NUM_PIPE2_10_DW01_sub_6     8.252280       1     8.252280 h
-----------------------------------------------------------------------------
Total 79 references                                    71.835660

****************************************
Design: fp16_add_piped_NUM_PIPE2_10_DW01_add_2 
****************************************
Reference          Library       Unit Area   Count    Total Area   Attributes
-----------------------------------------------------------------------------
A2O1A1Ixp33_ASAP7_75t_R asap7sc7p5t_AO_RVT_TT_nldm_211120     0.087480       2     0.174960
AND2x2_ASAP7_75t_R asap7sc7p5t_SIMPLE_RVT_TT_nldm_211120     0.087480       4     0.349920
AOI21x1_ASAP7_75t_R asap7sc7p5t_AO_RVT_TT_nldm_211120     0.116640       2     0.233280
AOI21xp5_ASAP7_75t_R asap7sc7p5t_AO_RVT_TT_nldm_211120     0.072900       2     0.145800
AOI21xp33_ASAP7_75t_R asap7sc7p5t_AO_RVT_TT_nldm_211120     0.072900       4     0.291600
AOI22xp33_ASAP7_75t_R asap7sc7p5t_AO_RVT_TT_nldm_211120     0.087480       1     0.087480
FAx1_ASAP7_75t_R   asap7sc7p5t_SIMPLE_RVT_TT_nldm_211120     0.204120       1     0.204120 r
INVx1_ASAP7_75t_R  asap7sc7p5t_INVBUF_RVT_TT_nldm_211120     0.043740      17     0.743580
INVx2_ASAP7_75t_R  asap7sc7p5t_INVBUF_RVT_TT_nldm_211120     0.058320       1     0.058320
INVxp33_ASAP7_75t_R asap7sc7p5t_INVBUF_RVT_TT_nldm_211120     0.043740       5     0.218700
INVxp67_ASAP7_75t_R asap7sc7p5t_INVBUF_RVT_TT_nldm_211120     0.043740       2     0.087480
NAND2x1p5_ASAP7_75t_R asap7sc7p5t_SIMPLE_RVT_TT_nldm_211120     0.116640       1     0.116640
NAND2xp5_ASAP7_75t_R asap7sc7p5t_SIMPLE_RVT_TT_nldm_211120     0.058320      19     1.108080
NAND2xp33_ASAP7_75t_R asap7sc7p5t_SIMPLE_RVT_TT_nldm_211120     0.058320       5     0.291600
NAND3xp33_ASAP7_75t_R asap7sc7p5t_SIMPLE_RVT_TT_nldm_211120     0.072900       2     0.145800
NOR2x1_ASAP7_75t_R asap7sc7p5t_SIMPLE_RVT_TT_nldm_211120     0.087480       4     0.349920
NOR2xp33_ASAP7_75t_R asap7sc7p5t_SIMPLE_RVT_TT_nldm_211120     0.058320       5     0.291600
OAI21x1_ASAP7_75t_R asap7sc7p5t_OA_RVT_TT_nldm_211120     0.116640       1     0.116640
OAI21xp5_ASAP7_75t_R asap7sc7p5t_OA_RVT_TT_nldm_211120     0.072900       3     0.218700
OAI21xp33_ASAP7_75t_R asap7sc7p5t_OA_RVT_TT_nldm_211120     0.072900       2     0.145800
OR2x2_ASAP7_75t_R  asap7sc7p5t_SIMPLE_RVT_TT_nldm_211120     0.087480       9     0.787320
XNOR2xp5_ASAP7_75t_R asap7sc7p5t_SIMPLE_RVT_TT_nldm_211120     0.131220       8     1.049760
XOR2xp5_ASAP7_75t_R asap7sc7p5t_SIMPLE_RVT_TT_nldm_211120     0.131220       2     0.262440
-----------------------------------------------------------------------------
Total 23 references                                     7.479540

****************************************
Design: fp16_add_piped_NUM_PIPE2_10_DW01_sub_6 
****************************************
Reference          Library       Unit Area   Count    Total Area   Attributes
-----------------------------------------------------------------------------
AND2x2_ASAP7_75t_R asap7sc7p5t_SIMPLE_RVT_TT_nldm_211120     0.087480       3     0.262440
AO21x2_ASAP7_75t_R asap7sc7p5t_AO_RVT_TT_nldm_211120     0.102060       2     0.204120
AOI21xp5_ASAP7_75t_R asap7sc7p5t_AO_RVT_TT_nldm_211120     0.072900       2     0.145800
AOI21xp33_ASAP7_75t_R asap7sc7p5t_AO_RVT_TT_nldm_211120     0.072900       2     0.145800
AOI22xp33_ASAP7_75t_R asap7sc7p5t_AO_RVT_TT_nldm_211120     0.087480       1     0.087480
AOI211x1_ASAP7_75t_R asap7sc7p5t_AO_RVT_TT_nldm_211120     0.174960       1     0.174960
AOI221x1_ASAP7_75t_R asap7sc7p5t_AO_RVT_TT_nldm_211120     0.204120       1     0.204120
INVx1_ASAP7_75t_R  asap7sc7p5t_INVBUF_RVT_TT_nldm_211120     0.043740      31     1.355940
INVx2_ASAP7_75t_R  asap7sc7p5t_INVBUF_RVT_TT_nldm_211120     0.058320       2     0.116640
INVxp33_ASAP7_75t_R asap7sc7p5t_INVBUF_RVT_TT_nldm_211120     0.043740       3     0.131220
INVxp67_ASAP7_75t_R asap7sc7p5t_INVBUF_RVT_TT_nldm_211120     0.043740       3     0.131220
NAND2xp5_ASAP7_75t_R asap7sc7p5t_SIMPLE_RVT_TT_nldm_211120     0.058320      30     1.749600
NAND2xp33_ASAP7_75t_R asap7sc7p5t_SIMPLE_RVT_TT_nldm_211120     0.058320       2     0.116640
NOR2x1_ASAP7_75t_R asap7sc7p5t_SIMPLE_RVT_TT_nldm_211120     0.087480       3     0.262440
NOR2xp33_ASAP7_75t_R asap7sc7p5t_SIMPLE_RVT_TT_nldm_211120     0.058320       2     0.116640
NOR2xp67_ASAP7_75t_R asap7sc7p5t_SIMPLE_RVT_TT_nldm_211120     0.087480       1     0.087480
O2A1O1Ixp5_ASAP7_75t_R asap7sc7p5t_OA_RVT_TT_nldm_211120     0.116640       1     0.116640
OA21x2_ASAP7_75t_R asap7sc7p5t_OA_RVT_TT_nldm_211120     0.102060       3     0.306180
OAI21x1_ASAP7_75t_R asap7sc7p5t_OA_RVT_TT_nldm_211120     0.116640       1     0.116640
OAI21xp5_ASAP7_75t_R asap7sc7p5t_OA_RVT_TT_nldm_211120     0.072900       3     0.218700
OAI21xp33_ASAP7_75t_R asap7sc7p5t_OA_RVT_TT_nldm_211120     0.072900       2     0.145800
OR2x2_ASAP7_75t_R  asap7sc7p5t_SIMPLE_RVT_TT_nldm_211120     0.087480       1     0.087480
XNOR2xp5_ASAP7_75t_R asap7sc7p5t_SIMPLE_RVT_TT_nldm_211120     0.131220       6     0.787320
XOR2xp5_ASAP7_75t_R asap7sc7p5t_SIMPLE_RVT_TT_nldm_211120     0.131220       9     1.180980
-----------------------------------------------------------------------------
Total 24 references                                     8.252280

****************************************
Design: fp16_add_piped_NUM_PIPE2_11 
****************************************
Reference          Library       Unit Area   Count    Total Area   Attributes
-----------------------------------------------------------------------------
A2O1A1Ixp33_ASAP7_75t_R asap7sc7p5t_AO_RVT_TT_nldm_211120     0.087480      19     1.662120
A2O1A1O1Ixp25_ASAP7_75t_R asap7sc7p5t_AO_RVT_TT_nldm_211120     0.131220       2     0.262440
AND2x2_ASAP7_75t_R asap7sc7p5t_SIMPLE_RVT_TT_nldm_211120     0.087480      11     0.962280
AND2x4_ASAP7_75t_R asap7sc7p5t_SIMPLE_RVT_TT_nldm_211120     0.145800       1     0.145800
AND3x1_ASAP7_75t_R asap7sc7p5t_SIMPLE_RVT_TT_nldm_211120     0.087480       4     0.349920
AND3x4_ASAP7_75t_R asap7sc7p5t_SIMPLE_RVT_TT_nldm_211120     0.204120       1     0.204120
AND4x1_ASAP7_75t_R asap7sc7p5t_SIMPLE_RVT_TT_nldm_211120     0.102060       1     0.102060
AO21x1_ASAP7_75t_R asap7sc7p5t_AO_RVT_TT_nldm_211120     0.087480       1     0.087480
AO31x2_ASAP7_75t_R asap7sc7p5t_AO_RVT_TT_nldm_211120     0.233280       1     0.233280
AOI21xp5_ASAP7_75t_R asap7sc7p5t_AO_RVT_TT_nldm_211120     0.072900       6     0.437400
AOI21xp33_ASAP7_75t_R asap7sc7p5t_AO_RVT_TT_nldm_211120     0.072900       4     0.291600
AOI22x1_ASAP7_75t_R asap7sc7p5t_AO_RVT_TT_nldm_211120     0.145800       1     0.145800
AOI22xp5_ASAP7_75t_R asap7sc7p5t_AO_RVT_TT_nldm_211120     0.087480       6     0.524880
AOI22xp33_ASAP7_75t_R asap7sc7p5t_AO_RVT_TT_nldm_211120     0.087480      16     1.399680
AOI31xp33_ASAP7_75t_R asap7sc7p5t_AO_RVT_TT_nldm_211120     0.087480       3     0.262440
AOI31xp67_ASAP7_75t_R asap7sc7p5t_AO_RVT_TT_nldm_211120     0.189540       2     0.379080
AOI32xp33_ASAP7_75t_R asap7sc7p5t_AO_RVT_TT_nldm_211120     0.102060       1     0.102060
AOI33xp33_ASAP7_75t_R asap7sc7p5t_AO_RVT_TT_nldm_211120     0.116640       1     0.116640
AOI211x1_ASAP7_75t_R asap7sc7p5t_AO_RVT_TT_nldm_211120     0.174960       2     0.349920
AOI211xp5_ASAP7_75t_R asap7sc7p5t_AO_RVT_TT_nldm_211120     0.087480       1     0.087480
AOI221xp5_ASAP7_75t_R asap7sc7p5t_AO_RVT_TT_nldm_211120     0.102060       2     0.204120
AOI222xp33_ASAP7_75t_R asap7sc7p5t_AO_RVT_TT_nldm_211120     0.145800       3     0.437400
AOI311xp33_ASAP7_75t_R asap7sc7p5t_AO_RVT_TT_nldm_211120     0.102060       1     0.102060
AOI321xp33_ASAP7_75t_R asap7sc7p5t_AO_RVT_TT_nldm_211120     0.116640       1     0.116640
BUFx3_ASAP7_75t_R  asap7sc7p5t_INVBUF_RVT_TT_nldm_211120     0.087480       2     0.174960
DFFASRHQNx1_ASAP7_75t_R asap7sc7p5t_SEQ_RVT_TT_nldm_220123     0.379080       2     0.758160 n
DFFHQNx1_ASAP7_75t_R asap7sc7p5t_SEQ_RVT_TT_nldm_220123     0.291600      23     6.706800 n
FAx1_ASAP7_75t_R   asap7sc7p5t_SIMPLE_RVT_TT_nldm_211120     0.204120       3     0.612360 r
HB1xp67_ASAP7_75t_R asap7sc7p5t_INVBUF_RVT_TT_nldm_211120     0.058320       5     0.291600
INVx1_ASAP7_75t_R  asap7sc7p5t_INVBUF_RVT_TT_nldm_211120     0.043740     171     7.479540
INVx2_ASAP7_75t_R  asap7sc7p5t_INVBUF_RVT_TT_nldm_211120     0.058320      26     1.516320
INVx3_ASAP7_75t_R  asap7sc7p5t_INVBUF_RVT_TT_nldm_211120     0.072900       6     0.437400
INVx4_ASAP7_75t_R  asap7sc7p5t_INVBUF_RVT_TT_nldm_211120     0.087480       2     0.174960
INVxp33_ASAP7_75t_R asap7sc7p5t_INVBUF_RVT_TT_nldm_211120     0.043740      16     0.699840
INVxp67_ASAP7_75t_R asap7sc7p5t_INVBUF_RVT_TT_nldm_211120     0.043740      16     0.699840
NAND2x1_ASAP7_75t_R asap7sc7p5t_SIMPLE_RVT_TT_nldm_211120     0.087480       8     0.699840
NAND2x1p5_ASAP7_75t_R asap7sc7p5t_SIMPLE_RVT_TT_nldm_211120     0.116640      11     1.283040
NAND2x2_ASAP7_75t_R asap7sc7p5t_SIMPLE_RVT_TT_nldm_211120     0.145800       3     0.437400
NAND2xp5_ASAP7_75t_R asap7sc7p5t_SIMPLE_RVT_TT_nldm_211120     0.058320      88     5.132160
NAND2xp33_ASAP7_75t_R asap7sc7p5t_SIMPLE_RVT_TT_nldm_211120     0.058320      19     1.108080
NAND2xp67_ASAP7_75t_R asap7sc7p5t_SIMPLE_RVT_TT_nldm_211120     0.087480       1     0.087480
NAND3xp33_ASAP7_75t_R asap7sc7p5t_SIMPLE_RVT_TT_nldm_211120     0.072900      17     1.239300
NAND4xp75_ASAP7_75t_R asap7sc7p5t_SIMPLE_RVT_TT_nldm_211120     0.204120       2     0.408240
NAND5xp2_ASAP7_75t_R asap7sc7p5t_SIMPLE_RVT_TT_nldm_211120     0.102060       3     0.306180
NOR2x1_ASAP7_75t_R asap7sc7p5t_SIMPLE_RVT_TT_nldm_211120     0.087480       2     0.174960
NOR2xp33_ASAP7_75t_R asap7sc7p5t_SIMPLE_RVT_TT_nldm_211120     0.058320      12     0.699840
NOR2xp67_ASAP7_75t_R asap7sc7p5t_SIMPLE_RVT_TT_nldm_211120     0.087480       1     0.087480
NOR3xp33_ASAP7_75t_R asap7sc7p5t_SIMPLE_RVT_TT_nldm_211120     0.072900       1     0.072900
NOR4xp25_ASAP7_75t_R asap7sc7p5t_SIMPLE_RVT_TT_nldm_211120     0.087480       2     0.174960
NOR5xp2_ASAP7_75t_R asap7sc7p5t_SIMPLE_RVT_TT_nldm_211120     0.102060       4     0.408240
O2A1O1Ixp5_ASAP7_75t_R asap7sc7p5t_OA_RVT_TT_nldm_211120     0.116640       1     0.116640
O2A1O1Ixp33_ASAP7_75t_R asap7sc7p5t_OA_RVT_TT_nldm_211120     0.087480       2     0.174960
OA21x2_ASAP7_75t_R asap7sc7p5t_OA_RVT_TT_nldm_211120     0.102060       2     0.204120
OA22x2_ASAP7_75t_R asap7sc7p5t_OA_RVT_TT_nldm_211120     0.145800       1     0.145800
OAI21x1_ASAP7_75t_R asap7sc7p5t_OA_RVT_TT_nldm_211120     0.116640       4     0.466560
OAI21xp5_ASAP7_75t_R asap7sc7p5t_OA_RVT_TT_nldm_211120     0.072900      21     1.530900
OAI21xp33_ASAP7_75t_R asap7sc7p5t_OA_RVT_TT_nldm_211120     0.072900      22     1.603800
OAI22x1_ASAP7_75t_R asap7sc7p5t_OA_RVT_TT_nldm_211120     0.145800       2     0.291600
OAI22xp5_ASAP7_75t_R asap7sc7p5t_OA_RVT_TT_nldm_211120     0.087480      41     3.586680
OAI22xp33_ASAP7_75t_R asap7sc7p5t_OA_RVT_TT_nldm_211120     0.087480      18     1.574640
OAI31xp33_ASAP7_75t_R asap7sc7p5t_OA_RVT_TT_nldm_211120     0.087480       2     0.174960
OAI31xp67_ASAP7_75t_R asap7sc7p5t_OA_RVT_TT_nldm_211120     0.189540       2     0.379080
OAI32xp33_ASAP7_75t_R asap7sc7p5t_OA_RVT_TT_nldm_211120     0.102060       2     0.204120
OAI211xp5_ASAP7_75t_R asap7sc7p5t_OA_RVT_TT_nldm_211120     0.087480       6     0.524880
OAI221xp5_ASAP7_75t_R asap7sc7p5t_OA_RVT_TT_nldm_211120     0.102060       7     0.714420
OAI222xp33_ASAP7_75t_R asap7sc7p5t_OA_RVT_TT_nldm_211120     0.145800       4     0.583200
OAI311xp33_ASAP7_75t_R asap7sc7p5t_OA_RVT_TT_nldm_211120     0.102060       2     0.204120
OAI321xp33_ASAP7_75t_R asap7sc7p5t_OA_RVT_TT_nldm_211120     0.116640       1     0.116640
OAI331xp33_ASAP7_75t_R asap7sc7p5t_OA_RVT_TT_nldm_211120     0.131220       1     0.131220
OAI332xp33_ASAP7_75t_R asap7sc7p5t_OA_RVT_TT_nldm_211120     0.145800       1     0.145800
OR2x2_ASAP7_75t_R  asap7sc7p5t_SIMPLE_RVT_TT_nldm_211120     0.087480       1     0.087480
OR2x4_ASAP7_75t_R  asap7sc7p5t_SIMPLE_RVT_TT_nldm_211120     0.116640       2     0.233280
OR2x6_ASAP7_75t_R  asap7sc7p5t_SIMPLE_RVT_TT_nldm_211120     0.174960       1     0.174960
OR4x2_ASAP7_75t_R  asap7sc7p5t_SIMPLE_RVT_TT_nldm_211120     0.116640       1     0.116640
SDFHx2_ASAP7_75t_R asap7sc7p5t_SEQ_RVT_TT_nldm_220123     0.379080       1     0.379080 n
SDFHx4_ASAP7_75t_R asap7sc7p5t_SEQ_RVT_TT_nldm_220123     0.451980       8     3.615840 n
TIEHIx1_ASAP7_75t_R asap7sc7p5t_SIMPLE_RVT_TT_nldm_211120     0.043740       1     0.043740
TIELOx1_ASAP7_75t_R asap7sc7p5t_SIMPLE_RVT_TT_nldm_211120     0.043740       1     0.043740
XNOR2x1_ASAP7_75t_R asap7sc7p5t_SIMPLE_RVT_TT_nldm_211120     0.174960       1     0.174960
XNOR2x2_ASAP7_75t_R asap7sc7p5t_SIMPLE_RVT_TT_nldm_211120     0.160380       1     0.160380
XNOR2xp5_ASAP7_75t_R asap7sc7p5t_SIMPLE_RVT_TT_nldm_211120     0.131220       1     0.131220
XOR2x2_ASAP7_75t_R asap7sc7p5t_SIMPLE_RVT_TT_nldm_211120     0.160380       3     0.481140
XOR2xp5_ASAP7_75t_R asap7sc7p5t_SIMPLE_RVT_TT_nldm_211120     0.131220       2     0.262440
fp16_add_piped_NUM_PIPE2_11_DW01_add_2     7.435800       1     7.435800 h
fp16_add_piped_NUM_PIPE2_11_DW01_sub_6     8.398080       1     8.398080 h
-----------------------------------------------------------------------------
Total 85 references                                    75.451500

****************************************
Design: fp16_add_piped_NUM_PIPE2_11_DW01_add_2 
****************************************
Reference          Library       Unit Area   Count    Total Area   Attributes
-----------------------------------------------------------------------------
A2O1A1Ixp33_ASAP7_75t_R asap7sc7p5t_AO_RVT_TT_nldm_211120     0.087480       2     0.174960
AND2x2_ASAP7_75t_R asap7sc7p5t_SIMPLE_RVT_TT_nldm_211120     0.087480       4     0.349920
AND2x4_ASAP7_75t_R asap7sc7p5t_SIMPLE_RVT_TT_nldm_211120     0.145800       1     0.145800
AOI21x1_ASAP7_75t_R asap7sc7p5t_AO_RVT_TT_nldm_211120     0.116640       2     0.233280
AOI21xp5_ASAP7_75t_R asap7sc7p5t_AO_RVT_TT_nldm_211120     0.072900       3     0.218700
AOI21xp33_ASAP7_75t_R asap7sc7p5t_AO_RVT_TT_nldm_211120     0.072900       3     0.218700
AOI22xp33_ASAP7_75t_R asap7sc7p5t_AO_RVT_TT_nldm_211120     0.087480       1     0.087480
FAx1_ASAP7_75t_R   asap7sc7p5t_SIMPLE_RVT_TT_nldm_211120     0.204120       1     0.204120 r
INVx1_ASAP7_75t_R  asap7sc7p5t_INVBUF_RVT_TT_nldm_211120     0.043740      16     0.699840
INVxp33_ASAP7_75t_R asap7sc7p5t_INVBUF_RVT_TT_nldm_211120     0.043740       2     0.087480
INVxp67_ASAP7_75t_R asap7sc7p5t_INVBUF_RVT_TT_nldm_211120     0.043740       5     0.218700
NAND2x1_ASAP7_75t_R asap7sc7p5t_SIMPLE_RVT_TT_nldm_211120     0.087480       1     0.087480
NAND2x1p5_ASAP7_75t_R asap7sc7p5t_SIMPLE_RVT_TT_nldm_211120     0.116640       2     0.233280
NAND2xp5_ASAP7_75t_R asap7sc7p5t_SIMPLE_RVT_TT_nldm_211120     0.058320      17     0.991440
NAND2xp33_ASAP7_75t_R asap7sc7p5t_SIMPLE_RVT_TT_nldm_211120     0.058320       5     0.291600
NAND3xp33_ASAP7_75t_R asap7sc7p5t_SIMPLE_RVT_TT_nldm_211120     0.072900       2     0.145800
NOR2xp33_ASAP7_75t_R asap7sc7p5t_SIMPLE_RVT_TT_nldm_211120     0.058320       8     0.466560
OAI21x1_ASAP7_75t_R asap7sc7p5t_OA_RVT_TT_nldm_211120     0.116640       1     0.116640
OAI21xp5_ASAP7_75t_R asap7sc7p5t_OA_RVT_TT_nldm_211120     0.072900       3     0.218700
OAI21xp33_ASAP7_75t_R asap7sc7p5t_OA_RVT_TT_nldm_211120     0.072900       2     0.145800
OR2x2_ASAP7_75t_R  asap7sc7p5t_SIMPLE_RVT_TT_nldm_211120     0.087480       9     0.787320
XNOR2xp5_ASAP7_75t_R asap7sc7p5t_SIMPLE_RVT_TT_nldm_211120     0.131220       8     1.049760
XOR2xp5_ASAP7_75t_R asap7sc7p5t_SIMPLE_RVT_TT_nldm_211120     0.131220       2     0.262440
-----------------------------------------------------------------------------
Total 23 references                                     7.435800

****************************************
Design: fp16_add_piped_NUM_PIPE2_11_DW01_sub_6 
****************************************
Reference          Library       Unit Area   Count    Total Area   Attributes
-----------------------------------------------------------------------------
AND2x2_ASAP7_75t_R asap7sc7p5t_SIMPLE_RVT_TT_nldm_211120     0.087480       4     0.349920
AO21x1_ASAP7_75t_R asap7sc7p5t_AO_RVT_TT_nldm_211120     0.087480       1     0.087480
AO21x2_ASAP7_75t_R asap7sc7p5t_AO_RVT_TT_nldm_211120     0.102060       1     0.102060
AOI21xp5_ASAP7_75t_R asap7sc7p5t_AO_RVT_TT_nldm_211120     0.072900       3     0.218700
AOI21xp33_ASAP7_75t_R asap7sc7p5t_AO_RVT_TT_nldm_211120     0.072900       1     0.072900
AOI22xp33_ASAP7_75t_R asap7sc7p5t_AO_RVT_TT_nldm_211120     0.087480       1     0.087480
AOI211x1_ASAP7_75t_R asap7sc7p5t_AO_RVT_TT_nldm_211120     0.174960       1     0.174960
AOI221x1_ASAP7_75t_R asap7sc7p5t_AO_RVT_TT_nldm_211120     0.204120       1     0.204120
INVx1_ASAP7_75t_R  asap7sc7p5t_INVBUF_RVT_TT_nldm_211120     0.043740      32     1.399680
INVx2_ASAP7_75t_R  asap7sc7p5t_INVBUF_RVT_TT_nldm_211120     0.058320       1     0.058320
INVxp33_ASAP7_75t_R asap7sc7p5t_INVBUF_RVT_TT_nldm_211120     0.043740       5     0.218700
INVxp67_ASAP7_75t_R asap7sc7p5t_INVBUF_RVT_TT_nldm_211120     0.043740       4     0.174960
NAND2xp5_ASAP7_75t_R asap7sc7p5t_SIMPLE_RVT_TT_nldm_211120     0.058320      27     1.574640
NAND2xp33_ASAP7_75t_R asap7sc7p5t_SIMPLE_RVT_TT_nldm_211120     0.058320       5     0.291600
NOR2x1_ASAP7_75t_R asap7sc7p5t_SIMPLE_RVT_TT_nldm_211120     0.087480       3     0.262440
NOR2xp33_ASAP7_75t_R asap7sc7p5t_SIMPLE_RVT_TT_nldm_211120     0.058320       2     0.116640
O2A1O1Ixp5_ASAP7_75t_R asap7sc7p5t_OA_RVT_TT_nldm_211120     0.116640       1     0.116640
OA21x2_ASAP7_75t_R asap7sc7p5t_OA_RVT_TT_nldm_211120     0.102060       3     0.306180
OAI21x1_ASAP7_75t_R asap7sc7p5t_OA_RVT_TT_nldm_211120     0.116640       2     0.233280
OAI21xp5_ASAP7_75t_R asap7sc7p5t_OA_RVT_TT_nldm_211120     0.072900       2     0.145800
OAI21xp33_ASAP7_75t_R asap7sc7p5t_OA_RVT_TT_nldm_211120     0.072900       2     0.145800
OR2x2_ASAP7_75t_R  asap7sc7p5t_SIMPLE_RVT_TT_nldm_211120     0.087480       1     0.087480
XNOR2xp5_ASAP7_75t_R asap7sc7p5t_SIMPLE_RVT_TT_nldm_211120     0.131220       6     0.787320
XOR2xp5_ASAP7_75t_R asap7sc7p5t_SIMPLE_RVT_TT_nldm_211120     0.131220       9     1.180980
-----------------------------------------------------------------------------
Total 24 references                                     8.398080

****************************************
Design: fp16_add_piped_NUM_PIPE2_12 
****************************************
Reference          Library       Unit Area   Count    Total Area   Attributes
-----------------------------------------------------------------------------
A2O1A1Ixp33_ASAP7_75t_R asap7sc7p5t_AO_RVT_TT_nldm_211120     0.087480      18     1.574640
A2O1A1O1Ixp25_ASAP7_75t_R asap7sc7p5t_AO_RVT_TT_nldm_211120     0.131220       2     0.262440
AND2x2_ASAP7_75t_R asap7sc7p5t_SIMPLE_RVT_TT_nldm_211120     0.087480      13     1.137240
AND3x1_ASAP7_75t_R asap7sc7p5t_SIMPLE_RVT_TT_nldm_211120     0.087480       4     0.349920
AND3x4_ASAP7_75t_R asap7sc7p5t_SIMPLE_RVT_TT_nldm_211120     0.204120       1     0.204120
AND4x1_ASAP7_75t_R asap7sc7p5t_SIMPLE_RVT_TT_nldm_211120     0.102060       1     0.102060
AO21x1_ASAP7_75t_R asap7sc7p5t_AO_RVT_TT_nldm_211120     0.087480       1     0.087480
AOI21xp5_ASAP7_75t_R asap7sc7p5t_AO_RVT_TT_nldm_211120     0.072900       5     0.364500
AOI21xp33_ASAP7_75t_R asap7sc7p5t_AO_RVT_TT_nldm_211120     0.072900       5     0.364500
AOI22x1_ASAP7_75t_R asap7sc7p5t_AO_RVT_TT_nldm_211120     0.145800       1     0.145800
AOI22xp5_ASAP7_75t_R asap7sc7p5t_AO_RVT_TT_nldm_211120     0.087480       5     0.437400
AOI22xp33_ASAP7_75t_R asap7sc7p5t_AO_RVT_TT_nldm_211120     0.087480      17     1.487160
AOI31xp33_ASAP7_75t_R asap7sc7p5t_AO_RVT_TT_nldm_211120     0.087480       3     0.262440
AOI31xp67_ASAP7_75t_R asap7sc7p5t_AO_RVT_TT_nldm_211120     0.189540       2     0.379080
AOI32xp33_ASAP7_75t_R asap7sc7p5t_AO_RVT_TT_nldm_211120     0.102060       1     0.102060
AOI33xp33_ASAP7_75t_R asap7sc7p5t_AO_RVT_TT_nldm_211120     0.116640       1     0.116640
AOI211x1_ASAP7_75t_R asap7sc7p5t_AO_RVT_TT_nldm_211120     0.174960       1     0.174960
AOI211xp5_ASAP7_75t_R asap7sc7p5t_AO_RVT_TT_nldm_211120     0.087480       2     0.174960
AOI221xp5_ASAP7_75t_R asap7sc7p5t_AO_RVT_TT_nldm_211120     0.102060       2     0.204120
AOI222xp33_ASAP7_75t_R asap7sc7p5t_AO_RVT_TT_nldm_211120     0.145800       3     0.437400
AOI311xp33_ASAP7_75t_R asap7sc7p5t_AO_RVT_TT_nldm_211120     0.102060       2     0.204120
AOI321xp33_ASAP7_75t_R asap7sc7p5t_AO_RVT_TT_nldm_211120     0.116640       1     0.116640
BUFx3_ASAP7_75t_R  asap7sc7p5t_INVBUF_RVT_TT_nldm_211120     0.087480       2     0.174960
DFFASRHQNx1_ASAP7_75t_R asap7sc7p5t_SEQ_RVT_TT_nldm_220123     0.379080       2     0.758160 n
DFFHQNx1_ASAP7_75t_R asap7sc7p5t_SEQ_RVT_TT_nldm_220123     0.291600      22     6.415200 n
DFFHQx4_ASAP7_75t_R asap7sc7p5t_SEQ_RVT_TT_nldm_220123     0.364500       3     1.093500 n
FAx1_ASAP7_75t_R   asap7sc7p5t_SIMPLE_RVT_TT_nldm_211120     0.204120       3     0.612360 r
HB1xp67_ASAP7_75t_R asap7sc7p5t_INVBUF_RVT_TT_nldm_211120     0.058320       5     0.291600
INVx1_ASAP7_75t_R  asap7sc7p5t_INVBUF_RVT_TT_nldm_211120     0.043740     170     7.435800
INVx2_ASAP7_75t_R  asap7sc7p5t_INVBUF_RVT_TT_nldm_211120     0.058320      27     1.574640
INVx3_ASAP7_75t_R  asap7sc7p5t_INVBUF_RVT_TT_nldm_211120     0.072900       3     0.218700
INVx4_ASAP7_75t_R  asap7sc7p5t_INVBUF_RVT_TT_nldm_211120     0.087480       2     0.174960
INVxp33_ASAP7_75t_R asap7sc7p5t_INVBUF_RVT_TT_nldm_211120     0.043740      10     0.437400
INVxp67_ASAP7_75t_R asap7sc7p5t_INVBUF_RVT_TT_nldm_211120     0.043740      17     0.743580
NAND2x1_ASAP7_75t_R asap7sc7p5t_SIMPLE_RVT_TT_nldm_211120     0.087480       6     0.524880
NAND2x1p5_ASAP7_75t_R asap7sc7p5t_SIMPLE_RVT_TT_nldm_211120     0.116640      11     1.283040
NAND2x2_ASAP7_75t_R asap7sc7p5t_SIMPLE_RVT_TT_nldm_211120     0.145800       1     0.145800
NAND2xp5_ASAP7_75t_R asap7sc7p5t_SIMPLE_RVT_TT_nldm_211120     0.058320      95     5.540400
NAND2xp33_ASAP7_75t_R asap7sc7p5t_SIMPLE_RVT_TT_nldm_211120     0.058320      20     1.166400
NAND2xp67_ASAP7_75t_R asap7sc7p5t_SIMPLE_RVT_TT_nldm_211120     0.087480       1     0.087480
NAND3xp33_ASAP7_75t_R asap7sc7p5t_SIMPLE_RVT_TT_nldm_211120     0.072900      17     1.239300
NAND4xp75_ASAP7_75t_R asap7sc7p5t_SIMPLE_RVT_TT_nldm_211120     0.204120       2     0.408240
NAND5xp2_ASAP7_75t_R asap7sc7p5t_SIMPLE_RVT_TT_nldm_211120     0.102060       3     0.306180
NOR2xp33_ASAP7_75t_R asap7sc7p5t_SIMPLE_RVT_TT_nldm_211120     0.058320      16     0.933120
NOR2xp67_ASAP7_75t_R asap7sc7p5t_SIMPLE_RVT_TT_nldm_211120     0.087480       1     0.087480
NOR3xp33_ASAP7_75t_R asap7sc7p5t_SIMPLE_RVT_TT_nldm_211120     0.072900       1     0.072900
NOR4xp25_ASAP7_75t_R asap7sc7p5t_SIMPLE_RVT_TT_nldm_211120     0.087480       2     0.174960
NOR5xp2_ASAP7_75t_R asap7sc7p5t_SIMPLE_RVT_TT_nldm_211120     0.102060       4     0.408240
O2A1O1Ixp33_ASAP7_75t_R asap7sc7p5t_OA_RVT_TT_nldm_211120     0.087480       3     0.262440
OA21x2_ASAP7_75t_R asap7sc7p5t_OA_RVT_TT_nldm_211120     0.102060       2     0.204120
OAI21x1_ASAP7_75t_R asap7sc7p5t_OA_RVT_TT_nldm_211120     0.116640       4     0.466560
OAI21xp5_ASAP7_75t_R asap7sc7p5t_OA_RVT_TT_nldm_211120     0.072900      20     1.458000
OAI21xp33_ASAP7_75t_R asap7sc7p5t_OA_RVT_TT_nldm_211120     0.072900      23     1.676700
OAI22x1_ASAP7_75t_R asap7sc7p5t_OA_RVT_TT_nldm_211120     0.145800       3     0.437400
OAI22xp5_ASAP7_75t_R asap7sc7p5t_OA_RVT_TT_nldm_211120     0.087480      48     4.199040
OAI22xp33_ASAP7_75t_R asap7sc7p5t_OA_RVT_TT_nldm_211120     0.087480      12     1.049760
OAI31xp33_ASAP7_75t_R asap7sc7p5t_OA_RVT_TT_nldm_211120     0.087480       2     0.174960
OAI31xp67_ASAP7_75t_R asap7sc7p5t_OA_RVT_TT_nldm_211120     0.189540       2     0.379080
OAI32xp33_ASAP7_75t_R asap7sc7p5t_OA_RVT_TT_nldm_211120     0.102060       2     0.204120
OAI211xp5_ASAP7_75t_R asap7sc7p5t_OA_RVT_TT_nldm_211120     0.087480       6     0.524880
OAI221xp5_ASAP7_75t_R asap7sc7p5t_OA_RVT_TT_nldm_211120     0.102060       7     0.714420
OAI222xp33_ASAP7_75t_R asap7sc7p5t_OA_RVT_TT_nldm_211120     0.145800       4     0.583200
OAI311xp33_ASAP7_75t_R asap7sc7p5t_OA_RVT_TT_nldm_211120     0.102060       2     0.204120
OAI321xp33_ASAP7_75t_R asap7sc7p5t_OA_RVT_TT_nldm_211120     0.116640       1     0.116640
OAI331xp33_ASAP7_75t_R asap7sc7p5t_OA_RVT_TT_nldm_211120     0.131220       1     0.131220
OAI332xp33_ASAP7_75t_R asap7sc7p5t_OA_RVT_TT_nldm_211120     0.145800       1     0.145800
OR2x2_ASAP7_75t_R  asap7sc7p5t_SIMPLE_RVT_TT_nldm_211120     0.087480       4     0.349920
OR2x6_ASAP7_75t_R  asap7sc7p5t_SIMPLE_RVT_TT_nldm_211120     0.174960       1     0.174960
OR4x2_ASAP7_75t_R  asap7sc7p5t_SIMPLE_RVT_TT_nldm_211120     0.116640       1     0.116640
SDFHx4_ASAP7_75t_R asap7sc7p5t_SEQ_RVT_TT_nldm_220123     0.451980       7     3.163860 n
TIEHIx1_ASAP7_75t_R asap7sc7p5t_SIMPLE_RVT_TT_nldm_211120     0.043740       1     0.043740
TIELOx1_ASAP7_75t_R asap7sc7p5t_SIMPLE_RVT_TT_nldm_211120     0.043740       1     0.043740
XNOR2x2_ASAP7_75t_R asap7sc7p5t_SIMPLE_RVT_TT_nldm_211120     0.160380       1     0.160380
XNOR2xp5_ASAP7_75t_R asap7sc7p5t_SIMPLE_RVT_TT_nldm_211120     0.131220       1     0.131220
XOR2x2_ASAP7_75t_R asap7sc7p5t_SIMPLE_RVT_TT_nldm_211120     0.160380       4     0.641520
XOR2xp5_ASAP7_75t_R asap7sc7p5t_SIMPLE_RVT_TT_nldm_211120     0.131220       2     0.262440
fp16_add_piped_NUM_PIPE2_12_DW01_add_2     7.392060       1     7.392060 h
fp16_add_piped_NUM_PIPE2_12_DW01_sub_6     8.645940       1     8.645940 h
-----------------------------------------------------------------------------
Total 78 references                                    75.057840

****************************************
Design: fp16_add_piped_NUM_PIPE2_12_DW01_add_2 
****************************************
Reference          Library       Unit Area   Count    Total Area   Attributes
-----------------------------------------------------------------------------
A2O1A1Ixp33_ASAP7_75t_R asap7sc7p5t_AO_RVT_TT_nldm_211120     0.087480       3     0.262440
AND2x2_ASAP7_75t_R asap7sc7p5t_SIMPLE_RVT_TT_nldm_211120     0.087480       4     0.349920
AOI21x1_ASAP7_75t_R asap7sc7p5t_AO_RVT_TT_nldm_211120     0.116640       1     0.116640
AOI21xp5_ASAP7_75t_R asap7sc7p5t_AO_RVT_TT_nldm_211120     0.072900       2     0.145800
AOI21xp33_ASAP7_75t_R asap7sc7p5t_AO_RVT_TT_nldm_211120     0.072900       5     0.364500
AOI22xp33_ASAP7_75t_R asap7sc7p5t_AO_RVT_TT_nldm_211120     0.087480       1     0.087480
FAx1_ASAP7_75t_R   asap7sc7p5t_SIMPLE_RVT_TT_nldm_211120     0.204120       1     0.204120 r
HB1xp67_ASAP7_75t_R asap7sc7p5t_INVBUF_RVT_TT_nldm_211120     0.058320       1     0.058320
INVx1_ASAP7_75t_R  asap7sc7p5t_INVBUF_RVT_TT_nldm_211120     0.043740      17     0.743580
INVxp33_ASAP7_75t_R asap7sc7p5t_INVBUF_RVT_TT_nldm_211120     0.043740       4     0.174960
INVxp67_ASAP7_75t_R asap7sc7p5t_INVBUF_RVT_TT_nldm_211120     0.043740       2     0.087480
NAND2x1_ASAP7_75t_R asap7sc7p5t_SIMPLE_RVT_TT_nldm_211120     0.087480       1     0.087480
NAND2x1p5_ASAP7_75t_R asap7sc7p5t_SIMPLE_RVT_TT_nldm_211120     0.116640       1     0.116640
NAND2xp5_ASAP7_75t_R asap7sc7p5t_SIMPLE_RVT_TT_nldm_211120     0.058320      17     0.991440
NAND2xp33_ASAP7_75t_R asap7sc7p5t_SIMPLE_RVT_TT_nldm_211120     0.058320       5     0.291600
NAND3xp33_ASAP7_75t_R asap7sc7p5t_SIMPLE_RVT_TT_nldm_211120     0.072900       2     0.145800
NOR2x1_ASAP7_75t_R asap7sc7p5t_SIMPLE_RVT_TT_nldm_211120     0.087480       2     0.174960
NOR2xp33_ASAP7_75t_R asap7sc7p5t_SIMPLE_RVT_TT_nldm_211120     0.058320       7     0.408240
OAI21x1_ASAP7_75t_R asap7sc7p5t_OA_RVT_TT_nldm_211120     0.116640       1     0.116640
OAI21xp5_ASAP7_75t_R asap7sc7p5t_OA_RVT_TT_nldm_211120     0.072900       4     0.291600
OAI21xp33_ASAP7_75t_R asap7sc7p5t_OA_RVT_TT_nldm_211120     0.072900       1     0.072900
OR2x2_ASAP7_75t_R  asap7sc7p5t_SIMPLE_RVT_TT_nldm_211120     0.087480       9     0.787320
XNOR2xp5_ASAP7_75t_R asap7sc7p5t_SIMPLE_RVT_TT_nldm_211120     0.131220       8     1.049760
XOR2xp5_ASAP7_75t_R asap7sc7p5t_SIMPLE_RVT_TT_nldm_211120     0.131220       2     0.262440
-----------------------------------------------------------------------------
Total 24 references                                     7.392060

****************************************
Design: fp16_add_piped_NUM_PIPE2_12_DW01_sub_6 
****************************************
Reference          Library       Unit Area   Count    Total Area   Attributes
-----------------------------------------------------------------------------
AND2x2_ASAP7_75t_R asap7sc7p5t_SIMPLE_RVT_TT_nldm_211120     0.087480       4     0.349920
AO21x1_ASAP7_75t_R asap7sc7p5t_AO_RVT_TT_nldm_211120     0.087480       1     0.087480
AO21x2_ASAP7_75t_R asap7sc7p5t_AO_RVT_TT_nldm_211120     0.102060       1     0.102060
AOI21x1_ASAP7_75t_R asap7sc7p5t_AO_RVT_TT_nldm_211120     0.116640       1     0.116640
AOI21xp5_ASAP7_75t_R asap7sc7p5t_AO_RVT_TT_nldm_211120     0.072900       2     0.145800
AOI21xp33_ASAP7_75t_R asap7sc7p5t_AO_RVT_TT_nldm_211120     0.072900       2     0.145800
AOI22xp33_ASAP7_75t_R asap7sc7p5t_AO_RVT_TT_nldm_211120     0.087480       1     0.087480
AOI211x1_ASAP7_75t_R asap7sc7p5t_AO_RVT_TT_nldm_211120     0.174960       1     0.174960
AOI221xp5_ASAP7_75t_R asap7sc7p5t_AO_RVT_TT_nldm_211120     0.102060       1     0.102060
INVx1_ASAP7_75t_R  asap7sc7p5t_INVBUF_RVT_TT_nldm_211120     0.043740      31     1.355940
INVx2_ASAP7_75t_R  asap7sc7p5t_INVBUF_RVT_TT_nldm_211120     0.058320       1     0.058320
INVxp33_ASAP7_75t_R asap7sc7p5t_INVBUF_RVT_TT_nldm_211120     0.043740       5     0.218700
INVxp67_ASAP7_75t_R asap7sc7p5t_INVBUF_RVT_TT_nldm_211120     0.043740       4     0.174960
NAND2xp5_ASAP7_75t_R asap7sc7p5t_SIMPLE_RVT_TT_nldm_211120     0.058320      23     1.341360
NAND2xp33_ASAP7_75t_R asap7sc7p5t_SIMPLE_RVT_TT_nldm_211120     0.058320       9     0.524880
NAND2xp67_ASAP7_75t_R asap7sc7p5t_SIMPLE_RVT_TT_nldm_211120     0.087480       1     0.087480
NOR2x1_ASAP7_75t_R asap7sc7p5t_SIMPLE_RVT_TT_nldm_211120     0.087480       3     0.262440
NOR2xp33_ASAP7_75t_R asap7sc7p5t_SIMPLE_RVT_TT_nldm_211120     0.058320       3     0.174960
O2A1O1Ixp5_ASAP7_75t_R asap7sc7p5t_OA_RVT_TT_nldm_211120     0.116640       1     0.116640
OA21x2_ASAP7_75t_R asap7sc7p5t_OA_RVT_TT_nldm_211120     0.102060       3     0.306180
OAI21x1_ASAP7_75t_R asap7sc7p5t_OA_RVT_TT_nldm_211120     0.116640       3     0.349920
OAI21xp5_ASAP7_75t_R asap7sc7p5t_OA_RVT_TT_nldm_211120     0.072900       2     0.145800
OAI21xp33_ASAP7_75t_R asap7sc7p5t_OA_RVT_TT_nldm_211120     0.072900       1     0.072900
OR2x2_ASAP7_75t_R  asap7sc7p5t_SIMPLE_RVT_TT_nldm_211120     0.087480       2     0.174960
XNOR2xp5_ASAP7_75t_R asap7sc7p5t_SIMPLE_RVT_TT_nldm_211120     0.131220       6     0.787320
XOR2xp5_ASAP7_75t_R asap7sc7p5t_SIMPLE_RVT_TT_nldm_211120     0.131220       9     1.180980
-----------------------------------------------------------------------------
Total 26 references                                     8.645940

****************************************
Design: fp16_add_piped_NUM_PIPE2_13 
****************************************
Reference          Library       Unit Area   Count    Total Area   Attributes
-----------------------------------------------------------------------------
A2O1A1Ixp33_ASAP7_75t_R asap7sc7p5t_AO_RVT_TT_nldm_211120     0.087480      19     1.662120
A2O1A1O1Ixp25_ASAP7_75t_R asap7sc7p5t_AO_RVT_TT_nldm_211120     0.131220       2     0.262440
AND2x2_ASAP7_75t_R asap7sc7p5t_SIMPLE_RVT_TT_nldm_211120     0.087480      14     1.224720
AND3x1_ASAP7_75t_R asap7sc7p5t_SIMPLE_RVT_TT_nldm_211120     0.087480       4     0.349920
AND3x2_ASAP7_75t_R asap7sc7p5t_SIMPLE_RVT_TT_nldm_211120     0.102060       1     0.102060
AND4x1_ASAP7_75t_R asap7sc7p5t_SIMPLE_RVT_TT_nldm_211120     0.102060       1     0.102060
AO21x1_ASAP7_75t_R asap7sc7p5t_AO_RVT_TT_nldm_211120     0.087480       1     0.087480
AOI21x1_ASAP7_75t_R asap7sc7p5t_AO_RVT_TT_nldm_211120     0.116640       1     0.116640
AOI21xp5_ASAP7_75t_R asap7sc7p5t_AO_RVT_TT_nldm_211120     0.072900       5     0.364500
AOI21xp33_ASAP7_75t_R asap7sc7p5t_AO_RVT_TT_nldm_211120     0.072900       4     0.291600
AOI22xp5_ASAP7_75t_R asap7sc7p5t_AO_RVT_TT_nldm_211120     0.087480       7     0.612360
AOI22xp33_ASAP7_75t_R asap7sc7p5t_AO_RVT_TT_nldm_211120     0.087480      16     1.399680
AOI31xp33_ASAP7_75t_R asap7sc7p5t_AO_RVT_TT_nldm_211120     0.087480       3     0.262440
AOI31xp67_ASAP7_75t_R asap7sc7p5t_AO_RVT_TT_nldm_211120     0.189540       2     0.379080
AOI32xp33_ASAP7_75t_R asap7sc7p5t_AO_RVT_TT_nldm_211120     0.102060       1     0.102060
AOI33xp33_ASAP7_75t_R asap7sc7p5t_AO_RVT_TT_nldm_211120     0.116640       1     0.116640
AOI211x1_ASAP7_75t_R asap7sc7p5t_AO_RVT_TT_nldm_211120     0.174960       1     0.174960
AOI211xp5_ASAP7_75t_R asap7sc7p5t_AO_RVT_TT_nldm_211120     0.087480       2     0.174960
AOI221xp5_ASAP7_75t_R asap7sc7p5t_AO_RVT_TT_nldm_211120     0.102060       2     0.204120
AOI222xp33_ASAP7_75t_R asap7sc7p5t_AO_RVT_TT_nldm_211120     0.145800       3     0.437400
AOI311xp33_ASAP7_75t_R asap7sc7p5t_AO_RVT_TT_nldm_211120     0.102060       1     0.102060
AOI321xp33_ASAP7_75t_R asap7sc7p5t_AO_RVT_TT_nldm_211120     0.116640       1     0.116640
BUFx3_ASAP7_75t_R  asap7sc7p5t_INVBUF_RVT_TT_nldm_211120     0.087480       4     0.349920
DFFASRHQNx1_ASAP7_75t_R asap7sc7p5t_SEQ_RVT_TT_nldm_220123     0.379080       2     0.758160 n
DFFHQNx1_ASAP7_75t_R asap7sc7p5t_SEQ_RVT_TT_nldm_220123     0.291600      23     6.706800 n
DFFHQx4_ASAP7_75t_R asap7sc7p5t_SEQ_RVT_TT_nldm_220123     0.364500       1     0.364500 n
FAx1_ASAP7_75t_R   asap7sc7p5t_SIMPLE_RVT_TT_nldm_211120     0.204120       3     0.612360 r
HB1xp67_ASAP7_75t_R asap7sc7p5t_INVBUF_RVT_TT_nldm_211120     0.058320       4     0.233280
INVx1_ASAP7_75t_R  asap7sc7p5t_INVBUF_RVT_TT_nldm_211120     0.043740     159     6.954660
INVx2_ASAP7_75t_R  asap7sc7p5t_INVBUF_RVT_TT_nldm_211120     0.058320      30     1.749600
INVx3_ASAP7_75t_R  asap7sc7p5t_INVBUF_RVT_TT_nldm_211120     0.072900       2     0.145800
INVx4_ASAP7_75t_R  asap7sc7p5t_INVBUF_RVT_TT_nldm_211120     0.087480       2     0.174960
INVxp33_ASAP7_75t_R asap7sc7p5t_INVBUF_RVT_TT_nldm_211120     0.043740      15     0.656100
INVxp67_ASAP7_75t_R asap7sc7p5t_INVBUF_RVT_TT_nldm_211120     0.043740      18     0.787320
NAND2x1_ASAP7_75t_R asap7sc7p5t_SIMPLE_RVT_TT_nldm_211120     0.087480       9     0.787320
NAND2x1p5_ASAP7_75t_R asap7sc7p5t_SIMPLE_RVT_TT_nldm_211120     0.116640      11     1.283040
NAND2x2_ASAP7_75t_R asap7sc7p5t_SIMPLE_RVT_TT_nldm_211120     0.145800       1     0.145800
NAND2xp5_ASAP7_75t_R asap7sc7p5t_SIMPLE_RVT_TT_nldm_211120     0.058320      89     5.190480
NAND2xp33_ASAP7_75t_R asap7sc7p5t_SIMPLE_RVT_TT_nldm_211120     0.058320      18     1.049760
NAND3xp33_ASAP7_75t_R asap7sc7p5t_SIMPLE_RVT_TT_nldm_211120     0.072900      17     1.239300
NAND4xp25_ASAP7_75t_R asap7sc7p5t_SIMPLE_RVT_TT_nldm_211120     0.087480       1     0.087480
NAND4xp75_ASAP7_75t_R asap7sc7p5t_SIMPLE_RVT_TT_nldm_211120     0.204120       1     0.204120
NAND5xp2_ASAP7_75t_R asap7sc7p5t_SIMPLE_RVT_TT_nldm_211120     0.102060       3     0.306180
NOR2x1_ASAP7_75t_R asap7sc7p5t_SIMPLE_RVT_TT_nldm_211120     0.087480       4     0.349920
NOR2x1p5_ASAP7_75t_R asap7sc7p5t_SIMPLE_RVT_TT_nldm_211120     0.116640       1     0.116640
NOR2xp33_ASAP7_75t_R asap7sc7p5t_SIMPLE_RVT_TT_nldm_211120     0.058320      12     0.699840
NOR3xp33_ASAP7_75t_R asap7sc7p5t_SIMPLE_RVT_TT_nldm_211120     0.072900       1     0.072900
NOR4xp25_ASAP7_75t_R asap7sc7p5t_SIMPLE_RVT_TT_nldm_211120     0.087480       1     0.087480
NOR4xp75_ASAP7_75t_R asap7sc7p5t_SIMPLE_RVT_TT_nldm_211120     0.204120       1     0.204120
NOR5xp2_ASAP7_75t_R asap7sc7p5t_SIMPLE_RVT_TT_nldm_211120     0.102060       4     0.408240
O2A1O1Ixp33_ASAP7_75t_R asap7sc7p5t_OA_RVT_TT_nldm_211120     0.087480       3     0.262440
OA21x2_ASAP7_75t_R asap7sc7p5t_OA_RVT_TT_nldm_211120     0.102060       2     0.204120
OAI21x1_ASAP7_75t_R asap7sc7p5t_OA_RVT_TT_nldm_211120     0.116640       4     0.466560
OAI21xp5_ASAP7_75t_R asap7sc7p5t_OA_RVT_TT_nldm_211120     0.072900      17     1.239300
OAI21xp33_ASAP7_75t_R asap7sc7p5t_OA_RVT_TT_nldm_211120     0.072900      26     1.895400
OAI22x1_ASAP7_75t_R asap7sc7p5t_OA_RVT_TT_nldm_211120     0.145800       2     0.291600
OAI22xp5_ASAP7_75t_R asap7sc7p5t_OA_RVT_TT_nldm_211120     0.087480      41     3.586680
OAI22xp33_ASAP7_75t_R asap7sc7p5t_OA_RVT_TT_nldm_211120     0.087480      19     1.662120
OAI31xp33_ASAP7_75t_R asap7sc7p5t_OA_RVT_TT_nldm_211120     0.087480       2     0.174960
OAI31xp67_ASAP7_75t_R asap7sc7p5t_OA_RVT_TT_nldm_211120     0.189540       2     0.379080
OAI32xp33_ASAP7_75t_R asap7sc7p5t_OA_RVT_TT_nldm_211120     0.102060       2     0.204120
OAI211xp5_ASAP7_75t_R asap7sc7p5t_OA_RVT_TT_nldm_211120     0.087480       6     0.524880
OAI221xp5_ASAP7_75t_R asap7sc7p5t_OA_RVT_TT_nldm_211120     0.102060       7     0.714420
OAI222xp33_ASAP7_75t_R asap7sc7p5t_OA_RVT_TT_nldm_211120     0.145800       4     0.583200
OAI311xp33_ASAP7_75t_R asap7sc7p5t_OA_RVT_TT_nldm_211120     0.102060       2     0.204120
OAI321xp33_ASAP7_75t_R asap7sc7p5t_OA_RVT_TT_nldm_211120     0.116640       1     0.116640
OAI331xp33_ASAP7_75t_R asap7sc7p5t_OA_RVT_TT_nldm_211120     0.131220       1     0.131220
OAI332xp33_ASAP7_75t_R asap7sc7p5t_OA_RVT_TT_nldm_211120     0.145800       1     0.145800
OR2x4_ASAP7_75t_R  asap7sc7p5t_SIMPLE_RVT_TT_nldm_211120     0.116640       2     0.233280
OR2x6_ASAP7_75t_R  asap7sc7p5t_SIMPLE_RVT_TT_nldm_211120     0.174960       3     0.524880
OR4x2_ASAP7_75t_R  asap7sc7p5t_SIMPLE_RVT_TT_nldm_211120     0.116640       1     0.116640
SDFHx1_ASAP7_75t_R asap7sc7p5t_SEQ_RVT_TT_nldm_220123     0.364500       1     0.364500 n
SDFHx4_ASAP7_75t_R asap7sc7p5t_SEQ_RVT_TT_nldm_220123     0.451980       7     3.163860 n
TIEHIx1_ASAP7_75t_R asap7sc7p5t_SIMPLE_RVT_TT_nldm_211120     0.043740       1     0.043740
TIELOx1_ASAP7_75t_R asap7sc7p5t_SIMPLE_RVT_TT_nldm_211120     0.043740       1     0.043740
XNOR2x2_ASAP7_75t_R asap7sc7p5t_SIMPLE_RVT_TT_nldm_211120     0.160380       1     0.160380
XNOR2xp5_ASAP7_75t_R asap7sc7p5t_SIMPLE_RVT_TT_nldm_211120     0.131220       1     0.131220
XOR2x1_ASAP7_75t_R asap7sc7p5t_SIMPLE_RVT_TT_nldm_211120     0.174960       1     0.174960
XOR2x2_ASAP7_75t_R asap7sc7p5t_SIMPLE_RVT_TT_nldm_211120     0.160380       2     0.320760
XOR2xp5_ASAP7_75t_R asap7sc7p5t_SIMPLE_RVT_TT_nldm_211120     0.131220       3     0.393660
fp16_add_piped_NUM_PIPE2_13_DW01_add_2     7.654500       1     7.654500 h
fp16_add_piped_NUM_PIPE2_13_DW01_sub_6     8.310600       1     8.310600 h
-----------------------------------------------------------------------------
Total 82 references                                    74.795400

****************************************
Design: fp16_add_piped_NUM_PIPE2_13_DW01_add_2 
****************************************
Reference          Library       Unit Area   Count    Total Area   Attributes
-----------------------------------------------------------------------------
A2O1A1Ixp33_ASAP7_75t_R asap7sc7p5t_AO_RVT_TT_nldm_211120     0.087480       2     0.174960
AND2x2_ASAP7_75t_R asap7sc7p5t_SIMPLE_RVT_TT_nldm_211120     0.087480       4     0.349920
AOI21x1_ASAP7_75t_R asap7sc7p5t_AO_RVT_TT_nldm_211120     0.116640       2     0.233280
AOI21xp5_ASAP7_75t_R asap7sc7p5t_AO_RVT_TT_nldm_211120     0.072900       1     0.072900
AOI21xp33_ASAP7_75t_R asap7sc7p5t_AO_RVT_TT_nldm_211120     0.072900       5     0.364500
AOI22xp33_ASAP7_75t_R asap7sc7p5t_AO_RVT_TT_nldm_211120     0.087480       1     0.087480
FAx1_ASAP7_75t_R   asap7sc7p5t_SIMPLE_RVT_TT_nldm_211120     0.204120       1     0.204120 r
INVx1_ASAP7_75t_R  asap7sc7p5t_INVBUF_RVT_TT_nldm_211120     0.043740      17     0.743580
INVxp33_ASAP7_75t_R asap7sc7p5t_INVBUF_RVT_TT_nldm_211120     0.043740       5     0.218700
INVxp67_ASAP7_75t_R asap7sc7p5t_INVBUF_RVT_TT_nldm_211120     0.043740       4     0.174960
NAND2x1_ASAP7_75t_R asap7sc7p5t_SIMPLE_RVT_TT_nldm_211120     0.087480       1     0.087480
NAND2x1p5_ASAP7_75t_R asap7sc7p5t_SIMPLE_RVT_TT_nldm_211120     0.116640       2     0.233280
NAND2xp5_ASAP7_75t_R asap7sc7p5t_SIMPLE_RVT_TT_nldm_211120     0.058320      20     1.166400
NAND2xp33_ASAP7_75t_R asap7sc7p5t_SIMPLE_RVT_TT_nldm_211120     0.058320       2     0.116640
NAND3x1_ASAP7_75t_R asap7sc7p5t_SIMPLE_RVT_TT_nldm_211120     0.160380       1     0.160380
NAND3xp33_ASAP7_75t_R asap7sc7p5t_SIMPLE_RVT_TT_nldm_211120     0.072900       1     0.072900
NOR2x1_ASAP7_75t_R asap7sc7p5t_SIMPLE_RVT_TT_nldm_211120     0.087480       3     0.262440
NOR2xp33_ASAP7_75t_R asap7sc7p5t_SIMPLE_RVT_TT_nldm_211120     0.058320       6     0.349920
OAI21x1_ASAP7_75t_R asap7sc7p5t_OA_RVT_TT_nldm_211120     0.116640       1     0.116640
OAI21xp5_ASAP7_75t_R asap7sc7p5t_OA_RVT_TT_nldm_211120     0.072900       3     0.218700
OAI21xp33_ASAP7_75t_R asap7sc7p5t_OA_RVT_TT_nldm_211120     0.072900       2     0.145800
OR2x2_ASAP7_75t_R  asap7sc7p5t_SIMPLE_RVT_TT_nldm_211120     0.087480       9     0.787320
XNOR2xp5_ASAP7_75t_R asap7sc7p5t_SIMPLE_RVT_TT_nldm_211120     0.131220       8     1.049760
XOR2xp5_ASAP7_75t_R asap7sc7p5t_SIMPLE_RVT_TT_nldm_211120     0.131220       2     0.262440
-----------------------------------------------------------------------------
Total 24 references                                     7.654500

****************************************
Design: fp16_add_piped_NUM_PIPE2_13_DW01_sub_6 
****************************************
Reference          Library       Unit Area   Count    Total Area   Attributes
-----------------------------------------------------------------------------
AND2x2_ASAP7_75t_R asap7sc7p5t_SIMPLE_RVT_TT_nldm_211120     0.087480       6     0.524880
AO21x1_ASAP7_75t_R asap7sc7p5t_AO_RVT_TT_nldm_211120     0.087480       2     0.174960
AOI21xp5_ASAP7_75t_R asap7sc7p5t_AO_RVT_TT_nldm_211120     0.072900       1     0.072900
AOI21xp33_ASAP7_75t_R asap7sc7p5t_AO_RVT_TT_nldm_211120     0.072900       4     0.291600
AOI22xp33_ASAP7_75t_R asap7sc7p5t_AO_RVT_TT_nldm_211120     0.087480       1     0.087480
AOI211x1_ASAP7_75t_R asap7sc7p5t_AO_RVT_TT_nldm_211120     0.174960       1     0.174960
AOI221xp5_ASAP7_75t_R asap7sc7p5t_AO_RVT_TT_nldm_211120     0.102060       1     0.102060
INVx1_ASAP7_75t_R  asap7sc7p5t_INVBUF_RVT_TT_nldm_211120     0.043740      29     1.268460
INVx2_ASAP7_75t_R  asap7sc7p5t_INVBUF_RVT_TT_nldm_211120     0.058320       1     0.058320
INVxp33_ASAP7_75t_R asap7sc7p5t_INVBUF_RVT_TT_nldm_211120     0.043740       5     0.218700
INVxp67_ASAP7_75t_R asap7sc7p5t_INVBUF_RVT_TT_nldm_211120     0.043740       4     0.174960
NAND2xp5_ASAP7_75t_R asap7sc7p5t_SIMPLE_RVT_TT_nldm_211120     0.058320      26     1.516320
NAND2xp33_ASAP7_75t_R asap7sc7p5t_SIMPLE_RVT_TT_nldm_211120     0.058320       3     0.174960
NOR2x1_ASAP7_75t_R asap7sc7p5t_SIMPLE_RVT_TT_nldm_211120     0.087480       2     0.174960
NOR2xp33_ASAP7_75t_R asap7sc7p5t_SIMPLE_RVT_TT_nldm_211120     0.058320       4     0.233280
O2A1O1Ixp33_ASAP7_75t_R asap7sc7p5t_OA_RVT_TT_nldm_211120     0.087480       1     0.087480
OA21x2_ASAP7_75t_R asap7sc7p5t_OA_RVT_TT_nldm_211120     0.102060       3     0.306180
OAI21x1_ASAP7_75t_R asap7sc7p5t_OA_RVT_TT_nldm_211120     0.116640       2     0.233280
OAI21xp5_ASAP7_75t_R asap7sc7p5t_OA_RVT_TT_nldm_211120     0.072900       2     0.145800
OAI21xp33_ASAP7_75t_R asap7sc7p5t_OA_RVT_TT_nldm_211120     0.072900       2     0.145800
OR2x2_ASAP7_75t_R  asap7sc7p5t_SIMPLE_RVT_TT_nldm_211120     0.087480       2     0.174960
XNOR2xp5_ASAP7_75t_R asap7sc7p5t_SIMPLE_RVT_TT_nldm_211120     0.131220       8     1.049760
XOR2xp5_ASAP7_75t_R asap7sc7p5t_SIMPLE_RVT_TT_nldm_211120     0.131220       7     0.918540
-----------------------------------------------------------------------------
Total 23 references                                     8.310600

****************************************
Design: fp16_add_piped_NUM_PIPE2_14 
****************************************
Reference          Library       Unit Area   Count    Total Area   Attributes
-----------------------------------------------------------------------------
A2O1A1Ixp33_ASAP7_75t_R asap7sc7p5t_AO_RVT_TT_nldm_211120     0.087480      19     1.662120
A2O1A1O1Ixp25_ASAP7_75t_R asap7sc7p5t_AO_RVT_TT_nldm_211120     0.131220       2     0.262440
AND2x2_ASAP7_75t_R asap7sc7p5t_SIMPLE_RVT_TT_nldm_211120     0.087480      11     0.962280
AND3x1_ASAP7_75t_R asap7sc7p5t_SIMPLE_RVT_TT_nldm_211120     0.087480       4     0.349920
AND3x2_ASAP7_75t_R asap7sc7p5t_SIMPLE_RVT_TT_nldm_211120     0.102060       1     0.102060
AND4x1_ASAP7_75t_R asap7sc7p5t_SIMPLE_RVT_TT_nldm_211120     0.102060       2     0.204120
AO21x1_ASAP7_75t_R asap7sc7p5t_AO_RVT_TT_nldm_211120     0.087480       1     0.087480
AO31x2_ASAP7_75t_R asap7sc7p5t_AO_RVT_TT_nldm_211120     0.233280       1     0.233280
AOI21xp5_ASAP7_75t_R asap7sc7p5t_AO_RVT_TT_nldm_211120     0.072900       3     0.218700
AOI21xp33_ASAP7_75t_R asap7sc7p5t_AO_RVT_TT_nldm_211120     0.072900       7     0.510300
AOI22x1_ASAP7_75t_R asap7sc7p5t_AO_RVT_TT_nldm_211120     0.145800       2     0.291600
AOI22xp5_ASAP7_75t_R asap7sc7p5t_AO_RVT_TT_nldm_211120     0.087480       5     0.437400
AOI22xp33_ASAP7_75t_R asap7sc7p5t_AO_RVT_TT_nldm_211120     0.087480      16     1.399680
AOI31xp33_ASAP7_75t_R asap7sc7p5t_AO_RVT_TT_nldm_211120     0.087480       2     0.174960
AOI31xp67_ASAP7_75t_R asap7sc7p5t_AO_RVT_TT_nldm_211120     0.189540       2     0.379080
AOI32xp33_ASAP7_75t_R asap7sc7p5t_AO_RVT_TT_nldm_211120     0.102060       1     0.102060
AOI33xp33_ASAP7_75t_R asap7sc7p5t_AO_RVT_TT_nldm_211120     0.116640       1     0.116640
AOI211x1_ASAP7_75t_R asap7sc7p5t_AO_RVT_TT_nldm_211120     0.174960       2     0.349920
AOI211xp5_ASAP7_75t_R asap7sc7p5t_AO_RVT_TT_nldm_211120     0.087480       1     0.087480
AOI221xp5_ASAP7_75t_R asap7sc7p5t_AO_RVT_TT_nldm_211120     0.102060       2     0.204120
AOI222xp33_ASAP7_75t_R asap7sc7p5t_AO_RVT_TT_nldm_211120     0.145800       3     0.437400
AOI311xp33_ASAP7_75t_R asap7sc7p5t_AO_RVT_TT_nldm_211120     0.102060       2     0.204120
AOI321xp33_ASAP7_75t_R asap7sc7p5t_AO_RVT_TT_nldm_211120     0.116640       1     0.116640
BUFx3_ASAP7_75t_R  asap7sc7p5t_INVBUF_RVT_TT_nldm_211120     0.087480       5     0.437400
DFFASRHQNx1_ASAP7_75t_R asap7sc7p5t_SEQ_RVT_TT_nldm_220123     0.379080       2     0.758160 n
DFFHQNx1_ASAP7_75t_R asap7sc7p5t_SEQ_RVT_TT_nldm_220123     0.291600      23     6.706800 n
FAx1_ASAP7_75t_R   asap7sc7p5t_SIMPLE_RVT_TT_nldm_211120     0.204120       4     0.816480 r
HB1xp67_ASAP7_75t_R asap7sc7p5t_INVBUF_RVT_TT_nldm_211120     0.058320       6     0.349920
INVx1_ASAP7_75t_R  asap7sc7p5t_INVBUF_RVT_TT_nldm_211120     0.043740     164     7.173360
INVx2_ASAP7_75t_R  asap7sc7p5t_INVBUF_RVT_TT_nldm_211120     0.058320      32     1.866240
INVx3_ASAP7_75t_R  asap7sc7p5t_INVBUF_RVT_TT_nldm_211120     0.072900       1     0.072900
INVx4_ASAP7_75t_R  asap7sc7p5t_INVBUF_RVT_TT_nldm_211120     0.087480       2     0.174960
INVx5_ASAP7_75t_R  asap7sc7p5t_INVBUF_RVT_TT_nldm_211120     0.102060       1     0.102060
INVxp33_ASAP7_75t_R asap7sc7p5t_INVBUF_RVT_TT_nldm_211120     0.043740      11     0.481140
INVxp67_ASAP7_75t_R asap7sc7p5t_INVBUF_RVT_TT_nldm_211120     0.043740      18     0.787320
NAND2x1_ASAP7_75t_R asap7sc7p5t_SIMPLE_RVT_TT_nldm_211120     0.087480       2     0.174960
NAND2x1p5_ASAP7_75t_R asap7sc7p5t_SIMPLE_RVT_TT_nldm_211120     0.116640      13     1.516320
NAND2x2_ASAP7_75t_R asap7sc7p5t_SIMPLE_RVT_TT_nldm_211120     0.145800       2     0.291600
NAND2xp5_ASAP7_75t_R asap7sc7p5t_SIMPLE_RVT_TT_nldm_211120     0.058320      90     5.248800
NAND2xp33_ASAP7_75t_R asap7sc7p5t_SIMPLE_RVT_TT_nldm_211120     0.058320      21     1.224720
NAND2xp67_ASAP7_75t_R asap7sc7p5t_SIMPLE_RVT_TT_nldm_211120     0.087480       3     0.262440
NAND3xp33_ASAP7_75t_R asap7sc7p5t_SIMPLE_RVT_TT_nldm_211120     0.072900      18     1.312200
NAND4xp75_ASAP7_75t_R asap7sc7p5t_SIMPLE_RVT_TT_nldm_211120     0.204120       1     0.204120
NAND5xp2_ASAP7_75t_R asap7sc7p5t_SIMPLE_RVT_TT_nldm_211120     0.102060       3     0.306180
NOR2x1_ASAP7_75t_R asap7sc7p5t_SIMPLE_RVT_TT_nldm_211120     0.087480       4     0.349920
NOR2xp33_ASAP7_75t_R asap7sc7p5t_SIMPLE_RVT_TT_nldm_211120     0.058320      10     0.583200
NOR2xp67_ASAP7_75t_R asap7sc7p5t_SIMPLE_RVT_TT_nldm_211120     0.087480       1     0.087480
NOR3xp33_ASAP7_75t_R asap7sc7p5t_SIMPLE_RVT_TT_nldm_211120     0.072900       1     0.072900
NOR4xp25_ASAP7_75t_R asap7sc7p5t_SIMPLE_RVT_TT_nldm_211120     0.087480       2     0.174960
NOR5xp2_ASAP7_75t_R asap7sc7p5t_SIMPLE_RVT_TT_nldm_211120     0.102060       4     0.408240
O2A1O1Ixp33_ASAP7_75t_R asap7sc7p5t_OA_RVT_TT_nldm_211120     0.087480       3     0.262440
OA21x2_ASAP7_75t_R asap7sc7p5t_OA_RVT_TT_nldm_211120     0.102060       3     0.306180
OAI21x1_ASAP7_75t_R asap7sc7p5t_OA_RVT_TT_nldm_211120     0.116640       4     0.466560
OAI21xp5_ASAP7_75t_R asap7sc7p5t_OA_RVT_TT_nldm_211120     0.072900      21     1.530900
OAI21xp33_ASAP7_75t_R asap7sc7p5t_OA_RVT_TT_nldm_211120     0.072900      22     1.603800
OAI22x1_ASAP7_75t_R asap7sc7p5t_OA_RVT_TT_nldm_211120     0.145800       1     0.145800
OAI22xp5_ASAP7_75t_R asap7sc7p5t_OA_RVT_TT_nldm_211120     0.087480      43     3.761640
OAI22xp33_ASAP7_75t_R asap7sc7p5t_OA_RVT_TT_nldm_211120     0.087480      18     1.574640
OAI31xp33_ASAP7_75t_R asap7sc7p5t_OA_RVT_TT_nldm_211120     0.087480       2     0.174960
OAI31xp67_ASAP7_75t_R asap7sc7p5t_OA_RVT_TT_nldm_211120     0.189540       2     0.379080
OAI32xp33_ASAP7_75t_R asap7sc7p5t_OA_RVT_TT_nldm_211120     0.102060       2     0.204120
OAI211xp5_ASAP7_75t_R asap7sc7p5t_OA_RVT_TT_nldm_211120     0.087480       6     0.524880
OAI221xp5_ASAP7_75t_R asap7sc7p5t_OA_RVT_TT_nldm_211120     0.102060       7     0.714420
OAI222xp33_ASAP7_75t_R asap7sc7p5t_OA_RVT_TT_nldm_211120     0.145800       4     0.583200
OAI311xp33_ASAP7_75t_R asap7sc7p5t_OA_RVT_TT_nldm_211120     0.102060       2     0.204120
OAI321xp33_ASAP7_75t_R asap7sc7p5t_OA_RVT_TT_nldm_211120     0.116640       1     0.116640
OAI331xp33_ASAP7_75t_R asap7sc7p5t_OA_RVT_TT_nldm_211120     0.131220       1     0.131220
OAI332xp33_ASAP7_75t_R asap7sc7p5t_OA_RVT_TT_nldm_211120     0.145800       1     0.145800
OR2x2_ASAP7_75t_R  asap7sc7p5t_SIMPLE_RVT_TT_nldm_211120     0.087480       2     0.174960
OR2x6_ASAP7_75t_R  asap7sc7p5t_SIMPLE_RVT_TT_nldm_211120     0.174960       1     0.174960
OR4x2_ASAP7_75t_R  asap7sc7p5t_SIMPLE_RVT_TT_nldm_211120     0.116640       1     0.116640
SDFHx1_ASAP7_75t_R asap7sc7p5t_SEQ_RVT_TT_nldm_220123     0.364500       1     0.364500 n
SDFHx4_ASAP7_75t_R asap7sc7p5t_SEQ_RVT_TT_nldm_220123     0.451980       8     3.615840 n
TIEHIx1_ASAP7_75t_R asap7sc7p5t_SIMPLE_RVT_TT_nldm_211120     0.043740       1     0.043740
TIELOx1_ASAP7_75t_R asap7sc7p5t_SIMPLE_RVT_TT_nldm_211120     0.043740       1     0.043740
XNOR2x1_ASAP7_75t_R asap7sc7p5t_SIMPLE_RVT_TT_nldm_211120     0.174960       1     0.174960
XNOR2xp5_ASAP7_75t_R asap7sc7p5t_SIMPLE_RVT_TT_nldm_211120     0.131220       2     0.262440
XOR2x2_ASAP7_75t_R asap7sc7p5t_SIMPLE_RVT_TT_nldm_211120     0.160380       3     0.481140
XOR2xp5_ASAP7_75t_R asap7sc7p5t_SIMPLE_RVT_TT_nldm_211120     0.131220       2     0.262440
fp16_add_piped_NUM_PIPE2_14_DW01_add_2     7.537860       1     7.537860 h
fp16_add_piped_NUM_PIPE2_14_DW01_sub_6     8.237700       1     8.237700 h
-----------------------------------------------------------------------------
Total 81 references                                    75.159900

****************************************
Design: fp16_add_piped_NUM_PIPE2_14_DW01_add_2 
****************************************
Reference          Library       Unit Area   Count    Total Area   Attributes
-----------------------------------------------------------------------------
A2O1A1Ixp33_ASAP7_75t_R asap7sc7p5t_AO_RVT_TT_nldm_211120     0.087480       2     0.174960
AND2x2_ASAP7_75t_R asap7sc7p5t_SIMPLE_RVT_TT_nldm_211120     0.087480       5     0.437400
AOI21x1_ASAP7_75t_R asap7sc7p5t_AO_RVT_TT_nldm_211120     0.116640       1     0.116640
AOI21xp5_ASAP7_75t_R asap7sc7p5t_AO_RVT_TT_nldm_211120     0.072900       1     0.072900
AOI21xp33_ASAP7_75t_R asap7sc7p5t_AO_RVT_TT_nldm_211120     0.072900       6     0.437400
AOI22xp33_ASAP7_75t_R asap7sc7p5t_AO_RVT_TT_nldm_211120     0.087480       1     0.087480
FAx1_ASAP7_75t_R   asap7sc7p5t_SIMPLE_RVT_TT_nldm_211120     0.204120       1     0.204120 r
INVx1_ASAP7_75t_R  asap7sc7p5t_INVBUF_RVT_TT_nldm_211120     0.043740      12     0.524880
INVx2_ASAP7_75t_R  asap7sc7p5t_INVBUF_RVT_TT_nldm_211120     0.058320       4     0.233280
INVxp33_ASAP7_75t_R asap7sc7p5t_INVBUF_RVT_TT_nldm_211120     0.043740       3     0.131220
INVxp67_ASAP7_75t_R asap7sc7p5t_INVBUF_RVT_TT_nldm_211120     0.043740       3     0.131220
NAND2x1_ASAP7_75t_R asap7sc7p5t_SIMPLE_RVT_TT_nldm_211120     0.087480       1     0.087480
NAND2x1p5_ASAP7_75t_R asap7sc7p5t_SIMPLE_RVT_TT_nldm_211120     0.116640       1     0.116640
NAND2xp5_ASAP7_75t_R asap7sc7p5t_SIMPLE_RVT_TT_nldm_211120     0.058320      19     1.108080
NAND2xp33_ASAP7_75t_R asap7sc7p5t_SIMPLE_RVT_TT_nldm_211120     0.058320       4     0.233280
NAND3x1_ASAP7_75t_R asap7sc7p5t_SIMPLE_RVT_TT_nldm_211120     0.160380       1     0.160380
NAND3xp33_ASAP7_75t_R asap7sc7p5t_SIMPLE_RVT_TT_nldm_211120     0.072900       1     0.072900
NOR2x1_ASAP7_75t_R asap7sc7p5t_SIMPLE_RVT_TT_nldm_211120     0.087480       2     0.174960
NOR2xp33_ASAP7_75t_R asap7sc7p5t_SIMPLE_RVT_TT_nldm_211120     0.058320       5     0.291600
NOR2xp67_ASAP7_75t_R asap7sc7p5t_SIMPLE_RVT_TT_nldm_211120     0.087480       1     0.087480
OAI21x1_ASAP7_75t_R asap7sc7p5t_OA_RVT_TT_nldm_211120     0.116640       2     0.233280
OAI21xp5_ASAP7_75t_R asap7sc7p5t_OA_RVT_TT_nldm_211120     0.072900       2     0.145800
OAI21xp33_ASAP7_75t_R asap7sc7p5t_OA_RVT_TT_nldm_211120     0.072900       2     0.145800
OR2x2_ASAP7_75t_R  asap7sc7p5t_SIMPLE_RVT_TT_nldm_211120     0.087480       8     0.699840
OR2x4_ASAP7_75t_R  asap7sc7p5t_SIMPLE_RVT_TT_nldm_211120     0.116640       1     0.116640
XNOR2xp5_ASAP7_75t_R asap7sc7p5t_SIMPLE_RVT_TT_nldm_211120     0.131220       8     1.049760
XOR2xp5_ASAP7_75t_R asap7sc7p5t_SIMPLE_RVT_TT_nldm_211120     0.131220       2     0.262440
-----------------------------------------------------------------------------
Total 27 references                                     7.537860

****************************************
Design: fp16_add_piped_NUM_PIPE2_14_DW01_sub_6 
****************************************
Reference          Library       Unit Area   Count    Total Area   Attributes
-----------------------------------------------------------------------------
AND2x2_ASAP7_75t_R asap7sc7p5t_SIMPLE_RVT_TT_nldm_211120     0.087480       3     0.262440
AO21x1_ASAP7_75t_R asap7sc7p5t_AO_RVT_TT_nldm_211120     0.087480       2     0.174960
AOI21xp5_ASAP7_75t_R asap7sc7p5t_AO_RVT_TT_nldm_211120     0.072900       3     0.218700
AOI21xp33_ASAP7_75t_R asap7sc7p5t_AO_RVT_TT_nldm_211120     0.072900       1     0.072900
AOI22xp33_ASAP7_75t_R asap7sc7p5t_AO_RVT_TT_nldm_211120     0.087480       1     0.087480
AOI211xp5_ASAP7_75t_R asap7sc7p5t_AO_RVT_TT_nldm_211120     0.087480       1     0.087480
AOI221xp5_ASAP7_75t_R asap7sc7p5t_AO_RVT_TT_nldm_211120     0.102060       1     0.102060
BUFx2_ASAP7_75t_R  asap7sc7p5t_INVBUF_RVT_TT_nldm_211120     0.072900       1     0.072900
HB1xp67_ASAP7_75t_R asap7sc7p5t_INVBUF_RVT_TT_nldm_211120     0.058320       1     0.058320
INVx1_ASAP7_75t_R  asap7sc7p5t_INVBUF_RVT_TT_nldm_211120     0.043740      26     1.137240
INVx2_ASAP7_75t_R  asap7sc7p5t_INVBUF_RVT_TT_nldm_211120     0.058320       2     0.116640
INVxp33_ASAP7_75t_R asap7sc7p5t_INVBUF_RVT_TT_nldm_211120     0.043740       5     0.218700
INVxp67_ASAP7_75t_R asap7sc7p5t_INVBUF_RVT_TT_nldm_211120     0.043740       6     0.262440
NAND2xp5_ASAP7_75t_R asap7sc7p5t_SIMPLE_RVT_TT_nldm_211120     0.058320      28     1.632960
NAND2xp33_ASAP7_75t_R asap7sc7p5t_SIMPLE_RVT_TT_nldm_211120     0.058320       3     0.174960
NOR2x1_ASAP7_75t_R asap7sc7p5t_SIMPLE_RVT_TT_nldm_211120     0.087480       1     0.087480
NOR2xp33_ASAP7_75t_R asap7sc7p5t_SIMPLE_RVT_TT_nldm_211120     0.058320       4     0.233280
NOR2xp67_ASAP7_75t_R asap7sc7p5t_SIMPLE_RVT_TT_nldm_211120     0.087480       2     0.174960
O2A1O1Ixp33_ASAP7_75t_R asap7sc7p5t_OA_RVT_TT_nldm_211120     0.087480       1     0.087480
OA21x2_ASAP7_75t_R asap7sc7p5t_OA_RVT_TT_nldm_211120     0.102060       3     0.306180
OAI21x1_ASAP7_75t_R asap7sc7p5t_OA_RVT_TT_nldm_211120     0.116640       2     0.233280
OAI21xp5_ASAP7_75t_R asap7sc7p5t_OA_RVT_TT_nldm_211120     0.072900       2     0.145800
OAI21xp33_ASAP7_75t_R asap7sc7p5t_OA_RVT_TT_nldm_211120     0.072900       2     0.145800
OR2x2_ASAP7_75t_R  asap7sc7p5t_SIMPLE_RVT_TT_nldm_211120     0.087480       2     0.174960
XNOR2xp5_ASAP7_75t_R asap7sc7p5t_SIMPLE_RVT_TT_nldm_211120     0.131220       6     0.787320
XOR2xp5_ASAP7_75t_R asap7sc7p5t_SIMPLE_RVT_TT_nldm_211120     0.131220       9     1.180980
-----------------------------------------------------------------------------
Total 26 references                                     8.237700

****************************************
Design: fp16_add_piped_NUM_PIPE2_15 
****************************************
Reference          Library       Unit Area   Count    Total Area   Attributes
-----------------------------------------------------------------------------
A2O1A1Ixp33_ASAP7_75t_R asap7sc7p5t_AO_RVT_TT_nldm_211120     0.087480      18     1.574640
A2O1A1O1Ixp25_ASAP7_75t_R asap7sc7p5t_AO_RVT_TT_nldm_211120     0.131220       2     0.262440
AND2x2_ASAP7_75t_R asap7sc7p5t_SIMPLE_RVT_TT_nldm_211120     0.087480      10     0.874800
AND2x4_ASAP7_75t_R asap7sc7p5t_SIMPLE_RVT_TT_nldm_211120     0.145800       1     0.145800
AND3x1_ASAP7_75t_R asap7sc7p5t_SIMPLE_RVT_TT_nldm_211120     0.087480       6     0.524880
AND3x2_ASAP7_75t_R asap7sc7p5t_SIMPLE_RVT_TT_nldm_211120     0.102060       1     0.102060
AND4x1_ASAP7_75t_R asap7sc7p5t_SIMPLE_RVT_TT_nldm_211120     0.102060       1     0.102060
AO21x1_ASAP7_75t_R asap7sc7p5t_AO_RVT_TT_nldm_211120     0.087480       1     0.087480
AOI21xp5_ASAP7_75t_R asap7sc7p5t_AO_RVT_TT_nldm_211120     0.072900       5     0.364500
AOI21xp33_ASAP7_75t_R asap7sc7p5t_AO_RVT_TT_nldm_211120     0.072900       5     0.364500
AOI22x1_ASAP7_75t_R asap7sc7p5t_AO_RVT_TT_nldm_211120     0.145800       1     0.145800
AOI22xp5_ASAP7_75t_R asap7sc7p5t_AO_RVT_TT_nldm_211120     0.087480       6     0.524880
AOI22xp33_ASAP7_75t_R asap7sc7p5t_AO_RVT_TT_nldm_211120     0.087480      16     1.399680
AOI31xp33_ASAP7_75t_R asap7sc7p5t_AO_RVT_TT_nldm_211120     0.087480       3     0.262440
AOI31xp67_ASAP7_75t_R asap7sc7p5t_AO_RVT_TT_nldm_211120     0.189540       2     0.379080
AOI32xp33_ASAP7_75t_R asap7sc7p5t_AO_RVT_TT_nldm_211120     0.102060       1     0.102060
AOI33xp33_ASAP7_75t_R asap7sc7p5t_AO_RVT_TT_nldm_211120     0.116640       1     0.116640
AOI211x1_ASAP7_75t_R asap7sc7p5t_AO_RVT_TT_nldm_211120     0.174960       2     0.349920
AOI211xp5_ASAP7_75t_R asap7sc7p5t_AO_RVT_TT_nldm_211120     0.087480       1     0.087480
AOI221xp5_ASAP7_75t_R asap7sc7p5t_AO_RVT_TT_nldm_211120     0.102060       1     0.102060
AOI222xp33_ASAP7_75t_R asap7sc7p5t_AO_RVT_TT_nldm_211120     0.145800       3     0.437400
AOI311xp33_ASAP7_75t_R asap7sc7p5t_AO_RVT_TT_nldm_211120     0.102060       1     0.102060
AOI321xp33_ASAP7_75t_R asap7sc7p5t_AO_RVT_TT_nldm_211120     0.116640       1     0.116640
BUFx3_ASAP7_75t_R  asap7sc7p5t_INVBUF_RVT_TT_nldm_211120     0.087480       4     0.349920
DFFASRHQNx1_ASAP7_75t_R asap7sc7p5t_SEQ_RVT_TT_nldm_220123     0.379080       2     0.758160 n
DFFHQNx1_ASAP7_75t_R asap7sc7p5t_SEQ_RVT_TT_nldm_220123     0.291600      23     6.706800 n
FAx1_ASAP7_75t_R   asap7sc7p5t_SIMPLE_RVT_TT_nldm_211120     0.204120       3     0.612360 r
HB1xp67_ASAP7_75t_R asap7sc7p5t_INVBUF_RVT_TT_nldm_211120     0.058320       4     0.233280
INVx1_ASAP7_75t_R  asap7sc7p5t_INVBUF_RVT_TT_nldm_211120     0.043740     161     7.042140
INVx2_ASAP7_75t_R  asap7sc7p5t_INVBUF_RVT_TT_nldm_211120     0.058320      38     2.216160
INVx3_ASAP7_75t_R  asap7sc7p5t_INVBUF_RVT_TT_nldm_211120     0.072900       1     0.072900
INVx5_ASAP7_75t_R  asap7sc7p5t_INVBUF_RVT_TT_nldm_211120     0.102060       1     0.102060
INVxp33_ASAP7_75t_R asap7sc7p5t_INVBUF_RVT_TT_nldm_211120     0.043740      17     0.743580
INVxp67_ASAP7_75t_R asap7sc7p5t_INVBUF_RVT_TT_nldm_211120     0.043740      15     0.656100
NAND2x1_ASAP7_75t_R asap7sc7p5t_SIMPLE_RVT_TT_nldm_211120     0.087480       8     0.699840
NAND2x1p5_ASAP7_75t_R asap7sc7p5t_SIMPLE_RVT_TT_nldm_211120     0.116640      11     1.283040
NAND2x2_ASAP7_75t_R asap7sc7p5t_SIMPLE_RVT_TT_nldm_211120     0.145800       2     0.291600
NAND2xp5_ASAP7_75t_R asap7sc7p5t_SIMPLE_RVT_TT_nldm_211120     0.058320      88     5.132160
NAND2xp33_ASAP7_75t_R asap7sc7p5t_SIMPLE_RVT_TT_nldm_211120     0.058320      23     1.341360
NAND2xp67_ASAP7_75t_R asap7sc7p5t_SIMPLE_RVT_TT_nldm_211120     0.087480       2     0.174960
NAND3x1_ASAP7_75t_R asap7sc7p5t_SIMPLE_RVT_TT_nldm_211120     0.160380       1     0.160380
NAND3xp33_ASAP7_75t_R asap7sc7p5t_SIMPLE_RVT_TT_nldm_211120     0.072900      15     1.093500
NAND4xp75_ASAP7_75t_R asap7sc7p5t_SIMPLE_RVT_TT_nldm_211120     0.204120       2     0.408240
NAND5xp2_ASAP7_75t_R asap7sc7p5t_SIMPLE_RVT_TT_nldm_211120     0.102060       3     0.306180
NOR2x1_ASAP7_75t_R asap7sc7p5t_SIMPLE_RVT_TT_nldm_211120     0.087480       1     0.087480
NOR2xp33_ASAP7_75t_R asap7sc7p5t_SIMPLE_RVT_TT_nldm_211120     0.058320      12     0.699840
NOR2xp67_ASAP7_75t_R asap7sc7p5t_SIMPLE_RVT_TT_nldm_211120     0.087480       2     0.174960
NOR3x1_ASAP7_75t_R asap7sc7p5t_SIMPLE_RVT_TT_nldm_211120     0.160380       1     0.160380
NOR4xp25_ASAP7_75t_R asap7sc7p5t_SIMPLE_RVT_TT_nldm_211120     0.087480       1     0.087480
NOR4xp75_ASAP7_75t_R asap7sc7p5t_SIMPLE_RVT_TT_nldm_211120     0.204120       1     0.204120
NOR5xp2_ASAP7_75t_R asap7sc7p5t_SIMPLE_RVT_TT_nldm_211120     0.102060       4     0.408240
O2A1O1Ixp5_ASAP7_75t_R asap7sc7p5t_OA_RVT_TT_nldm_211120     0.116640       1     0.116640
O2A1O1Ixp33_ASAP7_75t_R asap7sc7p5t_OA_RVT_TT_nldm_211120     0.087480       2     0.174960
OA21x2_ASAP7_75t_R asap7sc7p5t_OA_RVT_TT_nldm_211120     0.102060       3     0.306180
OA22x2_ASAP7_75t_R asap7sc7p5t_OA_RVT_TT_nldm_211120     0.145800       1     0.145800
OAI21x1_ASAP7_75t_R asap7sc7p5t_OA_RVT_TT_nldm_211120     0.116640       4     0.466560
OAI21xp5_ASAP7_75t_R asap7sc7p5t_OA_RVT_TT_nldm_211120     0.072900      18     1.312200
OAI21xp33_ASAP7_75t_R asap7sc7p5t_OA_RVT_TT_nldm_211120     0.072900      24     1.749600
OAI22x1_ASAP7_75t_R asap7sc7p5t_OA_RVT_TT_nldm_211120     0.145800       4     0.583200
OAI22xp5_ASAP7_75t_R asap7sc7p5t_OA_RVT_TT_nldm_211120     0.087480      40     3.499200
OAI22xp33_ASAP7_75t_R asap7sc7p5t_OA_RVT_TT_nldm_211120     0.087480      17     1.487160
OAI31xp33_ASAP7_75t_R asap7sc7p5t_OA_RVT_TT_nldm_211120     0.087480       2     0.174960
OAI31xp67_ASAP7_75t_R asap7sc7p5t_OA_RVT_TT_nldm_211120     0.189540       2     0.379080
OAI32xp33_ASAP7_75t_R asap7sc7p5t_OA_RVT_TT_nldm_211120     0.102060       2     0.204120
OAI211xp5_ASAP7_75t_R asap7sc7p5t_OA_RVT_TT_nldm_211120     0.087480       6     0.524880
OAI221xp5_ASAP7_75t_R asap7sc7p5t_OA_RVT_TT_nldm_211120     0.102060       7     0.714420
OAI222xp33_ASAP7_75t_R asap7sc7p5t_OA_RVT_TT_nldm_211120     0.145800       4     0.583200
OAI311xp33_ASAP7_75t_R asap7sc7p5t_OA_RVT_TT_nldm_211120     0.102060       2     0.204120
OAI321xp33_ASAP7_75t_R asap7sc7p5t_OA_RVT_TT_nldm_211120     0.116640       1     0.116640
OAI331xp33_ASAP7_75t_R asap7sc7p5t_OA_RVT_TT_nldm_211120     0.131220       1     0.131220
OAI332xp33_ASAP7_75t_R asap7sc7p5t_OA_RVT_TT_nldm_211120     0.145800       1     0.145800
OR2x2_ASAP7_75t_R  asap7sc7p5t_SIMPLE_RVT_TT_nldm_211120     0.087480       4     0.349920
OR2x6_ASAP7_75t_R  asap7sc7p5t_SIMPLE_RVT_TT_nldm_211120     0.174960       2     0.349920
OR4x2_ASAP7_75t_R  asap7sc7p5t_SIMPLE_RVT_TT_nldm_211120     0.116640       1     0.116640
SDFHx2_ASAP7_75t_R asap7sc7p5t_SEQ_RVT_TT_nldm_220123     0.379080       1     0.379080 n
SDFHx4_ASAP7_75t_R asap7sc7p5t_SEQ_RVT_TT_nldm_220123     0.451980       8     3.615840 n
TIEHIx1_ASAP7_75t_R asap7sc7p5t_SIMPLE_RVT_TT_nldm_211120     0.043740       1     0.043740
TIELOx1_ASAP7_75t_R asap7sc7p5t_SIMPLE_RVT_TT_nldm_211120     0.043740       1     0.043740
XNOR2x2_ASAP7_75t_R asap7sc7p5t_SIMPLE_RVT_TT_nldm_211120     0.160380       1     0.160380
XNOR2xp5_ASAP7_75t_R asap7sc7p5t_SIMPLE_RVT_TT_nldm_211120     0.131220       1     0.131220
XOR2x1_ASAP7_75t_R asap7sc7p5t_SIMPLE_RVT_TT_nldm_211120     0.174960       1     0.174960
XOR2x2_ASAP7_75t_R asap7sc7p5t_SIMPLE_RVT_TT_nldm_211120     0.160380       1     0.160380
XOR2xp5_ASAP7_75t_R asap7sc7p5t_SIMPLE_RVT_TT_nldm_211120     0.131220       4     0.524880
fp16_add_piped_NUM_PIPE2_15_DW01_add_2     7.333740       1     7.333740 h
fp16_add_piped_NUM_PIPE2_15_DW01_sub_6     8.441820       1     8.441820 h
-----------------------------------------------------------------------------
Total 85 references                                    75.582720

****************************************
Design: fp16_add_piped_NUM_PIPE2_15_DW01_add_2 
****************************************
Reference          Library       Unit Area   Count    Total Area   Attributes
-----------------------------------------------------------------------------
A2O1A1Ixp33_ASAP7_75t_R asap7sc7p5t_AO_RVT_TT_nldm_211120     0.087480       2     0.174960
AND2x2_ASAP7_75t_R asap7sc7p5t_SIMPLE_RVT_TT_nldm_211120     0.087480       3     0.262440
AOI21x1_ASAP7_75t_R asap7sc7p5t_AO_RVT_TT_nldm_211120     0.116640       2     0.233280
AOI21xp5_ASAP7_75t_R asap7sc7p5t_AO_RVT_TT_nldm_211120     0.072900       2     0.145800
AOI21xp33_ASAP7_75t_R asap7sc7p5t_AO_RVT_TT_nldm_211120     0.072900       4     0.291600
AOI22xp33_ASAP7_75t_R asap7sc7p5t_AO_RVT_TT_nldm_211120     0.087480       1     0.087480
FAx1_ASAP7_75t_R   asap7sc7p5t_SIMPLE_RVT_TT_nldm_211120     0.204120       1     0.204120 r
INVx1_ASAP7_75t_R  asap7sc7p5t_INVBUF_RVT_TT_nldm_211120     0.043740      14     0.612360
INVx2_ASAP7_75t_R  asap7sc7p5t_INVBUF_RVT_TT_nldm_211120     0.058320       1     0.058320
INVxp33_ASAP7_75t_R asap7sc7p5t_INVBUF_RVT_TT_nldm_211120     0.043740       3     0.131220
INVxp67_ASAP7_75t_R asap7sc7p5t_INVBUF_RVT_TT_nldm_211120     0.043740       3     0.131220
NAND2x1p5_ASAP7_75t_R asap7sc7p5t_SIMPLE_RVT_TT_nldm_211120     0.116640       2     0.233280
NAND2xp5_ASAP7_75t_R asap7sc7p5t_SIMPLE_RVT_TT_nldm_211120     0.058320      18     1.049760
NAND2xp33_ASAP7_75t_R asap7sc7p5t_SIMPLE_RVT_TT_nldm_211120     0.058320       5     0.291600
NAND3xp33_ASAP7_75t_R asap7sc7p5t_SIMPLE_RVT_TT_nldm_211120     0.072900       2     0.145800
NOR2x1_ASAP7_75t_R asap7sc7p5t_SIMPLE_RVT_TT_nldm_211120     0.087480       2     0.174960
NOR2xp33_ASAP7_75t_R asap7sc7p5t_SIMPLE_RVT_TT_nldm_211120     0.058320       9     0.524880
NOR2xp67_ASAP7_75t_R asap7sc7p5t_SIMPLE_RVT_TT_nldm_211120     0.087480       1     0.087480
OAI21x1_ASAP7_75t_R asap7sc7p5t_OA_RVT_TT_nldm_211120     0.116640       1     0.116640
OAI21xp5_ASAP7_75t_R asap7sc7p5t_OA_RVT_TT_nldm_211120     0.072900       3     0.218700
OAI21xp33_ASAP7_75t_R asap7sc7p5t_OA_RVT_TT_nldm_211120     0.072900       2     0.145800
OR2x2_ASAP7_75t_R  asap7sc7p5t_SIMPLE_RVT_TT_nldm_211120     0.087480       8     0.699840
XNOR2xp5_ASAP7_75t_R asap7sc7p5t_SIMPLE_RVT_TT_nldm_211120     0.131220       8     1.049760
XOR2xp5_ASAP7_75t_R asap7sc7p5t_SIMPLE_RVT_TT_nldm_211120     0.131220       2     0.262440
-----------------------------------------------------------------------------
Total 24 references                                     7.333740

****************************************
Design: fp16_add_piped_NUM_PIPE2_15_DW01_sub_6 
****************************************
Reference          Library       Unit Area   Count    Total Area   Attributes
-----------------------------------------------------------------------------
AND2x2_ASAP7_75t_R asap7sc7p5t_SIMPLE_RVT_TT_nldm_211120     0.087480       3     0.262440
AO21x2_ASAP7_75t_R asap7sc7p5t_AO_RVT_TT_nldm_211120     0.102060       2     0.204120
AOI21xp5_ASAP7_75t_R asap7sc7p5t_AO_RVT_TT_nldm_211120     0.072900       2     0.145800
AOI21xp33_ASAP7_75t_R asap7sc7p5t_AO_RVT_TT_nldm_211120     0.072900       2     0.145800
AOI22xp33_ASAP7_75t_R asap7sc7p5t_AO_RVT_TT_nldm_211120     0.087480       1     0.087480
AOI211x1_ASAP7_75t_R asap7sc7p5t_AO_RVT_TT_nldm_211120     0.174960       1     0.174960
AOI221xp5_ASAP7_75t_R asap7sc7p5t_AO_RVT_TT_nldm_211120     0.102060       1     0.102060
BUFx3_ASAP7_75t_R  asap7sc7p5t_INVBUF_RVT_TT_nldm_211120     0.087480       1     0.087480
INVx1_ASAP7_75t_R  asap7sc7p5t_INVBUF_RVT_TT_nldm_211120     0.043740      28     1.224720
INVx2_ASAP7_75t_R  asap7sc7p5t_INVBUF_RVT_TT_nldm_211120     0.058320       1     0.058320
INVxp33_ASAP7_75t_R asap7sc7p5t_INVBUF_RVT_TT_nldm_211120     0.043740       4     0.174960
INVxp67_ASAP7_75t_R asap7sc7p5t_INVBUF_RVT_TT_nldm_211120     0.043740       7     0.306180
NAND2xp5_ASAP7_75t_R asap7sc7p5t_SIMPLE_RVT_TT_nldm_211120     0.058320      27     1.574640
NAND2xp33_ASAP7_75t_R asap7sc7p5t_SIMPLE_RVT_TT_nldm_211120     0.058320       3     0.174960
NOR2x1_ASAP7_75t_R asap7sc7p5t_SIMPLE_RVT_TT_nldm_211120     0.087480       2     0.174960
NOR2xp33_ASAP7_75t_R asap7sc7p5t_SIMPLE_RVT_TT_nldm_211120     0.058320       4     0.233280
O2A1O1Ixp5_ASAP7_75t_R asap7sc7p5t_OA_RVT_TT_nldm_211120     0.116640       1     0.116640
OA21x2_ASAP7_75t_R asap7sc7p5t_OA_RVT_TT_nldm_211120     0.102060       3     0.306180
OAI21x1_ASAP7_75t_R asap7sc7p5t_OA_RVT_TT_nldm_211120     0.116640       3     0.349920
OAI21xp5_ASAP7_75t_R asap7sc7p5t_OA_RVT_TT_nldm_211120     0.072900       1     0.072900
OAI21xp33_ASAP7_75t_R asap7sc7p5t_OA_RVT_TT_nldm_211120     0.072900       2     0.145800
OR2x2_ASAP7_75t_R  asap7sc7p5t_SIMPLE_RVT_TT_nldm_211120     0.087480       4     0.349920
XNOR2xp5_ASAP7_75t_R asap7sc7p5t_SIMPLE_RVT_TT_nldm_211120     0.131220       6     0.787320
XOR2xp5_ASAP7_75t_R asap7sc7p5t_SIMPLE_RVT_TT_nldm_211120     0.131220       9     1.180980
-----------------------------------------------------------------------------
Total 24 references                                     8.441820

****************************************
Design: fp16_mult_piped_NUM_PIPE2_0 
****************************************
Reference          Library       Unit Area   Count    Total Area   Attributes
-----------------------------------------------------------------------------
A2O1A1Ixp33_ASAP7_75t_R asap7sc7p5t_AO_RVT_TT_nldm_211120     0.087480       1     0.087480
AND2x2_ASAP7_75t_R asap7sc7p5t_SIMPLE_RVT_TT_nldm_211120     0.087480      10     0.874800
AND4x1_ASAP7_75t_R asap7sc7p5t_SIMPLE_RVT_TT_nldm_211120     0.102060       2     0.204120
AOI21x1_ASAP7_75t_R asap7sc7p5t_AO_RVT_TT_nldm_211120     0.116640       2     0.233280
AOI31xp67_ASAP7_75t_R asap7sc7p5t_AO_RVT_TT_nldm_211120     0.189540       1     0.189540
AOI211xp5_ASAP7_75t_R asap7sc7p5t_AO_RVT_TT_nldm_211120     0.087480       1     0.087480
BUFx3_ASAP7_75t_R  asap7sc7p5t_INVBUF_RVT_TT_nldm_211120     0.087480       2     0.174960
BUFx6f_ASAP7_75t_R asap7sc7p5t_INVBUF_RVT_TT_nldm_211120     0.145800       2     0.291600
CKINVDCx20_ASAP7_75t_R asap7sc7p5t_INVBUF_RVT_TT_nldm_211120     0.554040       1     0.554040
DFFASRHQNx1_ASAP7_75t_R asap7sc7p5t_SEQ_RVT_TT_nldm_220123     0.379080       2     0.758160 n
DFFHQNx1_ASAP7_75t_R asap7sc7p5t_SEQ_RVT_TT_nldm_220123     0.291600      31     9.039600 n
DFFHQx4_ASAP7_75t_R asap7sc7p5t_SEQ_RVT_TT_nldm_220123     0.364500       1     0.364500 n
FAx1_ASAP7_75t_R   asap7sc7p5t_SIMPLE_RVT_TT_nldm_211120     0.204120       5     1.020600 r
HB1xp67_ASAP7_75t_R asap7sc7p5t_INVBUF_RVT_TT_nldm_211120     0.058320       9     0.524880
INVx1_ASAP7_75t_R  asap7sc7p5t_INVBUF_RVT_TT_nldm_211120     0.043740      70     3.061800
INVx2_ASAP7_75t_R  asap7sc7p5t_INVBUF_RVT_TT_nldm_211120     0.058320       4     0.233280
INVx3_ASAP7_75t_R  asap7sc7p5t_INVBUF_RVT_TT_nldm_211120     0.072900       2     0.145800
INVx8_ASAP7_75t_R  asap7sc7p5t_INVBUF_RVT_TT_nldm_211120     0.145800       1     0.145800
INVxp33_ASAP7_75t_R asap7sc7p5t_INVBUF_RVT_TT_nldm_211120     0.043740       4     0.174960
INVxp67_ASAP7_75t_R asap7sc7p5t_INVBUF_RVT_TT_nldm_211120     0.043740      11     0.481140
MAJIxp5_ASAP7_75t_R asap7sc7p5t_SIMPLE_RVT_TT_nldm_211120     0.102060       2     0.204120
NAND2x1_ASAP7_75t_R asap7sc7p5t_SIMPLE_RVT_TT_nldm_211120     0.087480       2     0.174960
NAND2x1p5_ASAP7_75t_R asap7sc7p5t_SIMPLE_RVT_TT_nldm_211120     0.116640       4     0.466560
NAND2xp5_ASAP7_75t_R asap7sc7p5t_SIMPLE_RVT_TT_nldm_211120     0.058320      11     0.641520
NAND2xp33_ASAP7_75t_R asap7sc7p5t_SIMPLE_RVT_TT_nldm_211120     0.058320      16     0.933120
NAND3xp33_ASAP7_75t_R asap7sc7p5t_SIMPLE_RVT_TT_nldm_211120     0.072900       3     0.218700
NAND4xp25_ASAP7_75t_R asap7sc7p5t_SIMPLE_RVT_TT_nldm_211120     0.087480       2     0.174960
NAND5xp2_ASAP7_75t_R asap7sc7p5t_SIMPLE_RVT_TT_nldm_211120     0.102060       3     0.306180
NOR2x1_ASAP7_75t_R asap7sc7p5t_SIMPLE_RVT_TT_nldm_211120     0.087480       8     0.699840
NOR2x1p5_ASAP7_75t_R asap7sc7p5t_SIMPLE_RVT_TT_nldm_211120     0.116640       3     0.349920
NOR2x2_ASAP7_75t_R asap7sc7p5t_SIMPLE_RVT_TT_nldm_211120     0.145800       1     0.145800
NOR2xp33_ASAP7_75t_R asap7sc7p5t_SIMPLE_RVT_TT_nldm_211120     0.058320      13     0.758160
NOR2xp67_ASAP7_75t_R asap7sc7p5t_SIMPLE_RVT_TT_nldm_211120     0.087480       2     0.174960
NOR3x1_ASAP7_75t_R asap7sc7p5t_SIMPLE_RVT_TT_nldm_211120     0.160380       2     0.320760
NOR3xp33_ASAP7_75t_R asap7sc7p5t_SIMPLE_RVT_TT_nldm_211120     0.072900       1     0.072900
NOR5xp2_ASAP7_75t_R asap7sc7p5t_SIMPLE_RVT_TT_nldm_211120     0.102060       4     0.408240
O2A1O1Ixp5_ASAP7_75t_R asap7sc7p5t_OA_RVT_TT_nldm_211120     0.116640       1     0.116640
OA21x2_ASAP7_75t_R asap7sc7p5t_OA_RVT_TT_nldm_211120     0.102060       2     0.204120
OAI21xp5_ASAP7_75t_R asap7sc7p5t_OA_RVT_TT_nldm_211120     0.072900       2     0.145800
OAI21xp33_ASAP7_75t_R asap7sc7p5t_OA_RVT_TT_nldm_211120     0.072900      19     1.385100
OAI22x1_ASAP7_75t_R asap7sc7p5t_OA_RVT_TT_nldm_211120     0.145800       1     0.145800
OAI22xp5_ASAP7_75t_R asap7sc7p5t_OA_RVT_TT_nldm_211120     0.087480       1     0.087480
OAI22xp33_ASAP7_75t_R asap7sc7p5t_OA_RVT_TT_nldm_211120     0.087480       1     0.087480
OAI32xp33_ASAP7_75t_R asap7sc7p5t_OA_RVT_TT_nldm_211120     0.102060       2     0.204120
OAI211xp5_ASAP7_75t_R asap7sc7p5t_OA_RVT_TT_nldm_211120     0.087480       9     0.787320
OR2x2_ASAP7_75t_R  asap7sc7p5t_SIMPLE_RVT_TT_nldm_211120     0.087480       2     0.174960
OR5x1_ASAP7_75t_R  asap7sc7p5t_SIMPLE_RVT_TT_nldm_211120     0.116640       3     0.349920
TIEHIx1_ASAP7_75t_R asap7sc7p5t_SIMPLE_RVT_TT_nldm_211120     0.043740       1     0.043740
TIELOx1_ASAP7_75t_R asap7sc7p5t_SIMPLE_RVT_TT_nldm_211120     0.043740       1     0.043740
XNOR2xp5_ASAP7_75t_R asap7sc7p5t_SIMPLE_RVT_TT_nldm_211120     0.131220       1     0.131220
XOR2x2_ASAP7_75t_R asap7sc7p5t_SIMPLE_RVT_TT_nldm_211120     0.160380       1     0.160380
XOR2xp5_ASAP7_75t_R asap7sc7p5t_SIMPLE_RVT_TT_nldm_211120     0.131220       2     0.262440
fp16_mult_piped_NUM_PIPE2_0_DW02_mult_0    49.557420       1    49.557420 h
-----------------------------------------------------------------------------
Total 53 references                                    78.586199

****************************************
Design: fp16_mult_piped_NUM_PIPE2_0_DW02_mult_0 
****************************************
Reference          Library       Unit Area   Count    Total Area   Attributes
-----------------------------------------------------------------------------
AND2x2_ASAP7_75t_R asap7sc7p5t_SIMPLE_RVT_TT_nldm_211120     0.087480     136    11.897280
AND2x4_ASAP7_75t_R asap7sc7p5t_SIMPLE_RVT_TT_nldm_211120     0.145800       3     0.437400
BUFx3_ASAP7_75t_R  asap7sc7p5t_INVBUF_RVT_TT_nldm_211120     0.087480       1     0.087480
BUFx6f_ASAP7_75t_R asap7sc7p5t_INVBUF_RVT_TT_nldm_211120     0.145800       1     0.145800
FAx1_ASAP7_75t_R   asap7sc7p5t_SIMPLE_RVT_TT_nldm_211120     0.204120      90    18.370800 r
HB1xp67_ASAP7_75t_R asap7sc7p5t_INVBUF_RVT_TT_nldm_211120     0.058320       1     0.058320
INVx1_ASAP7_75t_R  asap7sc7p5t_INVBUF_RVT_TT_nldm_211120     0.043740     186     8.135640
INVx2_ASAP7_75t_R  asap7sc7p5t_INVBUF_RVT_TT_nldm_211120     0.058320       3     0.174960
INVxp33_ASAP7_75t_R asap7sc7p5t_INVBUF_RVT_TT_nldm_211120     0.043740       1     0.043740
INVxp67_ASAP7_75t_R asap7sc7p5t_INVBUF_RVT_TT_nldm_211120     0.043740       3     0.131220
NAND2xp5_ASAP7_75t_R asap7sc7p5t_SIMPLE_RVT_TT_nldm_211120     0.058320       2     0.116640
TIELOx1_ASAP7_75t_R asap7sc7p5t_SIMPLE_RVT_TT_nldm_211120     0.043740       1     0.043740
XNOR2x1_ASAP7_75t_R asap7sc7p5t_SIMPLE_RVT_TT_nldm_211120     0.174960       1     0.174960
XNOR2xp5_ASAP7_75t_R asap7sc7p5t_SIMPLE_RVT_TT_nldm_211120     0.131220       8     1.049760
XOR2x2_ASAP7_75t_R asap7sc7p5t_SIMPLE_RVT_TT_nldm_211120     0.160380       8     1.283040
XOR2xp5_ASAP7_75t_R asap7sc7p5t_SIMPLE_RVT_TT_nldm_211120     0.131220       3     0.393660
fp16_mult_piped_NUM_PIPE2_0_DW01_add_3     7.012980       1     7.012980 h
-----------------------------------------------------------------------------
Total 17 references                                    49.557420

****************************************
Design: fp16_mult_piped_NUM_PIPE2_0_DW01_add_3 
****************************************
Reference          Library       Unit Area   Count    Total Area   Attributes
-----------------------------------------------------------------------------
AOI21x1_ASAP7_75t_R asap7sc7p5t_AO_RVT_TT_nldm_211120     0.116640       1     0.116640
AOI21xp5_ASAP7_75t_R asap7sc7p5t_AO_RVT_TT_nldm_211120     0.072900       2     0.145800
AOI21xp33_ASAP7_75t_R asap7sc7p5t_AO_RVT_TT_nldm_211120     0.072900       3     0.218700
AOI22xp33_ASAP7_75t_R asap7sc7p5t_AO_RVT_TT_nldm_211120     0.087480       1     0.087480
FAx1_ASAP7_75t_R   asap7sc7p5t_SIMPLE_RVT_TT_nldm_211120     0.204120       1     0.204120 r
INVx1_ASAP7_75t_R  asap7sc7p5t_INVBUF_RVT_TT_nldm_211120     0.043740      19     0.831060
INVx4_ASAP7_75t_R  asap7sc7p5t_INVBUF_RVT_TT_nldm_211120     0.087480       1     0.087480
NAND2x1p5_ASAP7_75t_R asap7sc7p5t_SIMPLE_RVT_TT_nldm_211120     0.116640       2     0.233280
NAND2xp5_ASAP7_75t_R asap7sc7p5t_SIMPLE_RVT_TT_nldm_211120     0.058320      15     0.874800
NAND3xp33_ASAP7_75t_R asap7sc7p5t_SIMPLE_RVT_TT_nldm_211120     0.072900       5     0.364500
NAND4xp75_ASAP7_75t_R asap7sc7p5t_SIMPLE_RVT_TT_nldm_211120     0.204120       1     0.204120
NOR2x1_ASAP7_75t_R asap7sc7p5t_SIMPLE_RVT_TT_nldm_211120     0.087480       6     0.524880
NOR2x2_ASAP7_75t_R asap7sc7p5t_SIMPLE_RVT_TT_nldm_211120     0.145800       1     0.145800
NOR2xp33_ASAP7_75t_R asap7sc7p5t_SIMPLE_RVT_TT_nldm_211120     0.058320       4     0.233280
NOR3x2_ASAP7_75t_R asap7sc7p5t_SIMPLE_RVT_TT_nldm_211120     0.291600       1     0.291600
NOR3xp33_ASAP7_75t_R asap7sc7p5t_SIMPLE_RVT_TT_nldm_211120     0.072900       1     0.072900
OA21x2_ASAP7_75t_R asap7sc7p5t_OA_RVT_TT_nldm_211120     0.102060       2     0.204120
OAI21x1_ASAP7_75t_R asap7sc7p5t_OA_RVT_TT_nldm_211120     0.116640       1     0.116640
OAI21xp5_ASAP7_75t_R asap7sc7p5t_OA_RVT_TT_nldm_211120     0.072900       3     0.218700
OAI31xp33_ASAP7_75t_R asap7sc7p5t_OA_RVT_TT_nldm_211120     0.087480       1     0.087480
OR2x2_ASAP7_75t_R  asap7sc7p5t_SIMPLE_RVT_TT_nldm_211120     0.087480       3     0.262440
OR2x6_ASAP7_75t_R  asap7sc7p5t_SIMPLE_RVT_TT_nldm_211120     0.174960       1     0.174960
XNOR2xp5_ASAP7_75t_R asap7sc7p5t_SIMPLE_RVT_TT_nldm_211120     0.131220       6     0.787320
XOR2xp5_ASAP7_75t_R asap7sc7p5t_SIMPLE_RVT_TT_nldm_211120     0.131220       4     0.524880
-----------------------------------------------------------------------------
Total 24 references                                     7.012980

****************************************
Design: fp16_mult_piped_NUM_PIPE2_1 
****************************************
Reference          Library       Unit Area   Count    Total Area   Attributes
-----------------------------------------------------------------------------
A2O1A1Ixp33_ASAP7_75t_R asap7sc7p5t_AO_RVT_TT_nldm_211120     0.087480       1     0.087480
AND2x2_ASAP7_75t_R asap7sc7p5t_SIMPLE_RVT_TT_nldm_211120     0.087480       8     0.699840
AND2x4_ASAP7_75t_R asap7sc7p5t_SIMPLE_RVT_TT_nldm_211120     0.145800       2     0.291600
AND4x1_ASAP7_75t_R asap7sc7p5t_SIMPLE_RVT_TT_nldm_211120     0.102060       1     0.102060
AOI21x1_ASAP7_75t_R asap7sc7p5t_AO_RVT_TT_nldm_211120     0.116640       3     0.349920
AOI31xp67_ASAP7_75t_R asap7sc7p5t_AO_RVT_TT_nldm_211120     0.189540       1     0.189540
AOI211xp5_ASAP7_75t_R asap7sc7p5t_AO_RVT_TT_nldm_211120     0.087480       1     0.087480
BUFx3_ASAP7_75t_R  asap7sc7p5t_INVBUF_RVT_TT_nldm_211120     0.087480       5     0.437400
BUFx6f_ASAP7_75t_R asap7sc7p5t_INVBUF_RVT_TT_nldm_211120     0.145800       2     0.291600
DFFASRHQNx1_ASAP7_75t_R asap7sc7p5t_SEQ_RVT_TT_nldm_220123     0.379080       2     0.758160 n
DFFHQNx1_ASAP7_75t_R asap7sc7p5t_SEQ_RVT_TT_nldm_220123     0.291600      32     9.331200 n
FAx1_ASAP7_75t_R   asap7sc7p5t_SIMPLE_RVT_TT_nldm_211120     0.204120       5     1.020600 r
HB1xp67_ASAP7_75t_R asap7sc7p5t_INVBUF_RVT_TT_nldm_211120     0.058320       6     0.349920
INVx1_ASAP7_75t_R  asap7sc7p5t_INVBUF_RVT_TT_nldm_211120     0.043740      71     3.105540
INVx2_ASAP7_75t_R  asap7sc7p5t_INVBUF_RVT_TT_nldm_211120     0.058320       8     0.466560
INVx4_ASAP7_75t_R  asap7sc7p5t_INVBUF_RVT_TT_nldm_211120     0.087480       1     0.087480
INVx5_ASAP7_75t_R  asap7sc7p5t_INVBUF_RVT_TT_nldm_211120     0.102060       1     0.102060
INVx6_ASAP7_75t_R  asap7sc7p5t_INVBUF_RVT_TT_nldm_211120     0.116640       1     0.116640
INVxp33_ASAP7_75t_R asap7sc7p5t_INVBUF_RVT_TT_nldm_211120     0.043740       9     0.393660
INVxp67_ASAP7_75t_R asap7sc7p5t_INVBUF_RVT_TT_nldm_211120     0.043740       5     0.218700
MAJIxp5_ASAP7_75t_R asap7sc7p5t_SIMPLE_RVT_TT_nldm_211120     0.102060       1     0.102060
NAND2x1_ASAP7_75t_R asap7sc7p5t_SIMPLE_RVT_TT_nldm_211120     0.087480       2     0.174960
NAND2x1p5_ASAP7_75t_R asap7sc7p5t_SIMPLE_RVT_TT_nldm_211120     0.116640       1     0.116640
NAND2xp5_ASAP7_75t_R asap7sc7p5t_SIMPLE_RVT_TT_nldm_211120     0.058320      16     0.933120
NAND2xp33_ASAP7_75t_R asap7sc7p5t_SIMPLE_RVT_TT_nldm_211120     0.058320      14     0.816480
NAND3x1_ASAP7_75t_R asap7sc7p5t_SIMPLE_RVT_TT_nldm_211120     0.160380       1     0.160380
NAND3xp33_ASAP7_75t_R asap7sc7p5t_SIMPLE_RVT_TT_nldm_211120     0.072900       1     0.072900
NAND4xp25_ASAP7_75t_R asap7sc7p5t_SIMPLE_RVT_TT_nldm_211120     0.087480       2     0.174960
NAND5xp2_ASAP7_75t_R asap7sc7p5t_SIMPLE_RVT_TT_nldm_211120     0.102060       3     0.306180
NOR2x1_ASAP7_75t_R asap7sc7p5t_SIMPLE_RVT_TT_nldm_211120     0.087480       6     0.524880
NOR2x2_ASAP7_75t_R asap7sc7p5t_SIMPLE_RVT_TT_nldm_211120     0.145800       2     0.291600
NOR2xp33_ASAP7_75t_R asap7sc7p5t_SIMPLE_RVT_TT_nldm_211120     0.058320       8     0.466560
NOR2xp67_ASAP7_75t_R asap7sc7p5t_SIMPLE_RVT_TT_nldm_211120     0.087480      10     0.874800
NOR3x1_ASAP7_75t_R asap7sc7p5t_SIMPLE_RVT_TT_nldm_211120     0.160380       1     0.160380
NOR3xp33_ASAP7_75t_R asap7sc7p5t_SIMPLE_RVT_TT_nldm_211120     0.072900       2     0.145800
NOR5xp2_ASAP7_75t_R asap7sc7p5t_SIMPLE_RVT_TT_nldm_211120     0.102060       4     0.408240
O2A1O1Ixp5_ASAP7_75t_R asap7sc7p5t_OA_RVT_TT_nldm_211120     0.116640       1     0.116640
OA21x2_ASAP7_75t_R asap7sc7p5t_OA_RVT_TT_nldm_211120     0.102060       1     0.102060
OAI21x1_ASAP7_75t_R asap7sc7p5t_OA_RVT_TT_nldm_211120     0.116640       1     0.116640
OAI21xp5_ASAP7_75t_R asap7sc7p5t_OA_RVT_TT_nldm_211120     0.072900       5     0.364500
OAI21xp33_ASAP7_75t_R asap7sc7p5t_OA_RVT_TT_nldm_211120     0.072900      16     1.166400
OAI22xp5_ASAP7_75t_R asap7sc7p5t_OA_RVT_TT_nldm_211120     0.087480       2     0.174960
OAI22xp33_ASAP7_75t_R asap7sc7p5t_OA_RVT_TT_nldm_211120     0.087480       1     0.087480
OAI32xp33_ASAP7_75t_R asap7sc7p5t_OA_RVT_TT_nldm_211120     0.102060       1     0.102060
OAI211xp5_ASAP7_75t_R asap7sc7p5t_OA_RVT_TT_nldm_211120     0.087480       9     0.787320
OR2x2_ASAP7_75t_R  asap7sc7p5t_SIMPLE_RVT_TT_nldm_211120     0.087480       1     0.087480
OR5x1_ASAP7_75t_R  asap7sc7p5t_SIMPLE_RVT_TT_nldm_211120     0.116640       2     0.233280
TIEHIx1_ASAP7_75t_R asap7sc7p5t_SIMPLE_RVT_TT_nldm_211120     0.043740       1     0.043740
TIELOx1_ASAP7_75t_R asap7sc7p5t_SIMPLE_RVT_TT_nldm_211120     0.043740       1     0.043740
XNOR2xp5_ASAP7_75t_R asap7sc7p5t_SIMPLE_RVT_TT_nldm_211120     0.131220       1     0.131220
XOR2x2_ASAP7_75t_R asap7sc7p5t_SIMPLE_RVT_TT_nldm_211120     0.160380       1     0.160380
XOR2xp5_ASAP7_75t_R asap7sc7p5t_SIMPLE_RVT_TT_nldm_211120     0.131220       2     0.262440
fp16_mult_piped_NUM_PIPE2_1_DW02_mult_0_DW02_mult_15    50.198940       1    50.198940 h
-----------------------------------------------------------------------------
Total 53 references                                    78.396660

****************************************
Design: fp16_mult_piped_NUM_PIPE2_1_DW02_mult_0_DW02_mult_15 
****************************************
Reference          Library       Unit Area   Count    Total Area   Attributes
-----------------------------------------------------------------------------
AND2x2_ASAP7_75t_R asap7sc7p5t_SIMPLE_RVT_TT_nldm_211120     0.087480     135    11.809800
AND2x4_ASAP7_75t_R asap7sc7p5t_SIMPLE_RVT_TT_nldm_211120     0.145800       5     0.729000
BUFx3_ASAP7_75t_R  asap7sc7p5t_INVBUF_RVT_TT_nldm_211120     0.087480       3     0.262440
BUFx6f_ASAP7_75t_R asap7sc7p5t_INVBUF_RVT_TT_nldm_211120     0.145800       2     0.291600
FAx1_ASAP7_75t_R   asap7sc7p5t_SIMPLE_RVT_TT_nldm_211120     0.204120      90    18.370800 r
HB1xp67_ASAP7_75t_R asap7sc7p5t_INVBUF_RVT_TT_nldm_211120     0.058320       5     0.291600
INVx1_ASAP7_75t_R  asap7sc7p5t_INVBUF_RVT_TT_nldm_211120     0.043740     174     7.610760
INVx2_ASAP7_75t_R  asap7sc7p5t_INVBUF_RVT_TT_nldm_211120     0.058320       3     0.174960
INVxp33_ASAP7_75t_R asap7sc7p5t_INVBUF_RVT_TT_nldm_211120     0.043740       2     0.087480
INVxp67_ASAP7_75t_R asap7sc7p5t_INVBUF_RVT_TT_nldm_211120     0.043740       6     0.262440
NAND2xp5_ASAP7_75t_R asap7sc7p5t_SIMPLE_RVT_TT_nldm_211120     0.058320       1     0.058320
TIELOx1_ASAP7_75t_R asap7sc7p5t_SIMPLE_RVT_TT_nldm_211120     0.043740       1     0.043740
XNOR2x1_ASAP7_75t_R asap7sc7p5t_SIMPLE_RVT_TT_nldm_211120     0.174960       1     0.174960
XNOR2xp5_ASAP7_75t_R asap7sc7p5t_SIMPLE_RVT_TT_nldm_211120     0.131220       1     0.131220
XOR2x2_ASAP7_75t_R asap7sc7p5t_SIMPLE_RVT_TT_nldm_211120     0.160380      13     2.084940
XOR2xp5_ASAP7_75t_R asap7sc7p5t_SIMPLE_RVT_TT_nldm_211120     0.131220       5     0.656100
fp16_mult_piped_NUM_PIPE2_1_DW01_add_3     7.158780       1     7.158780 h
-----------------------------------------------------------------------------
Total 17 references                                    50.198940

****************************************
Design: fp16_mult_piped_NUM_PIPE2_1_DW01_add_3 
****************************************
Reference          Library       Unit Area   Count    Total Area   Attributes
-----------------------------------------------------------------------------
AND2x2_ASAP7_75t_R asap7sc7p5t_SIMPLE_RVT_TT_nldm_211120     0.087480       3     0.262440
AOI21xp5_ASAP7_75t_R asap7sc7p5t_AO_RVT_TT_nldm_211120     0.072900       1     0.072900
AOI21xp33_ASAP7_75t_R asap7sc7p5t_AO_RVT_TT_nldm_211120     0.072900       4     0.291600
AOI22xp33_ASAP7_75t_R asap7sc7p5t_AO_RVT_TT_nldm_211120     0.087480       1     0.087480
FAx1_ASAP7_75t_R   asap7sc7p5t_SIMPLE_RVT_TT_nldm_211120     0.204120       1     0.204120 r
HB1xp67_ASAP7_75t_R asap7sc7p5t_INVBUF_RVT_TT_nldm_211120     0.058320       1     0.058320
INVx1_ASAP7_75t_R  asap7sc7p5t_INVBUF_RVT_TT_nldm_211120     0.043740      11     0.481140
INVxp33_ASAP7_75t_R asap7sc7p5t_INVBUF_RVT_TT_nldm_211120     0.043740       7     0.306180
INVxp67_ASAP7_75t_R asap7sc7p5t_INVBUF_RVT_TT_nldm_211120     0.043740       4     0.174960
NAND2x1p5_ASAP7_75t_R asap7sc7p5t_SIMPLE_RVT_TT_nldm_211120     0.116640       1     0.116640
NAND2xp5_ASAP7_75t_R asap7sc7p5t_SIMPLE_RVT_TT_nldm_211120     0.058320      11     0.641520
NAND2xp33_ASAP7_75t_R asap7sc7p5t_SIMPLE_RVT_TT_nldm_211120     0.058320       4     0.233280
NAND3xp33_ASAP7_75t_R asap7sc7p5t_SIMPLE_RVT_TT_nldm_211120     0.072900       5     0.364500
NAND4xp75_ASAP7_75t_R asap7sc7p5t_SIMPLE_RVT_TT_nldm_211120     0.204120       1     0.204120
NOR2x1_ASAP7_75t_R asap7sc7p5t_SIMPLE_RVT_TT_nldm_211120     0.087480       4     0.349920
NOR2x1p5_ASAP7_75t_R asap7sc7p5t_SIMPLE_RVT_TT_nldm_211120     0.116640       1     0.116640
NOR2xp33_ASAP7_75t_R asap7sc7p5t_SIMPLE_RVT_TT_nldm_211120     0.058320       5     0.291600
NOR2xp67_ASAP7_75t_R asap7sc7p5t_SIMPLE_RVT_TT_nldm_211120     0.087480       2     0.174960
NOR3x1_ASAP7_75t_R asap7sc7p5t_SIMPLE_RVT_TT_nldm_211120     0.160380       1     0.160380
NOR3xp33_ASAP7_75t_R asap7sc7p5t_SIMPLE_RVT_TT_nldm_211120     0.072900       1     0.072900
OA21x2_ASAP7_75t_R asap7sc7p5t_OA_RVT_TT_nldm_211120     0.102060       2     0.204120
OAI21x1_ASAP7_75t_R asap7sc7p5t_OA_RVT_TT_nldm_211120     0.116640       1     0.116640
OAI21xp5_ASAP7_75t_R asap7sc7p5t_OA_RVT_TT_nldm_211120     0.072900       3     0.218700
OAI31xp33_ASAP7_75t_R asap7sc7p5t_OA_RVT_TT_nldm_211120     0.087480       1     0.087480
OR2x2_ASAP7_75t_R  asap7sc7p5t_SIMPLE_RVT_TT_nldm_211120     0.087480       6     0.524880
XNOR2xp5_ASAP7_75t_R asap7sc7p5t_SIMPLE_RVT_TT_nldm_211120     0.131220       6     0.787320
XOR2x2_ASAP7_75t_R asap7sc7p5t_SIMPLE_RVT_TT_nldm_211120     0.160380       1     0.160380
XOR2xp5_ASAP7_75t_R asap7sc7p5t_SIMPLE_RVT_TT_nldm_211120     0.131220       3     0.393660
-----------------------------------------------------------------------------
Total 28 references                                     7.158780

****************************************
Design: fp16_mult_piped_NUM_PIPE2_2 
****************************************
Reference          Library       Unit Area   Count    Total Area   Attributes
-----------------------------------------------------------------------------
A2O1A1Ixp33_ASAP7_75t_R asap7sc7p5t_AO_RVT_TT_nldm_211120     0.087480       1     0.087480
AND2x2_ASAP7_75t_R asap7sc7p5t_SIMPLE_RVT_TT_nldm_211120     0.087480       8     0.699840
AND2x4_ASAP7_75t_R asap7sc7p5t_SIMPLE_RVT_TT_nldm_211120     0.145800       2     0.291600
AND4x1_ASAP7_75t_R asap7sc7p5t_SIMPLE_RVT_TT_nldm_211120     0.102060       1     0.102060
AOI21x1_ASAP7_75t_R asap7sc7p5t_AO_RVT_TT_nldm_211120     0.116640       2     0.233280
AOI21xp5_ASAP7_75t_R asap7sc7p5t_AO_RVT_TT_nldm_211120     0.072900       1     0.072900
AOI31xp67_ASAP7_75t_R asap7sc7p5t_AO_RVT_TT_nldm_211120     0.189540       1     0.189540
AOI211xp5_ASAP7_75t_R asap7sc7p5t_AO_RVT_TT_nldm_211120     0.087480       1     0.087480
BUFx2_ASAP7_75t_R  asap7sc7p5t_INVBUF_RVT_TT_nldm_211120     0.072900       1     0.072900
BUFx3_ASAP7_75t_R  asap7sc7p5t_INVBUF_RVT_TT_nldm_211120     0.087480       2     0.174960
BUFx4f_ASAP7_75t_R asap7sc7p5t_INVBUF_RVT_TT_nldm_211120     0.116640       1     0.116640
BUFx6f_ASAP7_75t_R asap7sc7p5t_INVBUF_RVT_TT_nldm_211120     0.145800       2     0.291600
BUFx8_ASAP7_75t_R  asap7sc7p5t_INVBUF_RVT_TT_nldm_211120     0.174960       1     0.174960
CKINVDCx20_ASAP7_75t_R asap7sc7p5t_INVBUF_RVT_TT_nldm_211120     0.554040       1     0.554040
DFFASRHQNx1_ASAP7_75t_R asap7sc7p5t_SEQ_RVT_TT_nldm_220123     0.379080       2     0.758160 n
DFFHQNx1_ASAP7_75t_R asap7sc7p5t_SEQ_RVT_TT_nldm_220123     0.291600      32     9.331200 n
FAx1_ASAP7_75t_R   asap7sc7p5t_SIMPLE_RVT_TT_nldm_211120     0.204120       5     1.020600 r
HB1xp67_ASAP7_75t_R asap7sc7p5t_INVBUF_RVT_TT_nldm_211120     0.058320       2     0.116640
INVx1_ASAP7_75t_R  asap7sc7p5t_INVBUF_RVT_TT_nldm_211120     0.043740      75     3.280500
INVx2_ASAP7_75t_R  asap7sc7p5t_INVBUF_RVT_TT_nldm_211120     0.058320       1     0.058320
INVx8_ASAP7_75t_R  asap7sc7p5t_INVBUF_RVT_TT_nldm_211120     0.145800       1     0.145800
INVx11_ASAP7_75t_R asap7sc7p5t_INVBUF_RVT_TT_nldm_211120     0.189540       1     0.189540
INVxp33_ASAP7_75t_R asap7sc7p5t_INVBUF_RVT_TT_nldm_211120     0.043740       8     0.349920
INVxp67_ASAP7_75t_R asap7sc7p5t_INVBUF_RVT_TT_nldm_211120     0.043740      10     0.437400
MAJIxp5_ASAP7_75t_R asap7sc7p5t_SIMPLE_RVT_TT_nldm_211120     0.102060       1     0.102060
NAND2x1_ASAP7_75t_R asap7sc7p5t_SIMPLE_RVT_TT_nldm_211120     0.087480       1     0.087480
NAND2x1p5_ASAP7_75t_R asap7sc7p5t_SIMPLE_RVT_TT_nldm_211120     0.116640       1     0.116640
NAND2xp5_ASAP7_75t_R asap7sc7p5t_SIMPLE_RVT_TT_nldm_211120     0.058320      18     1.049760
NAND2xp33_ASAP7_75t_R asap7sc7p5t_SIMPLE_RVT_TT_nldm_211120     0.058320      16     0.933120
NAND3xp33_ASAP7_75t_R asap7sc7p5t_SIMPLE_RVT_TT_nldm_211120     0.072900       2     0.145800
NAND5xp2_ASAP7_75t_R asap7sc7p5t_SIMPLE_RVT_TT_nldm_211120     0.102060       3     0.306180
NOR2x1_ASAP7_75t_R asap7sc7p5t_SIMPLE_RVT_TT_nldm_211120     0.087480      14     1.224720
NOR2x1p5_ASAP7_75t_R asap7sc7p5t_SIMPLE_RVT_TT_nldm_211120     0.116640       1     0.116640
NOR2x2_ASAP7_75t_R asap7sc7p5t_SIMPLE_RVT_TT_nldm_211120     0.145800       2     0.291600
NOR2xp33_ASAP7_75t_R asap7sc7p5t_SIMPLE_RVT_TT_nldm_211120     0.058320       8     0.466560
NOR2xp67_ASAP7_75t_R asap7sc7p5t_SIMPLE_RVT_TT_nldm_211120     0.087480       1     0.087480
NOR3x1_ASAP7_75t_R asap7sc7p5t_SIMPLE_RVT_TT_nldm_211120     0.160380       2     0.320760
NOR3xp33_ASAP7_75t_R asap7sc7p5t_SIMPLE_RVT_TT_nldm_211120     0.072900       1     0.072900
NOR5xp2_ASAP7_75t_R asap7sc7p5t_SIMPLE_RVT_TT_nldm_211120     0.102060       4     0.408240
O2A1O1Ixp5_ASAP7_75t_R asap7sc7p5t_OA_RVT_TT_nldm_211120     0.116640       1     0.116640
OAI21x1_ASAP7_75t_R asap7sc7p5t_OA_RVT_TT_nldm_211120     0.116640       1     0.116640
OAI21xp5_ASAP7_75t_R asap7sc7p5t_OA_RVT_TT_nldm_211120     0.072900       9     0.656100
OAI21xp33_ASAP7_75t_R asap7sc7p5t_OA_RVT_TT_nldm_211120     0.072900      12     0.874800
OAI22xp5_ASAP7_75t_R asap7sc7p5t_OA_RVT_TT_nldm_211120     0.087480       2     0.174960
OAI22xp33_ASAP7_75t_R asap7sc7p5t_OA_RVT_TT_nldm_211120     0.087480       1     0.087480
OAI32xp33_ASAP7_75t_R asap7sc7p5t_OA_RVT_TT_nldm_211120     0.102060       1     0.102060
OAI211xp5_ASAP7_75t_R asap7sc7p5t_OA_RVT_TT_nldm_211120     0.087480       9     0.787320
OR4x1_ASAP7_75t_R  asap7sc7p5t_SIMPLE_RVT_TT_nldm_211120     0.102060       1     0.102060
OR5x1_ASAP7_75t_R  asap7sc7p5t_SIMPLE_RVT_TT_nldm_211120     0.116640       2     0.233280
TIEHIx1_ASAP7_75t_R asap7sc7p5t_SIMPLE_RVT_TT_nldm_211120     0.043740       1     0.043740
TIELOx1_ASAP7_75t_R asap7sc7p5t_SIMPLE_RVT_TT_nldm_211120     0.043740       1     0.043740
XOR2x2_ASAP7_75t_R asap7sc7p5t_SIMPLE_RVT_TT_nldm_211120     0.160380       1     0.160380
XOR2xp5_ASAP7_75t_R asap7sc7p5t_SIMPLE_RVT_TT_nldm_211120     0.131220       3     0.393660
fp16_mult_piped_NUM_PIPE2_2_DW02_mult_0_DW02_mult_14    51.350760       1    51.350760 h
-----------------------------------------------------------------------------
Total 54 references                                    79.810920

****************************************
Design: fp16_mult_piped_NUM_PIPE2_2_DW02_mult_0_DW02_mult_14 
****************************************
Reference          Library       Unit Area   Count    Total Area   Attributes
-----------------------------------------------------------------------------
AND2x2_ASAP7_75t_R asap7sc7p5t_SIMPLE_RVT_TT_nldm_211120     0.087480     133    11.634840
AND2x4_ASAP7_75t_R asap7sc7p5t_SIMPLE_RVT_TT_nldm_211120     0.145800       6     0.874800
BUFx3_ASAP7_75t_R  asap7sc7p5t_INVBUF_RVT_TT_nldm_211120     0.087480       3     0.262440
BUFx4f_ASAP7_75t_R asap7sc7p5t_INVBUF_RVT_TT_nldm_211120     0.116640       1     0.116640
BUFx6f_ASAP7_75t_R asap7sc7p5t_INVBUF_RVT_TT_nldm_211120     0.145800       1     0.145800
FAx1_ASAP7_75t_R   asap7sc7p5t_SIMPLE_RVT_TT_nldm_211120     0.204120      90    18.370800 r
HB1xp67_ASAP7_75t_R asap7sc7p5t_INVBUF_RVT_TT_nldm_211120     0.058320       7     0.408240
INVx1_ASAP7_75t_R  asap7sc7p5t_INVBUF_RVT_TT_nldm_211120     0.043740     184     8.048160
INVx2_ASAP7_75t_R  asap7sc7p5t_INVBUF_RVT_TT_nldm_211120     0.058320       4     0.233280
INVxp33_ASAP7_75t_R asap7sc7p5t_INVBUF_RVT_TT_nldm_211120     0.043740       3     0.131220
INVxp67_ASAP7_75t_R asap7sc7p5t_INVBUF_RVT_TT_nldm_211120     0.043740       2     0.087480
NAND2xp5_ASAP7_75t_R asap7sc7p5t_SIMPLE_RVT_TT_nldm_211120     0.058320       2     0.116640
TIELOx1_ASAP7_75t_R asap7sc7p5t_SIMPLE_RVT_TT_nldm_211120     0.043740       1     0.043740
XNOR2x1_ASAP7_75t_R asap7sc7p5t_SIMPLE_RVT_TT_nldm_211120     0.174960       1     0.174960
XNOR2xp5_ASAP7_75t_R asap7sc7p5t_SIMPLE_RVT_TT_nldm_211120     0.131220       7     0.918540
XOR2x2_ASAP7_75t_R asap7sc7p5t_SIMPLE_RVT_TT_nldm_211120     0.160380      10     1.603800
XOR2xp5_ASAP7_75t_R asap7sc7p5t_SIMPLE_RVT_TT_nldm_211120     0.131220       2     0.262440
fp16_mult_piped_NUM_PIPE2_2_DW01_add_3     7.916940       1     7.916940 h
-----------------------------------------------------------------------------
Total 18 references                                    51.350760

****************************************
Design: fp16_mult_piped_NUM_PIPE2_2_DW01_add_3 
****************************************
Reference          Library       Unit Area   Count    Total Area   Attributes
-----------------------------------------------------------------------------
AND2x2_ASAP7_75t_R asap7sc7p5t_SIMPLE_RVT_TT_nldm_211120     0.087480       3     0.262440
AOI21x1_ASAP7_75t_R asap7sc7p5t_AO_RVT_TT_nldm_211120     0.116640       1     0.116640
AOI21xp5_ASAP7_75t_R asap7sc7p5t_AO_RVT_TT_nldm_211120     0.072900       1     0.072900
AOI21xp33_ASAP7_75t_R asap7sc7p5t_AO_RVT_TT_nldm_211120     0.072900       4     0.291600
AOI22xp33_ASAP7_75t_R asap7sc7p5t_AO_RVT_TT_nldm_211120     0.087480       1     0.087480
BUFx2_ASAP7_75t_R  asap7sc7p5t_INVBUF_RVT_TT_nldm_211120     0.072900       1     0.072900
CKINVDCx20_ASAP7_75t_R asap7sc7p5t_INVBUF_RVT_TT_nldm_211120     0.554040       1     0.554040
FAx1_ASAP7_75t_R   asap7sc7p5t_SIMPLE_RVT_TT_nldm_211120     0.204120       1     0.204120 r
INVx1_ASAP7_75t_R  asap7sc7p5t_INVBUF_RVT_TT_nldm_211120     0.043740      14     0.612360
INVx2_ASAP7_75t_R  asap7sc7p5t_INVBUF_RVT_TT_nldm_211120     0.058320       1     0.058320
INVx3_ASAP7_75t_R  asap7sc7p5t_INVBUF_RVT_TT_nldm_211120     0.072900       1     0.072900
INVxp33_ASAP7_75t_R asap7sc7p5t_INVBUF_RVT_TT_nldm_211120     0.043740       3     0.131220
INVxp67_ASAP7_75t_R asap7sc7p5t_INVBUF_RVT_TT_nldm_211120     0.043740       3     0.131220
NAND2x1_ASAP7_75t_R asap7sc7p5t_SIMPLE_RVT_TT_nldm_211120     0.087480       1     0.087480
NAND2x1p5_ASAP7_75t_R asap7sc7p5t_SIMPLE_RVT_TT_nldm_211120     0.116640       1     0.116640
NAND2xp5_ASAP7_75t_R asap7sc7p5t_SIMPLE_RVT_TT_nldm_211120     0.058320      12     0.699840
NAND2xp33_ASAP7_75t_R asap7sc7p5t_SIMPLE_RVT_TT_nldm_211120     0.058320       2     0.116640
NAND3xp33_ASAP7_75t_R asap7sc7p5t_SIMPLE_RVT_TT_nldm_211120     0.072900       6     0.437400
NOR2x1_ASAP7_75t_R asap7sc7p5t_SIMPLE_RVT_TT_nldm_211120     0.087480       3     0.262440
NOR2x2_ASAP7_75t_R asap7sc7p5t_SIMPLE_RVT_TT_nldm_211120     0.145800       1     0.145800
NOR2xp33_ASAP7_75t_R asap7sc7p5t_SIMPLE_RVT_TT_nldm_211120     0.058320       6     0.349920
NOR3x1_ASAP7_75t_R asap7sc7p5t_SIMPLE_RVT_TT_nldm_211120     0.160380       2     0.320760
NOR3xp33_ASAP7_75t_R asap7sc7p5t_SIMPLE_RVT_TT_nldm_211120     0.072900       1     0.072900
OA21x2_ASAP7_75t_R asap7sc7p5t_OA_RVT_TT_nldm_211120     0.102060       2     0.204120
OAI21xp5_ASAP7_75t_R asap7sc7p5t_OA_RVT_TT_nldm_211120     0.072900       4     0.291600
OAI31xp33_ASAP7_75t_R asap7sc7p5t_OA_RVT_TT_nldm_211120     0.087480       1     0.087480
OR2x2_ASAP7_75t_R  asap7sc7p5t_SIMPLE_RVT_TT_nldm_211120     0.087480       6     0.524880
OR2x6_ASAP7_75t_R  asap7sc7p5t_SIMPLE_RVT_TT_nldm_211120     0.174960       1     0.174960
XNOR2x1_ASAP7_75t_R asap7sc7p5t_SIMPLE_RVT_TT_nldm_211120     0.174960       1     0.174960
XNOR2xp5_ASAP7_75t_R asap7sc7p5t_SIMPLE_RVT_TT_nldm_211120     0.131220       6     0.787320
XOR2xp5_ASAP7_75t_R asap7sc7p5t_SIMPLE_RVT_TT_nldm_211120     0.131220       3     0.393660
-----------------------------------------------------------------------------
Total 31 references                                     7.916940

****************************************
Design: fp16_mult_piped_NUM_PIPE2_3 
****************************************
Reference          Library       Unit Area   Count    Total Area   Attributes
-----------------------------------------------------------------------------
A2O1A1Ixp33_ASAP7_75t_R asap7sc7p5t_AO_RVT_TT_nldm_211120     0.087480       1     0.087480
AND2x2_ASAP7_75t_R asap7sc7p5t_SIMPLE_RVT_TT_nldm_211120     0.087480      11     0.962280
AND2x4_ASAP7_75t_R asap7sc7p5t_SIMPLE_RVT_TT_nldm_211120     0.145800       1     0.145800
AND3x1_ASAP7_75t_R asap7sc7p5t_SIMPLE_RVT_TT_nldm_211120     0.087480       1     0.087480
AND4x1_ASAP7_75t_R asap7sc7p5t_SIMPLE_RVT_TT_nldm_211120     0.102060       1     0.102060
AOI21x1_ASAP7_75t_R asap7sc7p5t_AO_RVT_TT_nldm_211120     0.116640       1     0.116640
AOI21xp5_ASAP7_75t_R asap7sc7p5t_AO_RVT_TT_nldm_211120     0.072900       2     0.145800
AOI31xp33_ASAP7_75t_R asap7sc7p5t_AO_RVT_TT_nldm_211120     0.087480       1     0.087480
AOI211xp5_ASAP7_75t_R asap7sc7p5t_AO_RVT_TT_nldm_211120     0.087480       1     0.087480
BUFx3_ASAP7_75t_R  asap7sc7p5t_INVBUF_RVT_TT_nldm_211120     0.087480       3     0.262440
BUFx4f_ASAP7_75t_R asap7sc7p5t_INVBUF_RVT_TT_nldm_211120     0.116640       1     0.116640
DFFASRHQNx1_ASAP7_75t_R asap7sc7p5t_SEQ_RVT_TT_nldm_220123     0.379080       2     0.758160 n
DFFHQNx1_ASAP7_75t_R asap7sc7p5t_SEQ_RVT_TT_nldm_220123     0.291600      32     9.331200 n
FAx1_ASAP7_75t_R   asap7sc7p5t_SIMPLE_RVT_TT_nldm_211120     0.204120       5     1.020600 r
HB1xp67_ASAP7_75t_R asap7sc7p5t_INVBUF_RVT_TT_nldm_211120     0.058320       6     0.349920
INVx1_ASAP7_75t_R  asap7sc7p5t_INVBUF_RVT_TT_nldm_211120     0.043740      67     2.930580
INVx2_ASAP7_75t_R  asap7sc7p5t_INVBUF_RVT_TT_nldm_211120     0.058320       4     0.233280
INVx3_ASAP7_75t_R  asap7sc7p5t_INVBUF_RVT_TT_nldm_211120     0.072900       1     0.072900
INVx6_ASAP7_75t_R  asap7sc7p5t_INVBUF_RVT_TT_nldm_211120     0.116640       2     0.233280
INVx8_ASAP7_75t_R  asap7sc7p5t_INVBUF_RVT_TT_nldm_211120     0.145800       1     0.145800
INVxp33_ASAP7_75t_R asap7sc7p5t_INVBUF_RVT_TT_nldm_211120     0.043740      12     0.524880
INVxp67_ASAP7_75t_R asap7sc7p5t_INVBUF_RVT_TT_nldm_211120     0.043740      16     0.699840
MAJIxp5_ASAP7_75t_R asap7sc7p5t_SIMPLE_RVT_TT_nldm_211120     0.102060       2     0.204120
NAND2x1_ASAP7_75t_R asap7sc7p5t_SIMPLE_RVT_TT_nldm_211120     0.087480       2     0.174960
NAND2x2_ASAP7_75t_R asap7sc7p5t_SIMPLE_RVT_TT_nldm_211120     0.145800       1     0.145800
NAND2xp5_ASAP7_75t_R asap7sc7p5t_SIMPLE_RVT_TT_nldm_211120     0.058320      24     1.399680
NAND2xp33_ASAP7_75t_R asap7sc7p5t_SIMPLE_RVT_TT_nldm_211120     0.058320       9     0.524880
NAND3x1_ASAP7_75t_R asap7sc7p5t_SIMPLE_RVT_TT_nldm_211120     0.160380       1     0.160380
NAND3xp33_ASAP7_75t_R asap7sc7p5t_SIMPLE_RVT_TT_nldm_211120     0.072900       1     0.072900
NAND4xp75_ASAP7_75t_R asap7sc7p5t_SIMPLE_RVT_TT_nldm_211120     0.204120       1     0.204120
NAND5xp2_ASAP7_75t_R asap7sc7p5t_SIMPLE_RVT_TT_nldm_211120     0.102060       3     0.306180
NOR2x1_ASAP7_75t_R asap7sc7p5t_SIMPLE_RVT_TT_nldm_211120     0.087480      14     1.224720
NOR2x1p5_ASAP7_75t_R asap7sc7p5t_SIMPLE_RVT_TT_nldm_211120     0.116640       1     0.116640
NOR2x2_ASAP7_75t_R asap7sc7p5t_SIMPLE_RVT_TT_nldm_211120     0.145800       2     0.291600
NOR2xp33_ASAP7_75t_R asap7sc7p5t_SIMPLE_RVT_TT_nldm_211120     0.058320       8     0.466560
NOR2xp67_ASAP7_75t_R asap7sc7p5t_SIMPLE_RVT_TT_nldm_211120     0.087480       1     0.087480
NOR3x1_ASAP7_75t_R asap7sc7p5t_SIMPLE_RVT_TT_nldm_211120     0.160380       1     0.160380
NOR3xp33_ASAP7_75t_R asap7sc7p5t_SIMPLE_RVT_TT_nldm_211120     0.072900       2     0.145800
NOR5xp2_ASAP7_75t_R asap7sc7p5t_SIMPLE_RVT_TT_nldm_211120     0.102060       4     0.408240
O2A1O1Ixp5_ASAP7_75t_R asap7sc7p5t_OA_RVT_TT_nldm_211120     0.116640       1     0.116640
OA21x2_ASAP7_75t_R asap7sc7p5t_OA_RVT_TT_nldm_211120     0.102060       1     0.102060
OAI21x1_ASAP7_75t_R asap7sc7p5t_OA_RVT_TT_nldm_211120     0.116640       3     0.349920
OAI21xp5_ASAP7_75t_R asap7sc7p5t_OA_RVT_TT_nldm_211120     0.072900       9     0.656100
OAI21xp33_ASAP7_75t_R asap7sc7p5t_OA_RVT_TT_nldm_211120     0.072900       9     0.656100
OAI22xp5_ASAP7_75t_R asap7sc7p5t_OA_RVT_TT_nldm_211120     0.087480       2     0.174960
OAI22xp33_ASAP7_75t_R asap7sc7p5t_OA_RVT_TT_nldm_211120     0.087480       1     0.087480
OAI32xp33_ASAP7_75t_R asap7sc7p5t_OA_RVT_TT_nldm_211120     0.102060       1     0.102060
OAI211xp5_ASAP7_75t_R asap7sc7p5t_OA_RVT_TT_nldm_211120     0.087480       9     0.787320
OR5x1_ASAP7_75t_R  asap7sc7p5t_SIMPLE_RVT_TT_nldm_211120     0.116640       2     0.233280
TIEHIx1_ASAP7_75t_R asap7sc7p5t_SIMPLE_RVT_TT_nldm_211120     0.043740       1     0.043740
TIELOx1_ASAP7_75t_R asap7sc7p5t_SIMPLE_RVT_TT_nldm_211120     0.043740       1     0.043740
XNOR2xp5_ASAP7_75t_R asap7sc7p5t_SIMPLE_RVT_TT_nldm_211120     0.131220       2     0.262440
XOR2xp5_ASAP7_75t_R asap7sc7p5t_SIMPLE_RVT_TT_nldm_211120     0.131220       2     0.262440
fp16_mult_piped_NUM_PIPE2_3_DW02_mult_0_DW02_mult_13    49.367880       1    49.367880 h
-----------------------------------------------------------------------------
Total 54 references                                    77.842619

****************************************
Design: fp16_mult_piped_NUM_PIPE2_3_DW02_mult_0_DW02_mult_13 
****************************************
Reference          Library       Unit Area   Count    Total Area   Attributes
-----------------------------------------------------------------------------
AND2x2_ASAP7_75t_R asap7sc7p5t_SIMPLE_RVT_TT_nldm_211120     0.087480     134    11.722320
AND2x4_ASAP7_75t_R asap7sc7p5t_SIMPLE_RVT_TT_nldm_211120     0.145800       4     0.583200
BUFx3_ASAP7_75t_R  asap7sc7p5t_INVBUF_RVT_TT_nldm_211120     0.087480       4     0.349920
FAx1_ASAP7_75t_R   asap7sc7p5t_SIMPLE_RVT_TT_nldm_211120     0.204120      90    18.370800 r
HB1xp67_ASAP7_75t_R asap7sc7p5t_INVBUF_RVT_TT_nldm_211120     0.058320       1     0.058320
INVx1_ASAP7_75t_R  asap7sc7p5t_INVBUF_RVT_TT_nldm_211120     0.043740     189     8.266860
INVxp67_ASAP7_75t_R asap7sc7p5t_INVBUF_RVT_TT_nldm_211120     0.043740       2     0.087480
NAND2xp5_ASAP7_75t_R asap7sc7p5t_SIMPLE_RVT_TT_nldm_211120     0.058320       3     0.174960
TIELOx1_ASAP7_75t_R asap7sc7p5t_SIMPLE_RVT_TT_nldm_211120     0.043740       1     0.043740
XNOR2xp5_ASAP7_75t_R asap7sc7p5t_SIMPLE_RVT_TT_nldm_211120     0.131220       8     1.049760
XOR2x2_ASAP7_75t_R asap7sc7p5t_SIMPLE_RVT_TT_nldm_211120     0.160380       8     1.283040
XOR2xp5_ASAP7_75t_R asap7sc7p5t_SIMPLE_RVT_TT_nldm_211120     0.131220       4     0.524880
fp16_mult_piped_NUM_PIPE2_3_DW01_add_3     6.852600       1     6.852600 h
-----------------------------------------------------------------------------
Total 13 references                                    49.367880

****************************************
Design: fp16_mult_piped_NUM_PIPE2_3_DW01_add_3 
****************************************
Reference          Library       Unit Area   Count    Total Area   Attributes
-----------------------------------------------------------------------------
AND2x2_ASAP7_75t_R asap7sc7p5t_SIMPLE_RVT_TT_nldm_211120     0.087480       1     0.087480
AOI21x1_ASAP7_75t_R asap7sc7p5t_AO_RVT_TT_nldm_211120     0.116640       2     0.233280
AOI21xp5_ASAP7_75t_R asap7sc7p5t_AO_RVT_TT_nldm_211120     0.072900       2     0.145800
AOI21xp33_ASAP7_75t_R asap7sc7p5t_AO_RVT_TT_nldm_211120     0.072900       2     0.145800
AOI22xp33_ASAP7_75t_R asap7sc7p5t_AO_RVT_TT_nldm_211120     0.087480       1     0.087480
FAx1_ASAP7_75t_R   asap7sc7p5t_SIMPLE_RVT_TT_nldm_211120     0.204120       1     0.204120 r
HB1xp67_ASAP7_75t_R asap7sc7p5t_INVBUF_RVT_TT_nldm_211120     0.058320       1     0.058320
INVx1_ASAP7_75t_R  asap7sc7p5t_INVBUF_RVT_TT_nldm_211120     0.043740      17     0.743580
INVx2_ASAP7_75t_R  asap7sc7p5t_INVBUF_RVT_TT_nldm_211120     0.058320       1     0.058320
INVxp33_ASAP7_75t_R asap7sc7p5t_INVBUF_RVT_TT_nldm_211120     0.043740       1     0.043740
NAND2xp5_ASAP7_75t_R asap7sc7p5t_SIMPLE_RVT_TT_nldm_211120     0.058320      17     0.991440
NAND2xp33_ASAP7_75t_R asap7sc7p5t_SIMPLE_RVT_TT_nldm_211120     0.058320       1     0.058320
NAND3xp33_ASAP7_75t_R asap7sc7p5t_SIMPLE_RVT_TT_nldm_211120     0.072900       5     0.364500
NAND4xp25_ASAP7_75t_R asap7sc7p5t_SIMPLE_RVT_TT_nldm_211120     0.087480       1     0.087480
NOR2x1_ASAP7_75t_R asap7sc7p5t_SIMPLE_RVT_TT_nldm_211120     0.087480       4     0.349920
NOR2xp33_ASAP7_75t_R asap7sc7p5t_SIMPLE_RVT_TT_nldm_211120     0.058320       6     0.349920
NOR2xp67_ASAP7_75t_R asap7sc7p5t_SIMPLE_RVT_TT_nldm_211120     0.087480       1     0.087480
NOR3xp33_ASAP7_75t_R asap7sc7p5t_SIMPLE_RVT_TT_nldm_211120     0.072900       4     0.291600
OA21x2_ASAP7_75t_R asap7sc7p5t_OA_RVT_TT_nldm_211120     0.102060       1     0.102060
OA31x2_ASAP7_75t_R asap7sc7p5t_OA_RVT_TT_nldm_211120     0.218700       1     0.218700
OAI21xp5_ASAP7_75t_R asap7sc7p5t_OA_RVT_TT_nldm_211120     0.072900       3     0.218700
OAI21xp33_ASAP7_75t_R asap7sc7p5t_OA_RVT_TT_nldm_211120     0.072900       2     0.145800
OR2x2_ASAP7_75t_R  asap7sc7p5t_SIMPLE_RVT_TT_nldm_211120     0.087480       5     0.437400
XNOR2xp5_ASAP7_75t_R asap7sc7p5t_SIMPLE_RVT_TT_nldm_211120     0.131220       6     0.787320
XOR2x2_ASAP7_75t_R asap7sc7p5t_SIMPLE_RVT_TT_nldm_211120     0.160380       1     0.160380
XOR2xp5_ASAP7_75t_R asap7sc7p5t_SIMPLE_RVT_TT_nldm_211120     0.131220       3     0.393660
-----------------------------------------------------------------------------
Total 26 references                                     6.852600

****************************************
Design: fp16_mult_piped_NUM_PIPE2_4 
****************************************
Reference          Library       Unit Area   Count    Total Area   Attributes
-----------------------------------------------------------------------------
A2O1A1Ixp33_ASAP7_75t_R asap7sc7p5t_AO_RVT_TT_nldm_211120     0.087480       1     0.087480
AND2x2_ASAP7_75t_R asap7sc7p5t_SIMPLE_RVT_TT_nldm_211120     0.087480       8     0.699840
AND2x4_ASAP7_75t_R asap7sc7p5t_SIMPLE_RVT_TT_nldm_211120     0.145800       1     0.145800
AND4x2_ASAP7_75t_R asap7sc7p5t_SIMPLE_RVT_TT_nldm_211120     0.116640       1     0.116640
AOI21x1_ASAP7_75t_R asap7sc7p5t_AO_RVT_TT_nldm_211120     0.116640       2     0.233280
AOI31xp33_ASAP7_75t_R asap7sc7p5t_AO_RVT_TT_nldm_211120     0.087480       2     0.174960
AOI211xp5_ASAP7_75t_R asap7sc7p5t_AO_RVT_TT_nldm_211120     0.087480       1     0.087480
BUFx3_ASAP7_75t_R  asap7sc7p5t_INVBUF_RVT_TT_nldm_211120     0.087480       1     0.087480
BUFx6f_ASAP7_75t_R asap7sc7p5t_INVBUF_RVT_TT_nldm_211120     0.145800       2     0.291600
DFFASRHQNx1_ASAP7_75t_R asap7sc7p5t_SEQ_RVT_TT_nldm_220123     0.379080       2     0.758160 n
DFFHQNx1_ASAP7_75t_R asap7sc7p5t_SEQ_RVT_TT_nldm_220123     0.291600      32     9.331200 n
FAx1_ASAP7_75t_R   asap7sc7p5t_SIMPLE_RVT_TT_nldm_211120     0.204120       5     1.020600 r
HB1xp67_ASAP7_75t_R asap7sc7p5t_INVBUF_RVT_TT_nldm_211120     0.058320       8     0.466560
INVx1_ASAP7_75t_R  asap7sc7p5t_INVBUF_RVT_TT_nldm_211120     0.043740      79     3.455460
INVx2_ASAP7_75t_R  asap7sc7p5t_INVBUF_RVT_TT_nldm_211120     0.058320       2     0.116640
INVx3_ASAP7_75t_R  asap7sc7p5t_INVBUF_RVT_TT_nldm_211120     0.072900       1     0.072900
INVx8_ASAP7_75t_R  asap7sc7p5t_INVBUF_RVT_TT_nldm_211120     0.145800       1     0.145800
INVxp33_ASAP7_75t_R asap7sc7p5t_INVBUF_RVT_TT_nldm_211120     0.043740       3     0.131220
INVxp67_ASAP7_75t_R asap7sc7p5t_INVBUF_RVT_TT_nldm_211120     0.043740      10     0.437400
MAJIxp5_ASAP7_75t_R asap7sc7p5t_SIMPLE_RVT_TT_nldm_211120     0.102060       2     0.204120
NAND2x1p5_ASAP7_75t_R asap7sc7p5t_SIMPLE_RVT_TT_nldm_211120     0.116640       2     0.233280
NAND2xp5_ASAP7_75t_R asap7sc7p5t_SIMPLE_RVT_TT_nldm_211120     0.058320      20     1.166400
NAND2xp33_ASAP7_75t_R asap7sc7p5t_SIMPLE_RVT_TT_nldm_211120     0.058320      13     0.758160
NAND3x1_ASAP7_75t_R asap7sc7p5t_SIMPLE_RVT_TT_nldm_211120     0.160380       1     0.160380
NAND3xp33_ASAP7_75t_R asap7sc7p5t_SIMPLE_RVT_TT_nldm_211120     0.072900       2     0.145800
NAND4xp25_ASAP7_75t_R asap7sc7p5t_SIMPLE_RVT_TT_nldm_211120     0.087480       1     0.087480
NAND5xp2_ASAP7_75t_R asap7sc7p5t_SIMPLE_RVT_TT_nldm_211120     0.102060       3     0.306180
NOR2x1_ASAP7_75t_R asap7sc7p5t_SIMPLE_RVT_TT_nldm_211120     0.087480      15     1.312200
NOR2x1p5_ASAP7_75t_R asap7sc7p5t_SIMPLE_RVT_TT_nldm_211120     0.116640       3     0.349920
NOR2x2_ASAP7_75t_R asap7sc7p5t_SIMPLE_RVT_TT_nldm_211120     0.145800       1     0.145800
NOR2xp33_ASAP7_75t_R asap7sc7p5t_SIMPLE_RVT_TT_nldm_211120     0.058320       7     0.408240
NOR2xp67_ASAP7_75t_R asap7sc7p5t_SIMPLE_RVT_TT_nldm_211120     0.087480       1     0.087480
NOR3xp33_ASAP7_75t_R asap7sc7p5t_SIMPLE_RVT_TT_nldm_211120     0.072900       3     0.218700
NOR5xp2_ASAP7_75t_R asap7sc7p5t_SIMPLE_RVT_TT_nldm_211120     0.102060       4     0.408240
O2A1O1Ixp5_ASAP7_75t_R asap7sc7p5t_OA_RVT_TT_nldm_211120     0.116640       1     0.116640
OAI21xp5_ASAP7_75t_R asap7sc7p5t_OA_RVT_TT_nldm_211120     0.072900       4     0.291600
OAI21xp33_ASAP7_75t_R asap7sc7p5t_OA_RVT_TT_nldm_211120     0.072900      18     1.312200
OAI22xp5_ASAP7_75t_R asap7sc7p5t_OA_RVT_TT_nldm_211120     0.087480       3     0.262440
OAI22xp33_ASAP7_75t_R asap7sc7p5t_OA_RVT_TT_nldm_211120     0.087480       1     0.087480
OAI32xp33_ASAP7_75t_R asap7sc7p5t_OA_RVT_TT_nldm_211120     0.102060       1     0.102060
OAI211xp5_ASAP7_75t_R asap7sc7p5t_OA_RVT_TT_nldm_211120     0.087480       9     0.787320
OR5x1_ASAP7_75t_R  asap7sc7p5t_SIMPLE_RVT_TT_nldm_211120     0.116640       4     0.466560
TIEHIx1_ASAP7_75t_R asap7sc7p5t_SIMPLE_RVT_TT_nldm_211120     0.043740       1     0.043740
TIELOx1_ASAP7_75t_R asap7sc7p5t_SIMPLE_RVT_TT_nldm_211120     0.043740       1     0.043740
XNOR2xp5_ASAP7_75t_R asap7sc7p5t_SIMPLE_RVT_TT_nldm_211120     0.131220       1     0.131220
XOR2x2_ASAP7_75t_R asap7sc7p5t_SIMPLE_RVT_TT_nldm_211120     0.160380       2     0.320760
XOR2xp5_ASAP7_75t_R asap7sc7p5t_SIMPLE_RVT_TT_nldm_211120     0.131220       1     0.131220
fp16_mult_piped_NUM_PIPE2_4_DW02_mult_0_DW02_mult_12    49.309560       1    49.309560 h
-----------------------------------------------------------------------------
Total 48 references                                    77.259420

****************************************
Design: fp16_mult_piped_NUM_PIPE2_4_DW02_mult_0_DW02_mult_12 
****************************************
Reference          Library       Unit Area   Count    Total Area   Attributes
-----------------------------------------------------------------------------
AND2x2_ASAP7_75t_R asap7sc7p5t_SIMPLE_RVT_TT_nldm_211120     0.087480     135    11.809800
AND2x4_ASAP7_75t_R asap7sc7p5t_SIMPLE_RVT_TT_nldm_211120     0.145800       4     0.583200
BUFx3_ASAP7_75t_R  asap7sc7p5t_INVBUF_RVT_TT_nldm_211120     0.087480       4     0.349920
FAx1_ASAP7_75t_R   asap7sc7p5t_SIMPLE_RVT_TT_nldm_211120     0.204120      90    18.370800 r
HB1xp67_ASAP7_75t_R asap7sc7p5t_INVBUF_RVT_TT_nldm_211120     0.058320       1     0.058320
INVx1_ASAP7_75t_R  asap7sc7p5t_INVBUF_RVT_TT_nldm_211120     0.043740     188     8.223120
INVx2_ASAP7_75t_R  asap7sc7p5t_INVBUF_RVT_TT_nldm_211120     0.058320       3     0.174960
INVxp67_ASAP7_75t_R asap7sc7p5t_INVBUF_RVT_TT_nldm_211120     0.043740       2     0.087480
NAND2xp5_ASAP7_75t_R asap7sc7p5t_SIMPLE_RVT_TT_nldm_211120     0.058320       2     0.116640
TIELOx1_ASAP7_75t_R asap7sc7p5t_SIMPLE_RVT_TT_nldm_211120     0.043740       1     0.043740
XNOR2xp5_ASAP7_75t_R asap7sc7p5t_SIMPLE_RVT_TT_nldm_211120     0.131220       8     1.049760
XOR2x2_ASAP7_75t_R asap7sc7p5t_SIMPLE_RVT_TT_nldm_211120     0.160380       8     1.283040
XOR2xp5_ASAP7_75t_R asap7sc7p5t_SIMPLE_RVT_TT_nldm_211120     0.131220       4     0.524880
fp16_mult_piped_NUM_PIPE2_4_DW01_add_3     6.633900       1     6.633900 h
-----------------------------------------------------------------------------
Total 14 references                                    49.309560

****************************************
Design: fp16_mult_piped_NUM_PIPE2_4_DW01_add_3 
****************************************
Reference          Library       Unit Area   Count    Total Area   Attributes
-----------------------------------------------------------------------------
AND2x2_ASAP7_75t_R asap7sc7p5t_SIMPLE_RVT_TT_nldm_211120     0.087480       1     0.087480
AOI21xp5_ASAP7_75t_R asap7sc7p5t_AO_RVT_TT_nldm_211120     0.072900       5     0.364500
AOI21xp33_ASAP7_75t_R asap7sc7p5t_AO_RVT_TT_nldm_211120     0.072900       1     0.072900
AOI22xp33_ASAP7_75t_R asap7sc7p5t_AO_RVT_TT_nldm_211120     0.087480       1     0.087480
FAx1_ASAP7_75t_R   asap7sc7p5t_SIMPLE_RVT_TT_nldm_211120     0.204120       1     0.204120 r
HB1xp67_ASAP7_75t_R asap7sc7p5t_INVBUF_RVT_TT_nldm_211120     0.058320       1     0.058320
INVx1_ASAP7_75t_R  asap7sc7p5t_INVBUF_RVT_TT_nldm_211120     0.043740      15     0.656100
INVx2_ASAP7_75t_R  asap7sc7p5t_INVBUF_RVT_TT_nldm_211120     0.058320       2     0.116640
INVxp33_ASAP7_75t_R asap7sc7p5t_INVBUF_RVT_TT_nldm_211120     0.043740       1     0.043740
INVxp67_ASAP7_75t_R asap7sc7p5t_INVBUF_RVT_TT_nldm_211120     0.043740       1     0.043740
NAND2x1p5_ASAP7_75t_R asap7sc7p5t_SIMPLE_RVT_TT_nldm_211120     0.116640       1     0.116640
NAND2xp5_ASAP7_75t_R asap7sc7p5t_SIMPLE_RVT_TT_nldm_211120     0.058320      13     0.758160
NAND2xp33_ASAP7_75t_R asap7sc7p5t_SIMPLE_RVT_TT_nldm_211120     0.058320       2     0.116640
NAND3x1_ASAP7_75t_R asap7sc7p5t_SIMPLE_RVT_TT_nldm_211120     0.160380       1     0.160380
NAND3xp33_ASAP7_75t_R asap7sc7p5t_SIMPLE_RVT_TT_nldm_211120     0.072900       4     0.291600
NAND4xp25_ASAP7_75t_R asap7sc7p5t_SIMPLE_RVT_TT_nldm_211120     0.087480       1     0.087480
NOR2x1_ASAP7_75t_R asap7sc7p5t_SIMPLE_RVT_TT_nldm_211120     0.087480       4     0.349920
NOR2xp33_ASAP7_75t_R asap7sc7p5t_SIMPLE_RVT_TT_nldm_211120     0.058320       7     0.408240
NOR3x1_ASAP7_75t_R asap7sc7p5t_SIMPLE_RVT_TT_nldm_211120     0.160380       1     0.160380
NOR3xp33_ASAP7_75t_R asap7sc7p5t_SIMPLE_RVT_TT_nldm_211120     0.072900       1     0.072900
OA21x2_ASAP7_75t_R asap7sc7p5t_OA_RVT_TT_nldm_211120     0.102060       2     0.204120
OAI21xp5_ASAP7_75t_R asap7sc7p5t_OA_RVT_TT_nldm_211120     0.072900       4     0.291600
OAI31xp33_ASAP7_75t_R asap7sc7p5t_OA_RVT_TT_nldm_211120     0.087480       1     0.087480
OR2x2_ASAP7_75t_R  asap7sc7p5t_SIMPLE_RVT_TT_nldm_211120     0.087480       5     0.437400
XNOR2x1_ASAP7_75t_R asap7sc7p5t_SIMPLE_RVT_TT_nldm_211120     0.174960       1     0.174960
XNOR2xp5_ASAP7_75t_R asap7sc7p5t_SIMPLE_RVT_TT_nldm_211120     0.131220       6     0.787320
XOR2xp5_ASAP7_75t_R asap7sc7p5t_SIMPLE_RVT_TT_nldm_211120     0.131220       3     0.393660
-----------------------------------------------------------------------------
Total 27 references                                     6.633900

****************************************
Design: fp16_mult_piped_NUM_PIPE2_5 
****************************************
Reference          Library       Unit Area   Count    Total Area   Attributes
-----------------------------------------------------------------------------
A2O1A1Ixp33_ASAP7_75t_R asap7sc7p5t_AO_RVT_TT_nldm_211120     0.087480       1     0.087480
AND2x2_ASAP7_75t_R asap7sc7p5t_SIMPLE_RVT_TT_nldm_211120     0.087480      12     1.049760
AND2x4_ASAP7_75t_R asap7sc7p5t_SIMPLE_RVT_TT_nldm_211120     0.145800       4     0.583200
AND3x1_ASAP7_75t_R asap7sc7p5t_SIMPLE_RVT_TT_nldm_211120     0.087480       1     0.087480
AND4x1_ASAP7_75t_R asap7sc7p5t_SIMPLE_RVT_TT_nldm_211120     0.102060       1     0.102060
AOI21x1_ASAP7_75t_R asap7sc7p5t_AO_RVT_TT_nldm_211120     0.116640       2     0.233280
AOI31xp33_ASAP7_75t_R asap7sc7p5t_AO_RVT_TT_nldm_211120     0.087480       2     0.174960
AOI211xp5_ASAP7_75t_R asap7sc7p5t_AO_RVT_TT_nldm_211120     0.087480       1     0.087480
BUFx6f_ASAP7_75t_R asap7sc7p5t_INVBUF_RVT_TT_nldm_211120     0.145800       4     0.583200
CKINVDCx20_ASAP7_75t_R asap7sc7p5t_INVBUF_RVT_TT_nldm_211120     0.554040       4     2.216160
DFFASRHQNx1_ASAP7_75t_R asap7sc7p5t_SEQ_RVT_TT_nldm_220123     0.379080       2     0.758160 n
DFFHQNx1_ASAP7_75t_R asap7sc7p5t_SEQ_RVT_TT_nldm_220123     0.291600      31     9.039600 n
DFFHQx4_ASAP7_75t_R asap7sc7p5t_SEQ_RVT_TT_nldm_220123     0.364500       1     0.364500 n
FAx1_ASAP7_75t_R   asap7sc7p5t_SIMPLE_RVT_TT_nldm_211120     0.204120       5     1.020600 r
HB1xp67_ASAP7_75t_R asap7sc7p5t_INVBUF_RVT_TT_nldm_211120     0.058320       6     0.349920
INVx1_ASAP7_75t_R  asap7sc7p5t_INVBUF_RVT_TT_nldm_211120     0.043740      72     3.149280
INVx6_ASAP7_75t_R  asap7sc7p5t_INVBUF_RVT_TT_nldm_211120     0.116640       1     0.116640
INVx11_ASAP7_75t_R asap7sc7p5t_INVBUF_RVT_TT_nldm_211120     0.189540       1     0.189540
INVxp33_ASAP7_75t_R asap7sc7p5t_INVBUF_RVT_TT_nldm_211120     0.043740       6     0.262440
INVxp67_ASAP7_75t_R asap7sc7p5t_INVBUF_RVT_TT_nldm_211120     0.043740      10     0.437400
MAJIxp5_ASAP7_75t_R asap7sc7p5t_SIMPLE_RVT_TT_nldm_211120     0.102060       2     0.204120
NAND2x1_ASAP7_75t_R asap7sc7p5t_SIMPLE_RVT_TT_nldm_211120     0.087480       1     0.087480
NAND2xp5_ASAP7_75t_R asap7sc7p5t_SIMPLE_RVT_TT_nldm_211120     0.058320      17     0.991440
NAND2xp33_ASAP7_75t_R asap7sc7p5t_SIMPLE_RVT_TT_nldm_211120     0.058320      19     1.108080
NAND3x1_ASAP7_75t_R asap7sc7p5t_SIMPLE_RVT_TT_nldm_211120     0.160380       1     0.160380
NAND4xp25_ASAP7_75t_R asap7sc7p5t_SIMPLE_RVT_TT_nldm_211120     0.087480       1     0.087480
NAND5xp2_ASAP7_75t_R asap7sc7p5t_SIMPLE_RVT_TT_nldm_211120     0.102060       3     0.306180
NOR2x1_ASAP7_75t_R asap7sc7p5t_SIMPLE_RVT_TT_nldm_211120     0.087480      14     1.224720
NOR2x1p5_ASAP7_75t_R asap7sc7p5t_SIMPLE_RVT_TT_nldm_211120     0.116640       1     0.116640
NOR2x2_ASAP7_75t_R asap7sc7p5t_SIMPLE_RVT_TT_nldm_211120     0.145800       1     0.145800
NOR2xp33_ASAP7_75t_R asap7sc7p5t_SIMPLE_RVT_TT_nldm_211120     0.058320       8     0.466560
NOR3xp33_ASAP7_75t_R asap7sc7p5t_SIMPLE_RVT_TT_nldm_211120     0.072900       3     0.218700
NOR5xp2_ASAP7_75t_R asap7sc7p5t_SIMPLE_RVT_TT_nldm_211120     0.102060       4     0.408240
O2A1O1Ixp5_ASAP7_75t_R asap7sc7p5t_OA_RVT_TT_nldm_211120     0.116640       1     0.116640
OAI21xp5_ASAP7_75t_R asap7sc7p5t_OA_RVT_TT_nldm_211120     0.072900       4     0.291600
OAI21xp33_ASAP7_75t_R asap7sc7p5t_OA_RVT_TT_nldm_211120     0.072900      17     1.239300
OAI22x1_ASAP7_75t_R asap7sc7p5t_OA_RVT_TT_nldm_211120     0.145800       1     0.145800
OAI22xp5_ASAP7_75t_R asap7sc7p5t_OA_RVT_TT_nldm_211120     0.087480       1     0.087480
OAI22xp33_ASAP7_75t_R asap7sc7p5t_OA_RVT_TT_nldm_211120     0.087480       1     0.087480
OAI32xp33_ASAP7_75t_R asap7sc7p5t_OA_RVT_TT_nldm_211120     0.102060       1     0.102060
OAI211xp5_ASAP7_75t_R asap7sc7p5t_OA_RVT_TT_nldm_211120     0.087480       9     0.787320
OR5x1_ASAP7_75t_R  asap7sc7p5t_SIMPLE_RVT_TT_nldm_211120     0.116640       2     0.233280
TIEHIx1_ASAP7_75t_R asap7sc7p5t_SIMPLE_RVT_TT_nldm_211120     0.043740       1     0.043740
TIELOx1_ASAP7_75t_R asap7sc7p5t_SIMPLE_RVT_TT_nldm_211120     0.043740       1     0.043740
XNOR2xp5_ASAP7_75t_R asap7sc7p5t_SIMPLE_RVT_TT_nldm_211120     0.131220       1     0.131220
XOR2x2_ASAP7_75t_R asap7sc7p5t_SIMPLE_RVT_TT_nldm_211120     0.160380       2     0.320760
XOR2xp5_ASAP7_75t_R asap7sc7p5t_SIMPLE_RVT_TT_nldm_211120     0.131220       1     0.131220
fp16_mult_piped_NUM_PIPE2_5_DW02_mult_0_DW02_mult_11    49.542840       1    49.542840 h
-----------------------------------------------------------------------------
Total 48 references                                    79.723439

****************************************
Design: fp16_mult_piped_NUM_PIPE2_5_DW02_mult_0_DW02_mult_11 
****************************************
Reference          Library       Unit Area   Count    Total Area   Attributes
-----------------------------------------------------------------------------
AND2x2_ASAP7_75t_R asap7sc7p5t_SIMPLE_RVT_TT_nldm_211120     0.087480     134    11.722320
AND2x4_ASAP7_75t_R asap7sc7p5t_SIMPLE_RVT_TT_nldm_211120     0.145800       5     0.729000
BUFx3_ASAP7_75t_R  asap7sc7p5t_INVBUF_RVT_TT_nldm_211120     0.087480       1     0.087480
BUFx6f_ASAP7_75t_R asap7sc7p5t_INVBUF_RVT_TT_nldm_211120     0.145800       2     0.291600
FAx1_ASAP7_75t_R   asap7sc7p5t_SIMPLE_RVT_TT_nldm_211120     0.204120      90    18.370800 r
HB1xp67_ASAP7_75t_R asap7sc7p5t_INVBUF_RVT_TT_nldm_211120     0.058320       2     0.116640
INVx1_ASAP7_75t_R  asap7sc7p5t_INVBUF_RVT_TT_nldm_211120     0.043740     187     8.179380
INVxp33_ASAP7_75t_R asap7sc7p5t_INVBUF_RVT_TT_nldm_211120     0.043740       1     0.043740
INVxp67_ASAP7_75t_R asap7sc7p5t_INVBUF_RVT_TT_nldm_211120     0.043740       4     0.174960
NAND2xp5_ASAP7_75t_R asap7sc7p5t_SIMPLE_RVT_TT_nldm_211120     0.058320       2     0.116640
TIELOx1_ASAP7_75t_R asap7sc7p5t_SIMPLE_RVT_TT_nldm_211120     0.043740       1     0.043740
XNOR2xp5_ASAP7_75t_R asap7sc7p5t_SIMPLE_RVT_TT_nldm_211120     0.131220       8     1.049760
XOR2x2_ASAP7_75t_R asap7sc7p5t_SIMPLE_RVT_TT_nldm_211120     0.160380       7     1.122660
XOR2xp5_ASAP7_75t_R asap7sc7p5t_SIMPLE_RVT_TT_nldm_211120     0.131220       5     0.656100
fp16_mult_piped_NUM_PIPE2_5_DW01_add_3     6.838020       1     6.838020 h
-----------------------------------------------------------------------------
Total 15 references                                    49.542840

****************************************
Design: fp16_mult_piped_NUM_PIPE2_5_DW01_add_3 
****************************************
Reference          Library       Unit Area   Count    Total Area   Attributes
-----------------------------------------------------------------------------
AND2x2_ASAP7_75t_R asap7sc7p5t_SIMPLE_RVT_TT_nldm_211120     0.087480       1     0.087480
AOI21xp5_ASAP7_75t_R asap7sc7p5t_AO_RVT_TT_nldm_211120     0.072900       3     0.218700
AOI21xp33_ASAP7_75t_R asap7sc7p5t_AO_RVT_TT_nldm_211120     0.072900       3     0.218700
AOI22xp33_ASAP7_75t_R asap7sc7p5t_AO_RVT_TT_nldm_211120     0.087480       1     0.087480
FAx1_ASAP7_75t_R   asap7sc7p5t_SIMPLE_RVT_TT_nldm_211120     0.204120       1     0.204120 r
INVx1_ASAP7_75t_R  asap7sc7p5t_INVBUF_RVT_TT_nldm_211120     0.043740      19     0.831060
INVx2_ASAP7_75t_R  asap7sc7p5t_INVBUF_RVT_TT_nldm_211120     0.058320       1     0.058320
INVxp33_ASAP7_75t_R asap7sc7p5t_INVBUF_RVT_TT_nldm_211120     0.043740       1     0.043740
INVxp67_ASAP7_75t_R asap7sc7p5t_INVBUF_RVT_TT_nldm_211120     0.043740       2     0.087480
NAND2xp5_ASAP7_75t_R asap7sc7p5t_SIMPLE_RVT_TT_nldm_211120     0.058320      17     0.991440
NAND2xp33_ASAP7_75t_R asap7sc7p5t_SIMPLE_RVT_TT_nldm_211120     0.058320       2     0.116640
NAND3xp33_ASAP7_75t_R asap7sc7p5t_SIMPLE_RVT_TT_nldm_211120     0.072900       5     0.364500
NAND4xp25_ASAP7_75t_R asap7sc7p5t_SIMPLE_RVT_TT_nldm_211120     0.087480       1     0.087480
NOR2x1_ASAP7_75t_R asap7sc7p5t_SIMPLE_RVT_TT_nldm_211120     0.087480       3     0.262440
NOR2x1p5_ASAP7_75t_R asap7sc7p5t_SIMPLE_RVT_TT_nldm_211120     0.116640       1     0.116640
NOR2xp33_ASAP7_75t_R asap7sc7p5t_SIMPLE_RVT_TT_nldm_211120     0.058320       6     0.349920
NOR2xp67_ASAP7_75t_R asap7sc7p5t_SIMPLE_RVT_TT_nldm_211120     0.087480       1     0.087480
NOR3x1_ASAP7_75t_R asap7sc7p5t_SIMPLE_RVT_TT_nldm_211120     0.160380       2     0.320760
NOR3xp33_ASAP7_75t_R asap7sc7p5t_SIMPLE_RVT_TT_nldm_211120     0.072900       1     0.072900
OA21x2_ASAP7_75t_R asap7sc7p5t_OA_RVT_TT_nldm_211120     0.102060       1     0.102060
OAI21xp5_ASAP7_75t_R asap7sc7p5t_OA_RVT_TT_nldm_211120     0.072900       3     0.218700
OAI21xp33_ASAP7_75t_R asap7sc7p5t_OA_RVT_TT_nldm_211120     0.072900       1     0.072900
OAI31xp33_ASAP7_75t_R asap7sc7p5t_OA_RVT_TT_nldm_211120     0.087480       1     0.087480
OR2x2_ASAP7_75t_R  asap7sc7p5t_SIMPLE_RVT_TT_nldm_211120     0.087480       5     0.437400
XNOR2xp5_ASAP7_75t_R asap7sc7p5t_SIMPLE_RVT_TT_nldm_211120     0.131220       6     0.787320
XOR2xp5_ASAP7_75t_R asap7sc7p5t_SIMPLE_RVT_TT_nldm_211120     0.131220       4     0.524880
-----------------------------------------------------------------------------
Total 26 references                                     6.838020

****************************************
Design: fp16_mult_piped_NUM_PIPE2_6 
****************************************
Reference          Library       Unit Area   Count    Total Area   Attributes
-----------------------------------------------------------------------------
A2O1A1Ixp33_ASAP7_75t_R asap7sc7p5t_AO_RVT_TT_nldm_211120     0.087480       1     0.087480
AND2x2_ASAP7_75t_R asap7sc7p5t_SIMPLE_RVT_TT_nldm_211120     0.087480       9     0.787320
AND2x4_ASAP7_75t_R asap7sc7p5t_SIMPLE_RVT_TT_nldm_211120     0.145800       3     0.437400
AND4x1_ASAP7_75t_R asap7sc7p5t_SIMPLE_RVT_TT_nldm_211120     0.102060       1     0.102060
AOI21x1_ASAP7_75t_R asap7sc7p5t_AO_RVT_TT_nldm_211120     0.116640       1     0.116640
AOI21xp5_ASAP7_75t_R asap7sc7p5t_AO_RVT_TT_nldm_211120     0.072900       2     0.145800
AOI31xp33_ASAP7_75t_R asap7sc7p5t_AO_RVT_TT_nldm_211120     0.087480       1     0.087480
AOI211xp5_ASAP7_75t_R asap7sc7p5t_AO_RVT_TT_nldm_211120     0.087480       1     0.087480
BUFx3_ASAP7_75t_R  asap7sc7p5t_INVBUF_RVT_TT_nldm_211120     0.087480       2     0.174960
BUFx6f_ASAP7_75t_R asap7sc7p5t_INVBUF_RVT_TT_nldm_211120     0.145800       4     0.583200
CKINVDCx20_ASAP7_75t_R asap7sc7p5t_INVBUF_RVT_TT_nldm_211120     0.554040       1     0.554040
DFFASRHQNx1_ASAP7_75t_R asap7sc7p5t_SEQ_RVT_TT_nldm_220123     0.379080       2     0.758160 n
DFFHQNx1_ASAP7_75t_R asap7sc7p5t_SEQ_RVT_TT_nldm_220123     0.291600      32     9.331200 n
FAx1_ASAP7_75t_R   asap7sc7p5t_SIMPLE_RVT_TT_nldm_211120     0.204120       5     1.020600 r
HB1xp67_ASAP7_75t_R asap7sc7p5t_INVBUF_RVT_TT_nldm_211120     0.058320       4     0.233280
INVx1_ASAP7_75t_R  asap7sc7p5t_INVBUF_RVT_TT_nldm_211120     0.043740      72     3.149280
INVx2_ASAP7_75t_R  asap7sc7p5t_INVBUF_RVT_TT_nldm_211120     0.058320       1     0.058320
INVx3_ASAP7_75t_R  asap7sc7p5t_INVBUF_RVT_TT_nldm_211120     0.072900       1     0.072900
INVx6_ASAP7_75t_R  asap7sc7p5t_INVBUF_RVT_TT_nldm_211120     0.116640       1     0.116640
INVxp33_ASAP7_75t_R asap7sc7p5t_INVBUF_RVT_TT_nldm_211120     0.043740       7     0.306180
INVxp67_ASAP7_75t_R asap7sc7p5t_INVBUF_RVT_TT_nldm_211120     0.043740      13     0.568620
MAJIxp5_ASAP7_75t_R asap7sc7p5t_SIMPLE_RVT_TT_nldm_211120     0.102060       1     0.102060
NAND2x1_ASAP7_75t_R asap7sc7p5t_SIMPLE_RVT_TT_nldm_211120     0.087480       1     0.087480
NAND2xp5_ASAP7_75t_R asap7sc7p5t_SIMPLE_RVT_TT_nldm_211120     0.058320      17     0.991440
NAND2xp33_ASAP7_75t_R asap7sc7p5t_SIMPLE_RVT_TT_nldm_211120     0.058320      18     1.049760
NAND2xp67_ASAP7_75t_R asap7sc7p5t_SIMPLE_RVT_TT_nldm_211120     0.087480       1     0.087480
NAND3x1_ASAP7_75t_R asap7sc7p5t_SIMPLE_RVT_TT_nldm_211120     0.160380       1     0.160380
NAND3xp33_ASAP7_75t_R asap7sc7p5t_SIMPLE_RVT_TT_nldm_211120     0.072900       1     0.072900
NAND4xp25_ASAP7_75t_R asap7sc7p5t_SIMPLE_RVT_TT_nldm_211120     0.087480       1     0.087480
NAND5xp2_ASAP7_75t_R asap7sc7p5t_SIMPLE_RVT_TT_nldm_211120     0.102060       3     0.306180
NOR2x1_ASAP7_75t_R asap7sc7p5t_SIMPLE_RVT_TT_nldm_211120     0.087480      13     1.137240
NOR2x1p5_ASAP7_75t_R asap7sc7p5t_SIMPLE_RVT_TT_nldm_211120     0.116640       1     0.116640
NOR2xp33_ASAP7_75t_R asap7sc7p5t_SIMPLE_RVT_TT_nldm_211120     0.058320       8     0.466560
NOR3x1_ASAP7_75t_R asap7sc7p5t_SIMPLE_RVT_TT_nldm_211120     0.160380       1     0.160380
NOR3xp33_ASAP7_75t_R asap7sc7p5t_SIMPLE_RVT_TT_nldm_211120     0.072900       2     0.145800
NOR5xp2_ASAP7_75t_R asap7sc7p5t_SIMPLE_RVT_TT_nldm_211120     0.102060       4     0.408240
O2A1O1Ixp5_ASAP7_75t_R asap7sc7p5t_OA_RVT_TT_nldm_211120     0.116640       1     0.116640
OAI21xp5_ASAP7_75t_R asap7sc7p5t_OA_RVT_TT_nldm_211120     0.072900       7     0.510300
OAI21xp33_ASAP7_75t_R asap7sc7p5t_OA_RVT_TT_nldm_211120     0.072900      15     1.093500
OAI22xp5_ASAP7_75t_R asap7sc7p5t_OA_RVT_TT_nldm_211120     0.087480       2     0.174960
OAI22xp33_ASAP7_75t_R asap7sc7p5t_OA_RVT_TT_nldm_211120     0.087480       1     0.087480
OAI32xp33_ASAP7_75t_R asap7sc7p5t_OA_RVT_TT_nldm_211120     0.102060       1     0.102060
OAI211xp5_ASAP7_75t_R asap7sc7p5t_OA_RVT_TT_nldm_211120     0.087480       9     0.787320
OR2x2_ASAP7_75t_R  asap7sc7p5t_SIMPLE_RVT_TT_nldm_211120     0.087480       1     0.087480
OR5x1_ASAP7_75t_R  asap7sc7p5t_SIMPLE_RVT_TT_nldm_211120     0.116640       2     0.233280
TIEHIx1_ASAP7_75t_R asap7sc7p5t_SIMPLE_RVT_TT_nldm_211120     0.043740       1     0.043740
TIELOx1_ASAP7_75t_R asap7sc7p5t_SIMPLE_RVT_TT_nldm_211120     0.043740       1     0.043740
XOR2xp5_ASAP7_75t_R asap7sc7p5t_SIMPLE_RVT_TT_nldm_211120     0.131220       4     0.524880
fp16_mult_piped_NUM_PIPE2_6_DW02_mult_0_DW02_mult_10    50.388480       1    50.388480 h
-----------------------------------------------------------------------------
Total 49 references                                    78.352919

****************************************
Design: fp16_mult_piped_NUM_PIPE2_6_DW02_mult_0_DW02_mult_10 
****************************************
Reference          Library       Unit Area   Count    Total Area   Attributes
-----------------------------------------------------------------------------
AND2x2_ASAP7_75t_R asap7sc7p5t_SIMPLE_RVT_TT_nldm_211120     0.087480     132    11.547360
AND2x4_ASAP7_75t_R asap7sc7p5t_SIMPLE_RVT_TT_nldm_211120     0.145800       7     1.020600
BUFx3_ASAP7_75t_R  asap7sc7p5t_INVBUF_RVT_TT_nldm_211120     0.087480       1     0.087480
BUFx4f_ASAP7_75t_R asap7sc7p5t_INVBUF_RVT_TT_nldm_211120     0.116640       1     0.116640
BUFx6f_ASAP7_75t_R asap7sc7p5t_INVBUF_RVT_TT_nldm_211120     0.145800       2     0.291600
FAx1_ASAP7_75t_R   asap7sc7p5t_SIMPLE_RVT_TT_nldm_211120     0.204120      90    18.370800 r
HB1xp67_ASAP7_75t_R asap7sc7p5t_INVBUF_RVT_TT_nldm_211120     0.058320       5     0.291600
INVx1_ASAP7_75t_R  asap7sc7p5t_INVBUF_RVT_TT_nldm_211120     0.043740     185     8.091900
INVx2_ASAP7_75t_R  asap7sc7p5t_INVBUF_RVT_TT_nldm_211120     0.058320       1     0.058320
INVxp33_ASAP7_75t_R asap7sc7p5t_INVBUF_RVT_TT_nldm_211120     0.043740       2     0.087480
INVxp67_ASAP7_75t_R asap7sc7p5t_INVBUF_RVT_TT_nldm_211120     0.043740       8     0.349920
NAND2xp5_ASAP7_75t_R asap7sc7p5t_SIMPLE_RVT_TT_nldm_211120     0.058320       2     0.116640
TIELOx1_ASAP7_75t_R asap7sc7p5t_SIMPLE_RVT_TT_nldm_211120     0.043740       1     0.043740
XNOR2xp5_ASAP7_75t_R asap7sc7p5t_SIMPLE_RVT_TT_nldm_211120     0.131220       8     1.049760
XOR2x2_ASAP7_75t_R asap7sc7p5t_SIMPLE_RVT_TT_nldm_211120     0.160380       6     0.962280
XOR2xp5_ASAP7_75t_R asap7sc7p5t_SIMPLE_RVT_TT_nldm_211120     0.131220       6     0.787320
fp16_mult_piped_NUM_PIPE2_6_DW01_add_3     7.115040       1     7.115040 h
-----------------------------------------------------------------------------
Total 17 references                                    50.388480

****************************************
Design: fp16_mult_piped_NUM_PIPE2_6_DW01_add_3 
****************************************
Reference          Library       Unit Area   Count    Total Area   Attributes
-----------------------------------------------------------------------------
AND2x2_ASAP7_75t_R asap7sc7p5t_SIMPLE_RVT_TT_nldm_211120     0.087480       1     0.087480
AOI21x1_ASAP7_75t_R asap7sc7p5t_AO_RVT_TT_nldm_211120     0.116640       2     0.233280
AOI21xp5_ASAP7_75t_R asap7sc7p5t_AO_RVT_TT_nldm_211120     0.072900       3     0.218700
AOI21xp33_ASAP7_75t_R asap7sc7p5t_AO_RVT_TT_nldm_211120     0.072900       1     0.072900
AOI22xp33_ASAP7_75t_R asap7sc7p5t_AO_RVT_TT_nldm_211120     0.087480       1     0.087480
FAx1_ASAP7_75t_R   asap7sc7p5t_SIMPLE_RVT_TT_nldm_211120     0.204120       1     0.204120 r
HB1xp67_ASAP7_75t_R asap7sc7p5t_INVBUF_RVT_TT_nldm_211120     0.058320       1     0.058320
INVx1_ASAP7_75t_R  asap7sc7p5t_INVBUF_RVT_TT_nldm_211120     0.043740      15     0.656100
INVxp33_ASAP7_75t_R asap7sc7p5t_INVBUF_RVT_TT_nldm_211120     0.043740       3     0.131220
INVxp67_ASAP7_75t_R asap7sc7p5t_INVBUF_RVT_TT_nldm_211120     0.043740       1     0.043740
NAND2x1p5_ASAP7_75t_R asap7sc7p5t_SIMPLE_RVT_TT_nldm_211120     0.116640       2     0.233280
NAND2xp5_ASAP7_75t_R asap7sc7p5t_SIMPLE_RVT_TT_nldm_211120     0.058320      12     0.699840
NAND2xp33_ASAP7_75t_R asap7sc7p5t_SIMPLE_RVT_TT_nldm_211120     0.058320       3     0.174960
NAND3xp33_ASAP7_75t_R asap7sc7p5t_SIMPLE_RVT_TT_nldm_211120     0.072900       6     0.437400
NOR2x1_ASAP7_75t_R asap7sc7p5t_SIMPLE_RVT_TT_nldm_211120     0.087480       4     0.349920
NOR2xp33_ASAP7_75t_R asap7sc7p5t_SIMPLE_RVT_TT_nldm_211120     0.058320       9     0.524880
NOR2xp67_ASAP7_75t_R asap7sc7p5t_SIMPLE_RVT_TT_nldm_211120     0.087480       1     0.087480
NOR3x1_ASAP7_75t_R asap7sc7p5t_SIMPLE_RVT_TT_nldm_211120     0.160380       1     0.160380
NOR3xp33_ASAP7_75t_R asap7sc7p5t_SIMPLE_RVT_TT_nldm_211120     0.072900       1     0.072900
OA21x2_ASAP7_75t_R asap7sc7p5t_OA_RVT_TT_nldm_211120     0.102060       2     0.204120
OA31x2_ASAP7_75t_R asap7sc7p5t_OA_RVT_TT_nldm_211120     0.218700       1     0.218700
OAI21xp5_ASAP7_75t_R asap7sc7p5t_OA_RVT_TT_nldm_211120     0.072900       4     0.291600
OR2x2_ASAP7_75t_R  asap7sc7p5t_SIMPLE_RVT_TT_nldm_211120     0.087480       4     0.349920
OR2x6_ASAP7_75t_R  asap7sc7p5t_SIMPLE_RVT_TT_nldm_211120     0.174960       1     0.174960
XNOR2xp5_ASAP7_75t_R asap7sc7p5t_SIMPLE_RVT_TT_nldm_211120     0.131220       6     0.787320
XOR2x2_ASAP7_75t_R asap7sc7p5t_SIMPLE_RVT_TT_nldm_211120     0.160380       1     0.160380
XOR2xp5_ASAP7_75t_R asap7sc7p5t_SIMPLE_RVT_TT_nldm_211120     0.131220       3     0.393660
-----------------------------------------------------------------------------
Total 27 references                                     7.115040

****************************************
Design: fp16_mult_piped_NUM_PIPE2_7 
****************************************
Reference          Library       Unit Area   Count    Total Area   Attributes
-----------------------------------------------------------------------------
A2O1A1Ixp33_ASAP7_75t_R asap7sc7p5t_AO_RVT_TT_nldm_211120     0.087480       1     0.087480
AND2x2_ASAP7_75t_R asap7sc7p5t_SIMPLE_RVT_TT_nldm_211120     0.087480       8     0.699840
AND2x4_ASAP7_75t_R asap7sc7p5t_SIMPLE_RVT_TT_nldm_211120     0.145800       1     0.145800
AND4x1_ASAP7_75t_R asap7sc7p5t_SIMPLE_RVT_TT_nldm_211120     0.102060       1     0.102060
AOI21x1_ASAP7_75t_R asap7sc7p5t_AO_RVT_TT_nldm_211120     0.116640       2     0.233280
AOI31xp33_ASAP7_75t_R asap7sc7p5t_AO_RVT_TT_nldm_211120     0.087480       2     0.174960
AOI211xp5_ASAP7_75t_R asap7sc7p5t_AO_RVT_TT_nldm_211120     0.087480       1     0.087480
BUFx3_ASAP7_75t_R  asap7sc7p5t_INVBUF_RVT_TT_nldm_211120     0.087480       2     0.174960
BUFx6f_ASAP7_75t_R asap7sc7p5t_INVBUF_RVT_TT_nldm_211120     0.145800       2     0.291600
BUFx12f_ASAP7_75t_R asap7sc7p5t_INVBUF_RVT_TT_nldm_211120     0.262440       1     0.262440
DFFASRHQNx1_ASAP7_75t_R asap7sc7p5t_SEQ_RVT_TT_nldm_220123     0.379080       2     0.758160 n
DFFHQNx1_ASAP7_75t_R asap7sc7p5t_SEQ_RVT_TT_nldm_220123     0.291600      32     9.331200 n
FAx1_ASAP7_75t_R   asap7sc7p5t_SIMPLE_RVT_TT_nldm_211120     0.204120       5     1.020600 r
HB1xp67_ASAP7_75t_R asap7sc7p5t_INVBUF_RVT_TT_nldm_211120     0.058320       7     0.408240
INVx1_ASAP7_75t_R  asap7sc7p5t_INVBUF_RVT_TT_nldm_211120     0.043740      75     3.280500
INVx2_ASAP7_75t_R  asap7sc7p5t_INVBUF_RVT_TT_nldm_211120     0.058320       4     0.233280
INVx8_ASAP7_75t_R  asap7sc7p5t_INVBUF_RVT_TT_nldm_211120     0.145800       1     0.145800
INVxp33_ASAP7_75t_R asap7sc7p5t_INVBUF_RVT_TT_nldm_211120     0.043740       6     0.262440
INVxp67_ASAP7_75t_R asap7sc7p5t_INVBUF_RVT_TT_nldm_211120     0.043740       7     0.306180
MAJIxp5_ASAP7_75t_R asap7sc7p5t_SIMPLE_RVT_TT_nldm_211120     0.102060       1     0.102060
NAND2x1_ASAP7_75t_R asap7sc7p5t_SIMPLE_RVT_TT_nldm_211120     0.087480       2     0.174960
NAND2xp5_ASAP7_75t_R asap7sc7p5t_SIMPLE_RVT_TT_nldm_211120     0.058320      19     1.108080
NAND2xp33_ASAP7_75t_R asap7sc7p5t_SIMPLE_RVT_TT_nldm_211120     0.058320      14     0.816480
NAND3x1_ASAP7_75t_R asap7sc7p5t_SIMPLE_RVT_TT_nldm_211120     0.160380       1     0.160380
NAND3xp33_ASAP7_75t_R asap7sc7p5t_SIMPLE_RVT_TT_nldm_211120     0.072900       1     0.072900
NAND4xp25_ASAP7_75t_R asap7sc7p5t_SIMPLE_RVT_TT_nldm_211120     0.087480       1     0.087480
NAND5xp2_ASAP7_75t_R asap7sc7p5t_SIMPLE_RVT_TT_nldm_211120     0.102060       3     0.306180
NOR2x1_ASAP7_75t_R asap7sc7p5t_SIMPLE_RVT_TT_nldm_211120     0.087480       9     0.787320
NOR2x1p5_ASAP7_75t_R asap7sc7p5t_SIMPLE_RVT_TT_nldm_211120     0.116640       2     0.233280
NOR2x2_ASAP7_75t_R asap7sc7p5t_SIMPLE_RVT_TT_nldm_211120     0.145800       1     0.145800
NOR2xp33_ASAP7_75t_R asap7sc7p5t_SIMPLE_RVT_TT_nldm_211120     0.058320      15     0.874800
NOR3xp33_ASAP7_75t_R asap7sc7p5t_SIMPLE_RVT_TT_nldm_211120     0.072900       4     0.291600
NOR5xp2_ASAP7_75t_R asap7sc7p5t_SIMPLE_RVT_TT_nldm_211120     0.102060       4     0.408240
O2A1O1Ixp5_ASAP7_75t_R asap7sc7p5t_OA_RVT_TT_nldm_211120     0.116640       1     0.116640
OA21x2_ASAP7_75t_R asap7sc7p5t_OA_RVT_TT_nldm_211120     0.102060       1     0.102060
OAI21x1_ASAP7_75t_R asap7sc7p5t_OA_RVT_TT_nldm_211120     0.116640       1     0.116640
OAI21xp5_ASAP7_75t_R asap7sc7p5t_OA_RVT_TT_nldm_211120     0.072900       4     0.291600
OAI21xp33_ASAP7_75t_R asap7sc7p5t_OA_RVT_TT_nldm_211120     0.072900      17     1.239300
OAI22x1_ASAP7_75t_R asap7sc7p5t_OA_RVT_TT_nldm_211120     0.145800       1     0.145800
OAI22xp5_ASAP7_75t_R asap7sc7p5t_OA_RVT_TT_nldm_211120     0.087480       1     0.087480
OAI22xp33_ASAP7_75t_R asap7sc7p5t_OA_RVT_TT_nldm_211120     0.087480       1     0.087480
OAI32xp33_ASAP7_75t_R asap7sc7p5t_OA_RVT_TT_nldm_211120     0.102060       1     0.102060
OAI211xp5_ASAP7_75t_R asap7sc7p5t_OA_RVT_TT_nldm_211120     0.087480       9     0.787320
OR5x1_ASAP7_75t_R  asap7sc7p5t_SIMPLE_RVT_TT_nldm_211120     0.116640       2     0.233280
TIEHIx1_ASAP7_75t_R asap7sc7p5t_SIMPLE_RVT_TT_nldm_211120     0.043740       1     0.043740
TIELOx1_ASAP7_75t_R asap7sc7p5t_SIMPLE_RVT_TT_nldm_211120     0.043740       1     0.043740
XNOR2xp5_ASAP7_75t_R asap7sc7p5t_SIMPLE_RVT_TT_nldm_211120     0.131220       1     0.131220
XOR2x2_ASAP7_75t_R asap7sc7p5t_SIMPLE_RVT_TT_nldm_211120     0.160380       1     0.160380
XOR2xp5_ASAP7_75t_R asap7sc7p5t_SIMPLE_RVT_TT_nldm_211120     0.131220       2     0.262440
fp16_mult_piped_NUM_PIPE2_7_DW02_mult_0_DW02_mult_9    49.615740       1    49.615740 h
-----------------------------------------------------------------------------
Total 50 references                                    77.142779

****************************************
Design: fp16_mult_piped_NUM_PIPE2_7_DW02_mult_0_DW02_mult_9 
****************************************
Reference          Library       Unit Area   Count    Total Area   Attributes
-----------------------------------------------------------------------------
AND2x2_ASAP7_75t_R asap7sc7p5t_SIMPLE_RVT_TT_nldm_211120     0.087480     132    11.547360
AND2x4_ASAP7_75t_R asap7sc7p5t_SIMPLE_RVT_TT_nldm_211120     0.145800       4     0.583200
BUFx6f_ASAP7_75t_R asap7sc7p5t_INVBUF_RVT_TT_nldm_211120     0.145800       1     0.145800
FAx1_ASAP7_75t_R   asap7sc7p5t_SIMPLE_RVT_TT_nldm_211120     0.204120      90    18.370800 r
HB1xp67_ASAP7_75t_R asap7sc7p5t_INVBUF_RVT_TT_nldm_211120     0.058320       3     0.174960
INVx1_ASAP7_75t_R  asap7sc7p5t_INVBUF_RVT_TT_nldm_211120     0.043740     191     8.354340
INVx2_ASAP7_75t_R  asap7sc7p5t_INVBUF_RVT_TT_nldm_211120     0.058320       4     0.233280
INVxp33_ASAP7_75t_R asap7sc7p5t_INVBUF_RVT_TT_nldm_211120     0.043740       1     0.043740
INVxp67_ASAP7_75t_R asap7sc7p5t_INVBUF_RVT_TT_nldm_211120     0.043740       4     0.174960
NAND2xp5_ASAP7_75t_R asap7sc7p5t_SIMPLE_RVT_TT_nldm_211120     0.058320       5     0.291600
TIELOx1_ASAP7_75t_R asap7sc7p5t_SIMPLE_RVT_TT_nldm_211120     0.043740       1     0.043740
XNOR2x1_ASAP7_75t_R asap7sc7p5t_SIMPLE_RVT_TT_nldm_211120     0.174960       1     0.174960
XNOR2xp5_ASAP7_75t_R asap7sc7p5t_SIMPLE_RVT_TT_nldm_211120     0.131220      11     1.443420
XOR2x2_ASAP7_75t_R asap7sc7p5t_SIMPLE_RVT_TT_nldm_211120     0.160380       5     0.801900
XOR2xp5_ASAP7_75t_R asap7sc7p5t_SIMPLE_RVT_TT_nldm_211120     0.131220       3     0.393660
fp16_mult_piped_NUM_PIPE2_7_DW01_add_3     6.838020       1     6.838020 h
-----------------------------------------------------------------------------
Total 16 references                                    49.615740

****************************************
Design: fp16_mult_piped_NUM_PIPE2_7_DW01_add_3 
****************************************
Reference          Library       Unit Area   Count    Total Area   Attributes
-----------------------------------------------------------------------------
AND2x2_ASAP7_75t_R asap7sc7p5t_SIMPLE_RVT_TT_nldm_211120     0.087480       2     0.174960
AOI21x1_ASAP7_75t_R asap7sc7p5t_AO_RVT_TT_nldm_211120     0.116640       1     0.116640
AOI21xp5_ASAP7_75t_R asap7sc7p5t_AO_RVT_TT_nldm_211120     0.072900       2     0.145800
AOI21xp33_ASAP7_75t_R asap7sc7p5t_AO_RVT_TT_nldm_211120     0.072900       3     0.218700
AOI22xp33_ASAP7_75t_R asap7sc7p5t_AO_RVT_TT_nldm_211120     0.087480       1     0.087480
FAx1_ASAP7_75t_R   asap7sc7p5t_SIMPLE_RVT_TT_nldm_211120     0.204120       1     0.204120 r
INVx1_ASAP7_75t_R  asap7sc7p5t_INVBUF_RVT_TT_nldm_211120     0.043740      15     0.656100
INVx2_ASAP7_75t_R  asap7sc7p5t_INVBUF_RVT_TT_nldm_211120     0.058320       1     0.058320
INVx4_ASAP7_75t_R  asap7sc7p5t_INVBUF_RVT_TT_nldm_211120     0.087480       1     0.087480
INVxp67_ASAP7_75t_R asap7sc7p5t_INVBUF_RVT_TT_nldm_211120     0.043740       2     0.087480
NAND2x1_ASAP7_75t_R asap7sc7p5t_SIMPLE_RVT_TT_nldm_211120     0.087480       1     0.087480
NAND2x1p5_ASAP7_75t_R asap7sc7p5t_SIMPLE_RVT_TT_nldm_211120     0.116640       1     0.116640
NAND2xp5_ASAP7_75t_R asap7sc7p5t_SIMPLE_RVT_TT_nldm_211120     0.058320      11     0.641520
NAND2xp33_ASAP7_75t_R asap7sc7p5t_SIMPLE_RVT_TT_nldm_211120     0.058320       2     0.116640
NAND3xp33_ASAP7_75t_R asap7sc7p5t_SIMPLE_RVT_TT_nldm_211120     0.072900       5     0.364500
NAND4xp25_ASAP7_75t_R asap7sc7p5t_SIMPLE_RVT_TT_nldm_211120     0.087480       1     0.087480
NOR2x1_ASAP7_75t_R asap7sc7p5t_SIMPLE_RVT_TT_nldm_211120     0.087480       5     0.437400
NOR2x1p5_ASAP7_75t_R asap7sc7p5t_SIMPLE_RVT_TT_nldm_211120     0.116640       1     0.116640
NOR2xp33_ASAP7_75t_R asap7sc7p5t_SIMPLE_RVT_TT_nldm_211120     0.058320       6     0.349920
NOR3x1_ASAP7_75t_R asap7sc7p5t_SIMPLE_RVT_TT_nldm_211120     0.160380       1     0.160380
NOR3xp33_ASAP7_75t_R asap7sc7p5t_SIMPLE_RVT_TT_nldm_211120     0.072900       2     0.145800
OA21x2_ASAP7_75t_R asap7sc7p5t_OA_RVT_TT_nldm_211120     0.102060       2     0.204120
OAI21xp5_ASAP7_75t_R asap7sc7p5t_OA_RVT_TT_nldm_211120     0.072900       4     0.291600
OAI31xp33_ASAP7_75t_R asap7sc7p5t_OA_RVT_TT_nldm_211120     0.087480       1     0.087480
OR2x2_ASAP7_75t_R  asap7sc7p5t_SIMPLE_RVT_TT_nldm_211120     0.087480       3     0.262440
OR2x6_ASAP7_75t_R  asap7sc7p5t_SIMPLE_RVT_TT_nldm_211120     0.174960       1     0.174960
XNOR2x1_ASAP7_75t_R asap7sc7p5t_SIMPLE_RVT_TT_nldm_211120     0.174960       1     0.174960
XNOR2xp5_ASAP7_75t_R asap7sc7p5t_SIMPLE_RVT_TT_nldm_211120     0.131220       6     0.787320
XOR2xp5_ASAP7_75t_R asap7sc7p5t_SIMPLE_RVT_TT_nldm_211120     0.131220       3     0.393660
-----------------------------------------------------------------------------
Total 29 references                                     6.838020

****************************************
Design: fp16_mult_piped_NUM_PIPE2_8 
****************************************
Reference          Library       Unit Area   Count    Total Area   Attributes
-----------------------------------------------------------------------------
A2O1A1Ixp33_ASAP7_75t_R asap7sc7p5t_AO_RVT_TT_nldm_211120     0.087480       1     0.087480
AND2x2_ASAP7_75t_R asap7sc7p5t_SIMPLE_RVT_TT_nldm_211120     0.087480       8     0.699840
AND2x4_ASAP7_75t_R asap7sc7p5t_SIMPLE_RVT_TT_nldm_211120     0.145800       2     0.291600
AND4x1_ASAP7_75t_R asap7sc7p5t_SIMPLE_RVT_TT_nldm_211120     0.102060       1     0.102060
AOI21x1_ASAP7_75t_R asap7sc7p5t_AO_RVT_TT_nldm_211120     0.116640       1     0.116640
AOI21xp5_ASAP7_75t_R asap7sc7p5t_AO_RVT_TT_nldm_211120     0.072900       2     0.145800
AOI31xp33_ASAP7_75t_R asap7sc7p5t_AO_RVT_TT_nldm_211120     0.087480       1     0.087480
AOI211xp5_ASAP7_75t_R asap7sc7p5t_AO_RVT_TT_nldm_211120     0.087480       1     0.087480
BUFx4f_ASAP7_75t_R asap7sc7p5t_INVBUF_RVT_TT_nldm_211120     0.116640       1     0.116640
BUFx6f_ASAP7_75t_R asap7sc7p5t_INVBUF_RVT_TT_nldm_211120     0.145800       3     0.437400
DFFASRHQNx1_ASAP7_75t_R asap7sc7p5t_SEQ_RVT_TT_nldm_220123     0.379080       2     0.758160 n
DFFHQNx1_ASAP7_75t_R asap7sc7p5t_SEQ_RVT_TT_nldm_220123     0.291600      32     9.331200 n
FAx1_ASAP7_75t_R   asap7sc7p5t_SIMPLE_RVT_TT_nldm_211120     0.204120       5     1.020600 r
HB1xp67_ASAP7_75t_R asap7sc7p5t_INVBUF_RVT_TT_nldm_211120     0.058320       3     0.174960
INVx1_ASAP7_75t_R  asap7sc7p5t_INVBUF_RVT_TT_nldm_211120     0.043740      77     3.367980
INVx2_ASAP7_75t_R  asap7sc7p5t_INVBUF_RVT_TT_nldm_211120     0.058320       1     0.058320
INVx3_ASAP7_75t_R  asap7sc7p5t_INVBUF_RVT_TT_nldm_211120     0.072900       1     0.072900
INVx5_ASAP7_75t_R  asap7sc7p5t_INVBUF_RVT_TT_nldm_211120     0.102060       1     0.102060
INVxp33_ASAP7_75t_R asap7sc7p5t_INVBUF_RVT_TT_nldm_211120     0.043740      11     0.481140
INVxp67_ASAP7_75t_R asap7sc7p5t_INVBUF_RVT_TT_nldm_211120     0.043740       5     0.218700
MAJIxp5_ASAP7_75t_R asap7sc7p5t_SIMPLE_RVT_TT_nldm_211120     0.102060       1     0.102060
NAND2x1_ASAP7_75t_R asap7sc7p5t_SIMPLE_RVT_TT_nldm_211120     0.087480       2     0.174960
NAND2xp5_ASAP7_75t_R asap7sc7p5t_SIMPLE_RVT_TT_nldm_211120     0.058320      18     1.049760
NAND2xp33_ASAP7_75t_R asap7sc7p5t_SIMPLE_RVT_TT_nldm_211120     0.058320      17     0.991440
NAND3xp33_ASAP7_75t_R asap7sc7p5t_SIMPLE_RVT_TT_nldm_211120     0.072900       2     0.145800
NAND4xp25_ASAP7_75t_R asap7sc7p5t_SIMPLE_RVT_TT_nldm_211120     0.087480       1     0.087480
NAND5xp2_ASAP7_75t_R asap7sc7p5t_SIMPLE_RVT_TT_nldm_211120     0.102060       3     0.306180
NOR2x1_ASAP7_75t_R asap7sc7p5t_SIMPLE_RVT_TT_nldm_211120     0.087480      10     0.874800
NOR2x1p5_ASAP7_75t_R asap7sc7p5t_SIMPLE_RVT_TT_nldm_211120     0.116640       1     0.116640
NOR2x2_ASAP7_75t_R asap7sc7p5t_SIMPLE_RVT_TT_nldm_211120     0.145800       2     0.291600
NOR2xp33_ASAP7_75t_R asap7sc7p5t_SIMPLE_RVT_TT_nldm_211120     0.058320      12     0.699840
NOR2xp67_ASAP7_75t_R asap7sc7p5t_SIMPLE_RVT_TT_nldm_211120     0.087480       1     0.087480
NOR3x1_ASAP7_75t_R asap7sc7p5t_SIMPLE_RVT_TT_nldm_211120     0.160380       1     0.160380
NOR3xp33_ASAP7_75t_R asap7sc7p5t_SIMPLE_RVT_TT_nldm_211120     0.072900       2     0.145800
NOR5xp2_ASAP7_75t_R asap7sc7p5t_SIMPLE_RVT_TT_nldm_211120     0.102060       4     0.408240
O2A1O1Ixp5_ASAP7_75t_R asap7sc7p5t_OA_RVT_TT_nldm_211120     0.116640       1     0.116640
OA21x2_ASAP7_75t_R asap7sc7p5t_OA_RVT_TT_nldm_211120     0.102060       1     0.102060
OAI21x1_ASAP7_75t_R asap7sc7p5t_OA_RVT_TT_nldm_211120     0.116640       1     0.116640
OAI21xp5_ASAP7_75t_R asap7sc7p5t_OA_RVT_TT_nldm_211120     0.072900       4     0.291600
OAI21xp33_ASAP7_75t_R asap7sc7p5t_OA_RVT_TT_nldm_211120     0.072900      16     1.166400
OAI22x1_ASAP7_75t_R asap7sc7p5t_OA_RVT_TT_nldm_211120     0.145800       1     0.145800
OAI22xp5_ASAP7_75t_R asap7sc7p5t_OA_RVT_TT_nldm_211120     0.087480       2     0.174960
OAI32xp33_ASAP7_75t_R asap7sc7p5t_OA_RVT_TT_nldm_211120     0.102060       1     0.102060
OAI211xp5_ASAP7_75t_R asap7sc7p5t_OA_RVT_TT_nldm_211120     0.087480       9     0.787320
OR5x1_ASAP7_75t_R  asap7sc7p5t_SIMPLE_RVT_TT_nldm_211120     0.116640       2     0.233280
TIEHIx1_ASAP7_75t_R asap7sc7p5t_SIMPLE_RVT_TT_nldm_211120     0.043740       1     0.043740
TIELOx1_ASAP7_75t_R asap7sc7p5t_SIMPLE_RVT_TT_nldm_211120     0.043740       1     0.043740
XNOR2xp5_ASAP7_75t_R asap7sc7p5t_SIMPLE_RVT_TT_nldm_211120     0.131220       1     0.131220
XOR2x2_ASAP7_75t_R asap7sc7p5t_SIMPLE_RVT_TT_nldm_211120     0.160380       1     0.160380
XOR2xp5_ASAP7_75t_R asap7sc7p5t_SIMPLE_RVT_TT_nldm_211120     0.131220       2     0.262440
fp16_mult_piped_NUM_PIPE2_8_DW02_mult_0_DW02_mult_8    49.776120       1    49.776120 h
-----------------------------------------------------------------------------
Total 51 references                                    77.055299

****************************************
Design: fp16_mult_piped_NUM_PIPE2_8_DW02_mult_0_DW02_mult_8 
****************************************
Reference          Library       Unit Area   Count    Total Area   Attributes
-----------------------------------------------------------------------------
AND2x2_ASAP7_75t_R asap7sc7p5t_SIMPLE_RVT_TT_nldm_211120     0.087480     135    11.809800
AND2x4_ASAP7_75t_R asap7sc7p5t_SIMPLE_RVT_TT_nldm_211120     0.145800       4     0.583200
BUFx3_ASAP7_75t_R  asap7sc7p5t_INVBUF_RVT_TT_nldm_211120     0.087480       1     0.087480
BUFx6f_ASAP7_75t_R asap7sc7p5t_INVBUF_RVT_TT_nldm_211120     0.145800       1     0.145800
FAx1_ASAP7_75t_R   asap7sc7p5t_SIMPLE_RVT_TT_nldm_211120     0.204120      90    18.370800 r
HB1xp67_ASAP7_75t_R asap7sc7p5t_INVBUF_RVT_TT_nldm_211120     0.058320       3     0.174960
INVx1_ASAP7_75t_R  asap7sc7p5t_INVBUF_RVT_TT_nldm_211120     0.043740     190     8.310600
INVx2_ASAP7_75t_R  asap7sc7p5t_INVBUF_RVT_TT_nldm_211120     0.058320       2     0.116640
INVxp33_ASAP7_75t_R asap7sc7p5t_INVBUF_RVT_TT_nldm_211120     0.043740       5     0.218700
INVxp67_ASAP7_75t_R asap7sc7p5t_INVBUF_RVT_TT_nldm_211120     0.043740       4     0.174960
NAND2xp5_ASAP7_75t_R asap7sc7p5t_SIMPLE_RVT_TT_nldm_211120     0.058320       2     0.116640
TIELOx1_ASAP7_75t_R asap7sc7p5t_SIMPLE_RVT_TT_nldm_211120     0.043740       1     0.043740
XNOR2x1_ASAP7_75t_R asap7sc7p5t_SIMPLE_RVT_TT_nldm_211120     0.174960       1     0.174960
XNOR2xp5_ASAP7_75t_R asap7sc7p5t_SIMPLE_RVT_TT_nldm_211120     0.131220       9     1.180980
XOR2x1_ASAP7_75t_R asap7sc7p5t_SIMPLE_RVT_TT_nldm_211120     0.174960       1     0.174960
XOR2x2_ASAP7_75t_R asap7sc7p5t_SIMPLE_RVT_TT_nldm_211120     0.160380       8     1.283040
XOR2xp5_ASAP7_75t_R asap7sc7p5t_SIMPLE_RVT_TT_nldm_211120     0.131220       1     0.131220
fp16_mult_piped_NUM_PIPE2_8_DW01_add_3     6.677640       1     6.677640 h
-----------------------------------------------------------------------------
Total 18 references                                    49.776120

****************************************
Design: fp16_mult_piped_NUM_PIPE2_8_DW01_add_3 
****************************************
Reference          Library       Unit Area   Count    Total Area   Attributes
-----------------------------------------------------------------------------
AND2x2_ASAP7_75t_R asap7sc7p5t_SIMPLE_RVT_TT_nldm_211120     0.087480       1     0.087480
AOI21x1_ASAP7_75t_R asap7sc7p5t_AO_RVT_TT_nldm_211120     0.116640       1     0.116640
AOI21xp5_ASAP7_75t_R asap7sc7p5t_AO_RVT_TT_nldm_211120     0.072900       3     0.218700
AOI21xp33_ASAP7_75t_R asap7sc7p5t_AO_RVT_TT_nldm_211120     0.072900       2     0.145800
AOI22xp33_ASAP7_75t_R asap7sc7p5t_AO_RVT_TT_nldm_211120     0.087480       1     0.087480
FAx1_ASAP7_75t_R   asap7sc7p5t_SIMPLE_RVT_TT_nldm_211120     0.204120       1     0.204120 r
INVx1_ASAP7_75t_R  asap7sc7p5t_INVBUF_RVT_TT_nldm_211120     0.043740      15     0.656100
INVx2_ASAP7_75t_R  asap7sc7p5t_INVBUF_RVT_TT_nldm_211120     0.058320       1     0.058320
INVxp33_ASAP7_75t_R asap7sc7p5t_INVBUF_RVT_TT_nldm_211120     0.043740       2     0.087480
INVxp67_ASAP7_75t_R asap7sc7p5t_INVBUF_RVT_TT_nldm_211120     0.043740       1     0.043740
NAND2x1p5_ASAP7_75t_R asap7sc7p5t_SIMPLE_RVT_TT_nldm_211120     0.116640       1     0.116640
NAND2xp5_ASAP7_75t_R asap7sc7p5t_SIMPLE_RVT_TT_nldm_211120     0.058320      13     0.758160
NAND2xp33_ASAP7_75t_R asap7sc7p5t_SIMPLE_RVT_TT_nldm_211120     0.058320       1     0.058320
NAND2xp67_ASAP7_75t_R asap7sc7p5t_SIMPLE_RVT_TT_nldm_211120     0.087480       1     0.087480
NAND3xp33_ASAP7_75t_R asap7sc7p5t_SIMPLE_RVT_TT_nldm_211120     0.072900       5     0.364500
NAND4xp25_ASAP7_75t_R asap7sc7p5t_SIMPLE_RVT_TT_nldm_211120     0.087480       1     0.087480
NOR2x1_ASAP7_75t_R asap7sc7p5t_SIMPLE_RVT_TT_nldm_211120     0.087480       4     0.349920
NOR2xp33_ASAP7_75t_R asap7sc7p5t_SIMPLE_RVT_TT_nldm_211120     0.058320       7     0.408240
NOR3x1_ASAP7_75t_R asap7sc7p5t_SIMPLE_RVT_TT_nldm_211120     0.160380       1     0.160380
NOR3xp33_ASAP7_75t_R asap7sc7p5t_SIMPLE_RVT_TT_nldm_211120     0.072900       2     0.145800
OA21x2_ASAP7_75t_R asap7sc7p5t_OA_RVT_TT_nldm_211120     0.102060       2     0.204120
OAI21xp5_ASAP7_75t_R asap7sc7p5t_OA_RVT_TT_nldm_211120     0.072900       4     0.291600
OAI21xp33_ASAP7_75t_R asap7sc7p5t_OA_RVT_TT_nldm_211120     0.072900       1     0.072900
OAI31xp33_ASAP7_75t_R asap7sc7p5t_OA_RVT_TT_nldm_211120     0.087480       1     0.087480
OR2x2_ASAP7_75t_R  asap7sc7p5t_SIMPLE_RVT_TT_nldm_211120     0.087480       5     0.437400
XNOR2xp5_ASAP7_75t_R asap7sc7p5t_SIMPLE_RVT_TT_nldm_211120     0.131220       6     0.787320
XOR2x2_ASAP7_75t_R asap7sc7p5t_SIMPLE_RVT_TT_nldm_211120     0.160380       1     0.160380
XOR2xp5_ASAP7_75t_R asap7sc7p5t_SIMPLE_RVT_TT_nldm_211120     0.131220       3     0.393660
-----------------------------------------------------------------------------
Total 28 references                                     6.677640

****************************************
Design: fp16_mult_piped_NUM_PIPE2_9 
****************************************
Reference          Library       Unit Area   Count    Total Area   Attributes
-----------------------------------------------------------------------------
A2O1A1Ixp33_ASAP7_75t_R asap7sc7p5t_AO_RVT_TT_nldm_211120     0.087480       1     0.087480
AND2x2_ASAP7_75t_R asap7sc7p5t_SIMPLE_RVT_TT_nldm_211120     0.087480       9     0.787320
AND2x4_ASAP7_75t_R asap7sc7p5t_SIMPLE_RVT_TT_nldm_211120     0.145800       2     0.291600
AND4x1_ASAP7_75t_R asap7sc7p5t_SIMPLE_RVT_TT_nldm_211120     0.102060       1     0.102060
AOI21x1_ASAP7_75t_R asap7sc7p5t_AO_RVT_TT_nldm_211120     0.116640       1     0.116640
AOI21xp5_ASAP7_75t_R asap7sc7p5t_AO_RVT_TT_nldm_211120     0.072900       2     0.145800
AOI31xp33_ASAP7_75t_R asap7sc7p5t_AO_RVT_TT_nldm_211120     0.087480       2     0.174960
AOI211xp5_ASAP7_75t_R asap7sc7p5t_AO_RVT_TT_nldm_211120     0.087480       1     0.087480
BUFx3_ASAP7_75t_R  asap7sc7p5t_INVBUF_RVT_TT_nldm_211120     0.087480       3     0.262440
BUFx4f_ASAP7_75t_R asap7sc7p5t_INVBUF_RVT_TT_nldm_211120     0.116640       1     0.116640
BUFx6f_ASAP7_75t_R asap7sc7p5t_INVBUF_RVT_TT_nldm_211120     0.145800       1     0.145800
BUFx12f_ASAP7_75t_R asap7sc7p5t_INVBUF_RVT_TT_nldm_211120     0.262440       1     0.262440
DFFASRHQNx1_ASAP7_75t_R asap7sc7p5t_SEQ_RVT_TT_nldm_220123     0.379080       2     0.758160 n
DFFHQNx1_ASAP7_75t_R asap7sc7p5t_SEQ_RVT_TT_nldm_220123     0.291600      32     9.331200 n
FAx1_ASAP7_75t_R   asap7sc7p5t_SIMPLE_RVT_TT_nldm_211120     0.204120       5     1.020600 r
HB1xp67_ASAP7_75t_R asap7sc7p5t_INVBUF_RVT_TT_nldm_211120     0.058320       3     0.174960
INVx1_ASAP7_75t_R  asap7sc7p5t_INVBUF_RVT_TT_nldm_211120     0.043740      76     3.324240
INVx2_ASAP7_75t_R  asap7sc7p5t_INVBUF_RVT_TT_nldm_211120     0.058320       2     0.116640
INVx6_ASAP7_75t_R  asap7sc7p5t_INVBUF_RVT_TT_nldm_211120     0.116640       1     0.116640
INVxp33_ASAP7_75t_R asap7sc7p5t_INVBUF_RVT_TT_nldm_211120     0.043740       8     0.349920
INVxp67_ASAP7_75t_R asap7sc7p5t_INVBUF_RVT_TT_nldm_211120     0.043740       3     0.131220
MAJIxp5_ASAP7_75t_R asap7sc7p5t_SIMPLE_RVT_TT_nldm_211120     0.102060       1     0.102060
NAND2x1_ASAP7_75t_R asap7sc7p5t_SIMPLE_RVT_TT_nldm_211120     0.087480       2     0.174960
NAND2x1p5_ASAP7_75t_R asap7sc7p5t_SIMPLE_RVT_TT_nldm_211120     0.116640       1     0.116640
NAND2xp5_ASAP7_75t_R asap7sc7p5t_SIMPLE_RVT_TT_nldm_211120     0.058320      23     1.341360
NAND2xp33_ASAP7_75t_R asap7sc7p5t_SIMPLE_RVT_TT_nldm_211120     0.058320       6     0.349920
NAND2xp67_ASAP7_75t_R asap7sc7p5t_SIMPLE_RVT_TT_nldm_211120     0.087480       1     0.087480
NAND3xp33_ASAP7_75t_R asap7sc7p5t_SIMPLE_RVT_TT_nldm_211120     0.072900       3     0.218700
NAND4xp75_ASAP7_75t_R asap7sc7p5t_SIMPLE_RVT_TT_nldm_211120     0.204120       1     0.204120
NAND5xp2_ASAP7_75t_R asap7sc7p5t_SIMPLE_RVT_TT_nldm_211120     0.102060       3     0.306180
NOR2x1_ASAP7_75t_R asap7sc7p5t_SIMPLE_RVT_TT_nldm_211120     0.087480       9     0.787320
NOR2x1p5_ASAP7_75t_R asap7sc7p5t_SIMPLE_RVT_TT_nldm_211120     0.116640       1     0.116640
NOR2x2_ASAP7_75t_R asap7sc7p5t_SIMPLE_RVT_TT_nldm_211120     0.145800       1     0.145800
NOR2xp33_ASAP7_75t_R asap7sc7p5t_SIMPLE_RVT_TT_nldm_211120     0.058320      15     0.874800
NOR3x1_ASAP7_75t_R asap7sc7p5t_SIMPLE_RVT_TT_nldm_211120     0.160380       1     0.160380
NOR3xp33_ASAP7_75t_R asap7sc7p5t_SIMPLE_RVT_TT_nldm_211120     0.072900       3     0.218700
NOR5xp2_ASAP7_75t_R asap7sc7p5t_SIMPLE_RVT_TT_nldm_211120     0.102060       4     0.408240
O2A1O1Ixp5_ASAP7_75t_R asap7sc7p5t_OA_RVT_TT_nldm_211120     0.116640       1     0.116640
OA21x2_ASAP7_75t_R asap7sc7p5t_OA_RVT_TT_nldm_211120     0.102060       2     0.204120
OAI21xp5_ASAP7_75t_R asap7sc7p5t_OA_RVT_TT_nldm_211120     0.072900      12     0.874800
OAI21xp33_ASAP7_75t_R asap7sc7p5t_OA_RVT_TT_nldm_211120     0.072900      10     0.729000
OAI22x1_ASAP7_75t_R asap7sc7p5t_OA_RVT_TT_nldm_211120     0.145800       1     0.145800
OAI22xp5_ASAP7_75t_R asap7sc7p5t_OA_RVT_TT_nldm_211120     0.087480       1     0.087480
OAI22xp33_ASAP7_75t_R asap7sc7p5t_OA_RVT_TT_nldm_211120     0.087480       1     0.087480
OAI32xp33_ASAP7_75t_R asap7sc7p5t_OA_RVT_TT_nldm_211120     0.102060       1     0.102060
OAI211xp5_ASAP7_75t_R asap7sc7p5t_OA_RVT_TT_nldm_211120     0.087480       9     0.787320
OR5x1_ASAP7_75t_R  asap7sc7p5t_SIMPLE_RVT_TT_nldm_211120     0.116640       2     0.233280
TIEHIx1_ASAP7_75t_R asap7sc7p5t_SIMPLE_RVT_TT_nldm_211120     0.043740       1     0.043740
TIELOx1_ASAP7_75t_R asap7sc7p5t_SIMPLE_RVT_TT_nldm_211120     0.043740       1     0.043740
XNOR2xp5_ASAP7_75t_R asap7sc7p5t_SIMPLE_RVT_TT_nldm_211120     0.131220       1     0.131220
XOR2x2_ASAP7_75t_R asap7sc7p5t_SIMPLE_RVT_TT_nldm_211120     0.160380       1     0.160380
XOR2xp5_ASAP7_75t_R asap7sc7p5t_SIMPLE_RVT_TT_nldm_211120     0.131220       2     0.262440
fp16_mult_piped_NUM_PIPE2_9_DW02_mult_0_DW02_mult_7    49.994820       1    49.994820 h
-----------------------------------------------------------------------------
Total 53 references                                    77.521859

****************************************
Design: fp16_mult_piped_NUM_PIPE2_9_DW02_mult_0_DW02_mult_7 
****************************************
Reference          Library       Unit Area   Count    Total Area   Attributes
-----------------------------------------------------------------------------
AND2x2_ASAP7_75t_R asap7sc7p5t_SIMPLE_RVT_TT_nldm_211120     0.087480     135    11.809800
AND2x4_ASAP7_75t_R asap7sc7p5t_SIMPLE_RVT_TT_nldm_211120     0.145800       4     0.583200
BUFx6f_ASAP7_75t_R asap7sc7p5t_INVBUF_RVT_TT_nldm_211120     0.145800       2     0.291600
FAx1_ASAP7_75t_R   asap7sc7p5t_SIMPLE_RVT_TT_nldm_211120     0.204120      90    18.370800 r
HB1xp67_ASAP7_75t_R asap7sc7p5t_INVBUF_RVT_TT_nldm_211120     0.058320       2     0.116640
INVx1_ASAP7_75t_R  asap7sc7p5t_INVBUF_RVT_TT_nldm_211120     0.043740     187     8.179380
INVx2_ASAP7_75t_R  asap7sc7p5t_INVBUF_RVT_TT_nldm_211120     0.058320       2     0.116640
INVxp67_ASAP7_75t_R asap7sc7p5t_INVBUF_RVT_TT_nldm_211120     0.043740       3     0.131220
NAND2xp5_ASAP7_75t_R asap7sc7p5t_SIMPLE_RVT_TT_nldm_211120     0.058320       2     0.116640
TIELOx1_ASAP7_75t_R asap7sc7p5t_SIMPLE_RVT_TT_nldm_211120     0.043740       1     0.043740
XNOR2x1_ASAP7_75t_R asap7sc7p5t_SIMPLE_RVT_TT_nldm_211120     0.174960       1     0.174960
XNOR2xp5_ASAP7_75t_R asap7sc7p5t_SIMPLE_RVT_TT_nldm_211120     0.131220       6     0.787320
XOR2x1_ASAP7_75t_R asap7sc7p5t_SIMPLE_RVT_TT_nldm_211120     0.174960       1     0.174960
XOR2x2_ASAP7_75t_R asap7sc7p5t_SIMPLE_RVT_TT_nldm_211120     0.160380      11     1.764180
XOR2xp5_ASAP7_75t_R asap7sc7p5t_SIMPLE_RVT_TT_nldm_211120     0.131220       1     0.131220
fp16_mult_piped_NUM_PIPE2_9_DW01_add_3     7.202520       1     7.202520 h
-----------------------------------------------------------------------------
Total 16 references                                    49.994820

****************************************
Design: fp16_mult_piped_NUM_PIPE2_9_DW01_add_3 
****************************************
Reference          Library       Unit Area   Count    Total Area   Attributes
-----------------------------------------------------------------------------
AND2x2_ASAP7_75t_R asap7sc7p5t_SIMPLE_RVT_TT_nldm_211120     0.087480       3     0.262440
AOI21x1_ASAP7_75t_R asap7sc7p5t_AO_RVT_TT_nldm_211120     0.116640       1     0.116640
AOI21xp5_ASAP7_75t_R asap7sc7p5t_AO_RVT_TT_nldm_211120     0.072900       2     0.145800
AOI21xp33_ASAP7_75t_R asap7sc7p5t_AO_RVT_TT_nldm_211120     0.072900       3     0.218700
AOI22xp33_ASAP7_75t_R asap7sc7p5t_AO_RVT_TT_nldm_211120     0.087480       1     0.087480
FAx1_ASAP7_75t_R   asap7sc7p5t_SIMPLE_RVT_TT_nldm_211120     0.204120       1     0.204120 r
HB1xp67_ASAP7_75t_R asap7sc7p5t_INVBUF_RVT_TT_nldm_211120     0.058320       1     0.058320
INVx1_ASAP7_75t_R  asap7sc7p5t_INVBUF_RVT_TT_nldm_211120     0.043740      18     0.787320
INVx3_ASAP7_75t_R  asap7sc7p5t_INVBUF_RVT_TT_nldm_211120     0.072900       1     0.072900
NAND2x1_ASAP7_75t_R asap7sc7p5t_SIMPLE_RVT_TT_nldm_211120     0.087480       2     0.174960
NAND2x1p5_ASAP7_75t_R asap7sc7p5t_SIMPLE_RVT_TT_nldm_211120     0.116640       1     0.116640
NAND2xp5_ASAP7_75t_R asap7sc7p5t_SIMPLE_RVT_TT_nldm_211120     0.058320      11     0.641520
NAND3xp33_ASAP7_75t_R asap7sc7p5t_SIMPLE_RVT_TT_nldm_211120     0.072900       5     0.364500
NAND4xp75_ASAP7_75t_R asap7sc7p5t_SIMPLE_RVT_TT_nldm_211120     0.204120       1     0.204120
NOR2x1_ASAP7_75t_R asap7sc7p5t_SIMPLE_RVT_TT_nldm_211120     0.087480       5     0.437400
NOR2x1p5_ASAP7_75t_R asap7sc7p5t_SIMPLE_RVT_TT_nldm_211120     0.116640       1     0.116640
NOR2xp33_ASAP7_75t_R asap7sc7p5t_SIMPLE_RVT_TT_nldm_211120     0.058320       5     0.291600
NOR3x1_ASAP7_75t_R asap7sc7p5t_SIMPLE_RVT_TT_nldm_211120     0.160380       2     0.320760
NOR3xp33_ASAP7_75t_R asap7sc7p5t_SIMPLE_RVT_TT_nldm_211120     0.072900       1     0.072900
OA21x2_ASAP7_75t_R asap7sc7p5t_OA_RVT_TT_nldm_211120     0.102060       1     0.102060
OAI21xp5_ASAP7_75t_R asap7sc7p5t_OA_RVT_TT_nldm_211120     0.072900       5     0.364500
OAI21xp33_ASAP7_75t_R asap7sc7p5t_OA_RVT_TT_nldm_211120     0.072900       1     0.072900
OAI31xp33_ASAP7_75t_R asap7sc7p5t_OA_RVT_TT_nldm_211120     0.087480       1     0.087480
OR2x2_ASAP7_75t_R  asap7sc7p5t_SIMPLE_RVT_TT_nldm_211120     0.087480       2     0.174960
OR2x6_ASAP7_75t_R  asap7sc7p5t_SIMPLE_RVT_TT_nldm_211120     0.174960       2     0.349920
XNOR2x1_ASAP7_75t_R asap7sc7p5t_SIMPLE_RVT_TT_nldm_211120     0.174960       1     0.174960
XNOR2xp5_ASAP7_75t_R asap7sc7p5t_SIMPLE_RVT_TT_nldm_211120     0.131220       6     0.787320
XOR2xp5_ASAP7_75t_R asap7sc7p5t_SIMPLE_RVT_TT_nldm_211120     0.131220       3     0.393660
-----------------------------------------------------------------------------
Total 28 references                                     7.202520

****************************************
Design: fp16_mult_piped_NUM_PIPE2_10 
****************************************
Reference          Library       Unit Area   Count    Total Area   Attributes
-----------------------------------------------------------------------------
A2O1A1Ixp33_ASAP7_75t_R asap7sc7p5t_AO_RVT_TT_nldm_211120     0.087480       1     0.087480
AND2x2_ASAP7_75t_R asap7sc7p5t_SIMPLE_RVT_TT_nldm_211120     0.087480      10     0.874800
AND2x4_ASAP7_75t_R asap7sc7p5t_SIMPLE_RVT_TT_nldm_211120     0.145800       2     0.291600
AND4x1_ASAP7_75t_R asap7sc7p5t_SIMPLE_RVT_TT_nldm_211120     0.102060       1     0.102060
AOI21x1_ASAP7_75t_R asap7sc7p5t_AO_RVT_TT_nldm_211120     0.116640       1     0.116640
AOI21xp5_ASAP7_75t_R asap7sc7p5t_AO_RVT_TT_nldm_211120     0.072900       1     0.072900
AOI21xp33_ASAP7_75t_R asap7sc7p5t_AO_RVT_TT_nldm_211120     0.072900       1     0.072900
AOI31xp33_ASAP7_75t_R asap7sc7p5t_AO_RVT_TT_nldm_211120     0.087480       1     0.087480
AOI211xp5_ASAP7_75t_R asap7sc7p5t_AO_RVT_TT_nldm_211120     0.087480       1     0.087480
BUFx6f_ASAP7_75t_R asap7sc7p5t_INVBUF_RVT_TT_nldm_211120     0.145800       4     0.583200
DFFASRHQNx1_ASAP7_75t_R asap7sc7p5t_SEQ_RVT_TT_nldm_220123     0.379080       2     0.758160 n
DFFHQNx1_ASAP7_75t_R asap7sc7p5t_SEQ_RVT_TT_nldm_220123     0.291600      32     9.331200 n
FAx1_ASAP7_75t_R   asap7sc7p5t_SIMPLE_RVT_TT_nldm_211120     0.204120       5     1.020600 r
HB1xp67_ASAP7_75t_R asap7sc7p5t_INVBUF_RVT_TT_nldm_211120     0.058320       9     0.524880
INVx1_ASAP7_75t_R  asap7sc7p5t_INVBUF_RVT_TT_nldm_211120     0.043740      73     3.193020
INVx2_ASAP7_75t_R  asap7sc7p5t_INVBUF_RVT_TT_nldm_211120     0.058320       5     0.291600
INVx3_ASAP7_75t_R  asap7sc7p5t_INVBUF_RVT_TT_nldm_211120     0.072900       1     0.072900
INVx8_ASAP7_75t_R  asap7sc7p5t_INVBUF_RVT_TT_nldm_211120     0.145800       1     0.145800
INVxp33_ASAP7_75t_R asap7sc7p5t_INVBUF_RVT_TT_nldm_211120     0.043740       8     0.349920
INVxp67_ASAP7_75t_R asap7sc7p5t_INVBUF_RVT_TT_nldm_211120     0.043740       8     0.349920
MAJIxp5_ASAP7_75t_R asap7sc7p5t_SIMPLE_RVT_TT_nldm_211120     0.102060       2     0.204120
NAND2x1_ASAP7_75t_R asap7sc7p5t_SIMPLE_RVT_TT_nldm_211120     0.087480       1     0.087480
NAND2xp5_ASAP7_75t_R asap7sc7p5t_SIMPLE_RVT_TT_nldm_211120     0.058320      17     0.991440
NAND2xp33_ASAP7_75t_R asap7sc7p5t_SIMPLE_RVT_TT_nldm_211120     0.058320      17     0.991440
NAND3x1_ASAP7_75t_R asap7sc7p5t_SIMPLE_RVT_TT_nldm_211120     0.160380       1     0.160380
NAND3xp33_ASAP7_75t_R asap7sc7p5t_SIMPLE_RVT_TT_nldm_211120     0.072900       1     0.072900
NAND4xp25_ASAP7_75t_R asap7sc7p5t_SIMPLE_RVT_TT_nldm_211120     0.087480       1     0.087480
NAND5xp2_ASAP7_75t_R asap7sc7p5t_SIMPLE_RVT_TT_nldm_211120     0.102060       3     0.306180
NOR2x1_ASAP7_75t_R asap7sc7p5t_SIMPLE_RVT_TT_nldm_211120     0.087480      15     1.312200
NOR2x1p5_ASAP7_75t_R asap7sc7p5t_SIMPLE_RVT_TT_nldm_211120     0.116640       1     0.116640
NOR2x2_ASAP7_75t_R asap7sc7p5t_SIMPLE_RVT_TT_nldm_211120     0.145800       1     0.145800
NOR2xp33_ASAP7_75t_R asap7sc7p5t_SIMPLE_RVT_TT_nldm_211120     0.058320       9     0.524880
NOR3x1_ASAP7_75t_R asap7sc7p5t_SIMPLE_RVT_TT_nldm_211120     0.160380       1     0.160380
NOR3xp33_ASAP7_75t_R asap7sc7p5t_SIMPLE_RVT_TT_nldm_211120     0.072900       2     0.145800
NOR5xp2_ASAP7_75t_R asap7sc7p5t_SIMPLE_RVT_TT_nldm_211120     0.102060       4     0.408240
O2A1O1Ixp5_ASAP7_75t_R asap7sc7p5t_OA_RVT_TT_nldm_211120     0.116640       1     0.116640
OA21x2_ASAP7_75t_R asap7sc7p5t_OA_RVT_TT_nldm_211120     0.102060       1     0.102060
OAI21xp5_ASAP7_75t_R asap7sc7p5t_OA_RVT_TT_nldm_211120     0.072900       5     0.364500
OAI21xp33_ASAP7_75t_R asap7sc7p5t_OA_RVT_TT_nldm_211120     0.072900      18     1.312200
OAI22xp5_ASAP7_75t_R asap7sc7p5t_OA_RVT_TT_nldm_211120     0.087480       2     0.174960
OAI22xp33_ASAP7_75t_R asap7sc7p5t_OA_RVT_TT_nldm_211120     0.087480       1     0.087480
OAI32xp33_ASAP7_75t_R asap7sc7p5t_OA_RVT_TT_nldm_211120     0.102060       1     0.102060
OAI211xp5_ASAP7_75t_R asap7sc7p5t_OA_RVT_TT_nldm_211120     0.087480       9     0.787320
OR5x1_ASAP7_75t_R  asap7sc7p5t_SIMPLE_RVT_TT_nldm_211120     0.116640       2     0.233280
TIEHIx1_ASAP7_75t_R asap7sc7p5t_SIMPLE_RVT_TT_nldm_211120     0.043740       1     0.043740
TIELOx1_ASAP7_75t_R asap7sc7p5t_SIMPLE_RVT_TT_nldm_211120     0.043740       1     0.043740
XNOR2xp5_ASAP7_75t_R asap7sc7p5t_SIMPLE_RVT_TT_nldm_211120     0.131220       1     0.131220
XOR2x2_ASAP7_75t_R asap7sc7p5t_SIMPLE_RVT_TT_nldm_211120     0.160380       1     0.160380
XOR2xp5_ASAP7_75t_R asap7sc7p5t_SIMPLE_RVT_TT_nldm_211120     0.131220       2     0.262440
fp16_mult_piped_NUM_PIPE2_10_DW02_mult_0_DW02_mult_6    49.411620       1    49.411620 h
-----------------------------------------------------------------------------
Total 50 references                                    77.463539

****************************************
Design: fp16_mult_piped_NUM_PIPE2_10_DW02_mult_0_DW02_mult_6 
****************************************
Reference          Library       Unit Area   Count    Total Area   Attributes
-----------------------------------------------------------------------------
AND2x2_ASAP7_75t_R asap7sc7p5t_SIMPLE_RVT_TT_nldm_211120     0.087480     136    11.897280
AND2x4_ASAP7_75t_R asap7sc7p5t_SIMPLE_RVT_TT_nldm_211120     0.145800       4     0.583200
BUFx3_ASAP7_75t_R  asap7sc7p5t_INVBUF_RVT_TT_nldm_211120     0.087480       2     0.174960
BUFx6f_ASAP7_75t_R asap7sc7p5t_INVBUF_RVT_TT_nldm_211120     0.145800       2     0.291600
FAx1_ASAP7_75t_R   asap7sc7p5t_SIMPLE_RVT_TT_nldm_211120     0.204120      90    18.370800 r
HB1xp67_ASAP7_75t_R asap7sc7p5t_INVBUF_RVT_TT_nldm_211120     0.058320       1     0.058320
INVx1_ASAP7_75t_R  asap7sc7p5t_INVBUF_RVT_TT_nldm_211120     0.043740     183     8.004420
INVx2_ASAP7_75t_R  asap7sc7p5t_INVBUF_RVT_TT_nldm_211120     0.058320       2     0.116640
INVxp67_ASAP7_75t_R asap7sc7p5t_INVBUF_RVT_TT_nldm_211120     0.043740       4     0.174960
NAND2xp5_ASAP7_75t_R asap7sc7p5t_SIMPLE_RVT_TT_nldm_211120     0.058320       1     0.058320
TIELOx1_ASAP7_75t_R asap7sc7p5t_SIMPLE_RVT_TT_nldm_211120     0.043740       1     0.043740
XNOR2xp5_ASAP7_75t_R asap7sc7p5t_SIMPLE_RVT_TT_nldm_211120     0.131220       8     1.049760
XOR2x2_ASAP7_75t_R asap7sc7p5t_SIMPLE_RVT_TT_nldm_211120     0.160380       8     1.283040
XOR2xp5_ASAP7_75t_R asap7sc7p5t_SIMPLE_RVT_TT_nldm_211120     0.131220       4     0.524880
fp16_mult_piped_NUM_PIPE2_10_DW01_add_3     6.779700       1     6.779700 h
-----------------------------------------------------------------------------
Total 15 references                                    49.411620

****************************************
Design: fp16_mult_piped_NUM_PIPE2_10_DW01_add_3 
****************************************
Reference          Library       Unit Area   Count    Total Area   Attributes
-----------------------------------------------------------------------------
AND2x2_ASAP7_75t_R asap7sc7p5t_SIMPLE_RVT_TT_nldm_211120     0.087480       2     0.174960
AOI21x1_ASAP7_75t_R asap7sc7p5t_AO_RVT_TT_nldm_211120     0.116640       1     0.116640
AOI21xp5_ASAP7_75t_R asap7sc7p5t_AO_RVT_TT_nldm_211120     0.072900       2     0.145800
AOI21xp33_ASAP7_75t_R asap7sc7p5t_AO_RVT_TT_nldm_211120     0.072900       3     0.218700
AOI22xp33_ASAP7_75t_R asap7sc7p5t_AO_RVT_TT_nldm_211120     0.087480       1     0.087480
FAx1_ASAP7_75t_R   asap7sc7p5t_SIMPLE_RVT_TT_nldm_211120     0.204120       1     0.204120 r
HB1xp67_ASAP7_75t_R asap7sc7p5t_INVBUF_RVT_TT_nldm_211120     0.058320       2     0.116640
INVx1_ASAP7_75t_R  asap7sc7p5t_INVBUF_RVT_TT_nldm_211120     0.043740      16     0.699840
INVx2_ASAP7_75t_R  asap7sc7p5t_INVBUF_RVT_TT_nldm_211120     0.058320       2     0.116640
INVxp67_ASAP7_75t_R asap7sc7p5t_INVBUF_RVT_TT_nldm_211120     0.043740       1     0.043740
NAND2x1_ASAP7_75t_R asap7sc7p5t_SIMPLE_RVT_TT_nldm_211120     0.087480       1     0.087480
NAND2x1p5_ASAP7_75t_R asap7sc7p5t_SIMPLE_RVT_TT_nldm_211120     0.116640       1     0.116640
NAND2xp5_ASAP7_75t_R asap7sc7p5t_SIMPLE_RVT_TT_nldm_211120     0.058320      11     0.641520
NAND2xp33_ASAP7_75t_R asap7sc7p5t_SIMPLE_RVT_TT_nldm_211120     0.058320       3     0.174960
NAND3xp33_ASAP7_75t_R asap7sc7p5t_SIMPLE_RVT_TT_nldm_211120     0.072900       6     0.437400
NOR2x1_ASAP7_75t_R asap7sc7p5t_SIMPLE_RVT_TT_nldm_211120     0.087480       4     0.349920
NOR2xp33_ASAP7_75t_R asap7sc7p5t_SIMPLE_RVT_TT_nldm_211120     0.058320       7     0.408240
NOR3xp33_ASAP7_75t_R asap7sc7p5t_SIMPLE_RVT_TT_nldm_211120     0.072900       3     0.218700
OA21x2_ASAP7_75t_R asap7sc7p5t_OA_RVT_TT_nldm_211120     0.102060       2     0.204120
OAI21x1_ASAP7_75t_R asap7sc7p5t_OA_RVT_TT_nldm_211120     0.116640       1     0.116640
OAI21xp5_ASAP7_75t_R asap7sc7p5t_OA_RVT_TT_nldm_211120     0.072900       3     0.218700
OAI31xp33_ASAP7_75t_R asap7sc7p5t_OA_RVT_TT_nldm_211120     0.087480       1     0.087480
OR2x2_ASAP7_75t_R  asap7sc7p5t_SIMPLE_RVT_TT_nldm_211120     0.087480       5     0.437400
XNOR2x1_ASAP7_75t_R asap7sc7p5t_SIMPLE_RVT_TT_nldm_211120     0.174960       1     0.174960
XNOR2xp5_ASAP7_75t_R asap7sc7p5t_SIMPLE_RVT_TT_nldm_211120     0.131220       6     0.787320
XOR2xp5_ASAP7_75t_R asap7sc7p5t_SIMPLE_RVT_TT_nldm_211120     0.131220       3     0.393660
-----------------------------------------------------------------------------
Total 26 references                                     6.779700

****************************************
Design: fp16_mult_piped_NUM_PIPE2_11 
****************************************
Reference          Library       Unit Area   Count    Total Area   Attributes
-----------------------------------------------------------------------------
A2O1A1Ixp33_ASAP7_75t_R asap7sc7p5t_AO_RVT_TT_nldm_211120     0.087480       1     0.087480
AND2x2_ASAP7_75t_R asap7sc7p5t_SIMPLE_RVT_TT_nldm_211120     0.087480       8     0.699840
AND2x4_ASAP7_75t_R asap7sc7p5t_SIMPLE_RVT_TT_nldm_211120     0.145800       4     0.583200
AND3x1_ASAP7_75t_R asap7sc7p5t_SIMPLE_RVT_TT_nldm_211120     0.087480       1     0.087480
AND4x1_ASAP7_75t_R asap7sc7p5t_SIMPLE_RVT_TT_nldm_211120     0.102060       1     0.102060
AOI21x1_ASAP7_75t_R asap7sc7p5t_AO_RVT_TT_nldm_211120     0.116640       1     0.116640
AOI21xp5_ASAP7_75t_R asap7sc7p5t_AO_RVT_TT_nldm_211120     0.072900       1     0.072900
AOI21xp33_ASAP7_75t_R asap7sc7p5t_AO_RVT_TT_nldm_211120     0.072900       1     0.072900
AOI31xp67_ASAP7_75t_R asap7sc7p5t_AO_RVT_TT_nldm_211120     0.189540       1     0.189540
AOI211xp5_ASAP7_75t_R asap7sc7p5t_AO_RVT_TT_nldm_211120     0.087480       1     0.087480
BUFx3_ASAP7_75t_R  asap7sc7p5t_INVBUF_RVT_TT_nldm_211120     0.087480       1     0.087480
BUFx6f_ASAP7_75t_R asap7sc7p5t_INVBUF_RVT_TT_nldm_211120     0.145800       3     0.437400
CKINVDCx20_ASAP7_75t_R asap7sc7p5t_INVBUF_RVT_TT_nldm_211120     0.554040       3     1.662120
DFFASRHQNx1_ASAP7_75t_R asap7sc7p5t_SEQ_RVT_TT_nldm_220123     0.379080       2     0.758160 n
DFFHQNx1_ASAP7_75t_R asap7sc7p5t_SEQ_RVT_TT_nldm_220123     0.291600      32     9.331200 n
FAx1_ASAP7_75t_R   asap7sc7p5t_SIMPLE_RVT_TT_nldm_211120     0.204120       5     1.020600 r
HB1xp67_ASAP7_75t_R asap7sc7p5t_INVBUF_RVT_TT_nldm_211120     0.058320       8     0.466560
INVx1_ASAP7_75t_R  asap7sc7p5t_INVBUF_RVT_TT_nldm_211120     0.043740      70     3.061800
INVx2_ASAP7_75t_R  asap7sc7p5t_INVBUF_RVT_TT_nldm_211120     0.058320       5     0.291600
INVx4_ASAP7_75t_R  asap7sc7p5t_INVBUF_RVT_TT_nldm_211120     0.087480       1     0.087480
INVx5_ASAP7_75t_R  asap7sc7p5t_INVBUF_RVT_TT_nldm_211120     0.102060       1     0.102060
INVx6_ASAP7_75t_R  asap7sc7p5t_INVBUF_RVT_TT_nldm_211120     0.116640       1     0.116640
INVxp33_ASAP7_75t_R asap7sc7p5t_INVBUF_RVT_TT_nldm_211120     0.043740       9     0.393660
INVxp67_ASAP7_75t_R asap7sc7p5t_INVBUF_RVT_TT_nldm_211120     0.043740       7     0.306180
MAJIxp5_ASAP7_75t_R asap7sc7p5t_SIMPLE_RVT_TT_nldm_211120     0.102060       1     0.102060
NAND2x1_ASAP7_75t_R asap7sc7p5t_SIMPLE_RVT_TT_nldm_211120     0.087480       1     0.087480
NAND2xp5_ASAP7_75t_R asap7sc7p5t_SIMPLE_RVT_TT_nldm_211120     0.058320      22     1.283040
NAND2xp33_ASAP7_75t_R asap7sc7p5t_SIMPLE_RVT_TT_nldm_211120     0.058320      13     0.758160
NAND3xp33_ASAP7_75t_R asap7sc7p5t_SIMPLE_RVT_TT_nldm_211120     0.072900       2     0.145800
NAND4xp75_ASAP7_75t_R asap7sc7p5t_SIMPLE_RVT_TT_nldm_211120     0.204120       1     0.204120
NAND5xp2_ASAP7_75t_R asap7sc7p5t_SIMPLE_RVT_TT_nldm_211120     0.102060       3     0.306180
NOR2x1_ASAP7_75t_R asap7sc7p5t_SIMPLE_RVT_TT_nldm_211120     0.087480       6     0.524880
NOR2x1p5_ASAP7_75t_R asap7sc7p5t_SIMPLE_RVT_TT_nldm_211120     0.116640       2     0.233280
NOR2x2_ASAP7_75t_R asap7sc7p5t_SIMPLE_RVT_TT_nldm_211120     0.145800       1     0.145800
NOR2xp33_ASAP7_75t_R asap7sc7p5t_SIMPLE_RVT_TT_nldm_211120     0.058320      14     0.816480
NOR3x1_ASAP7_75t_R asap7sc7p5t_SIMPLE_RVT_TT_nldm_211120     0.160380       2     0.320760
NOR3xp33_ASAP7_75t_R asap7sc7p5t_SIMPLE_RVT_TT_nldm_211120     0.072900       1     0.072900
NOR5xp2_ASAP7_75t_R asap7sc7p5t_SIMPLE_RVT_TT_nldm_211120     0.102060       4     0.408240
O2A1O1Ixp5_ASAP7_75t_R asap7sc7p5t_OA_RVT_TT_nldm_211120     0.116640       1     0.116640
OA21x2_ASAP7_75t_R asap7sc7p5t_OA_RVT_TT_nldm_211120     0.102060       1     0.102060
OAI21xp5_ASAP7_75t_R asap7sc7p5t_OA_RVT_TT_nldm_211120     0.072900       5     0.364500
OAI21xp33_ASAP7_75t_R asap7sc7p5t_OA_RVT_TT_nldm_211120     0.072900      16     1.166400
OAI22xp5_ASAP7_75t_R asap7sc7p5t_OA_RVT_TT_nldm_211120     0.087480       2     0.174960
OAI22xp33_ASAP7_75t_R asap7sc7p5t_OA_RVT_TT_nldm_211120     0.087480       1     0.087480
OAI32xp33_ASAP7_75t_R asap7sc7p5t_OA_RVT_TT_nldm_211120     0.102060       1     0.102060
OAI211xp5_ASAP7_75t_R asap7sc7p5t_OA_RVT_TT_nldm_211120     0.087480       9     0.787320
OR2x2_ASAP7_75t_R  asap7sc7p5t_SIMPLE_RVT_TT_nldm_211120     0.087480       1     0.087480
OR5x1_ASAP7_75t_R  asap7sc7p5t_SIMPLE_RVT_TT_nldm_211120     0.116640       2     0.233280
TIEHIx1_ASAP7_75t_R asap7sc7p5t_SIMPLE_RVT_TT_nldm_211120     0.043740       1     0.043740
TIELOx1_ASAP7_75t_R asap7sc7p5t_SIMPLE_RVT_TT_nldm_211120     0.043740       1     0.043740
XNOR2xp5_ASAP7_75t_R asap7sc7p5t_SIMPLE_RVT_TT_nldm_211120     0.131220       1     0.131220
XOR2x2_ASAP7_75t_R asap7sc7p5t_SIMPLE_RVT_TT_nldm_211120     0.160380       1     0.160380
XOR2xp5_ASAP7_75t_R asap7sc7p5t_SIMPLE_RVT_TT_nldm_211120     0.131220       2     0.262440
fp16_mult_piped_NUM_PIPE2_11_DW02_mult_0_DW02_mult_5    49.542840       1    49.542840 h
-----------------------------------------------------------------------------
Total 54 references                                    79.038179

****************************************
Design: fp16_mult_piped_NUM_PIPE2_11_DW02_mult_0_DW02_mult_5 
****************************************
Reference          Library       Unit Area   Count    Total Area   Attributes
-----------------------------------------------------------------------------
AND2x2_ASAP7_75t_R asap7sc7p5t_SIMPLE_RVT_TT_nldm_211120     0.087480     134    11.722320
AND2x4_ASAP7_75t_R asap7sc7p5t_SIMPLE_RVT_TT_nldm_211120     0.145800       4     0.583200
BUFx3_ASAP7_75t_R  asap7sc7p5t_INVBUF_RVT_TT_nldm_211120     0.087480       1     0.087480
FAx1_ASAP7_75t_R   asap7sc7p5t_SIMPLE_RVT_TT_nldm_211120     0.204120      90    18.370800 r
HB1xp67_ASAP7_75t_R asap7sc7p5t_INVBUF_RVT_TT_nldm_211120     0.058320       4     0.233280
INVx1_ASAP7_75t_R  asap7sc7p5t_INVBUF_RVT_TT_nldm_211120     0.043740     194     8.485560
INVx3_ASAP7_75t_R  asap7sc7p5t_INVBUF_RVT_TT_nldm_211120     0.072900       1     0.072900
INVxp67_ASAP7_75t_R asap7sc7p5t_INVBUF_RVT_TT_nldm_211120     0.043740       2     0.087480
NAND2xp5_ASAP7_75t_R asap7sc7p5t_SIMPLE_RVT_TT_nldm_211120     0.058320       3     0.174960
TIELOx1_ASAP7_75t_R asap7sc7p5t_SIMPLE_RVT_TT_nldm_211120     0.043740       1     0.043740
XNOR2xp5_ASAP7_75t_R asap7sc7p5t_SIMPLE_RVT_TT_nldm_211120     0.131220      10     1.312200
XOR2x2_ASAP7_75t_R asap7sc7p5t_SIMPLE_RVT_TT_nldm_211120     0.160380       9     1.443420
XOR2xp5_ASAP7_75t_R asap7sc7p5t_SIMPLE_RVT_TT_nldm_211120     0.131220       1     0.131220
fp16_mult_piped_NUM_PIPE2_11_DW01_add_3     6.794280       1     6.794280 h
-----------------------------------------------------------------------------
Total 14 references                                    49.542840

****************************************
Design: fp16_mult_piped_NUM_PIPE2_11_DW01_add_3 
****************************************
Reference          Library       Unit Area   Count    Total Area   Attributes
-----------------------------------------------------------------------------
AND2x2_ASAP7_75t_R asap7sc7p5t_SIMPLE_RVT_TT_nldm_211120     0.087480       1     0.087480
AOI21x1_ASAP7_75t_R asap7sc7p5t_AO_RVT_TT_nldm_211120     0.116640       1     0.116640
AOI21xp5_ASAP7_75t_R asap7sc7p5t_AO_RVT_TT_nldm_211120     0.072900       4     0.291600
AOI21xp33_ASAP7_75t_R asap7sc7p5t_AO_RVT_TT_nldm_211120     0.072900       1     0.072900
AOI22xp33_ASAP7_75t_R asap7sc7p5t_AO_RVT_TT_nldm_211120     0.087480       1     0.087480
FAx1_ASAP7_75t_R   asap7sc7p5t_SIMPLE_RVT_TT_nldm_211120     0.204120       1     0.204120 r
INVx1_ASAP7_75t_R  asap7sc7p5t_INVBUF_RVT_TT_nldm_211120     0.043740      17     0.743580
INVx2_ASAP7_75t_R  asap7sc7p5t_INVBUF_RVT_TT_nldm_211120     0.058320       1     0.058320
INVxp33_ASAP7_75t_R asap7sc7p5t_INVBUF_RVT_TT_nldm_211120     0.043740       1     0.043740
NAND2x1_ASAP7_75t_R asap7sc7p5t_SIMPLE_RVT_TT_nldm_211120     0.087480       1     0.087480
NAND2x1p5_ASAP7_75t_R asap7sc7p5t_SIMPLE_RVT_TT_nldm_211120     0.116640       1     0.116640
NAND2xp5_ASAP7_75t_R asap7sc7p5t_SIMPLE_RVT_TT_nldm_211120     0.058320      16     0.933120
NAND3xp33_ASAP7_75t_R asap7sc7p5t_SIMPLE_RVT_TT_nldm_211120     0.072900       5     0.364500
NAND4xp25_ASAP7_75t_R asap7sc7p5t_SIMPLE_RVT_TT_nldm_211120     0.087480       1     0.087480
NOR2x1_ASAP7_75t_R asap7sc7p5t_SIMPLE_RVT_TT_nldm_211120     0.087480       4     0.349920
NOR2x1p5_ASAP7_75t_R asap7sc7p5t_SIMPLE_RVT_TT_nldm_211120     0.116640       1     0.116640
NOR2xp33_ASAP7_75t_R asap7sc7p5t_SIMPLE_RVT_TT_nldm_211120     0.058320       6     0.349920
NOR3xp33_ASAP7_75t_R asap7sc7p5t_SIMPLE_RVT_TT_nldm_211120     0.072900       4     0.291600
OA21x2_ASAP7_75t_R asap7sc7p5t_OA_RVT_TT_nldm_211120     0.102060       2     0.204120
OA31x2_ASAP7_75t_R asap7sc7p5t_OA_RVT_TT_nldm_211120     0.218700       1     0.218700
OAI21xp5_ASAP7_75t_R asap7sc7p5t_OA_RVT_TT_nldm_211120     0.072900       3     0.218700
OR2x2_ASAP7_75t_R  asap7sc7p5t_SIMPLE_RVT_TT_nldm_211120     0.087480       5     0.437400
XNOR2xp5_ASAP7_75t_R asap7sc7p5t_SIMPLE_RVT_TT_nldm_211120     0.131220       7     0.918540
XOR2xp5_ASAP7_75t_R asap7sc7p5t_SIMPLE_RVT_TT_nldm_211120     0.131220       3     0.393660
-----------------------------------------------------------------------------
Total 24 references                                     6.794280

****************************************
Design: fp16_mult_piped_NUM_PIPE2_12 
****************************************
Reference          Library       Unit Area   Count    Total Area   Attributes
-----------------------------------------------------------------------------
A2O1A1Ixp33_ASAP7_75t_R asap7sc7p5t_AO_RVT_TT_nldm_211120     0.087480       1     0.087480
AND2x2_ASAP7_75t_R asap7sc7p5t_SIMPLE_RVT_TT_nldm_211120     0.087480       9     0.787320
AND2x4_ASAP7_75t_R asap7sc7p5t_SIMPLE_RVT_TT_nldm_211120     0.145800       1     0.145800
AND4x1_ASAP7_75t_R asap7sc7p5t_SIMPLE_RVT_TT_nldm_211120     0.102060       1     0.102060
AOI21x1_ASAP7_75t_R asap7sc7p5t_AO_RVT_TT_nldm_211120     0.116640       1     0.116640
AOI21xp5_ASAP7_75t_R asap7sc7p5t_AO_RVT_TT_nldm_211120     0.072900       1     0.072900
AOI21xp33_ASAP7_75t_R asap7sc7p5t_AO_RVT_TT_nldm_211120     0.072900       1     0.072900
AOI31xp33_ASAP7_75t_R asap7sc7p5t_AO_RVT_TT_nldm_211120     0.087480       2     0.174960
AOI211xp5_ASAP7_75t_R asap7sc7p5t_AO_RVT_TT_nldm_211120     0.087480       1     0.087480
BUFx6f_ASAP7_75t_R asap7sc7p5t_INVBUF_RVT_TT_nldm_211120     0.145800       3     0.437400
DFFASRHQNx1_ASAP7_75t_R asap7sc7p5t_SEQ_RVT_TT_nldm_220123     0.379080       2     0.758160 n
DFFHQNx1_ASAP7_75t_R asap7sc7p5t_SEQ_RVT_TT_nldm_220123     0.291600      32     9.331200 n
FAx1_ASAP7_75t_R   asap7sc7p5t_SIMPLE_RVT_TT_nldm_211120     0.204120       5     1.020600 r
HB1xp67_ASAP7_75t_R asap7sc7p5t_INVBUF_RVT_TT_nldm_211120     0.058320      10     0.583200
INVx1_ASAP7_75t_R  asap7sc7p5t_INVBUF_RVT_TT_nldm_211120     0.043740      72     3.149280
INVx2_ASAP7_75t_R  asap7sc7p5t_INVBUF_RVT_TT_nldm_211120     0.058320       6     0.349920
INVx6_ASAP7_75t_R  asap7sc7p5t_INVBUF_RVT_TT_nldm_211120     0.116640       2     0.233280
INVxp33_ASAP7_75t_R asap7sc7p5t_INVBUF_RVT_TT_nldm_211120     0.043740       2     0.087480
INVxp67_ASAP7_75t_R asap7sc7p5t_INVBUF_RVT_TT_nldm_211120     0.043740       5     0.218700
MAJIxp5_ASAP7_75t_R asap7sc7p5t_SIMPLE_RVT_TT_nldm_211120     0.102060       1     0.102060
NAND2x1_ASAP7_75t_R asap7sc7p5t_SIMPLE_RVT_TT_nldm_211120     0.087480       1     0.087480
NAND2x1p5_ASAP7_75t_R asap7sc7p5t_SIMPLE_RVT_TT_nldm_211120     0.116640       1     0.116640
NAND2xp5_ASAP7_75t_R asap7sc7p5t_SIMPLE_RVT_TT_nldm_211120     0.058320      25     1.458000
NAND2xp33_ASAP7_75t_R asap7sc7p5t_SIMPLE_RVT_TT_nldm_211120     0.058320       7     0.408240
NAND3x1_ASAP7_75t_R asap7sc7p5t_SIMPLE_RVT_TT_nldm_211120     0.160380       1     0.160380
NAND3xp33_ASAP7_75t_R asap7sc7p5t_SIMPLE_RVT_TT_nldm_211120     0.072900       2     0.145800
NAND4xp25_ASAP7_75t_R asap7sc7p5t_SIMPLE_RVT_TT_nldm_211120     0.087480       1     0.087480
NAND5xp2_ASAP7_75t_R asap7sc7p5t_SIMPLE_RVT_TT_nldm_211120     0.102060       3     0.306180
NOR2x1_ASAP7_75t_R asap7sc7p5t_SIMPLE_RVT_TT_nldm_211120     0.087480      15     1.312200
NOR2x1p5_ASAP7_75t_R asap7sc7p5t_SIMPLE_RVT_TT_nldm_211120     0.116640       3     0.349920
NOR2xp33_ASAP7_75t_R asap7sc7p5t_SIMPLE_RVT_TT_nldm_211120     0.058320       7     0.408240
NOR3x1_ASAP7_75t_R asap7sc7p5t_SIMPLE_RVT_TT_nldm_211120     0.160380       1     0.160380
NOR3xp33_ASAP7_75t_R asap7sc7p5t_SIMPLE_RVT_TT_nldm_211120     0.072900       3     0.218700
NOR5xp2_ASAP7_75t_R asap7sc7p5t_SIMPLE_RVT_TT_nldm_211120     0.102060       4     0.408240
O2A1O1Ixp5_ASAP7_75t_R asap7sc7p5t_OA_RVT_TT_nldm_211120     0.116640       1     0.116640
OA21x2_ASAP7_75t_R asap7sc7p5t_OA_RVT_TT_nldm_211120     0.102060       1     0.102060
OAI21x1_ASAP7_75t_R asap7sc7p5t_OA_RVT_TT_nldm_211120     0.116640       1     0.116640
OAI21xp5_ASAP7_75t_R asap7sc7p5t_OA_RVT_TT_nldm_211120     0.072900       7     0.510300
OAI21xp33_ASAP7_75t_R asap7sc7p5t_OA_RVT_TT_nldm_211120     0.072900      14     1.020600
OAI22x1_ASAP7_75t_R asap7sc7p5t_OA_RVT_TT_nldm_211120     0.145800       1     0.145800
OAI22xp5_ASAP7_75t_R asap7sc7p5t_OA_RVT_TT_nldm_211120     0.087480       1     0.087480
OAI22xp33_ASAP7_75t_R asap7sc7p5t_OA_RVT_TT_nldm_211120     0.087480       1     0.087480
OAI32xp33_ASAP7_75t_R asap7sc7p5t_OA_RVT_TT_nldm_211120     0.102060       1     0.102060
OAI211xp5_ASAP7_75t_R asap7sc7p5t_OA_RVT_TT_nldm_211120     0.087480       9     0.787320
OR5x1_ASAP7_75t_R  asap7sc7p5t_SIMPLE_RVT_TT_nldm_211120     0.116640       2     0.233280
TIEHIx1_ASAP7_75t_R asap7sc7p5t_SIMPLE_RVT_TT_nldm_211120     0.043740       1     0.043740
TIELOx1_ASAP7_75t_R asap7sc7p5t_SIMPLE_RVT_TT_nldm_211120     0.043740       1     0.043740
XNOR2xp5_ASAP7_75t_R asap7sc7p5t_SIMPLE_RVT_TT_nldm_211120     0.131220       1     0.131220
XOR2x2_ASAP7_75t_R asap7sc7p5t_SIMPLE_RVT_TT_nldm_211120     0.160380       2     0.320760
XOR2xp5_ASAP7_75t_R asap7sc7p5t_SIMPLE_RVT_TT_nldm_211120     0.131220       1     0.131220
fp16_mult_piped_NUM_PIPE2_12_DW02_mult_0_DW02_mult_4    50.140620       1    50.140620 h
-----------------------------------------------------------------------------
Total 51 references                                    77.667659

****************************************
Design: fp16_mult_piped_NUM_PIPE2_12_DW02_mult_0_DW02_mult_4 
****************************************
Reference          Library       Unit Area   Count    Total Area   Attributes
-----------------------------------------------------------------------------
AND2x2_ASAP7_75t_R asap7sc7p5t_SIMPLE_RVT_TT_nldm_211120     0.087480     135    11.809800
AND2x4_ASAP7_75t_R asap7sc7p5t_SIMPLE_RVT_TT_nldm_211120     0.145800       4     0.583200
BUFx3_ASAP7_75t_R  asap7sc7p5t_INVBUF_RVT_TT_nldm_211120     0.087480       1     0.087480
BUFx6f_ASAP7_75t_R asap7sc7p5t_INVBUF_RVT_TT_nldm_211120     0.145800       2     0.291600
FAx1_ASAP7_75t_R   asap7sc7p5t_SIMPLE_RVT_TT_nldm_211120     0.204120      90    18.370800 r
HB1xp67_ASAP7_75t_R asap7sc7p5t_INVBUF_RVT_TT_nldm_211120     0.058320       5     0.291600
INVx1_ASAP7_75t_R  asap7sc7p5t_INVBUF_RVT_TT_nldm_211120     0.043740     190     8.310600
INVx2_ASAP7_75t_R  asap7sc7p5t_INVBUF_RVT_TT_nldm_211120     0.058320       1     0.058320
INVxp33_ASAP7_75t_R asap7sc7p5t_INVBUF_RVT_TT_nldm_211120     0.043740       1     0.043740
INVxp67_ASAP7_75t_R asap7sc7p5t_INVBUF_RVT_TT_nldm_211120     0.043740       3     0.131220
NAND2xp5_ASAP7_75t_R asap7sc7p5t_SIMPLE_RVT_TT_nldm_211120     0.058320       2     0.116640
TIELOx1_ASAP7_75t_R asap7sc7p5t_SIMPLE_RVT_TT_nldm_211120     0.043740       1     0.043740
XNOR2xp5_ASAP7_75t_R asap7sc7p5t_SIMPLE_RVT_TT_nldm_211120     0.131220       9     1.180980
XOR2x2_ASAP7_75t_R asap7sc7p5t_SIMPLE_RVT_TT_nldm_211120     0.160380       7     1.122660
XOR2xp5_ASAP7_75t_R asap7sc7p5t_SIMPLE_RVT_TT_nldm_211120     0.131220       4     0.524880
fp16_mult_piped_NUM_PIPE2_12_DW01_add_3     7.173360       1     7.173360 h
-----------------------------------------------------------------------------
Total 16 references                                    50.140620

****************************************
Design: fp16_mult_piped_NUM_PIPE2_12_DW01_add_3 
****************************************
Reference          Library       Unit Area   Count    Total Area   Attributes
-----------------------------------------------------------------------------
AND2x2_ASAP7_75t_R asap7sc7p5t_SIMPLE_RVT_TT_nldm_211120     0.087480       2     0.174960
AOI21x1_ASAP7_75t_R asap7sc7p5t_AO_RVT_TT_nldm_211120     0.116640       1     0.116640
AOI21xp5_ASAP7_75t_R asap7sc7p5t_AO_RVT_TT_nldm_211120     0.072900       4     0.291600
AOI21xp33_ASAP7_75t_R asap7sc7p5t_AO_RVT_TT_nldm_211120     0.072900       1     0.072900
AOI22xp33_ASAP7_75t_R asap7sc7p5t_AO_RVT_TT_nldm_211120     0.087480       1     0.087480
FAx1_ASAP7_75t_R   asap7sc7p5t_SIMPLE_RVT_TT_nldm_211120     0.204120       1     0.204120 r
HB1xp67_ASAP7_75t_R asap7sc7p5t_INVBUF_RVT_TT_nldm_211120     0.058320       1     0.058320
INVx1_ASAP7_75t_R  asap7sc7p5t_INVBUF_RVT_TT_nldm_211120     0.043740      17     0.743580
INVx2_ASAP7_75t_R  asap7sc7p5t_INVBUF_RVT_TT_nldm_211120     0.058320       1     0.058320
INVxp33_ASAP7_75t_R asap7sc7p5t_INVBUF_RVT_TT_nldm_211120     0.043740       1     0.043740
INVxp67_ASAP7_75t_R asap7sc7p5t_INVBUF_RVT_TT_nldm_211120     0.043740       1     0.043740
NAND2x1p5_ASAP7_75t_R asap7sc7p5t_SIMPLE_RVT_TT_nldm_211120     0.116640       2     0.233280
NAND2xp5_ASAP7_75t_R asap7sc7p5t_SIMPLE_RVT_TT_nldm_211120     0.058320      15     0.874800
NAND3xp33_ASAP7_75t_R asap7sc7p5t_SIMPLE_RVT_TT_nldm_211120     0.072900       5     0.364500
NAND4xp75_ASAP7_75t_R asap7sc7p5t_SIMPLE_RVT_TT_nldm_211120     0.204120       1     0.204120
NOR2x1_ASAP7_75t_R asap7sc7p5t_SIMPLE_RVT_TT_nldm_211120     0.087480       4     0.349920
NOR2x1p5_ASAP7_75t_R asap7sc7p5t_SIMPLE_RVT_TT_nldm_211120     0.116640       1     0.116640
NOR2xp33_ASAP7_75t_R asap7sc7p5t_SIMPLE_RVT_TT_nldm_211120     0.058320       6     0.349920
NOR3x1_ASAP7_75t_R asap7sc7p5t_SIMPLE_RVT_TT_nldm_211120     0.160380       2     0.320760
NOR3xp33_ASAP7_75t_R asap7sc7p5t_SIMPLE_RVT_TT_nldm_211120     0.072900       1     0.072900
OA21x2_ASAP7_75t_R asap7sc7p5t_OA_RVT_TT_nldm_211120     0.102060       2     0.204120
OAI21xp5_ASAP7_75t_R asap7sc7p5t_OA_RVT_TT_nldm_211120     0.072900       3     0.218700
OAI31xp33_ASAP7_75t_R asap7sc7p5t_OA_RVT_TT_nldm_211120     0.087480       1     0.087480
OR2x2_ASAP7_75t_R  asap7sc7p5t_SIMPLE_RVT_TT_nldm_211120     0.087480       4     0.349920
OR2x6_ASAP7_75t_R  asap7sc7p5t_SIMPLE_RVT_TT_nldm_211120     0.174960       1     0.174960
XNOR2x1_ASAP7_75t_R asap7sc7p5t_SIMPLE_RVT_TT_nldm_211120     0.174960       1     0.174960
XNOR2xp5_ASAP7_75t_R asap7sc7p5t_SIMPLE_RVT_TT_nldm_211120     0.131220       6     0.787320
XOR2xp5_ASAP7_75t_R asap7sc7p5t_SIMPLE_RVT_TT_nldm_211120     0.131220       3     0.393660
-----------------------------------------------------------------------------
Total 28 references                                     7.173360

****************************************
Design: fp16_mult_piped_NUM_PIPE2_13 
****************************************
Reference          Library       Unit Area   Count    Total Area   Attributes
-----------------------------------------------------------------------------
A2O1A1Ixp33_ASAP7_75t_R asap7sc7p5t_AO_RVT_TT_nldm_211120     0.087480       1     0.087480
AND2x2_ASAP7_75t_R asap7sc7p5t_SIMPLE_RVT_TT_nldm_211120     0.087480      10     0.874800
AND2x4_ASAP7_75t_R asap7sc7p5t_SIMPLE_RVT_TT_nldm_211120     0.145800       1     0.145800
AND4x1_ASAP7_75t_R asap7sc7p5t_SIMPLE_RVT_TT_nldm_211120     0.102060       1     0.102060
AOI21x1_ASAP7_75t_R asap7sc7p5t_AO_RVT_TT_nldm_211120     0.116640       1     0.116640
AOI21xp5_ASAP7_75t_R asap7sc7p5t_AO_RVT_TT_nldm_211120     0.072900       1     0.072900
AOI31xp33_ASAP7_75t_R asap7sc7p5t_AO_RVT_TT_nldm_211120     0.087480       2     0.174960
AOI211xp5_ASAP7_75t_R asap7sc7p5t_AO_RVT_TT_nldm_211120     0.087480       1     0.087480
BUFx3_ASAP7_75t_R  asap7sc7p5t_INVBUF_RVT_TT_nldm_211120     0.087480       3     0.262440
BUFx6f_ASAP7_75t_R asap7sc7p5t_INVBUF_RVT_TT_nldm_211120     0.145800       4     0.583200
DFFASRHQNx1_ASAP7_75t_R asap7sc7p5t_SEQ_RVT_TT_nldm_220123     0.379080       2     0.758160 n
DFFHQNx1_ASAP7_75t_R asap7sc7p5t_SEQ_RVT_TT_nldm_220123     0.291600      32     9.331200 n
FAx1_ASAP7_75t_R   asap7sc7p5t_SIMPLE_RVT_TT_nldm_211120     0.204120       5     1.020600 r
HB1xp67_ASAP7_75t_R asap7sc7p5t_INVBUF_RVT_TT_nldm_211120     0.058320       8     0.466560
INVx1_ASAP7_75t_R  asap7sc7p5t_INVBUF_RVT_TT_nldm_211120     0.043740      72     3.149280
INVx8_ASAP7_75t_R  asap7sc7p5t_INVBUF_RVT_TT_nldm_211120     0.145800       2     0.291600
INVxp33_ASAP7_75t_R asap7sc7p5t_INVBUF_RVT_TT_nldm_211120     0.043740       4     0.174960
INVxp67_ASAP7_75t_R asap7sc7p5t_INVBUF_RVT_TT_nldm_211120     0.043740      14     0.612360
MAJIxp5_ASAP7_75t_R asap7sc7p5t_SIMPLE_RVT_TT_nldm_211120     0.102060       1     0.102060
NAND2x1_ASAP7_75t_R asap7sc7p5t_SIMPLE_RVT_TT_nldm_211120     0.087480       2     0.174960
NAND2xp5_ASAP7_75t_R asap7sc7p5t_SIMPLE_RVT_TT_nldm_211120     0.058320      17     0.991440
NAND2xp33_ASAP7_75t_R asap7sc7p5t_SIMPLE_RVT_TT_nldm_211120     0.058320      13     0.758160
NAND3x1_ASAP7_75t_R asap7sc7p5t_SIMPLE_RVT_TT_nldm_211120     0.160380       1     0.160380
NAND3xp33_ASAP7_75t_R asap7sc7p5t_SIMPLE_RVT_TT_nldm_211120     0.072900       2     0.145800
NAND4xp25_ASAP7_75t_R asap7sc7p5t_SIMPLE_RVT_TT_nldm_211120     0.087480       1     0.087480
NAND5xp2_ASAP7_75t_R asap7sc7p5t_SIMPLE_RVT_TT_nldm_211120     0.102060       3     0.306180
NOR2x1_ASAP7_75t_R asap7sc7p5t_SIMPLE_RVT_TT_nldm_211120     0.087480      14     1.224720
NOR2x1p5_ASAP7_75t_R asap7sc7p5t_SIMPLE_RVT_TT_nldm_211120     0.116640       1     0.116640
NOR2x2_ASAP7_75t_R asap7sc7p5t_SIMPLE_RVT_TT_nldm_211120     0.145800       2     0.291600
NOR2xp33_ASAP7_75t_R asap7sc7p5t_SIMPLE_RVT_TT_nldm_211120     0.058320       8     0.466560
NOR2xp67_ASAP7_75t_R asap7sc7p5t_SIMPLE_RVT_TT_nldm_211120     0.087480       1     0.087480
NOR3x1_ASAP7_75t_R asap7sc7p5t_SIMPLE_RVT_TT_nldm_211120     0.160380       1     0.160380
NOR3xp33_ASAP7_75t_R asap7sc7p5t_SIMPLE_RVT_TT_nldm_211120     0.072900       2     0.145800
NOR5xp2_ASAP7_75t_R asap7sc7p5t_SIMPLE_RVT_TT_nldm_211120     0.102060       4     0.408240
O2A1O1Ixp5_ASAP7_75t_R asap7sc7p5t_OA_RVT_TT_nldm_211120     0.116640       1     0.116640
OA21x2_ASAP7_75t_R asap7sc7p5t_OA_RVT_TT_nldm_211120     0.102060       1     0.102060
OAI21xp5_ASAP7_75t_R asap7sc7p5t_OA_RVT_TT_nldm_211120     0.072900      10     0.729000
OAI21xp33_ASAP7_75t_R asap7sc7p5t_OA_RVT_TT_nldm_211120     0.072900      12     0.874800
OAI22xp5_ASAP7_75t_R asap7sc7p5t_OA_RVT_TT_nldm_211120     0.087480       2     0.174960
OAI22xp33_ASAP7_75t_R asap7sc7p5t_OA_RVT_TT_nldm_211120     0.087480       1     0.087480
OAI32xp33_ASAP7_75t_R asap7sc7p5t_OA_RVT_TT_nldm_211120     0.102060       1     0.102060
OAI211xp5_ASAP7_75t_R asap7sc7p5t_OA_RVT_TT_nldm_211120     0.087480       9     0.787320
OR2x2_ASAP7_75t_R  asap7sc7p5t_SIMPLE_RVT_TT_nldm_211120     0.087480       1     0.087480
OR5x1_ASAP7_75t_R  asap7sc7p5t_SIMPLE_RVT_TT_nldm_211120     0.116640       2     0.233280
TIEHIx1_ASAP7_75t_R asap7sc7p5t_SIMPLE_RVT_TT_nldm_211120     0.043740       1     0.043740
TIELOx1_ASAP7_75t_R asap7sc7p5t_SIMPLE_RVT_TT_nldm_211120     0.043740       1     0.043740
XNOR2xp5_ASAP7_75t_R asap7sc7p5t_SIMPLE_RVT_TT_nldm_211120     0.131220       1     0.131220
XOR2x2_ASAP7_75t_R asap7sc7p5t_SIMPLE_RVT_TT_nldm_211120     0.160380       1     0.160380
XOR2xp5_ASAP7_75t_R asap7sc7p5t_SIMPLE_RVT_TT_nldm_211120     0.131220       2     0.262440
fp16_mult_piped_NUM_PIPE2_13_DW02_mult_0_DW02_mult_3    49.834440       1    49.834440 h
-----------------------------------------------------------------------------
Total 50 references                                    77.711399

****************************************
Design: fp16_mult_piped_NUM_PIPE2_13_DW02_mult_0_DW02_mult_3 
****************************************
Reference          Library       Unit Area   Count    Total Area   Attributes
-----------------------------------------------------------------------------
AND2x2_ASAP7_75t_R asap7sc7p5t_SIMPLE_RVT_TT_nldm_211120     0.087480     133    11.634840
AND2x4_ASAP7_75t_R asap7sc7p5t_SIMPLE_RVT_TT_nldm_211120     0.145800       4     0.583200
BUFx3_ASAP7_75t_R  asap7sc7p5t_INVBUF_RVT_TT_nldm_211120     0.087480       3     0.262440
BUFx6f_ASAP7_75t_R asap7sc7p5t_INVBUF_RVT_TT_nldm_211120     0.145800       1     0.145800
FAx1_ASAP7_75t_R   asap7sc7p5t_SIMPLE_RVT_TT_nldm_211120     0.204120      90    18.370800 r
HB1xp67_ASAP7_75t_R asap7sc7p5t_INVBUF_RVT_TT_nldm_211120     0.058320       2     0.116640
INVx1_ASAP7_75t_R  asap7sc7p5t_INVBUF_RVT_TT_nldm_211120     0.043740     192     8.398080
INVxp67_ASAP7_75t_R asap7sc7p5t_INVBUF_RVT_TT_nldm_211120     0.043740       2     0.087480
NAND2xp5_ASAP7_75t_R asap7sc7p5t_SIMPLE_RVT_TT_nldm_211120     0.058320       4     0.233280
TIELOx1_ASAP7_75t_R asap7sc7p5t_SIMPLE_RVT_TT_nldm_211120     0.043740       1     0.043740
XNOR2xp5_ASAP7_75t_R asap7sc7p5t_SIMPLE_RVT_TT_nldm_211120     0.131220       8     1.049760
XOR2x1_ASAP7_75t_R asap7sc7p5t_SIMPLE_RVT_TT_nldm_211120     0.174960       1     0.174960
XOR2x2_ASAP7_75t_R asap7sc7p5t_SIMPLE_RVT_TT_nldm_211120     0.160380       7     1.122660
XOR2xp5_ASAP7_75t_R asap7sc7p5t_SIMPLE_RVT_TT_nldm_211120     0.131220       4     0.524880
fp16_mult_piped_NUM_PIPE2_13_DW01_add_3     7.085880       1     7.085880 h
-----------------------------------------------------------------------------
Total 15 references                                    49.834440

****************************************
Design: fp16_mult_piped_NUM_PIPE2_13_DW01_add_3 
****************************************
Reference          Library       Unit Area   Count    Total Area   Attributes
-----------------------------------------------------------------------------
AND2x2_ASAP7_75t_R asap7sc7p5t_SIMPLE_RVT_TT_nldm_211120     0.087480       3     0.262440
AOI21xp5_ASAP7_75t_R asap7sc7p5t_AO_RVT_TT_nldm_211120     0.072900       3     0.218700
AOI21xp33_ASAP7_75t_R asap7sc7p5t_AO_RVT_TT_nldm_211120     0.072900       3     0.218700
AOI22xp33_ASAP7_75t_R asap7sc7p5t_AO_RVT_TT_nldm_211120     0.087480       1     0.087480
FAx1_ASAP7_75t_R   asap7sc7p5t_SIMPLE_RVT_TT_nldm_211120     0.204120       1     0.204120 r
HB1xp67_ASAP7_75t_R asap7sc7p5t_INVBUF_RVT_TT_nldm_211120     0.058320       2     0.116640
INVx1_ASAP7_75t_R  asap7sc7p5t_INVBUF_RVT_TT_nldm_211120     0.043740      15     0.656100
NAND2x1p5_ASAP7_75t_R asap7sc7p5t_SIMPLE_RVT_TT_nldm_211120     0.116640       1     0.116640
NAND2xp5_ASAP7_75t_R asap7sc7p5t_SIMPLE_RVT_TT_nldm_211120     0.058320      12     0.699840
NAND2xp33_ASAP7_75t_R asap7sc7p5t_SIMPLE_RVT_TT_nldm_211120     0.058320       3     0.174960
NAND3xp33_ASAP7_75t_R asap7sc7p5t_SIMPLE_RVT_TT_nldm_211120     0.072900       6     0.437400
NOR2x1_ASAP7_75t_R asap7sc7p5t_SIMPLE_RVT_TT_nldm_211120     0.087480       4     0.349920
NOR2x1p5_ASAP7_75t_R asap7sc7p5t_SIMPLE_RVT_TT_nldm_211120     0.116640       1     0.116640
NOR2xp33_ASAP7_75t_R asap7sc7p5t_SIMPLE_RVT_TT_nldm_211120     0.058320       7     0.408240
NOR3x1_ASAP7_75t_R asap7sc7p5t_SIMPLE_RVT_TT_nldm_211120     0.160380       2     0.320760
NOR3xp33_ASAP7_75t_R asap7sc7p5t_SIMPLE_RVT_TT_nldm_211120     0.072900       1     0.072900
OA21x2_ASAP7_75t_R asap7sc7p5t_OA_RVT_TT_nldm_211120     0.102060       2     0.204120
OA31x2_ASAP7_75t_R asap7sc7p5t_OA_RVT_TT_nldm_211120     0.218700       1     0.218700
OAI21xp5_ASAP7_75t_R asap7sc7p5t_OA_RVT_TT_nldm_211120     0.072900       4     0.291600
OR2x2_ASAP7_75t_R  asap7sc7p5t_SIMPLE_RVT_TT_nldm_211120     0.087480       5     0.437400
OR2x4_ASAP7_75t_R  asap7sc7p5t_SIMPLE_RVT_TT_nldm_211120     0.116640       1     0.116640
XNOR2x1_ASAP7_75t_R asap7sc7p5t_SIMPLE_RVT_TT_nldm_211120     0.174960       1     0.174960
XNOR2xp5_ASAP7_75t_R asap7sc7p5t_SIMPLE_RVT_TT_nldm_211120     0.131220       6     0.787320
XOR2xp5_ASAP7_75t_R asap7sc7p5t_SIMPLE_RVT_TT_nldm_211120     0.131220       3     0.393660
-----------------------------------------------------------------------------
Total 24 references                                     7.085880

****************************************
Design: fp16_mult_piped_NUM_PIPE2_14 
****************************************
Reference          Library       Unit Area   Count    Total Area   Attributes
-----------------------------------------------------------------------------
A2O1A1Ixp33_ASAP7_75t_R asap7sc7p5t_AO_RVT_TT_nldm_211120     0.087480       1     0.087480
AND2x2_ASAP7_75t_R asap7sc7p5t_SIMPLE_RVT_TT_nldm_211120     0.087480      10     0.874800
AND2x4_ASAP7_75t_R asap7sc7p5t_SIMPLE_RVT_TT_nldm_211120     0.145800       1     0.145800
AND4x1_ASAP7_75t_R asap7sc7p5t_SIMPLE_RVT_TT_nldm_211120     0.102060       1     0.102060
AOI21x1_ASAP7_75t_R asap7sc7p5t_AO_RVT_TT_nldm_211120     0.116640       3     0.349920
AOI31xp67_ASAP7_75t_R asap7sc7p5t_AO_RVT_TT_nldm_211120     0.189540       1     0.189540
AOI211xp5_ASAP7_75t_R asap7sc7p5t_AO_RVT_TT_nldm_211120     0.087480       1     0.087480
BUFx3_ASAP7_75t_R  asap7sc7p5t_INVBUF_RVT_TT_nldm_211120     0.087480       2     0.174960
BUFx6f_ASAP7_75t_R asap7sc7p5t_INVBUF_RVT_TT_nldm_211120     0.145800       4     0.583200
CKINVDCx20_ASAP7_75t_R asap7sc7p5t_INVBUF_RVT_TT_nldm_211120     0.554040       1     0.554040
DFFASRHQNx1_ASAP7_75t_R asap7sc7p5t_SEQ_RVT_TT_nldm_220123     0.379080       2     0.758160 n
DFFHQNx1_ASAP7_75t_R asap7sc7p5t_SEQ_RVT_TT_nldm_220123     0.291600      32     9.331200 n
FAx1_ASAP7_75t_R   asap7sc7p5t_SIMPLE_RVT_TT_nldm_211120     0.204120       5     1.020600 r
HB1xp67_ASAP7_75t_R asap7sc7p5t_INVBUF_RVT_TT_nldm_211120     0.058320       6     0.349920
INVx1_ASAP7_75t_R  asap7sc7p5t_INVBUF_RVT_TT_nldm_211120     0.043740      73     3.193020
INVx2_ASAP7_75t_R  asap7sc7p5t_INVBUF_RVT_TT_nldm_211120     0.058320       8     0.466560
INVx3_ASAP7_75t_R  asap7sc7p5t_INVBUF_RVT_TT_nldm_211120     0.072900       1     0.072900
INVxp33_ASAP7_75t_R asap7sc7p5t_INVBUF_RVT_TT_nldm_211120     0.043740       4     0.174960
INVxp67_ASAP7_75t_R asap7sc7p5t_INVBUF_RVT_TT_nldm_211120     0.043740       9     0.393660
MAJIxp5_ASAP7_75t_R asap7sc7p5t_SIMPLE_RVT_TT_nldm_211120     0.102060       1     0.102060
NAND2x1_ASAP7_75t_R asap7sc7p5t_SIMPLE_RVT_TT_nldm_211120     0.087480       1     0.087480
NAND2xp5_ASAP7_75t_R asap7sc7p5t_SIMPLE_RVT_TT_nldm_211120     0.058320      15     0.874800
NAND2xp33_ASAP7_75t_R asap7sc7p5t_SIMPLE_RVT_TT_nldm_211120     0.058320      18     1.049760
NAND2xp67_ASAP7_75t_R asap7sc7p5t_SIMPLE_RVT_TT_nldm_211120     0.087480       2     0.174960
NAND3x1_ASAP7_75t_R asap7sc7p5t_SIMPLE_RVT_TT_nldm_211120     0.160380       1     0.160380
NAND3xp33_ASAP7_75t_R asap7sc7p5t_SIMPLE_RVT_TT_nldm_211120     0.072900       1     0.072900
NAND4xp25_ASAP7_75t_R asap7sc7p5t_SIMPLE_RVT_TT_nldm_211120     0.087480       2     0.174960
NAND5xp2_ASAP7_75t_R asap7sc7p5t_SIMPLE_RVT_TT_nldm_211120     0.102060       3     0.306180
NOR2x1_ASAP7_75t_R asap7sc7p5t_SIMPLE_RVT_TT_nldm_211120     0.087480      13     1.137240
NOR2x1p5_ASAP7_75t_R asap7sc7p5t_SIMPLE_RVT_TT_nldm_211120     0.116640       2     0.233280
NOR2x2_ASAP7_75t_R asap7sc7p5t_SIMPLE_RVT_TT_nldm_211120     0.145800       1     0.145800
NOR2xp33_ASAP7_75t_R asap7sc7p5t_SIMPLE_RVT_TT_nldm_211120     0.058320       7     0.408240
NOR2xp67_ASAP7_75t_R asap7sc7p5t_SIMPLE_RVT_TT_nldm_211120     0.087480       2     0.174960
NOR3x1_ASAP7_75t_R asap7sc7p5t_SIMPLE_RVT_TT_nldm_211120     0.160380       2     0.320760
NOR3xp33_ASAP7_75t_R asap7sc7p5t_SIMPLE_RVT_TT_nldm_211120     0.072900       1     0.072900
NOR5xp2_ASAP7_75t_R asap7sc7p5t_SIMPLE_RVT_TT_nldm_211120     0.102060       4     0.408240
O2A1O1Ixp5_ASAP7_75t_R asap7sc7p5t_OA_RVT_TT_nldm_211120     0.116640       1     0.116640
OA21x2_ASAP7_75t_R asap7sc7p5t_OA_RVT_TT_nldm_211120     0.102060       1     0.102060
OAI21x1_ASAP7_75t_R asap7sc7p5t_OA_RVT_TT_nldm_211120     0.116640       1     0.116640
OAI21xp5_ASAP7_75t_R asap7sc7p5t_OA_RVT_TT_nldm_211120     0.072900       5     0.364500
OAI21xp33_ASAP7_75t_R asap7sc7p5t_OA_RVT_TT_nldm_211120     0.072900      15     1.093500
OAI22xp5_ASAP7_75t_R asap7sc7p5t_OA_RVT_TT_nldm_211120     0.087480       2     0.174960
OAI22xp33_ASAP7_75t_R asap7sc7p5t_OA_RVT_TT_nldm_211120     0.087480       1     0.087480
OAI32xp33_ASAP7_75t_R asap7sc7p5t_OA_RVT_TT_nldm_211120     0.102060       1     0.102060
OAI211xp5_ASAP7_75t_R asap7sc7p5t_OA_RVT_TT_nldm_211120     0.087480       9     0.787320
OR2x2_ASAP7_75t_R  asap7sc7p5t_SIMPLE_RVT_TT_nldm_211120     0.087480       1     0.087480
OR5x1_ASAP7_75t_R  asap7sc7p5t_SIMPLE_RVT_TT_nldm_211120     0.116640       2     0.233280
TIEHIx1_ASAP7_75t_R asap7sc7p5t_SIMPLE_RVT_TT_nldm_211120     0.043740       1     0.043740
TIELOx1_ASAP7_75t_R asap7sc7p5t_SIMPLE_RVT_TT_nldm_211120     0.043740       1     0.043740
XNOR2xp5_ASAP7_75t_R asap7sc7p5t_SIMPLE_RVT_TT_nldm_211120     0.131220       1     0.131220
XOR2x2_ASAP7_75t_R asap7sc7p5t_SIMPLE_RVT_TT_nldm_211120     0.160380       1     0.160380
XOR2xp5_ASAP7_75t_R asap7sc7p5t_SIMPLE_RVT_TT_nldm_211120     0.131220       2     0.262440
fp16_mult_piped_NUM_PIPE2_14_DW02_mult_0_DW02_mult_2    49.674060       1    49.674060 h
-----------------------------------------------------------------------------
Total 53 references                                    78.396660

****************************************
Design: fp16_mult_piped_NUM_PIPE2_14_DW02_mult_0_DW02_mult_2 
****************************************
Reference          Library       Unit Area   Count    Total Area   Attributes
-----------------------------------------------------------------------------
AND2x2_ASAP7_75t_R asap7sc7p5t_SIMPLE_RVT_TT_nldm_211120     0.087480     133    11.634840
AND2x4_ASAP7_75t_R asap7sc7p5t_SIMPLE_RVT_TT_nldm_211120     0.145800       6     0.874800
BUFx3_ASAP7_75t_R  asap7sc7p5t_INVBUF_RVT_TT_nldm_211120     0.087480       2     0.174960
BUFx6f_ASAP7_75t_R asap7sc7p5t_INVBUF_RVT_TT_nldm_211120     0.145800       1     0.145800
FAx1_ASAP7_75t_R   asap7sc7p5t_SIMPLE_RVT_TT_nldm_211120     0.204120      90    18.370800 r
HB1xp67_ASAP7_75t_R asap7sc7p5t_INVBUF_RVT_TT_nldm_211120     0.058320       4     0.233280
INVx1_ASAP7_75t_R  asap7sc7p5t_INVBUF_RVT_TT_nldm_211120     0.043740     182     7.960680
INVx2_ASAP7_75t_R  asap7sc7p5t_INVBUF_RVT_TT_nldm_211120     0.058320       1     0.058320
INVxp33_ASAP7_75t_R asap7sc7p5t_INVBUF_RVT_TT_nldm_211120     0.043740       2     0.087480
INVxp67_ASAP7_75t_R asap7sc7p5t_INVBUF_RVT_TT_nldm_211120     0.043740       7     0.306180
NAND2xp5_ASAP7_75t_R asap7sc7p5t_SIMPLE_RVT_TT_nldm_211120     0.058320       2     0.116640
TIELOx1_ASAP7_75t_R asap7sc7p5t_SIMPLE_RVT_TT_nldm_211120     0.043740       1     0.043740
XNOR2xp5_ASAP7_75t_R asap7sc7p5t_SIMPLE_RVT_TT_nldm_211120     0.131220       7     0.918540
XOR2x2_ASAP7_75t_R asap7sc7p5t_SIMPLE_RVT_TT_nldm_211120     0.160380       8     1.283040
XOR2xp5_ASAP7_75t_R asap7sc7p5t_SIMPLE_RVT_TT_nldm_211120     0.131220       5     0.656100
fp16_mult_piped_NUM_PIPE2_14_DW01_add_3     6.808860       1     6.808860 h
-----------------------------------------------------------------------------
Total 16 references                                    49.674060

****************************************
Design: fp16_mult_piped_NUM_PIPE2_14_DW01_add_3 
****************************************
Reference          Library       Unit Area   Count    Total Area   Attributes
-----------------------------------------------------------------------------
AND2x2_ASAP7_75t_R asap7sc7p5t_SIMPLE_RVT_TT_nldm_211120     0.087480       1     0.087480
AOI21x1_ASAP7_75t_R asap7sc7p5t_AO_RVT_TT_nldm_211120     0.116640       1     0.116640
AOI21xp5_ASAP7_75t_R asap7sc7p5t_AO_RVT_TT_nldm_211120     0.072900       3     0.218700
AOI21xp33_ASAP7_75t_R asap7sc7p5t_AO_RVT_TT_nldm_211120     0.072900       2     0.145800
AOI22xp33_ASAP7_75t_R asap7sc7p5t_AO_RVT_TT_nldm_211120     0.087480       1     0.087480
FAx1_ASAP7_75t_R   asap7sc7p5t_SIMPLE_RVT_TT_nldm_211120     0.204120       1     0.204120 r
HB1xp67_ASAP7_75t_R asap7sc7p5t_INVBUF_RVT_TT_nldm_211120     0.058320       1     0.058320
INVx1_ASAP7_75t_R  asap7sc7p5t_INVBUF_RVT_TT_nldm_211120     0.043740      15     0.656100
INVxp33_ASAP7_75t_R asap7sc7p5t_INVBUF_RVT_TT_nldm_211120     0.043740       4     0.174960
INVxp67_ASAP7_75t_R asap7sc7p5t_INVBUF_RVT_TT_nldm_211120     0.043740       1     0.043740
NAND2x1p5_ASAP7_75t_R asap7sc7p5t_SIMPLE_RVT_TT_nldm_211120     0.116640       2     0.233280
NAND2xp5_ASAP7_75t_R asap7sc7p5t_SIMPLE_RVT_TT_nldm_211120     0.058320      12     0.699840
NAND2xp33_ASAP7_75t_R asap7sc7p5t_SIMPLE_RVT_TT_nldm_211120     0.058320       2     0.116640
NAND3xp33_ASAP7_75t_R asap7sc7p5t_SIMPLE_RVT_TT_nldm_211120     0.072900       5     0.364500
NAND4xp25_ASAP7_75t_R asap7sc7p5t_SIMPLE_RVT_TT_nldm_211120     0.087480       1     0.087480
NOR2x1_ASAP7_75t_R asap7sc7p5t_SIMPLE_RVT_TT_nldm_211120     0.087480       4     0.349920
NOR2xp33_ASAP7_75t_R asap7sc7p5t_SIMPLE_RVT_TT_nldm_211120     0.058320       7     0.408240
NOR2xp67_ASAP7_75t_R asap7sc7p5t_SIMPLE_RVT_TT_nldm_211120     0.087480       1     0.087480
NOR3x1_ASAP7_75t_R asap7sc7p5t_SIMPLE_RVT_TT_nldm_211120     0.160380       1     0.160380
NOR3xp33_ASAP7_75t_R asap7sc7p5t_SIMPLE_RVT_TT_nldm_211120     0.072900       1     0.072900
OA21x2_ASAP7_75t_R asap7sc7p5t_OA_RVT_TT_nldm_211120     0.102060       2     0.204120
OAI21xp5_ASAP7_75t_R asap7sc7p5t_OA_RVT_TT_nldm_211120     0.072900       3     0.218700
OAI21xp33_ASAP7_75t_R asap7sc7p5t_OA_RVT_TT_nldm_211120     0.072900       2     0.145800
OAI31xp33_ASAP7_75t_R asap7sc7p5t_OA_RVT_TT_nldm_211120     0.087480       1     0.087480
OR2x2_ASAP7_75t_R  asap7sc7p5t_SIMPLE_RVT_TT_nldm_211120     0.087480       5     0.437400
XNOR2xp5_ASAP7_75t_R asap7sc7p5t_SIMPLE_RVT_TT_nldm_211120     0.131220       6     0.787320
XOR2x2_ASAP7_75t_R asap7sc7p5t_SIMPLE_RVT_TT_nldm_211120     0.160380       1     0.160380
XOR2xp5_ASAP7_75t_R asap7sc7p5t_SIMPLE_RVT_TT_nldm_211120     0.131220       3     0.393660
-----------------------------------------------------------------------------
Total 28 references                                     6.808860

****************************************
Design: fp16_mult_piped_NUM_PIPE2_15 
****************************************
Reference          Library       Unit Area   Count    Total Area   Attributes
-----------------------------------------------------------------------------
A2O1A1Ixp33_ASAP7_75t_R asap7sc7p5t_AO_RVT_TT_nldm_211120     0.087480       1     0.087480
AND2x2_ASAP7_75t_R asap7sc7p5t_SIMPLE_RVT_TT_nldm_211120     0.087480      10     0.874800
AND2x4_ASAP7_75t_R asap7sc7p5t_SIMPLE_RVT_TT_nldm_211120     0.145800       1     0.145800
AND4x1_ASAP7_75t_R asap7sc7p5t_SIMPLE_RVT_TT_nldm_211120     0.102060       1     0.102060
AOI21xp5_ASAP7_75t_R asap7sc7p5t_AO_RVT_TT_nldm_211120     0.072900       1     0.072900
AOI31xp33_ASAP7_75t_R asap7sc7p5t_AO_RVT_TT_nldm_211120     0.087480       2     0.174960
AOI211xp5_ASAP7_75t_R asap7sc7p5t_AO_RVT_TT_nldm_211120     0.087480       1     0.087480
BUFx3_ASAP7_75t_R  asap7sc7p5t_INVBUF_RVT_TT_nldm_211120     0.087480       1     0.087480
BUFx4f_ASAP7_75t_R asap7sc7p5t_INVBUF_RVT_TT_nldm_211120     0.116640       1     0.116640
BUFx6f_ASAP7_75t_R asap7sc7p5t_INVBUF_RVT_TT_nldm_211120     0.145800       4     0.583200
DFFASRHQNx1_ASAP7_75t_R asap7sc7p5t_SEQ_RVT_TT_nldm_220123     0.379080       2     0.758160 n
DFFHQNx1_ASAP7_75t_R asap7sc7p5t_SEQ_RVT_TT_nldm_220123     0.291600      32     9.331200 n
FAx1_ASAP7_75t_R   asap7sc7p5t_SIMPLE_RVT_TT_nldm_211120     0.204120       5     1.020600 r
HB1xp67_ASAP7_75t_R asap7sc7p5t_INVBUF_RVT_TT_nldm_211120     0.058320       3     0.174960
INVx1_ASAP7_75t_R  asap7sc7p5t_INVBUF_RVT_TT_nldm_211120     0.043740      74     3.236760
INVx2_ASAP7_75t_R  asap7sc7p5t_INVBUF_RVT_TT_nldm_211120     0.058320       2     0.116640
INVx8_ASAP7_75t_R  asap7sc7p5t_INVBUF_RVT_TT_nldm_211120     0.145800       2     0.291600
INVxp33_ASAP7_75t_R asap7sc7p5t_INVBUF_RVT_TT_nldm_211120     0.043740      10     0.437400
INVxp67_ASAP7_75t_R asap7sc7p5t_INVBUF_RVT_TT_nldm_211120     0.043740       7     0.306180
MAJx2_ASAP7_75t_R  asap7sc7p5t_SIMPLE_RVT_TT_nldm_211120     0.131220       1     0.131220
NAND2x1p5_ASAP7_75t_R asap7sc7p5t_SIMPLE_RVT_TT_nldm_211120     0.116640       2     0.233280
NAND2xp5_ASAP7_75t_R asap7sc7p5t_SIMPLE_RVT_TT_nldm_211120     0.058320      23     1.341360
NAND2xp33_ASAP7_75t_R asap7sc7p5t_SIMPLE_RVT_TT_nldm_211120     0.058320       8     0.466560
NAND3x1_ASAP7_75t_R asap7sc7p5t_SIMPLE_RVT_TT_nldm_211120     0.160380       1     0.160380
NAND3xp33_ASAP7_75t_R asap7sc7p5t_SIMPLE_RVT_TT_nldm_211120     0.072900       2     0.145800
NAND4xp25_ASAP7_75t_R asap7sc7p5t_SIMPLE_RVT_TT_nldm_211120     0.087480       1     0.087480
NAND5xp2_ASAP7_75t_R asap7sc7p5t_SIMPLE_RVT_TT_nldm_211120     0.102060       3     0.306180
NOR2x1_ASAP7_75t_R asap7sc7p5t_SIMPLE_RVT_TT_nldm_211120     0.087480       7     0.612360
NOR2x1p5_ASAP7_75t_R asap7sc7p5t_SIMPLE_RVT_TT_nldm_211120     0.116640       3     0.349920
NOR2x2_ASAP7_75t_R asap7sc7p5t_SIMPLE_RVT_TT_nldm_211120     0.145800       2     0.291600
NOR2xp33_ASAP7_75t_R asap7sc7p5t_SIMPLE_RVT_TT_nldm_211120     0.058320       9     0.524880
NOR2xp67_ASAP7_75t_R asap7sc7p5t_SIMPLE_RVT_TT_nldm_211120     0.087480       4     0.349920
NOR3x1_ASAP7_75t_R asap7sc7p5t_SIMPLE_RVT_TT_nldm_211120     0.160380       1     0.160380
NOR3xp33_ASAP7_75t_R asap7sc7p5t_SIMPLE_RVT_TT_nldm_211120     0.072900       2     0.145800
NOR5xp2_ASAP7_75t_R asap7sc7p5t_SIMPLE_RVT_TT_nldm_211120     0.102060       4     0.408240
O2A1O1Ixp5_ASAP7_75t_R asap7sc7p5t_OA_RVT_TT_nldm_211120     0.116640       1     0.116640
OA21x2_ASAP7_75t_R asap7sc7p5t_OA_RVT_TT_nldm_211120     0.102060       1     0.102060
OAI21xp5_ASAP7_75t_R asap7sc7p5t_OA_RVT_TT_nldm_211120     0.072900      14     1.020600
OAI21xp33_ASAP7_75t_R asap7sc7p5t_OA_RVT_TT_nldm_211120     0.072900       9     0.656100
OAI22x1_ASAP7_75t_R asap7sc7p5t_OA_RVT_TT_nldm_211120     0.145800       1     0.145800
OAI22xp5_ASAP7_75t_R asap7sc7p5t_OA_RVT_TT_nldm_211120     0.087480       1     0.087480
OAI22xp33_ASAP7_75t_R asap7sc7p5t_OA_RVT_TT_nldm_211120     0.087480       1     0.087480
OAI32xp33_ASAP7_75t_R asap7sc7p5t_OA_RVT_TT_nldm_211120     0.102060       1     0.102060
OAI211xp5_ASAP7_75t_R asap7sc7p5t_OA_RVT_TT_nldm_211120     0.087480       9     0.787320
OR2x4_ASAP7_75t_R  asap7sc7p5t_SIMPLE_RVT_TT_nldm_211120     0.116640       1     0.116640
OR5x1_ASAP7_75t_R  asap7sc7p5t_SIMPLE_RVT_TT_nldm_211120     0.116640       2     0.233280
TIEHIx1_ASAP7_75t_R asap7sc7p5t_SIMPLE_RVT_TT_nldm_211120     0.043740       1     0.043740
TIELOx1_ASAP7_75t_R asap7sc7p5t_SIMPLE_RVT_TT_nldm_211120     0.043740       1     0.043740
XOR2x2_ASAP7_75t_R asap7sc7p5t_SIMPLE_RVT_TT_nldm_211120     0.160380       2     0.320760
XOR2xp5_ASAP7_75t_R asap7sc7p5t_SIMPLE_RVT_TT_nldm_211120     0.131220       2     0.262440
fp16_mult_piped_NUM_PIPE2_15_DW02_mult_0_DW02_mult_1    50.053140       1    50.053140 h
-----------------------------------------------------------------------------
Total 51 references                                    77.900939

****************************************
Design: fp16_mult_piped_NUM_PIPE2_15_DW02_mult_0_DW02_mult_1 
****************************************
Reference          Library       Unit Area   Count    Total Area   Attributes
-----------------------------------------------------------------------------
AND2x2_ASAP7_75t_R asap7sc7p5t_SIMPLE_RVT_TT_nldm_211120     0.087480     133    11.634840
AND2x4_ASAP7_75t_R asap7sc7p5t_SIMPLE_RVT_TT_nldm_211120     0.145800       5     0.729000
BUFx3_ASAP7_75t_R  asap7sc7p5t_INVBUF_RVT_TT_nldm_211120     0.087480       2     0.174960
FAx1_ASAP7_75t_R   asap7sc7p5t_SIMPLE_RVT_TT_nldm_211120     0.204120      90    18.370800 r
HB1xp67_ASAP7_75t_R asap7sc7p5t_INVBUF_RVT_TT_nldm_211120     0.058320       8     0.466560
INVx1_ASAP7_75t_R  asap7sc7p5t_INVBUF_RVT_TT_nldm_211120     0.043740     189     8.266860
INVxp33_ASAP7_75t_R asap7sc7p5t_INVBUF_RVT_TT_nldm_211120     0.043740       1     0.043740
INVxp67_ASAP7_75t_R asap7sc7p5t_INVBUF_RVT_TT_nldm_211120     0.043740       2     0.087480
NAND2xp5_ASAP7_75t_R asap7sc7p5t_SIMPLE_RVT_TT_nldm_211120     0.058320       3     0.174960
TIELOx1_ASAP7_75t_R asap7sc7p5t_SIMPLE_RVT_TT_nldm_211120     0.043740       1     0.043740
XNOR2xp5_ASAP7_75t_R asap7sc7p5t_SIMPLE_RVT_TT_nldm_211120     0.131220       7     0.918540
XOR2x1_ASAP7_75t_R asap7sc7p5t_SIMPLE_RVT_TT_nldm_211120     0.174960       1     0.174960
XOR2x2_ASAP7_75t_R asap7sc7p5t_SIMPLE_RVT_TT_nldm_211120     0.160380       9     1.443420
XOR2xp5_ASAP7_75t_R asap7sc7p5t_SIMPLE_RVT_TT_nldm_211120     0.131220       3     0.393660
fp16_mult_piped_NUM_PIPE2_15_DW01_add_3     7.129620       1     7.129620 h
-----------------------------------------------------------------------------
Total 15 references                                    50.053140

****************************************
Design: fp16_mult_piped_NUM_PIPE2_15_DW01_add_3 
****************************************
Reference          Library       Unit Area   Count    Total Area   Attributes
-----------------------------------------------------------------------------
AND2x2_ASAP7_75t_R asap7sc7p5t_SIMPLE_RVT_TT_nldm_211120     0.087480       2     0.174960
AOI21x1_ASAP7_75t_R asap7sc7p5t_AO_RVT_TT_nldm_211120     0.116640       1     0.116640
AOI21xp5_ASAP7_75t_R asap7sc7p5t_AO_RVT_TT_nldm_211120     0.072900       1     0.072900
AOI21xp33_ASAP7_75t_R asap7sc7p5t_AO_RVT_TT_nldm_211120     0.072900       4     0.291600
AOI22xp33_ASAP7_75t_R asap7sc7p5t_AO_RVT_TT_nldm_211120     0.087480       1     0.087480
FAx1_ASAP7_75t_R   asap7sc7p5t_SIMPLE_RVT_TT_nldm_211120     0.204120       1     0.204120 r
INVx1_ASAP7_75t_R  asap7sc7p5t_INVBUF_RVT_TT_nldm_211120     0.043740      15     0.656100
INVx2_ASAP7_75t_R  asap7sc7p5t_INVBUF_RVT_TT_nldm_211120     0.058320       2     0.116640
INVx13_ASAP7_75t_R asap7sc7p5t_INVBUF_RVT_TT_nldm_211120     0.218700       1     0.218700
INVxp33_ASAP7_75t_R asap7sc7p5t_INVBUF_RVT_TT_nldm_211120     0.043740       1     0.043740
INVxp67_ASAP7_75t_R asap7sc7p5t_INVBUF_RVT_TT_nldm_211120     0.043740       2     0.087480
NAND2x1p5_ASAP7_75t_R asap7sc7p5t_SIMPLE_RVT_TT_nldm_211120     0.116640       2     0.233280
NAND2xp5_ASAP7_75t_R asap7sc7p5t_SIMPLE_RVT_TT_nldm_211120     0.058320      11     0.641520
NAND2xp33_ASAP7_75t_R asap7sc7p5t_SIMPLE_RVT_TT_nldm_211120     0.058320       2     0.116640
NAND3xp33_ASAP7_75t_R asap7sc7p5t_SIMPLE_RVT_TT_nldm_211120     0.072900       5     0.364500
NAND4xp25_ASAP7_75t_R asap7sc7p5t_SIMPLE_RVT_TT_nldm_211120     0.087480       1     0.087480
NOR2x1_ASAP7_75t_R asap7sc7p5t_SIMPLE_RVT_TT_nldm_211120     0.087480       4     0.349920
NOR2x1p5_ASAP7_75t_R asap7sc7p5t_SIMPLE_RVT_TT_nldm_211120     0.116640       2     0.233280
NOR2xp33_ASAP7_75t_R asap7sc7p5t_SIMPLE_RVT_TT_nldm_211120     0.058320       6     0.349920
NOR3x1_ASAP7_75t_R asap7sc7p5t_SIMPLE_RVT_TT_nldm_211120     0.160380       1     0.160380
NOR3xp33_ASAP7_75t_R asap7sc7p5t_SIMPLE_RVT_TT_nldm_211120     0.072900       2     0.145800
OA21x2_ASAP7_75t_R asap7sc7p5t_OA_RVT_TT_nldm_211120     0.102060       2     0.204120
OAI21xp5_ASAP7_75t_R asap7sc7p5t_OA_RVT_TT_nldm_211120     0.072900       4     0.291600
OAI31xp33_ASAP7_75t_R asap7sc7p5t_OA_RVT_TT_nldm_211120     0.087480       1     0.087480
OR2x2_ASAP7_75t_R  asap7sc7p5t_SIMPLE_RVT_TT_nldm_211120     0.087480       5     0.437400
XNOR2x1_ASAP7_75t_R asap7sc7p5t_SIMPLE_RVT_TT_nldm_211120     0.174960       1     0.174960
XNOR2xp5_ASAP7_75t_R asap7sc7p5t_SIMPLE_RVT_TT_nldm_211120     0.131220       6     0.787320
XOR2xp5_ASAP7_75t_R asap7sc7p5t_SIMPLE_RVT_TT_nldm_211120     0.131220       3     0.393660
-----------------------------------------------------------------------------
Total 28 references                                     7.129620
1
