/bin/sh: warning: setlocale: LC_ALL: cannot change locale (C.UTF-8)

                           Design Compiler Graphical 
                                 DC Ultra (TM)
                                  DFTMAX (TM)
                              Power Compiler (TM)
                                 DesignWare (R)
                                 DC Expert (TM)
                               Design Vision (TM)
                               HDL Compiler (TM)
                               VHDL Compiler (TM)
                                  DFT Compiler
                               Design Compiler(R)

              Version P-2019.03-SP5-6 for linux64 - Aug 20, 2020 

                    Copyright (c) 1988 - 2020 Synopsys, Inc.
   This software and the associated documentation are proprietary to Synopsys,
 Inc. This software may only be used in accordance with the terms and conditions
 of a written license agreement with Synopsys, Inc. All other use, reproduction,
            or distribution of this software is strictly prohibited.
Initializing...
# Per-component ASAP7 synthesis for the rtl/0830-02 snapshot.
# Same constraint recipe as run_dc_asap7.tcl (bundled ASAP7 RVT/TT NLDM
# standard-cell .db views; identical constraints across profiles) but with a
# profile table for the 0830-02 component set only.  No top-level synthesis:
# each hardware level's overhead is rolled up from these component areas
# (docs/0830-02/Hardware_Overhead_Breakdown.md).
#
# Example (from syn/):
#   . /home/common/profile_synopsys
#   SYN_PROFILE=gemv SYN_TOP=gemv_unit SYN_TAG=gemv_attacc #     SYN_PERIOD_NS=1.5015015 dc_shell -f run_dc_asap7_0830-02.tcl
set script_dir [file dirname [file normalize [info script]]]
/thu-bloor/xinyao-w23/kvpim-rtl/syn
set root_dir   [file normalize [file join $script_dir ..]]
/thu-bloor/xinyao-w23/kvpim-rtl
set lib_dir    [file join $root_dir third_party asap7_lib db]
/thu-bloor/xinyao-w23/kvpim-rtl/third_party/asap7_lib/db
set sram_dir   [file join $root_dir third_party asap7 asap7_sram_0p0 generated]
/thu-bloor/xinyao-w23/kvpim-rtl/third_party/asap7/asap7_sram_0p0/generated
proc envdef {name default} {
    return [expr {[info exists ::env($name)] ? $::env($name) : $default}]
}
set rtl_dir [envdef SYN_RTL_DIR [file join $root_dir rtl 0830-02]]
/thu-bloor/xinyao-w23/kvpim-rtl/rtl/0830-02
if {[file pathtype $rtl_dir] ne "absolute"} {
    set from_script_dir [file normalize [file join $script_dir $rtl_dir]]
    if {[file isdirectory $from_script_dir]} {
        set rtl_dir $from_script_dir
    } else {
        set rtl_dir [file normalize [file join $root_dir $rtl_dir]]
    }
}
set top_module [envdef SYN_TOP gemv_unit]
gemv_unit
set profile    [envdef SYN_PROFILE gemv]
gemv
set tag        [envdef SYN_TAG $top_module]
gemv_attacc_p1501
set period_ns  [envdef SYN_PERIOD_NS 1.5015015]
1.5015015
set max_cores  [envdef SYN_MAX_CORES 4]
4
set io_delay_ratio [envdef SYN_IO_DELAY_RATIO 0.30]
0.3
set fix_hold   [envdef SYN_FIX_HOLD 1]
1
set period     [expr {$period_ns * 1000.0}]
1501.5015
set out_root   [envdef SYN_OUT_ROOT dc_0830-02]
/thu-bloor/xinyao-w23/kvpim-rtl/syn/dc_0830-02
if {[file pathtype $out_root] ne "absolute"} {
    set out_root [file join $script_dir $out_root]
}
set out_dir    [file join $out_root $tag]
/thu-bloor/xinyao-w23/kvpim-rtl/syn/dc_0830-02/gemv_attacc_p1501
file mkdir $out_dir
set target_library [glob -nocomplain [file join $lib_dir *.db]]
/thu-bloor/xinyao-w23/kvpim-rtl/third_party/asap7_lib/db/asap7sc7p5t_AO_RVT_TT_nldm_211120.db /thu-bloor/xinyao-w23/kvpim-rtl/third_party/asap7_lib/db/asap7sc7p5t_INVBUF_RVT_TT_nldm_211120.db /thu-bloor/xinyao-w23/kvpim-rtl/third_party/asap7_lib/db/asap7sc7p5t_OA_RVT_TT_nldm_211120.db /thu-bloor/xinyao-w23/kvpim-rtl/third_party/asap7_lib/db/asap7sc7p5t_SEQ_RVT_TT_nldm_220123.db /thu-bloor/xinyao-w23/kvpim-rtl/third_party/asap7_lib/db/asap7sc7p5t_SIMPLE_RVT_TT_nldm_211120.db
if {[llength $target_library] == 0} {
    error "No ASAP7 .db views in $lib_dir"
}
set link_library "* $target_library"
* /thu-bloor/xinyao-w23/kvpim-rtl/third_party/asap7_lib/db/asap7sc7p5t_AO_RVT_TT_nldm_211120.db /thu-bloor/xinyao-w23/kvpim-rtl/third_party/asap7_lib/db/asap7sc7p5t_INVBUF_RVT_TT_nldm_211120.db /thu-bloor/xinyao-w23/kvpim-rtl/third_party/asap7_lib/db/asap7sc7p5t_OA_RVT_TT_nldm_211120.db /thu-bloor/xinyao-w23/kvpim-rtl/third_party/asap7_lib/db/asap7sc7p5t_SEQ_RVT_TT_nldm_220123.db /thu-bloor/xinyao-w23/kvpim-rtl/third_party/asap7_lib/db/asap7sc7p5t_SIMPLE_RVT_TT_nldm_211120.db
set search_path [list $rtl_dir $lib_dir $sram_dir [file join $sram_dir verilog]]
/thu-bloor/xinyao-w23/kvpim-rtl/rtl/0830-02 /thu-bloor/xinyao-w23/kvpim-rtl/third_party/asap7_lib/db /thu-bloor/xinyao-w23/kvpim-rtl/third_party/asap7/asap7_sram_0p0/generated /thu-bloor/xinyao-w23/kvpim-rtl/third_party/asap7/asap7_sram_0p0/generated/verilog
set_host_options -max_cores $max_cores
1
# Link the compiled ASAP7 SRAM macro .db views (compile_asap7_sram_libs.tcl).
proc enable_asap7_sram {sram_dir} {
    global target_library link_library
    foreach name {srambank_64x4x16_6t122 srambank_64x4x32_6t122 srambank_64x4x80_6t122                   srambank_256x4x32_6t122 srambank_256x4x80_6t122 srambank_256x4x64_6t122} {
        set db [file join $sram_dir db ${name}.db]
        if {[file exists $db]} {
            lappend target_library $db
        }
    }
    if {![file exists [file join $sram_dir db srambank_64x4x16_6t122.db]]} {
        error "Missing SRAM DB views in $sram_dir/db. Run compile_asap7_sram_libs.tcl first."
    }
    set link_library "* $target_library"
}
# ---------------------------------------------------------------------------
# Profiles: RTL needed for each component (per docs/Hardware Overhead.md and
# the Fugue paper Sec. 4.3).  Frequencies are set by the driver script.
# ---------------------------------------------------------------------------
switch -- $profile {
    gemv {
        # Bank level: one GEMV unit (16 FP16 mult + 16 dual-mode FP16 add +
        # double-buffered 16x256b vector buffer + control unit).  The buffer
        # is the ASAP7 SRAM-macro implementation (2 groups x 16 x 256x16b).
        enable_asap7_sram $sram_dir
        set sources [list fp16_mult.sv fp16_add.sv dbuf_16x256_asap7.sv gemv_unit.sv]
    }
    dbuf {
        # The double-buffered GEMV buffer alone (breakdown term), macro-backed.
        enable_asap7_sram $sram_dir
        set sources [list dbuf_16x256_asap7.sv]
    }
    gemv_flop {
        # Reference point: the same GEMV unit with the flop-based buffer.
        set sources [list fp16_mult.sv fp16_add.sv dbuf_16x256.sv gemv_unit.sv]
    }
    accum_bg {
        # BG level: 4->1 FP16 accumulator with bypass/sum modes.
        set sources [list fp16_add.sv accumulator_bg.sv]
    }
    accum_buf_bg {
        # BG level: the accumulator buffer on one 256x16 ASAP7 macro.
        # Tops: accum_buffer_bg_attacc (8 x FP16, one query in flight) /
        #       accum_buffer_bg_fugue (64 x FP16 = n_cap(8) resident queries
        #       x 8-slot staging each; multi-Q over one shared K column).
        enable_asap7_sram $sram_dir
        set sources [list accum_buffer_bg.sv]
    }
    accum_logic {
        # Logic die: one per-channel context accumulator (16 lanes x 4 words).
        set sources [list fp16_add.sv accumulator_logic.sv]
    }
    diff_channel {
        # Logic die (Fugue): one per-channel D_i map / diff decoder.
        set sources [list fugue_pkg.sv diff_decoder.sv diff_decoder_channel_dc_top.sv]
    }
    causal_cmp {
        # Logic die (Fugue): one per-channel causal comparator.
        set sources [list causal_comparator.sv]
    }
    rope {
        # Ablation only ("Fugue with on-die RoPE"); the paper's die does NOT
        # carry rotation logic (RoPE runs on the GPU, Sec. 4.2).
        set sources [list bf16_mult.sv bf16_add.sv sincos_bf16.sv rotate_q_bf16.sv]
    }
    kvtlb {
        # Controller breakdown term: the KV segment TLB alone.
        set sources [list kv_tlb_pkg.sv kv_seg_tlb.sv kv_ptw.sv kv_scan_planner.sv kv_tlb_top.sv]
    }
    ctrl_attacc {
        # HBM controller, AttAcc: instr queue/decoder + config memory +
        # addr-gen/DRAM FSM + DMA engine + direct address path.
        set sources [list fugue_pkg.sv kv_tlb_pkg.sv attacc_controller.sv             direct_addr_plan.sv dma_engine.sv attacc_hbm_ctrl_top.sv]
    }
    ctrl_fugue {
        # HBM controller, Fugue: same core + DMA + the KV segment TLB
        # (diff-block address management).
        set sources [list fugue_pkg.sv kv_tlb_pkg.sv attacc_controller.sv             kv_seg_tlb.sv kv_ptw.sv kv_scan_planner.sv kv_tlb_top.sv             dma_engine.sv fugue_hbm_ctrl_top.sv]
    }
    softmax_pe {
        # Reference only: softmax_pe already met 699 ps in dc_0830-01
        # (setup/hold clean), which covers the 1.3 GHz (769 ps) requirement;
        # re-synthesis is NOT needed.
        set sources [list fp32_add.sv fp32_exp.sv fp32_mul.sv softmax_pe.sv]
    }
    fp32_recip {
        # The one softmax leaf missing from dc_0830-01 (one per channel
        # engine); synthesized once at the softmax clock for the roll-up.
        set sources [list fp32_recip.sv]
    }
    default { error "Unknown SYN_PROFILE=$profile" }
}
fp16_mult.sv fp16_add.sv dbuf_16x256_asap7.sv gemv_unit.sv
set src_paths {}
foreach source $sources { lappend src_paths [file join $rtl_dir $source] }
define_design_lib WORK -path [file join $out_dir WORK]
1
analyze -format sverilog $src_paths
Running PRESTO HDLC
Compiling source file /thu-bloor/xinyao-w23/kvpim-rtl/rtl/0830-02/fp16_mult.sv
Compiling source file /thu-bloor/xinyao-w23/kvpim-rtl/rtl/0830-02/fp16_add.sv
Compiling source file /thu-bloor/xinyao-w23/kvpim-rtl/rtl/0830-02/dbuf_16x256_asap7.sv
Compiling source file /thu-bloor/xinyao-w23/kvpim-rtl/rtl/0830-02/gemv_unit.sv
Presto compilation completed successfully.
Loading db file '/thu-bloor/xinyao-w23/kvpim-rtl/third_party/asap7_lib/db/asap7sc7p5t_AO_RVT_TT_nldm_211120.db'
Loading db file '/thu-bloor/xinyao-w23/kvpim-rtl/third_party/asap7_lib/db/asap7sc7p5t_INVBUF_RVT_TT_nldm_211120.db'
Loading db file '/thu-bloor/xinyao-w23/kvpim-rtl/third_party/asap7_lib/db/asap7sc7p5t_OA_RVT_TT_nldm_211120.db'
Loading db file '/thu-bloor/xinyao-w23/kvpim-rtl/third_party/asap7_lib/db/asap7sc7p5t_SEQ_RVT_TT_nldm_220123.db'
Loading db file '/thu-bloor/xinyao-w23/kvpim-rtl/third_party/asap7_lib/db/asap7sc7p5t_SIMPLE_RVT_TT_nldm_211120.db'
Loading db file '/thu-bloor/xinyao-w23/kvpim-rtl/third_party/asap7/asap7_sram_0p0/generated/db/srambank_64x4x16_6t122.db'
Loading db file '/thu-bloor/xinyao-w23/kvpim-rtl/third_party/asap7/asap7_sram_0p0/generated/db/srambank_64x4x32_6t122.db'
Loading db file '/thu-bloor/xinyao-w23/kvpim-rtl/third_party/asap7/asap7_sram_0p0/generated/db/srambank_64x4x80_6t122.db'
Loading db file '/thu-bloor/xinyao-w23/kvpim-rtl/third_party/asap7/asap7_sram_0p0/generated/db/srambank_256x4x32_6t122.db'
Loading db file '/thu-bloor/xinyao-w23/kvpim-rtl/third_party/asap7/asap7_sram_0p0/generated/db/srambank_256x4x80_6t122.db'
Loading db file '/thu-bloor/xinyao-w23/kvpim-rtl/third_party/asap7/asap7_sram_0p0/generated/db/srambank_256x4x64_6t122.db'
1
elaborate $top_module
Loading db file '/usr/local/bin/Synopsys/syn/P-2019.03-SP5-6/libraries/syn/gtech.db'
Loading db file '/usr/local/bin/Synopsys/syn/P-2019.03-SP5-6/libraries/syn/standard.sldb'
  Loading link library 'asap7sc7p5t_AO_RVT_TT_nldm_211120'
  Loading link library 'asap7sc7p5t_INVBUF_RVT_TT_nldm_211120'
  Loading link library 'asap7sc7p5t_OA_RVT_TT_nldm_211120'
  Loading link library 'asap7sc7p5t_SEQ_RVT_TT_nldm_220123'
  Loading link library 'asap7sc7p5t_SIMPLE_RVT_TT_nldm_211120'
  Loading link library 'srambank_64x4x16_6t122'
  Loading link library 'srambank_64x4x32_6t122'
  Loading link library 'srambank_64x4x80_6t122'
  Loading link library 'srambank_256x4x32_6t122'
  Loading link library 'srambank_256x4x80_6t122'
  Loading link library 'srambank_256x4x64_6t122'
  Loading link library 'gtech'
Running PRESTO HDLC

Inferred memory devices in process
	in routine gemv_unit line 76 in file
		'/thu-bloor/xinyao-w23/kvpim-rtl/rtl/0830-02/gemv_unit.sv'.
===============================================================================
|    Register Name    |   Type    | Width | Bus | MB | AR | AS | SR | SS | ST |
===============================================================================
|     running_reg     | Flip-flop |   1   |  N  | N  | Y  | N  | N  | N  | N  |
|     mode_q_reg      | Flip-flop |   1   |  N  | N  | Y  | N  | N  | N  | N  |
|      clr_q_reg      | Flip-flop |   1   |  N  | N  | Y  | N  | N  | N  | N  |
|    nbeats_q_reg     | Flip-flop |   9   |  Y  | N  | Y  | N  | N  | N  | N  |
|      beat_reg       | Flip-flop |   9   |  Y  | N  | Y  | N  | N  | N  | N  |
===============================================================================

Inferred memory devices in process
	in routine gemv_unit line 121 in file
		'/thu-bloor/xinyao-w23/kvpim-rtl/rtl/0830-02/gemv_unit.sv'.
===============================================================================
|    Register Name    |   Type    | Width | Bus | MB | AR | AS | SR | SS | ST |
===============================================================================
|  bcast_lane_q_reg   | Flip-flop |   4   |  Y  | N  | Y  | N  | N  | N  | N  |
|      mat_q_reg      | Flip-flop |  256  |  Y  | N  | Y  | N  | N  | N  | N  |
|     mul_iv_reg      | Flip-flop |   1   |  N  | N  | Y  | N  | N  | N  | N  |
===============================================================================

Inferred memory devices in process
	in routine gemv_unit line 167 in file
		'/thu-bloor/xinyao-w23/kvpim-rtl/rtl/0830-02/gemv_unit.sv'.
===============================================================================
|    Register Name    |   Type    | Width | Bus | MB | AR | AS | SR | SS | ST |
===============================================================================
|    last_pipe_reg    | Flip-flop |   6   |  Y  | N  | Y  | N  | N  | N  | N  |
|   first_pipe_reg    | Flip-flop |   6   |  Y  | N  | Y  | N  | N  | N  | N  |
===============================================================================

Inferred memory devices in process
	in routine gemv_unit line 238 in file
		'/thu-bloor/xinyao-w23/kvpim-rtl/rtl/0830-02/gemv_unit.sv'.
===============================================================================
|    Register Name    |   Type    | Width | Bus | MB | AR | AS | SR | SS | ST |
===============================================================================
|    acc_hold_reg     | Flip-flop |  256  |  Y  | N  | Y  | N  | N  | N  | N  |
===============================================================================

Inferred memory devices in process
	in routine gemv_unit line 250 in file
		'/thu-bloor/xinyao-w23/kvpim-rtl/rtl/0830-02/gemv_unit.sv'.
===============================================================================
|    Register Name    |   Type    | Width | Bus | MB | AR | AS | SR | SS | ST |
===============================================================================
|   ctx_valid_q_reg   | Flip-flop |   1   |  N  | N  | Y  | N  | N  | N  | N  |
|    sc_last_d_reg    | Flip-flop |   1   |  N  | N  | Y  | N  | N  | N  | N  |
|   ctx_last_d_reg    | Flip-flop |   1   |  N  | N  | Y  | N  | N  | N  | N  |
|  score_valid_q_reg  | Flip-flop |   1   |  N  | N  | Y  | N  | N  | N  | N  |
===============================================================================
Statistics for MUX_OPs
======================================================
| block name/line  | Inputs | Outputs | # sel inputs |
======================================================
|  gemv_unit/139   |   16   |   16    |      4       |
======================================================
Presto compilation completed successfully. (gemv_unit)
Elaborated 1 design.
Current design is now 'gemv_unit'.
Information: Building the design 'dbuf_16x256'. (HDL-193)

Inferred memory devices in process
	in routine dbuf_16x256 line 30 in file
		'/thu-bloor/xinyao-w23/kvpim-rtl/rtl/0830-02/dbuf_16x256_asap7.sv'.
===============================================================================
|    Register Name    |   Type    | Width | Bus | MB | AR | AS | SR | SS | ST |
===============================================================================
|       sel_reg       | Flip-flop |   1   |  N  | N  | Y  | N  | N  | N  | N  |
===============================================================================
Presto compilation completed successfully. (dbuf_16x256)
Information: Building the design 'fp16_mult'. (HDL-193)
Warning:  /thu-bloor/xinyao-w23/kvpim-rtl/rtl/0830-02/fp16_mult.sv:88: signed to unsigned part selection occurs. (VER-318)

Inferred memory devices in process
	in routine fp16_mult line 92 in file
		'/thu-bloor/xinyao-w23/kvpim-rtl/rtl/0830-02/fp16_mult.sv'.
===============================================================================
|    Register Name    |   Type    | Width | Bus | MB | AR | AS | SR | SS | ST |
===============================================================================
|    out_valid_reg    | Flip-flop |   1   |  N  | N  | Y  | N  | N  | N  | N  |
|        y_reg        | Flip-flop |  16   |  Y  | N  | Y  | N  | N  | N  | N  |
===============================================================================
Presto compilation completed successfully. (fp16_mult)
Information: Building the design 'fp16_add'. (HDL-193)

Statistics for case statements in always block at line 83 in file
	'/thu-bloor/xinyao-w23/kvpim-rtl/rtl/0830-02/fp16_add.sv'
===============================================
|           Line           |  full/ parallel  |
===============================================
|            92            |    auto/auto     |
===============================================

Inferred memory devices in process
	in routine fp16_add line 164 in file
		'/thu-bloor/xinyao-w23/kvpim-rtl/rtl/0830-02/fp16_add.sv'.
===============================================================================
|    Register Name    |   Type    | Width | Bus | MB | AR | AS | SR | SS | ST |
===============================================================================
|    out_valid_reg    | Flip-flop |   1   |  N  | N  | Y  | N  | N  | N  | N  |
|        y_reg        | Flip-flop |  16   |  Y  | N  | Y  | N  | N  | N  | N  |
===============================================================================
Presto compilation completed successfully. (fp16_add)
1
current_design $top_module
Current design is 'gemv_unit'.
{gemv_unit}
link

  Linking design 'gemv_unit'
  Using the following designs and libraries:
  --------------------------------------------------------------------------
  * (4 designs)               /thu-bloor/xinyao-w23/kvpim-rtl/syn/gemv_unit.db, etc
  asap7sc7p5t_AO_RVT_TT_nldm_211120 (library) /thu-bloor/xinyao-w23/kvpim-rtl/third_party/asap7_lib/db/asap7sc7p5t_AO_RVT_TT_nldm_211120.db
  asap7sc7p5t_INVBUF_RVT_TT_nldm_211120 (library) /thu-bloor/xinyao-w23/kvpim-rtl/third_party/asap7_lib/db/asap7sc7p5t_INVBUF_RVT_TT_nldm_211120.db
  asap7sc7p5t_OA_RVT_TT_nldm_211120 (library) /thu-bloor/xinyao-w23/kvpim-rtl/third_party/asap7_lib/db/asap7sc7p5t_OA_RVT_TT_nldm_211120.db
  asap7sc7p5t_SEQ_RVT_TT_nldm_220123 (library) /thu-bloor/xinyao-w23/kvpim-rtl/third_party/asap7_lib/db/asap7sc7p5t_SEQ_RVT_TT_nldm_220123.db
  asap7sc7p5t_SIMPLE_RVT_TT_nldm_211120 (library) /thu-bloor/xinyao-w23/kvpim-rtl/third_party/asap7_lib/db/asap7sc7p5t_SIMPLE_RVT_TT_nldm_211120.db
  srambank_64x4x16_6t122 (library) /thu-bloor/xinyao-w23/kvpim-rtl/third_party/asap7/asap7_sram_0p0/generated/db/srambank_64x4x16_6t122.db
  srambank_64x4x32_6t122 (library) /thu-bloor/xinyao-w23/kvpim-rtl/third_party/asap7/asap7_sram_0p0/generated/db/srambank_64x4x32_6t122.db
  srambank_64x4x80_6t122 (library) /thu-bloor/xinyao-w23/kvpim-rtl/third_party/asap7/asap7_sram_0p0/generated/db/srambank_64x4x80_6t122.db
  srambank_256x4x32_6t122 (library) /thu-bloor/xinyao-w23/kvpim-rtl/third_party/asap7/asap7_sram_0p0/generated/db/srambank_256x4x32_6t122.db
  srambank_256x4x80_6t122 (library) /thu-bloor/xinyao-w23/kvpim-rtl/third_party/asap7/asap7_sram_0p0/generated/db/srambank_256x4x80_6t122.db
  srambank_256x4x64_6t122 (library) /thu-bloor/xinyao-w23/kvpim-rtl/third_party/asap7/asap7_sram_0p0/generated/db/srambank_256x4x64_6t122.db

1
create_clock -name clk -period $period [get_ports clk]
1
set_clock_uncertainty 50.0 [get_clocks clk]
1
set_clock_transition 20.0 [get_clocks clk]
1
set clock_reset_ports [get_ports {clk rst_n}]
{clk rst_n}
set data_ports [remove_from_collection [all_inputs] $clock_reset_ports]
{vec_wr_en vec_wr_addr[3] vec_wr_addr[2] vec_wr_addr[1] vec_wr_addr[0] vec_wr_data[255] vec_wr_data[254] vec_wr_data[253] vec_wr_data[252] vec_wr_data[251] vec_wr_data[250] vec_wr_data[249] vec_wr_data[248] vec_wr_data[247] vec_wr_data[246] vec_wr_data[245] vec_wr_data[244] vec_wr_data[243] vec_wr_data[242] vec_wr_data[241] vec_wr_data[240] vec_wr_data[239] vec_wr_data[238] vec_wr_data[237] vec_wr_data[236] vec_wr_data[235] vec_wr_data[234] vec_wr_data[233] vec_wr_data[232] vec_wr_data[231] vec_wr_data[230] vec_wr_data[229] vec_wr_data[228] vec_wr_data[227] vec_wr_data[226] vec_wr_data[225] vec_wr_data[224] vec_wr_data[223] vec_wr_data[222] vec_wr_data[221] vec_wr_data[220] vec_wr_data[219] vec_wr_data[218] vec_wr_data[217] vec_wr_data[216] vec_wr_data[215] vec_wr_data[214] vec_wr_data[213] vec_wr_data[212] vec_wr_data[211] vec_wr_data[210] vec_wr_data[209] vec_wr_data[208] vec_wr_data[207] vec_wr_data[206] vec_wr_data[205] vec_wr_data[204] vec_wr_data[203] vec_wr_data[202] vec_wr_data[201] vec_wr_data[200] vec_wr_data[199] vec_wr_data[198] vec_wr_data[197] vec_wr_data[196] vec_wr_data[195] vec_wr_data[194] vec_wr_data[193] vec_wr_data[192] vec_wr_data[191] vec_wr_data[190] vec_wr_data[189] vec_wr_data[188] vec_wr_data[187] vec_wr_data[186] vec_wr_data[185] vec_wr_data[184] vec_wr_data[183] vec_wr_data[182] vec_wr_data[181] vec_wr_data[180] vec_wr_data[179] vec_wr_data[178] vec_wr_data[177] vec_wr_data[176] vec_wr_data[175] vec_wr_data[174] vec_wr_data[173] vec_wr_data[172] vec_wr_data[171] vec_wr_data[170] vec_wr_data[169] vec_wr_data[168] vec_wr_data[167] vec_wr_data[166] vec_wr_data[165] vec_wr_data[164] vec_wr_data[163] vec_wr_data[162] vec_wr_data[161] ...}
set_input_delay [expr {$period * $io_delay_ratio}] -clock clk $data_ports
1
set_output_delay [expr {$period * $io_delay_ratio}] -clock clk [all_outputs]
1
set_driving_cell -lib_cell BUFx2_ASAP7_75t_R $data_ports
Warning: Design rule attributes from the driving cell will be
	set on the port. (UID-401)
Warning: Design rule attributes from the driving cell will be
	set on the port. (UID-401)
Warning: Design rule attributes from the driving cell will be
	set on the port. (UID-401)
Warning: Design rule attributes from the driving cell will be
	set on the port. (UID-401)
Warning: Design rule attributes from the driving cell will be
	set on the port. (UID-401)
Warning: Design rule attributes from the driving cell will be
	set on the port. (UID-401)
Warning: Design rule attributes from the driving cell will be
	set on the port. (UID-401)
Warning: Design rule attributes from the driving cell will be
	set on the port. (UID-401)
Warning: Design rule attributes from the driving cell will be
	set on the port. (UID-401)
Warning: Design rule attributes from the driving cell will be
	set on the port. (UID-401)
Warning: Design rule attributes from the driving cell will be
	set on the port. (UID-401)
Warning: Design rule attributes from the driving cell will be
	set on the port. (UID-401)
Warning: Design rule attributes from the driving cell will be
	set on the port. (UID-401)
Warning: Design rule attributes from the driving cell will be
	set on the port. (UID-401)
Warning: Design rule attributes from the driving cell will be
	set on the port. (UID-401)
Warning: Design rule attributes from the driving cell will be
	set on the port. (UID-401)
Warning: Design rule attributes from the driving cell will be
	set on the port. (UID-401)
Warning: Design rule attributes from the driving cell will be
	set on the port. (UID-401)
Warning: Design rule attributes from the driving cell will be
	set on the port. (UID-401)
Warning: Design rule attributes from the driving cell will be
	set on the port. (UID-401)
Warning: Design rule attributes from the driving cell will be
	set on the port. (UID-401)
Warning: Design rule attributes from the driving cell will be
	set on the port. (UID-401)
Warning: Design rule attributes from the driving cell will be
	set on the port. (UID-401)
Warning: Design rule attributes from the driving cell will be
	set on the port. (UID-401)
Warning: Design rule attributes from the driving cell will be
	set on the port. (UID-401)
Warning: Design rule attributes from the driving cell will be
	set on the port. (UID-401)
Warning: Design rule attributes from the driving cell will be
	set on the port. (UID-401)
Warning: Design rule attributes from the driving cell will be
	set on the port. (UID-401)
Warning: Design rule attributes from the driving cell will be
	set on the port. (UID-401)
Warning: Design rule attributes from the driving cell will be
	set on the port. (UID-401)
Warning: Design rule attributes from the driving cell will be
	set on the port. (UID-401)
Warning: Design rule attributes from the driving cell will be
	set on the port. (UID-401)
Warning: Design rule attributes from the driving cell will be
	set on the port. (UID-401)
Warning: Design rule attributes from the driving cell will be
	set on the port. (UID-401)
Warning: Design rule attributes from the driving cell will be
	set on the port. (UID-401)
Warning: Design rule attributes from the driving cell will be
	set on the port. (UID-401)
Warning: Design rule attributes from the driving cell will be
	set on the port. (UID-401)
Warning: Design rule attributes from the driving cell will be
	set on the port. (UID-401)
Warning: Design rule attributes from the driving cell will be
	set on the port. (UID-401)
Warning: Design rule attributes from the driving cell will be
	set on the port. (UID-401)
Warning: Design rule attributes from the driving cell will be
	set on the port. (UID-401)
Warning: Design rule attributes from the driving cell will be
	set on the port. (UID-401)
Warning: Design rule attributes from the driving cell will be
	set on the port. (UID-401)
Warning: Design rule attributes from the driving cell will be
	set on the port. (UID-401)
Warning: Design rule attributes from the driving cell will be
	set on the port. (UID-401)
Warning: Design rule attributes from the driving cell will be
	set on the port. (UID-401)
Warning: Design rule attributes from the driving cell will be
	set on the port. (UID-401)
Warning: Design rule attributes from the driving cell will be
	set on the port. (UID-401)
Warning: Design rule attributes from the driving cell will be
	set on the port. (UID-401)
Warning: Design rule attributes from the driving cell will be
	set on the port. (UID-401)
Warning: Design rule attributes from the driving cell will be
	set on the port. (UID-401)
Warning: Design rule attributes from the driving cell will be
	set on the port. (UID-401)
Warning: Design rule attributes from the driving cell will be
	set on the port. (UID-401)
Warning: Design rule attributes from the driving cell will be
	set on the port. (UID-401)
Warning: Design rule attributes from the driving cell will be
	set on the port. (UID-401)
Warning: Design rule attributes from the driving cell will be
	set on the port. (UID-401)
Warning: Design rule attributes from the driving cell will be
	set on the port. (UID-401)
Warning: Design rule attributes from the driving cell will be
	set on the port. (UID-401)
Warning: Design rule attributes from the driving cell will be
	set on the port. (UID-401)
Warning: Design rule attributes from the driving cell will be
	set on the port. (UID-401)
Warning: Design rule attributes from the driving cell will be
	set on the port. (UID-401)
Warning: Design rule attributes from the driving cell will be
	set on the port. (UID-401)
Warning: Design rule attributes from the driving cell will be
	set on the port. (UID-401)
Warning: Design rule attributes from the driving cell will be
	set on the port. (UID-401)
Warning: Design rule attributes from the driving cell will be
	set on the port. (UID-401)
Warning: Design rule attributes from the driving cell will be
	set on the port. (UID-401)
Warning: Design rule attributes from the driving cell will be
	set on the port. (UID-401)
Warning: Design rule attributes from the driving cell will be
	set on the port. (UID-401)
Warning: Design rule attributes from the driving cell will be
	set on the port. (UID-401)
Warning: Design rule attributes from the driving cell will be
	set on the port. (UID-401)
Warning: Design rule attributes from the driving cell will be
	set on the port. (UID-401)
Warning: Design rule attributes from the driving cell will be
	set on the port. (UID-401)
Warning: Design rule attributes from the driving cell will be
	set on the port. (UID-401)
Warning: Design rule attributes from the driving cell will be
	set on the port. (UID-401)
Warning: Design rule attributes from the driving cell will be
	set on the port. (UID-401)
Warning: Design rule attributes from the driving cell will be
	set on the port. (UID-401)
Warning: Design rule attributes from the driving cell will be
	set on the port. (UID-401)
Warning: Design rule attributes from the driving cell will be
	set on the port. (UID-401)
Warning: Design rule attributes from the driving cell will be
	set on the port. (UID-401)
Warning: Design rule attributes from the driving cell will be
	set on the port. (UID-401)
Warning: Design rule attributes from the driving cell will be
	set on the port. (UID-401)
Warning: Design rule attributes from the driving cell will be
	set on the port. (UID-401)
Warning: Design rule attributes from the driving cell will be
	set on the port. (UID-401)
Warning: Design rule attributes from the driving cell will be
	set on the port. (UID-401)
Warning: Design rule attributes from the driving cell will be
	set on the port. (UID-401)
Warning: Design rule attributes from the driving cell will be
	set on the port. (UID-401)
Warning: Design rule attributes from the driving cell will be
	set on the port. (UID-401)
Warning: Design rule attributes from the driving cell will be
	set on the port. (UID-401)
Warning: Design rule attributes from the driving cell will be
	set on the port. (UID-401)
Warning: Design rule attributes from the driving cell will be
	set on the port. (UID-401)
Warning: Design rule attributes from the driving cell will be
	set on the port. (UID-401)
Warning: Design rule attributes from the driving cell will be
	set on the port. (UID-401)
Warning: Design rule attributes from the driving cell will be
	set on the port. (UID-401)
Warning: Design rule attributes from the driving cell will be
	set on the port. (UID-401)
Warning: Design rule attributes from the driving cell will be
	set on the port. (UID-401)
Warning: Design rule attributes from the driving cell will be
	set on the port. (UID-401)
Warning: Design rule attributes from the driving cell will be
	set on the port. (UID-401)
Warning: Design rule attributes from the driving cell will be
	set on the port. (UID-401)
Warning: Design rule attributes from the driving cell will be
	set on the port. (UID-401)
Warning: Design rule attributes from the driving cell will be
	set on the port. (UID-401)
Warning: Design rule attributes from the driving cell will be
	set on the port. (UID-401)
Warning: Design rule attributes from the driving cell will be
	set on the port. (UID-401)
Warning: Design rule attributes from the driving cell will be
	set on the port. (UID-401)
Warning: Design rule attributes from the driving cell will be
	set on the port. (UID-401)
Warning: Design rule attributes from the driving cell will be
	set on the port. (UID-401)
Warning: Design rule attributes from the driving cell will be
	set on the port. (UID-401)
Warning: Design rule attributes from the driving cell will be
	set on the port. (UID-401)
Warning: Design rule attributes from the driving cell will be
	set on the port. (UID-401)
Warning: Design rule attributes from the driving cell will be
	set on the port. (UID-401)
Warning: Design rule attributes from the driving cell will be
	set on the port. (UID-401)
Warning: Design rule attributes from the driving cell will be
	set on the port. (UID-401)
Warning: Design rule attributes from the driving cell will be
	set on the port. (UID-401)
Warning: Design rule attributes from the driving cell will be
	set on the port. (UID-401)
Warning: Design rule attributes from the driving cell will be
	set on the port. (UID-401)
Warning: Design rule attributes from the driving cell will be
	set on the port. (UID-401)
Warning: Design rule attributes from the driving cell will be
	set on the port. (UID-401)
Warning: Design rule attributes from the driving cell will be
	set on the port. (UID-401)
Warning: Design rule attributes from the driving cell will be
	set on the port. (UID-401)
Warning: Design rule attributes from the driving cell will be
	set on the port. (UID-401)
Warning: Design rule attributes from the driving cell will be
	set on the port. (UID-401)
Warning: Design rule attributes from the driving cell will be
	set on the port. (UID-401)
Warning: Design rule attributes from the driving cell will be
	set on the port. (UID-401)
Warning: Design rule attributes from the driving cell will be
	set on the port. (UID-401)
Warning: Design rule attributes from the driving cell will be
	set on the port. (UID-401)
Warning: Design rule attributes from the driving cell will be
	set on the port. (UID-401)
Warning: Design rule attributes from the driving cell will be
	set on the port. (UID-401)
Warning: Design rule attributes from the driving cell will be
	set on the port. (UID-401)
Warning: Design rule attributes from the driving cell will be
	set on the port. (UID-401)
Warning: Design rule attributes from the driving cell will be
	set on the port. (UID-401)
Warning: Design rule attributes from the driving cell will be
	set on the port. (UID-401)
Warning: Design rule attributes from the driving cell will be
	set on the port. (UID-401)
Warning: Design rule attributes from the driving cell will be
	set on the port. (UID-401)
Warning: Design rule attributes from the driving cell will be
	set on the port. (UID-401)
Warning: Design rule attributes from the driving cell will be
	set on the port. (UID-401)
Warning: Design rule attributes from the driving cell will be
	set on the port. (UID-401)
Warning: Design rule attributes from the driving cell will be
	set on the port. (UID-401)
Warning: Design rule attributes from the driving cell will be
	set on the port. (UID-401)
Warning: Design rule attributes from the driving cell will be
	set on the port. (UID-401)
Warning: Design rule attributes from the driving cell will be
	set on the port. (UID-401)
Warning: Design rule attributes from the driving cell will be
	set on the port. (UID-401)
Warning: Design rule attributes from the driving cell will be
	set on the port. (UID-401)
Warning: Design rule attributes from the driving cell will be
	set on the port. (UID-401)
Warning: Design rule attributes from the driving cell will be
	set on the port. (UID-401)
Warning: Design rule attributes from the driving cell will be
	set on the port. (UID-401)
Warning: Design rule attributes from the driving cell will be
	set on the port. (UID-401)
Warning: Design rule attributes from the driving cell will be
	set on the port. (UID-401)
Warning: Design rule attributes from the driving cell will be
	set on the port. (UID-401)
Warning: Design rule attributes from the driving cell will be
	set on the port. (UID-401)
Warning: Design rule attributes from the driving cell will be
	set on the port. (UID-401)
Warning: Design rule attributes from the driving cell will be
	set on the port. (UID-401)
Warning: Design rule attributes from the driving cell will be
	set on the port. (UID-401)
Warning: Design rule attributes from the driving cell will be
	set on the port. (UID-401)
Warning: Design rule attributes from the driving cell will be
	set on the port. (UID-401)
Warning: Design rule attributes from the driving cell will be
	set on the port. (UID-401)
Warning: Design rule attributes from the driving cell will be
	set on the port. (UID-401)
Warning: Design rule attributes from the driving cell will be
	set on the port. (UID-401)
Warning: Design rule attributes from the driving cell will be
	set on the port. (UID-401)
Warning: Design rule attributes from the driving cell will be
	set on the port. (UID-401)
Warning: Design rule attributes from the driving cell will be
	set on the port. (UID-401)
Warning: Design rule attributes from the driving cell will be
	set on the port. (UID-401)
Warning: Design rule attributes from the driving cell will be
	set on the port. (UID-401)
Warning: Design rule attributes from the driving cell will be
	set on the port. (UID-401)
Warning: Design rule attributes from the driving cell will be
	set on the port. (UID-401)
Warning: Design rule attributes from the driving cell will be
	set on the port. (UID-401)
Warning: Design rule attributes from the driving cell will be
	set on the port. (UID-401)
Warning: Design rule attributes from the driving cell will be
	set on the port. (UID-401)
Warning: Design rule attributes from the driving cell will be
	set on the port. (UID-401)
Warning: Design rule attributes from the driving cell will be
	set on the port. (UID-401)
Warning: Design rule attributes from the driving cell will be
	set on the port. (UID-401)
Warning: Design rule attributes from the driving cell will be
	set on the port. (UID-401)
Warning: Design rule attributes from the driving cell will be
	set on the port. (UID-401)
Warning: Design rule attributes from the driving cell will be
	set on the port. (UID-401)
Warning: Design rule attributes from the driving cell will be
	set on the port. (UID-401)
Warning: Design rule attributes from the driving cell will be
	set on the port. (UID-401)
Warning: Design rule attributes from the driving cell will be
	set on the port. (UID-401)
Warning: Design rule attributes from the driving cell will be
	set on the port. (UID-401)
Warning: Design rule attributes from the driving cell will be
	set on the port. (UID-401)
Warning: Design rule attributes from the driving cell will be
	set on the port. (UID-401)
Warning: Design rule attributes from the driving cell will be
	set on the port. (UID-401)
Warning: Design rule attributes from the driving cell will be
	set on the port. (UID-401)
Warning: Design rule attributes from the driving cell will be
	set on the port. (UID-401)
Warning: Design rule attributes from the driving cell will be
	set on the port. (UID-401)
Warning: Design rule attributes from the driving cell will be
	set on the port. (UID-401)
Warning: Design rule attributes from the driving cell will be
	set on the port. (UID-401)
Warning: Design rule attributes from the driving cell will be
	set on the port. (UID-401)
Warning: Design rule attributes from the driving cell will be
	set on the port. (UID-401)
Warning: Design rule attributes from the driving cell will be
	set on the port. (UID-401)
Warning: Design rule attributes from the driving cell will be
	set on the port. (UID-401)
Warning: Design rule attributes from the driving cell will be
	set on the port. (UID-401)
Warning: Design rule attributes from the driving cell will be
	set on the port. (UID-401)
Warning: Design rule attributes from the driving cell will be
	set on the port. (UID-401)
Warning: Design rule attributes from the driving cell will be
	set on the port. (UID-401)
Warning: Design rule attributes from the driving cell will be
	set on the port. (UID-401)
Warning: Design rule attributes from the driving cell will be
	set on the port. (UID-401)
Warning: Design rule attributes from the driving cell will be
	set on the port. (UID-401)
Warning: Design rule attributes from the driving cell will be
	set on the port. (UID-401)
Warning: Design rule attributes from the driving cell will be
	set on the port. (UID-401)
Warning: Design rule attributes from the driving cell will be
	set on the port. (UID-401)
Warning: Design rule attributes from the driving cell will be
	set on the port. (UID-401)
Warning: Design rule attributes from the driving cell will be
	set on the port. (UID-401)
Warning: Design rule attributes from the driving cell will be
	set on the port. (UID-401)
Warning: Design rule attributes from the driving cell will be
	set on the port. (UID-401)
Warning: Design rule attributes from the driving cell will be
	set on the port. (UID-401)
Warning: Design rule attributes from the driving cell will be
	set on the port. (UID-401)
Warning: Design rule attributes from the driving cell will be
	set on the port. (UID-401)
Warning: Design rule attributes from the driving cell will be
	set on the port. (UID-401)
Warning: Design rule attributes from the driving cell will be
	set on the port. (UID-401)
Warning: Design rule attributes from the driving cell will be
	set on the port. (UID-401)
Warning: Design rule attributes from the driving cell will be
	set on the port. (UID-401)
Warning: Design rule attributes from the driving cell will be
	set on the port. (UID-401)
Warning: Design rule attributes from the driving cell will be
	set on the port. (UID-401)
Warning: Design rule attributes from the driving cell will be
	set on the port. (UID-401)
Warning: Design rule attributes from the driving cell will be
	set on the port. (UID-401)
Warning: Design rule attributes from the driving cell will be
	set on the port. (UID-401)
Warning: Design rule attributes from the driving cell will be
	set on the port. (UID-401)
Warning: Design rule attributes from the driving cell will be
	set on the port. (UID-401)
Warning: Design rule attributes from the driving cell will be
	set on the port. (UID-401)
Warning: Design rule attributes from the driving cell will be
	set on the port. (UID-401)
Warning: Design rule attributes from the driving cell will be
	set on the port. (UID-401)
Warning: Design rule attributes from the driving cell will be
	set on the port. (UID-401)
Warning: Design rule attributes from the driving cell will be
	set on the port. (UID-401)
Warning: Design rule attributes from the driving cell will be
	set on the port. (UID-401)
Warning: Design rule attributes from the driving cell will be
	set on the port. (UID-401)
Warning: Design rule attributes from the driving cell will be
	set on the port. (UID-401)
Warning: Design rule attributes from the driving cell will be
	set on the port. (UID-401)
Warning: Design rule attributes from the driving cell will be
	set on the port. (UID-401)
Warning: Design rule attributes from the driving cell will be
	set on the port. (UID-401)
Warning: Design rule attributes from the driving cell will be
	set on the port. (UID-401)
Warning: Design rule attributes from the driving cell will be
	set on the port. (UID-401)
Warning: Design rule attributes from the driving cell will be
	set on the port. (UID-401)
Warning: Design rule attributes from the driving cell will be
	set on the port. (UID-401)
Warning: Design rule attributes from the driving cell will be
	set on the port. (UID-401)
Warning: Design rule attributes from the driving cell will be
	set on the port. (UID-401)
Warning: Design rule attributes from the driving cell will be
	set on the port. (UID-401)
Warning: Design rule attributes from the driving cell will be
	set on the port. (UID-401)
Warning: Design rule attributes from the driving cell will be
	set on the port. (UID-401)
Warning: Design rule attributes from the driving cell will be
	set on the port. (UID-401)
Warning: Design rule attributes from the driving cell will be
	set on the port. (UID-401)
Warning: Design rule attributes from the driving cell will be
	set on the port. (UID-401)
Warning: Design rule attributes from the driving cell will be
	set on the port. (UID-401)
Warning: Design rule attributes from the driving cell will be
	set on the port. (UID-401)
Warning: Design rule attributes from the driving cell will be
	set on the port. (UID-401)
Warning: Design rule attributes from the driving cell will be
	set on the port. (UID-401)
Warning: Design rule attributes from the driving cell will be
	set on the port. (UID-401)
Warning: Design rule attributes from the driving cell will be
	set on the port. (UID-401)
Warning: Design rule attributes from the driving cell will be
	set on the port. (UID-401)
Warning: Design rule attributes from the driving cell will be
	set on the port. (UID-401)
Warning: Design rule attributes from the driving cell will be
	set on the port. (UID-401)
Warning: Design rule attributes from the driving cell will be
	set on the port. (UID-401)
Warning: Design rule attributes from the driving cell will be
	set on the port. (UID-401)
Warning: Design rule attributes from the driving cell will be
	set on the port. (UID-401)
Warning: Design rule attributes from the driving cell will be
	set on the port. (UID-401)
Warning: Design rule attributes from the driving cell will be
	set on the port. (UID-401)
Warning: Design rule attributes from the driving cell will be
	set on the port. (UID-401)
Warning: Design rule attributes from the driving cell will be
	set on the port. (UID-401)
Warning: Design rule attributes from the driving cell will be
	set on the port. (UID-401)
Warning: Design rule attributes from the driving cell will be
	set on the port. (UID-401)
Warning: Design rule attributes from the driving cell will be
	set on the port. (UID-401)
Warning: Design rule attributes from the driving cell will be
	set on the port. (UID-401)
Warning: Design rule attributes from the driving cell will be
	set on the port. (UID-401)
Warning: Design rule attributes from the driving cell will be
	set on the port. (UID-401)
Warning: Design rule attributes from the driving cell will be
	set on the port. (UID-401)
Warning: Design rule attributes from the driving cell will be
	set on the port. (UID-401)
Warning: Design rule attributes from the driving cell will be
	set on the port. (UID-401)
Warning: Design rule attributes from the driving cell will be
	set on the port. (UID-401)
Warning: Design rule attributes from the driving cell will be
	set on the port. (UID-401)
Warning: Design rule attributes from the driving cell will be
	set on the port. (UID-401)
Warning: Design rule attributes from the driving cell will be
	set on the port. (UID-401)
Warning: Design rule attributes from the driving cell will be
	set on the port. (UID-401)
Warning: Design rule attributes from the driving cell will be
	set on the port. (UID-401)
Warning: Design rule attributes from the driving cell will be
	set on the port. (UID-401)
Warning: Design rule attributes from the driving cell will be
	set on the port. (UID-401)
Warning: Design rule attributes from the driving cell will be
	set on the port. (UID-401)
Warning: Design rule attributes from the driving cell will be
	set on the port. (UID-401)
Warning: Design rule attributes from the driving cell will be
	set on the port. (UID-401)
Warning: Design rule attributes from the driving cell will be
	set on the port. (UID-401)
Warning: Design rule attributes from the driving cell will be
	set on the port. (UID-401)
Warning: Design rule attributes from the driving cell will be
	set on the port. (UID-401)
Warning: Design rule attributes from the driving cell will be
	set on the port. (UID-401)
Warning: Design rule attributes from the driving cell will be
	set on the port. (UID-401)
Warning: Design rule attributes from the driving cell will be
	set on the port. (UID-401)
Warning: Design rule attributes from the driving cell will be
	set on the port. (UID-401)
Warning: Design rule attributes from the driving cell will be
	set on the port. (UID-401)
Warning: Design rule attributes from the driving cell will be
	set on the port. (UID-401)
Warning: Design rule attributes from the driving cell will be
	set on the port. (UID-401)
Warning: Design rule attributes from the driving cell will be
	set on the port. (UID-401)
Warning: Design rule attributes from the driving cell will be
	set on the port. (UID-401)
Warning: Design rule attributes from the driving cell will be
	set on the port. (UID-401)
Warning: Design rule attributes from the driving cell will be
	set on the port. (UID-401)
Warning: Design rule attributes from the driving cell will be
	set on the port. (UID-401)
Warning: Design rule attributes from the driving cell will be
	set on the port. (UID-401)
Warning: Design rule attributes from the driving cell will be
	set on the port. (UID-401)
Warning: Design rule attributes from the driving cell will be
	set on the port. (UID-401)
Warning: Design rule attributes from the driving cell will be
	set on the port. (UID-401)
Warning: Design rule attributes from the driving cell will be
	set on the port. (UID-401)
Warning: Design rule attributes from the driving cell will be
	set on the port. (UID-401)
Warning: Design rule attributes from the driving cell will be
	set on the port. (UID-401)
Warning: Design rule attributes from the driving cell will be
	set on the port. (UID-401)
Warning: Design rule attributes from the driving cell will be
	set on the port. (UID-401)
Warning: Design rule attributes from the driving cell will be
	set on the port. (UID-401)
Warning: Design rule attributes from the driving cell will be
	set on the port. (UID-401)
Warning: Design rule attributes from the driving cell will be
	set on the port. (UID-401)
Warning: Design rule attributes from the driving cell will be
	set on the port. (UID-401)
Warning: Design rule attributes from the driving cell will be
	set on the port. (UID-401)
Warning: Design rule attributes from the driving cell will be
	set on the port. (UID-401)
Warning: Design rule attributes from the driving cell will be
	set on the port. (UID-401)
Warning: Design rule attributes from the driving cell will be
	set on the port. (UID-401)
Warning: Design rule attributes from the driving cell will be
	set on the port. (UID-401)
Warning: Design rule attributes from the driving cell will be
	set on the port. (UID-401)
Warning: Design rule attributes from the driving cell will be
	set on the port. (UID-401)
Warning: Design rule attributes from the driving cell will be
	set on the port. (UID-401)
Warning: Design rule attributes from the driving cell will be
	set on the port. (UID-401)
Warning: Design rule attributes from the driving cell will be
	set on the port. (UID-401)
Warning: Design rule attributes from the driving cell will be
	set on the port. (UID-401)
Warning: Design rule attributes from the driving cell will be
	set on the port. (UID-401)
Warning: Design rule attributes from the driving cell will be
	set on the port. (UID-401)
Warning: Design rule attributes from the driving cell will be
	set on the port. (UID-401)
Warning: Design rule attributes from the driving cell will be
	set on the port. (UID-401)
Warning: Design rule attributes from the driving cell will be
	set on the port. (UID-401)
Warning: Design rule attributes from the driving cell will be
	set on the port. (UID-401)
Warning: Design rule attributes from the driving cell will be
	set on the port. (UID-401)
Warning: Design rule attributes from the driving cell will be
	set on the port. (UID-401)
Warning: Design rule attributes from the driving cell will be
	set on the port. (UID-401)
Warning: Design rule attributes from the driving cell will be
	set on the port. (UID-401)
Warning: Design rule attributes from the driving cell will be
	set on the port. (UID-401)
Warning: Design rule attributes from the driving cell will be
	set on the port. (UID-401)
Warning: Design rule attributes from the driving cell will be
	set on the port. (UID-401)
Warning: Design rule attributes from the driving cell will be
	set on the port. (UID-401)
Warning: Design rule attributes from the driving cell will be
	set on the port. (UID-401)
Warning: Design rule attributes from the driving cell will be
	set on the port. (UID-401)
Warning: Design rule attributes from the driving cell will be
	set on the port. (UID-401)
Warning: Design rule attributes from the driving cell will be
	set on the port. (UID-401)
Warning: Design rule attributes from the driving cell will be
	set on the port. (UID-401)
Warning: Design rule attributes from the driving cell will be
	set on the port. (UID-401)
Warning: Design rule attributes from the driving cell will be
	set on the port. (UID-401)
Warning: Design rule attributes from the driving cell will be
	set on the port. (UID-401)
Warning: Design rule attributes from the driving cell will be
	set on the port. (UID-401)
Warning: Design rule attributes from the driving cell will be
	set on the port. (UID-401)
Warning: Design rule attributes from the driving cell will be
	set on the port. (UID-401)
Warning: Design rule attributes from the driving cell will be
	set on the port. (UID-401)
Warning: Design rule attributes from the driving cell will be
	set on the port. (UID-401)
Warning: Design rule attributes from the driving cell will be
	set on the port. (UID-401)
Warning: Design rule attributes from the driving cell will be
	set on the port. (UID-401)
Warning: Design rule attributes from the driving cell will be
	set on the port. (UID-401)
Warning: Design rule attributes from the driving cell will be
	set on the port. (UID-401)
Warning: Design rule attributes from the driving cell will be
	set on the port. (UID-401)
Warning: Design rule attributes from the driving cell will be
	set on the port. (UID-401)
Warning: Design rule attributes from the driving cell will be
	set on the port. (UID-401)
Warning: Design rule attributes from the driving cell will be
	set on the port. (UID-401)
Warning: Design rule attributes from the driving cell will be
	set on the port. (UID-401)
Warning: Design rule attributes from the driving cell will be
	set on the port. (UID-401)
Warning: Design rule attributes from the driving cell will be
	set on the port. (UID-401)
Warning: Design rule attributes from the driving cell will be
	set on the port. (UID-401)
Warning: Design rule attributes from the driving cell will be
	set on the port. (UID-401)
Warning: Design rule attributes from the driving cell will be
	set on the port. (UID-401)
Warning: Design rule attributes from the driving cell will be
	set on the port. (UID-401)
Warning: Design rule attributes from the driving cell will be
	set on the port. (UID-401)
Warning: Design rule attributes from the driving cell will be
	set on the port. (UID-401)
Warning: Design rule attributes from the driving cell will be
	set on the port. (UID-401)
Warning: Design rule attributes from the driving cell will be
	set on the port. (UID-401)
Warning: Design rule attributes from the driving cell will be
	set on the port. (UID-401)
Warning: Design rule attributes from the driving cell will be
	set on the port. (UID-401)
Warning: Design rule attributes from the driving cell will be
	set on the port. (UID-401)
Warning: Design rule attributes from the driving cell will be
	set on the port. (UID-401)
Warning: Design rule attributes from the driving cell will be
	set on the port. (UID-401)
Warning: Design rule attributes from the driving cell will be
	set on the port. (UID-401)
Warning: Design rule attributes from the driving cell will be
	set on the port. (UID-401)
Warning: Design rule attributes from the driving cell will be
	set on the port. (UID-401)
Warning: Design rule attributes from the driving cell will be
	set on the port. (UID-401)
Warning: Design rule attributes from the driving cell will be
	set on the port. (UID-401)
Warning: Design rule attributes from the driving cell will be
	set on the port. (UID-401)
Warning: Design rule attributes from the driving cell will be
	set on the port. (UID-401)
Warning: Design rule attributes from the driving cell will be
	set on the port. (UID-401)
Warning: Design rule attributes from the driving cell will be
	set on the port. (UID-401)
Warning: Design rule attributes from the driving cell will be
	set on the port. (UID-401)
Warning: Design rule attributes from the driving cell will be
	set on the port. (UID-401)
Warning: Design rule attributes from the driving cell will be
	set on the port. (UID-401)
Warning: Design rule attributes from the driving cell will be
	set on the port. (UID-401)
Warning: Design rule attributes from the driving cell will be
	set on the port. (UID-401)
Warning: Design rule attributes from the driving cell will be
	set on the port. (UID-401)
Warning: Design rule attributes from the driving cell will be
	set on the port. (UID-401)
Warning: Design rule attributes from the driving cell will be
	set on the port. (UID-401)
Warning: Design rule attributes from the driving cell will be
	set on the port. (UID-401)
Warning: Design rule attributes from the driving cell will be
	set on the port. (UID-401)
Warning: Design rule attributes from the driving cell will be
	set on the port. (UID-401)
Warning: Design rule attributes from the driving cell will be
	set on the port. (UID-401)
Warning: Design rule attributes from the driving cell will be
	set on the port. (UID-401)
Warning: Design rule attributes from the driving cell will be
	set on the port. (UID-401)
Warning: Design rule attributes from the driving cell will be
	set on the port. (UID-401)
Warning: Design rule attributes from the driving cell will be
	set on the port. (UID-401)
Warning: Design rule attributes from the driving cell will be
	set on the port. (UID-401)
Warning: Design rule attributes from the driving cell will be
	set on the port. (UID-401)
Warning: Design rule attributes from the driving cell will be
	set on the port. (UID-401)
Warning: Design rule attributes from the driving cell will be
	set on the port. (UID-401)
Warning: Design rule attributes from the driving cell will be
	set on the port. (UID-401)
Warning: Design rule attributes from the driving cell will be
	set on the port. (UID-401)
Warning: Design rule attributes from the driving cell will be
	set on the port. (UID-401)
Warning: Design rule attributes from the driving cell will be
	set on the port. (UID-401)
Warning: Design rule attributes from the driving cell will be
	set on the port. (UID-401)
Warning: Design rule attributes from the driving cell will be
	set on the port. (UID-401)
Warning: Design rule attributes from the driving cell will be
	set on the port. (UID-401)
Warning: Design rule attributes from the driving cell will be
	set on the port. (UID-401)
Warning: Design rule attributes from the driving cell will be
	set on the port. (UID-401)
Warning: Design rule attributes from the driving cell will be
	set on the port. (UID-401)
Warning: Design rule attributes from the driving cell will be
	set on the port. (UID-401)
Warning: Design rule attributes from the driving cell will be
	set on the port. (UID-401)
Warning: Design rule attributes from the driving cell will be
	set on the port. (UID-401)
Warning: Design rule attributes from the driving cell will be
	set on the port. (UID-401)
Warning: Design rule attributes from the driving cell will be
	set on the port. (UID-401)
Warning: Design rule attributes from the driving cell will be
	set on the port. (UID-401)
Warning: Design rule attributes from the driving cell will be
	set on the port. (UID-401)
Warning: Design rule attributes from the driving cell will be
	set on the port. (UID-401)
Warning: Design rule attributes from the driving cell will be
	set on the port. (UID-401)
Warning: Design rule attributes from the driving cell will be
	set on the port. (UID-401)
Warning: Design rule attributes from the driving cell will be
	set on the port. (UID-401)
Warning: Design rule attributes from the driving cell will be
	set on the port. (UID-401)
Warning: Design rule attributes from the driving cell will be
	set on the port. (UID-401)
Warning: Design rule attributes from the driving cell will be
	set on the port. (UID-401)
Warning: Design rule attributes from the driving cell will be
	set on the port. (UID-401)
Warning: Design rule attributes from the driving cell will be
	set on the port. (UID-401)
Warning: Design rule attributes from the driving cell will be
	set on the port. (UID-401)
Warning: Design rule attributes from the driving cell will be
	set on the port. (UID-401)
Warning: Design rule attributes from the driving cell will be
	set on the port. (UID-401)
Warning: Design rule attributes from the driving cell will be
	set on the port. (UID-401)
Warning: Design rule attributes from the driving cell will be
	set on the port. (UID-401)
Warning: Design rule attributes from the driving cell will be
	set on the port. (UID-401)
Warning: Design rule attributes from the driving cell will be
	set on the port. (UID-401)
Warning: Design rule attributes from the driving cell will be
	set on the port. (UID-401)
Warning: Design rule attributes from the driving cell will be
	set on the port. (UID-401)
Warning: Design rule attributes from the driving cell will be
	set on the port. (UID-401)
Warning: Design rule attributes from the driving cell will be
	set on the port. (UID-401)
Warning: Design rule attributes from the driving cell will be
	set on the port. (UID-401)
Warning: Design rule attributes from the driving cell will be
	set on the port. (UID-401)
Warning: Design rule attributes from the driving cell will be
	set on the port. (UID-401)
Warning: Design rule attributes from the driving cell will be
	set on the port. (UID-401)
Warning: Design rule attributes from the driving cell will be
	set on the port. (UID-401)
Warning: Design rule attributes from the driving cell will be
	set on the port. (UID-401)
Warning: Design rule attributes from the driving cell will be
	set on the port. (UID-401)
Warning: Design rule attributes from the driving cell will be
	set on the port. (UID-401)
Warning: Design rule attributes from the driving cell will be
	set on the port. (UID-401)
Warning: Design rule attributes from the driving cell will be
	set on the port. (UID-401)
Warning: Design rule attributes from the driving cell will be
	set on the port. (UID-401)
Warning: Design rule attributes from the driving cell will be
	set on the port. (UID-401)
Warning: Design rule attributes from the driving cell will be
	set on the port. (UID-401)
Warning: Design rule attributes from the driving cell will be
	set on the port. (UID-401)
Warning: Design rule attributes from the driving cell will be
	set on the port. (UID-401)
Warning: Design rule attributes from the driving cell will be
	set on the port. (UID-401)
Warning: Design rule attributes from the driving cell will be
	set on the port. (UID-401)
Warning: Design rule attributes from the driving cell will be
	set on the port. (UID-401)
Warning: Design rule attributes from the driving cell will be
	set on the port. (UID-401)
Warning: Design rule attributes from the driving cell will be
	set on the port. (UID-401)
Warning: Design rule attributes from the driving cell will be
	set on the port. (UID-401)
Warning: Design rule attributes from the driving cell will be
	set on the port. (UID-401)
Warning: Design rule attributes from the driving cell will be
	set on the port. (UID-401)
Warning: Design rule attributes from the driving cell will be
	set on the port. (UID-401)
Warning: Design rule attributes from the driving cell will be
	set on the port. (UID-401)
Warning: Design rule attributes from the driving cell will be
	set on the port. (UID-401)
Warning: Design rule attributes from the driving cell will be
	set on the port. (UID-401)
Warning: Design rule attributes from the driving cell will be
	set on the port. (UID-401)
Warning: Design rule attributes from the driving cell will be
	set on the port. (UID-401)
Warning: Design rule attributes from the driving cell will be
	set on the port. (UID-401)
Warning: Design rule attributes from the driving cell will be
	set on the port. (UID-401)
Warning: Design rule attributes from the driving cell will be
	set on the port. (UID-401)
Warning: Design rule attributes from the driving cell will be
	set on the port. (UID-401)
Warning: Design rule attributes from the driving cell will be
	set on the port. (UID-401)
Warning: Design rule attributes from the driving cell will be
	set on the port. (UID-401)
Warning: Design rule attributes from the driving cell will be
	set on the port. (UID-401)
Warning: Design rule attributes from the driving cell will be
	set on the port. (UID-401)
Warning: Design rule attributes from the driving cell will be
	set on the port. (UID-401)
Warning: Design rule attributes from the driving cell will be
	set on the port. (UID-401)
Warning: Design rule attributes from the driving cell will be
	set on the port. (UID-401)
Warning: Design rule attributes from the driving cell will be
	set on the port. (UID-401)
Warning: Design rule attributes from the driving cell will be
	set on the port. (UID-401)
Warning: Design rule attributes from the driving cell will be
	set on the port. (UID-401)
Warning: Design rule attributes from the driving cell will be
	set on the port. (UID-401)
Warning: Design rule attributes from the driving cell will be
	set on the port. (UID-401)
Warning: Design rule attributes from the driving cell will be
	set on the port. (UID-401)
Warning: Design rule attributes from the driving cell will be
	set on the port. (UID-401)
Warning: Design rule attributes from the driving cell will be
	set on the port. (UID-401)
Warning: Design rule attributes from the driving cell will be
	set on the port. (UID-401)
Warning: Design rule attributes from the driving cell will be
	set on the port. (UID-401)
Warning: Design rule attributes from the driving cell will be
	set on the port. (UID-401)
Warning: Design rule attributes from the driving cell will be
	set on the port. (UID-401)
Warning: Design rule attributes from the driving cell will be
	set on the port. (UID-401)
Warning: Design rule attributes from the driving cell will be
	set on the port. (UID-401)
Warning: Design rule attributes from the driving cell will be
	set on the port. (UID-401)
Warning: Design rule attributes from the driving cell will be
	set on the port. (UID-401)
Warning: Design rule attributes from the driving cell will be
	set on the port. (UID-401)
Warning: Design rule attributes from the driving cell will be
	set on the port. (UID-401)
Warning: Design rule attributes from the driving cell will be
	set on the port. (UID-401)
Warning: Design rule attributes from the driving cell will be
	set on the port. (UID-401)
Warning: Design rule attributes from the driving cell will be
	set on the port. (UID-401)
Warning: Design rule attributes from the driving cell will be
	set on the port. (UID-401)
Warning: Design rule attributes from the driving cell will be
	set on the port. (UID-401)
Warning: Design rule attributes from the driving cell will be
	set on the port. (UID-401)
Warning: Design rule attributes from the driving cell will be
	set on the port. (UID-401)
Warning: Design rule attributes from the driving cell will be
	set on the port. (UID-401)
Warning: Design rule attributes from the driving cell will be
	set on the port. (UID-401)
Warning: Design rule attributes from the driving cell will be
	set on the port. (UID-401)
Warning: Design rule attributes from the driving cell will be
	set on the port. (UID-401)
Warning: Design rule attributes from the driving cell will be
	set on the port. (UID-401)
Warning: Design rule attributes from the driving cell will be
	set on the port. (UID-401)
Warning: Design rule attributes from the driving cell will be
	set on the port. (UID-401)
Warning: Design rule attributes from the driving cell will be
	set on the port. (UID-401)
Warning: Design rule attributes from the driving cell will be
	set on the port. (UID-401)
Warning: Design rule attributes from the driving cell will be
	set on the port. (UID-401)
Warning: Design rule attributes from the driving cell will be
	set on the port. (UID-401)
Warning: Design rule attributes from the driving cell will be
	set on the port. (UID-401)
Warning: Design rule attributes from the driving cell will be
	set on the port. (UID-401)
Warning: Design rule attributes from the driving cell will be
	set on the port. (UID-401)
Warning: Design rule attributes from the driving cell will be
	set on the port. (UID-401)
Warning: Design rule attributes from the driving cell will be
	set on the port. (UID-401)
Warning: Design rule attributes from the driving cell will be
	set on the port. (UID-401)
Warning: Design rule attributes from the driving cell will be
	set on the port. (UID-401)
Warning: Design rule attributes from the driving cell will be
	set on the port. (UID-401)
Warning: Design rule attributes from the driving cell will be
	set on the port. (UID-401)
Warning: Design rule attributes from the driving cell will be
	set on the port. (UID-401)
Warning: Design rule attributes from the driving cell will be
	set on the port. (UID-401)
Warning: Design rule attributes from the driving cell will be
	set on the port. (UID-401)
Warning: Design rule attributes from the driving cell will be
	set on the port. (UID-401)
Warning: Design rule attributes from the driving cell will be
	set on the port. (UID-401)
Warning: Design rule attributes from the driving cell will be
	set on the port. (UID-401)
Warning: Design rule attributes from the driving cell will be
	set on the port. (UID-401)
Warning: Design rule attributes from the driving cell will be
	set on the port. (UID-401)
Warning: Design rule attributes from the driving cell will be
	set on the port. (UID-401)
Warning: Design rule attributes from the driving cell will be
	set on the port. (UID-401)
Warning: Design rule attributes from the driving cell will be
	set on the port. (UID-401)
Warning: Design rule attributes from the driving cell will be
	set on the port. (UID-401)
Warning: Design rule attributes from the driving cell will be
	set on the port. (UID-401)
Warning: Design rule attributes from the driving cell will be
	set on the port. (UID-401)
Warning: Design rule attributes from the driving cell will be
	set on the port. (UID-401)
1
set_load 0.005 [all_outputs]
1
set_false_path -from [get_ports rst_n]
1
if {$fix_hold} {
    set_fix_hold [get_clocks clk]
}
1
compile -map_effort low -area_effort low
Warning: The compile -map_effort low is obsolete. Setting this variable now defaults to compile -map_effort medium. Please update your script accordingly. (OPT-1303)
Information: Evaluating DesignWare library utilization. (UISN-27)

============================================================================
| DesignWare Building Block Library  |         Version         | Available |
============================================================================
| Basic DW Building Blocks           | P-2019.03-DWBB_201903.4 |     *     |
| Licensed DW Building Blocks        |                         |           |
============================================================================


Information: There are 40 potential problems in your design. Please run 'check_design' for more information. (LINT-99)



  Beginning Pass 1 Mapping
  ------------------------
  Processing 'fp16_add_0'
  Processing 'fp16_mult_0'
  Processing 'dbuf_16x256'
  Processing 'gemv_unit'
Warning: Target library does not contain any 2-1 multiplexor. (OPT-853)

  Updating timing information
Information: Updating design information... (UID-85)

  Beginning Implementation Selection
  ----------------------------------
  Processing 'gemv_unit_DW01_inc_0'
  Processing 'gemv_unit_DW01_cmp6_0'
  Processing 'gemv_unit_DW01_dec_0'
  Processing 'gemv_unit_DW01_cmp6_1'
  Processing 'fp16_add_1_DW01_inc_0_DW01_inc_1'
  Processing 'fp16_add_1_DW01_add_0'
  Processing 'fp16_add_1_DW01_sub_0'
  Processing 'fp16_add_1_DW01_cmp2_0'
  Processing 'fp16_add_1_DW01_ash_0'
  Processing 'fp16_add_1_DW01_inc_1_DW01_inc_2'
  Processing 'fp16_add_1_DW01_sub_1'
  Processing 'fp16_add_1_DW01_add_1'
  Allocating blocks in 'DW01_ash_A_width14_SH_width32'
  Processing 'fp16_add_1_DW01_ash_1'
  Processing 'fp16_add_1_DW01_sub_2'
  Processing 'fp16_add_1_DW_rash_0'
  Processing 'fp16_add_1_DW01_cmp2_1'
  Processing 'fp16_add_1_DW01_sub_3'
  Processing 'fp16_add_1_DW01_cmp2_2'
  Processing 'fp16_add_2_DW01_inc_0_DW01_inc_3'
  Processing 'fp16_add_2_DW01_add_0_DW01_add_2'
  Processing 'fp16_add_2_DW01_sub_0_DW01_sub_4'
  Processing 'fp16_add_2_DW01_cmp2_0_DW01_cmp2_3'
  Processing 'fp16_add_2_DW01_ash_0_DW01_ash_2'
  Processing 'fp16_add_2_DW01_inc_1_DW01_inc_4'
  Processing 'fp16_add_2_DW01_sub_1_DW01_sub_5'
  Processing 'fp16_add_2_DW01_add_1_DW01_add_3'
  Processing 'fp16_add_2_DW01_ash_1_DW01_ash_3'
  Processing 'fp16_add_2_DW01_sub_2_DW01_sub_6'
  Processing 'fp16_add_2_DW_rash_0_DW_rash_1'
  Processing 'fp16_add_2_DW01_cmp2_1_DW01_cmp2_4'
  Processing 'fp16_add_2_DW01_sub_3_DW01_sub_7'
  Processing 'fp16_add_2_DW01_cmp2_2_DW01_cmp2_5'
  Processing 'fp16_add_3_DW01_inc_0_DW01_inc_5'
  Processing 'fp16_add_3_DW01_add_0_DW01_add_4'
  Processing 'fp16_add_3_DW01_sub_0_DW01_sub_8'
  Processing 'fp16_add_3_DW01_cmp2_0_DW01_cmp2_6'
  Processing 'fp16_add_3_DW01_ash_0_DW01_ash_4'
  Processing 'fp16_add_3_DW01_inc_1_DW01_inc_6'
  Processing 'fp16_add_3_DW01_sub_1_DW01_sub_9'
  Processing 'fp16_add_3_DW01_add_1_DW01_add_5'
  Processing 'fp16_add_3_DW01_ash_1_DW01_ash_5'
  Processing 'fp16_add_3_DW01_sub_2_DW01_sub_10'
  Processing 'fp16_add_3_DW_rash_0_DW_rash_2'
  Processing 'fp16_add_3_DW01_cmp2_1_DW01_cmp2_7'
  Processing 'fp16_add_3_DW01_sub_3_DW01_sub_11'
  Processing 'fp16_add_3_DW01_cmp2_2_DW01_cmp2_8'
  Processing 'fp16_add_4_DW01_inc_0_DW01_inc_7'
  Processing 'fp16_add_4_DW01_add_0_DW01_add_6'
  Processing 'fp16_add_4_DW01_sub_0_DW01_sub_12'
  Processing 'fp16_add_4_DW01_cmp2_0_DW01_cmp2_9'
  Processing 'fp16_add_4_DW01_ash_0_DW01_ash_6'
  Processing 'fp16_add_4_DW01_inc_1_DW01_inc_8'
  Processing 'fp16_add_4_DW01_sub_1_DW01_sub_13'
  Processing 'fp16_add_4_DW01_add_1_DW01_add_7'
  Processing 'fp16_add_4_DW01_ash_1_DW01_ash_7'
  Processing 'fp16_add_4_DW01_sub_2_DW01_sub_14'
  Processing 'fp16_add_4_DW_rash_0_DW_rash_3'
  Processing 'fp16_add_4_DW01_cmp2_1_DW01_cmp2_10'
  Processing 'fp16_add_4_DW01_sub_3_DW01_sub_15'
  Processing 'fp16_add_4_DW01_cmp2_2_DW01_cmp2_11'
  Processing 'fp16_add_5_DW01_inc_0_DW01_inc_9'
  Processing 'fp16_add_5_DW01_add_0_DW01_add_8'
  Processing 'fp16_add_5_DW01_sub_0_DW01_sub_16'
  Processing 'fp16_add_5_DW01_cmp2_0_DW01_cmp2_12'
  Processing 'fp16_add_5_DW01_ash_0_DW01_ash_8'
  Processing 'fp16_add_5_DW01_inc_1_DW01_inc_10'
  Processing 'fp16_add_5_DW01_sub_1_DW01_sub_17'
  Processing 'fp16_add_5_DW01_add_1_DW01_add_9'
  Processing 'fp16_add_5_DW01_ash_1_DW01_ash_9'
  Processing 'fp16_add_5_DW01_sub_2_DW01_sub_18'
  Processing 'fp16_add_5_DW_rash_0_DW_rash_4'
  Processing 'fp16_add_5_DW01_cmp2_1_DW01_cmp2_13'
  Processing 'fp16_add_5_DW01_sub_3_DW01_sub_19'
  Processing 'fp16_add_5_DW01_cmp2_2_DW01_cmp2_14'
  Processing 'fp16_add_6_DW01_inc_0_DW01_inc_11'
  Processing 'fp16_add_6_DW01_add_0_DW01_add_10'
  Processing 'fp16_add_6_DW01_sub_0_DW01_sub_20'
  Processing 'fp16_add_6_DW01_cmp2_0_DW01_cmp2_15'
  Processing 'fp16_add_6_DW01_ash_0_DW01_ash_10'
  Processing 'fp16_add_6_DW01_inc_1_DW01_inc_12'
  Processing 'fp16_add_6_DW01_sub_1_DW01_sub_21'
  Processing 'fp16_add_6_DW01_add_1_DW01_add_11'
  Processing 'fp16_add_6_DW01_ash_1_DW01_ash_11'
  Processing 'fp16_add_6_DW01_sub_2_DW01_sub_22'
  Processing 'fp16_add_6_DW_rash_0_DW_rash_5'
  Processing 'fp16_add_6_DW01_cmp2_1_DW01_cmp2_16'
  Processing 'fp16_add_6_DW01_sub_3_DW01_sub_23'
  Processing 'fp16_add_6_DW01_cmp2_2_DW01_cmp2_17'
  Processing 'fp16_add_7_DW01_inc_0_DW01_inc_13'
  Processing 'fp16_add_7_DW01_add_0_DW01_add_12'
  Processing 'fp16_add_7_DW01_sub_0_DW01_sub_24'
  Processing 'fp16_add_7_DW01_cmp2_0_DW01_cmp2_18'
  Processing 'fp16_add_7_DW01_ash_0_DW01_ash_12'
  Processing 'fp16_add_7_DW01_inc_1_DW01_inc_14'
  Processing 'fp16_add_7_DW01_sub_1_DW01_sub_25'
  Processing 'fp16_add_7_DW01_add_1_DW01_add_13'
  Processing 'fp16_add_7_DW01_ash_1_DW01_ash_13'
  Processing 'fp16_add_7_DW01_sub_2_DW01_sub_26'
  Processing 'fp16_add_7_DW_rash_0_DW_rash_6'
  Processing 'fp16_add_7_DW01_cmp2_1_DW01_cmp2_19'
  Processing 'fp16_add_7_DW01_sub_3_DW01_sub_27'
  Processing 'fp16_add_7_DW01_cmp2_2_DW01_cmp2_20'
  Processing 'fp16_add_8_DW01_inc_0_DW01_inc_15'
  Processing 'fp16_add_8_DW01_add_0_DW01_add_14'
  Processing 'fp16_add_8_DW01_sub_0_DW01_sub_28'
  Processing 'fp16_add_8_DW01_cmp2_0_DW01_cmp2_21'
  Processing 'fp16_add_8_DW01_ash_0_DW01_ash_14'
  Processing 'fp16_add_8_DW01_inc_1_DW01_inc_16'
  Processing 'fp16_add_8_DW01_sub_1_DW01_sub_29'
  Processing 'fp16_add_8_DW01_add_1_DW01_add_15'
  Processing 'fp16_add_8_DW01_ash_1_DW01_ash_15'
  Processing 'fp16_add_8_DW01_sub_2_DW01_sub_30'
  Processing 'fp16_add_8_DW_rash_0_DW_rash_7'
  Processing 'fp16_add_8_DW01_cmp2_1_DW01_cmp2_22'
  Processing 'fp16_add_8_DW01_sub_3_DW01_sub_31'
  Processing 'fp16_add_8_DW01_cmp2_2_DW01_cmp2_23'
  Processing 'fp16_add_9_DW01_inc_0_DW01_inc_17'
  Processing 'fp16_add_9_DW01_add_0_DW01_add_16'
  Processing 'fp16_add_9_DW01_sub_0_DW01_sub_32'
  Processing 'fp16_add_9_DW01_cmp2_0_DW01_cmp2_24'
  Processing 'fp16_add_9_DW01_ash_0_DW01_ash_16'
  Processing 'fp16_add_9_DW01_inc_1_DW01_inc_18'
  Processing 'fp16_add_9_DW01_sub_1_DW01_sub_33'
  Processing 'fp16_add_9_DW01_add_1_DW01_add_17'
  Processing 'fp16_add_9_DW01_ash_1_DW01_ash_17'
  Processing 'fp16_add_9_DW01_sub_2_DW01_sub_34'
  Processing 'fp16_add_9_DW_rash_0_DW_rash_8'
  Processing 'fp16_add_9_DW01_cmp2_1_DW01_cmp2_25'
  Processing 'fp16_add_9_DW01_sub_3_DW01_sub_35'
  Processing 'fp16_add_9_DW01_cmp2_2_DW01_cmp2_26'
  Processing 'fp16_add_10_DW01_inc_0_DW01_inc_19'
  Processing 'fp16_add_10_DW01_add_0_DW01_add_18'
  Processing 'fp16_add_10_DW01_sub_0_DW01_sub_36'
  Processing 'fp16_add_10_DW01_cmp2_0_DW01_cmp2_27'
  Processing 'fp16_add_10_DW01_ash_0_DW01_ash_18'
  Processing 'fp16_add_10_DW01_inc_1_DW01_inc_20'
  Processing 'fp16_add_10_DW01_sub_1_DW01_sub_37'
  Processing 'fp16_add_10_DW01_add_1_DW01_add_19'
  Processing 'fp16_add_10_DW01_ash_1_DW01_ash_19'
  Processing 'fp16_add_10_DW01_sub_2_DW01_sub_38'
  Processing 'fp16_add_10_DW_rash_0_DW_rash_9'
  Processing 'fp16_add_10_DW01_cmp2_1_DW01_cmp2_28'
  Processing 'fp16_add_10_DW01_sub_3_DW01_sub_39'
  Processing 'fp16_add_10_DW01_cmp2_2_DW01_cmp2_29'
  Processing 'fp16_add_11_DW01_inc_0_DW01_inc_21'
  Processing 'fp16_add_11_DW01_add_0_DW01_add_20'
  Processing 'fp16_add_11_DW01_sub_0_DW01_sub_40'
  Processing 'fp16_add_11_DW01_cmp2_0_DW01_cmp2_30'
  Processing 'fp16_add_11_DW01_ash_0_DW01_ash_20'
  Processing 'fp16_add_11_DW01_inc_1_DW01_inc_22'
  Processing 'fp16_add_11_DW01_sub_1_DW01_sub_41'
  Processing 'fp16_add_11_DW01_add_1_DW01_add_21'
  Processing 'fp16_add_11_DW01_ash_1_DW01_ash_21'
  Processing 'fp16_add_11_DW01_sub_2_DW01_sub_42'
  Processing 'fp16_add_11_DW_rash_0_DW_rash_10'
  Processing 'fp16_add_11_DW01_cmp2_1_DW01_cmp2_31'
  Processing 'fp16_add_11_DW01_sub_3_DW01_sub_43'
  Processing 'fp16_add_11_DW01_cmp2_2_DW01_cmp2_32'
  Processing 'fp16_add_12_DW01_inc_0_DW01_inc_23'
  Processing 'fp16_add_12_DW01_add_0_DW01_add_22'
  Processing 'fp16_add_12_DW01_sub_0_DW01_sub_44'
  Processing 'fp16_add_12_DW01_cmp2_0_DW01_cmp2_33'
  Processing 'fp16_add_12_DW01_ash_0_DW01_ash_22'
  Processing 'fp16_add_12_DW01_inc_1_DW01_inc_24'
  Processing 'fp16_add_12_DW01_sub_1_DW01_sub_45'
  Processing 'fp16_add_12_DW01_add_1_DW01_add_23'
  Processing 'fp16_add_12_DW01_ash_1_DW01_ash_23'
  Processing 'fp16_add_12_DW01_sub_2_DW01_sub_46'
  Processing 'fp16_add_12_DW_rash_0_DW_rash_11'
  Processing 'fp16_add_12_DW01_cmp2_1_DW01_cmp2_34'
  Processing 'fp16_add_12_DW01_sub_3_DW01_sub_47'
  Processing 'fp16_add_12_DW01_cmp2_2_DW01_cmp2_35'
  Processing 'fp16_add_13_DW01_inc_0_DW01_inc_25'
  Processing 'fp16_add_13_DW01_add_0_DW01_add_24'
  Processing 'fp16_add_13_DW01_sub_0_DW01_sub_48'
  Processing 'fp16_add_13_DW01_cmp2_0_DW01_cmp2_36'
  Processing 'fp16_add_13_DW01_ash_0_DW01_ash_24'
  Processing 'fp16_add_13_DW01_inc_1_DW01_inc_26'
  Processing 'fp16_add_13_DW01_sub_1_DW01_sub_49'
  Processing 'fp16_add_13_DW01_add_1_DW01_add_25'
  Processing 'fp16_add_13_DW01_ash_1_DW01_ash_25'
  Processing 'fp16_add_13_DW01_sub_2_DW01_sub_50'
  Processing 'fp16_add_13_DW_rash_0_DW_rash_12'
  Processing 'fp16_add_13_DW01_cmp2_1_DW01_cmp2_37'
  Processing 'fp16_add_13_DW01_sub_3_DW01_sub_51'
  Processing 'fp16_add_13_DW01_cmp2_2_DW01_cmp2_38'
  Processing 'fp16_add_14_DW01_inc_0_DW01_inc_27'
  Processing 'fp16_add_14_DW01_add_0_DW01_add_26'
  Processing 'fp16_add_14_DW01_sub_0_DW01_sub_52'
  Processing 'fp16_add_14_DW01_cmp2_0_DW01_cmp2_39'
  Processing 'fp16_add_14_DW01_ash_0_DW01_ash_26'
  Processing 'fp16_add_14_DW01_inc_1_DW01_inc_28'
  Processing 'fp16_add_14_DW01_sub_1_DW01_sub_53'
  Processing 'fp16_add_14_DW01_add_1_DW01_add_27'
  Processing 'fp16_add_14_DW01_ash_1_DW01_ash_27'
  Processing 'fp16_add_14_DW01_sub_2_DW01_sub_54'
  Processing 'fp16_add_14_DW_rash_0_DW_rash_13'
  Processing 'fp16_add_14_DW01_cmp2_1_DW01_cmp2_40'
  Processing 'fp16_add_14_DW01_sub_3_DW01_sub_55'
  Processing 'fp16_add_14_DW01_cmp2_2_DW01_cmp2_41'
  Processing 'fp16_add_15_DW01_inc_0_DW01_inc_29'
  Processing 'fp16_add_15_DW01_add_0_DW01_add_28'
  Processing 'fp16_add_15_DW01_sub_0_DW01_sub_56'
  Processing 'fp16_add_15_DW01_cmp2_0_DW01_cmp2_42'
  Processing 'fp16_add_15_DW01_ash_0_DW01_ash_28'
  Processing 'fp16_add_15_DW01_inc_1_DW01_inc_30'
  Processing 'fp16_add_15_DW01_sub_1_DW01_sub_57'
  Processing 'fp16_add_15_DW01_add_1_DW01_add_29'
  Processing 'fp16_add_15_DW01_ash_1_DW01_ash_29'
  Processing 'fp16_add_15_DW01_sub_2_DW01_sub_58'
  Processing 'fp16_add_15_DW_rash_0_DW_rash_14'
  Processing 'fp16_add_15_DW01_cmp2_1_DW01_cmp2_43'
  Processing 'fp16_add_15_DW01_sub_3_DW01_sub_59'
  Processing 'fp16_add_15_DW01_cmp2_2_DW01_cmp2_44'
  Processing 'fp16_add_0_DW01_inc_0_DW01_inc_31'
  Processing 'fp16_add_0_DW01_add_0_DW01_add_30'
  Processing 'fp16_add_0_DW01_sub_0_DW01_sub_60'
  Processing 'fp16_add_0_DW01_cmp2_0_DW01_cmp2_45'
  Processing 'fp16_add_0_DW01_ash_0_DW01_ash_30'
  Processing 'fp16_add_0_DW01_inc_1_DW01_inc_32'
  Processing 'fp16_add_0_DW01_sub_1_DW01_sub_61'
  Processing 'fp16_add_0_DW01_add_1_DW01_add_31'
  Processing 'fp16_add_0_DW01_ash_1_DW01_ash_31'
  Processing 'fp16_add_0_DW01_sub_2_DW01_sub_62'
  Processing 'fp16_add_0_DW_rash_0_DW_rash_15'
  Processing 'fp16_add_0_DW01_cmp2_1_DW01_cmp2_46'
  Processing 'fp16_add_0_DW01_sub_3_DW01_sub_63'
  Processing 'fp16_add_0_DW01_cmp2_2_DW01_cmp2_47'
  Processing 'fp16_mult_1_DW01_cmp2_0_DW01_cmp2_48'
  Processing 'fp16_mult_1_DW01_cmp2_1_DW01_cmp2_49'
  Processing 'fp16_mult_1_DW01_inc_0_DW01_inc_33'
  Processing 'fp16_mult_1_DW01_add_0_DW01_add_32'
  Processing 'fp16_mult_2_DW01_cmp2_0_DW01_cmp2_50'
  Processing 'fp16_mult_2_DW01_cmp2_1_DW01_cmp2_51'
  Processing 'fp16_mult_2_DW01_inc_0_DW01_inc_34'
  Processing 'fp16_mult_2_DW01_add_0_DW01_add_33'
  Processing 'fp16_mult_3_DW01_cmp2_0_DW01_cmp2_52'
  Processing 'fp16_mult_3_DW01_cmp2_1_DW01_cmp2_53'
  Processing 'fp16_mult_3_DW01_inc_0_DW01_inc_35'
  Processing 'fp16_mult_3_DW01_add_0_DW01_add_34'
  Processing 'fp16_mult_4_DW01_cmp2_0_DW01_cmp2_54'
  Processing 'fp16_mult_4_DW01_cmp2_1_DW01_cmp2_55'
  Processing 'fp16_mult_4_DW01_inc_0_DW01_inc_36'
  Processing 'fp16_mult_4_DW01_add_0_DW01_add_35'
  Processing 'fp16_mult_5_DW01_cmp2_0_DW01_cmp2_56'
  Processing 'fp16_mult_5_DW01_cmp2_1_DW01_cmp2_57'
  Processing 'fp16_mult_5_DW01_inc_0_DW01_inc_37'
  Processing 'fp16_mult_5_DW01_add_0_DW01_add_36'
  Processing 'fp16_mult_6_DW01_cmp2_0_DW01_cmp2_58'
  Processing 'fp16_mult_6_DW01_cmp2_1_DW01_cmp2_59'
  Processing 'fp16_mult_6_DW01_inc_0_DW01_inc_38'
  Processing 'fp16_mult_6_DW01_add_0_DW01_add_37'
  Processing 'fp16_mult_7_DW01_cmp2_0_DW01_cmp2_60'
  Processing 'fp16_mult_7_DW01_cmp2_1_DW01_cmp2_61'
  Processing 'fp16_mult_7_DW01_inc_0_DW01_inc_39'
  Processing 'fp16_mult_7_DW01_add_0_DW01_add_38'
  Processing 'fp16_mult_8_DW01_cmp2_0_DW01_cmp2_62'
  Processing 'fp16_mult_8_DW01_cmp2_1_DW01_cmp2_63'
  Processing 'fp16_mult_8_DW01_inc_0_DW01_inc_40'
  Processing 'fp16_mult_8_DW01_add_0_DW01_add_39'
  Processing 'fp16_mult_9_DW01_cmp2_0_DW01_cmp2_64'
  Processing 'fp16_mult_9_DW01_cmp2_1_DW01_cmp2_65'
  Processing 'fp16_mult_9_DW01_inc_0_DW01_inc_41'
  Processing 'fp16_mult_9_DW01_add_0_DW01_add_40'
  Processing 'fp16_mult_10_DW01_cmp2_0_DW01_cmp2_66'
  Processing 'fp16_mult_10_DW01_cmp2_1_DW01_cmp2_67'
  Processing 'fp16_mult_10_DW01_inc_0_DW01_inc_42'
  Processing 'fp16_mult_10_DW01_add_0_DW01_add_41'
  Processing 'fp16_mult_11_DW01_cmp2_0_DW01_cmp2_68'
  Processing 'fp16_mult_11_DW01_cmp2_1_DW01_cmp2_69'
  Processing 'fp16_mult_11_DW01_inc_0_DW01_inc_43'
  Processing 'fp16_mult_11_DW01_add_0_DW01_add_42'
  Processing 'fp16_mult_12_DW01_cmp2_0_DW01_cmp2_70'
  Processing 'fp16_mult_12_DW01_cmp2_1_DW01_cmp2_71'
  Processing 'fp16_mult_12_DW01_inc_0_DW01_inc_44'
  Processing 'fp16_mult_12_DW01_add_0_DW01_add_43'
  Processing 'fp16_mult_13_DW01_cmp2_0_DW01_cmp2_72'
  Processing 'fp16_mult_13_DW01_cmp2_1_DW01_cmp2_73'
  Processing 'fp16_mult_13_DW01_inc_0_DW01_inc_45'
  Processing 'fp16_mult_13_DW01_add_0_DW01_add_44'
  Processing 'fp16_mult_14_DW01_cmp2_0_DW01_cmp2_74'
  Processing 'fp16_mult_14_DW01_cmp2_1_DW01_cmp2_75'
  Processing 'fp16_mult_14_DW01_inc_0_DW01_inc_46'
  Processing 'fp16_mult_14_DW01_add_0_DW01_add_45'
  Processing 'fp16_mult_15_DW01_cmp2_0_DW01_cmp2_76'
  Processing 'fp16_mult_15_DW01_cmp2_1_DW01_cmp2_77'
  Processing 'fp16_mult_15_DW01_inc_0_DW01_inc_47'
  Processing 'fp16_mult_15_DW01_add_0_DW01_add_46'
  Processing 'fp16_mult_0_DW01_cmp2_0_DW01_cmp2_78'
  Processing 'fp16_mult_0_DW01_cmp2_1_DW01_cmp2_79'
  Processing 'fp16_mult_0_DW01_inc_0_DW01_inc_48'
  Processing 'fp16_mult_0_DW01_add_0_DW01_add_47'
  Allocating blocks in 'DW02_mult_A_width11_B_width11'
  Building model 'DW01_MUX'
Information: Converting time units for library 'srambank_64x4x16_6t122' since those in library 'asap7sc7p5t_AO_RVT_TT_nldm_211120' differ. (TIM-105)
Information: Converting capacitance units for library 'srambank_64x4x16_6t122' since those in library 'asap7sc7p5t_AO_RVT_TT_nldm_211120' differ. (TIM-106)
Warning: The trip points for the library named srambank_64x4x16_6t122 differ from those in the library named asap7sc7p5t_AO_RVT_TT_nldm_211120. (TIM-164)
  Processing 'DW01_MUX'
  Building model 'DW01_mmux_width2'
  Processing 'DW01_mmux_width2'
  Building model 'DW01_mmux_width3'
  Processing 'DW01_mmux_width3'
  Building model 'DW01_mmux_width4'
  Processing 'DW01_mmux_width4'
  Building model 'DW01_mmux_width5'
  Processing 'DW01_mmux_width5'
  Building model 'DW01_add_width20' (cla)
  Processing 'DW01_add_width20'
  Building model 'DW02_mult_A_width11_B_width11' (csa)
  Processing 'DW02_mult_A_width11_B_width11'
  Building model 'DW01_add_width7' (rpl)
  Processing 'DW01_add_width7'
  Building model 'DW01_add_width7' (cla)
  Processing 'DW01_add_width7'
  Building model 'DW01_sub_width8' (rpl)
  Processing 'DW01_sub_width8'
  Building model 'DW01_sub_width8' (cla)
  Processing 'DW01_sub_width8'
  Processing 'fp16_mult_0_DW02_mult_0'
  Processing 'fp16_mult_0_DW01_add_1_DW01_add_48'
  Processing 'fp16_mult_6_DW02_mult_0_DW02_mult_1'
  Processing 'fp16_mult_6_DW01_add_1_DW01_add_49'
  Processing 'fp16_mult_5_DW02_mult_0_DW02_mult_2'
  Processing 'fp16_mult_5_DW01_add_1_DW01_add_50'
  Processing 'fp16_mult_4_DW02_mult_0_DW02_mult_3'
  Processing 'fp16_mult_4_DW01_add_1_DW01_add_51'
  Processing 'fp16_mult_3_DW02_mult_0_DW02_mult_4'
  Processing 'fp16_mult_3_DW01_add_1_DW01_add_52'
  Processing 'fp16_mult_2_DW02_mult_0_DW02_mult_5'
  Processing 'fp16_mult_2_DW01_add_1_DW01_add_53'
  Processing 'fp16_mult_1_DW02_mult_0_DW02_mult_6'
  Processing 'fp16_mult_1_DW01_add_1_DW01_add_54'
  Processing 'fp16_mult_15_DW02_mult_0_DW02_mult_7'
  Processing 'fp16_mult_15_DW01_add_1_DW01_add_55'
  Processing 'fp16_mult_14_DW02_mult_0_DW02_mult_8'
  Processing 'fp16_mult_14_DW01_add_1_DW01_add_56'
  Processing 'fp16_mult_13_DW02_mult_0_DW02_mult_9'
  Processing 'fp16_mult_13_DW01_add_1_DW01_add_57'
  Processing 'fp16_mult_12_DW02_mult_0_DW02_mult_10'
  Processing 'fp16_mult_12_DW01_add_1_DW01_add_58'
  Processing 'fp16_mult_11_DW02_mult_0_DW02_mult_11'
  Processing 'fp16_mult_11_DW01_add_1_DW01_add_59'
  Processing 'fp16_mult_10_DW02_mult_0_DW02_mult_12'
  Processing 'fp16_mult_10_DW01_add_1_DW01_add_60'
  Processing 'fp16_mult_9_DW02_mult_0_DW02_mult_13'
  Processing 'fp16_mult_9_DW01_add_1_DW01_add_61'
  Processing 'fp16_mult_8_DW02_mult_0_DW02_mult_14'
  Processing 'fp16_mult_8_DW01_add_1_DW01_add_62'
  Processing 'fp16_mult_7_DW02_mult_0_DW02_mult_15'
  Processing 'fp16_mult_7_DW01_add_1_DW01_add_63'
  Processing 'fp16_mult_0_DW01_sub_0_DW01_sub_64'
  Processing 'fp16_mult_0_DW01_add_2_DW01_add_64'
  Processing 'fp16_mult_6_DW01_sub_0_DW01_sub_65'
  Processing 'fp16_mult_6_DW01_add_2_DW01_add_65'
  Processing 'fp16_mult_5_DW01_sub_0_DW01_sub_66'
  Processing 'fp16_mult_5_DW01_add_2_DW01_add_66'
  Processing 'fp16_mult_4_DW01_sub_0_DW01_sub_67'
  Processing 'fp16_mult_4_DW01_add_2_DW01_add_67'
  Processing 'fp16_mult_3_DW01_sub_0_DW01_sub_68'
  Processing 'fp16_mult_3_DW01_add_2_DW01_add_68'
  Processing 'fp16_mult_2_DW01_sub_0_DW01_sub_69'
  Processing 'fp16_mult_2_DW01_add_2_DW01_add_69'
  Processing 'fp16_mult_1_DW01_sub_0_DW01_sub_70'
  Processing 'fp16_mult_1_DW01_add_2_DW01_add_70'
  Processing 'fp16_mult_15_DW01_sub_0_DW01_sub_71'
  Processing 'fp16_mult_15_DW01_add_2_DW01_add_71'
  Processing 'fp16_mult_14_DW01_sub_0_DW01_sub_72'
  Processing 'fp16_mult_14_DW01_add_2_DW01_add_72'
  Processing 'fp16_mult_13_DW01_sub_0_DW01_sub_73'
  Processing 'fp16_mult_13_DW01_add_2_DW01_add_73'
  Processing 'fp16_mult_12_DW01_sub_0_DW01_sub_74'
  Processing 'fp16_mult_12_DW01_add_2_DW01_add_74'
  Processing 'fp16_mult_11_DW01_sub_0_DW01_sub_75'
  Processing 'fp16_mult_11_DW01_add_2_DW01_add_75'
  Processing 'fp16_mult_10_DW01_sub_0_DW01_sub_76'
  Processing 'fp16_mult_10_DW01_add_2_DW01_add_76'
  Processing 'fp16_mult_9_DW01_sub_0_DW01_sub_77'
  Processing 'fp16_mult_9_DW01_add_2_DW01_add_77'
  Processing 'fp16_mult_8_DW01_sub_0_DW01_sub_78'
  Processing 'fp16_mult_8_DW01_add_2_DW01_add_78'
  Processing 'fp16_mult_7_DW01_sub_0_DW01_sub_79'
  Processing 'fp16_mult_7_DW01_add_2_DW01_add_79'

  Beginning Mapping Optimizations  (Medium effort)
  -------------------------------
LNC WARNING: Found output_to_output lib arc on HAxp5_ASAP7_75t_R.
Warning: Cache element /home/xinyao-w23/synopsys_cache_P-2019.03-SP5-6/DW01/DW01_sub/rpl/15/asap7sc7p5t_AO_RVT_TT_nldm_211120_8506_8167_504/element.ddc could not be written.  (SYNOPT-1)
Warning: Cache element /home/xinyao-w23/synopsys_cache_P-2019.03-SP5-6/DW01/DW01_sub/cla/15/asap7sc7p5t_AO_RVT_TT_nldm_211120_8506/element.ddc could not be written.  (SYNOPT-1)
Warning: Cache element /home/xinyao-w23/synopsys_cache_P-2019.03-SP5-6/DW01/DW01_sub/cla/15/asap7sc7p5t_AO_RVT_TT_nldm_211120_8506_8167_504/element.ddc could not be written.  (SYNOPT-1)
Warning: Cache element /home/xinyao-w23/synopsys_cache_P-2019.03-SP5-6/DW01/DW01_sub/rpl/15/asap7sc7p5t_AO_RVT_TT_nldm_211120_8506_8167_504/element.ddc could not be written.  (SYNOPT-1)
Warning: Cache element /home/xinyao-w23/synopsys_cache_P-2019.03-SP5-6/DW01/DW01_sub/cla/15/asap7sc7p5t_AO_RVT_TT_nldm_211120_8506/element.ddc could not be written.  (SYNOPT-1)
Warning: Cache element /home/xinyao-w23/synopsys_cache_P-2019.03-SP5-6/DW01/DW01_sub/cla/15/asap7sc7p5t_AO_RVT_TT_nldm_211120_8506_8167_504/element.ddc could not be written.  (SYNOPT-1)
Warning: Cache element /home/xinyao-w23/synopsys_cache_P-2019.03-SP5-6/DW01/DW01_sub/rpl/15/asap7sc7p5t_AO_RVT_TT_nldm_211120_8506_8167_504/element.ddc could not be written.  (SYNOPT-1)
Warning: Cache element /home/xinyao-w23/synopsys_cache_P-2019.03-SP5-6/DW01/DW01_sub/cla/15/asap7sc7p5t_AO_RVT_TT_nldm_211120_8506/element.ddc could not be written.  (SYNOPT-1)
Warning: Cache element /home/xinyao-w23/synopsys_cache_P-2019.03-SP5-6/DW01/DW01_sub/cla/15/asap7sc7p5t_AO_RVT_TT_nldm_211120_8506_8167_504/element.ddc could not be written.  (SYNOPT-1)
Warning: Cache element /home/xinyao-w23/synopsys_cache_P-2019.03-SP5-6/DW01/DW01_add/cla/15/asap7sc7p5t_AO_RVT_TT_nldm_211120_8506_8167_504/element.ddc could not be written.  (SYNOPT-1)
Warning: Cache element /home/xinyao-w23/synopsys_cache_P-2019.03-SP5-6/DW01/DW01_add/rpl/15/asap7sc7p5t_AO_RVT_TT_nldm_211120_8506_8167_504/element.ddc could not be written.  (SYNOPT-1)
Warning: Cache element /home/xinyao-w23/synopsys_cache_P-2019.03-SP5-6/DW01/DW01_add/cla/15/asap7sc7p5t_AO_RVT_TT_nldm_211120_8506/element.ddc could not be written.  (SYNOPT-1)
Warning: Cache element /home/xinyao-w23/synopsys_cache_P-2019.03-SP5-6/DW01/DW01_add/cla/15/asap7sc7p5t_AO_RVT_TT_nldm_211120_8506/element.ddc could not be written.  (SYNOPT-1)
Warning: Cache element /home/xinyao-w23/synopsys_cache_P-2019.03-SP5-6/DW01/DW01_add/cla/15/asap7sc7p5t_AO_RVT_TT_nldm_211120_8506_8167_504/element.ddc could not be written.  (SYNOPT-1)
Warning: Cache element /home/xinyao-w23/synopsys_cache_P-2019.03-SP5-6/DW01/DW01_add/rpl/15/asap7sc7p5t_AO_RVT_TT_nldm_211120_8506_8167_504/element_1.ddc could not be written.  (SYNOPT-1)
Warning: Cache element /home/xinyao-w23/synopsys_cache_P-2019.03-SP5-6/DW01/DW01_add/cla/15/asap7sc7p5t_AO_RVT_TT_nldm_211120_8506_8167_504/element.ddc could not be written.  (SYNOPT-1)
  Mapping Optimization (Phase 1)

                                  TOTAL                                                  
   ELAPSED            WORST NEG   SETUP    DESIGN                              MIN DELAY 
    TIME      AREA      SLACK     COST    RULE COST         ENDPOINT             COST    
  --------- --------- --------- --------- --------- ------------------------- -----------
    0:01:06   10746.2    133.35   54712.6       0.0                                0.00  
    0:01:06   10746.2    133.35   54712.6       0.0                                0.00  

  Beginning Delay Optimization Phase
  ----------------------------------

                                  TOTAL                                                  
   ELAPSED            WORST NEG   SETUP    DESIGN                              MIN DELAY 
    TIME      AREA      SLACK     COST    RULE COST         ENDPOINT             COST    
  --------- --------- --------- --------- --------- ------------------------- -----------
    0:01:06   10746.2    133.35   54712.6       0.0                                0.00  
    0:01:10   10795.8     87.70   35415.6       0.0 g_mul[1].u_mul/y_reg[10]/D      0.00  
    0:01:10   10796.8     84.64   34799.1       0.0 g_mul[2].u_mul/y_reg[10]/D      0.00  
    0:01:11   10798.0     81.58   32939.5       0.0 g_mul[2].u_mul/y_reg[10]/D      0.00  
    0:01:11   10798.2     79.57   31988.6       0.0 g_mul[6].u_mul/y_reg[10]/D      0.00  
    0:01:12   10799.4     76.78   30773.7       0.0 g_mul[6].u_mul/y_reg[10]/D      0.00  
    0:01:12   10800.1     74.31   30216.2       0.0 g_mul[5].u_mul/y_reg[10]/D      0.00  
    0:01:13   10800.7     72.02   28863.0       0.0 g_add[6].u_add/y_reg[13]/D      0.00  
    0:01:13   10802.2     69.91   27842.9       0.0 g_mul[14].u_mul/y_reg[10]/D      0.00  
    0:01:13   10802.2     67.90   27427.5       0.0 g_mul[10].u_mul/y_reg[10]/D      0.00  
    0:01:14   10802.4     66.98   26840.5       0.0 g_mul[12].u_mul/y_reg[10]/D      0.00  
    0:01:14   10802.6     66.44   26336.7       0.0 g_mul[8].u_mul/y_reg[10]/D      0.00  
    0:01:14   10803.4     64.43   25318.1       0.0 g_mul[13].u_mul/y_reg[10]/D      0.00  
    0:01:14   10803.3     63.13   24868.0       0.0 g_mul[12].u_mul/y_reg[10]/D      0.00  
    0:01:15   10803.1     62.30   24618.8       0.0 g_mul[6].u_mul/y_reg[10]/D      0.00  
    0:01:15   10803.7     61.30   24169.8       0.0 g_mul[15].u_mul/y_reg[10]/D      0.00  
    0:01:15   10804.0     59.59   23847.2       0.0 g_mul[3].u_mul/y_reg[10]/D      0.00  
    0:01:16   10804.0     58.68   23351.4       0.0 g_mul[9].u_mul/y_reg[10]/D      0.00  
    0:01:16   10805.0     57.65   22963.4       0.0 g_mul[15].u_mul/y_reg[5]/D      0.00  
    0:01:16   10805.2     57.03   22823.5       0.0 g_mul[8].u_mul/y_reg[10]/D      0.00  
    0:01:16   10805.7     56.55   22351.0       0.0 g_mul[7].u_mul/y_reg[10]/D      0.00  
    0:01:17   10805.6     55.03   21173.0       0.0 g_mul[15].u_mul/y_reg[5]/D      0.00  
    0:01:17   10806.5     53.08   20348.6       0.0 g_mul[4].u_mul/y_reg[10]/D      0.00  
    0:01:17   10806.8     51.77   19761.6       0.0 g_mul[14].u_mul/y_reg[10]/D      0.00  
    0:01:18   10806.7     49.93   18355.6       0.0 g_mul[7].u_mul/y_reg[10]/D      0.00  
    0:01:18   10806.9     49.73   18155.6       0.0 g_mul[2].u_mul/y_reg[10]/D      0.00  
    0:01:18   10807.4     49.02   17832.0       0.0 g_mul[14].u_mul/y_reg[10]/D      0.00  
    0:01:19   10807.7     47.79   17555.0       0.0 g_mul[14].u_mul/y_reg[10]/D      0.00  
    0:01:19   10807.5     46.21   17168.7       0.0 g_mul[13].u_mul/y_reg[10]/D      0.00  
    0:01:19   10807.8     44.78   16727.9       0.0 g_add[12].u_add/y_reg[13]/D      0.00  
    0:01:19   10807.9     44.42   16601.9       0.0 g_mul[4].u_mul/y_reg[10]/D      0.00  
    0:01:20   10807.7     43.93   15921.1       0.0 g_mul[12].u_mul/y_reg[10]/D      0.00  
    0:01:20   10808.2     42.77   15224.1       0.0 g_mul[8].u_mul/y_reg[10]/D      0.00  
    0:01:20   10808.7     41.21   14859.7       0.0 g_mul[4].u_mul/y_reg[10]/D      0.00  
    0:01:21   10809.1     40.35   14084.1       0.0 g_mul[1].u_mul/y_reg[10]/D      0.00  
    0:01:21   10809.1     38.19   13274.7       0.0 g_mul[9].u_mul/y_reg[10]/D      0.00  
    0:01:21   10809.5     37.76   13115.8       0.0 g_mul[13].u_mul/y_reg[10]/D      0.00  
    0:01:22   10810.0     35.53   12457.0       0.0 g_mul[13].u_mul/y_reg[10]/D      0.00  
    0:01:22   10810.4     34.72   12230.1       0.0 g_mul[11].u_mul/y_reg[10]/D      0.00  
    0:01:23   10810.7     33.54   11826.1       0.0 g_mul[1].u_mul/y_reg[10]/D      0.00  
    0:01:23   10810.6     33.21   11555.8       0.0 g_mul[3].u_mul/y_reg[10]/D      0.00  
    0:01:23   10810.7     31.64   10657.1       0.0 g_mul[4].u_mul/y_reg[10]/D      0.00  
    0:01:24   10811.3     30.70   10399.8       0.0 g_mul[15].u_mul/y_reg[5]/D      0.00  
    0:01:24   10811.2     30.05    9909.0       0.0 g_mul[3].u_mul/y_reg[10]/D      0.00  
    0:01:24   10811.3     28.13    9395.8       0.0 g_add[5].u_add/y_reg[8]/D      0.00  
    0:01:25   10811.6     26.33    8088.0       0.0 g_add[8].u_add/y_reg[12]/D      0.00  
    0:01:25   10810.6     25.55    7678.9       0.0 g_mul[12].u_mul/y_reg[5]/D      0.00  
    0:01:25   10810.7     24.43    7310.3       0.0 g_mul[1].u_mul/y_reg[10]/D      0.00  
    0:01:26   10810.9     23.23    7041.1       0.0 g_mul[1].u_mul/y_reg[10]/D      0.00  
    0:01:26   10811.0     22.41    6668.9       0.0 g_mul[3].u_mul/y_reg[10]/D      0.00  
    0:01:26   10811.2     21.96    6377.1       0.0 g_mul[13].u_mul/y_reg[10]/D      0.00  
    0:01:26   10811.8     20.93    6125.2       0.0 g_mul[5].u_mul/y_reg[9]/D      0.00  
    0:01:27   10812.0     20.49    6008.5       0.0 g_mul[8].u_mul/y_reg[10]/D      0.00  
    0:01:27   10812.5     19.91    5720.3       0.0 g_mul[2].u_mul/y_reg[10]/D      0.00  
    0:01:28   10812.5     19.24    5184.6       0.0 g_mul[1].u_mul/y_reg[10]/D      0.00  
    0:01:28   10812.5     18.93    5098.3       0.0 g_mul[3].u_mul/y_reg[10]/D      0.00  
    0:01:28   10813.3     18.09    4494.7       0.0 g_mul[12].u_mul/y_reg[5]/D      0.00  
    0:01:29   10813.8     17.82    4260.4       0.0 g_mul[1].u_mul/y_reg[10]/D      0.00  
    0:01:29   10814.0     17.24    4161.6       0.0 g_mul[11].u_mul/y_reg[10]/D      0.00  
    0:01:29   10813.9     16.96    3728.9       0.0 g_mul[3].u_mul/y_reg[10]/D      0.00  
    0:01:30   10814.4     15.99    3488.8       0.0 g_mul[13].u_mul/y_reg[10]/D      0.00  
    0:01:30   10814.8     14.92    3373.6       0.0 g_mul[11].u_mul/y_reg[10]/D      0.00  
    0:01:30   10814.8     14.20    3044.1       0.0 g_mul[5].u_mul/y_reg[9]/D      0.00  
    0:01:30   10814.8     13.99    2917.0       0.0 g_mul[5].u_mul/y_reg[9]/D      0.00  
    0:01:30   10815.2     13.61    2846.7       0.0 g_mul[8].u_mul/y_reg[10]/D      0.00  
    0:01:31   10815.5     13.01    2476.9       0.0 g_mul[1].u_mul/y_reg[10]/D      0.00  
    0:01:31   10815.7     12.30    2315.7       0.0 g_mul[14].u_mul/y_reg[10]/D      0.00  
    0:01:31   10815.7     11.90    2215.7       0.0 g_mul[2].u_mul/y_reg[10]/D      0.00  
    0:01:31   10815.8     11.26    2054.0       0.0 g_mul[11].u_mul/y_reg[10]/D      0.00  
    0:01:32   10815.5     10.34    1833.1       0.0 g_mul[14].u_mul/y_reg[10]/D      0.00  
    0:01:32   10816.1      9.87    1725.4       0.0 g_mul[9].u_mul/y_reg[10]/D      0.00  
    0:01:32   10816.2      9.53    1597.9       0.0 g_mul[3].u_mul/y_reg[10]/D      0.00  
    0:01:32   10816.1      8.40    1261.1       0.0 g_mul[3].u_mul/y_reg[10]/D      0.00  
    0:01:33   10816.2      7.43    1141.7       0.0 g_mul[1].u_mul/y_reg[10]/D      0.00  
    0:01:33   10816.3      6.91    1072.8       0.0 g_mul[7].u_mul/y_reg[10]/D      0.00  
    0:01:34   10816.6      6.26     852.7       0.0 g_mul[8].u_mul/y_reg[10]/D      0.00  
    0:01:34   10817.0      5.67     680.7       0.0 g_mul[3].u_mul/y_reg[10]/D      0.00  
    0:01:35   10817.4      4.28     433.5       0.0 g_mul[10].u_mul/y_reg[10]/D      0.00  
    0:01:35   10817.4      3.68     317.2       0.0 g_mul[1].u_mul/y_reg[10]/D      0.00  
    0:01:35   10817.6      2.64     180.8       0.0 g_mul[12].u_mul/y_reg[5]/D      0.00  
    0:01:36   10817.9      2.16     143.9       0.0 g_mul[1].u_mul/y_reg[10]/D      0.00  
    0:01:36   10818.0      1.83      94.0       0.0 g_mul[1].u_mul/y_reg[10]/D      0.00  
    0:01:36   10818.4      0.74      19.4       0.0 g_mul[1].u_mul/y_reg[10]/D      0.00  
    0:01:37   10818.5      0.15       2.5       0.0 g_mul[12].u_mul/y_reg[5]/D      0.00  
    0:01:37   10818.6      0.00       0.0       0.0                                0.00  
    0:01:37   10818.6      0.00       0.0       0.0                                0.00  


  Beginning Design Rule Fixing  (min_path)
  ----------------------------

                                  TOTAL                                                  
   ELAPSED            WORST NEG   SETUP    DESIGN                              MIN DELAY 
    TIME      AREA      SLACK     COST    RULE COST         ENDPOINT             COST    
  --------- --------- --------- --------- --------- ------------------------- -----------
    0:01:37   10818.6      0.00       0.0       0.0                              -31.32  


  Beginning Area-Recovery Phase  (cleanup)
  -----------------------------

                                  TOTAL                                                  
   ELAPSED            WORST NEG   SETUP    DESIGN                              MIN DELAY 
    TIME      AREA      SLACK     COST    RULE COST         ENDPOINT             COST    
  --------- --------- --------- --------- --------- ------------------------- -----------
    0:01:37   10818.6      0.00       0.0       0.0                              -31.32  
    0:01:38   10818.6      0.00       0.0       0.0                              -31.32  
    0:01:40   10780.9     11.09     477.0       0.0                              -30.50  
    0:01:41   10765.2     10.07     284.4       0.0                              -30.50  
    0:01:41   10760.6     18.07     535.2       0.0                              -30.50  
    0:01:42   10759.1     17.15     473.0       0.0                              -30.50  
    0:01:42   10757.4     17.15     600.0       0.0                              -30.50  
    0:01:42   10757.4     17.15     600.0       0.0                              -30.50  
    0:01:43   10754.1      0.00       0.0       0.0                              -30.50  
    0:01:44   10665.2    153.21   28723.3       0.0                              -30.50  
    0:01:45   10642.1    154.08   27389.9       0.0                              -30.50  
    0:01:45   10633.1    152.54   26571.7       0.0                              -30.50  
    0:01:46   10630.1    152.54   27018.4       0.0                              -30.50  
    0:01:46   10630.0    152.54   27017.4       0.0                              -30.50  
    0:01:46   10630.0    152.54   27017.4       0.0                              -30.50  
    0:01:46   10630.0    152.54   27017.4       0.0                              -30.50  
    0:01:46   10630.0    152.54   27017.4       0.0                              -30.50  
    0:01:46   10632.3     48.76   11459.2       0.0 g_add[10].u_add/y_reg[12]/D    -30.50  
    0:01:47   10634.2     37.05    9034.9       0.0 g_add[2].u_add/y_reg[13]/D    -30.50  
    0:01:48   10635.6     30.53    7848.8       0.0 g_add[1].u_add/y_reg[13]/D    -30.50  
    0:01:49   10637.4     23.85    5241.2       0.0 g_add[14].u_add/y_reg[13]/D    -30.50  
    0:01:49   10639.0     20.05    3601.8       0.0 g_mul[13].u_mul/y_reg[10]/D    -30.50  
    0:01:50   10640.4     16.49    2633.4       0.0 g_mul[12].u_mul/y_reg[10]/D    -30.50  
    0:01:50   10642.0     13.90    2053.0       0.0 g_add[7].u_add/y_reg[8]/D    -30.50  
    0:01:51   10643.5     12.18    1531.3       0.0 g_mul[13].u_mul/y_reg[10]/D    -30.50  
    0:01:52   10649.1      8.96     776.8       0.0 g_mul[9].u_mul/y_reg[10]/D    -30.50  
    0:01:55   10656.1      1.22      20.7       0.0 g_mul[11].u_mul/y_reg[14]/D    -30.50  
    0:01:56   10607.7      0.00       0.0       0.0                                0.00  
Loading db file '/thu-bloor/xinyao-w23/kvpim-rtl/third_party/asap7_lib/db/asap7sc7p5t_AO_RVT_TT_nldm_211120.db'
Loading db file '/thu-bloor/xinyao-w23/kvpim-rtl/third_party/asap7_lib/db/asap7sc7p5t_INVBUF_RVT_TT_nldm_211120.db'
Loading db file '/thu-bloor/xinyao-w23/kvpim-rtl/third_party/asap7_lib/db/asap7sc7p5t_OA_RVT_TT_nldm_211120.db'
Loading db file '/thu-bloor/xinyao-w23/kvpim-rtl/third_party/asap7_lib/db/asap7sc7p5t_SEQ_RVT_TT_nldm_220123.db'
Loading db file '/thu-bloor/xinyao-w23/kvpim-rtl/third_party/asap7_lib/db/asap7sc7p5t_SIMPLE_RVT_TT_nldm_211120.db'
Loading db file '/thu-bloor/xinyao-w23/kvpim-rtl/third_party/asap7/asap7_sram_0p0/generated/db/srambank_64x4x16_6t122.db'
Loading db file '/thu-bloor/xinyao-w23/kvpim-rtl/third_party/asap7/asap7_sram_0p0/generated/db/srambank_64x4x32_6t122.db'
Loading db file '/thu-bloor/xinyao-w23/kvpim-rtl/third_party/asap7/asap7_sram_0p0/generated/db/srambank_64x4x80_6t122.db'
Loading db file '/thu-bloor/xinyao-w23/kvpim-rtl/third_party/asap7/asap7_sram_0p0/generated/db/srambank_256x4x32_6t122.db'
Loading db file '/thu-bloor/xinyao-w23/kvpim-rtl/third_party/asap7/asap7_sram_0p0/generated/db/srambank_256x4x80_6t122.db'
Loading db file '/thu-bloor/xinyao-w23/kvpim-rtl/third_party/asap7/asap7_sram_0p0/generated/db/srambank_256x4x64_6t122.db'


Note: Symbol # after min delay cost means estimated hold TNS across all active scenarios 


  Optimization Complete
  ---------------------
Warning: Design 'gemv_unit' contains 1 high-fanout nets. A fanout number of 1000 will be used for delay calculations involving these nets. (TIM-134)
     Net 'g_add[1].u_add/clk': 1131 load(s), 1 driver(s)
1
if {$fix_hold} {
    compile -incremental -only_hold_time
}

Information: There are 752 potential problems in your design. Please run 'check_design' for more information. (LINT-99)



  Beginning Pass 1 Mapping  (Incremental)
  ------------------------

  Updating timing information
Information: Updating design information... (UID-85)

  Beginning Mapping Optimizations  (Incremental)
  -------------------------------

  Beginning Delay Optimization Phase
  ----------------------------------

                                  TOTAL                                                  
   ELAPSED            WORST NEG   SETUP    DESIGN                              MIN DELAY 
    TIME      AREA      SLACK     COST    RULE COST         ENDPOINT             COST    
  --------- --------- --------- --------- --------- ------------------------- -----------
    0:02:03   10607.6      0.00       0.0       0.0                                0.00  
    0:02:05   10615.1      0.00       0.0       0.0                                0.00  
    0:02:05   10615.1      0.00       0.0       0.0                                0.00  
Loading db file '/thu-bloor/xinyao-w23/kvpim-rtl/third_party/asap7_lib/db/asap7sc7p5t_AO_RVT_TT_nldm_211120.db'
Loading db file '/thu-bloor/xinyao-w23/kvpim-rtl/third_party/asap7_lib/db/asap7sc7p5t_INVBUF_RVT_TT_nldm_211120.db'
Loading db file '/thu-bloor/xinyao-w23/kvpim-rtl/third_party/asap7_lib/db/asap7sc7p5t_OA_RVT_TT_nldm_211120.db'
Loading db file '/thu-bloor/xinyao-w23/kvpim-rtl/third_party/asap7_lib/db/asap7sc7p5t_SEQ_RVT_TT_nldm_220123.db'
Loading db file '/thu-bloor/xinyao-w23/kvpim-rtl/third_party/asap7_lib/db/asap7sc7p5t_SIMPLE_RVT_TT_nldm_211120.db'
Loading db file '/thu-bloor/xinyao-w23/kvpim-rtl/third_party/asap7/asap7_sram_0p0/generated/db/srambank_64x4x16_6t122.db'
Loading db file '/thu-bloor/xinyao-w23/kvpim-rtl/third_party/asap7/asap7_sram_0p0/generated/db/srambank_64x4x32_6t122.db'
Loading db file '/thu-bloor/xinyao-w23/kvpim-rtl/third_party/asap7/asap7_sram_0p0/generated/db/srambank_64x4x80_6t122.db'
Loading db file '/thu-bloor/xinyao-w23/kvpim-rtl/third_party/asap7/asap7_sram_0p0/generated/db/srambank_256x4x32_6t122.db'
Loading db file '/thu-bloor/xinyao-w23/kvpim-rtl/third_party/asap7/asap7_sram_0p0/generated/db/srambank_256x4x80_6t122.db'
Loading db file '/thu-bloor/xinyao-w23/kvpim-rtl/third_party/asap7/asap7_sram_0p0/generated/db/srambank_256x4x64_6t122.db'


Note: Symbol # after min delay cost means estimated hold TNS across all active scenarios 


  Optimization Complete
  ---------------------
Warning: Design 'gemv_unit' contains 1 high-fanout nets. A fanout number of 1000 will be used for delay calculations involving these nets. (TIM-134)
     Net 'g_add[15].u_add/clk': 1131 load(s), 1 driver(s)
1
report_qor -nosplit > [file join $out_dir ${top_module}_qor.rpt]
report_area -hierarchy -nosplit > [file join $out_dir ${top_module}_area.rpt]
report_reference -hierarchy -nosplit > [file join $out_dir ${top_module}_references.rpt]
report_timing -delay_type max -max_paths 20 -nosplit > [file join $out_dir ${top_module}_timing.rpt]
report_timing -delay_type min -max_paths 20 -nosplit > [file join $out_dir ${top_module}_timing_hold.rpt]
report_power -nosplit > [file join $out_dir ${top_module}_power.rpt]
write -format verilog -hierarchy -output [file join $out_dir ${top_module}_mapped.v]
Writing verilog file '/thu-bloor/xinyao-w23/kvpim-rtl/syn/dc_0830-02/gemv_attacc_p1501/gemv_unit_mapped.v'.
Warning: Verilog 'assign' or 'tran' statements are written out. (VO-4)
Warning: Verilog writer has added 1 nets to module fp16_add_0 using SYNOPSYS_UNCONNECTED_ as prefix.  Please use the change_names command to make the correct changes before invoking the verilog writer.  (VO-11)
Warning: Verilog writer has added 1 nets to module fp16_add_15 using SYNOPSYS_UNCONNECTED_ as prefix.  Please use the change_names command to make the correct changes before invoking the verilog writer.  (VO-11)
Warning: Verilog writer has added 1 nets to module fp16_add_14 using SYNOPSYS_UNCONNECTED_ as prefix.  Please use the change_names command to make the correct changes before invoking the verilog writer.  (VO-11)
Warning: Verilog writer has added 1 nets to module fp16_add_13 using SYNOPSYS_UNCONNECTED_ as prefix.  Please use the change_names command to make the correct changes before invoking the verilog writer.  (VO-11)
Warning: Verilog writer has added 1 nets to module fp16_add_12 using SYNOPSYS_UNCONNECTED_ as prefix.  Please use the change_names command to make the correct changes before invoking the verilog writer.  (VO-11)
Warning: Verilog writer has added 1 nets to module fp16_add_11 using SYNOPSYS_UNCONNECTED_ as prefix.  Please use the change_names command to make the correct changes before invoking the verilog writer.  (VO-11)
Warning: Verilog writer has added 1 nets to module fp16_add_10 using SYNOPSYS_UNCONNECTED_ as prefix.  Please use the change_names command to make the correct changes before invoking the verilog writer.  (VO-11)
Warning: Verilog writer has added 1 nets to module fp16_add_9 using SYNOPSYS_UNCONNECTED_ as prefix.  Please use the change_names command to make the correct changes before invoking the verilog writer.  (VO-11)
Warning: Verilog writer has added 1 nets to module fp16_add_8 using SYNOPSYS_UNCONNECTED_ as prefix.  Please use the change_names command to make the correct changes before invoking the verilog writer.  (VO-11)
Warning: Verilog writer has added 1 nets to module fp16_add_7 using SYNOPSYS_UNCONNECTED_ as prefix.  Please use the change_names command to make the correct changes before invoking the verilog writer.  (VO-11)
Warning: Verilog writer has added 1 nets to module fp16_add_6 using SYNOPSYS_UNCONNECTED_ as prefix.  Please use the change_names command to make the correct changes before invoking the verilog writer.  (VO-11)
Warning: Verilog writer has added 1 nets to module fp16_add_5 using SYNOPSYS_UNCONNECTED_ as prefix.  Please use the change_names command to make the correct changes before invoking the verilog writer.  (VO-11)
Warning: Verilog writer has added 1 nets to module fp16_add_4 using SYNOPSYS_UNCONNECTED_ as prefix.  Please use the change_names command to make the correct changes before invoking the verilog writer.  (VO-11)
Warning: Verilog writer has added 1 nets to module fp16_add_3 using SYNOPSYS_UNCONNECTED_ as prefix.  Please use the change_names command to make the correct changes before invoking the verilog writer.  (VO-11)
Warning: Verilog writer has added 1 nets to module fp16_add_2 using SYNOPSYS_UNCONNECTED_ as prefix.  Please use the change_names command to make the correct changes before invoking the verilog writer.  (VO-11)
Warning: Verilog writer has added 1 nets to module fp16_add_1 using SYNOPSYS_UNCONNECTED_ as prefix.  Please use the change_names command to make the correct changes before invoking the verilog writer.  (VO-11)
1
write_sdc [file join $out_dir ${top_module}.sdc]
1
quit

Thank you...
