 
****************************************
Report : timing
        -path full
        -delay max
        -max_paths 20
Design : fugue_hbm_ctrl_top
Version: P-2019.03-SP5-6
Date   : Tue Sep  1 00:45:39 2026
****************************************

 # A fanout number of 1000 was used for high fanout net computations.

Operating Conditions: PVT_0P7V_25C   Library: asap7sc7p5t_AO_RVT_TT_nldm_211120
Wire Load Model Mode: top

  Startpoint: u_tlb/u_plan/r_pos_reg[1]
              (rising edge-triggered flip-flop clocked by clk)
  Endpoint: u_tlb/u_tlb/s1_rel_reg[14]
            (rising edge-triggered flip-flop clocked by clk)
  Path Group: clk
  Path Type: max

  Point                                                   Incr       Path
  --------------------------------------------------------------------------
  clock clk (rise edge)                                   0.00       0.00
  clock network delay (ideal)                             0.00       0.00
  u_tlb/u_plan/r_pos_reg[1]/CLK (DFFASRHQNx1_ASAP7_75t_R)     0.00 #     0.00 r
  u_tlb/u_plan/r_pos_reg[1]/QN (DFFASRHQNx1_ASAP7_75t_R)    68.18    68.18 f
  u_tlb/u_plan/lk_pos[1] (kv_scan_planner_ENTRIES32)      0.00      68.18 f
  u_tlb/u_tlb/lk_pos[1] (kv_seg_tlb_ENTRIES32)            0.00      68.18 f
  u_tlb/u_tlb/U13818/Y (INVx1_ASAP7_75t_R)               32.69     100.86 r
  u_tlb/u_tlb/U13817/Y (INVxp33_ASAP7_75t_R)             48.97     149.84 f
  u_tlb/u_tlb/U16101/Y (OR2x2_ASAP7_75t_R)               40.06     189.90 f
  u_tlb/u_tlb/U5854/Y (INVx1_ASAP7_75t_R)                55.18     245.07 r
  u_tlb/u_tlb/U16881/Y (OAI22xp5_ASAP7_75t_R)            22.86     267.93 f
  u_tlb/u_tlb/U16883/Y (OAI21xp5_ASAP7_75t_R)            17.87     285.80 r
  u_tlb/u_tlb/U16887/Y (A2O1A1Ixp33_ASAP7_75t_R)         17.22     303.02 f
  u_tlb/u_tlb/U16889/Y (A2O1A1Ixp33_ASAP7_75t_R)         19.95     322.97 r
  u_tlb/u_tlb/U16893/Y (A2O1A1Ixp33_ASAP7_75t_R)         17.41     340.38 f
  u_tlb/u_tlb/U16900/Y (A2O1A1O1Ixp25_ASAP7_75t_R)       22.71     363.09 r
  u_tlb/u_tlb/U16904/Y (NAND5xp2_ASAP7_75t_R)            43.31     406.40 f
  u_tlb/u_tlb/U17904/Y (OAI21xp5_ASAP7_75t_R)            39.08     445.48 r
  u_tlb/u_tlb/U17913/Y (INVx1_ASAP7_75t_R)               12.54     458.02 f
  u_tlb/u_tlb/U17914/Y (NAND2xp5_ASAP7_75t_R)            12.65     470.67 r
  u_tlb/u_tlb/U17915/Y (A2O1A1O1Ixp25_ASAP7_75t_R)       10.26     480.94 f
  u_tlb/u_tlb/U1062/Y (OAI31xp33_ASAP7_75t_R)            19.91     500.84 r
  u_tlb/u_tlb/U17923/Y (A2O1A1Ixp33_ASAP7_75t_R)         17.36     518.21 f
  u_tlb/u_tlb/U17925/Y (AOI311xp33_ASAP7_75t_R)          42.66     560.87 r
  u_tlb/u_tlb/U11117/Y (INVx1_ASAP7_75t_R)               14.67     575.53 f
  u_tlb/u_tlb/U11116/Y (NAND2xp5_ASAP7_75t_R)            16.72     592.25 r
  u_tlb/u_tlb/U4681/Y (INVx2_ASAP7_75t_R)                15.28     607.53 f
  u_tlb/u_tlb/U581/Y (HB1xp67_ASAP7_75t_R)               49.56     657.09 f
  u_tlb/u_tlb/U585/Y (NAND2xp5_ASAP7_75t_R)              74.15     731.24 r
  u_tlb/u_tlb/U11115/Y (INVx1_ASAP7_75t_R)               18.55     749.79 f
  u_tlb/u_tlb/U6032/Y (HB1xp67_ASAP7_75t_R)              33.82     783.61 f
  u_tlb/u_tlb/U3371/Y (BUFx2_ASAP7_75t_R)                49.45     833.06 f
  u_tlb/u_tlb/U11073/Y (NAND2xp5_ASAP7_75t_R)            17.01     850.07 r
  u_tlb/u_tlb/U2789/Y (HB1xp67_ASAP7_75t_R)              21.96     872.03 r
  u_tlb/u_tlb/U6008/Y (HB1xp67_ASAP7_75t_R)              24.33     896.36 r
  u_tlb/u_tlb/U610/Y (HB1xp67_ASAP7_75t_R)               58.13     954.48 r
  u_tlb/u_tlb/U9486/Y (OAI22xp5_ASAP7_75t_R)             22.27     976.76 f
  u_tlb/u_tlb/U1313/Y (AOI221xp5_ASAP7_75t_R)            22.97     999.72 r
  u_tlb/u_tlb/U3917/Y (NAND4xp25_ASAP7_75t_R)            36.27    1035.99 f
  u_tlb/u_tlb/sub_90/B[2] (kv_seg_tlb_ENTRIES32_DW01_sub_J3_0)     0.00  1035.99 f
  u_tlb/u_tlb/sub_90/U117/Y (NAND2xp5_ASAP7_75t_R)       32.87    1068.86 r
  u_tlb/u_tlb/sub_90/U116/Y (INVx1_ASAP7_75t_R)          11.89    1080.75 f
  u_tlb/u_tlb/sub_90/U111/Y (OAI21xp5_ASAP7_75t_R)       13.29    1094.04 r
  u_tlb/u_tlb/sub_90/U110/Y (AO21x1_ASAP7_75t_R)         27.28    1121.32 r
  u_tlb/u_tlb/sub_90/U100/Y (AOI221x1_ASAP7_75t_R)       28.99    1150.31 f
  u_tlb/u_tlb/sub_90/U90/Y (OAI21xp5_ASAP7_75t_R)        28.40    1178.71 r
  u_tlb/u_tlb/sub_90/U89/Y (INVx1_ASAP7_75t_R)           11.84    1190.55 f
  u_tlb/u_tlb/sub_90/U15/Y (OA21x2_ASAP7_75t_R)          25.80    1216.35 f
  u_tlb/u_tlb/sub_90/U80/Y (OAI21xp5_ASAP7_75t_R)        21.14    1237.50 r
  u_tlb/u_tlb/sub_90/U69/Y (INVx1_ASAP7_75t_R)           11.45    1248.94 f
  u_tlb/u_tlb/sub_90/U14/Y (OA21x2_ASAP7_75t_R)          25.86    1274.80 f
  u_tlb/u_tlb/sub_90/U66/Y (OAI21xp5_ASAP7_75t_R)        25.40    1300.21 r
  u_tlb/u_tlb/sub_90/U64/Y (INVx1_ASAP7_75t_R)           12.41    1312.62 f
  u_tlb/u_tlb/sub_90/U61/Y (OAI21xp5_ASAP7_75t_R)        25.31    1337.93 r
  u_tlb/u_tlb/sub_90/U57/Y (OAI21xp5_ASAP7_75t_R)        16.36    1354.29 f
  u_tlb/u_tlb/sub_90/U56/Y (NAND2xp5_ASAP7_75t_R)        24.33    1378.62 r
  u_tlb/u_tlb/sub_90/U55/SN (FAx1_ASAP7_75t_R)           42.92    1421.55 f
  u_tlb/u_tlb/sub_90/DIFF[14] (kv_seg_tlb_ENTRIES32_DW01_sub_J3_0)     0.00  1421.55 f
  u_tlb/u_tlb/U23975/Y (INVx1_ASAP7_75t_R)               13.85    1435.40 r
  u_tlb/u_tlb/s1_rel_reg[14]/D (DFFASRHQNx1_ASAP7_75t_R)     0.00  1435.40 r
  data arrival time                                               1435.40

  clock clk (rise edge)                                1501.50    1501.50
  clock network delay (ideal)                             0.00    1501.50
  clock uncertainty                                     -50.00    1451.50
  u_tlb/u_tlb/s1_rel_reg[14]/CLK (DFFASRHQNx1_ASAP7_75t_R)     0.00  1451.50 r
  library setup time                                    -14.34    1437.16
  data required time                                              1437.16
  --------------------------------------------------------------------------
  data required time                                              1437.16
  data arrival time                                              -1435.40
  --------------------------------------------------------------------------
  slack (MET)                                                        1.76


  Startpoint: u_tlb/u_plan/r_pos_reg[1]
              (rising edge-triggered flip-flop clocked by clk)
  Endpoint: u_tlb/u_tlb/s1_rel_reg[15]
            (rising edge-triggered flip-flop clocked by clk)
  Path Group: clk
  Path Type: max

  Point                                                   Incr       Path
  --------------------------------------------------------------------------
  clock clk (rise edge)                                   0.00       0.00
  clock network delay (ideal)                             0.00       0.00
  u_tlb/u_plan/r_pos_reg[1]/CLK (DFFASRHQNx1_ASAP7_75t_R)     0.00 #     0.00 r
  u_tlb/u_plan/r_pos_reg[1]/QN (DFFASRHQNx1_ASAP7_75t_R)    68.18    68.18 f
  u_tlb/u_plan/lk_pos[1] (kv_scan_planner_ENTRIES32)      0.00      68.18 f
  u_tlb/u_tlb/lk_pos[1] (kv_seg_tlb_ENTRIES32)            0.00      68.18 f
  u_tlb/u_tlb/U13818/Y (INVx1_ASAP7_75t_R)               32.69     100.86 r
  u_tlb/u_tlb/U13817/Y (INVxp33_ASAP7_75t_R)             48.97     149.84 f
  u_tlb/u_tlb/U16101/Y (OR2x2_ASAP7_75t_R)               40.06     189.90 f
  u_tlb/u_tlb/U5854/Y (INVx1_ASAP7_75t_R)                55.18     245.07 r
  u_tlb/u_tlb/U16881/Y (OAI22xp5_ASAP7_75t_R)            22.86     267.93 f
  u_tlb/u_tlb/U16883/Y (OAI21xp5_ASAP7_75t_R)            17.87     285.80 r
  u_tlb/u_tlb/U16887/Y (A2O1A1Ixp33_ASAP7_75t_R)         17.22     303.02 f
  u_tlb/u_tlb/U16889/Y (A2O1A1Ixp33_ASAP7_75t_R)         19.95     322.97 r
  u_tlb/u_tlb/U16893/Y (A2O1A1Ixp33_ASAP7_75t_R)         17.41     340.38 f
  u_tlb/u_tlb/U16900/Y (A2O1A1O1Ixp25_ASAP7_75t_R)       22.71     363.09 r
  u_tlb/u_tlb/U16904/Y (NAND5xp2_ASAP7_75t_R)            43.31     406.40 f
  u_tlb/u_tlb/U17904/Y (OAI21xp5_ASAP7_75t_R)            39.08     445.48 r
  u_tlb/u_tlb/U17913/Y (INVx1_ASAP7_75t_R)               12.54     458.02 f
  u_tlb/u_tlb/U17914/Y (NAND2xp5_ASAP7_75t_R)            12.65     470.67 r
  u_tlb/u_tlb/U17915/Y (A2O1A1O1Ixp25_ASAP7_75t_R)       10.26     480.94 f
  u_tlb/u_tlb/U1062/Y (OAI31xp33_ASAP7_75t_R)            19.91     500.84 r
  u_tlb/u_tlb/U17923/Y (A2O1A1Ixp33_ASAP7_75t_R)         17.36     518.21 f
  u_tlb/u_tlb/U17925/Y (AOI311xp33_ASAP7_75t_R)          42.66     560.87 r
  u_tlb/u_tlb/U11117/Y (INVx1_ASAP7_75t_R)               14.67     575.53 f
  u_tlb/u_tlb/U11116/Y (NAND2xp5_ASAP7_75t_R)            16.72     592.25 r
  u_tlb/u_tlb/U4681/Y (INVx2_ASAP7_75t_R)                15.28     607.53 f
  u_tlb/u_tlb/U581/Y (HB1xp67_ASAP7_75t_R)               49.56     657.09 f
  u_tlb/u_tlb/U585/Y (NAND2xp5_ASAP7_75t_R)              74.15     731.24 r
  u_tlb/u_tlb/U11115/Y (INVx1_ASAP7_75t_R)               18.55     749.79 f
  u_tlb/u_tlb/U6032/Y (HB1xp67_ASAP7_75t_R)              33.82     783.61 f
  u_tlb/u_tlb/U3371/Y (BUFx2_ASAP7_75t_R)                49.45     833.06 f
  u_tlb/u_tlb/U11073/Y (NAND2xp5_ASAP7_75t_R)            17.01     850.07 r
  u_tlb/u_tlb/U2789/Y (HB1xp67_ASAP7_75t_R)              21.96     872.03 r
  u_tlb/u_tlb/U6008/Y (HB1xp67_ASAP7_75t_R)              24.33     896.36 r
  u_tlb/u_tlb/U610/Y (HB1xp67_ASAP7_75t_R)               58.13     954.48 r
  u_tlb/u_tlb/U9486/Y (OAI22xp5_ASAP7_75t_R)             22.27     976.76 f
  u_tlb/u_tlb/U1313/Y (AOI221xp5_ASAP7_75t_R)            22.97     999.72 r
  u_tlb/u_tlb/U3917/Y (NAND4xp25_ASAP7_75t_R)            36.27    1035.99 f
  u_tlb/u_tlb/sub_90/B[2] (kv_seg_tlb_ENTRIES32_DW01_sub_J3_0)     0.00  1035.99 f
  u_tlb/u_tlb/sub_90/U117/Y (NAND2xp5_ASAP7_75t_R)       32.87    1068.86 r
  u_tlb/u_tlb/sub_90/U116/Y (INVx1_ASAP7_75t_R)          11.89    1080.75 f
  u_tlb/u_tlb/sub_90/U111/Y (OAI21xp5_ASAP7_75t_R)       13.29    1094.04 r
  u_tlb/u_tlb/sub_90/U110/Y (AO21x1_ASAP7_75t_R)         27.28    1121.32 r
  u_tlb/u_tlb/sub_90/U100/Y (AOI221x1_ASAP7_75t_R)       28.99    1150.31 f
  u_tlb/u_tlb/sub_90/U90/Y (OAI21xp5_ASAP7_75t_R)        28.40    1178.71 r
  u_tlb/u_tlb/sub_90/U89/Y (INVx1_ASAP7_75t_R)           11.84    1190.55 f
  u_tlb/u_tlb/sub_90/U15/Y (OA21x2_ASAP7_75t_R)          25.80    1216.35 f
  u_tlb/u_tlb/sub_90/U80/Y (OAI21xp5_ASAP7_75t_R)        21.14    1237.50 r
  u_tlb/u_tlb/sub_90/U69/Y (INVx1_ASAP7_75t_R)           11.45    1248.94 f
  u_tlb/u_tlb/sub_90/U14/Y (OA21x2_ASAP7_75t_R)          25.86    1274.80 f
  u_tlb/u_tlb/sub_90/U66/Y (OAI21xp5_ASAP7_75t_R)        25.40    1300.21 r
  u_tlb/u_tlb/sub_90/U64/Y (INVx1_ASAP7_75t_R)           12.41    1312.62 f
  u_tlb/u_tlb/sub_90/U61/Y (OAI21xp5_ASAP7_75t_R)        25.31    1337.93 r
  u_tlb/u_tlb/sub_90/U57/Y (OAI21xp5_ASAP7_75t_R)        16.36    1354.29 f
  u_tlb/u_tlb/sub_90/U56/Y (NAND2xp5_ASAP7_75t_R)        24.33    1378.62 r
  u_tlb/u_tlb/sub_90/U12/Y (AOI21xp5_ASAP7_75t_R)        17.08    1395.70 f
  u_tlb/u_tlb/sub_90/U52/Y (XOR2xp5_ASAP7_75t_R)         23.06    1418.77 f
  u_tlb/u_tlb/sub_90/DIFF[15] (kv_seg_tlb_ENTRIES32_DW01_sub_J3_0)     0.00  1418.77 f
  u_tlb/u_tlb/U23976/Y (INVx1_ASAP7_75t_R)               11.38    1430.14 r
  u_tlb/u_tlb/s1_rel_reg[15]/D (DFFASRHQNx1_ASAP7_75t_R)     0.00  1430.14 r
  data arrival time                                               1430.14

  clock clk (rise edge)                                1501.50    1501.50
  clock network delay (ideal)                             0.00    1501.50
  clock uncertainty                                     -50.00    1451.50
  u_tlb/u_tlb/s1_rel_reg[15]/CLK (DFFASRHQNx1_ASAP7_75t_R)     0.00  1451.50 r
  library setup time                                    -13.84    1437.66
  data required time                                              1437.66
  --------------------------------------------------------------------------
  data required time                                              1437.66
  data arrival time                                              -1430.14
  --------------------------------------------------------------------------
  slack (MET)                                                        7.52


  Startpoint: u_ctrl/run_idx_reg[0]
              (rising edge-triggered flip-flop clocked by clk)
  Endpoint: u_ctrl/state_reg[3]
            (rising edge-triggered flip-flop clocked by clk)
  Path Group: clk
  Path Type: max

  Point                                                   Incr       Path
  --------------------------------------------------------------------------
  clock clk (rise edge)                                   0.00       0.00
  clock network delay (ideal)                             0.00       0.00
  u_ctrl/run_idx_reg[0]/CLK (DFFASRHQNx1_ASAP7_75t_R)     0.00 #     0.00 r
  u_ctrl/run_idx_reg[0]/QN (DFFASRHQNx1_ASAP7_75t_R)     54.12      54.12 f
  u_ctrl/U4282/Y (HB1xp67_ASAP7_75t_R)                   44.22      98.34 f
  u_ctrl/U5653/Y (INVx1_ASAP7_75t_R)                     29.82     128.16 r
  u_ctrl/U5139/Y (NOR2xp33_ASAP7_75t_R)                  16.44     144.60 f
  u_ctrl/U3515/Y (HB1xp67_ASAP7_75t_R)                   30.39     174.99 f
  u_ctrl/U4273/Y (AND2x2_ASAP7_75t_R)                    24.89     199.88 f
  u_ctrl/U3569/Y (HB1xp67_ASAP7_75t_R)                  118.35     318.23 f
  u_ctrl/U5309/Y (AOI22xp33_ASAP7_75t_R)                 49.64     367.87 r
  u_ctrl/U5313/Y (AND4x1_ASAP7_75t_R)                    37.43     405.30 r
  u_ctrl/U5314/Y (NAND5xp2_ASAP7_75t_R)                  37.25     442.55 f
  u_ctrl/r319/A[0] (attacc_controller_DW01_dec_7_DW01_dec_10)     0.00   442.55 f
  u_ctrl/r319/U42/Y (NOR2xp33_ASAP7_75t_R)               37.54     480.09 r
  u_ctrl/r319/U11/Y (INVx1_ASAP7_75t_R)                  15.21     495.30 f
  u_ctrl/r319/U41/Y (NOR2xp33_ASAP7_75t_R)               23.38     518.68 r
  u_ctrl/r319/U10/Y (INVx1_ASAP7_75t_R)                  14.75     533.43 f
  u_ctrl/r319/U40/Y (NOR2xp33_ASAP7_75t_R)               23.20     556.63 r
  u_ctrl/r319/U9/Y (INVx1_ASAP7_75t_R)                   14.75     571.37 f
  u_ctrl/r319/U39/Y (NOR2xp33_ASAP7_75t_R)               23.20     594.57 r
  u_ctrl/r319/U8/Y (INVx1_ASAP7_75t_R)                   14.75     609.32 f
  u_ctrl/r319/U38/Y (NOR2xp33_ASAP7_75t_R)               23.20     632.52 r
  u_ctrl/r319/U7/Y (INVx1_ASAP7_75t_R)                   14.75     647.27 f
  u_ctrl/r319/U37/Y (NOR2xp33_ASAP7_75t_R)               23.20     670.47 r
  u_ctrl/r319/U6/Y (INVx1_ASAP7_75t_R)                   14.75     685.21 f
  u_ctrl/r319/U36/Y (NOR2xp33_ASAP7_75t_R)               23.20     708.41 r
  u_ctrl/r319/U5/Y (INVx1_ASAP7_75t_R)                   14.75     723.16 f
  u_ctrl/r319/U35/Y (NOR2xp33_ASAP7_75t_R)               23.20     746.36 r
  u_ctrl/r319/U4/Y (INVx1_ASAP7_75t_R)                   14.75     761.11 f
  u_ctrl/r319/U34/Y (NOR2xp33_ASAP7_75t_R)               24.52     785.63 r
  u_ctrl/r319/U33/Y (NAND2xp33_ASAP7_75t_R)              25.04     810.66 f
  u_ctrl/r319/U31/Y (NOR2xp33_ASAP7_75t_R)               27.21     837.88 r
  u_ctrl/r319/U3/Y (INVx1_ASAP7_75t_R)                   14.75     852.63 f
  u_ctrl/r319/U29/Y (NOR2xp33_ASAP7_75t_R)               23.20     875.83 r
  u_ctrl/r319/U2/Y (INVx1_ASAP7_75t_R)                   14.75     890.57 f
  u_ctrl/r319/U27/Y (NOR2xp33_ASAP7_75t_R)               23.20     913.77 r
  u_ctrl/r319/U1/Y (INVx1_ASAP7_75t_R)                   17.57     931.34 f
  u_ctrl/r319/U24/Y (NOR2xp33_ASAP7_75t_R)               21.92     953.26 r
  u_ctrl/r319/U23/Y (XOR2xp5_ASAP7_75t_R)                31.32     984.58 r
  u_ctrl/r319/SUM[15] (attacc_controller_DW01_dec_7_DW01_dec_10)     0.00   984.58 r
  u_ctrl/U6470/Y (XOR2xp5_ASAP7_75t_R)                   14.46     999.04 f
  u_ctrl/U6471/Y (NOR5xp2_ASAP7_75t_R)                   34.98    1034.02 r
  u_ctrl/U6472/Y (NAND5xp2_ASAP7_75t_R)                  43.09    1077.11 f
  u_ctrl/U6587/Y (INVx1_ASAP7_75t_R)                     29.17    1106.28 r
  u_ctrl/U4272/Y (OR3x1_ASAP7_75t_R)                     28.97    1135.24 r
  u_ctrl/U3538/Y (INVx2_ASAP7_75t_R)                     17.86    1153.11 f
  u_ctrl/U3949/Y (AOI211xp5_ASAP7_75t_R)                 79.20    1232.31 r
  u_ctrl/U6554/Y (INVx1_ASAP7_75t_R)                     24.54    1256.85 f
  u_ctrl/U3536/Y (BUFx3_ASAP7_75t_R)                     36.74    1293.59 f
  u_ctrl/U3935/Y (AOI211xp5_ASAP7_75t_R)                 22.60    1316.19 r
  u_ctrl/U2463/Y (NAND5xp2_ASAP7_75t_R)                  34.85    1351.04 f
  u_ctrl/U2462/Y (A2O1A1O1Ixp25_ASAP7_75t_R)             31.58    1382.62 r
  u_ctrl/U2460/Y (AO32x1_ASAP7_75t_R)                    27.60    1410.22 r
  u_ctrl/state_reg[3]/D (DFFASRHQNx1_ASAP7_75t_R)         0.00    1410.22 r
  data arrival time                                               1410.22

  clock clk (rise edge)                                1501.50    1501.50
  clock network delay (ideal)                             0.00    1501.50
  clock uncertainty                                     -50.00    1451.50
  u_ctrl/state_reg[3]/CLK (DFFASRHQNx1_ASAP7_75t_R)       0.00    1451.50 r
  library setup time                                    -14.14    1437.36
  data required time                                              1437.36
  --------------------------------------------------------------------------
  data required time                                              1437.36
  data arrival time                                              -1410.22
  --------------------------------------------------------------------------
  slack (MET)                                                       27.15


  Startpoint: u_ctrl/run_idx_reg[0]
              (rising edge-triggered flip-flop clocked by clk)
  Endpoint: u_ctrl/cur_addr_reg[33]
            (rising edge-triggered flip-flop clocked by clk)
  Path Group: clk
  Path Type: max

  Point                                                   Incr       Path
  --------------------------------------------------------------------------
  clock clk (rise edge)                                   0.00       0.00
  clock network delay (ideal)                             0.00       0.00
  u_ctrl/run_idx_reg[0]/CLK (DFFASRHQNx1_ASAP7_75t_R)     0.00 #     0.00 r
  u_ctrl/run_idx_reg[0]/QN (DFFASRHQNx1_ASAP7_75t_R)     54.12      54.12 f
  u_ctrl/U4282/Y (HB1xp67_ASAP7_75t_R)                   44.22      98.34 f
  u_ctrl/U5653/Y (INVx1_ASAP7_75t_R)                     29.82     128.16 r
  u_ctrl/U5139/Y (NOR2xp33_ASAP7_75t_R)                  16.44     144.60 f
  u_ctrl/U3515/Y (HB1xp67_ASAP7_75t_R)                   30.39     174.99 f
  u_ctrl/U4273/Y (AND2x2_ASAP7_75t_R)                    24.89     199.88 f
  u_ctrl/U3569/Y (HB1xp67_ASAP7_75t_R)                  118.35     318.23 f
  u_ctrl/U5569/Y (AOI22xp33_ASAP7_75t_R)                 49.64     367.87 r
  u_ctrl/U5573/Y (AND4x1_ASAP7_75t_R)                    37.43     405.30 r
  u_ctrl/U5574/Y (NAND5xp2_ASAP7_75t_R)                  21.43     426.73 f
  u_ctrl/U3523/Y (HB1xp67_ASAP7_75t_R)                   39.84     466.57 f
  u_ctrl/add_425/A[8] (attacc_controller_DW01_add_4_DW01_add_15)     0.00   466.57 f
  u_ctrl/add_425/U20/Y (AND2x2_ASAP7_75t_R)              30.81     497.38 f
  u_ctrl/add_425/U1_9/CON (FAx1_ASAP7_75t_R)             19.68     517.05 r
  u_ctrl/add_425/U50/Y (INVx1_ASAP7_75t_R)               19.84     536.89 f
  u_ctrl/add_425/U1_10/CON (FAx1_ASAP7_75t_R)            22.90     559.80 r
  u_ctrl/add_425/U48/Y (INVx1_ASAP7_75t_R)               19.59     579.39 f
  u_ctrl/add_425/U1_11/CON (FAx1_ASAP7_75t_R)            22.80     602.19 r
  u_ctrl/add_425/U46/Y (INVx1_ASAP7_75t_R)               19.59     621.78 f
  u_ctrl/add_425/U1_12/CON (FAx1_ASAP7_75t_R)            22.80     644.58 r
  u_ctrl/add_425/U44/Y (INVx1_ASAP7_75t_R)               19.59     664.17 f
  u_ctrl/add_425/U1_13/CON (FAx1_ASAP7_75t_R)            22.80     686.97 r
  u_ctrl/add_425/U42/Y (INVx1_ASAP7_75t_R)               19.59     706.56 f
  u_ctrl/add_425/U1_14/CON (FAx1_ASAP7_75t_R)            22.80     729.36 r
  u_ctrl/add_425/U40/Y (INVx1_ASAP7_75t_R)               19.59     748.95 f
  u_ctrl/add_425/U1_15/CON (FAx1_ASAP7_75t_R)            22.80     771.75 r
  u_ctrl/add_425/U38/Y (INVx1_ASAP7_75t_R)               19.59     791.34 f
  u_ctrl/add_425/U1_16/CON (FAx1_ASAP7_75t_R)            22.80     814.14 r
  u_ctrl/add_425/U36/Y (INVx1_ASAP7_75t_R)               19.59     833.74 f
  u_ctrl/add_425/U1_17/CON (FAx1_ASAP7_75t_R)            22.80     856.54 r
  u_ctrl/add_425/U34/Y (INVx1_ASAP7_75t_R)               19.59     876.13 f
  u_ctrl/add_425/U1_18/CON (FAx1_ASAP7_75t_R)            22.80     898.93 r
  u_ctrl/add_425/U32/Y (INVx1_ASAP7_75t_R)               19.59     918.52 f
  u_ctrl/add_425/U1_19/CON (FAx1_ASAP7_75t_R)            22.80     941.32 r
  u_ctrl/add_425/U30/Y (INVx1_ASAP7_75t_R)               19.59     960.91 f
  u_ctrl/add_425/U1_20/CON (FAx1_ASAP7_75t_R)            22.80     983.71 r
  u_ctrl/add_425/U28/Y (INVx1_ASAP7_75t_R)               19.59    1003.30 f
  u_ctrl/add_425/U1_21/CON (FAx1_ASAP7_75t_R)            22.80    1026.10 r
  u_ctrl/add_425/U26/Y (INVx1_ASAP7_75t_R)               19.59    1045.69 f
  u_ctrl/add_425/U1_22/CON (FAx1_ASAP7_75t_R)            22.80    1068.49 r
  u_ctrl/add_425/U24/Y (INVx1_ASAP7_75t_R)               19.59    1088.09 f
  u_ctrl/add_425/U1_23/CON (FAx1_ASAP7_75t_R)            22.80    1110.89 r
  u_ctrl/add_425/U22/Y (INVx1_ASAP7_75t_R)               19.66    1130.55 f
  u_ctrl/add_425/U18/Y (AND2x2_ASAP7_75t_R)              25.08    1155.63 f
  u_ctrl/add_425/U14/Y (AND2x2_ASAP7_75t_R)              22.13    1177.76 f
  u_ctrl/add_425/U17/Y (AND2x2_ASAP7_75t_R)              22.13    1199.90 f
  u_ctrl/add_425/U13/Y (AND2x2_ASAP7_75t_R)              22.13    1222.03 f
  u_ctrl/add_425/U16/Y (AND2x2_ASAP7_75t_R)              22.13    1244.16 f
  u_ctrl/add_425/U12/Y (AND2x2_ASAP7_75t_R)              22.13    1266.29 f
  u_ctrl/add_425/U15/Y (AND2x2_ASAP7_75t_R)              22.13    1288.42 f
  u_ctrl/add_425/U11/Y (AND2x2_ASAP7_75t_R)              22.13    1310.56 f
  u_ctrl/add_425/U19/Y (AND2x2_ASAP7_75t_R)              20.79    1331.35 f
  u_ctrl/add_425/U3/Y (XOR2xp5_ASAP7_75t_R)              19.48    1350.83 f
  u_ctrl/add_425/SUM[33] (attacc_controller_DW01_add_4_DW01_add_15)     0.00  1350.83 f
  u_ctrl/U2538/Y (AOI222xp33_ASAP7_75t_R)                24.61    1375.44 r
  u_ctrl/U2537/Y (AND2x2_ASAP7_75t_R)                    28.01    1403.45 r
  u_ctrl/cur_addr_reg[33]/D (DFFASRHQNx1_ASAP7_75t_R)     0.00    1403.45 r
  data arrival time                                               1403.45

  clock clk (rise edge)                                1501.50    1501.50
  clock network delay (ideal)                             0.00    1501.50
  clock uncertainty                                     -50.00    1451.50
  u_ctrl/cur_addr_reg[33]/CLK (DFFASRHQNx1_ASAP7_75t_R)     0.00  1451.50 r
  library setup time                                    -13.37    1438.14
  data required time                                              1438.14
  --------------------------------------------------------------------------
  data required time                                              1438.14
  data arrival time                                              -1403.45
  --------------------------------------------------------------------------
  slack (MET)                                                       34.69


  Startpoint: u_tlb/u_plan/pending_reg[count][0]
              (rising edge-triggered flip-flop clocked by clk)
  Endpoint: u_tlb/u_plan/pending_reg[key_base][15]
            (rising edge-triggered flip-flop clocked by clk)
  Path Group: clk
  Path Type: max

  Point                                                   Incr       Path
  --------------------------------------------------------------------------
  clock clk (rise edge)                                   0.00       0.00
  clock network delay (ideal)                             0.00       0.00
  u_tlb/u_plan/pending_reg[count][0]/CLK (DFFASRHQNx1_ASAP7_75t_R)     0.00 #     0.00 r
  u_tlb/u_plan/pending_reg[count][0]/QN (DFFASRHQNx1_ASAP7_75t_R)   110.49   110.49 f
  u_tlb/u_plan/add_141/B[8] (kv_scan_planner_ENTRIES32_DW01_add_1_DW01_add_5)     0.00   110.49 f
  u_tlb/u_plan/add_141/U19/Y (AND2x2_ASAP7_75t_R)        42.90     153.38 f
  u_tlb/u_plan/add_141/U1_9/CON (FAx1_ASAP7_75t_R)       20.32     173.70 r
  u_tlb/u_plan/add_141/U3/Y (INVx1_ASAP7_75t_R)          20.63     194.33 f
  u_tlb/u_plan/add_141/U1_10/CON (FAx1_ASAP7_75t_R)      27.93     222.27 r
  u_tlb/u_plan/add_141/U30/Y (INVx2_ASAP7_75t_R)         15.25     237.52 f
  u_tlb/u_plan/add_141/U1_11/CON (FAx1_ASAP7_75t_R)      21.57     259.10 r
  u_tlb/u_plan/add_141/U8/Y (INVx1_ASAP7_75t_R)          20.63     279.73 f
  u_tlb/u_plan/add_141/U1_12/CON (FAx1_ASAP7_75t_R)      27.93     307.66 r
  u_tlb/u_plan/add_141/U32/Y (INVx2_ASAP7_75t_R)         15.25     322.92 f
  u_tlb/u_plan/add_141/U1_13/CON (FAx1_ASAP7_75t_R)      21.57     344.49 r
  u_tlb/u_plan/add_141/U7/Y (INVx1_ASAP7_75t_R)          20.63     365.13 f
  u_tlb/u_plan/add_141/U1_14/CON (FAx1_ASAP7_75t_R)      27.93     393.06 r
  u_tlb/u_plan/add_141/U33/Y (INVx2_ASAP7_75t_R)         15.25     408.31 f
  u_tlb/u_plan/add_141/U1_15/CON (FAx1_ASAP7_75t_R)      21.57     429.89 r
  u_tlb/u_plan/add_141/U1/Y (INVx1_ASAP7_75t_R)          20.63     450.52 f
  u_tlb/u_plan/add_141/U1_16/CON (FAx1_ASAP7_75t_R)      27.93     478.46 r
  u_tlb/u_plan/add_141/U36/Y (INVx2_ASAP7_75t_R)         15.25     493.71 f
  u_tlb/u_plan/add_141/U1_17/CON (FAx1_ASAP7_75t_R)      26.25     519.96 r
  u_tlb/u_plan/add_141/U35/Y (INVx2_ASAP7_75t_R)         14.70     534.65 f
  u_tlb/u_plan/add_141/U1_18/CON (FAx1_ASAP7_75t_R)      21.32     555.97 r
  u_tlb/u_plan/add_141/U2/Y (INVx1_ASAP7_75t_R)          19.91     575.88 f
  u_tlb/u_plan/add_141/U1_19/CON (FAx1_ASAP7_75t_R)      27.64     603.52 r
  u_tlb/u_plan/add_141/U31/Y (INVx2_ASAP7_75t_R)         14.70     618.21 f
  u_tlb/u_plan/add_141/U1_20/CON (FAx1_ASAP7_75t_R)      21.32     639.53 r
  u_tlb/u_plan/add_141/U6/Y (INVx1_ASAP7_75t_R)          19.91     659.45 f
  u_tlb/u_plan/add_141/U1_21/CON (FAx1_ASAP7_75t_R)      27.64     687.08 r
  u_tlb/u_plan/add_141/U34/Y (INVx2_ASAP7_75t_R)         14.70     701.78 f
  u_tlb/u_plan/add_141/U1_22/CON (FAx1_ASAP7_75t_R)      21.32     723.10 r
  u_tlb/u_plan/add_141/U4/Y (INVx1_ASAP7_75t_R)          19.91     743.01 f
  u_tlb/u_plan/add_141/U1_23/CON (FAx1_ASAP7_75t_R)      22.93     765.94 r
  u_tlb/u_plan/add_141/U5/Y (INVx1_ASAP7_75t_R)          19.99     785.93 f
  u_tlb/u_plan/add_141/U17/Y (AND2x2_ASAP7_75t_R)        25.22     811.15 f
  u_tlb/u_plan/add_141/U13/Y (AND2x2_ASAP7_75t_R)        21.91     833.06 f
  u_tlb/u_plan/add_141/U16/Y (AND2x2_ASAP7_75t_R)        21.91     854.97 f
  u_tlb/u_plan/add_141/U12/Y (AND2x2_ASAP7_75t_R)        21.91     876.88 f
  u_tlb/u_plan/add_141/U15/Y (AND2x2_ASAP7_75t_R)        21.91     898.80 f
  u_tlb/u_plan/add_141/U9/Y (AND2x2_ASAP7_75t_R)         21.91     920.71 f
  u_tlb/u_plan/add_141/U14/Y (AND2x2_ASAP7_75t_R)        21.92     942.63 f
  u_tlb/u_plan/add_141/U11/Y (AND2x2_ASAP7_75t_R)        21.92     964.55 f
  u_tlb/u_plan/add_141/U18/Y (AND2x2_ASAP7_75t_R)        20.58     985.12 f
  u_tlb/u_plan/add_141/U10/Y (XOR2xp5_ASAP7_75t_R)       17.29    1002.41 r
  u_tlb/u_plan/add_141/SUM[33] (kv_scan_planner_ENTRIES32_DW01_add_1_DW01_add_5)     0.00  1002.41 r
  u_tlb/u_plan/eq_143_4/B[33] (kv_scan_planner_ENTRIES32_DW01_cmp6_0_DW01_cmp6_3)     0.00  1002.41 r
  u_tlb/u_plan/eq_143_4/U13/Y (XNOR2xp5_ASAP7_75t_R)     22.06    1024.47 r
  u_tlb/u_plan/eq_143_4/U10/Y (NAND5xp2_ASAP7_75t_R)     24.10    1048.58 f
  u_tlb/u_plan/eq_143_4/U4/Y (NOR5xp2_ASAP7_75t_R)       36.69    1085.27 r
  u_tlb/u_plan/eq_143_4/EQ (kv_scan_planner_ENTRIES32_DW01_cmp6_0_DW01_cmp6_3)     0.00  1085.27 r
  u_tlb/u_plan/U583/Y (NAND5xp2_ASAP7_75t_R)             40.81    1126.08 f
  u_tlb/u_plan/U3/Y (NOR2x1_ASAP7_75t_R)                 62.22    1188.30 r
  u_tlb/u_plan/U34/Y (AOI211xp5_ASAP7_75t_R)             33.63    1221.93 f
  u_tlb/u_plan/U105/Y (OR2x2_ASAP7_75t_R)                30.07    1252.00 f
  u_tlb/u_plan/U52/Y (HB1xp67_ASAP7_75t_R)               52.14    1304.14 f
  u_tlb/u_plan/U113/Y (INVx1_ASAP7_75t_R)                73.53    1377.67 r
  u_tlb/u_plan/U549/Y (OAI22xp33_ASAP7_75t_R)            30.62    1408.29 f
  u_tlb/u_plan/pending_reg[key_base][15]/D (DFFASRHQNx1_ASAP7_75t_R)     0.00  1408.29 f
  data arrival time                                               1408.29

  clock clk (rise edge)                                1501.50    1501.50
  clock network delay (ideal)                             0.00    1501.50
  clock uncertainty                                     -50.00    1451.50
  u_tlb/u_plan/pending_reg[key_base][15]/CLK (DFFASRHQNx1_ASAP7_75t_R)     0.00  1451.50 r
  library setup time                                     -5.36    1446.14
  data required time                                              1446.14
  --------------------------------------------------------------------------
  data required time                                              1446.14
  data arrival time                                              -1408.29
  --------------------------------------------------------------------------
  slack (MET)                                                       37.85


  Startpoint: u_tlb/u_plan/pending_reg[count][0]
              (rising edge-triggered flip-flop clocked by clk)
  Endpoint: u_tlb/u_plan/pending_reg[key_base][14]
            (rising edge-triggered flip-flop clocked by clk)
  Path Group: clk
  Path Type: max

  Point                                                   Incr       Path
  --------------------------------------------------------------------------
  clock clk (rise edge)                                   0.00       0.00
  clock network delay (ideal)                             0.00       0.00
  u_tlb/u_plan/pending_reg[count][0]/CLK (DFFASRHQNx1_ASAP7_75t_R)     0.00 #     0.00 r
  u_tlb/u_plan/pending_reg[count][0]/QN (DFFASRHQNx1_ASAP7_75t_R)   110.49   110.49 f
  u_tlb/u_plan/add_141/B[8] (kv_scan_planner_ENTRIES32_DW01_add_1_DW01_add_5)     0.00   110.49 f
  u_tlb/u_plan/add_141/U19/Y (AND2x2_ASAP7_75t_R)        42.90     153.38 f
  u_tlb/u_plan/add_141/U1_9/CON (FAx1_ASAP7_75t_R)       20.32     173.70 r
  u_tlb/u_plan/add_141/U3/Y (INVx1_ASAP7_75t_R)          20.63     194.33 f
  u_tlb/u_plan/add_141/U1_10/CON (FAx1_ASAP7_75t_R)      27.93     222.27 r
  u_tlb/u_plan/add_141/U30/Y (INVx2_ASAP7_75t_R)         15.25     237.52 f
  u_tlb/u_plan/add_141/U1_11/CON (FAx1_ASAP7_75t_R)      21.57     259.10 r
  u_tlb/u_plan/add_141/U8/Y (INVx1_ASAP7_75t_R)          20.63     279.73 f
  u_tlb/u_plan/add_141/U1_12/CON (FAx1_ASAP7_75t_R)      27.93     307.66 r
  u_tlb/u_plan/add_141/U32/Y (INVx2_ASAP7_75t_R)         15.25     322.92 f
  u_tlb/u_plan/add_141/U1_13/CON (FAx1_ASAP7_75t_R)      21.57     344.49 r
  u_tlb/u_plan/add_141/U7/Y (INVx1_ASAP7_75t_R)          20.63     365.13 f
  u_tlb/u_plan/add_141/U1_14/CON (FAx1_ASAP7_75t_R)      27.93     393.06 r
  u_tlb/u_plan/add_141/U33/Y (INVx2_ASAP7_75t_R)         15.25     408.31 f
  u_tlb/u_plan/add_141/U1_15/CON (FAx1_ASAP7_75t_R)      21.57     429.89 r
  u_tlb/u_plan/add_141/U1/Y (INVx1_ASAP7_75t_R)          20.63     450.52 f
  u_tlb/u_plan/add_141/U1_16/CON (FAx1_ASAP7_75t_R)      27.93     478.46 r
  u_tlb/u_plan/add_141/U36/Y (INVx2_ASAP7_75t_R)         15.25     493.71 f
  u_tlb/u_plan/add_141/U1_17/CON (FAx1_ASAP7_75t_R)      26.25     519.96 r
  u_tlb/u_plan/add_141/U35/Y (INVx2_ASAP7_75t_R)         14.70     534.65 f
  u_tlb/u_plan/add_141/U1_18/CON (FAx1_ASAP7_75t_R)      21.32     555.97 r
  u_tlb/u_plan/add_141/U2/Y (INVx1_ASAP7_75t_R)          19.91     575.88 f
  u_tlb/u_plan/add_141/U1_19/CON (FAx1_ASAP7_75t_R)      27.64     603.52 r
  u_tlb/u_plan/add_141/U31/Y (INVx2_ASAP7_75t_R)         14.70     618.21 f
  u_tlb/u_plan/add_141/U1_20/CON (FAx1_ASAP7_75t_R)      21.32     639.53 r
  u_tlb/u_plan/add_141/U6/Y (INVx1_ASAP7_75t_R)          19.91     659.45 f
  u_tlb/u_plan/add_141/U1_21/CON (FAx1_ASAP7_75t_R)      27.64     687.08 r
  u_tlb/u_plan/add_141/U34/Y (INVx2_ASAP7_75t_R)         14.70     701.78 f
  u_tlb/u_plan/add_141/U1_22/CON (FAx1_ASAP7_75t_R)      21.32     723.10 r
  u_tlb/u_plan/add_141/U4/Y (INVx1_ASAP7_75t_R)          19.91     743.01 f
  u_tlb/u_plan/add_141/U1_23/CON (FAx1_ASAP7_75t_R)      22.93     765.94 r
  u_tlb/u_plan/add_141/U5/Y (INVx1_ASAP7_75t_R)          19.99     785.93 f
  u_tlb/u_plan/add_141/U17/Y (AND2x2_ASAP7_75t_R)        25.22     811.15 f
  u_tlb/u_plan/add_141/U13/Y (AND2x2_ASAP7_75t_R)        21.91     833.06 f
  u_tlb/u_plan/add_141/U16/Y (AND2x2_ASAP7_75t_R)        21.91     854.97 f
  u_tlb/u_plan/add_141/U12/Y (AND2x2_ASAP7_75t_R)        21.91     876.88 f
  u_tlb/u_plan/add_141/U15/Y (AND2x2_ASAP7_75t_R)        21.91     898.80 f
  u_tlb/u_plan/add_141/U9/Y (AND2x2_ASAP7_75t_R)         21.91     920.71 f
  u_tlb/u_plan/add_141/U14/Y (AND2x2_ASAP7_75t_R)        21.92     942.63 f
  u_tlb/u_plan/add_141/U11/Y (AND2x2_ASAP7_75t_R)        21.92     964.55 f
  u_tlb/u_plan/add_141/U18/Y (AND2x2_ASAP7_75t_R)        20.58     985.12 f
  u_tlb/u_plan/add_141/U10/Y (XOR2xp5_ASAP7_75t_R)       17.29    1002.41 r
  u_tlb/u_plan/add_141/SUM[33] (kv_scan_planner_ENTRIES32_DW01_add_1_DW01_add_5)     0.00  1002.41 r
  u_tlb/u_plan/eq_143_4/B[33] (kv_scan_planner_ENTRIES32_DW01_cmp6_0_DW01_cmp6_3)     0.00  1002.41 r
  u_tlb/u_plan/eq_143_4/U13/Y (XNOR2xp5_ASAP7_75t_R)     22.06    1024.47 r
  u_tlb/u_plan/eq_143_4/U10/Y (NAND5xp2_ASAP7_75t_R)     24.10    1048.58 f
  u_tlb/u_plan/eq_143_4/U4/Y (NOR5xp2_ASAP7_75t_R)       36.69    1085.27 r
  u_tlb/u_plan/eq_143_4/EQ (kv_scan_planner_ENTRIES32_DW01_cmp6_0_DW01_cmp6_3)     0.00  1085.27 r
  u_tlb/u_plan/U583/Y (NAND5xp2_ASAP7_75t_R)             40.81    1126.08 f
  u_tlb/u_plan/U3/Y (NOR2x1_ASAP7_75t_R)                 62.22    1188.30 r
  u_tlb/u_plan/U34/Y (AOI211xp5_ASAP7_75t_R)             33.63    1221.93 f
  u_tlb/u_plan/U105/Y (OR2x2_ASAP7_75t_R)                30.07    1252.00 f
  u_tlb/u_plan/U52/Y (HB1xp67_ASAP7_75t_R)               52.14    1304.14 f
  u_tlb/u_plan/U113/Y (INVx1_ASAP7_75t_R)                73.53    1377.67 r
  u_tlb/u_plan/U550/Y (OAI22xp33_ASAP7_75t_R)            30.62    1408.29 f
  u_tlb/u_plan/pending_reg[key_base][14]/D (DFFASRHQNx1_ASAP7_75t_R)     0.00  1408.29 f
  data arrival time                                               1408.29

  clock clk (rise edge)                                1501.50    1501.50
  clock network delay (ideal)                             0.00    1501.50
  clock uncertainty                                     -50.00    1451.50
  u_tlb/u_plan/pending_reg[key_base][14]/CLK (DFFASRHQNx1_ASAP7_75t_R)     0.00  1451.50 r
  library setup time                                     -5.36    1446.14
  data required time                                              1446.14
  --------------------------------------------------------------------------
  data required time                                              1446.14
  data arrival time                                              -1408.29
  --------------------------------------------------------------------------
  slack (MET)                                                       37.85


  Startpoint: u_tlb/u_plan/pending_reg[count][0]
              (rising edge-triggered flip-flop clocked by clk)
  Endpoint: u_tlb/u_plan/pending_reg[key_base][13]
            (rising edge-triggered flip-flop clocked by clk)
  Path Group: clk
  Path Type: max

  Point                                                   Incr       Path
  --------------------------------------------------------------------------
  clock clk (rise edge)                                   0.00       0.00
  clock network delay (ideal)                             0.00       0.00
  u_tlb/u_plan/pending_reg[count][0]/CLK (DFFASRHQNx1_ASAP7_75t_R)     0.00 #     0.00 r
  u_tlb/u_plan/pending_reg[count][0]/QN (DFFASRHQNx1_ASAP7_75t_R)   110.49   110.49 f
  u_tlb/u_plan/add_141/B[8] (kv_scan_planner_ENTRIES32_DW01_add_1_DW01_add_5)     0.00   110.49 f
  u_tlb/u_plan/add_141/U19/Y (AND2x2_ASAP7_75t_R)        42.90     153.38 f
  u_tlb/u_plan/add_141/U1_9/CON (FAx1_ASAP7_75t_R)       20.32     173.70 r
  u_tlb/u_plan/add_141/U3/Y (INVx1_ASAP7_75t_R)          20.63     194.33 f
  u_tlb/u_plan/add_141/U1_10/CON (FAx1_ASAP7_75t_R)      27.93     222.27 r
  u_tlb/u_plan/add_141/U30/Y (INVx2_ASAP7_75t_R)         15.25     237.52 f
  u_tlb/u_plan/add_141/U1_11/CON (FAx1_ASAP7_75t_R)      21.57     259.10 r
  u_tlb/u_plan/add_141/U8/Y (INVx1_ASAP7_75t_R)          20.63     279.73 f
  u_tlb/u_plan/add_141/U1_12/CON (FAx1_ASAP7_75t_R)      27.93     307.66 r
  u_tlb/u_plan/add_141/U32/Y (INVx2_ASAP7_75t_R)         15.25     322.92 f
  u_tlb/u_plan/add_141/U1_13/CON (FAx1_ASAP7_75t_R)      21.57     344.49 r
  u_tlb/u_plan/add_141/U7/Y (INVx1_ASAP7_75t_R)          20.63     365.13 f
  u_tlb/u_plan/add_141/U1_14/CON (FAx1_ASAP7_75t_R)      27.93     393.06 r
  u_tlb/u_plan/add_141/U33/Y (INVx2_ASAP7_75t_R)         15.25     408.31 f
  u_tlb/u_plan/add_141/U1_15/CON (FAx1_ASAP7_75t_R)      21.57     429.89 r
  u_tlb/u_plan/add_141/U1/Y (INVx1_ASAP7_75t_R)          20.63     450.52 f
  u_tlb/u_plan/add_141/U1_16/CON (FAx1_ASAP7_75t_R)      27.93     478.46 r
  u_tlb/u_plan/add_141/U36/Y (INVx2_ASAP7_75t_R)         15.25     493.71 f
  u_tlb/u_plan/add_141/U1_17/CON (FAx1_ASAP7_75t_R)      26.25     519.96 r
  u_tlb/u_plan/add_141/U35/Y (INVx2_ASAP7_75t_R)         14.70     534.65 f
  u_tlb/u_plan/add_141/U1_18/CON (FAx1_ASAP7_75t_R)      21.32     555.97 r
  u_tlb/u_plan/add_141/U2/Y (INVx1_ASAP7_75t_R)          19.91     575.88 f
  u_tlb/u_plan/add_141/U1_19/CON (FAx1_ASAP7_75t_R)      27.64     603.52 r
  u_tlb/u_plan/add_141/U31/Y (INVx2_ASAP7_75t_R)         14.70     618.21 f
  u_tlb/u_plan/add_141/U1_20/CON (FAx1_ASAP7_75t_R)      21.32     639.53 r
  u_tlb/u_plan/add_141/U6/Y (INVx1_ASAP7_75t_R)          19.91     659.45 f
  u_tlb/u_plan/add_141/U1_21/CON (FAx1_ASAP7_75t_R)      27.64     687.08 r
  u_tlb/u_plan/add_141/U34/Y (INVx2_ASAP7_75t_R)         14.70     701.78 f
  u_tlb/u_plan/add_141/U1_22/CON (FAx1_ASAP7_75t_R)      21.32     723.10 r
  u_tlb/u_plan/add_141/U4/Y (INVx1_ASAP7_75t_R)          19.91     743.01 f
  u_tlb/u_plan/add_141/U1_23/CON (FAx1_ASAP7_75t_R)      22.93     765.94 r
  u_tlb/u_plan/add_141/U5/Y (INVx1_ASAP7_75t_R)          19.99     785.93 f
  u_tlb/u_plan/add_141/U17/Y (AND2x2_ASAP7_75t_R)        25.22     811.15 f
  u_tlb/u_plan/add_141/U13/Y (AND2x2_ASAP7_75t_R)        21.91     833.06 f
  u_tlb/u_plan/add_141/U16/Y (AND2x2_ASAP7_75t_R)        21.91     854.97 f
  u_tlb/u_plan/add_141/U12/Y (AND2x2_ASAP7_75t_R)        21.91     876.88 f
  u_tlb/u_plan/add_141/U15/Y (AND2x2_ASAP7_75t_R)        21.91     898.80 f
  u_tlb/u_plan/add_141/U9/Y (AND2x2_ASAP7_75t_R)         21.91     920.71 f
  u_tlb/u_plan/add_141/U14/Y (AND2x2_ASAP7_75t_R)        21.92     942.63 f
  u_tlb/u_plan/add_141/U11/Y (AND2x2_ASAP7_75t_R)        21.92     964.55 f
  u_tlb/u_plan/add_141/U18/Y (AND2x2_ASAP7_75t_R)        20.58     985.12 f
  u_tlb/u_plan/add_141/U10/Y (XOR2xp5_ASAP7_75t_R)       17.29    1002.41 r
  u_tlb/u_plan/add_141/SUM[33] (kv_scan_planner_ENTRIES32_DW01_add_1_DW01_add_5)     0.00  1002.41 r
  u_tlb/u_plan/eq_143_4/B[33] (kv_scan_planner_ENTRIES32_DW01_cmp6_0_DW01_cmp6_3)     0.00  1002.41 r
  u_tlb/u_plan/eq_143_4/U13/Y (XNOR2xp5_ASAP7_75t_R)     22.06    1024.47 r
  u_tlb/u_plan/eq_143_4/U10/Y (NAND5xp2_ASAP7_75t_R)     24.10    1048.58 f
  u_tlb/u_plan/eq_143_4/U4/Y (NOR5xp2_ASAP7_75t_R)       36.69    1085.27 r
  u_tlb/u_plan/eq_143_4/EQ (kv_scan_planner_ENTRIES32_DW01_cmp6_0_DW01_cmp6_3)     0.00  1085.27 r
  u_tlb/u_plan/U583/Y (NAND5xp2_ASAP7_75t_R)             40.81    1126.08 f
  u_tlb/u_plan/U3/Y (NOR2x1_ASAP7_75t_R)                 62.22    1188.30 r
  u_tlb/u_plan/U34/Y (AOI211xp5_ASAP7_75t_R)             33.63    1221.93 f
  u_tlb/u_plan/U105/Y (OR2x2_ASAP7_75t_R)                30.07    1252.00 f
  u_tlb/u_plan/U52/Y (HB1xp67_ASAP7_75t_R)               52.14    1304.14 f
  u_tlb/u_plan/U113/Y (INVx1_ASAP7_75t_R)                73.53    1377.67 r
  u_tlb/u_plan/U551/Y (OAI22xp33_ASAP7_75t_R)            30.62    1408.29 f
  u_tlb/u_plan/pending_reg[key_base][13]/D (DFFASRHQNx1_ASAP7_75t_R)     0.00  1408.29 f
  data arrival time                                               1408.29

  clock clk (rise edge)                                1501.50    1501.50
  clock network delay (ideal)                             0.00    1501.50
  clock uncertainty                                     -50.00    1451.50
  u_tlb/u_plan/pending_reg[key_base][13]/CLK (DFFASRHQNx1_ASAP7_75t_R)     0.00  1451.50 r
  library setup time                                     -5.36    1446.14
  data required time                                              1446.14
  --------------------------------------------------------------------------
  data required time                                              1446.14
  data arrival time                                              -1408.29
  --------------------------------------------------------------------------
  slack (MET)                                                       37.85


  Startpoint: u_tlb/u_plan/pending_reg[count][0]
              (rising edge-triggered flip-flop clocked by clk)
  Endpoint: u_tlb/u_plan/pending_reg[key_base][12]
            (rising edge-triggered flip-flop clocked by clk)
  Path Group: clk
  Path Type: max

  Point                                                   Incr       Path
  --------------------------------------------------------------------------
  clock clk (rise edge)                                   0.00       0.00
  clock network delay (ideal)                             0.00       0.00
  u_tlb/u_plan/pending_reg[count][0]/CLK (DFFASRHQNx1_ASAP7_75t_R)     0.00 #     0.00 r
  u_tlb/u_plan/pending_reg[count][0]/QN (DFFASRHQNx1_ASAP7_75t_R)   110.49   110.49 f
  u_tlb/u_plan/add_141/B[8] (kv_scan_planner_ENTRIES32_DW01_add_1_DW01_add_5)     0.00   110.49 f
  u_tlb/u_plan/add_141/U19/Y (AND2x2_ASAP7_75t_R)        42.90     153.38 f
  u_tlb/u_plan/add_141/U1_9/CON (FAx1_ASAP7_75t_R)       20.32     173.70 r
  u_tlb/u_plan/add_141/U3/Y (INVx1_ASAP7_75t_R)          20.63     194.33 f
  u_tlb/u_plan/add_141/U1_10/CON (FAx1_ASAP7_75t_R)      27.93     222.27 r
  u_tlb/u_plan/add_141/U30/Y (INVx2_ASAP7_75t_R)         15.25     237.52 f
  u_tlb/u_plan/add_141/U1_11/CON (FAx1_ASAP7_75t_R)      21.57     259.10 r
  u_tlb/u_plan/add_141/U8/Y (INVx1_ASAP7_75t_R)          20.63     279.73 f
  u_tlb/u_plan/add_141/U1_12/CON (FAx1_ASAP7_75t_R)      27.93     307.66 r
  u_tlb/u_plan/add_141/U32/Y (INVx2_ASAP7_75t_R)         15.25     322.92 f
  u_tlb/u_plan/add_141/U1_13/CON (FAx1_ASAP7_75t_R)      21.57     344.49 r
  u_tlb/u_plan/add_141/U7/Y (INVx1_ASAP7_75t_R)          20.63     365.13 f
  u_tlb/u_plan/add_141/U1_14/CON (FAx1_ASAP7_75t_R)      27.93     393.06 r
  u_tlb/u_plan/add_141/U33/Y (INVx2_ASAP7_75t_R)         15.25     408.31 f
  u_tlb/u_plan/add_141/U1_15/CON (FAx1_ASAP7_75t_R)      21.57     429.89 r
  u_tlb/u_plan/add_141/U1/Y (INVx1_ASAP7_75t_R)          20.63     450.52 f
  u_tlb/u_plan/add_141/U1_16/CON (FAx1_ASAP7_75t_R)      27.93     478.46 r
  u_tlb/u_plan/add_141/U36/Y (INVx2_ASAP7_75t_R)         15.25     493.71 f
  u_tlb/u_plan/add_141/U1_17/CON (FAx1_ASAP7_75t_R)      26.25     519.96 r
  u_tlb/u_plan/add_141/U35/Y (INVx2_ASAP7_75t_R)         14.70     534.65 f
  u_tlb/u_plan/add_141/U1_18/CON (FAx1_ASAP7_75t_R)      21.32     555.97 r
  u_tlb/u_plan/add_141/U2/Y (INVx1_ASAP7_75t_R)          19.91     575.88 f
  u_tlb/u_plan/add_141/U1_19/CON (FAx1_ASAP7_75t_R)      27.64     603.52 r
  u_tlb/u_plan/add_141/U31/Y (INVx2_ASAP7_75t_R)         14.70     618.21 f
  u_tlb/u_plan/add_141/U1_20/CON (FAx1_ASAP7_75t_R)      21.32     639.53 r
  u_tlb/u_plan/add_141/U6/Y (INVx1_ASAP7_75t_R)          19.91     659.45 f
  u_tlb/u_plan/add_141/U1_21/CON (FAx1_ASAP7_75t_R)      27.64     687.08 r
  u_tlb/u_plan/add_141/U34/Y (INVx2_ASAP7_75t_R)         14.70     701.78 f
  u_tlb/u_plan/add_141/U1_22/CON (FAx1_ASAP7_75t_R)      21.32     723.10 r
  u_tlb/u_plan/add_141/U4/Y (INVx1_ASAP7_75t_R)          19.91     743.01 f
  u_tlb/u_plan/add_141/U1_23/CON (FAx1_ASAP7_75t_R)      22.93     765.94 r
  u_tlb/u_plan/add_141/U5/Y (INVx1_ASAP7_75t_R)          19.99     785.93 f
  u_tlb/u_plan/add_141/U17/Y (AND2x2_ASAP7_75t_R)        25.22     811.15 f
  u_tlb/u_plan/add_141/U13/Y (AND2x2_ASAP7_75t_R)        21.91     833.06 f
  u_tlb/u_plan/add_141/U16/Y (AND2x2_ASAP7_75t_R)        21.91     854.97 f
  u_tlb/u_plan/add_141/U12/Y (AND2x2_ASAP7_75t_R)        21.91     876.88 f
  u_tlb/u_plan/add_141/U15/Y (AND2x2_ASAP7_75t_R)        21.91     898.80 f
  u_tlb/u_plan/add_141/U9/Y (AND2x2_ASAP7_75t_R)         21.91     920.71 f
  u_tlb/u_plan/add_141/U14/Y (AND2x2_ASAP7_75t_R)        21.92     942.63 f
  u_tlb/u_plan/add_141/U11/Y (AND2x2_ASAP7_75t_R)        21.92     964.55 f
  u_tlb/u_plan/add_141/U18/Y (AND2x2_ASAP7_75t_R)        20.58     985.12 f
  u_tlb/u_plan/add_141/U10/Y (XOR2xp5_ASAP7_75t_R)       17.29    1002.41 r
  u_tlb/u_plan/add_141/SUM[33] (kv_scan_planner_ENTRIES32_DW01_add_1_DW01_add_5)     0.00  1002.41 r
  u_tlb/u_plan/eq_143_4/B[33] (kv_scan_planner_ENTRIES32_DW01_cmp6_0_DW01_cmp6_3)     0.00  1002.41 r
  u_tlb/u_plan/eq_143_4/U13/Y (XNOR2xp5_ASAP7_75t_R)     22.06    1024.47 r
  u_tlb/u_plan/eq_143_4/U10/Y (NAND5xp2_ASAP7_75t_R)     24.10    1048.58 f
  u_tlb/u_plan/eq_143_4/U4/Y (NOR5xp2_ASAP7_75t_R)       36.69    1085.27 r
  u_tlb/u_plan/eq_143_4/EQ (kv_scan_planner_ENTRIES32_DW01_cmp6_0_DW01_cmp6_3)     0.00  1085.27 r
  u_tlb/u_plan/U583/Y (NAND5xp2_ASAP7_75t_R)             40.81    1126.08 f
  u_tlb/u_plan/U3/Y (NOR2x1_ASAP7_75t_R)                 62.22    1188.30 r
  u_tlb/u_plan/U34/Y (AOI211xp5_ASAP7_75t_R)             33.63    1221.93 f
  u_tlb/u_plan/U105/Y (OR2x2_ASAP7_75t_R)                30.07    1252.00 f
  u_tlb/u_plan/U52/Y (HB1xp67_ASAP7_75t_R)               52.14    1304.14 f
  u_tlb/u_plan/U113/Y (INVx1_ASAP7_75t_R)                73.53    1377.67 r
  u_tlb/u_plan/U552/Y (OAI22xp33_ASAP7_75t_R)            30.62    1408.29 f
  u_tlb/u_plan/pending_reg[key_base][12]/D (DFFASRHQNx1_ASAP7_75t_R)     0.00  1408.29 f
  data arrival time                                               1408.29

  clock clk (rise edge)                                1501.50    1501.50
  clock network delay (ideal)                             0.00    1501.50
  clock uncertainty                                     -50.00    1451.50
  u_tlb/u_plan/pending_reg[key_base][12]/CLK (DFFASRHQNx1_ASAP7_75t_R)     0.00  1451.50 r
  library setup time                                     -5.36    1446.14
  data required time                                              1446.14
  --------------------------------------------------------------------------
  data required time                                              1446.14
  data arrival time                                              -1408.29
  --------------------------------------------------------------------------
  slack (MET)                                                       37.85


  Startpoint: u_tlb/u_plan/pending_reg[count][0]
              (rising edge-triggered flip-flop clocked by clk)
  Endpoint: u_tlb/u_plan/pending_reg[key_base][10]
            (rising edge-triggered flip-flop clocked by clk)
  Path Group: clk
  Path Type: max

  Point                                                   Incr       Path
  --------------------------------------------------------------------------
  clock clk (rise edge)                                   0.00       0.00
  clock network delay (ideal)                             0.00       0.00
  u_tlb/u_plan/pending_reg[count][0]/CLK (DFFASRHQNx1_ASAP7_75t_R)     0.00 #     0.00 r
  u_tlb/u_plan/pending_reg[count][0]/QN (DFFASRHQNx1_ASAP7_75t_R)   110.49   110.49 f
  u_tlb/u_plan/add_141/B[8] (kv_scan_planner_ENTRIES32_DW01_add_1_DW01_add_5)     0.00   110.49 f
  u_tlb/u_plan/add_141/U19/Y (AND2x2_ASAP7_75t_R)        42.90     153.38 f
  u_tlb/u_plan/add_141/U1_9/CON (FAx1_ASAP7_75t_R)       20.32     173.70 r
  u_tlb/u_plan/add_141/U3/Y (INVx1_ASAP7_75t_R)          20.63     194.33 f
  u_tlb/u_plan/add_141/U1_10/CON (FAx1_ASAP7_75t_R)      27.93     222.27 r
  u_tlb/u_plan/add_141/U30/Y (INVx2_ASAP7_75t_R)         15.25     237.52 f
  u_tlb/u_plan/add_141/U1_11/CON (FAx1_ASAP7_75t_R)      21.57     259.10 r
  u_tlb/u_plan/add_141/U8/Y (INVx1_ASAP7_75t_R)          20.63     279.73 f
  u_tlb/u_plan/add_141/U1_12/CON (FAx1_ASAP7_75t_R)      27.93     307.66 r
  u_tlb/u_plan/add_141/U32/Y (INVx2_ASAP7_75t_R)         15.25     322.92 f
  u_tlb/u_plan/add_141/U1_13/CON (FAx1_ASAP7_75t_R)      21.57     344.49 r
  u_tlb/u_plan/add_141/U7/Y (INVx1_ASAP7_75t_R)          20.63     365.13 f
  u_tlb/u_plan/add_141/U1_14/CON (FAx1_ASAP7_75t_R)      27.93     393.06 r
  u_tlb/u_plan/add_141/U33/Y (INVx2_ASAP7_75t_R)         15.25     408.31 f
  u_tlb/u_plan/add_141/U1_15/CON (FAx1_ASAP7_75t_R)      21.57     429.89 r
  u_tlb/u_plan/add_141/U1/Y (INVx1_ASAP7_75t_R)          20.63     450.52 f
  u_tlb/u_plan/add_141/U1_16/CON (FAx1_ASAP7_75t_R)      27.93     478.46 r
  u_tlb/u_plan/add_141/U36/Y (INVx2_ASAP7_75t_R)         15.25     493.71 f
  u_tlb/u_plan/add_141/U1_17/CON (FAx1_ASAP7_75t_R)      26.25     519.96 r
  u_tlb/u_plan/add_141/U35/Y (INVx2_ASAP7_75t_R)         14.70     534.65 f
  u_tlb/u_plan/add_141/U1_18/CON (FAx1_ASAP7_75t_R)      21.32     555.97 r
  u_tlb/u_plan/add_141/U2/Y (INVx1_ASAP7_75t_R)          19.91     575.88 f
  u_tlb/u_plan/add_141/U1_19/CON (FAx1_ASAP7_75t_R)      27.64     603.52 r
  u_tlb/u_plan/add_141/U31/Y (INVx2_ASAP7_75t_R)         14.70     618.21 f
  u_tlb/u_plan/add_141/U1_20/CON (FAx1_ASAP7_75t_R)      21.32     639.53 r
  u_tlb/u_plan/add_141/U6/Y (INVx1_ASAP7_75t_R)          19.91     659.45 f
  u_tlb/u_plan/add_141/U1_21/CON (FAx1_ASAP7_75t_R)      27.64     687.08 r
  u_tlb/u_plan/add_141/U34/Y (INVx2_ASAP7_75t_R)         14.70     701.78 f
  u_tlb/u_plan/add_141/U1_22/CON (FAx1_ASAP7_75t_R)      21.32     723.10 r
  u_tlb/u_plan/add_141/U4/Y (INVx1_ASAP7_75t_R)          19.91     743.01 f
  u_tlb/u_plan/add_141/U1_23/CON (FAx1_ASAP7_75t_R)      22.93     765.94 r
  u_tlb/u_plan/add_141/U5/Y (INVx1_ASAP7_75t_R)          19.99     785.93 f
  u_tlb/u_plan/add_141/U17/Y (AND2x2_ASAP7_75t_R)        25.22     811.15 f
  u_tlb/u_plan/add_141/U13/Y (AND2x2_ASAP7_75t_R)        21.91     833.06 f
  u_tlb/u_plan/add_141/U16/Y (AND2x2_ASAP7_75t_R)        21.91     854.97 f
  u_tlb/u_plan/add_141/U12/Y (AND2x2_ASAP7_75t_R)        21.91     876.88 f
  u_tlb/u_plan/add_141/U15/Y (AND2x2_ASAP7_75t_R)        21.91     898.80 f
  u_tlb/u_plan/add_141/U9/Y (AND2x2_ASAP7_75t_R)         21.91     920.71 f
  u_tlb/u_plan/add_141/U14/Y (AND2x2_ASAP7_75t_R)        21.92     942.63 f
  u_tlb/u_plan/add_141/U11/Y (AND2x2_ASAP7_75t_R)        21.92     964.55 f
  u_tlb/u_plan/add_141/U18/Y (AND2x2_ASAP7_75t_R)        20.58     985.12 f
  u_tlb/u_plan/add_141/U10/Y (XOR2xp5_ASAP7_75t_R)       17.29    1002.41 r
  u_tlb/u_plan/add_141/SUM[33] (kv_scan_planner_ENTRIES32_DW01_add_1_DW01_add_5)     0.00  1002.41 r
  u_tlb/u_plan/eq_143_4/B[33] (kv_scan_planner_ENTRIES32_DW01_cmp6_0_DW01_cmp6_3)     0.00  1002.41 r
  u_tlb/u_plan/eq_143_4/U13/Y (XNOR2xp5_ASAP7_75t_R)     22.06    1024.47 r
  u_tlb/u_plan/eq_143_4/U10/Y (NAND5xp2_ASAP7_75t_R)     24.10    1048.58 f
  u_tlb/u_plan/eq_143_4/U4/Y (NOR5xp2_ASAP7_75t_R)       36.69    1085.27 r
  u_tlb/u_plan/eq_143_4/EQ (kv_scan_planner_ENTRIES32_DW01_cmp6_0_DW01_cmp6_3)     0.00  1085.27 r
  u_tlb/u_plan/U583/Y (NAND5xp2_ASAP7_75t_R)             40.81    1126.08 f
  u_tlb/u_plan/U3/Y (NOR2x1_ASAP7_75t_R)                 62.22    1188.30 r
  u_tlb/u_plan/U34/Y (AOI211xp5_ASAP7_75t_R)             33.63    1221.93 f
  u_tlb/u_plan/U105/Y (OR2x2_ASAP7_75t_R)                30.07    1252.00 f
  u_tlb/u_plan/U52/Y (HB1xp67_ASAP7_75t_R)               52.14    1304.14 f
  u_tlb/u_plan/U113/Y (INVx1_ASAP7_75t_R)                73.53    1377.67 r
  u_tlb/u_plan/U554/Y (OAI22xp33_ASAP7_75t_R)            30.62    1408.29 f
  u_tlb/u_plan/pending_reg[key_base][10]/D (DFFASRHQNx1_ASAP7_75t_R)     0.00  1408.29 f
  data arrival time                                               1408.29

  clock clk (rise edge)                                1501.50    1501.50
  clock network delay (ideal)                             0.00    1501.50
  clock uncertainty                                     -50.00    1451.50
  u_tlb/u_plan/pending_reg[key_base][10]/CLK (DFFASRHQNx1_ASAP7_75t_R)     0.00  1451.50 r
  library setup time                                     -5.36    1446.14
  data required time                                              1446.14
  --------------------------------------------------------------------------
  data required time                                              1446.14
  data arrival time                                              -1408.29
  --------------------------------------------------------------------------
  slack (MET)                                                       37.85


  Startpoint: u_tlb/u_plan/pending_reg[count][0]
              (rising edge-triggered flip-flop clocked by clk)
  Endpoint: u_tlb/u_plan/pending_reg[key_base][9]
            (rising edge-triggered flip-flop clocked by clk)
  Path Group: clk
  Path Type: max

  Point                                                   Incr       Path
  --------------------------------------------------------------------------
  clock clk (rise edge)                                   0.00       0.00
  clock network delay (ideal)                             0.00       0.00
  u_tlb/u_plan/pending_reg[count][0]/CLK (DFFASRHQNx1_ASAP7_75t_R)     0.00 #     0.00 r
  u_tlb/u_plan/pending_reg[count][0]/QN (DFFASRHQNx1_ASAP7_75t_R)   110.49   110.49 f
  u_tlb/u_plan/add_141/B[8] (kv_scan_planner_ENTRIES32_DW01_add_1_DW01_add_5)     0.00   110.49 f
  u_tlb/u_plan/add_141/U19/Y (AND2x2_ASAP7_75t_R)        42.90     153.38 f
  u_tlb/u_plan/add_141/U1_9/CON (FAx1_ASAP7_75t_R)       20.32     173.70 r
  u_tlb/u_plan/add_141/U3/Y (INVx1_ASAP7_75t_R)          20.63     194.33 f
  u_tlb/u_plan/add_141/U1_10/CON (FAx1_ASAP7_75t_R)      27.93     222.27 r
  u_tlb/u_plan/add_141/U30/Y (INVx2_ASAP7_75t_R)         15.25     237.52 f
  u_tlb/u_plan/add_141/U1_11/CON (FAx1_ASAP7_75t_R)      21.57     259.10 r
  u_tlb/u_plan/add_141/U8/Y (INVx1_ASAP7_75t_R)          20.63     279.73 f
  u_tlb/u_plan/add_141/U1_12/CON (FAx1_ASAP7_75t_R)      27.93     307.66 r
  u_tlb/u_plan/add_141/U32/Y (INVx2_ASAP7_75t_R)         15.25     322.92 f
  u_tlb/u_plan/add_141/U1_13/CON (FAx1_ASAP7_75t_R)      21.57     344.49 r
  u_tlb/u_plan/add_141/U7/Y (INVx1_ASAP7_75t_R)          20.63     365.13 f
  u_tlb/u_plan/add_141/U1_14/CON (FAx1_ASAP7_75t_R)      27.93     393.06 r
  u_tlb/u_plan/add_141/U33/Y (INVx2_ASAP7_75t_R)         15.25     408.31 f
  u_tlb/u_plan/add_141/U1_15/CON (FAx1_ASAP7_75t_R)      21.57     429.89 r
  u_tlb/u_plan/add_141/U1/Y (INVx1_ASAP7_75t_R)          20.63     450.52 f
  u_tlb/u_plan/add_141/U1_16/CON (FAx1_ASAP7_75t_R)      27.93     478.46 r
  u_tlb/u_plan/add_141/U36/Y (INVx2_ASAP7_75t_R)         15.25     493.71 f
  u_tlb/u_plan/add_141/U1_17/CON (FAx1_ASAP7_75t_R)      26.25     519.96 r
  u_tlb/u_plan/add_141/U35/Y (INVx2_ASAP7_75t_R)         14.70     534.65 f
  u_tlb/u_plan/add_141/U1_18/CON (FAx1_ASAP7_75t_R)      21.32     555.97 r
  u_tlb/u_plan/add_141/U2/Y (INVx1_ASAP7_75t_R)          19.91     575.88 f
  u_tlb/u_plan/add_141/U1_19/CON (FAx1_ASAP7_75t_R)      27.64     603.52 r
  u_tlb/u_plan/add_141/U31/Y (INVx2_ASAP7_75t_R)         14.70     618.21 f
  u_tlb/u_plan/add_141/U1_20/CON (FAx1_ASAP7_75t_R)      21.32     639.53 r
  u_tlb/u_plan/add_141/U6/Y (INVx1_ASAP7_75t_R)          19.91     659.45 f
  u_tlb/u_plan/add_141/U1_21/CON (FAx1_ASAP7_75t_R)      27.64     687.08 r
  u_tlb/u_plan/add_141/U34/Y (INVx2_ASAP7_75t_R)         14.70     701.78 f
  u_tlb/u_plan/add_141/U1_22/CON (FAx1_ASAP7_75t_R)      21.32     723.10 r
  u_tlb/u_plan/add_141/U4/Y (INVx1_ASAP7_75t_R)          19.91     743.01 f
  u_tlb/u_plan/add_141/U1_23/CON (FAx1_ASAP7_75t_R)      22.93     765.94 r
  u_tlb/u_plan/add_141/U5/Y (INVx1_ASAP7_75t_R)          19.99     785.93 f
  u_tlb/u_plan/add_141/U17/Y (AND2x2_ASAP7_75t_R)        25.22     811.15 f
  u_tlb/u_plan/add_141/U13/Y (AND2x2_ASAP7_75t_R)        21.91     833.06 f
  u_tlb/u_plan/add_141/U16/Y (AND2x2_ASAP7_75t_R)        21.91     854.97 f
  u_tlb/u_plan/add_141/U12/Y (AND2x2_ASAP7_75t_R)        21.91     876.88 f
  u_tlb/u_plan/add_141/U15/Y (AND2x2_ASAP7_75t_R)        21.91     898.80 f
  u_tlb/u_plan/add_141/U9/Y (AND2x2_ASAP7_75t_R)         21.91     920.71 f
  u_tlb/u_plan/add_141/U14/Y (AND2x2_ASAP7_75t_R)        21.92     942.63 f
  u_tlb/u_plan/add_141/U11/Y (AND2x2_ASAP7_75t_R)        21.92     964.55 f
  u_tlb/u_plan/add_141/U18/Y (AND2x2_ASAP7_75t_R)        20.58     985.12 f
  u_tlb/u_plan/add_141/U10/Y (XOR2xp5_ASAP7_75t_R)       17.29    1002.41 r
  u_tlb/u_plan/add_141/SUM[33] (kv_scan_planner_ENTRIES32_DW01_add_1_DW01_add_5)     0.00  1002.41 r
  u_tlb/u_plan/eq_143_4/B[33] (kv_scan_planner_ENTRIES32_DW01_cmp6_0_DW01_cmp6_3)     0.00  1002.41 r
  u_tlb/u_plan/eq_143_4/U13/Y (XNOR2xp5_ASAP7_75t_R)     22.06    1024.47 r
  u_tlb/u_plan/eq_143_4/U10/Y (NAND5xp2_ASAP7_75t_R)     24.10    1048.58 f
  u_tlb/u_plan/eq_143_4/U4/Y (NOR5xp2_ASAP7_75t_R)       36.69    1085.27 r
  u_tlb/u_plan/eq_143_4/EQ (kv_scan_planner_ENTRIES32_DW01_cmp6_0_DW01_cmp6_3)     0.00  1085.27 r
  u_tlb/u_plan/U583/Y (NAND5xp2_ASAP7_75t_R)             40.81    1126.08 f
  u_tlb/u_plan/U3/Y (NOR2x1_ASAP7_75t_R)                 62.22    1188.30 r
  u_tlb/u_plan/U34/Y (AOI211xp5_ASAP7_75t_R)             33.63    1221.93 f
  u_tlb/u_plan/U105/Y (OR2x2_ASAP7_75t_R)                30.07    1252.00 f
  u_tlb/u_plan/U52/Y (HB1xp67_ASAP7_75t_R)               52.14    1304.14 f
  u_tlb/u_plan/U113/Y (INVx1_ASAP7_75t_R)                73.53    1377.67 r
  u_tlb/u_plan/U555/Y (OAI22xp33_ASAP7_75t_R)            30.62    1408.29 f
  u_tlb/u_plan/pending_reg[key_base][9]/D (DFFASRHQNx1_ASAP7_75t_R)     0.00  1408.29 f
  data arrival time                                               1408.29

  clock clk (rise edge)                                1501.50    1501.50
  clock network delay (ideal)                             0.00    1501.50
  clock uncertainty                                     -50.00    1451.50
  u_tlb/u_plan/pending_reg[key_base][9]/CLK (DFFASRHQNx1_ASAP7_75t_R)     0.00  1451.50 r
  library setup time                                     -5.36    1446.14
  data required time                                              1446.14
  --------------------------------------------------------------------------
  data required time                                              1446.14
  data arrival time                                              -1408.29
  --------------------------------------------------------------------------
  slack (MET)                                                       37.85


  Startpoint: u_tlb/u_plan/pending_reg[count][0]
              (rising edge-triggered flip-flop clocked by clk)
  Endpoint: u_tlb/u_plan/pending_reg[key_base][1]
            (rising edge-triggered flip-flop clocked by clk)
  Path Group: clk
  Path Type: max

  Point                                                   Incr       Path
  --------------------------------------------------------------------------
  clock clk (rise edge)                                   0.00       0.00
  clock network delay (ideal)                             0.00       0.00
  u_tlb/u_plan/pending_reg[count][0]/CLK (DFFASRHQNx1_ASAP7_75t_R)     0.00 #     0.00 r
  u_tlb/u_plan/pending_reg[count][0]/QN (DFFASRHQNx1_ASAP7_75t_R)   110.49   110.49 f
  u_tlb/u_plan/add_141/B[8] (kv_scan_planner_ENTRIES32_DW01_add_1_DW01_add_5)     0.00   110.49 f
  u_tlb/u_plan/add_141/U19/Y (AND2x2_ASAP7_75t_R)        42.90     153.38 f
  u_tlb/u_plan/add_141/U1_9/CON (FAx1_ASAP7_75t_R)       20.32     173.70 r
  u_tlb/u_plan/add_141/U3/Y (INVx1_ASAP7_75t_R)          20.63     194.33 f
  u_tlb/u_plan/add_141/U1_10/CON (FAx1_ASAP7_75t_R)      27.93     222.27 r
  u_tlb/u_plan/add_141/U30/Y (INVx2_ASAP7_75t_R)         15.25     237.52 f
  u_tlb/u_plan/add_141/U1_11/CON (FAx1_ASAP7_75t_R)      21.57     259.10 r
  u_tlb/u_plan/add_141/U8/Y (INVx1_ASAP7_75t_R)          20.63     279.73 f
  u_tlb/u_plan/add_141/U1_12/CON (FAx1_ASAP7_75t_R)      27.93     307.66 r
  u_tlb/u_plan/add_141/U32/Y (INVx2_ASAP7_75t_R)         15.25     322.92 f
  u_tlb/u_plan/add_141/U1_13/CON (FAx1_ASAP7_75t_R)      21.57     344.49 r
  u_tlb/u_plan/add_141/U7/Y (INVx1_ASAP7_75t_R)          20.63     365.13 f
  u_tlb/u_plan/add_141/U1_14/CON (FAx1_ASAP7_75t_R)      27.93     393.06 r
  u_tlb/u_plan/add_141/U33/Y (INVx2_ASAP7_75t_R)         15.25     408.31 f
  u_tlb/u_plan/add_141/U1_15/CON (FAx1_ASAP7_75t_R)      21.57     429.89 r
  u_tlb/u_plan/add_141/U1/Y (INVx1_ASAP7_75t_R)          20.63     450.52 f
  u_tlb/u_plan/add_141/U1_16/CON (FAx1_ASAP7_75t_R)      27.93     478.46 r
  u_tlb/u_plan/add_141/U36/Y (INVx2_ASAP7_75t_R)         15.25     493.71 f
  u_tlb/u_plan/add_141/U1_17/CON (FAx1_ASAP7_75t_R)      26.25     519.96 r
  u_tlb/u_plan/add_141/U35/Y (INVx2_ASAP7_75t_R)         14.70     534.65 f
  u_tlb/u_plan/add_141/U1_18/CON (FAx1_ASAP7_75t_R)      21.32     555.97 r
  u_tlb/u_plan/add_141/U2/Y (INVx1_ASAP7_75t_R)          19.91     575.88 f
  u_tlb/u_plan/add_141/U1_19/CON (FAx1_ASAP7_75t_R)      27.64     603.52 r
  u_tlb/u_plan/add_141/U31/Y (INVx2_ASAP7_75t_R)         14.70     618.21 f
  u_tlb/u_plan/add_141/U1_20/CON (FAx1_ASAP7_75t_R)      21.32     639.53 r
  u_tlb/u_plan/add_141/U6/Y (INVx1_ASAP7_75t_R)          19.91     659.45 f
  u_tlb/u_plan/add_141/U1_21/CON (FAx1_ASAP7_75t_R)      27.64     687.08 r
  u_tlb/u_plan/add_141/U34/Y (INVx2_ASAP7_75t_R)         14.70     701.78 f
  u_tlb/u_plan/add_141/U1_22/CON (FAx1_ASAP7_75t_R)      21.32     723.10 r
  u_tlb/u_plan/add_141/U4/Y (INVx1_ASAP7_75t_R)          19.91     743.01 f
  u_tlb/u_plan/add_141/U1_23/CON (FAx1_ASAP7_75t_R)      22.93     765.94 r
  u_tlb/u_plan/add_141/U5/Y (INVx1_ASAP7_75t_R)          19.99     785.93 f
  u_tlb/u_plan/add_141/U17/Y (AND2x2_ASAP7_75t_R)        25.22     811.15 f
  u_tlb/u_plan/add_141/U13/Y (AND2x2_ASAP7_75t_R)        21.91     833.06 f
  u_tlb/u_plan/add_141/U16/Y (AND2x2_ASAP7_75t_R)        21.91     854.97 f
  u_tlb/u_plan/add_141/U12/Y (AND2x2_ASAP7_75t_R)        21.91     876.88 f
  u_tlb/u_plan/add_141/U15/Y (AND2x2_ASAP7_75t_R)        21.91     898.80 f
  u_tlb/u_plan/add_141/U9/Y (AND2x2_ASAP7_75t_R)         21.91     920.71 f
  u_tlb/u_plan/add_141/U14/Y (AND2x2_ASAP7_75t_R)        21.92     942.63 f
  u_tlb/u_plan/add_141/U11/Y (AND2x2_ASAP7_75t_R)        21.92     964.55 f
  u_tlb/u_plan/add_141/U18/Y (AND2x2_ASAP7_75t_R)        20.58     985.12 f
  u_tlb/u_plan/add_141/U10/Y (XOR2xp5_ASAP7_75t_R)       17.29    1002.41 r
  u_tlb/u_plan/add_141/SUM[33] (kv_scan_planner_ENTRIES32_DW01_add_1_DW01_add_5)     0.00  1002.41 r
  u_tlb/u_plan/eq_143_4/B[33] (kv_scan_planner_ENTRIES32_DW01_cmp6_0_DW01_cmp6_3)     0.00  1002.41 r
  u_tlb/u_plan/eq_143_4/U13/Y (XNOR2xp5_ASAP7_75t_R)     22.06    1024.47 r
  u_tlb/u_plan/eq_143_4/U10/Y (NAND5xp2_ASAP7_75t_R)     24.10    1048.58 f
  u_tlb/u_plan/eq_143_4/U4/Y (NOR5xp2_ASAP7_75t_R)       36.69    1085.27 r
  u_tlb/u_plan/eq_143_4/EQ (kv_scan_planner_ENTRIES32_DW01_cmp6_0_DW01_cmp6_3)     0.00  1085.27 r
  u_tlb/u_plan/U583/Y (NAND5xp2_ASAP7_75t_R)             40.81    1126.08 f
  u_tlb/u_plan/U3/Y (NOR2x1_ASAP7_75t_R)                 62.22    1188.30 r
  u_tlb/u_plan/U34/Y (AOI211xp5_ASAP7_75t_R)             33.63    1221.93 f
  u_tlb/u_plan/U105/Y (OR2x2_ASAP7_75t_R)                30.07    1252.00 f
  u_tlb/u_plan/U52/Y (HB1xp67_ASAP7_75t_R)               52.14    1304.14 f
  u_tlb/u_plan/U113/Y (INVx1_ASAP7_75t_R)                73.53    1377.67 r
  u_tlb/u_plan/U563/Y (OAI22xp33_ASAP7_75t_R)            30.62    1408.29 f
  u_tlb/u_plan/pending_reg[key_base][1]/D (DFFASRHQNx1_ASAP7_75t_R)     0.00  1408.29 f
  data arrival time                                               1408.29

  clock clk (rise edge)                                1501.50    1501.50
  clock network delay (ideal)                             0.00    1501.50
  clock uncertainty                                     -50.00    1451.50
  u_tlb/u_plan/pending_reg[key_base][1]/CLK (DFFASRHQNx1_ASAP7_75t_R)     0.00  1451.50 r
  library setup time                                     -5.32    1446.18
  data required time                                              1446.18
  --------------------------------------------------------------------------
  data required time                                              1446.18
  data arrival time                                              -1408.29
  --------------------------------------------------------------------------
  slack (MET)                                                       37.89


  Startpoint: u_tlb/u_plan/pending_reg[count][0]
              (rising edge-triggered flip-flop clocked by clk)
  Endpoint: u_tlb/u_plan/pending_reg[key_base][0]
            (rising edge-triggered flip-flop clocked by clk)
  Path Group: clk
  Path Type: max

  Point                                                   Incr       Path
  --------------------------------------------------------------------------
  clock clk (rise edge)                                   0.00       0.00
  clock network delay (ideal)                             0.00       0.00
  u_tlb/u_plan/pending_reg[count][0]/CLK (DFFASRHQNx1_ASAP7_75t_R)     0.00 #     0.00 r
  u_tlb/u_plan/pending_reg[count][0]/QN (DFFASRHQNx1_ASAP7_75t_R)   110.49   110.49 f
  u_tlb/u_plan/add_141/B[8] (kv_scan_planner_ENTRIES32_DW01_add_1_DW01_add_5)     0.00   110.49 f
  u_tlb/u_plan/add_141/U19/Y (AND2x2_ASAP7_75t_R)        42.90     153.38 f
  u_tlb/u_plan/add_141/U1_9/CON (FAx1_ASAP7_75t_R)       20.32     173.70 r
  u_tlb/u_plan/add_141/U3/Y (INVx1_ASAP7_75t_R)          20.63     194.33 f
  u_tlb/u_plan/add_141/U1_10/CON (FAx1_ASAP7_75t_R)      27.93     222.27 r
  u_tlb/u_plan/add_141/U30/Y (INVx2_ASAP7_75t_R)         15.25     237.52 f
  u_tlb/u_plan/add_141/U1_11/CON (FAx1_ASAP7_75t_R)      21.57     259.10 r
  u_tlb/u_plan/add_141/U8/Y (INVx1_ASAP7_75t_R)          20.63     279.73 f
  u_tlb/u_plan/add_141/U1_12/CON (FAx1_ASAP7_75t_R)      27.93     307.66 r
  u_tlb/u_plan/add_141/U32/Y (INVx2_ASAP7_75t_R)         15.25     322.92 f
  u_tlb/u_plan/add_141/U1_13/CON (FAx1_ASAP7_75t_R)      21.57     344.49 r
  u_tlb/u_plan/add_141/U7/Y (INVx1_ASAP7_75t_R)          20.63     365.13 f
  u_tlb/u_plan/add_141/U1_14/CON (FAx1_ASAP7_75t_R)      27.93     393.06 r
  u_tlb/u_plan/add_141/U33/Y (INVx2_ASAP7_75t_R)         15.25     408.31 f
  u_tlb/u_plan/add_141/U1_15/CON (FAx1_ASAP7_75t_R)      21.57     429.89 r
  u_tlb/u_plan/add_141/U1/Y (INVx1_ASAP7_75t_R)          20.63     450.52 f
  u_tlb/u_plan/add_141/U1_16/CON (FAx1_ASAP7_75t_R)      27.93     478.46 r
  u_tlb/u_plan/add_141/U36/Y (INVx2_ASAP7_75t_R)         15.25     493.71 f
  u_tlb/u_plan/add_141/U1_17/CON (FAx1_ASAP7_75t_R)      26.25     519.96 r
  u_tlb/u_plan/add_141/U35/Y (INVx2_ASAP7_75t_R)         14.70     534.65 f
  u_tlb/u_plan/add_141/U1_18/CON (FAx1_ASAP7_75t_R)      21.32     555.97 r
  u_tlb/u_plan/add_141/U2/Y (INVx1_ASAP7_75t_R)          19.91     575.88 f
  u_tlb/u_plan/add_141/U1_19/CON (FAx1_ASAP7_75t_R)      27.64     603.52 r
  u_tlb/u_plan/add_141/U31/Y (INVx2_ASAP7_75t_R)         14.70     618.21 f
  u_tlb/u_plan/add_141/U1_20/CON (FAx1_ASAP7_75t_R)      21.32     639.53 r
  u_tlb/u_plan/add_141/U6/Y (INVx1_ASAP7_75t_R)          19.91     659.45 f
  u_tlb/u_plan/add_141/U1_21/CON (FAx1_ASAP7_75t_R)      27.64     687.08 r
  u_tlb/u_plan/add_141/U34/Y (INVx2_ASAP7_75t_R)         14.70     701.78 f
  u_tlb/u_plan/add_141/U1_22/CON (FAx1_ASAP7_75t_R)      21.32     723.10 r
  u_tlb/u_plan/add_141/U4/Y (INVx1_ASAP7_75t_R)          19.91     743.01 f
  u_tlb/u_plan/add_141/U1_23/CON (FAx1_ASAP7_75t_R)      22.93     765.94 r
  u_tlb/u_plan/add_141/U5/Y (INVx1_ASAP7_75t_R)          19.99     785.93 f
  u_tlb/u_plan/add_141/U17/Y (AND2x2_ASAP7_75t_R)        25.22     811.15 f
  u_tlb/u_plan/add_141/U13/Y (AND2x2_ASAP7_75t_R)        21.91     833.06 f
  u_tlb/u_plan/add_141/U16/Y (AND2x2_ASAP7_75t_R)        21.91     854.97 f
  u_tlb/u_plan/add_141/U12/Y (AND2x2_ASAP7_75t_R)        21.91     876.88 f
  u_tlb/u_plan/add_141/U15/Y (AND2x2_ASAP7_75t_R)        21.91     898.80 f
  u_tlb/u_plan/add_141/U9/Y (AND2x2_ASAP7_75t_R)         21.91     920.71 f
  u_tlb/u_plan/add_141/U14/Y (AND2x2_ASAP7_75t_R)        21.92     942.63 f
  u_tlb/u_plan/add_141/U11/Y (AND2x2_ASAP7_75t_R)        21.92     964.55 f
  u_tlb/u_plan/add_141/U18/Y (AND2x2_ASAP7_75t_R)        20.58     985.12 f
  u_tlb/u_plan/add_141/U10/Y (XOR2xp5_ASAP7_75t_R)       17.29    1002.41 r
  u_tlb/u_plan/add_141/SUM[33] (kv_scan_planner_ENTRIES32_DW01_add_1_DW01_add_5)     0.00  1002.41 r
  u_tlb/u_plan/eq_143_4/B[33] (kv_scan_planner_ENTRIES32_DW01_cmp6_0_DW01_cmp6_3)     0.00  1002.41 r
  u_tlb/u_plan/eq_143_4/U13/Y (XNOR2xp5_ASAP7_75t_R)     22.06    1024.47 r
  u_tlb/u_plan/eq_143_4/U10/Y (NAND5xp2_ASAP7_75t_R)     24.10    1048.58 f
  u_tlb/u_plan/eq_143_4/U4/Y (NOR5xp2_ASAP7_75t_R)       36.69    1085.27 r
  u_tlb/u_plan/eq_143_4/EQ (kv_scan_planner_ENTRIES32_DW01_cmp6_0_DW01_cmp6_3)     0.00  1085.27 r
  u_tlb/u_plan/U583/Y (NAND5xp2_ASAP7_75t_R)             40.81    1126.08 f
  u_tlb/u_plan/U3/Y (NOR2x1_ASAP7_75t_R)                 62.22    1188.30 r
  u_tlb/u_plan/U34/Y (AOI211xp5_ASAP7_75t_R)             33.63    1221.93 f
  u_tlb/u_plan/U105/Y (OR2x2_ASAP7_75t_R)                30.07    1252.00 f
  u_tlb/u_plan/U52/Y (HB1xp67_ASAP7_75t_R)               52.14    1304.14 f
  u_tlb/u_plan/U113/Y (INVx1_ASAP7_75t_R)                73.53    1377.67 r
  u_tlb/u_plan/U564/Y (OAI22xp33_ASAP7_75t_R)            30.62    1408.29 f
  u_tlb/u_plan/pending_reg[key_base][0]/D (DFFASRHQNx1_ASAP7_75t_R)     0.00  1408.29 f
  data arrival time                                               1408.29

  clock clk (rise edge)                                1501.50    1501.50
  clock network delay (ideal)                             0.00    1501.50
  clock uncertainty                                     -50.00    1451.50
  u_tlb/u_plan/pending_reg[key_base][0]/CLK (DFFASRHQNx1_ASAP7_75t_R)     0.00  1451.50 r
  library setup time                                     -5.32    1446.18
  data required time                                              1446.18
  --------------------------------------------------------------------------
  data required time                                              1446.18
  data arrival time                                              -1408.29
  --------------------------------------------------------------------------
  slack (MET)                                                       37.89


  Startpoint: u_tlb/u_plan/pending_reg[count][0]
              (rising edge-triggered flip-flop clocked by clk)
  Endpoint: u_tlb/u_plan/pending_reg[ch_base][3]
            (rising edge-triggered flip-flop clocked by clk)
  Path Group: clk
  Path Type: max

  Point                                                   Incr       Path
  --------------------------------------------------------------------------
  clock clk (rise edge)                                   0.00       0.00
  clock network delay (ideal)                             0.00       0.00
  u_tlb/u_plan/pending_reg[count][0]/CLK (DFFASRHQNx1_ASAP7_75t_R)     0.00 #     0.00 r
  u_tlb/u_plan/pending_reg[count][0]/QN (DFFASRHQNx1_ASAP7_75t_R)   110.49   110.49 f
  u_tlb/u_plan/add_141/B[8] (kv_scan_planner_ENTRIES32_DW01_add_1_DW01_add_5)     0.00   110.49 f
  u_tlb/u_plan/add_141/U19/Y (AND2x2_ASAP7_75t_R)        42.90     153.38 f
  u_tlb/u_plan/add_141/U1_9/CON (FAx1_ASAP7_75t_R)       20.32     173.70 r
  u_tlb/u_plan/add_141/U3/Y (INVx1_ASAP7_75t_R)          20.63     194.33 f
  u_tlb/u_plan/add_141/U1_10/CON (FAx1_ASAP7_75t_R)      27.93     222.27 r
  u_tlb/u_plan/add_141/U30/Y (INVx2_ASAP7_75t_R)         15.25     237.52 f
  u_tlb/u_plan/add_141/U1_11/CON (FAx1_ASAP7_75t_R)      21.57     259.10 r
  u_tlb/u_plan/add_141/U8/Y (INVx1_ASAP7_75t_R)          20.63     279.73 f
  u_tlb/u_plan/add_141/U1_12/CON (FAx1_ASAP7_75t_R)      27.93     307.66 r
  u_tlb/u_plan/add_141/U32/Y (INVx2_ASAP7_75t_R)         15.25     322.92 f
  u_tlb/u_plan/add_141/U1_13/CON (FAx1_ASAP7_75t_R)      21.57     344.49 r
  u_tlb/u_plan/add_141/U7/Y (INVx1_ASAP7_75t_R)          20.63     365.13 f
  u_tlb/u_plan/add_141/U1_14/CON (FAx1_ASAP7_75t_R)      27.93     393.06 r
  u_tlb/u_plan/add_141/U33/Y (INVx2_ASAP7_75t_R)         15.25     408.31 f
  u_tlb/u_plan/add_141/U1_15/CON (FAx1_ASAP7_75t_R)      21.57     429.89 r
  u_tlb/u_plan/add_141/U1/Y (INVx1_ASAP7_75t_R)          20.63     450.52 f
  u_tlb/u_plan/add_141/U1_16/CON (FAx1_ASAP7_75t_R)      27.93     478.46 r
  u_tlb/u_plan/add_141/U36/Y (INVx2_ASAP7_75t_R)         15.25     493.71 f
  u_tlb/u_plan/add_141/U1_17/CON (FAx1_ASAP7_75t_R)      26.25     519.96 r
  u_tlb/u_plan/add_141/U35/Y (INVx2_ASAP7_75t_R)         14.70     534.65 f
  u_tlb/u_plan/add_141/U1_18/CON (FAx1_ASAP7_75t_R)      21.32     555.97 r
  u_tlb/u_plan/add_141/U2/Y (INVx1_ASAP7_75t_R)          19.91     575.88 f
  u_tlb/u_plan/add_141/U1_19/CON (FAx1_ASAP7_75t_R)      27.64     603.52 r
  u_tlb/u_plan/add_141/U31/Y (INVx2_ASAP7_75t_R)         14.70     618.21 f
  u_tlb/u_plan/add_141/U1_20/CON (FAx1_ASAP7_75t_R)      21.32     639.53 r
  u_tlb/u_plan/add_141/U6/Y (INVx1_ASAP7_75t_R)          19.91     659.45 f
  u_tlb/u_plan/add_141/U1_21/CON (FAx1_ASAP7_75t_R)      27.64     687.08 r
  u_tlb/u_plan/add_141/U34/Y (INVx2_ASAP7_75t_R)         14.70     701.78 f
  u_tlb/u_plan/add_141/U1_22/CON (FAx1_ASAP7_75t_R)      21.32     723.10 r
  u_tlb/u_plan/add_141/U4/Y (INVx1_ASAP7_75t_R)          19.91     743.01 f
  u_tlb/u_plan/add_141/U1_23/CON (FAx1_ASAP7_75t_R)      22.93     765.94 r
  u_tlb/u_plan/add_141/U5/Y (INVx1_ASAP7_75t_R)          19.99     785.93 f
  u_tlb/u_plan/add_141/U17/Y (AND2x2_ASAP7_75t_R)        25.22     811.15 f
  u_tlb/u_plan/add_141/U13/Y (AND2x2_ASAP7_75t_R)        21.91     833.06 f
  u_tlb/u_plan/add_141/U16/Y (AND2x2_ASAP7_75t_R)        21.91     854.97 f
  u_tlb/u_plan/add_141/U12/Y (AND2x2_ASAP7_75t_R)        21.91     876.88 f
  u_tlb/u_plan/add_141/U15/Y (AND2x2_ASAP7_75t_R)        21.91     898.80 f
  u_tlb/u_plan/add_141/U9/Y (AND2x2_ASAP7_75t_R)         21.91     920.71 f
  u_tlb/u_plan/add_141/U14/Y (AND2x2_ASAP7_75t_R)        21.92     942.63 f
  u_tlb/u_plan/add_141/U11/Y (AND2x2_ASAP7_75t_R)        21.92     964.55 f
  u_tlb/u_plan/add_141/U18/Y (AND2x2_ASAP7_75t_R)        20.58     985.12 f
  u_tlb/u_plan/add_141/U10/Y (XOR2xp5_ASAP7_75t_R)       17.29    1002.41 r
  u_tlb/u_plan/add_141/SUM[33] (kv_scan_planner_ENTRIES32_DW01_add_1_DW01_add_5)     0.00  1002.41 r
  u_tlb/u_plan/eq_143_4/B[33] (kv_scan_planner_ENTRIES32_DW01_cmp6_0_DW01_cmp6_3)     0.00  1002.41 r
  u_tlb/u_plan/eq_143_4/U13/Y (XNOR2xp5_ASAP7_75t_R)     22.06    1024.47 r
  u_tlb/u_plan/eq_143_4/U10/Y (NAND5xp2_ASAP7_75t_R)     24.10    1048.58 f
  u_tlb/u_plan/eq_143_4/U4/Y (NOR5xp2_ASAP7_75t_R)       36.69    1085.27 r
  u_tlb/u_plan/eq_143_4/EQ (kv_scan_planner_ENTRIES32_DW01_cmp6_0_DW01_cmp6_3)     0.00  1085.27 r
  u_tlb/u_plan/U583/Y (NAND5xp2_ASAP7_75t_R)             40.81    1126.08 f
  u_tlb/u_plan/U3/Y (NOR2x1_ASAP7_75t_R)                 62.22    1188.30 r
  u_tlb/u_plan/U34/Y (AOI211xp5_ASAP7_75t_R)             33.63    1221.93 f
  u_tlb/u_plan/U105/Y (OR2x2_ASAP7_75t_R)                30.07    1252.00 f
  u_tlb/u_plan/U52/Y (HB1xp67_ASAP7_75t_R)               52.14    1304.14 f
  u_tlb/u_plan/U113/Y (INVx1_ASAP7_75t_R)                73.53    1377.67 r
  u_tlb/u_plan/U565/Y (OAI22xp33_ASAP7_75t_R)            30.62    1408.29 f
  u_tlb/u_plan/pending_reg[ch_base][3]/D (DFFASRHQNx1_ASAP7_75t_R)     0.00  1408.29 f
  data arrival time                                               1408.29

  clock clk (rise edge)                                1501.50    1501.50
  clock network delay (ideal)                             0.00    1501.50
  clock uncertainty                                     -50.00    1451.50
  u_tlb/u_plan/pending_reg[ch_base][3]/CLK (DFFASRHQNx1_ASAP7_75t_R)     0.00  1451.50 r
  library setup time                                     -5.32    1446.18
  data required time                                              1446.18
  --------------------------------------------------------------------------
  data required time                                              1446.18
  data arrival time                                              -1408.29
  --------------------------------------------------------------------------
  slack (MET)                                                       37.89


  Startpoint: u_tlb/u_plan/pending_reg[count][0]
              (rising edge-triggered flip-flop clocked by clk)
  Endpoint: u_tlb/u_plan/pending_reg[ch_base][2]
            (rising edge-triggered flip-flop clocked by clk)
  Path Group: clk
  Path Type: max

  Point                                                   Incr       Path
  --------------------------------------------------------------------------
  clock clk (rise edge)                                   0.00       0.00
  clock network delay (ideal)                             0.00       0.00
  u_tlb/u_plan/pending_reg[count][0]/CLK (DFFASRHQNx1_ASAP7_75t_R)     0.00 #     0.00 r
  u_tlb/u_plan/pending_reg[count][0]/QN (DFFASRHQNx1_ASAP7_75t_R)   110.49   110.49 f
  u_tlb/u_plan/add_141/B[8] (kv_scan_planner_ENTRIES32_DW01_add_1_DW01_add_5)     0.00   110.49 f
  u_tlb/u_plan/add_141/U19/Y (AND2x2_ASAP7_75t_R)        42.90     153.38 f
  u_tlb/u_plan/add_141/U1_9/CON (FAx1_ASAP7_75t_R)       20.32     173.70 r
  u_tlb/u_plan/add_141/U3/Y (INVx1_ASAP7_75t_R)          20.63     194.33 f
  u_tlb/u_plan/add_141/U1_10/CON (FAx1_ASAP7_75t_R)      27.93     222.27 r
  u_tlb/u_plan/add_141/U30/Y (INVx2_ASAP7_75t_R)         15.25     237.52 f
  u_tlb/u_plan/add_141/U1_11/CON (FAx1_ASAP7_75t_R)      21.57     259.10 r
  u_tlb/u_plan/add_141/U8/Y (INVx1_ASAP7_75t_R)          20.63     279.73 f
  u_tlb/u_plan/add_141/U1_12/CON (FAx1_ASAP7_75t_R)      27.93     307.66 r
  u_tlb/u_plan/add_141/U32/Y (INVx2_ASAP7_75t_R)         15.25     322.92 f
  u_tlb/u_plan/add_141/U1_13/CON (FAx1_ASAP7_75t_R)      21.57     344.49 r
  u_tlb/u_plan/add_141/U7/Y (INVx1_ASAP7_75t_R)          20.63     365.13 f
  u_tlb/u_plan/add_141/U1_14/CON (FAx1_ASAP7_75t_R)      27.93     393.06 r
  u_tlb/u_plan/add_141/U33/Y (INVx2_ASAP7_75t_R)         15.25     408.31 f
  u_tlb/u_plan/add_141/U1_15/CON (FAx1_ASAP7_75t_R)      21.57     429.89 r
  u_tlb/u_plan/add_141/U1/Y (INVx1_ASAP7_75t_R)          20.63     450.52 f
  u_tlb/u_plan/add_141/U1_16/CON (FAx1_ASAP7_75t_R)      27.93     478.46 r
  u_tlb/u_plan/add_141/U36/Y (INVx2_ASAP7_75t_R)         15.25     493.71 f
  u_tlb/u_plan/add_141/U1_17/CON (FAx1_ASAP7_75t_R)      26.25     519.96 r
  u_tlb/u_plan/add_141/U35/Y (INVx2_ASAP7_75t_R)         14.70     534.65 f
  u_tlb/u_plan/add_141/U1_18/CON (FAx1_ASAP7_75t_R)      21.32     555.97 r
  u_tlb/u_plan/add_141/U2/Y (INVx1_ASAP7_75t_R)          19.91     575.88 f
  u_tlb/u_plan/add_141/U1_19/CON (FAx1_ASAP7_75t_R)      27.64     603.52 r
  u_tlb/u_plan/add_141/U31/Y (INVx2_ASAP7_75t_R)         14.70     618.21 f
  u_tlb/u_plan/add_141/U1_20/CON (FAx1_ASAP7_75t_R)      21.32     639.53 r
  u_tlb/u_plan/add_141/U6/Y (INVx1_ASAP7_75t_R)          19.91     659.45 f
  u_tlb/u_plan/add_141/U1_21/CON (FAx1_ASAP7_75t_R)      27.64     687.08 r
  u_tlb/u_plan/add_141/U34/Y (INVx2_ASAP7_75t_R)         14.70     701.78 f
  u_tlb/u_plan/add_141/U1_22/CON (FAx1_ASAP7_75t_R)      21.32     723.10 r
  u_tlb/u_plan/add_141/U4/Y (INVx1_ASAP7_75t_R)          19.91     743.01 f
  u_tlb/u_plan/add_141/U1_23/CON (FAx1_ASAP7_75t_R)      22.93     765.94 r
  u_tlb/u_plan/add_141/U5/Y (INVx1_ASAP7_75t_R)          19.99     785.93 f
  u_tlb/u_plan/add_141/U17/Y (AND2x2_ASAP7_75t_R)        25.22     811.15 f
  u_tlb/u_plan/add_141/U13/Y (AND2x2_ASAP7_75t_R)        21.91     833.06 f
  u_tlb/u_plan/add_141/U16/Y (AND2x2_ASAP7_75t_R)        21.91     854.97 f
  u_tlb/u_plan/add_141/U12/Y (AND2x2_ASAP7_75t_R)        21.91     876.88 f
  u_tlb/u_plan/add_141/U15/Y (AND2x2_ASAP7_75t_R)        21.91     898.80 f
  u_tlb/u_plan/add_141/U9/Y (AND2x2_ASAP7_75t_R)         21.91     920.71 f
  u_tlb/u_plan/add_141/U14/Y (AND2x2_ASAP7_75t_R)        21.92     942.63 f
  u_tlb/u_plan/add_141/U11/Y (AND2x2_ASAP7_75t_R)        21.92     964.55 f
  u_tlb/u_plan/add_141/U18/Y (AND2x2_ASAP7_75t_R)        20.58     985.12 f
  u_tlb/u_plan/add_141/U10/Y (XOR2xp5_ASAP7_75t_R)       17.29    1002.41 r
  u_tlb/u_plan/add_141/SUM[33] (kv_scan_planner_ENTRIES32_DW01_add_1_DW01_add_5)     0.00  1002.41 r
  u_tlb/u_plan/eq_143_4/B[33] (kv_scan_planner_ENTRIES32_DW01_cmp6_0_DW01_cmp6_3)     0.00  1002.41 r
  u_tlb/u_plan/eq_143_4/U13/Y (XNOR2xp5_ASAP7_75t_R)     22.06    1024.47 r
  u_tlb/u_plan/eq_143_4/U10/Y (NAND5xp2_ASAP7_75t_R)     24.10    1048.58 f
  u_tlb/u_plan/eq_143_4/U4/Y (NOR5xp2_ASAP7_75t_R)       36.69    1085.27 r
  u_tlb/u_plan/eq_143_4/EQ (kv_scan_planner_ENTRIES32_DW01_cmp6_0_DW01_cmp6_3)     0.00  1085.27 r
  u_tlb/u_plan/U583/Y (NAND5xp2_ASAP7_75t_R)             40.81    1126.08 f
  u_tlb/u_plan/U3/Y (NOR2x1_ASAP7_75t_R)                 62.22    1188.30 r
  u_tlb/u_plan/U34/Y (AOI211xp5_ASAP7_75t_R)             33.63    1221.93 f
  u_tlb/u_plan/U105/Y (OR2x2_ASAP7_75t_R)                30.07    1252.00 f
  u_tlb/u_plan/U52/Y (HB1xp67_ASAP7_75t_R)               52.14    1304.14 f
  u_tlb/u_plan/U113/Y (INVx1_ASAP7_75t_R)                73.53    1377.67 r
  u_tlb/u_plan/U566/Y (OAI22xp33_ASAP7_75t_R)            30.62    1408.29 f
  u_tlb/u_plan/pending_reg[ch_base][2]/D (DFFASRHQNx1_ASAP7_75t_R)     0.00  1408.29 f
  data arrival time                                               1408.29

  clock clk (rise edge)                                1501.50    1501.50
  clock network delay (ideal)                             0.00    1501.50
  clock uncertainty                                     -50.00    1451.50
  u_tlb/u_plan/pending_reg[ch_base][2]/CLK (DFFASRHQNx1_ASAP7_75t_R)     0.00  1451.50 r
  library setup time                                     -5.32    1446.18
  data required time                                              1446.18
  --------------------------------------------------------------------------
  data required time                                              1446.18
  data arrival time                                              -1408.29
  --------------------------------------------------------------------------
  slack (MET)                                                       37.89


  Startpoint: u_tlb/u_plan/pending_reg[count][0]
              (rising edge-triggered flip-flop clocked by clk)
  Endpoint: u_tlb/u_plan/pending_reg[ch_base][1]
            (rising edge-triggered flip-flop clocked by clk)
  Path Group: clk
  Path Type: max

  Point                                                   Incr       Path
  --------------------------------------------------------------------------
  clock clk (rise edge)                                   0.00       0.00
  clock network delay (ideal)                             0.00       0.00
  u_tlb/u_plan/pending_reg[count][0]/CLK (DFFASRHQNx1_ASAP7_75t_R)     0.00 #     0.00 r
  u_tlb/u_plan/pending_reg[count][0]/QN (DFFASRHQNx1_ASAP7_75t_R)   110.49   110.49 f
  u_tlb/u_plan/add_141/B[8] (kv_scan_planner_ENTRIES32_DW01_add_1_DW01_add_5)     0.00   110.49 f
  u_tlb/u_plan/add_141/U19/Y (AND2x2_ASAP7_75t_R)        42.90     153.38 f
  u_tlb/u_plan/add_141/U1_9/CON (FAx1_ASAP7_75t_R)       20.32     173.70 r
  u_tlb/u_plan/add_141/U3/Y (INVx1_ASAP7_75t_R)          20.63     194.33 f
  u_tlb/u_plan/add_141/U1_10/CON (FAx1_ASAP7_75t_R)      27.93     222.27 r
  u_tlb/u_plan/add_141/U30/Y (INVx2_ASAP7_75t_R)         15.25     237.52 f
  u_tlb/u_plan/add_141/U1_11/CON (FAx1_ASAP7_75t_R)      21.57     259.10 r
  u_tlb/u_plan/add_141/U8/Y (INVx1_ASAP7_75t_R)          20.63     279.73 f
  u_tlb/u_plan/add_141/U1_12/CON (FAx1_ASAP7_75t_R)      27.93     307.66 r
  u_tlb/u_plan/add_141/U32/Y (INVx2_ASAP7_75t_R)         15.25     322.92 f
  u_tlb/u_plan/add_141/U1_13/CON (FAx1_ASAP7_75t_R)      21.57     344.49 r
  u_tlb/u_plan/add_141/U7/Y (INVx1_ASAP7_75t_R)          20.63     365.13 f
  u_tlb/u_plan/add_141/U1_14/CON (FAx1_ASAP7_75t_R)      27.93     393.06 r
  u_tlb/u_plan/add_141/U33/Y (INVx2_ASAP7_75t_R)         15.25     408.31 f
  u_tlb/u_plan/add_141/U1_15/CON (FAx1_ASAP7_75t_R)      21.57     429.89 r
  u_tlb/u_plan/add_141/U1/Y (INVx1_ASAP7_75t_R)          20.63     450.52 f
  u_tlb/u_plan/add_141/U1_16/CON (FAx1_ASAP7_75t_R)      27.93     478.46 r
  u_tlb/u_plan/add_141/U36/Y (INVx2_ASAP7_75t_R)         15.25     493.71 f
  u_tlb/u_plan/add_141/U1_17/CON (FAx1_ASAP7_75t_R)      26.25     519.96 r
  u_tlb/u_plan/add_141/U35/Y (INVx2_ASAP7_75t_R)         14.70     534.65 f
  u_tlb/u_plan/add_141/U1_18/CON (FAx1_ASAP7_75t_R)      21.32     555.97 r
  u_tlb/u_plan/add_141/U2/Y (INVx1_ASAP7_75t_R)          19.91     575.88 f
  u_tlb/u_plan/add_141/U1_19/CON (FAx1_ASAP7_75t_R)      27.64     603.52 r
  u_tlb/u_plan/add_141/U31/Y (INVx2_ASAP7_75t_R)         14.70     618.21 f
  u_tlb/u_plan/add_141/U1_20/CON (FAx1_ASAP7_75t_R)      21.32     639.53 r
  u_tlb/u_plan/add_141/U6/Y (INVx1_ASAP7_75t_R)          19.91     659.45 f
  u_tlb/u_plan/add_141/U1_21/CON (FAx1_ASAP7_75t_R)      27.64     687.08 r
  u_tlb/u_plan/add_141/U34/Y (INVx2_ASAP7_75t_R)         14.70     701.78 f
  u_tlb/u_plan/add_141/U1_22/CON (FAx1_ASAP7_75t_R)      21.32     723.10 r
  u_tlb/u_plan/add_141/U4/Y (INVx1_ASAP7_75t_R)          19.91     743.01 f
  u_tlb/u_plan/add_141/U1_23/CON (FAx1_ASAP7_75t_R)      22.93     765.94 r
  u_tlb/u_plan/add_141/U5/Y (INVx1_ASAP7_75t_R)          19.99     785.93 f
  u_tlb/u_plan/add_141/U17/Y (AND2x2_ASAP7_75t_R)        25.22     811.15 f
  u_tlb/u_plan/add_141/U13/Y (AND2x2_ASAP7_75t_R)        21.91     833.06 f
  u_tlb/u_plan/add_141/U16/Y (AND2x2_ASAP7_75t_R)        21.91     854.97 f
  u_tlb/u_plan/add_141/U12/Y (AND2x2_ASAP7_75t_R)        21.91     876.88 f
  u_tlb/u_plan/add_141/U15/Y (AND2x2_ASAP7_75t_R)        21.91     898.80 f
  u_tlb/u_plan/add_141/U9/Y (AND2x2_ASAP7_75t_R)         21.91     920.71 f
  u_tlb/u_plan/add_141/U14/Y (AND2x2_ASAP7_75t_R)        21.92     942.63 f
  u_tlb/u_plan/add_141/U11/Y (AND2x2_ASAP7_75t_R)        21.92     964.55 f
  u_tlb/u_plan/add_141/U18/Y (AND2x2_ASAP7_75t_R)        20.58     985.12 f
  u_tlb/u_plan/add_141/U10/Y (XOR2xp5_ASAP7_75t_R)       17.29    1002.41 r
  u_tlb/u_plan/add_141/SUM[33] (kv_scan_planner_ENTRIES32_DW01_add_1_DW01_add_5)     0.00  1002.41 r
  u_tlb/u_plan/eq_143_4/B[33] (kv_scan_planner_ENTRIES32_DW01_cmp6_0_DW01_cmp6_3)     0.00  1002.41 r
  u_tlb/u_plan/eq_143_4/U13/Y (XNOR2xp5_ASAP7_75t_R)     22.06    1024.47 r
  u_tlb/u_plan/eq_143_4/U10/Y (NAND5xp2_ASAP7_75t_R)     24.10    1048.58 f
  u_tlb/u_plan/eq_143_4/U4/Y (NOR5xp2_ASAP7_75t_R)       36.69    1085.27 r
  u_tlb/u_plan/eq_143_4/EQ (kv_scan_planner_ENTRIES32_DW01_cmp6_0_DW01_cmp6_3)     0.00  1085.27 r
  u_tlb/u_plan/U583/Y (NAND5xp2_ASAP7_75t_R)             40.81    1126.08 f
  u_tlb/u_plan/U3/Y (NOR2x1_ASAP7_75t_R)                 62.22    1188.30 r
  u_tlb/u_plan/U34/Y (AOI211xp5_ASAP7_75t_R)             33.63    1221.93 f
  u_tlb/u_plan/U105/Y (OR2x2_ASAP7_75t_R)                30.07    1252.00 f
  u_tlb/u_plan/U52/Y (HB1xp67_ASAP7_75t_R)               52.14    1304.14 f
  u_tlb/u_plan/U113/Y (INVx1_ASAP7_75t_R)                73.53    1377.67 r
  u_tlb/u_plan/U567/Y (OAI22xp33_ASAP7_75t_R)            30.62    1408.29 f
  u_tlb/u_plan/pending_reg[ch_base][1]/D (DFFASRHQNx1_ASAP7_75t_R)     0.00  1408.29 f
  data arrival time                                               1408.29

  clock clk (rise edge)                                1501.50    1501.50
  clock network delay (ideal)                             0.00    1501.50
  clock uncertainty                                     -50.00    1451.50
  u_tlb/u_plan/pending_reg[ch_base][1]/CLK (DFFASRHQNx1_ASAP7_75t_R)     0.00  1451.50 r
  library setup time                                     -5.32    1446.18
  data required time                                              1446.18
  --------------------------------------------------------------------------
  data required time                                              1446.18
  data arrival time                                              -1408.29
  --------------------------------------------------------------------------
  slack (MET)                                                       37.89


  Startpoint: u_tlb/u_plan/pending_reg[count][0]
              (rising edge-triggered flip-flop clocked by clk)
  Endpoint: u_tlb/u_plan/pending_reg[ch_base][0]
            (rising edge-triggered flip-flop clocked by clk)
  Path Group: clk
  Path Type: max

  Point                                                   Incr       Path
  --------------------------------------------------------------------------
  clock clk (rise edge)                                   0.00       0.00
  clock network delay (ideal)                             0.00       0.00
  u_tlb/u_plan/pending_reg[count][0]/CLK (DFFASRHQNx1_ASAP7_75t_R)     0.00 #     0.00 r
  u_tlb/u_plan/pending_reg[count][0]/QN (DFFASRHQNx1_ASAP7_75t_R)   110.49   110.49 f
  u_tlb/u_plan/add_141/B[8] (kv_scan_planner_ENTRIES32_DW01_add_1_DW01_add_5)     0.00   110.49 f
  u_tlb/u_plan/add_141/U19/Y (AND2x2_ASAP7_75t_R)        42.90     153.38 f
  u_tlb/u_plan/add_141/U1_9/CON (FAx1_ASAP7_75t_R)       20.32     173.70 r
  u_tlb/u_plan/add_141/U3/Y (INVx1_ASAP7_75t_R)          20.63     194.33 f
  u_tlb/u_plan/add_141/U1_10/CON (FAx1_ASAP7_75t_R)      27.93     222.27 r
  u_tlb/u_plan/add_141/U30/Y (INVx2_ASAP7_75t_R)         15.25     237.52 f
  u_tlb/u_plan/add_141/U1_11/CON (FAx1_ASAP7_75t_R)      21.57     259.10 r
  u_tlb/u_plan/add_141/U8/Y (INVx1_ASAP7_75t_R)          20.63     279.73 f
  u_tlb/u_plan/add_141/U1_12/CON (FAx1_ASAP7_75t_R)      27.93     307.66 r
  u_tlb/u_plan/add_141/U32/Y (INVx2_ASAP7_75t_R)         15.25     322.92 f
  u_tlb/u_plan/add_141/U1_13/CON (FAx1_ASAP7_75t_R)      21.57     344.49 r
  u_tlb/u_plan/add_141/U7/Y (INVx1_ASAP7_75t_R)          20.63     365.13 f
  u_tlb/u_plan/add_141/U1_14/CON (FAx1_ASAP7_75t_R)      27.93     393.06 r
  u_tlb/u_plan/add_141/U33/Y (INVx2_ASAP7_75t_R)         15.25     408.31 f
  u_tlb/u_plan/add_141/U1_15/CON (FAx1_ASAP7_75t_R)      21.57     429.89 r
  u_tlb/u_plan/add_141/U1/Y (INVx1_ASAP7_75t_R)          20.63     450.52 f
  u_tlb/u_plan/add_141/U1_16/CON (FAx1_ASAP7_75t_R)      27.93     478.46 r
  u_tlb/u_plan/add_141/U36/Y (INVx2_ASAP7_75t_R)         15.25     493.71 f
  u_tlb/u_plan/add_141/U1_17/CON (FAx1_ASAP7_75t_R)      26.25     519.96 r
  u_tlb/u_plan/add_141/U35/Y (INVx2_ASAP7_75t_R)         14.70     534.65 f
  u_tlb/u_plan/add_141/U1_18/CON (FAx1_ASAP7_75t_R)      21.32     555.97 r
  u_tlb/u_plan/add_141/U2/Y (INVx1_ASAP7_75t_R)          19.91     575.88 f
  u_tlb/u_plan/add_141/U1_19/CON (FAx1_ASAP7_75t_R)      27.64     603.52 r
  u_tlb/u_plan/add_141/U31/Y (INVx2_ASAP7_75t_R)         14.70     618.21 f
  u_tlb/u_plan/add_141/U1_20/CON (FAx1_ASAP7_75t_R)      21.32     639.53 r
  u_tlb/u_plan/add_141/U6/Y (INVx1_ASAP7_75t_R)          19.91     659.45 f
  u_tlb/u_plan/add_141/U1_21/CON (FAx1_ASAP7_75t_R)      27.64     687.08 r
  u_tlb/u_plan/add_141/U34/Y (INVx2_ASAP7_75t_R)         14.70     701.78 f
  u_tlb/u_plan/add_141/U1_22/CON (FAx1_ASAP7_75t_R)      21.32     723.10 r
  u_tlb/u_plan/add_141/U4/Y (INVx1_ASAP7_75t_R)          19.91     743.01 f
  u_tlb/u_plan/add_141/U1_23/CON (FAx1_ASAP7_75t_R)      22.93     765.94 r
  u_tlb/u_plan/add_141/U5/Y (INVx1_ASAP7_75t_R)          19.99     785.93 f
  u_tlb/u_plan/add_141/U17/Y (AND2x2_ASAP7_75t_R)        25.22     811.15 f
  u_tlb/u_plan/add_141/U13/Y (AND2x2_ASAP7_75t_R)        21.91     833.06 f
  u_tlb/u_plan/add_141/U16/Y (AND2x2_ASAP7_75t_R)        21.91     854.97 f
  u_tlb/u_plan/add_141/U12/Y (AND2x2_ASAP7_75t_R)        21.91     876.88 f
  u_tlb/u_plan/add_141/U15/Y (AND2x2_ASAP7_75t_R)        21.91     898.80 f
  u_tlb/u_plan/add_141/U9/Y (AND2x2_ASAP7_75t_R)         21.91     920.71 f
  u_tlb/u_plan/add_141/U14/Y (AND2x2_ASAP7_75t_R)        21.92     942.63 f
  u_tlb/u_plan/add_141/U11/Y (AND2x2_ASAP7_75t_R)        21.92     964.55 f
  u_tlb/u_plan/add_141/U18/Y (AND2x2_ASAP7_75t_R)        20.58     985.12 f
  u_tlb/u_plan/add_141/U10/Y (XOR2xp5_ASAP7_75t_R)       17.29    1002.41 r
  u_tlb/u_plan/add_141/SUM[33] (kv_scan_planner_ENTRIES32_DW01_add_1_DW01_add_5)     0.00  1002.41 r
  u_tlb/u_plan/eq_143_4/B[33] (kv_scan_planner_ENTRIES32_DW01_cmp6_0_DW01_cmp6_3)     0.00  1002.41 r
  u_tlb/u_plan/eq_143_4/U13/Y (XNOR2xp5_ASAP7_75t_R)     22.06    1024.47 r
  u_tlb/u_plan/eq_143_4/U10/Y (NAND5xp2_ASAP7_75t_R)     24.10    1048.58 f
  u_tlb/u_plan/eq_143_4/U4/Y (NOR5xp2_ASAP7_75t_R)       36.69    1085.27 r
  u_tlb/u_plan/eq_143_4/EQ (kv_scan_planner_ENTRIES32_DW01_cmp6_0_DW01_cmp6_3)     0.00  1085.27 r
  u_tlb/u_plan/U583/Y (NAND5xp2_ASAP7_75t_R)             40.81    1126.08 f
  u_tlb/u_plan/U3/Y (NOR2x1_ASAP7_75t_R)                 62.22    1188.30 r
  u_tlb/u_plan/U34/Y (AOI211xp5_ASAP7_75t_R)             33.63    1221.93 f
  u_tlb/u_plan/U105/Y (OR2x2_ASAP7_75t_R)                30.07    1252.00 f
  u_tlb/u_plan/U52/Y (HB1xp67_ASAP7_75t_R)               52.14    1304.14 f
  u_tlb/u_plan/U113/Y (INVx1_ASAP7_75t_R)                73.53    1377.67 r
  u_tlb/u_plan/U568/Y (OAI22xp33_ASAP7_75t_R)            30.62    1408.29 f
  u_tlb/u_plan/pending_reg[ch_base][0]/D (DFFASRHQNx1_ASAP7_75t_R)     0.00  1408.29 f
  data arrival time                                               1408.29

  clock clk (rise edge)                                1501.50    1501.50
  clock network delay (ideal)                             0.00    1501.50
  clock uncertainty                                     -50.00    1451.50
  u_tlb/u_plan/pending_reg[ch_base][0]/CLK (DFFASRHQNx1_ASAP7_75t_R)     0.00  1451.50 r
  library setup time                                     -5.32    1446.18
  data required time                                              1446.18
  --------------------------------------------------------------------------
  data required time                                              1446.18
  data arrival time                                              -1408.29
  --------------------------------------------------------------------------
  slack (MET)                                                       37.89


  Startpoint: u_tlb/u_plan/pending_reg[count][0]
              (rising edge-triggered flip-flop clocked by clk)
  Endpoint: u_tlb/u_plan/pending_reg[ch_count][4]
            (rising edge-triggered flip-flop clocked by clk)
  Path Group: clk
  Path Type: max

  Point                                                   Incr       Path
  --------------------------------------------------------------------------
  clock clk (rise edge)                                   0.00       0.00
  clock network delay (ideal)                             0.00       0.00
  u_tlb/u_plan/pending_reg[count][0]/CLK (DFFASRHQNx1_ASAP7_75t_R)     0.00 #     0.00 r
  u_tlb/u_plan/pending_reg[count][0]/QN (DFFASRHQNx1_ASAP7_75t_R)   110.49   110.49 f
  u_tlb/u_plan/add_141/B[8] (kv_scan_planner_ENTRIES32_DW01_add_1_DW01_add_5)     0.00   110.49 f
  u_tlb/u_plan/add_141/U19/Y (AND2x2_ASAP7_75t_R)        42.90     153.38 f
  u_tlb/u_plan/add_141/U1_9/CON (FAx1_ASAP7_75t_R)       20.32     173.70 r
  u_tlb/u_plan/add_141/U3/Y (INVx1_ASAP7_75t_R)          20.63     194.33 f
  u_tlb/u_plan/add_141/U1_10/CON (FAx1_ASAP7_75t_R)      27.93     222.27 r
  u_tlb/u_plan/add_141/U30/Y (INVx2_ASAP7_75t_R)         15.25     237.52 f
  u_tlb/u_plan/add_141/U1_11/CON (FAx1_ASAP7_75t_R)      21.57     259.10 r
  u_tlb/u_plan/add_141/U8/Y (INVx1_ASAP7_75t_R)          20.63     279.73 f
  u_tlb/u_plan/add_141/U1_12/CON (FAx1_ASAP7_75t_R)      27.93     307.66 r
  u_tlb/u_plan/add_141/U32/Y (INVx2_ASAP7_75t_R)         15.25     322.92 f
  u_tlb/u_plan/add_141/U1_13/CON (FAx1_ASAP7_75t_R)      21.57     344.49 r
  u_tlb/u_plan/add_141/U7/Y (INVx1_ASAP7_75t_R)          20.63     365.13 f
  u_tlb/u_plan/add_141/U1_14/CON (FAx1_ASAP7_75t_R)      27.93     393.06 r
  u_tlb/u_plan/add_141/U33/Y (INVx2_ASAP7_75t_R)         15.25     408.31 f
  u_tlb/u_plan/add_141/U1_15/CON (FAx1_ASAP7_75t_R)      21.57     429.89 r
  u_tlb/u_plan/add_141/U1/Y (INVx1_ASAP7_75t_R)          20.63     450.52 f
  u_tlb/u_plan/add_141/U1_16/CON (FAx1_ASAP7_75t_R)      27.93     478.46 r
  u_tlb/u_plan/add_141/U36/Y (INVx2_ASAP7_75t_R)         15.25     493.71 f
  u_tlb/u_plan/add_141/U1_17/CON (FAx1_ASAP7_75t_R)      26.25     519.96 r
  u_tlb/u_plan/add_141/U35/Y (INVx2_ASAP7_75t_R)         14.70     534.65 f
  u_tlb/u_plan/add_141/U1_18/CON (FAx1_ASAP7_75t_R)      21.32     555.97 r
  u_tlb/u_plan/add_141/U2/Y (INVx1_ASAP7_75t_R)          19.91     575.88 f
  u_tlb/u_plan/add_141/U1_19/CON (FAx1_ASAP7_75t_R)      27.64     603.52 r
  u_tlb/u_plan/add_141/U31/Y (INVx2_ASAP7_75t_R)         14.70     618.21 f
  u_tlb/u_plan/add_141/U1_20/CON (FAx1_ASAP7_75t_R)      21.32     639.53 r
  u_tlb/u_plan/add_141/U6/Y (INVx1_ASAP7_75t_R)          19.91     659.45 f
  u_tlb/u_plan/add_141/U1_21/CON (FAx1_ASAP7_75t_R)      27.64     687.08 r
  u_tlb/u_plan/add_141/U34/Y (INVx2_ASAP7_75t_R)         14.70     701.78 f
  u_tlb/u_plan/add_141/U1_22/CON (FAx1_ASAP7_75t_R)      21.32     723.10 r
  u_tlb/u_plan/add_141/U4/Y (INVx1_ASAP7_75t_R)          19.91     743.01 f
  u_tlb/u_plan/add_141/U1_23/CON (FAx1_ASAP7_75t_R)      22.93     765.94 r
  u_tlb/u_plan/add_141/U5/Y (INVx1_ASAP7_75t_R)          19.99     785.93 f
  u_tlb/u_plan/add_141/U17/Y (AND2x2_ASAP7_75t_R)        25.22     811.15 f
  u_tlb/u_plan/add_141/U13/Y (AND2x2_ASAP7_75t_R)        21.91     833.06 f
  u_tlb/u_plan/add_141/U16/Y (AND2x2_ASAP7_75t_R)        21.91     854.97 f
  u_tlb/u_plan/add_141/U12/Y (AND2x2_ASAP7_75t_R)        21.91     876.88 f
  u_tlb/u_plan/add_141/U15/Y (AND2x2_ASAP7_75t_R)        21.91     898.80 f
  u_tlb/u_plan/add_141/U9/Y (AND2x2_ASAP7_75t_R)         21.91     920.71 f
  u_tlb/u_plan/add_141/U14/Y (AND2x2_ASAP7_75t_R)        21.92     942.63 f
  u_tlb/u_plan/add_141/U11/Y (AND2x2_ASAP7_75t_R)        21.92     964.55 f
  u_tlb/u_plan/add_141/U18/Y (AND2x2_ASAP7_75t_R)        20.58     985.12 f
  u_tlb/u_plan/add_141/U10/Y (XOR2xp5_ASAP7_75t_R)       17.29    1002.41 r
  u_tlb/u_plan/add_141/SUM[33] (kv_scan_planner_ENTRIES32_DW01_add_1_DW01_add_5)     0.00  1002.41 r
  u_tlb/u_plan/eq_143_4/B[33] (kv_scan_planner_ENTRIES32_DW01_cmp6_0_DW01_cmp6_3)     0.00  1002.41 r
  u_tlb/u_plan/eq_143_4/U13/Y (XNOR2xp5_ASAP7_75t_R)     22.06    1024.47 r
  u_tlb/u_plan/eq_143_4/U10/Y (NAND5xp2_ASAP7_75t_R)     24.10    1048.58 f
  u_tlb/u_plan/eq_143_4/U4/Y (NOR5xp2_ASAP7_75t_R)       36.69    1085.27 r
  u_tlb/u_plan/eq_143_4/EQ (kv_scan_planner_ENTRIES32_DW01_cmp6_0_DW01_cmp6_3)     0.00  1085.27 r
  u_tlb/u_plan/U583/Y (NAND5xp2_ASAP7_75t_R)             40.81    1126.08 f
  u_tlb/u_plan/U3/Y (NOR2x1_ASAP7_75t_R)                 62.22    1188.30 r
  u_tlb/u_plan/U34/Y (AOI211xp5_ASAP7_75t_R)             33.63    1221.93 f
  u_tlb/u_plan/U105/Y (OR2x2_ASAP7_75t_R)                30.07    1252.00 f
  u_tlb/u_plan/U52/Y (HB1xp67_ASAP7_75t_R)               52.14    1304.14 f
  u_tlb/u_plan/U113/Y (INVx1_ASAP7_75t_R)                73.53    1377.67 r
  u_tlb/u_plan/U569/Y (OAI22xp33_ASAP7_75t_R)            30.62    1408.29 f
  u_tlb/u_plan/pending_reg[ch_count][4]/D (DFFASRHQNx1_ASAP7_75t_R)     0.00  1408.29 f
  data arrival time                                               1408.29

  clock clk (rise edge)                                1501.50    1501.50
  clock network delay (ideal)                             0.00    1501.50
  clock uncertainty                                     -50.00    1451.50
  u_tlb/u_plan/pending_reg[ch_count][4]/CLK (DFFASRHQNx1_ASAP7_75t_R)     0.00  1451.50 r
  library setup time                                     -5.32    1446.18
  data required time                                              1446.18
  --------------------------------------------------------------------------
  data required time                                              1446.18
  data arrival time                                              -1408.29
  --------------------------------------------------------------------------
  slack (MET)                                                       37.89


  Startpoint: u_tlb/u_plan/pending_reg[count][0]
              (rising edge-triggered flip-flop clocked by clk)
  Endpoint: u_tlb/u_plan/pending_reg[ch_count][3]
            (rising edge-triggered flip-flop clocked by clk)
  Path Group: clk
  Path Type: max

  Point                                                   Incr       Path
  --------------------------------------------------------------------------
  clock clk (rise edge)                                   0.00       0.00
  clock network delay (ideal)                             0.00       0.00
  u_tlb/u_plan/pending_reg[count][0]/CLK (DFFASRHQNx1_ASAP7_75t_R)     0.00 #     0.00 r
  u_tlb/u_plan/pending_reg[count][0]/QN (DFFASRHQNx1_ASAP7_75t_R)   110.49   110.49 f
  u_tlb/u_plan/add_141/B[8] (kv_scan_planner_ENTRIES32_DW01_add_1_DW01_add_5)     0.00   110.49 f
  u_tlb/u_plan/add_141/U19/Y (AND2x2_ASAP7_75t_R)        42.90     153.38 f
  u_tlb/u_plan/add_141/U1_9/CON (FAx1_ASAP7_75t_R)       20.32     173.70 r
  u_tlb/u_plan/add_141/U3/Y (INVx1_ASAP7_75t_R)          20.63     194.33 f
  u_tlb/u_plan/add_141/U1_10/CON (FAx1_ASAP7_75t_R)      27.93     222.27 r
  u_tlb/u_plan/add_141/U30/Y (INVx2_ASAP7_75t_R)         15.25     237.52 f
  u_tlb/u_plan/add_141/U1_11/CON (FAx1_ASAP7_75t_R)      21.57     259.10 r
  u_tlb/u_plan/add_141/U8/Y (INVx1_ASAP7_75t_R)          20.63     279.73 f
  u_tlb/u_plan/add_141/U1_12/CON (FAx1_ASAP7_75t_R)      27.93     307.66 r
  u_tlb/u_plan/add_141/U32/Y (INVx2_ASAP7_75t_R)         15.25     322.92 f
  u_tlb/u_plan/add_141/U1_13/CON (FAx1_ASAP7_75t_R)      21.57     344.49 r
  u_tlb/u_plan/add_141/U7/Y (INVx1_ASAP7_75t_R)          20.63     365.13 f
  u_tlb/u_plan/add_141/U1_14/CON (FAx1_ASAP7_75t_R)      27.93     393.06 r
  u_tlb/u_plan/add_141/U33/Y (INVx2_ASAP7_75t_R)         15.25     408.31 f
  u_tlb/u_plan/add_141/U1_15/CON (FAx1_ASAP7_75t_R)      21.57     429.89 r
  u_tlb/u_plan/add_141/U1/Y (INVx1_ASAP7_75t_R)          20.63     450.52 f
  u_tlb/u_plan/add_141/U1_16/CON (FAx1_ASAP7_75t_R)      27.93     478.46 r
  u_tlb/u_plan/add_141/U36/Y (INVx2_ASAP7_75t_R)         15.25     493.71 f
  u_tlb/u_plan/add_141/U1_17/CON (FAx1_ASAP7_75t_R)      26.25     519.96 r
  u_tlb/u_plan/add_141/U35/Y (INVx2_ASAP7_75t_R)         14.70     534.65 f
  u_tlb/u_plan/add_141/U1_18/CON (FAx1_ASAP7_75t_R)      21.32     555.97 r
  u_tlb/u_plan/add_141/U2/Y (INVx1_ASAP7_75t_R)          19.91     575.88 f
  u_tlb/u_plan/add_141/U1_19/CON (FAx1_ASAP7_75t_R)      27.64     603.52 r
  u_tlb/u_plan/add_141/U31/Y (INVx2_ASAP7_75t_R)         14.70     618.21 f
  u_tlb/u_plan/add_141/U1_20/CON (FAx1_ASAP7_75t_R)      21.32     639.53 r
  u_tlb/u_plan/add_141/U6/Y (INVx1_ASAP7_75t_R)          19.91     659.45 f
  u_tlb/u_plan/add_141/U1_21/CON (FAx1_ASAP7_75t_R)      27.64     687.08 r
  u_tlb/u_plan/add_141/U34/Y (INVx2_ASAP7_75t_R)         14.70     701.78 f
  u_tlb/u_plan/add_141/U1_22/CON (FAx1_ASAP7_75t_R)      21.32     723.10 r
  u_tlb/u_plan/add_141/U4/Y (INVx1_ASAP7_75t_R)          19.91     743.01 f
  u_tlb/u_plan/add_141/U1_23/CON (FAx1_ASAP7_75t_R)      22.93     765.94 r
  u_tlb/u_plan/add_141/U5/Y (INVx1_ASAP7_75t_R)          19.99     785.93 f
  u_tlb/u_plan/add_141/U17/Y (AND2x2_ASAP7_75t_R)        25.22     811.15 f
  u_tlb/u_plan/add_141/U13/Y (AND2x2_ASAP7_75t_R)        21.91     833.06 f
  u_tlb/u_plan/add_141/U16/Y (AND2x2_ASAP7_75t_R)        21.91     854.97 f
  u_tlb/u_plan/add_141/U12/Y (AND2x2_ASAP7_75t_R)        21.91     876.88 f
  u_tlb/u_plan/add_141/U15/Y (AND2x2_ASAP7_75t_R)        21.91     898.80 f
  u_tlb/u_plan/add_141/U9/Y (AND2x2_ASAP7_75t_R)         21.91     920.71 f
  u_tlb/u_plan/add_141/U14/Y (AND2x2_ASAP7_75t_R)        21.92     942.63 f
  u_tlb/u_plan/add_141/U11/Y (AND2x2_ASAP7_75t_R)        21.92     964.55 f
  u_tlb/u_plan/add_141/U18/Y (AND2x2_ASAP7_75t_R)        20.58     985.12 f
  u_tlb/u_plan/add_141/U10/Y (XOR2xp5_ASAP7_75t_R)       17.29    1002.41 r
  u_tlb/u_plan/add_141/SUM[33] (kv_scan_planner_ENTRIES32_DW01_add_1_DW01_add_5)     0.00  1002.41 r
  u_tlb/u_plan/eq_143_4/B[33] (kv_scan_planner_ENTRIES32_DW01_cmp6_0_DW01_cmp6_3)     0.00  1002.41 r
  u_tlb/u_plan/eq_143_4/U13/Y (XNOR2xp5_ASAP7_75t_R)     22.06    1024.47 r
  u_tlb/u_plan/eq_143_4/U10/Y (NAND5xp2_ASAP7_75t_R)     24.10    1048.58 f
  u_tlb/u_plan/eq_143_4/U4/Y (NOR5xp2_ASAP7_75t_R)       36.69    1085.27 r
  u_tlb/u_plan/eq_143_4/EQ (kv_scan_planner_ENTRIES32_DW01_cmp6_0_DW01_cmp6_3)     0.00  1085.27 r
  u_tlb/u_plan/U583/Y (NAND5xp2_ASAP7_75t_R)             40.81    1126.08 f
  u_tlb/u_plan/U3/Y (NOR2x1_ASAP7_75t_R)                 62.22    1188.30 r
  u_tlb/u_plan/U34/Y (AOI211xp5_ASAP7_75t_R)             33.63    1221.93 f
  u_tlb/u_plan/U105/Y (OR2x2_ASAP7_75t_R)                30.07    1252.00 f
  u_tlb/u_plan/U52/Y (HB1xp67_ASAP7_75t_R)               52.14    1304.14 f
  u_tlb/u_plan/U113/Y (INVx1_ASAP7_75t_R)                73.53    1377.67 r
  u_tlb/u_plan/U570/Y (OAI22xp33_ASAP7_75t_R)            30.62    1408.29 f
  u_tlb/u_plan/pending_reg[ch_count][3]/D (DFFASRHQNx1_ASAP7_75t_R)     0.00  1408.29 f
  data arrival time                                               1408.29

  clock clk (rise edge)                                1501.50    1501.50
  clock network delay (ideal)                             0.00    1501.50
  clock uncertainty                                     -50.00    1451.50
  u_tlb/u_plan/pending_reg[ch_count][3]/CLK (DFFASRHQNx1_ASAP7_75t_R)     0.00  1451.50 r
  library setup time                                     -5.32    1446.18
  data required time                                              1446.18
  --------------------------------------------------------------------------
  data required time                                              1446.18
  data arrival time                                              -1408.29
  --------------------------------------------------------------------------
  slack (MET)                                                       37.89


  Startpoint: u_tlb/u_plan/pending_reg[count][0]
              (rising edge-triggered flip-flop clocked by clk)
  Endpoint: u_tlb/u_plan/pending_reg[ch_count][2]
            (rising edge-triggered flip-flop clocked by clk)
  Path Group: clk
  Path Type: max

  Point                                                   Incr       Path
  --------------------------------------------------------------------------
  clock clk (rise edge)                                   0.00       0.00
  clock network delay (ideal)                             0.00       0.00
  u_tlb/u_plan/pending_reg[count][0]/CLK (DFFASRHQNx1_ASAP7_75t_R)     0.00 #     0.00 r
  u_tlb/u_plan/pending_reg[count][0]/QN (DFFASRHQNx1_ASAP7_75t_R)   110.49   110.49 f
  u_tlb/u_plan/add_141/B[8] (kv_scan_planner_ENTRIES32_DW01_add_1_DW01_add_5)     0.00   110.49 f
  u_tlb/u_plan/add_141/U19/Y (AND2x2_ASAP7_75t_R)        42.90     153.38 f
  u_tlb/u_plan/add_141/U1_9/CON (FAx1_ASAP7_75t_R)       20.32     173.70 r
  u_tlb/u_plan/add_141/U3/Y (INVx1_ASAP7_75t_R)          20.63     194.33 f
  u_tlb/u_plan/add_141/U1_10/CON (FAx1_ASAP7_75t_R)      27.93     222.27 r
  u_tlb/u_plan/add_141/U30/Y (INVx2_ASAP7_75t_R)         15.25     237.52 f
  u_tlb/u_plan/add_141/U1_11/CON (FAx1_ASAP7_75t_R)      21.57     259.10 r
  u_tlb/u_plan/add_141/U8/Y (INVx1_ASAP7_75t_R)          20.63     279.73 f
  u_tlb/u_plan/add_141/U1_12/CON (FAx1_ASAP7_75t_R)      27.93     307.66 r
  u_tlb/u_plan/add_141/U32/Y (INVx2_ASAP7_75t_R)         15.25     322.92 f
  u_tlb/u_plan/add_141/U1_13/CON (FAx1_ASAP7_75t_R)      21.57     344.49 r
  u_tlb/u_plan/add_141/U7/Y (INVx1_ASAP7_75t_R)          20.63     365.13 f
  u_tlb/u_plan/add_141/U1_14/CON (FAx1_ASAP7_75t_R)      27.93     393.06 r
  u_tlb/u_plan/add_141/U33/Y (INVx2_ASAP7_75t_R)         15.25     408.31 f
  u_tlb/u_plan/add_141/U1_15/CON (FAx1_ASAP7_75t_R)      21.57     429.89 r
  u_tlb/u_plan/add_141/U1/Y (INVx1_ASAP7_75t_R)          20.63     450.52 f
  u_tlb/u_plan/add_141/U1_16/CON (FAx1_ASAP7_75t_R)      27.93     478.46 r
  u_tlb/u_plan/add_141/U36/Y (INVx2_ASAP7_75t_R)         15.25     493.71 f
  u_tlb/u_plan/add_141/U1_17/CON (FAx1_ASAP7_75t_R)      26.25     519.96 r
  u_tlb/u_plan/add_141/U35/Y (INVx2_ASAP7_75t_R)         14.70     534.65 f
  u_tlb/u_plan/add_141/U1_18/CON (FAx1_ASAP7_75t_R)      21.32     555.97 r
  u_tlb/u_plan/add_141/U2/Y (INVx1_ASAP7_75t_R)          19.91     575.88 f
  u_tlb/u_plan/add_141/U1_19/CON (FAx1_ASAP7_75t_R)      27.64     603.52 r
  u_tlb/u_plan/add_141/U31/Y (INVx2_ASAP7_75t_R)         14.70     618.21 f
  u_tlb/u_plan/add_141/U1_20/CON (FAx1_ASAP7_75t_R)      21.32     639.53 r
  u_tlb/u_plan/add_141/U6/Y (INVx1_ASAP7_75t_R)          19.91     659.45 f
  u_tlb/u_plan/add_141/U1_21/CON (FAx1_ASAP7_75t_R)      27.64     687.08 r
  u_tlb/u_plan/add_141/U34/Y (INVx2_ASAP7_75t_R)         14.70     701.78 f
  u_tlb/u_plan/add_141/U1_22/CON (FAx1_ASAP7_75t_R)      21.32     723.10 r
  u_tlb/u_plan/add_141/U4/Y (INVx1_ASAP7_75t_R)          19.91     743.01 f
  u_tlb/u_plan/add_141/U1_23/CON (FAx1_ASAP7_75t_R)      22.93     765.94 r
  u_tlb/u_plan/add_141/U5/Y (INVx1_ASAP7_75t_R)          19.99     785.93 f
  u_tlb/u_plan/add_141/U17/Y (AND2x2_ASAP7_75t_R)        25.22     811.15 f
  u_tlb/u_plan/add_141/U13/Y (AND2x2_ASAP7_75t_R)        21.91     833.06 f
  u_tlb/u_plan/add_141/U16/Y (AND2x2_ASAP7_75t_R)        21.91     854.97 f
  u_tlb/u_plan/add_141/U12/Y (AND2x2_ASAP7_75t_R)        21.91     876.88 f
  u_tlb/u_plan/add_141/U15/Y (AND2x2_ASAP7_75t_R)        21.91     898.80 f
  u_tlb/u_plan/add_141/U9/Y (AND2x2_ASAP7_75t_R)         21.91     920.71 f
  u_tlb/u_plan/add_141/U14/Y (AND2x2_ASAP7_75t_R)        21.92     942.63 f
  u_tlb/u_plan/add_141/U11/Y (AND2x2_ASAP7_75t_R)        21.92     964.55 f
  u_tlb/u_plan/add_141/U18/Y (AND2x2_ASAP7_75t_R)        20.58     985.12 f
  u_tlb/u_plan/add_141/U10/Y (XOR2xp5_ASAP7_75t_R)       17.29    1002.41 r
  u_tlb/u_plan/add_141/SUM[33] (kv_scan_planner_ENTRIES32_DW01_add_1_DW01_add_5)     0.00  1002.41 r
  u_tlb/u_plan/eq_143_4/B[33] (kv_scan_planner_ENTRIES32_DW01_cmp6_0_DW01_cmp6_3)     0.00  1002.41 r
  u_tlb/u_plan/eq_143_4/U13/Y (XNOR2xp5_ASAP7_75t_R)     22.06    1024.47 r
  u_tlb/u_plan/eq_143_4/U10/Y (NAND5xp2_ASAP7_75t_R)     24.10    1048.58 f
  u_tlb/u_plan/eq_143_4/U4/Y (NOR5xp2_ASAP7_75t_R)       36.69    1085.27 r
  u_tlb/u_plan/eq_143_4/EQ (kv_scan_planner_ENTRIES32_DW01_cmp6_0_DW01_cmp6_3)     0.00  1085.27 r
  u_tlb/u_plan/U583/Y (NAND5xp2_ASAP7_75t_R)             40.81    1126.08 f
  u_tlb/u_plan/U3/Y (NOR2x1_ASAP7_75t_R)                 62.22    1188.30 r
  u_tlb/u_plan/U34/Y (AOI211xp5_ASAP7_75t_R)             33.63    1221.93 f
  u_tlb/u_plan/U105/Y (OR2x2_ASAP7_75t_R)                30.07    1252.00 f
  u_tlb/u_plan/U52/Y (HB1xp67_ASAP7_75t_R)               52.14    1304.14 f
  u_tlb/u_plan/U113/Y (INVx1_ASAP7_75t_R)                73.53    1377.67 r
  u_tlb/u_plan/U571/Y (OAI22xp33_ASAP7_75t_R)            30.62    1408.29 f
  u_tlb/u_plan/pending_reg[ch_count][2]/D (DFFASRHQNx1_ASAP7_75t_R)     0.00  1408.29 f
  data arrival time                                               1408.29

  clock clk (rise edge)                                1501.50    1501.50
  clock network delay (ideal)                             0.00    1501.50
  clock uncertainty                                     -50.00    1451.50
  u_tlb/u_plan/pending_reg[ch_count][2]/CLK (DFFASRHQNx1_ASAP7_75t_R)     0.00  1451.50 r
  library setup time                                     -5.32    1446.18
  data required time                                              1446.18
  --------------------------------------------------------------------------
  data required time                                              1446.18
  data arrival time                                              -1408.29
  --------------------------------------------------------------------------
  slack (MET)                                                       37.89


  Startpoint: u_tlb/u_plan/pending_reg[count][0]
              (rising edge-triggered flip-flop clocked by clk)
  Endpoint: u_tlb/u_plan/pending_reg[ch_count][1]
            (rising edge-triggered flip-flop clocked by clk)
  Path Group: clk
  Path Type: max

  Point                                                   Incr       Path
  --------------------------------------------------------------------------
  clock clk (rise edge)                                   0.00       0.00
  clock network delay (ideal)                             0.00       0.00
  u_tlb/u_plan/pending_reg[count][0]/CLK (DFFASRHQNx1_ASAP7_75t_R)     0.00 #     0.00 r
  u_tlb/u_plan/pending_reg[count][0]/QN (DFFASRHQNx1_ASAP7_75t_R)   110.49   110.49 f
  u_tlb/u_plan/add_141/B[8] (kv_scan_planner_ENTRIES32_DW01_add_1_DW01_add_5)     0.00   110.49 f
  u_tlb/u_plan/add_141/U19/Y (AND2x2_ASAP7_75t_R)        42.90     153.38 f
  u_tlb/u_plan/add_141/U1_9/CON (FAx1_ASAP7_75t_R)       20.32     173.70 r
  u_tlb/u_plan/add_141/U3/Y (INVx1_ASAP7_75t_R)          20.63     194.33 f
  u_tlb/u_plan/add_141/U1_10/CON (FAx1_ASAP7_75t_R)      27.93     222.27 r
  u_tlb/u_plan/add_141/U30/Y (INVx2_ASAP7_75t_R)         15.25     237.52 f
  u_tlb/u_plan/add_141/U1_11/CON (FAx1_ASAP7_75t_R)      21.57     259.10 r
  u_tlb/u_plan/add_141/U8/Y (INVx1_ASAP7_75t_R)          20.63     279.73 f
  u_tlb/u_plan/add_141/U1_12/CON (FAx1_ASAP7_75t_R)      27.93     307.66 r
  u_tlb/u_plan/add_141/U32/Y (INVx2_ASAP7_75t_R)         15.25     322.92 f
  u_tlb/u_plan/add_141/U1_13/CON (FAx1_ASAP7_75t_R)      21.57     344.49 r
  u_tlb/u_plan/add_141/U7/Y (INVx1_ASAP7_75t_R)          20.63     365.13 f
  u_tlb/u_plan/add_141/U1_14/CON (FAx1_ASAP7_75t_R)      27.93     393.06 r
  u_tlb/u_plan/add_141/U33/Y (INVx2_ASAP7_75t_R)         15.25     408.31 f
  u_tlb/u_plan/add_141/U1_15/CON (FAx1_ASAP7_75t_R)      21.57     429.89 r
  u_tlb/u_plan/add_141/U1/Y (INVx1_ASAP7_75t_R)          20.63     450.52 f
  u_tlb/u_plan/add_141/U1_16/CON (FAx1_ASAP7_75t_R)      27.93     478.46 r
  u_tlb/u_plan/add_141/U36/Y (INVx2_ASAP7_75t_R)         15.25     493.71 f
  u_tlb/u_plan/add_141/U1_17/CON (FAx1_ASAP7_75t_R)      26.25     519.96 r
  u_tlb/u_plan/add_141/U35/Y (INVx2_ASAP7_75t_R)         14.70     534.65 f
  u_tlb/u_plan/add_141/U1_18/CON (FAx1_ASAP7_75t_R)      21.32     555.97 r
  u_tlb/u_plan/add_141/U2/Y (INVx1_ASAP7_75t_R)          19.91     575.88 f
  u_tlb/u_plan/add_141/U1_19/CON (FAx1_ASAP7_75t_R)      27.64     603.52 r
  u_tlb/u_plan/add_141/U31/Y (INVx2_ASAP7_75t_R)         14.70     618.21 f
  u_tlb/u_plan/add_141/U1_20/CON (FAx1_ASAP7_75t_R)      21.32     639.53 r
  u_tlb/u_plan/add_141/U6/Y (INVx1_ASAP7_75t_R)          19.91     659.45 f
  u_tlb/u_plan/add_141/U1_21/CON (FAx1_ASAP7_75t_R)      27.64     687.08 r
  u_tlb/u_plan/add_141/U34/Y (INVx2_ASAP7_75t_R)         14.70     701.78 f
  u_tlb/u_plan/add_141/U1_22/CON (FAx1_ASAP7_75t_R)      21.32     723.10 r
  u_tlb/u_plan/add_141/U4/Y (INVx1_ASAP7_75t_R)          19.91     743.01 f
  u_tlb/u_plan/add_141/U1_23/CON (FAx1_ASAP7_75t_R)      22.93     765.94 r
  u_tlb/u_plan/add_141/U5/Y (INVx1_ASAP7_75t_R)          19.99     785.93 f
  u_tlb/u_plan/add_141/U17/Y (AND2x2_ASAP7_75t_R)        25.22     811.15 f
  u_tlb/u_plan/add_141/U13/Y (AND2x2_ASAP7_75t_R)        21.91     833.06 f
  u_tlb/u_plan/add_141/U16/Y (AND2x2_ASAP7_75t_R)        21.91     854.97 f
  u_tlb/u_plan/add_141/U12/Y (AND2x2_ASAP7_75t_R)        21.91     876.88 f
  u_tlb/u_plan/add_141/U15/Y (AND2x2_ASAP7_75t_R)        21.91     898.80 f
  u_tlb/u_plan/add_141/U9/Y (AND2x2_ASAP7_75t_R)         21.91     920.71 f
  u_tlb/u_plan/add_141/U14/Y (AND2x2_ASAP7_75t_R)        21.92     942.63 f
  u_tlb/u_plan/add_141/U11/Y (AND2x2_ASAP7_75t_R)        21.92     964.55 f
  u_tlb/u_plan/add_141/U18/Y (AND2x2_ASAP7_75t_R)        20.58     985.12 f
  u_tlb/u_plan/add_141/U10/Y (XOR2xp5_ASAP7_75t_R)       17.29    1002.41 r
  u_tlb/u_plan/add_141/SUM[33] (kv_scan_planner_ENTRIES32_DW01_add_1_DW01_add_5)     0.00  1002.41 r
  u_tlb/u_plan/eq_143_4/B[33] (kv_scan_planner_ENTRIES32_DW01_cmp6_0_DW01_cmp6_3)     0.00  1002.41 r
  u_tlb/u_plan/eq_143_4/U13/Y (XNOR2xp5_ASAP7_75t_R)     22.06    1024.47 r
  u_tlb/u_plan/eq_143_4/U10/Y (NAND5xp2_ASAP7_75t_R)     24.10    1048.58 f
  u_tlb/u_plan/eq_143_4/U4/Y (NOR5xp2_ASAP7_75t_R)       36.69    1085.27 r
  u_tlb/u_plan/eq_143_4/EQ (kv_scan_planner_ENTRIES32_DW01_cmp6_0_DW01_cmp6_3)     0.00  1085.27 r
  u_tlb/u_plan/U583/Y (NAND5xp2_ASAP7_75t_R)             40.81    1126.08 f
  u_tlb/u_plan/U3/Y (NOR2x1_ASAP7_75t_R)                 62.22    1188.30 r
  u_tlb/u_plan/U34/Y (AOI211xp5_ASAP7_75t_R)             33.63    1221.93 f
  u_tlb/u_plan/U105/Y (OR2x2_ASAP7_75t_R)                30.07    1252.00 f
  u_tlb/u_plan/U52/Y (HB1xp67_ASAP7_75t_R)               52.14    1304.14 f
  u_tlb/u_plan/U113/Y (INVx1_ASAP7_75t_R)                73.53    1377.67 r
  u_tlb/u_plan/U572/Y (OAI22xp33_ASAP7_75t_R)            30.62    1408.29 f
  u_tlb/u_plan/pending_reg[ch_count][1]/D (DFFASRHQNx1_ASAP7_75t_R)     0.00  1408.29 f
  data arrival time                                               1408.29

  clock clk (rise edge)                                1501.50    1501.50
  clock network delay (ideal)                             0.00    1501.50
  clock uncertainty                                     -50.00    1451.50
  u_tlb/u_plan/pending_reg[ch_count][1]/CLK (DFFASRHQNx1_ASAP7_75t_R)     0.00  1451.50 r
  library setup time                                     -5.32    1446.18
  data required time                                              1446.18
  --------------------------------------------------------------------------
  data required time                                              1446.18
  data arrival time                                              -1408.29
  --------------------------------------------------------------------------
  slack (MET)                                                       37.89


1
