Warning: Design 'fugue2_logic_die' has '1' unresolved references. For more detailed information, use the "link" command. (UID-341)
 
****************************************
Report : area
Design : fugue2_logic_die
Version: P-2019.03-SP5-6
Date   : Fri Aug 28 23:57:51 2026
****************************************

Library(s) Used:

    asap7sc7p5t_SIMPLE_RVT_TT_nldm_211120 (File: /thu-bloor/xinyao-w23/kvpim-rtl/third_party/asap7_lib/db/asap7sc7p5t_SIMPLE_RVT_TT_nldm_211120.db)
    asap7sc7p5t_INVBUF_RVT_TT_nldm_211120 (File: /thu-bloor/xinyao-w23/kvpim-rtl/third_party/asap7_lib/db/asap7sc7p5t_INVBUF_RVT_TT_nldm_211120.db)
    asap7sc7p5t_OA_RVT_TT_nldm_211120 (File: /thu-bloor/xinyao-w23/kvpim-rtl/third_party/asap7_lib/db/asap7sc7p5t_OA_RVT_TT_nldm_211120.db)
    asap7sc7p5t_AO_RVT_TT_nldm_211120 (File: /thu-bloor/xinyao-w23/kvpim-rtl/third_party/asap7_lib/db/asap7sc7p5t_AO_RVT_TT_nldm_211120.db)
    asap7sc7p5t_SEQ_RVT_TT_nldm_220123 (File: /thu-bloor/xinyao-w23/kvpim-rtl/third_party/asap7_lib/db/asap7sc7p5t_SEQ_RVT_TT_nldm_220123.db)
    srambank_64x4x16_6t122 (File: /thu-bloor/xinyao-w23/kvpim-rtl/third_party/asap7/asap7_sram_0p0/generated/db/srambank_64x4x16_6t122.db)

Number of ports:                        91512
Number of nets:                        489986
Number of cells:                       377674
Number of combinational cells:         357850
Number of sequential cells:             18417
Number of macros/black boxes:             128
Number of buf/inv:                     136789
Number of references:                      11

Combinational area:              29679.266620
Buf/Inv area:                     6376.810930
Noncombinational area:            6929.349070
Macro/Black Box area:            31890.308594
Net Interconnect area:      undefined  (No wire load specified)

Total cell area:                 68498.924283
Total area:                 undefined

Information: This design contains black box (unknown) components. (RPT-8)

Hierarchical area distribution
------------------------------

                                  Global cell area              Local cell area
                                  -------------------  --------------------------------- 
Hierarchical cell                 Absolute    Percent  Combi-      Noncombi-  Black-
                                  Total       Total    national    national   boxes       Design
--------------------------------  ----------  -------  ----------  ---------  ----------  ------------------------------------------------------------------------------
fugue2_logic_die                  68498.9243    100.0      0.1021     0.0000      0.0000  fugue2_logic_die
g_gemv[0].u_gemv                  10930.2614     16.0     86.2407   113.3449      0.0000  gemv_unit_0
g_gemv[0].u_gemv/g_ctx_acc[0].u_ctx_add    52.7213     0.1    38.8265    6.4444     0.0000 fp16_add_116
g_gemv[0].u_gemv/g_ctx_acc[0].u_ctx_add/add_74_S2     3.1784     0.0     3.1784    0.0000     0.0000 fp16_add_116_DW01_add_1_DW01_add_373
g_gemv[0].u_gemv/g_ctx_acc[0].u_ctx_add/sub_75     4.2719     0.0     4.2719    0.0000     0.0000 fp16_add_116_DW01_sub_1_DW01_sub_672
g_gemv[0].u_gemv/g_ctx_acc[10].u_ctx_add    52.7213     0.1    38.8265    6.4444     0.0000 fp16_add_106
g_gemv[0].u_gemv/g_ctx_acc[10].u_ctx_add/add_74_S2     3.1784     0.0     3.1784    0.0000     0.0000 fp16_add_106_DW01_add_1_DW01_add_353
g_gemv[0].u_gemv/g_ctx_acc[10].u_ctx_add/sub_75     4.2719     0.0     4.2719    0.0000     0.0000 fp16_add_106_DW01_sub_1_DW01_sub_632
g_gemv[0].u_gemv/g_ctx_acc[11].u_ctx_add    52.7213     0.1    38.8265    6.4444     0.0000 fp16_add_105
g_gemv[0].u_gemv/g_ctx_acc[11].u_ctx_add/add_74_S2     3.1784     0.0     3.1784    0.0000     0.0000 fp16_add_105_DW01_add_1_DW01_add_351
g_gemv[0].u_gemv/g_ctx_acc[11].u_ctx_add/sub_75     4.2719     0.0     4.2719    0.0000     0.0000 fp16_add_105_DW01_sub_1_DW01_sub_628
g_gemv[0].u_gemv/g_ctx_acc[12].u_ctx_add    52.7213     0.1    38.8265    6.4444     0.0000 fp16_add_104
g_gemv[0].u_gemv/g_ctx_acc[12].u_ctx_add/add_74_S2     3.1784     0.0     3.1784    0.0000     0.0000 fp16_add_104_DW01_add_1_DW01_add_349
g_gemv[0].u_gemv/g_ctx_acc[12].u_ctx_add/sub_75     4.2719     0.0     4.2719    0.0000     0.0000 fp16_add_104_DW01_sub_1_DW01_sub_624
g_gemv[0].u_gemv/g_ctx_acc[13].u_ctx_add    52.7213     0.1    38.8265    6.4444     0.0000 fp16_add_103
g_gemv[0].u_gemv/g_ctx_acc[13].u_ctx_add/add_74_S2     3.1784     0.0     3.1784    0.0000     0.0000 fp16_add_103_DW01_add_1_DW01_add_347
g_gemv[0].u_gemv/g_ctx_acc[13].u_ctx_add/sub_75     4.2719     0.0     4.2719    0.0000     0.0000 fp16_add_103_DW01_sub_1_DW01_sub_620
g_gemv[0].u_gemv/g_ctx_acc[14].u_ctx_add    52.7213     0.1    38.8265    6.4444     0.0000 fp16_add_102
g_gemv[0].u_gemv/g_ctx_acc[14].u_ctx_add/add_74_S2     3.1784     0.0     3.1784    0.0000     0.0000 fp16_add_102_DW01_add_1_DW01_add_345
g_gemv[0].u_gemv/g_ctx_acc[14].u_ctx_add/sub_75     4.2719     0.0     4.2719    0.0000     0.0000 fp16_add_102_DW01_sub_1_DW01_sub_616
g_gemv[0].u_gemv/g_ctx_acc[15].u_ctx_add    52.7213     0.1    38.8265    6.4444     0.0000 fp16_add_101
g_gemv[0].u_gemv/g_ctx_acc[15].u_ctx_add/add_74_S2     3.1784     0.0     3.1784    0.0000     0.0000 fp16_add_101_DW01_add_1_DW01_add_343
g_gemv[0].u_gemv/g_ctx_acc[15].u_ctx_add/sub_75     4.2719     0.0     4.2719    0.0000     0.0000 fp16_add_101_DW01_sub_1_DW01_sub_612
g_gemv[0].u_gemv/g_ctx_acc[1].u_ctx_add    52.7213     0.1    38.8265    6.4444     0.0000 fp16_add_115
g_gemv[0].u_gemv/g_ctx_acc[1].u_ctx_add/add_74_S2     3.1784     0.0     3.1784    0.0000     0.0000 fp16_add_115_DW01_add_1_DW01_add_371
g_gemv[0].u_gemv/g_ctx_acc[1].u_ctx_add/sub_75     4.2719     0.0     4.2719    0.0000     0.0000 fp16_add_115_DW01_sub_1_DW01_sub_668
g_gemv[0].u_gemv/g_ctx_acc[2].u_ctx_add    52.7213     0.1    38.8265    6.4444     0.0000 fp16_add_114
g_gemv[0].u_gemv/g_ctx_acc[2].u_ctx_add/add_74_S2     3.1784     0.0     3.1784    0.0000     0.0000 fp16_add_114_DW01_add_1_DW01_add_369
g_gemv[0].u_gemv/g_ctx_acc[2].u_ctx_add/sub_75     4.2719     0.0     4.2719    0.0000     0.0000 fp16_add_114_DW01_sub_1_DW01_sub_664
g_gemv[0].u_gemv/g_ctx_acc[3].u_ctx_add    52.7213     0.1    38.8265    6.4444     0.0000 fp16_add_113
g_gemv[0].u_gemv/g_ctx_acc[3].u_ctx_add/add_74_S2     3.1784     0.0     3.1784    0.0000     0.0000 fp16_add_113_DW01_add_1_DW01_add_367
g_gemv[0].u_gemv/g_ctx_acc[3].u_ctx_add/sub_75     4.2719     0.0     4.2719    0.0000     0.0000 fp16_add_113_DW01_sub_1_DW01_sub_660
g_gemv[0].u_gemv/g_ctx_acc[4].u_ctx_add    52.7213     0.1    38.8265    6.4444     0.0000 fp16_add_112
g_gemv[0].u_gemv/g_ctx_acc[4].u_ctx_add/add_74_S2     3.1784     0.0     3.1784    0.0000     0.0000 fp16_add_112_DW01_add_1_DW01_add_365
g_gemv[0].u_gemv/g_ctx_acc[4].u_ctx_add/sub_75     4.2719     0.0     4.2719    0.0000     0.0000 fp16_add_112_DW01_sub_1_DW01_sub_656
g_gemv[0].u_gemv/g_ctx_acc[5].u_ctx_add    52.7213     0.1    38.8265    6.4444     0.0000 fp16_add_111
g_gemv[0].u_gemv/g_ctx_acc[5].u_ctx_add/add_74_S2     3.1784     0.0     3.1784    0.0000     0.0000 fp16_add_111_DW01_add_1_DW01_add_363
g_gemv[0].u_gemv/g_ctx_acc[5].u_ctx_add/sub_75     4.2719     0.0     4.2719    0.0000     0.0000 fp16_add_111_DW01_sub_1_DW01_sub_652
g_gemv[0].u_gemv/g_ctx_acc[6].u_ctx_add    52.7213     0.1    38.8265    6.4444     0.0000 fp16_add_110
g_gemv[0].u_gemv/g_ctx_acc[6].u_ctx_add/add_74_S2     3.1784     0.0     3.1784    0.0000     0.0000 fp16_add_110_DW01_add_1_DW01_add_361
g_gemv[0].u_gemv/g_ctx_acc[6].u_ctx_add/sub_75     4.2719     0.0     4.2719    0.0000     0.0000 fp16_add_110_DW01_sub_1_DW01_sub_648
g_gemv[0].u_gemv/g_ctx_acc[7].u_ctx_add    52.7213     0.1    38.8265    6.4444     0.0000 fp16_add_109
g_gemv[0].u_gemv/g_ctx_acc[7].u_ctx_add/add_74_S2     3.1784     0.0     3.1784    0.0000     0.0000 fp16_add_109_DW01_add_1_DW01_add_359
g_gemv[0].u_gemv/g_ctx_acc[7].u_ctx_add/sub_75     4.2719     0.0     4.2719    0.0000     0.0000 fp16_add_109_DW01_sub_1_DW01_sub_644
g_gemv[0].u_gemv/g_ctx_acc[8].u_ctx_add    52.7213     0.1    38.8265    6.4444     0.0000 fp16_add_108
g_gemv[0].u_gemv/g_ctx_acc[8].u_ctx_add/add_74_S2     3.1784     0.0     3.1784    0.0000     0.0000 fp16_add_108_DW01_add_1_DW01_add_357
g_gemv[0].u_gemv/g_ctx_acc[8].u_ctx_add/sub_75     4.2719     0.0     4.2719    0.0000     0.0000 fp16_add_108_DW01_sub_1_DW01_sub_640
g_gemv[0].u_gemv/g_ctx_acc[9].u_ctx_add    52.7213     0.1    38.8265    6.4444     0.0000 fp16_add_107
g_gemv[0].u_gemv/g_ctx_acc[9].u_ctx_add/add_74_S2     3.1784     0.0     3.1784    0.0000     0.0000 fp16_add_107_DW01_add_1_DW01_add_355
g_gemv[0].u_gemv/g_ctx_acc[9].u_ctx_add/sub_75     4.2719     0.0     4.2719    0.0000     0.0000 fp16_add_107_DW01_sub_1_DW01_sub_636
g_gemv[0].u_gemv/g_l1[0].u_add       52.5463      0.1     38.6516     6.4444      0.0000  fp16_add_0
g_gemv[0].u_gemv/g_l1[0].u_add/add_74_S2     3.1784     0.0     3.1784    0.0000     0.0000 fp16_add_0_DW01_add_1_DW01_add_405
g_gemv[0].u_gemv/g_l1[0].u_add/sub_75     4.2719     0.0     4.2719    0.0000     0.0000  fp16_add_0_DW01_sub_1_DW01_sub_736
g_gemv[0].u_gemv/g_l1[1].u_add       52.5463      0.1     38.6516     6.4444      0.0000  fp16_add_131
g_gemv[0].u_gemv/g_l1[1].u_add/add_74_S2     3.1784     0.0     3.1784    0.0000     0.0000 fp16_add_131_DW01_add_1_DW01_add_403
g_gemv[0].u_gemv/g_l1[1].u_add/sub_75     4.2719     0.0     4.2719    0.0000     0.0000  fp16_add_131_DW01_sub_1_DW01_sub_732
g_gemv[0].u_gemv/g_l1[2].u_add       52.5463      0.1     38.6516     6.4444      0.0000  fp16_add_130
g_gemv[0].u_gemv/g_l1[2].u_add/add_74_S2     3.1784     0.0     3.1784    0.0000     0.0000 fp16_add_130_DW01_add_1_DW01_add_401
g_gemv[0].u_gemv/g_l1[2].u_add/sub_75     4.2719     0.0     4.2719    0.0000     0.0000  fp16_add_130_DW01_sub_1_DW01_sub_728
g_gemv[0].u_gemv/g_l1[3].u_add       52.5463      0.1     38.6516     6.4444      0.0000  fp16_add_129
g_gemv[0].u_gemv/g_l1[3].u_add/add_74_S2     3.1784     0.0     3.1784    0.0000     0.0000 fp16_add_129_DW01_add_1_DW01_add_399
g_gemv[0].u_gemv/g_l1[3].u_add/sub_75     4.2719     0.0     4.2719    0.0000     0.0000  fp16_add_129_DW01_sub_1_DW01_sub_724
g_gemv[0].u_gemv/g_l1[4].u_add       52.5463      0.1     38.6516     6.4444      0.0000  fp16_add_128
g_gemv[0].u_gemv/g_l1[4].u_add/add_74_S2     3.1784     0.0     3.1784    0.0000     0.0000 fp16_add_128_DW01_add_1_DW01_add_397
g_gemv[0].u_gemv/g_l1[4].u_add/sub_75     4.2719     0.0     4.2719    0.0000     0.0000  fp16_add_128_DW01_sub_1_DW01_sub_720
g_gemv[0].u_gemv/g_l1[5].u_add       52.5463      0.1     38.6516     6.4444      0.0000  fp16_add_127
g_gemv[0].u_gemv/g_l1[5].u_add/add_74_S2     3.1784     0.0     3.1784    0.0000     0.0000 fp16_add_127_DW01_add_1_DW01_add_395
g_gemv[0].u_gemv/g_l1[5].u_add/sub_75     4.2719     0.0     4.2719    0.0000     0.0000  fp16_add_127_DW01_sub_1_DW01_sub_716
g_gemv[0].u_gemv/g_l1[6].u_add       52.5463      0.1     38.6516     6.4444      0.0000  fp16_add_126
g_gemv[0].u_gemv/g_l1[6].u_add/add_74_S2     3.1784     0.0     3.1784    0.0000     0.0000 fp16_add_126_DW01_add_1_DW01_add_393
g_gemv[0].u_gemv/g_l1[6].u_add/sub_75     4.2719     0.0     4.2719    0.0000     0.0000  fp16_add_126_DW01_sub_1_DW01_sub_712
g_gemv[0].u_gemv/g_l1[7].u_add       52.5463      0.1     38.6516     6.4444      0.0000  fp16_add_125
g_gemv[0].u_gemv/g_l1[7].u_add/add_74_S2     3.1784     0.0     3.1784    0.0000     0.0000 fp16_add_125_DW01_add_1_DW01_add_391
g_gemv[0].u_gemv/g_l1[7].u_add/sub_75     4.2719     0.0     4.2719    0.0000     0.0000  fp16_add_125_DW01_sub_1_DW01_sub_708
g_gemv[0].u_gemv/g_l2[0].u_add       52.8962      0.1     39.0015     6.4444      0.0000  fp16_add_124
g_gemv[0].u_gemv/g_l2[0].u_add/add_74_S2     3.1784     0.0     3.1784    0.0000     0.0000 fp16_add_124_DW01_add_1_DW01_add_389
g_gemv[0].u_gemv/g_l2[0].u_add/sub_75     4.2719     0.0     4.2719    0.0000     0.0000  fp16_add_124_DW01_sub_1_DW01_sub_704
g_gemv[0].u_gemv/g_l2[1].u_add       52.6775      0.1     38.7828     6.4444      0.0000  fp16_add_123
g_gemv[0].u_gemv/g_l2[1].u_add/add_74_S2     3.1784     0.0     3.1784    0.0000     0.0000 fp16_add_123_DW01_add_1_DW01_add_387
g_gemv[0].u_gemv/g_l2[1].u_add/sub_75     4.2719     0.0     4.2719    0.0000     0.0000  fp16_add_123_DW01_sub_1_DW01_sub_700
g_gemv[0].u_gemv/g_l2[2].u_add       52.6775      0.1     38.7828     6.4444      0.0000  fp16_add_122
g_gemv[0].u_gemv/g_l2[2].u_add/add_74_S2     3.1784     0.0     3.1784    0.0000     0.0000 fp16_add_122_DW01_add_1_DW01_add_385
g_gemv[0].u_gemv/g_l2[2].u_add/sub_75     4.2719     0.0     4.2719    0.0000     0.0000  fp16_add_122_DW01_sub_1_DW01_sub_696
g_gemv[0].u_gemv/g_l2[3].u_add       52.6775      0.1     38.7828     6.4444      0.0000  fp16_add_121
g_gemv[0].u_gemv/g_l2[3].u_add/add_74_S2     3.1784     0.0     3.1784    0.0000     0.0000 fp16_add_121_DW01_add_1_DW01_add_383
g_gemv[0].u_gemv/g_l2[3].u_add/sub_75     4.2719     0.0     4.2719    0.0000     0.0000  fp16_add_121_DW01_sub_1_DW01_sub_692
g_gemv[0].u_gemv/g_l3[0].u_add       52.8525      0.1     38.9578     6.4444      0.0000  fp16_add_120
g_gemv[0].u_gemv/g_l3[0].u_add/add_74_S2     3.1784     0.0     3.1784    0.0000     0.0000 fp16_add_120_DW01_add_1_DW01_add_381
g_gemv[0].u_gemv/g_l3[0].u_add/sub_75     4.2719     0.0     4.2719    0.0000     0.0000  fp16_add_120_DW01_sub_1_DW01_sub_688
g_gemv[0].u_gemv/g_l3[1].u_add       52.7359      0.1     38.8411     6.4444      0.0000  fp16_add_119
g_gemv[0].u_gemv/g_l3[1].u_add/add_74_S2     3.1784     0.0     3.1784    0.0000     0.0000 fp16_add_119_DW01_add_1_DW01_add_379
g_gemv[0].u_gemv/g_l3[1].u_add/sub_75     4.2719     0.0     4.2719    0.0000     0.0000  fp16_add_119_DW01_sub_1_DW01_sub_684
g_gemv[0].u_gemv/g_mul[0].u_mul      66.9076      0.1     14.5508     6.4444      0.0000  fp16_mult_0
g_gemv[0].u_gemv/g_mul[0].u_mul/mult_35    45.9124     0.1    42.0050    0.0000     0.0000 fp16_mult_0_DW02_mult_0_DW02_mult_81
g_gemv[0].u_gemv/g_mul[0].u_mul/mult_35/FS_1     3.9074     0.0     3.9074    0.0000     0.0000 fp16_mult_0_DW01_add_1_DW01_add_517
g_gemv[0].u_gemv/g_mul[10].u_mul     66.9076      0.1     14.5508     6.4444      0.0000  fp16_mult_54
g_gemv[0].u_gemv/g_mul[10].u_mul/mult_35    45.9124     0.1    42.0050    0.0000     0.0000 fp16_mult_54_DW02_mult_0_DW02_mult_71
g_gemv[0].u_gemv/g_mul[10].u_mul/mult_35/FS_1     3.9074     0.0     3.9074    0.0000     0.0000 fp16_mult_54_DW01_add_1_DW01_add_507
g_gemv[0].u_gemv/g_mul[11].u_mul     66.9076      0.1     14.5508     6.4444      0.0000  fp16_mult_53
g_gemv[0].u_gemv/g_mul[11].u_mul/mult_35    45.9124     0.1    42.0050    0.0000     0.0000 fp16_mult_53_DW02_mult_0_DW02_mult_70
g_gemv[0].u_gemv/g_mul[11].u_mul/mult_35/FS_1     3.9074     0.0     3.9074    0.0000     0.0000 fp16_mult_53_DW01_add_1_DW01_add_506
g_gemv[0].u_gemv/g_mul[12].u_mul     66.9076      0.1     14.5508     6.4444      0.0000  fp16_mult_52
g_gemv[0].u_gemv/g_mul[12].u_mul/mult_35    45.9124     0.1    42.0050    0.0000     0.0000 fp16_mult_52_DW02_mult_0_DW02_mult_69
g_gemv[0].u_gemv/g_mul[12].u_mul/mult_35/FS_1     3.9074     0.0     3.9074    0.0000     0.0000 fp16_mult_52_DW01_add_1_DW01_add_505
g_gemv[0].u_gemv/g_mul[13].u_mul     66.9076      0.1     14.5508     6.4444      0.0000  fp16_mult_51
g_gemv[0].u_gemv/g_mul[13].u_mul/mult_35    45.9124     0.1    42.0050    0.0000     0.0000 fp16_mult_51_DW02_mult_0_DW02_mult_68
g_gemv[0].u_gemv/g_mul[13].u_mul/mult_35/FS_1     3.9074     0.0     3.9074    0.0000     0.0000 fp16_mult_51_DW01_add_1_DW01_add_504
g_gemv[0].u_gemv/g_mul[14].u_mul     66.9076      0.1     14.5508     6.4444      0.0000  fp16_mult_50
g_gemv[0].u_gemv/g_mul[14].u_mul/mult_35    45.9124     0.1    42.0050    0.0000     0.0000 fp16_mult_50_DW02_mult_0_DW02_mult_67
g_gemv[0].u_gemv/g_mul[14].u_mul/mult_35/FS_1     3.9074     0.0     3.9074    0.0000     0.0000 fp16_mult_50_DW01_add_1_DW01_add_503
g_gemv[0].u_gemv/g_mul[15].u_mul     66.9076      0.1     14.5508     6.4444      0.0000  fp16_mult_49
g_gemv[0].u_gemv/g_mul[15].u_mul/mult_35    45.9124     0.1    42.0050    0.0000     0.0000 fp16_mult_49_DW02_mult_0_DW02_mult_66
g_gemv[0].u_gemv/g_mul[15].u_mul/mult_35/FS_1     3.9074     0.0     3.9074    0.0000     0.0000 fp16_mult_49_DW01_add_1_DW01_add_502
g_gemv[0].u_gemv/g_mul[1].u_mul      66.9076      0.1     14.5508     6.4444      0.0000  fp16_mult_63
g_gemv[0].u_gemv/g_mul[1].u_mul/mult_35    45.9124     0.1    42.0050    0.0000     0.0000 fp16_mult_63_DW02_mult_0_DW02_mult_80
g_gemv[0].u_gemv/g_mul[1].u_mul/mult_35/FS_1     3.9074     0.0     3.9074    0.0000     0.0000 fp16_mult_63_DW01_add_1_DW01_add_516
g_gemv[0].u_gemv/g_mul[2].u_mul      66.9076      0.1     14.5508     6.4444      0.0000  fp16_mult_62
g_gemv[0].u_gemv/g_mul[2].u_mul/mult_35    45.9124     0.1    42.0050    0.0000     0.0000 fp16_mult_62_DW02_mult_0_DW02_mult_79
g_gemv[0].u_gemv/g_mul[2].u_mul/mult_35/FS_1     3.9074     0.0     3.9074    0.0000     0.0000 fp16_mult_62_DW01_add_1_DW01_add_515
g_gemv[0].u_gemv/g_mul[3].u_mul      66.9076      0.1     14.5508     6.4444      0.0000  fp16_mult_61
g_gemv[0].u_gemv/g_mul[3].u_mul/mult_35    45.9124     0.1    42.0050    0.0000     0.0000 fp16_mult_61_DW02_mult_0_DW02_mult_78
g_gemv[0].u_gemv/g_mul[3].u_mul/mult_35/FS_1     3.9074     0.0     3.9074    0.0000     0.0000 fp16_mult_61_DW01_add_1_DW01_add_514
g_gemv[0].u_gemv/g_mul[4].u_mul      66.9076      0.1     14.5508     6.4444      0.0000  fp16_mult_60
g_gemv[0].u_gemv/g_mul[4].u_mul/mult_35    45.9124     0.1    42.0050    0.0000     0.0000 fp16_mult_60_DW02_mult_0_DW02_mult_77
g_gemv[0].u_gemv/g_mul[4].u_mul/mult_35/FS_1     3.9074     0.0     3.9074    0.0000     0.0000 fp16_mult_60_DW01_add_1_DW01_add_513
g_gemv[0].u_gemv/g_mul[5].u_mul      66.9076      0.1     14.5508     6.4444      0.0000  fp16_mult_59
g_gemv[0].u_gemv/g_mul[5].u_mul/mult_35    45.9124     0.1    42.0050    0.0000     0.0000 fp16_mult_59_DW02_mult_0_DW02_mult_76
g_gemv[0].u_gemv/g_mul[5].u_mul/mult_35/FS_1     3.9074     0.0     3.9074    0.0000     0.0000 fp16_mult_59_DW01_add_1_DW01_add_512
g_gemv[0].u_gemv/g_mul[6].u_mul      66.9076      0.1     14.5508     6.4444      0.0000  fp16_mult_58
g_gemv[0].u_gemv/g_mul[6].u_mul/mult_35    45.9124     0.1    42.0050    0.0000     0.0000 fp16_mult_58_DW02_mult_0_DW02_mult_75
g_gemv[0].u_gemv/g_mul[6].u_mul/mult_35/FS_1     3.9074     0.0     3.9074    0.0000     0.0000 fp16_mult_58_DW01_add_1_DW01_add_511
g_gemv[0].u_gemv/g_mul[7].u_mul      66.9076      0.1     14.5508     6.4444      0.0000  fp16_mult_57
g_gemv[0].u_gemv/g_mul[7].u_mul/mult_35    45.9124     0.1    42.0050    0.0000     0.0000 fp16_mult_57_DW02_mult_0_DW02_mult_74
g_gemv[0].u_gemv/g_mul[7].u_mul/mult_35/FS_1     3.9074     0.0     3.9074    0.0000     0.0000 fp16_mult_57_DW01_add_1_DW01_add_510
g_gemv[0].u_gemv/g_mul[8].u_mul      66.9076      0.1     14.5508     6.4444      0.0000  fp16_mult_56
g_gemv[0].u_gemv/g_mul[8].u_mul/mult_35    45.9124     0.1    42.0050    0.0000     0.0000 fp16_mult_56_DW02_mult_0_DW02_mult_73
g_gemv[0].u_gemv/g_mul[8].u_mul/mult_35/FS_1     3.9074     0.0     3.9074    0.0000     0.0000 fp16_mult_56_DW01_add_1_DW01_add_509
g_gemv[0].u_gemv/g_mul[9].u_mul      66.9076      0.1     14.5508     6.4444      0.0000  fp16_mult_55
g_gemv[0].u_gemv/g_mul[9].u_mul/mult_35    45.9124     0.1    42.0050    0.0000     0.0000 fp16_mult_55_DW02_mult_0_DW02_mult_72
g_gemv[0].u_gemv/g_mul[9].u_mul/mult_35/FS_1     3.9074     0.0     3.9074    0.0000     0.0000 fp16_mult_55_DW01_add_1_DW01_add_508
g_gemv[0].u_gemv/u_acc_add           52.8525      0.1     38.9578     6.4444      0.0000  fp16_add_117
g_gemv[0].u_gemv/u_acc_add/add_74_S2     3.1784     0.0     3.1784    0.0000      0.0000  fp16_add_117_DW01_add_1_DW01_add_375
g_gemv[0].u_gemv/u_acc_add/sub_75     4.2719      0.0      4.2719     0.0000      0.0000  fp16_add_117_DW01_sub_1_DW01_sub_676
g_gemv[0].u_gemv/u_buf_mat         3987.0759      5.8      0.7873     0.0000   3986.2886  dbuf_16x256_0
g_gemv[0].u_gemv/u_buf_vec         3987.0759      5.8      0.7873     0.0000   3986.2886  dbuf_16x256_7
g_gemv[0].u_gemv/u_l4                52.7213      0.1     38.8265     6.4444      0.0000  fp16_add_118
g_gemv[0].u_gemv/u_l4/add_74_S2       3.1784      0.0      3.1784     0.0000      0.0000  fp16_add_118_DW01_add_1_DW01_add_377
g_gemv[0].u_gemv/u_l4/sub_75          4.2719      0.0      4.2719     0.0000      0.0000  fp16_add_118_DW01_sub_1_DW01_sub_680
g_gemv[1].u_gemv                  10929.8385     16.0     86.2407   113.3449      0.0000  gemv_unit_3
g_gemv[1].u_gemv/g_ctx_acc[0].u_ctx_add    52.7213     0.1    38.8265    6.4444     0.0000 fp16_add_84
g_gemv[1].u_gemv/g_ctx_acc[0].u_ctx_add/add_74_S2     3.1784     0.0     3.1784    0.0000     0.0000 fp16_add_84_DW01_add_1_DW01_add_293
g_gemv[1].u_gemv/g_ctx_acc[0].u_ctx_add/sub_75     4.2719     0.0     4.2719    0.0000     0.0000 fp16_add_84_DW01_sub_1_DW01_sub_544
g_gemv[1].u_gemv/g_ctx_acc[10].u_ctx_add    52.7213     0.1    38.8265    6.4444     0.0000 fp16_add_74
g_gemv[1].u_gemv/g_ctx_acc[10].u_ctx_add/add_74_S2     3.1784     0.0     3.1784    0.0000     0.0000 fp16_add_74_DW01_add_1_DW01_add_273
g_gemv[1].u_gemv/g_ctx_acc[10].u_ctx_add/sub_75     4.2719     0.0     4.2719    0.0000     0.0000 fp16_add_74_DW01_sub_1_DW01_sub_504
g_gemv[1].u_gemv/g_ctx_acc[11].u_ctx_add    52.7213     0.1    38.8265    6.4444     0.0000 fp16_add_73
g_gemv[1].u_gemv/g_ctx_acc[11].u_ctx_add/add_74_S2     3.1784     0.0     3.1784    0.0000     0.0000 fp16_add_73_DW01_add_1_DW01_add_271
g_gemv[1].u_gemv/g_ctx_acc[11].u_ctx_add/sub_75     4.2719     0.0     4.2719    0.0000     0.0000 fp16_add_73_DW01_sub_1_DW01_sub_500
g_gemv[1].u_gemv/g_ctx_acc[12].u_ctx_add    52.7213     0.1    38.8265    6.4444     0.0000 fp16_add_72
g_gemv[1].u_gemv/g_ctx_acc[12].u_ctx_add/add_74_S2     3.1784     0.0     3.1784    0.0000     0.0000 fp16_add_72_DW01_add_1_DW01_add_269
g_gemv[1].u_gemv/g_ctx_acc[12].u_ctx_add/sub_75     4.2719     0.0     4.2719    0.0000     0.0000 fp16_add_72_DW01_sub_1_DW01_sub_496
g_gemv[1].u_gemv/g_ctx_acc[13].u_ctx_add    52.7213     0.1    38.8265    6.4444     0.0000 fp16_add_71
g_gemv[1].u_gemv/g_ctx_acc[13].u_ctx_add/add_74_S2     3.1784     0.0     3.1784    0.0000     0.0000 fp16_add_71_DW01_add_1_DW01_add_267
g_gemv[1].u_gemv/g_ctx_acc[13].u_ctx_add/sub_75     4.2719     0.0     4.2719    0.0000     0.0000 fp16_add_71_DW01_sub_1_DW01_sub_492
g_gemv[1].u_gemv/g_ctx_acc[14].u_ctx_add    52.7213     0.1    38.8265    6.4444     0.0000 fp16_add_70
g_gemv[1].u_gemv/g_ctx_acc[14].u_ctx_add/add_74_S2     3.1784     0.0     3.1784    0.0000     0.0000 fp16_add_70_DW01_add_1_DW01_add_265
g_gemv[1].u_gemv/g_ctx_acc[14].u_ctx_add/sub_75     4.2719     0.0     4.2719    0.0000     0.0000 fp16_add_70_DW01_sub_1_DW01_sub_488
g_gemv[1].u_gemv/g_ctx_acc[15].u_ctx_add    52.7213     0.1    38.8265    6.4444     0.0000 fp16_add_69
g_gemv[1].u_gemv/g_ctx_acc[15].u_ctx_add/add_74_S2     3.1784     0.0     3.1784    0.0000     0.0000 fp16_add_69_DW01_add_1_DW01_add_263
g_gemv[1].u_gemv/g_ctx_acc[15].u_ctx_add/sub_75     4.2719     0.0     4.2719    0.0000     0.0000 fp16_add_69_DW01_sub_1_DW01_sub_484
g_gemv[1].u_gemv/g_ctx_acc[1].u_ctx_add    52.7213     0.1    38.8265    6.4444     0.0000 fp16_add_83
g_gemv[1].u_gemv/g_ctx_acc[1].u_ctx_add/add_74_S2     3.1784     0.0     3.1784    0.0000     0.0000 fp16_add_83_DW01_add_1_DW01_add_291
g_gemv[1].u_gemv/g_ctx_acc[1].u_ctx_add/sub_75     4.2719     0.0     4.2719    0.0000     0.0000 fp16_add_83_DW01_sub_1_DW01_sub_540
g_gemv[1].u_gemv/g_ctx_acc[2].u_ctx_add    52.7213     0.1    38.8265    6.4444     0.0000 fp16_add_82
g_gemv[1].u_gemv/g_ctx_acc[2].u_ctx_add/add_74_S2     3.1784     0.0     3.1784    0.0000     0.0000 fp16_add_82_DW01_add_1_DW01_add_289
g_gemv[1].u_gemv/g_ctx_acc[2].u_ctx_add/sub_75     4.2719     0.0     4.2719    0.0000     0.0000 fp16_add_82_DW01_sub_1_DW01_sub_536
g_gemv[1].u_gemv/g_ctx_acc[3].u_ctx_add    52.7213     0.1    38.8265    6.4444     0.0000 fp16_add_81
g_gemv[1].u_gemv/g_ctx_acc[3].u_ctx_add/add_74_S2     3.1784     0.0     3.1784    0.0000     0.0000 fp16_add_81_DW01_add_1_DW01_add_287
g_gemv[1].u_gemv/g_ctx_acc[3].u_ctx_add/sub_75     4.2719     0.0     4.2719    0.0000     0.0000 fp16_add_81_DW01_sub_1_DW01_sub_532
g_gemv[1].u_gemv/g_ctx_acc[4].u_ctx_add    52.7213     0.1    38.8265    6.4444     0.0000 fp16_add_80
g_gemv[1].u_gemv/g_ctx_acc[4].u_ctx_add/add_74_S2     3.1784     0.0     3.1784    0.0000     0.0000 fp16_add_80_DW01_add_1_DW01_add_285
g_gemv[1].u_gemv/g_ctx_acc[4].u_ctx_add/sub_75     4.2719     0.0     4.2719    0.0000     0.0000 fp16_add_80_DW01_sub_1_DW01_sub_528
g_gemv[1].u_gemv/g_ctx_acc[5].u_ctx_add    52.7213     0.1    38.8265    6.4444     0.0000 fp16_add_79
g_gemv[1].u_gemv/g_ctx_acc[5].u_ctx_add/add_74_S2     3.1784     0.0     3.1784    0.0000     0.0000 fp16_add_79_DW01_add_1_DW01_add_283
g_gemv[1].u_gemv/g_ctx_acc[5].u_ctx_add/sub_75     4.2719     0.0     4.2719    0.0000     0.0000 fp16_add_79_DW01_sub_1_DW01_sub_524
g_gemv[1].u_gemv/g_ctx_acc[6].u_ctx_add    52.7213     0.1    38.8265    6.4444     0.0000 fp16_add_78
g_gemv[1].u_gemv/g_ctx_acc[6].u_ctx_add/add_74_S2     3.1784     0.0     3.1784    0.0000     0.0000 fp16_add_78_DW01_add_1_DW01_add_281
g_gemv[1].u_gemv/g_ctx_acc[6].u_ctx_add/sub_75     4.2719     0.0     4.2719    0.0000     0.0000 fp16_add_78_DW01_sub_1_DW01_sub_520
g_gemv[1].u_gemv/g_ctx_acc[7].u_ctx_add    52.7213     0.1    38.8265    6.4444     0.0000 fp16_add_77
g_gemv[1].u_gemv/g_ctx_acc[7].u_ctx_add/add_74_S2     3.1784     0.0     3.1784    0.0000     0.0000 fp16_add_77_DW01_add_1_DW01_add_279
g_gemv[1].u_gemv/g_ctx_acc[7].u_ctx_add/sub_75     4.2719     0.0     4.2719    0.0000     0.0000 fp16_add_77_DW01_sub_1_DW01_sub_516
g_gemv[1].u_gemv/g_ctx_acc[8].u_ctx_add    52.7213     0.1    38.8265    6.4444     0.0000 fp16_add_76
g_gemv[1].u_gemv/g_ctx_acc[8].u_ctx_add/add_74_S2     3.1784     0.0     3.1784    0.0000     0.0000 fp16_add_76_DW01_add_1_DW01_add_277
g_gemv[1].u_gemv/g_ctx_acc[8].u_ctx_add/sub_75     4.2719     0.0     4.2719    0.0000     0.0000 fp16_add_76_DW01_sub_1_DW01_sub_512
g_gemv[1].u_gemv/g_ctx_acc[9].u_ctx_add    52.7213     0.1    38.8265    6.4444     0.0000 fp16_add_75
g_gemv[1].u_gemv/g_ctx_acc[9].u_ctx_add/add_74_S2     3.1784     0.0     3.1784    0.0000     0.0000 fp16_add_75_DW01_add_1_DW01_add_275
g_gemv[1].u_gemv/g_ctx_acc[9].u_ctx_add/sub_75     4.2719     0.0     4.2719    0.0000     0.0000 fp16_add_75_DW01_sub_1_DW01_sub_508
g_gemv[1].u_gemv/g_l1[0].u_add       52.5463      0.1     38.6516     6.4444      0.0000  fp16_add_100
g_gemv[1].u_gemv/g_l1[0].u_add/add_74_S2     3.1784     0.0     3.1784    0.0000     0.0000 fp16_add_100_DW01_add_1_DW01_add_325
g_gemv[1].u_gemv/g_l1[0].u_add/sub_75     4.2719     0.0     4.2719    0.0000     0.0000  fp16_add_100_DW01_sub_1_DW01_sub_608
g_gemv[1].u_gemv/g_l1[1].u_add       52.5463      0.1     38.6516     6.4444      0.0000  fp16_add_99
g_gemv[1].u_gemv/g_l1[1].u_add/add_74_S2     3.1784     0.0     3.1784    0.0000     0.0000 fp16_add_99_DW01_add_1_DW01_add_323
g_gemv[1].u_gemv/g_l1[1].u_add/sub_75     4.2719     0.0     4.2719    0.0000     0.0000  fp16_add_99_DW01_sub_1_DW01_sub_604
g_gemv[1].u_gemv/g_l1[2].u_add       52.5463      0.1     38.6516     6.4444      0.0000  fp16_add_98
g_gemv[1].u_gemv/g_l1[2].u_add/add_74_S2     3.1784     0.0     3.1784    0.0000     0.0000 fp16_add_98_DW01_add_1_DW01_add_321
g_gemv[1].u_gemv/g_l1[2].u_add/sub_75     4.2719     0.0     4.2719    0.0000     0.0000  fp16_add_98_DW01_sub_1_DW01_sub_600
g_gemv[1].u_gemv/g_l1[3].u_add       52.5463      0.1     38.6516     6.4444      0.0000  fp16_add_97
g_gemv[1].u_gemv/g_l1[3].u_add/add_74_S2     3.1784     0.0     3.1784    0.0000     0.0000 fp16_add_97_DW01_add_1_DW01_add_319
g_gemv[1].u_gemv/g_l1[3].u_add/sub_75     4.2719     0.0     4.2719    0.0000     0.0000  fp16_add_97_DW01_sub_1_DW01_sub_596
g_gemv[1].u_gemv/g_l1[4].u_add       52.5463      0.1     38.6516     6.4444      0.0000  fp16_add_96
g_gemv[1].u_gemv/g_l1[4].u_add/add_74_S2     3.1784     0.0     3.1784    0.0000     0.0000 fp16_add_96_DW01_add_1_DW01_add_317
g_gemv[1].u_gemv/g_l1[4].u_add/sub_75     4.2719     0.0     4.2719    0.0000     0.0000  fp16_add_96_DW01_sub_1_DW01_sub_592
g_gemv[1].u_gemv/g_l1[5].u_add       52.5463      0.1     38.6516     6.4444      0.0000  fp16_add_95
g_gemv[1].u_gemv/g_l1[5].u_add/add_74_S2     3.1784     0.0     3.1784    0.0000     0.0000 fp16_add_95_DW01_add_1_DW01_add_315
g_gemv[1].u_gemv/g_l1[5].u_add/sub_75     4.2719     0.0     4.2719    0.0000     0.0000  fp16_add_95_DW01_sub_1_DW01_sub_588
g_gemv[1].u_gemv/g_l1[6].u_add       52.5463      0.1     38.6516     6.4444      0.0000  fp16_add_94
g_gemv[1].u_gemv/g_l1[6].u_add/add_74_S2     3.1784     0.0     3.1784    0.0000     0.0000 fp16_add_94_DW01_add_1_DW01_add_313
g_gemv[1].u_gemv/g_l1[6].u_add/sub_75     4.2719     0.0     4.2719    0.0000     0.0000  fp16_add_94_DW01_sub_1_DW01_sub_584
g_gemv[1].u_gemv/g_l1[7].u_add       52.5463      0.1     38.6516     6.4444      0.0000  fp16_add_93
g_gemv[1].u_gemv/g_l1[7].u_add/add_74_S2     3.1784     0.0     3.1784    0.0000     0.0000 fp16_add_93_DW01_add_1_DW01_add_311
g_gemv[1].u_gemv/g_l1[7].u_add/sub_75     4.2719     0.0     4.2719    0.0000     0.0000  fp16_add_93_DW01_sub_1_DW01_sub_580
g_gemv[1].u_gemv/g_l2[0].u_add       52.6775      0.1     38.7828     6.4444      0.0000  fp16_add_92
g_gemv[1].u_gemv/g_l2[0].u_add/add_74_S2     3.1784     0.0     3.1784    0.0000     0.0000 fp16_add_92_DW01_add_1_DW01_add_309
g_gemv[1].u_gemv/g_l2[0].u_add/sub_75     4.2719     0.0     4.2719    0.0000     0.0000  fp16_add_92_DW01_sub_1_DW01_sub_576
g_gemv[1].u_gemv/g_l2[1].u_add       52.6775      0.1     38.7828     6.4444      0.0000  fp16_add_91
g_gemv[1].u_gemv/g_l2[1].u_add/add_74_S2     3.1784     0.0     3.1784    0.0000     0.0000 fp16_add_91_DW01_add_1_DW01_add_307
g_gemv[1].u_gemv/g_l2[1].u_add/sub_75     4.2719     0.0     4.2719    0.0000     0.0000  fp16_add_91_DW01_sub_1_DW01_sub_572
g_gemv[1].u_gemv/g_l2[2].u_add       52.6775      0.1     38.7828     6.4444      0.0000  fp16_add_90
g_gemv[1].u_gemv/g_l2[2].u_add/add_74_S2     3.1784     0.0     3.1784    0.0000     0.0000 fp16_add_90_DW01_add_1_DW01_add_305
g_gemv[1].u_gemv/g_l2[2].u_add/sub_75     4.2719     0.0     4.2719    0.0000     0.0000  fp16_add_90_DW01_sub_1_DW01_sub_568
g_gemv[1].u_gemv/g_l2[3].u_add       52.6775      0.1     38.7828     6.4444      0.0000  fp16_add_89
g_gemv[1].u_gemv/g_l2[3].u_add/add_74_S2     3.1784     0.0     3.1784    0.0000     0.0000 fp16_add_89_DW01_add_1_DW01_add_303
g_gemv[1].u_gemv/g_l2[3].u_add/sub_75     4.2719     0.0     4.2719    0.0000     0.0000  fp16_add_89_DW01_sub_1_DW01_sub_564
g_gemv[1].u_gemv/g_l3[0].u_add       52.7359      0.1     38.8411     6.4444      0.0000  fp16_add_88
g_gemv[1].u_gemv/g_l3[0].u_add/add_74_S2     3.1784     0.0     3.1784    0.0000     0.0000 fp16_add_88_DW01_add_1_DW01_add_301
g_gemv[1].u_gemv/g_l3[0].u_add/sub_75     4.2719     0.0     4.2719    0.0000     0.0000  fp16_add_88_DW01_sub_1_DW01_sub_560
g_gemv[1].u_gemv/g_l3[1].u_add       52.7359      0.1     38.8411     6.4444      0.0000  fp16_add_87
g_gemv[1].u_gemv/g_l3[1].u_add/add_74_S2     3.1784     0.0     3.1784    0.0000     0.0000 fp16_add_87_DW01_add_1_DW01_add_299
g_gemv[1].u_gemv/g_l3[1].u_add/sub_75     4.2719     0.0     4.2719    0.0000     0.0000  fp16_add_87_DW01_sub_1_DW01_sub_556
g_gemv[1].u_gemv/g_mul[0].u_mul      66.9076      0.1     14.5508     6.4444      0.0000  fp16_mult_48
g_gemv[1].u_gemv/g_mul[0].u_mul/mult_35    45.9124     0.1    42.0050    0.0000     0.0000 fp16_mult_48_DW02_mult_0_DW02_mult_65
g_gemv[1].u_gemv/g_mul[0].u_mul/mult_35/FS_1     3.9074     0.0     3.9074    0.0000     0.0000 fp16_mult_48_DW01_add_1_DW01_add_501
g_gemv[1].u_gemv/g_mul[10].u_mul     66.9076      0.1     14.5508     6.4444      0.0000  fp16_mult_38
g_gemv[1].u_gemv/g_mul[10].u_mul/mult_35    45.9124     0.1    42.0050    0.0000     0.0000 fp16_mult_38_DW02_mult_0_DW02_mult_55
g_gemv[1].u_gemv/g_mul[10].u_mul/mult_35/FS_1     3.9074     0.0     3.9074    0.0000     0.0000 fp16_mult_38_DW01_add_1_DW01_add_491
g_gemv[1].u_gemv/g_mul[11].u_mul     66.9076      0.1     14.5508     6.4444      0.0000  fp16_mult_37
g_gemv[1].u_gemv/g_mul[11].u_mul/mult_35    45.9124     0.1    42.0050    0.0000     0.0000 fp16_mult_37_DW02_mult_0_DW02_mult_54
g_gemv[1].u_gemv/g_mul[11].u_mul/mult_35/FS_1     3.9074     0.0     3.9074    0.0000     0.0000 fp16_mult_37_DW01_add_1_DW01_add_490
g_gemv[1].u_gemv/g_mul[12].u_mul     66.9076      0.1     14.5508     6.4444      0.0000  fp16_mult_36
g_gemv[1].u_gemv/g_mul[12].u_mul/mult_35    45.9124     0.1    42.0050    0.0000     0.0000 fp16_mult_36_DW02_mult_0_DW02_mult_53
g_gemv[1].u_gemv/g_mul[12].u_mul/mult_35/FS_1     3.9074     0.0     3.9074    0.0000     0.0000 fp16_mult_36_DW01_add_1_DW01_add_489
g_gemv[1].u_gemv/g_mul[13].u_mul     66.9076      0.1     14.5508     6.4444      0.0000  fp16_mult_35
g_gemv[1].u_gemv/g_mul[13].u_mul/mult_35    45.9124     0.1    42.0050    0.0000     0.0000 fp16_mult_35_DW02_mult_0_DW02_mult_52
g_gemv[1].u_gemv/g_mul[13].u_mul/mult_35/FS_1     3.9074     0.0     3.9074    0.0000     0.0000 fp16_mult_35_DW01_add_1_DW01_add_488
g_gemv[1].u_gemv/g_mul[14].u_mul     66.9076      0.1     14.5508     6.4444      0.0000  fp16_mult_34
g_gemv[1].u_gemv/g_mul[14].u_mul/mult_35    45.9124     0.1    42.0050    0.0000     0.0000 fp16_mult_34_DW02_mult_0_DW02_mult_51
g_gemv[1].u_gemv/g_mul[14].u_mul/mult_35/FS_1     3.9074     0.0     3.9074    0.0000     0.0000 fp16_mult_34_DW01_add_1_DW01_add_487
g_gemv[1].u_gemv/g_mul[15].u_mul     66.9076      0.1     14.5508     6.4444      0.0000  fp16_mult_33
g_gemv[1].u_gemv/g_mul[15].u_mul/mult_35    45.9124     0.1    42.0050    0.0000     0.0000 fp16_mult_33_DW02_mult_0_DW02_mult_50
g_gemv[1].u_gemv/g_mul[15].u_mul/mult_35/FS_1     3.9074     0.0     3.9074    0.0000     0.0000 fp16_mult_33_DW01_add_1_DW01_add_486
g_gemv[1].u_gemv/g_mul[1].u_mul      66.9076      0.1     14.5508     6.4444      0.0000  fp16_mult_47
g_gemv[1].u_gemv/g_mul[1].u_mul/mult_35    45.9124     0.1    42.0050    0.0000     0.0000 fp16_mult_47_DW02_mult_0_DW02_mult_64
g_gemv[1].u_gemv/g_mul[1].u_mul/mult_35/FS_1     3.9074     0.0     3.9074    0.0000     0.0000 fp16_mult_47_DW01_add_1_DW01_add_500
g_gemv[1].u_gemv/g_mul[2].u_mul      66.9076      0.1     14.5508     6.4444      0.0000  fp16_mult_46
g_gemv[1].u_gemv/g_mul[2].u_mul/mult_35    45.9124     0.1    42.0050    0.0000     0.0000 fp16_mult_46_DW02_mult_0_DW02_mult_63
g_gemv[1].u_gemv/g_mul[2].u_mul/mult_35/FS_1     3.9074     0.0     3.9074    0.0000     0.0000 fp16_mult_46_DW01_add_1_DW01_add_499
g_gemv[1].u_gemv/g_mul[3].u_mul      66.9076      0.1     14.5508     6.4444      0.0000  fp16_mult_45
g_gemv[1].u_gemv/g_mul[3].u_mul/mult_35    45.9124     0.1    42.0050    0.0000     0.0000 fp16_mult_45_DW02_mult_0_DW02_mult_62
g_gemv[1].u_gemv/g_mul[3].u_mul/mult_35/FS_1     3.9074     0.0     3.9074    0.0000     0.0000 fp16_mult_45_DW01_add_1_DW01_add_498
g_gemv[1].u_gemv/g_mul[4].u_mul      66.9076      0.1     14.5508     6.4444      0.0000  fp16_mult_44
g_gemv[1].u_gemv/g_mul[4].u_mul/mult_35    45.9124     0.1    42.0050    0.0000     0.0000 fp16_mult_44_DW02_mult_0_DW02_mult_61
g_gemv[1].u_gemv/g_mul[4].u_mul/mult_35/FS_1     3.9074     0.0     3.9074    0.0000     0.0000 fp16_mult_44_DW01_add_1_DW01_add_497
g_gemv[1].u_gemv/g_mul[5].u_mul      66.9076      0.1     14.5508     6.4444      0.0000  fp16_mult_43
g_gemv[1].u_gemv/g_mul[5].u_mul/mult_35    45.9124     0.1    42.0050    0.0000     0.0000 fp16_mult_43_DW02_mult_0_DW02_mult_60
g_gemv[1].u_gemv/g_mul[5].u_mul/mult_35/FS_1     3.9074     0.0     3.9074    0.0000     0.0000 fp16_mult_43_DW01_add_1_DW01_add_496
g_gemv[1].u_gemv/g_mul[6].u_mul      66.9076      0.1     14.5508     6.4444      0.0000  fp16_mult_42
g_gemv[1].u_gemv/g_mul[6].u_mul/mult_35    45.9124     0.1    42.0050    0.0000     0.0000 fp16_mult_42_DW02_mult_0_DW02_mult_59
g_gemv[1].u_gemv/g_mul[6].u_mul/mult_35/FS_1     3.9074     0.0     3.9074    0.0000     0.0000 fp16_mult_42_DW01_add_1_DW01_add_495
g_gemv[1].u_gemv/g_mul[7].u_mul      66.9076      0.1     14.5508     6.4444      0.0000  fp16_mult_41
g_gemv[1].u_gemv/g_mul[7].u_mul/mult_35    45.9124     0.1    42.0050    0.0000     0.0000 fp16_mult_41_DW02_mult_0_DW02_mult_58
g_gemv[1].u_gemv/g_mul[7].u_mul/mult_35/FS_1     3.9074     0.0     3.9074    0.0000     0.0000 fp16_mult_41_DW01_add_1_DW01_add_494
g_gemv[1].u_gemv/g_mul[8].u_mul      66.9076      0.1     14.5508     6.4444      0.0000  fp16_mult_40
g_gemv[1].u_gemv/g_mul[8].u_mul/mult_35    45.9124     0.1    42.0050    0.0000     0.0000 fp16_mult_40_DW02_mult_0_DW02_mult_57
g_gemv[1].u_gemv/g_mul[8].u_mul/mult_35/FS_1     3.9074     0.0     3.9074    0.0000     0.0000 fp16_mult_40_DW01_add_1_DW01_add_493
g_gemv[1].u_gemv/g_mul[9].u_mul      66.9076      0.1     14.5508     6.4444      0.0000  fp16_mult_39
g_gemv[1].u_gemv/g_mul[9].u_mul/mult_35    45.9124     0.1    42.0050    0.0000     0.0000 fp16_mult_39_DW02_mult_0_DW02_mult_56
g_gemv[1].u_gemv/g_mul[9].u_mul/mult_35/FS_1     3.9074     0.0     3.9074    0.0000     0.0000 fp16_mult_39_DW01_add_1_DW01_add_492
g_gemv[1].u_gemv/u_acc_add           52.8525      0.1     38.9578     6.4444      0.0000  fp16_add_85
g_gemv[1].u_gemv/u_acc_add/add_74_S2     3.1784     0.0     3.1784    0.0000      0.0000  fp16_add_85_DW01_add_1_DW01_add_295
g_gemv[1].u_gemv/u_acc_add/sub_75     4.2719      0.0      4.2719     0.0000      0.0000  fp16_add_85_DW01_sub_1_DW01_sub_548
g_gemv[1].u_gemv/u_buf_mat         3987.0759      5.8      0.7873     0.0000   3986.2886  dbuf_16x256_6
g_gemv[1].u_gemv/u_buf_vec         3987.0759      5.8      0.7873     0.0000   3986.2886  dbuf_16x256_5
g_gemv[1].u_gemv/u_l4                52.6338      0.1     38.7391     6.4444      0.0000  fp16_add_86
g_gemv[1].u_gemv/u_l4/add_74_S2       3.1784      0.0      3.1784     0.0000      0.0000  fp16_add_86_DW01_add_1_DW01_add_297
g_gemv[1].u_gemv/u_l4/sub_75          4.2719      0.0      4.2719     0.0000      0.0000  fp16_add_86_DW01_sub_1_DW01_sub_552
g_gemv[2].u_gemv                  10929.8385     16.0     86.2407   113.3449      0.0000  gemv_unit_2
g_gemv[2].u_gemv/g_ctx_acc[0].u_ctx_add    52.7213     0.1    38.8265    6.4444     0.0000 fp16_add_52
g_gemv[2].u_gemv/g_ctx_acc[0].u_ctx_add/add_74_S2     3.1784     0.0     3.1784    0.0000     0.0000 fp16_add_52_DW01_add_1_DW01_add_213
g_gemv[2].u_gemv/g_ctx_acc[0].u_ctx_add/sub_75     4.2719     0.0     4.2719    0.0000     0.0000 fp16_add_52_DW01_sub_1_DW01_sub_416
g_gemv[2].u_gemv/g_ctx_acc[10].u_ctx_add    52.7213     0.1    38.8265    6.4444     0.0000 fp16_add_42
g_gemv[2].u_gemv/g_ctx_acc[10].u_ctx_add/add_74_S2     3.1784     0.0     3.1784    0.0000     0.0000 fp16_add_42_DW01_add_1_DW01_add_193
g_gemv[2].u_gemv/g_ctx_acc[10].u_ctx_add/sub_75     4.2719     0.0     4.2719    0.0000     0.0000 fp16_add_42_DW01_sub_1_DW01_sub_376
g_gemv[2].u_gemv/g_ctx_acc[11].u_ctx_add    52.7213     0.1    38.8265    6.4444     0.0000 fp16_add_41
g_gemv[2].u_gemv/g_ctx_acc[11].u_ctx_add/add_74_S2     3.1784     0.0     3.1784    0.0000     0.0000 fp16_add_41_DW01_add_1_DW01_add_191
g_gemv[2].u_gemv/g_ctx_acc[11].u_ctx_add/sub_75     4.2719     0.0     4.2719    0.0000     0.0000 fp16_add_41_DW01_sub_1_DW01_sub_372
g_gemv[2].u_gemv/g_ctx_acc[12].u_ctx_add    52.7213     0.1    38.8265    6.4444     0.0000 fp16_add_40
g_gemv[2].u_gemv/g_ctx_acc[12].u_ctx_add/add_74_S2     3.1784     0.0     3.1784    0.0000     0.0000 fp16_add_40_DW01_add_1_DW01_add_189
g_gemv[2].u_gemv/g_ctx_acc[12].u_ctx_add/sub_75     4.2719     0.0     4.2719    0.0000     0.0000 fp16_add_40_DW01_sub_1_DW01_sub_368
g_gemv[2].u_gemv/g_ctx_acc[13].u_ctx_add    52.7213     0.1    38.8265    6.4444     0.0000 fp16_add_39
g_gemv[2].u_gemv/g_ctx_acc[13].u_ctx_add/add_74_S2     3.1784     0.0     3.1784    0.0000     0.0000 fp16_add_39_DW01_add_1_DW01_add_187
g_gemv[2].u_gemv/g_ctx_acc[13].u_ctx_add/sub_75     4.2719     0.0     4.2719    0.0000     0.0000 fp16_add_39_DW01_sub_1_DW01_sub_364
g_gemv[2].u_gemv/g_ctx_acc[14].u_ctx_add    52.7213     0.1    38.8265    6.4444     0.0000 fp16_add_38
g_gemv[2].u_gemv/g_ctx_acc[14].u_ctx_add/add_74_S2     3.1784     0.0     3.1784    0.0000     0.0000 fp16_add_38_DW01_add_1_DW01_add_185
g_gemv[2].u_gemv/g_ctx_acc[14].u_ctx_add/sub_75     4.2719     0.0     4.2719    0.0000     0.0000 fp16_add_38_DW01_sub_1_DW01_sub_360
g_gemv[2].u_gemv/g_ctx_acc[15].u_ctx_add    52.7213     0.1    38.8265    6.4444     0.0000 fp16_add_37
g_gemv[2].u_gemv/g_ctx_acc[15].u_ctx_add/add_74_S2     3.1784     0.0     3.1784    0.0000     0.0000 fp16_add_37_DW01_add_1_DW01_add_183
g_gemv[2].u_gemv/g_ctx_acc[15].u_ctx_add/sub_75     4.2719     0.0     4.2719    0.0000     0.0000 fp16_add_37_DW01_sub_1_DW01_sub_356
g_gemv[2].u_gemv/g_ctx_acc[1].u_ctx_add    52.7213     0.1    38.8265    6.4444     0.0000 fp16_add_51
g_gemv[2].u_gemv/g_ctx_acc[1].u_ctx_add/add_74_S2     3.1784     0.0     3.1784    0.0000     0.0000 fp16_add_51_DW01_add_1_DW01_add_211
g_gemv[2].u_gemv/g_ctx_acc[1].u_ctx_add/sub_75     4.2719     0.0     4.2719    0.0000     0.0000 fp16_add_51_DW01_sub_1_DW01_sub_412
g_gemv[2].u_gemv/g_ctx_acc[2].u_ctx_add    52.7213     0.1    38.8265    6.4444     0.0000 fp16_add_50
g_gemv[2].u_gemv/g_ctx_acc[2].u_ctx_add/add_74_S2     3.1784     0.0     3.1784    0.0000     0.0000 fp16_add_50_DW01_add_1_DW01_add_209
g_gemv[2].u_gemv/g_ctx_acc[2].u_ctx_add/sub_75     4.2719     0.0     4.2719    0.0000     0.0000 fp16_add_50_DW01_sub_1_DW01_sub_408
g_gemv[2].u_gemv/g_ctx_acc[3].u_ctx_add    52.7213     0.1    38.8265    6.4444     0.0000 fp16_add_49
g_gemv[2].u_gemv/g_ctx_acc[3].u_ctx_add/add_74_S2     3.1784     0.0     3.1784    0.0000     0.0000 fp16_add_49_DW01_add_1_DW01_add_207
g_gemv[2].u_gemv/g_ctx_acc[3].u_ctx_add/sub_75     4.2719     0.0     4.2719    0.0000     0.0000 fp16_add_49_DW01_sub_1_DW01_sub_404
g_gemv[2].u_gemv/g_ctx_acc[4].u_ctx_add    52.7213     0.1    38.8265    6.4444     0.0000 fp16_add_48
g_gemv[2].u_gemv/g_ctx_acc[4].u_ctx_add/add_74_S2     3.1784     0.0     3.1784    0.0000     0.0000 fp16_add_48_DW01_add_1_DW01_add_205
g_gemv[2].u_gemv/g_ctx_acc[4].u_ctx_add/sub_75     4.2719     0.0     4.2719    0.0000     0.0000 fp16_add_48_DW01_sub_1_DW01_sub_400
g_gemv[2].u_gemv/g_ctx_acc[5].u_ctx_add    52.7213     0.1    38.8265    6.4444     0.0000 fp16_add_47
g_gemv[2].u_gemv/g_ctx_acc[5].u_ctx_add/add_74_S2     3.1784     0.0     3.1784    0.0000     0.0000 fp16_add_47_DW01_add_1_DW01_add_203
g_gemv[2].u_gemv/g_ctx_acc[5].u_ctx_add/sub_75     4.2719     0.0     4.2719    0.0000     0.0000 fp16_add_47_DW01_sub_1_DW01_sub_396
g_gemv[2].u_gemv/g_ctx_acc[6].u_ctx_add    52.7213     0.1    38.8265    6.4444     0.0000 fp16_add_46
g_gemv[2].u_gemv/g_ctx_acc[6].u_ctx_add/add_74_S2     3.1784     0.0     3.1784    0.0000     0.0000 fp16_add_46_DW01_add_1_DW01_add_201
g_gemv[2].u_gemv/g_ctx_acc[6].u_ctx_add/sub_75     4.2719     0.0     4.2719    0.0000     0.0000 fp16_add_46_DW01_sub_1_DW01_sub_392
g_gemv[2].u_gemv/g_ctx_acc[7].u_ctx_add    52.7213     0.1    38.8265    6.4444     0.0000 fp16_add_45
g_gemv[2].u_gemv/g_ctx_acc[7].u_ctx_add/add_74_S2     3.1784     0.0     3.1784    0.0000     0.0000 fp16_add_45_DW01_add_1_DW01_add_199
g_gemv[2].u_gemv/g_ctx_acc[7].u_ctx_add/sub_75     4.2719     0.0     4.2719    0.0000     0.0000 fp16_add_45_DW01_sub_1_DW01_sub_388
g_gemv[2].u_gemv/g_ctx_acc[8].u_ctx_add    52.7213     0.1    38.8265    6.4444     0.0000 fp16_add_44
g_gemv[2].u_gemv/g_ctx_acc[8].u_ctx_add/add_74_S2     3.1784     0.0     3.1784    0.0000     0.0000 fp16_add_44_DW01_add_1_DW01_add_197
g_gemv[2].u_gemv/g_ctx_acc[8].u_ctx_add/sub_75     4.2719     0.0     4.2719    0.0000     0.0000 fp16_add_44_DW01_sub_1_DW01_sub_384
g_gemv[2].u_gemv/g_ctx_acc[9].u_ctx_add    52.7213     0.1    38.8265    6.4444     0.0000 fp16_add_43
g_gemv[2].u_gemv/g_ctx_acc[9].u_ctx_add/add_74_S2     3.1784     0.0     3.1784    0.0000     0.0000 fp16_add_43_DW01_add_1_DW01_add_195
g_gemv[2].u_gemv/g_ctx_acc[9].u_ctx_add/sub_75     4.2719     0.0     4.2719    0.0000     0.0000 fp16_add_43_DW01_sub_1_DW01_sub_380
g_gemv[2].u_gemv/g_l1[0].u_add       52.5463      0.1     38.6516     6.4444      0.0000  fp16_add_68
g_gemv[2].u_gemv/g_l1[0].u_add/add_74_S2     3.1784     0.0     3.1784    0.0000     0.0000 fp16_add_68_DW01_add_1_DW01_add_245
g_gemv[2].u_gemv/g_l1[0].u_add/sub_75     4.2719     0.0     4.2719    0.0000     0.0000  fp16_add_68_DW01_sub_1_DW01_sub_480
g_gemv[2].u_gemv/g_l1[1].u_add       52.5463      0.1     38.6516     6.4444      0.0000  fp16_add_67
g_gemv[2].u_gemv/g_l1[1].u_add/add_74_S2     3.1784     0.0     3.1784    0.0000     0.0000 fp16_add_67_DW01_add_1_DW01_add_243
g_gemv[2].u_gemv/g_l1[1].u_add/sub_75     4.2719     0.0     4.2719    0.0000     0.0000  fp16_add_67_DW01_sub_1_DW01_sub_476
g_gemv[2].u_gemv/g_l1[2].u_add       52.5463      0.1     38.6516     6.4444      0.0000  fp16_add_66
g_gemv[2].u_gemv/g_l1[2].u_add/add_74_S2     3.1784     0.0     3.1784    0.0000     0.0000 fp16_add_66_DW01_add_1_DW01_add_241
g_gemv[2].u_gemv/g_l1[2].u_add/sub_75     4.2719     0.0     4.2719    0.0000     0.0000  fp16_add_66_DW01_sub_1_DW01_sub_472
g_gemv[2].u_gemv/g_l1[3].u_add       52.5463      0.1     38.6516     6.4444      0.0000  fp16_add_65
g_gemv[2].u_gemv/g_l1[3].u_add/add_74_S2     3.1784     0.0     3.1784    0.0000     0.0000 fp16_add_65_DW01_add_1_DW01_add_239
g_gemv[2].u_gemv/g_l1[3].u_add/sub_75     4.2719     0.0     4.2719    0.0000     0.0000  fp16_add_65_DW01_sub_1_DW01_sub_468
g_gemv[2].u_gemv/g_l1[4].u_add       52.5463      0.1     38.6516     6.4444      0.0000  fp16_add_64
g_gemv[2].u_gemv/g_l1[4].u_add/add_74_S2     3.1784     0.0     3.1784    0.0000     0.0000 fp16_add_64_DW01_add_1_DW01_add_237
g_gemv[2].u_gemv/g_l1[4].u_add/sub_75     4.2719     0.0     4.2719    0.0000     0.0000  fp16_add_64_DW01_sub_1_DW01_sub_464
g_gemv[2].u_gemv/g_l1[5].u_add       52.5463      0.1     38.6516     6.4444      0.0000  fp16_add_63
g_gemv[2].u_gemv/g_l1[5].u_add/add_74_S2     3.1784     0.0     3.1784    0.0000     0.0000 fp16_add_63_DW01_add_1_DW01_add_235
g_gemv[2].u_gemv/g_l1[5].u_add/sub_75     4.2719     0.0     4.2719    0.0000     0.0000  fp16_add_63_DW01_sub_1_DW01_sub_460
g_gemv[2].u_gemv/g_l1[6].u_add       52.5463      0.1     38.6516     6.4444      0.0000  fp16_add_62
g_gemv[2].u_gemv/g_l1[6].u_add/add_74_S2     3.1784     0.0     3.1784    0.0000     0.0000 fp16_add_62_DW01_add_1_DW01_add_233
g_gemv[2].u_gemv/g_l1[6].u_add/sub_75     4.2719     0.0     4.2719    0.0000     0.0000  fp16_add_62_DW01_sub_1_DW01_sub_456
g_gemv[2].u_gemv/g_l1[7].u_add       52.5463      0.1     38.6516     6.4444      0.0000  fp16_add_61
g_gemv[2].u_gemv/g_l1[7].u_add/add_74_S2     3.1784     0.0     3.1784    0.0000     0.0000 fp16_add_61_DW01_add_1_DW01_add_231
g_gemv[2].u_gemv/g_l1[7].u_add/sub_75     4.2719     0.0     4.2719    0.0000     0.0000  fp16_add_61_DW01_sub_1_DW01_sub_452
g_gemv[2].u_gemv/g_l2[0].u_add       52.6775      0.1     38.7828     6.4444      0.0000  fp16_add_60
g_gemv[2].u_gemv/g_l2[0].u_add/add_74_S2     3.1784     0.0     3.1784    0.0000     0.0000 fp16_add_60_DW01_add_1_DW01_add_229
g_gemv[2].u_gemv/g_l2[0].u_add/sub_75     4.2719     0.0     4.2719    0.0000     0.0000  fp16_add_60_DW01_sub_1_DW01_sub_448
g_gemv[2].u_gemv/g_l2[1].u_add       52.6775      0.1     38.7828     6.4444      0.0000  fp16_add_59
g_gemv[2].u_gemv/g_l2[1].u_add/add_74_S2     3.1784     0.0     3.1784    0.0000     0.0000 fp16_add_59_DW01_add_1_DW01_add_227
g_gemv[2].u_gemv/g_l2[1].u_add/sub_75     4.2719     0.0     4.2719    0.0000     0.0000  fp16_add_59_DW01_sub_1_DW01_sub_444
g_gemv[2].u_gemv/g_l2[2].u_add       52.6775      0.1     38.7828     6.4444      0.0000  fp16_add_58
g_gemv[2].u_gemv/g_l2[2].u_add/add_74_S2     3.1784     0.0     3.1784    0.0000     0.0000 fp16_add_58_DW01_add_1_DW01_add_225
g_gemv[2].u_gemv/g_l2[2].u_add/sub_75     4.2719     0.0     4.2719    0.0000     0.0000  fp16_add_58_DW01_sub_1_DW01_sub_440
g_gemv[2].u_gemv/g_l2[3].u_add       52.6775      0.1     38.7828     6.4444      0.0000  fp16_add_57
g_gemv[2].u_gemv/g_l2[3].u_add/add_74_S2     3.1784     0.0     3.1784    0.0000     0.0000 fp16_add_57_DW01_add_1_DW01_add_223
g_gemv[2].u_gemv/g_l2[3].u_add/sub_75     4.2719     0.0     4.2719    0.0000     0.0000  fp16_add_57_DW01_sub_1_DW01_sub_436
g_gemv[2].u_gemv/g_l3[0].u_add       52.7359      0.1     38.8411     6.4444      0.0000  fp16_add_56
g_gemv[2].u_gemv/g_l3[0].u_add/add_74_S2     3.1784     0.0     3.1784    0.0000     0.0000 fp16_add_56_DW01_add_1_DW01_add_221
g_gemv[2].u_gemv/g_l3[0].u_add/sub_75     4.2719     0.0     4.2719    0.0000     0.0000  fp16_add_56_DW01_sub_1_DW01_sub_432
g_gemv[2].u_gemv/g_l3[1].u_add       52.7359      0.1     38.8411     6.4444      0.0000  fp16_add_55
g_gemv[2].u_gemv/g_l3[1].u_add/add_74_S2     3.1784     0.0     3.1784    0.0000     0.0000 fp16_add_55_DW01_add_1_DW01_add_219
g_gemv[2].u_gemv/g_l3[1].u_add/sub_75     4.2719     0.0     4.2719    0.0000     0.0000  fp16_add_55_DW01_sub_1_DW01_sub_428
g_gemv[2].u_gemv/g_mul[0].u_mul      66.9076      0.1     14.5508     6.4444      0.0000  fp16_mult_32
g_gemv[2].u_gemv/g_mul[0].u_mul/mult_35    45.9124     0.1    42.0050    0.0000     0.0000 fp16_mult_32_DW02_mult_0_DW02_mult_49
g_gemv[2].u_gemv/g_mul[0].u_mul/mult_35/FS_1     3.9074     0.0     3.9074    0.0000     0.0000 fp16_mult_32_DW01_add_1_DW01_add_485
g_gemv[2].u_gemv/g_mul[10].u_mul     66.9076      0.1     14.5508     6.4444      0.0000  fp16_mult_22
g_gemv[2].u_gemv/g_mul[10].u_mul/mult_35    45.9124     0.1    42.0050    0.0000     0.0000 fp16_mult_22_DW02_mult_0_DW02_mult_39
g_gemv[2].u_gemv/g_mul[10].u_mul/mult_35/FS_1     3.9074     0.0     3.9074    0.0000     0.0000 fp16_mult_22_DW01_add_1_DW01_add_475
g_gemv[2].u_gemv/g_mul[11].u_mul     66.9076      0.1     14.5508     6.4444      0.0000  fp16_mult_21
g_gemv[2].u_gemv/g_mul[11].u_mul/mult_35    45.9124     0.1    42.0050    0.0000     0.0000 fp16_mult_21_DW02_mult_0_DW02_mult_38
g_gemv[2].u_gemv/g_mul[11].u_mul/mult_35/FS_1     3.9074     0.0     3.9074    0.0000     0.0000 fp16_mult_21_DW01_add_1_DW01_add_474
g_gemv[2].u_gemv/g_mul[12].u_mul     66.9076      0.1     14.5508     6.4444      0.0000  fp16_mult_20
g_gemv[2].u_gemv/g_mul[12].u_mul/mult_35    45.9124     0.1    42.0050    0.0000     0.0000 fp16_mult_20_DW02_mult_0_DW02_mult_37
g_gemv[2].u_gemv/g_mul[12].u_mul/mult_35/FS_1     3.9074     0.0     3.9074    0.0000     0.0000 fp16_mult_20_DW01_add_1_DW01_add_473
g_gemv[2].u_gemv/g_mul[13].u_mul     66.9076      0.1     14.5508     6.4444      0.0000  fp16_mult_19
g_gemv[2].u_gemv/g_mul[13].u_mul/mult_35    45.9124     0.1    42.0050    0.0000     0.0000 fp16_mult_19_DW02_mult_0_DW02_mult_36
g_gemv[2].u_gemv/g_mul[13].u_mul/mult_35/FS_1     3.9074     0.0     3.9074    0.0000     0.0000 fp16_mult_19_DW01_add_1_DW01_add_472
g_gemv[2].u_gemv/g_mul[14].u_mul     66.9076      0.1     14.5508     6.4444      0.0000  fp16_mult_18
g_gemv[2].u_gemv/g_mul[14].u_mul/mult_35    45.9124     0.1    42.0050    0.0000     0.0000 fp16_mult_18_DW02_mult_0_DW02_mult_35
g_gemv[2].u_gemv/g_mul[14].u_mul/mult_35/FS_1     3.9074     0.0     3.9074    0.0000     0.0000 fp16_mult_18_DW01_add_1_DW01_add_471
g_gemv[2].u_gemv/g_mul[15].u_mul     66.9076      0.1     14.5508     6.4444      0.0000  fp16_mult_17
g_gemv[2].u_gemv/g_mul[15].u_mul/mult_35    45.9124     0.1    42.0050    0.0000     0.0000 fp16_mult_17_DW02_mult_0_DW02_mult_34
g_gemv[2].u_gemv/g_mul[15].u_mul/mult_35/FS_1     3.9074     0.0     3.9074    0.0000     0.0000 fp16_mult_17_DW01_add_1_DW01_add_470
g_gemv[2].u_gemv/g_mul[1].u_mul      66.9076      0.1     14.5508     6.4444      0.0000  fp16_mult_31
g_gemv[2].u_gemv/g_mul[1].u_mul/mult_35    45.9124     0.1    42.0050    0.0000     0.0000 fp16_mult_31_DW02_mult_0_DW02_mult_48
g_gemv[2].u_gemv/g_mul[1].u_mul/mult_35/FS_1     3.9074     0.0     3.9074    0.0000     0.0000 fp16_mult_31_DW01_add_1_DW01_add_484
g_gemv[2].u_gemv/g_mul[2].u_mul      66.9076      0.1     14.5508     6.4444      0.0000  fp16_mult_30
g_gemv[2].u_gemv/g_mul[2].u_mul/mult_35    45.9124     0.1    42.0050    0.0000     0.0000 fp16_mult_30_DW02_mult_0_DW02_mult_47
g_gemv[2].u_gemv/g_mul[2].u_mul/mult_35/FS_1     3.9074     0.0     3.9074    0.0000     0.0000 fp16_mult_30_DW01_add_1_DW01_add_483
g_gemv[2].u_gemv/g_mul[3].u_mul      66.9076      0.1     14.5508     6.4444      0.0000  fp16_mult_29
g_gemv[2].u_gemv/g_mul[3].u_mul/mult_35    45.9124     0.1    42.0050    0.0000     0.0000 fp16_mult_29_DW02_mult_0_DW02_mult_46
g_gemv[2].u_gemv/g_mul[3].u_mul/mult_35/FS_1     3.9074     0.0     3.9074    0.0000     0.0000 fp16_mult_29_DW01_add_1_DW01_add_482
g_gemv[2].u_gemv/g_mul[4].u_mul      66.9076      0.1     14.5508     6.4444      0.0000  fp16_mult_28
g_gemv[2].u_gemv/g_mul[4].u_mul/mult_35    45.9124     0.1    42.0050    0.0000     0.0000 fp16_mult_28_DW02_mult_0_DW02_mult_45
g_gemv[2].u_gemv/g_mul[4].u_mul/mult_35/FS_1     3.9074     0.0     3.9074    0.0000     0.0000 fp16_mult_28_DW01_add_1_DW01_add_481
g_gemv[2].u_gemv/g_mul[5].u_mul      66.9076      0.1     14.5508     6.4444      0.0000  fp16_mult_27
g_gemv[2].u_gemv/g_mul[5].u_mul/mult_35    45.9124     0.1    42.0050    0.0000     0.0000 fp16_mult_27_DW02_mult_0_DW02_mult_44
g_gemv[2].u_gemv/g_mul[5].u_mul/mult_35/FS_1     3.9074     0.0     3.9074    0.0000     0.0000 fp16_mult_27_DW01_add_1_DW01_add_480
g_gemv[2].u_gemv/g_mul[6].u_mul      66.9076      0.1     14.5508     6.4444      0.0000  fp16_mult_26
g_gemv[2].u_gemv/g_mul[6].u_mul/mult_35    45.9124     0.1    42.0050    0.0000     0.0000 fp16_mult_26_DW02_mult_0_DW02_mult_43
g_gemv[2].u_gemv/g_mul[6].u_mul/mult_35/FS_1     3.9074     0.0     3.9074    0.0000     0.0000 fp16_mult_26_DW01_add_1_DW01_add_479
g_gemv[2].u_gemv/g_mul[7].u_mul      66.9076      0.1     14.5508     6.4444      0.0000  fp16_mult_25
g_gemv[2].u_gemv/g_mul[7].u_mul/mult_35    45.9124     0.1    42.0050    0.0000     0.0000 fp16_mult_25_DW02_mult_0_DW02_mult_42
g_gemv[2].u_gemv/g_mul[7].u_mul/mult_35/FS_1     3.9074     0.0     3.9074    0.0000     0.0000 fp16_mult_25_DW01_add_1_DW01_add_478
g_gemv[2].u_gemv/g_mul[8].u_mul      66.9076      0.1     14.5508     6.4444      0.0000  fp16_mult_24
g_gemv[2].u_gemv/g_mul[8].u_mul/mult_35    45.9124     0.1    42.0050    0.0000     0.0000 fp16_mult_24_DW02_mult_0_DW02_mult_41
g_gemv[2].u_gemv/g_mul[8].u_mul/mult_35/FS_1     3.9074     0.0     3.9074    0.0000     0.0000 fp16_mult_24_DW01_add_1_DW01_add_477
g_gemv[2].u_gemv/g_mul[9].u_mul      66.9076      0.1     14.5508     6.4444      0.0000  fp16_mult_23
g_gemv[2].u_gemv/g_mul[9].u_mul/mult_35    45.9124     0.1    42.0050    0.0000     0.0000 fp16_mult_23_DW02_mult_0_DW02_mult_40
g_gemv[2].u_gemv/g_mul[9].u_mul/mult_35/FS_1     3.9074     0.0     3.9074    0.0000     0.0000 fp16_mult_23_DW01_add_1_DW01_add_476
g_gemv[2].u_gemv/u_acc_add           52.8525      0.1     38.9578     6.4444      0.0000  fp16_add_53
g_gemv[2].u_gemv/u_acc_add/add_74_S2     3.1784     0.0     3.1784    0.0000      0.0000  fp16_add_53_DW01_add_1_DW01_add_215
g_gemv[2].u_gemv/u_acc_add/sub_75     4.2719      0.0      4.2719     0.0000      0.0000  fp16_add_53_DW01_sub_1_DW01_sub_420
g_gemv[2].u_gemv/u_buf_mat         3987.0759      5.8      0.7873     0.0000   3986.2886  dbuf_16x256_4
g_gemv[2].u_gemv/u_buf_vec         3987.0759      5.8      0.7873     0.0000   3986.2886  dbuf_16x256_3
g_gemv[2].u_gemv/u_l4                52.6338      0.1     38.7391     6.4444      0.0000  fp16_add_54
g_gemv[2].u_gemv/u_l4/add_74_S2       3.1784      0.0      3.1784     0.0000      0.0000  fp16_add_54_DW01_add_1_DW01_add_217
g_gemv[2].u_gemv/u_l4/sub_75          4.2719      0.0      4.2719     0.0000      0.0000  fp16_add_54_DW01_sub_1_DW01_sub_424
g_gemv[3].u_gemv                  10929.8385     16.0     86.2407   113.3449      0.0000  gemv_unit_1
g_gemv[3].u_gemv/g_ctx_acc[0].u_ctx_add    52.7213     0.1    38.8265    6.4444     0.0000 fp16_add_20
g_gemv[3].u_gemv/g_ctx_acc[0].u_ctx_add/add_74_S2     3.1784     0.0     3.1784    0.0000     0.0000 fp16_add_20_DW01_add_1_DW01_add_133
g_gemv[3].u_gemv/g_ctx_acc[0].u_ctx_add/sub_75     4.2719     0.0     4.2719    0.0000     0.0000 fp16_add_20_DW01_sub_1_DW01_sub_288
g_gemv[3].u_gemv/g_ctx_acc[10].u_ctx_add    52.7213     0.1    38.8265    6.4444     0.0000 fp16_add_10
g_gemv[3].u_gemv/g_ctx_acc[10].u_ctx_add/add_74_S2     3.1784     0.0     3.1784    0.0000     0.0000 fp16_add_10_DW01_add_1_DW01_add_113
g_gemv[3].u_gemv/g_ctx_acc[10].u_ctx_add/sub_75     4.2719     0.0     4.2719    0.0000     0.0000 fp16_add_10_DW01_sub_1_DW01_sub_248
g_gemv[3].u_gemv/g_ctx_acc[11].u_ctx_add    52.7213     0.1    38.8265    6.4444     0.0000 fp16_add_9
g_gemv[3].u_gemv/g_ctx_acc[11].u_ctx_add/add_74_S2     3.1784     0.0     3.1784    0.0000     0.0000 fp16_add_9_DW01_add_1_DW01_add_111
g_gemv[3].u_gemv/g_ctx_acc[11].u_ctx_add/sub_75     4.2719     0.0     4.2719    0.0000     0.0000 fp16_add_9_DW01_sub_1_DW01_sub_244
g_gemv[3].u_gemv/g_ctx_acc[12].u_ctx_add    52.7213     0.1    38.8265    6.4444     0.0000 fp16_add_8
g_gemv[3].u_gemv/g_ctx_acc[12].u_ctx_add/add_74_S2     3.1784     0.0     3.1784    0.0000     0.0000 fp16_add_8_DW01_add_1_DW01_add_109
g_gemv[3].u_gemv/g_ctx_acc[12].u_ctx_add/sub_75     4.2719     0.0     4.2719    0.0000     0.0000 fp16_add_8_DW01_sub_1_DW01_sub_240
g_gemv[3].u_gemv/g_ctx_acc[13].u_ctx_add    52.7213     0.1    38.8265    6.4444     0.0000 fp16_add_7
g_gemv[3].u_gemv/g_ctx_acc[13].u_ctx_add/add_74_S2     3.1784     0.0     3.1784    0.0000     0.0000 fp16_add_7_DW01_add_1_DW01_add_107
g_gemv[3].u_gemv/g_ctx_acc[13].u_ctx_add/sub_75     4.2719     0.0     4.2719    0.0000     0.0000 fp16_add_7_DW01_sub_1_DW01_sub_236
g_gemv[3].u_gemv/g_ctx_acc[14].u_ctx_add    52.7213     0.1    38.8265    6.4444     0.0000 fp16_add_6
g_gemv[3].u_gemv/g_ctx_acc[14].u_ctx_add/add_74_S2     3.1784     0.0     3.1784    0.0000     0.0000 fp16_add_6_DW01_add_1_DW01_add_105
g_gemv[3].u_gemv/g_ctx_acc[14].u_ctx_add/sub_75     4.2719     0.0     4.2719    0.0000     0.0000 fp16_add_6_DW01_sub_1_DW01_sub_232
g_gemv[3].u_gemv/g_ctx_acc[15].u_ctx_add    52.7213     0.1    38.8265    6.4444     0.0000 fp16_add_5
g_gemv[3].u_gemv/g_ctx_acc[15].u_ctx_add/add_74_S2     3.1784     0.0     3.1784    0.0000     0.0000 fp16_add_5_DW01_add_1_DW01_add_103
g_gemv[3].u_gemv/g_ctx_acc[15].u_ctx_add/sub_75     4.2719     0.0     4.2719    0.0000     0.0000 fp16_add_5_DW01_sub_1_DW01_sub_228
g_gemv[3].u_gemv/g_ctx_acc[1].u_ctx_add    52.7213     0.1    38.8265    6.4444     0.0000 fp16_add_19
g_gemv[3].u_gemv/g_ctx_acc[1].u_ctx_add/add_74_S2     3.1784     0.0     3.1784    0.0000     0.0000 fp16_add_19_DW01_add_1_DW01_add_131
g_gemv[3].u_gemv/g_ctx_acc[1].u_ctx_add/sub_75     4.2719     0.0     4.2719    0.0000     0.0000 fp16_add_19_DW01_sub_1_DW01_sub_284
g_gemv[3].u_gemv/g_ctx_acc[2].u_ctx_add    52.7213     0.1    38.8265    6.4444     0.0000 fp16_add_18
g_gemv[3].u_gemv/g_ctx_acc[2].u_ctx_add/add_74_S2     3.1784     0.0     3.1784    0.0000     0.0000 fp16_add_18_DW01_add_1_DW01_add_129
g_gemv[3].u_gemv/g_ctx_acc[2].u_ctx_add/sub_75     4.2719     0.0     4.2719    0.0000     0.0000 fp16_add_18_DW01_sub_1_DW01_sub_280
g_gemv[3].u_gemv/g_ctx_acc[3].u_ctx_add    52.7213     0.1    38.8265    6.4444     0.0000 fp16_add_17
g_gemv[3].u_gemv/g_ctx_acc[3].u_ctx_add/add_74_S2     3.1784     0.0     3.1784    0.0000     0.0000 fp16_add_17_DW01_add_1_DW01_add_127
g_gemv[3].u_gemv/g_ctx_acc[3].u_ctx_add/sub_75     4.2719     0.0     4.2719    0.0000     0.0000 fp16_add_17_DW01_sub_1_DW01_sub_276
g_gemv[3].u_gemv/g_ctx_acc[4].u_ctx_add    52.7213     0.1    38.8265    6.4444     0.0000 fp16_add_16
g_gemv[3].u_gemv/g_ctx_acc[4].u_ctx_add/add_74_S2     3.1784     0.0     3.1784    0.0000     0.0000 fp16_add_16_DW01_add_1_DW01_add_125
g_gemv[3].u_gemv/g_ctx_acc[4].u_ctx_add/sub_75     4.2719     0.0     4.2719    0.0000     0.0000 fp16_add_16_DW01_sub_1_DW01_sub_272
g_gemv[3].u_gemv/g_ctx_acc[5].u_ctx_add    52.7213     0.1    38.8265    6.4444     0.0000 fp16_add_15
g_gemv[3].u_gemv/g_ctx_acc[5].u_ctx_add/add_74_S2     3.1784     0.0     3.1784    0.0000     0.0000 fp16_add_15_DW01_add_1_DW01_add_123
g_gemv[3].u_gemv/g_ctx_acc[5].u_ctx_add/sub_75     4.2719     0.0     4.2719    0.0000     0.0000 fp16_add_15_DW01_sub_1_DW01_sub_268
g_gemv[3].u_gemv/g_ctx_acc[6].u_ctx_add    52.7213     0.1    38.8265    6.4444     0.0000 fp16_add_14
g_gemv[3].u_gemv/g_ctx_acc[6].u_ctx_add/add_74_S2     3.1784     0.0     3.1784    0.0000     0.0000 fp16_add_14_DW01_add_1_DW01_add_121
g_gemv[3].u_gemv/g_ctx_acc[6].u_ctx_add/sub_75     4.2719     0.0     4.2719    0.0000     0.0000 fp16_add_14_DW01_sub_1_DW01_sub_264
g_gemv[3].u_gemv/g_ctx_acc[7].u_ctx_add    52.7213     0.1    38.8265    6.4444     0.0000 fp16_add_13
g_gemv[3].u_gemv/g_ctx_acc[7].u_ctx_add/add_74_S2     3.1784     0.0     3.1784    0.0000     0.0000 fp16_add_13_DW01_add_1_DW01_add_119
g_gemv[3].u_gemv/g_ctx_acc[7].u_ctx_add/sub_75     4.2719     0.0     4.2719    0.0000     0.0000 fp16_add_13_DW01_sub_1_DW01_sub_260
g_gemv[3].u_gemv/g_ctx_acc[8].u_ctx_add    52.7213     0.1    38.8265    6.4444     0.0000 fp16_add_12
g_gemv[3].u_gemv/g_ctx_acc[8].u_ctx_add/add_74_S2     3.1784     0.0     3.1784    0.0000     0.0000 fp16_add_12_DW01_add_1_DW01_add_117
g_gemv[3].u_gemv/g_ctx_acc[8].u_ctx_add/sub_75     4.2719     0.0     4.2719    0.0000     0.0000 fp16_add_12_DW01_sub_1_DW01_sub_256
g_gemv[3].u_gemv/g_ctx_acc[9].u_ctx_add    52.7213     0.1    38.8265    6.4444     0.0000 fp16_add_11
g_gemv[3].u_gemv/g_ctx_acc[9].u_ctx_add/add_74_S2     3.1784     0.0     3.1784    0.0000     0.0000 fp16_add_11_DW01_add_1_DW01_add_115
g_gemv[3].u_gemv/g_ctx_acc[9].u_ctx_add/sub_75     4.2719     0.0     4.2719    0.0000     0.0000 fp16_add_11_DW01_sub_1_DW01_sub_252
g_gemv[3].u_gemv/g_l1[0].u_add       52.5463      0.1     38.6516     6.4444      0.0000  fp16_add_36
g_gemv[3].u_gemv/g_l1[0].u_add/add_74_S2     3.1784     0.0     3.1784    0.0000     0.0000 fp16_add_36_DW01_add_1_DW01_add_165
g_gemv[3].u_gemv/g_l1[0].u_add/sub_75     4.2719     0.0     4.2719    0.0000     0.0000  fp16_add_36_DW01_sub_1_DW01_sub_352
g_gemv[3].u_gemv/g_l1[1].u_add       52.5463      0.1     38.6516     6.4444      0.0000  fp16_add_35
g_gemv[3].u_gemv/g_l1[1].u_add/add_74_S2     3.1784     0.0     3.1784    0.0000     0.0000 fp16_add_35_DW01_add_1_DW01_add_163
g_gemv[3].u_gemv/g_l1[1].u_add/sub_75     4.2719     0.0     4.2719    0.0000     0.0000  fp16_add_35_DW01_sub_1_DW01_sub_348
g_gemv[3].u_gemv/g_l1[2].u_add       52.5463      0.1     38.6516     6.4444      0.0000  fp16_add_34
g_gemv[3].u_gemv/g_l1[2].u_add/add_74_S2     3.1784     0.0     3.1784    0.0000     0.0000 fp16_add_34_DW01_add_1_DW01_add_161
g_gemv[3].u_gemv/g_l1[2].u_add/sub_75     4.2719     0.0     4.2719    0.0000     0.0000  fp16_add_34_DW01_sub_1_DW01_sub_344
g_gemv[3].u_gemv/g_l1[3].u_add       52.5463      0.1     38.6516     6.4444      0.0000  fp16_add_33
g_gemv[3].u_gemv/g_l1[3].u_add/add_74_S2     3.1784     0.0     3.1784    0.0000     0.0000 fp16_add_33_DW01_add_1_DW01_add_159
g_gemv[3].u_gemv/g_l1[3].u_add/sub_75     4.2719     0.0     4.2719    0.0000     0.0000  fp16_add_33_DW01_sub_1_DW01_sub_340
g_gemv[3].u_gemv/g_l1[4].u_add       52.5463      0.1     38.6516     6.4444      0.0000  fp16_add_32
g_gemv[3].u_gemv/g_l1[4].u_add/add_74_S2     3.1784     0.0     3.1784    0.0000     0.0000 fp16_add_32_DW01_add_1_DW01_add_157
g_gemv[3].u_gemv/g_l1[4].u_add/sub_75     4.2719     0.0     4.2719    0.0000     0.0000  fp16_add_32_DW01_sub_1_DW01_sub_336
g_gemv[3].u_gemv/g_l1[5].u_add       52.5463      0.1     38.6516     6.4444      0.0000  fp16_add_31
g_gemv[3].u_gemv/g_l1[5].u_add/add_74_S2     3.1784     0.0     3.1784    0.0000     0.0000 fp16_add_31_DW01_add_1_DW01_add_155
g_gemv[3].u_gemv/g_l1[5].u_add/sub_75     4.2719     0.0     4.2719    0.0000     0.0000  fp16_add_31_DW01_sub_1_DW01_sub_332
g_gemv[3].u_gemv/g_l1[6].u_add       52.5463      0.1     38.6516     6.4444      0.0000  fp16_add_30
g_gemv[3].u_gemv/g_l1[6].u_add/add_74_S2     3.1784     0.0     3.1784    0.0000     0.0000 fp16_add_30_DW01_add_1_DW01_add_153
g_gemv[3].u_gemv/g_l1[6].u_add/sub_75     4.2719     0.0     4.2719    0.0000     0.0000  fp16_add_30_DW01_sub_1_DW01_sub_328
g_gemv[3].u_gemv/g_l1[7].u_add       52.5463      0.1     38.6516     6.4444      0.0000  fp16_add_29
g_gemv[3].u_gemv/g_l1[7].u_add/add_74_S2     3.1784     0.0     3.1784    0.0000     0.0000 fp16_add_29_DW01_add_1_DW01_add_151
g_gemv[3].u_gemv/g_l1[7].u_add/sub_75     4.2719     0.0     4.2719    0.0000     0.0000  fp16_add_29_DW01_sub_1_DW01_sub_324
g_gemv[3].u_gemv/g_l2[0].u_add       52.6775      0.1     38.7828     6.4444      0.0000  fp16_add_28
g_gemv[3].u_gemv/g_l2[0].u_add/add_74_S2     3.1784     0.0     3.1784    0.0000     0.0000 fp16_add_28_DW01_add_1_DW01_add_149
g_gemv[3].u_gemv/g_l2[0].u_add/sub_75     4.2719     0.0     4.2719    0.0000     0.0000  fp16_add_28_DW01_sub_1_DW01_sub_320
g_gemv[3].u_gemv/g_l2[1].u_add       52.6775      0.1     38.7828     6.4444      0.0000  fp16_add_27
g_gemv[3].u_gemv/g_l2[1].u_add/add_74_S2     3.1784     0.0     3.1784    0.0000     0.0000 fp16_add_27_DW01_add_1_DW01_add_147
g_gemv[3].u_gemv/g_l2[1].u_add/sub_75     4.2719     0.0     4.2719    0.0000     0.0000  fp16_add_27_DW01_sub_1_DW01_sub_316
g_gemv[3].u_gemv/g_l2[2].u_add       52.6775      0.1     38.7828     6.4444      0.0000  fp16_add_26
g_gemv[3].u_gemv/g_l2[2].u_add/add_74_S2     3.1784     0.0     3.1784    0.0000     0.0000 fp16_add_26_DW01_add_1_DW01_add_145
g_gemv[3].u_gemv/g_l2[2].u_add/sub_75     4.2719     0.0     4.2719    0.0000     0.0000  fp16_add_26_DW01_sub_1_DW01_sub_312
g_gemv[3].u_gemv/g_l2[3].u_add       52.6775      0.1     38.7828     6.4444      0.0000  fp16_add_25
g_gemv[3].u_gemv/g_l2[3].u_add/add_74_S2     3.1784     0.0     3.1784    0.0000     0.0000 fp16_add_25_DW01_add_1_DW01_add_143
g_gemv[3].u_gemv/g_l2[3].u_add/sub_75     4.2719     0.0     4.2719    0.0000     0.0000  fp16_add_25_DW01_sub_1_DW01_sub_308
g_gemv[3].u_gemv/g_l3[0].u_add       52.7359      0.1     38.8411     6.4444      0.0000  fp16_add_24
g_gemv[3].u_gemv/g_l3[0].u_add/add_74_S2     3.1784     0.0     3.1784    0.0000     0.0000 fp16_add_24_DW01_add_1_DW01_add_141
g_gemv[3].u_gemv/g_l3[0].u_add/sub_75     4.2719     0.0     4.2719    0.0000     0.0000  fp16_add_24_DW01_sub_1_DW01_sub_304
g_gemv[3].u_gemv/g_l3[1].u_add       52.7359      0.1     38.8411     6.4444      0.0000  fp16_add_23
g_gemv[3].u_gemv/g_l3[1].u_add/add_74_S2     3.1784     0.0     3.1784    0.0000     0.0000 fp16_add_23_DW01_add_1_DW01_add_139
g_gemv[3].u_gemv/g_l3[1].u_add/sub_75     4.2719     0.0     4.2719    0.0000     0.0000  fp16_add_23_DW01_sub_1_DW01_sub_300
g_gemv[3].u_gemv/g_mul[0].u_mul      66.9076      0.1     14.5508     6.4444      0.0000  fp16_mult_16
g_gemv[3].u_gemv/g_mul[0].u_mul/mult_35    45.9124     0.1    42.0050    0.0000     0.0000 fp16_mult_16_DW02_mult_0_DW02_mult_33
g_gemv[3].u_gemv/g_mul[0].u_mul/mult_35/FS_1     3.9074     0.0     3.9074    0.0000     0.0000 fp16_mult_16_DW01_add_1_DW01_add_469
g_gemv[3].u_gemv/g_mul[10].u_mul     66.9076      0.1     14.5508     6.4444      0.0000  fp16_mult_6
g_gemv[3].u_gemv/g_mul[10].u_mul/mult_35    45.9124     0.1    42.0050    0.0000     0.0000 fp16_mult_6_DW02_mult_0_DW02_mult_23
g_gemv[3].u_gemv/g_mul[10].u_mul/mult_35/FS_1     3.9074     0.0     3.9074    0.0000     0.0000 fp16_mult_6_DW01_add_1_DW01_add_459
g_gemv[3].u_gemv/g_mul[11].u_mul     66.9076      0.1     14.5508     6.4444      0.0000  fp16_mult_5
g_gemv[3].u_gemv/g_mul[11].u_mul/mult_35    45.9124     0.1    42.0050    0.0000     0.0000 fp16_mult_5_DW02_mult_0_DW02_mult_22
g_gemv[3].u_gemv/g_mul[11].u_mul/mult_35/FS_1     3.9074     0.0     3.9074    0.0000     0.0000 fp16_mult_5_DW01_add_1_DW01_add_458
g_gemv[3].u_gemv/g_mul[12].u_mul     66.9076      0.1     14.5508     6.4444      0.0000  fp16_mult_4
g_gemv[3].u_gemv/g_mul[12].u_mul/mult_35    45.9124     0.1    42.0050    0.0000     0.0000 fp16_mult_4_DW02_mult_0_DW02_mult_21
g_gemv[3].u_gemv/g_mul[12].u_mul/mult_35/FS_1     3.9074     0.0     3.9074    0.0000     0.0000 fp16_mult_4_DW01_add_1_DW01_add_457
g_gemv[3].u_gemv/g_mul[13].u_mul     66.9076      0.1     14.5508     6.4444      0.0000  fp16_mult_3
g_gemv[3].u_gemv/g_mul[13].u_mul/mult_35    45.9124     0.1    42.0050    0.0000     0.0000 fp16_mult_3_DW02_mult_0_DW02_mult_20
g_gemv[3].u_gemv/g_mul[13].u_mul/mult_35/FS_1     3.9074     0.0     3.9074    0.0000     0.0000 fp16_mult_3_DW01_add_1_DW01_add_456
g_gemv[3].u_gemv/g_mul[14].u_mul     66.9076      0.1     14.5508     6.4444      0.0000  fp16_mult_2
g_gemv[3].u_gemv/g_mul[14].u_mul/mult_35    45.9124     0.1    42.0050    0.0000     0.0000 fp16_mult_2_DW02_mult_0_DW02_mult_19
g_gemv[3].u_gemv/g_mul[14].u_mul/mult_35/FS_1     3.9074     0.0     3.9074    0.0000     0.0000 fp16_mult_2_DW01_add_1_DW01_add_455
g_gemv[3].u_gemv/g_mul[15].u_mul     66.9076      0.1     14.5508     6.4444      0.0000  fp16_mult_1
g_gemv[3].u_gemv/g_mul[15].u_mul/mult_35    45.9124     0.1    42.0050    0.0000     0.0000 fp16_mult_1_DW02_mult_0_DW02_mult_18
g_gemv[3].u_gemv/g_mul[15].u_mul/mult_35/FS_1     3.9074     0.0     3.9074    0.0000     0.0000 fp16_mult_1_DW01_add_1_DW01_add_454
g_gemv[3].u_gemv/g_mul[1].u_mul      66.9076      0.1     14.5508     6.4444      0.0000  fp16_mult_15
g_gemv[3].u_gemv/g_mul[1].u_mul/mult_35    45.9124     0.1    42.0050    0.0000     0.0000 fp16_mult_15_DW02_mult_0_DW02_mult_32
g_gemv[3].u_gemv/g_mul[1].u_mul/mult_35/FS_1     3.9074     0.0     3.9074    0.0000     0.0000 fp16_mult_15_DW01_add_1_DW01_add_468
g_gemv[3].u_gemv/g_mul[2].u_mul      66.9076      0.1     14.5508     6.4444      0.0000  fp16_mult_14
g_gemv[3].u_gemv/g_mul[2].u_mul/mult_35    45.9124     0.1    42.0050    0.0000     0.0000 fp16_mult_14_DW02_mult_0_DW02_mult_31
g_gemv[3].u_gemv/g_mul[2].u_mul/mult_35/FS_1     3.9074     0.0     3.9074    0.0000     0.0000 fp16_mult_14_DW01_add_1_DW01_add_467
g_gemv[3].u_gemv/g_mul[3].u_mul      66.9076      0.1     14.5508     6.4444      0.0000  fp16_mult_13
g_gemv[3].u_gemv/g_mul[3].u_mul/mult_35    45.9124     0.1    42.0050    0.0000     0.0000 fp16_mult_13_DW02_mult_0_DW02_mult_30
g_gemv[3].u_gemv/g_mul[3].u_mul/mult_35/FS_1     3.9074     0.0     3.9074    0.0000     0.0000 fp16_mult_13_DW01_add_1_DW01_add_466
g_gemv[3].u_gemv/g_mul[4].u_mul      66.9076      0.1     14.5508     6.4444      0.0000  fp16_mult_12
g_gemv[3].u_gemv/g_mul[4].u_mul/mult_35    45.9124     0.1    42.0050    0.0000     0.0000 fp16_mult_12_DW02_mult_0_DW02_mult_29
g_gemv[3].u_gemv/g_mul[4].u_mul/mult_35/FS_1     3.9074     0.0     3.9074    0.0000     0.0000 fp16_mult_12_DW01_add_1_DW01_add_465
g_gemv[3].u_gemv/g_mul[5].u_mul      66.9076      0.1     14.5508     6.4444      0.0000  fp16_mult_11
g_gemv[3].u_gemv/g_mul[5].u_mul/mult_35    45.9124     0.1    42.0050    0.0000     0.0000 fp16_mult_11_DW02_mult_0_DW02_mult_28
g_gemv[3].u_gemv/g_mul[5].u_mul/mult_35/FS_1     3.9074     0.0     3.9074    0.0000     0.0000 fp16_mult_11_DW01_add_1_DW01_add_464
g_gemv[3].u_gemv/g_mul[6].u_mul      66.9076      0.1     14.5508     6.4444      0.0000  fp16_mult_10
g_gemv[3].u_gemv/g_mul[6].u_mul/mult_35    45.9124     0.1    42.0050    0.0000     0.0000 fp16_mult_10_DW02_mult_0_DW02_mult_27
g_gemv[3].u_gemv/g_mul[6].u_mul/mult_35/FS_1     3.9074     0.0     3.9074    0.0000     0.0000 fp16_mult_10_DW01_add_1_DW01_add_463
g_gemv[3].u_gemv/g_mul[7].u_mul      66.9076      0.1     14.5508     6.4444      0.0000  fp16_mult_9
g_gemv[3].u_gemv/g_mul[7].u_mul/mult_35    45.9124     0.1    42.0050    0.0000     0.0000 fp16_mult_9_DW02_mult_0_DW02_mult_26
g_gemv[3].u_gemv/g_mul[7].u_mul/mult_35/FS_1     3.9074     0.0     3.9074    0.0000     0.0000 fp16_mult_9_DW01_add_1_DW01_add_462
g_gemv[3].u_gemv/g_mul[8].u_mul      66.9076      0.1     14.5508     6.4444      0.0000  fp16_mult_8
g_gemv[3].u_gemv/g_mul[8].u_mul/mult_35    45.9124     0.1    42.0050    0.0000     0.0000 fp16_mult_8_DW02_mult_0_DW02_mult_25
g_gemv[3].u_gemv/g_mul[8].u_mul/mult_35/FS_1     3.9074     0.0     3.9074    0.0000     0.0000 fp16_mult_8_DW01_add_1_DW01_add_461
g_gemv[3].u_gemv/g_mul[9].u_mul      66.9076      0.1     14.5508     6.4444      0.0000  fp16_mult_7
g_gemv[3].u_gemv/g_mul[9].u_mul/mult_35    45.9124     0.1    42.0050    0.0000     0.0000 fp16_mult_7_DW02_mult_0_DW02_mult_24
g_gemv[3].u_gemv/g_mul[9].u_mul/mult_35/FS_1     3.9074     0.0     3.9074    0.0000     0.0000 fp16_mult_7_DW01_add_1_DW01_add_460
g_gemv[3].u_gemv/u_acc_add           52.8525      0.1     38.9578     6.4444      0.0000  fp16_add_21
g_gemv[3].u_gemv/u_acc_add/add_74_S2     3.1784     0.0     3.1784    0.0000      0.0000  fp16_add_21_DW01_add_1_DW01_add_135
g_gemv[3].u_gemv/u_acc_add/sub_75     4.2719      0.0      4.2719     0.0000      0.0000  fp16_add_21_DW01_sub_1_DW01_sub_292
g_gemv[3].u_gemv/u_buf_mat         3987.0759      5.8      0.7873     0.0000   3986.2886  dbuf_16x256_2
g_gemv[3].u_gemv/u_buf_vec         3987.0759      5.8      0.7873     0.0000   3986.2886  dbuf_16x256_1
g_gemv[3].u_gemv/u_l4                52.6338      0.1     38.7391     6.4444      0.0000  fp16_add_22
g_gemv[3].u_gemv/u_l4/add_74_S2       3.1784      0.0      3.1784     0.0000      0.0000  fp16_add_22_DW01_add_1_DW01_add_137
g_gemv[3].u_gemv/u_l4/sub_75          4.2719      0.0      4.2719     0.0000      0.0000  fp16_add_22_DW01_sub_1_DW01_sub_296
u_acc                               221.4848      0.3      3.7616     7.2025      0.0000  accumulator_N4
u_acc/a01                            52.5463      0.1     38.6516     6.4444      0.0000  fp16_add_4
u_acc/a01/add_74_S2                   3.1784      0.0      3.1784     0.0000      0.0000  fp16_add_4_DW01_add_1_DW01_add_101
u_acc/a01/sub_75                      4.2719      0.0      4.2719     0.0000      0.0000  fp16_add_4_DW01_sub_1_DW01_sub_224
u_acc/a0123                          52.5755      0.1     38.6807     6.4444      0.0000  fp16_add_2
u_acc/a0123/add_74_S2                 3.1784      0.0      3.1784     0.0000      0.0000  fp16_add_2_DW01_add_1_DW01_add_97
u_acc/a0123/sub_75                    4.2719      0.0      4.2719     0.0000      0.0000  fp16_add_2_DW01_sub_1_DW01_sub_216
u_acc/a23                            52.5463      0.1     38.6516     6.4444      0.0000  fp16_add_3
u_acc/a23/add_74_S2                   3.1784      0.0      3.1784     0.0000      0.0000  fp16_add_3_DW01_add_1_DW01_add_99
u_acc/a23/sub_75                      4.2719      0.0      4.2719     0.0000      0.0000  fp16_add_3_DW01_sub_1_DW01_sub_220
u_acc/a_acc                          52.8525      0.1     38.9578     6.4444      0.0000  fp16_add_1
u_acc/a_acc/add_74_S2                 3.1784      0.0      3.1784     0.0000      0.0000  fp16_add_1_DW01_add_1_DW01_add_95
u_acc/a_acc/sub_75                    4.2719      0.0      4.2719     0.0000      0.0000  fp16_add_1_DW01_sub_1_DW01_sub_212
u_ctrl                              508.0838      0.7    157.6535   332.2199      0.0000  attacc_controller
u_ctrl/add_131                        6.8963      0.0      6.8963     0.0000      0.0000  attacc_controller_DW01_add_1_DW01_add_431
u_ctrl/add_220                        4.5927      0.0      4.5927     0.0000      0.0000  attacc_controller_DW01_add_0_DW01_add_430
u_ctrl/add_304                        3.1930      0.0      3.1930     0.0000      0.0000  attacc_controller_DW01_inc_0_DW01_inc_418
u_ctrl/sub_306                        3.5284      0.0      3.5284     0.0000      0.0000  attacc_controller_DW01_dec_0_DW01_dec_4
u_diff                             2009.9696      2.9   1233.6138   776.3558      0.0000  diff_decoder
u_sfm                             17489.8617     25.5    478.7051   645.5732      0.0000  streaming_softmax_unit_LANES16_MAX_TOKENS2048_CONTEXTS32
u_sfm/G[0].u0                       129.2371      0.2     48.8722    12.5096      0.0000  fp32_add_0
u_sfm/G[0].u0/add_149                 5.7299      0.0      5.7299     0.0000      0.0000  fp32_add_0_DW01_add_0_DW01_add_92
u_sfm/G[0].u0/add_153                 1.4434      0.0      1.4434     0.0000      0.0000  fp32_add_0_DW01_inc_0_DW01_inc_84
u_sfm/G[0].u0/add_75_S2               6.9547      0.0      6.9547     0.0000      0.0000  fp32_add_0_DW01_add_1_DW01_add_93
u_sfm/G[0].u0/add_90                  1.4434      0.0      1.4434     0.0000      0.0000  fp32_add_0_DW01_inc_1_DW01_inc_85
u_sfm/G[0].u0/sll_127                13.3407      0.0     13.3407     0.0000      0.0000  fp32_add_0_DW01_ash_0_DW01_ash_78
u_sfm/G[0].u0/sll_64                 11.9264      0.0     11.9264     0.0000      0.0000  fp32_add_0_DW01_ash_1_DW01_ash_79
u_sfm/G[0].u0/srl_62                 13.4865      0.0     13.4865     0.0000      0.0000  fp32_add_0_DW_rash_0_DW_rash_47
u_sfm/G[0].u0/sub_128                 2.2599      0.0      2.2599     0.0000      0.0000  fp32_add_0_DW01_sub_0_DW01_sub_207
u_sfm/G[0].u0/sub_48                  2.6390      0.0      2.6390     0.0000      0.0000  fp32_add_0_DW01_sub_3_DW01_sub_210
u_sfm/G[0].u0/sub_76                  8.6314      0.0      8.6314     0.0000      0.0000  fp32_add_0_DW01_sub_1_DW01_sub_208
u_sfm/G[0].u1                       414.2615      0.6     64.9102    40.5616      0.0000  fp32_exp_0
u_sfm/G[0].u1/add_142                 2.0120      0.0      2.0120     0.0000      0.0000  fp32_exp_0_DW01_inc_0_DW01_inc_435
u_sfm/G[0].u1/add_271                 6.8380      0.0      6.8380     0.0000      0.0000  fp32_exp_0_DW01_add_1_DW01_add_645
u_sfm/G[0].u1/mult_121              118.3313      0.2    109.5395     0.0000      0.0000  fp32_exp_0_DW02_mult_0_DW02_mult_17
u_sfm/G[0].u1/mult_121/FS_1           8.7917      0.0      8.7917     0.0000      0.0000  fp32_exp_0_DW01_add_0_DW01_add_449
u_sfm/G[0].u1/mult_269              155.4811      0.2    148.3078     0.0000      0.0000  fp32_exp_0_DW02_mult_1_DW02_mult_113
u_sfm/G[0].u1/mult_269/FS_1           7.1734      0.0      7.1734     0.0000      0.0000  fp32_exp_0_DW01_add_2_DW01_add_646
u_sfm/G[0].u1/srl_85                 11.9556      0.0     11.9556     0.0000      0.0000  fp32_exp_0_DW_rash_0_DW_rash_46
u_sfm/G[0].u1/sub_143                 6.3423      0.0      6.3423     0.0000      0.0000  fp32_exp_0_DW01_sub_5_DW01_sub_758
u_sfm/G[0].u1/sub_267                 7.8295      0.0      7.8295     0.0000      0.0000  fp32_exp_0_DW01_sub_1_DW01_sub_203
u_sfm/G[0].u2                       273.2292      0.4     22.8614    12.5096      0.0000  fp32_mul_0
u_sfm/G[0].u2/add_2_root_add_50_aco     2.3328     0.0     2.3328     0.0000      0.0000  fp32_mul_0_DW01_add_2_DW01_add_599
u_sfm/G[0].u2/add_62                  5.7154      0.0      5.7154     0.0000      0.0000  fp32_mul_0_DW01_add_0_DW01_add_91
u_sfm/G[0].u2/add_67                  2.0995      0.0      2.0995     0.0000      0.0000  fp32_mul_0_DW01_inc_0_DW01_inc_83
u_sfm/G[0].u2/mult_35               227.7104      0.3    218.0147     0.0000      0.0000  fp32_mul_0_DW02_mult_0_DW02_mult_82
u_sfm/G[0].u2/mult_35/FS_1            9.6957      0.0      9.6957     0.0000      0.0000  fp32_mul_0_DW01_add_1_DW01_add_518
u_sfm/G[10].u0                      129.5579      0.2     49.1929    12.5096      0.0000  fp32_add_22
u_sfm/G[10].u0/add_149                5.7299      0.0      5.7299     0.0000      0.0000  fp32_add_22_DW01_add_0_DW01_add_62
u_sfm/G[10].u0/add_153                1.4434      0.0      1.4434     0.0000      0.0000  fp32_add_22_DW01_inc_0_DW01_inc_54
u_sfm/G[10].u0/add_75_S2              6.9547      0.0      6.9547     0.0000      0.0000  fp32_add_22_DW01_add_1_DW01_add_63
u_sfm/G[10].u0/add_90                 1.4434      0.0      1.4434     0.0000      0.0000  fp32_add_22_DW01_inc_1_DW01_inc_55
u_sfm/G[10].u0/sll_127               13.3407      0.0     13.3407     0.0000      0.0000  fp32_add_22_DW01_ash_0_DW01_ash_48
u_sfm/G[10].u0/sll_64                11.9264      0.0     11.9264     0.0000      0.0000  fp32_add_22_DW01_ash_1_DW01_ash_49
u_sfm/G[10].u0/srl_62                13.4865      0.0     13.4865     0.0000      0.0000  fp32_add_22_DW_rash_0_DW_rash_27
u_sfm/G[10].u0/sub_128                2.2599      0.0      2.2599     0.0000      0.0000  fp32_add_22_DW01_sub_0_DW01_sub_117
u_sfm/G[10].u0/sub_48                 2.6390      0.0      2.6390     0.0000      0.0000  fp32_add_22_DW01_sub_3_DW01_sub_120
u_sfm/G[10].u0/sub_76                 8.6314      0.0      8.6314     0.0000      0.0000  fp32_add_22_DW01_sub_1_DW01_sub_118
u_sfm/G[10].u1                      414.2615      0.6     64.9102    40.5616      0.0000  fp32_exp_6
u_sfm/G[10].u1/add_142                2.0120      0.0      2.0120     0.0000      0.0000  fp32_exp_6_DW01_inc_0_DW01_inc_425
u_sfm/G[10].u1/add_271                6.8380      0.0      6.8380     0.0000      0.0000  fp32_exp_6_DW01_add_1_DW01_add_625
u_sfm/G[10].u1/mult_121             118.3313      0.2    109.5395     0.0000      0.0000  fp32_exp_6_DW02_mult_0_DW02_mult_7
u_sfm/G[10].u1/mult_121/FS_1          8.7917      0.0      8.7917     0.0000      0.0000  fp32_exp_6_DW01_add_0_DW01_add_439
u_sfm/G[10].u1/mult_269             155.4811      0.2    148.3078     0.0000      0.0000  fp32_exp_6_DW02_mult_1_DW02_mult_103
u_sfm/G[10].u1/mult_269/FS_1          7.1734      0.0      7.1734     0.0000      0.0000  fp32_exp_6_DW01_add_2_DW01_add_626
u_sfm/G[10].u1/srl_85                11.9556      0.0     11.9556     0.0000      0.0000  fp32_exp_6_DW_rash_0_DW_rash_26
u_sfm/G[10].u1/sub_143                6.3423      0.0      6.3423     0.0000      0.0000  fp32_exp_6_DW01_sub_5_DW01_sub_748
u_sfm/G[10].u1/sub_267                7.8295      0.0      7.8295     0.0000      0.0000  fp32_exp_6_DW01_sub_1_DW01_sub_113
u_sfm/G[10].u2                      273.2146      0.4     22.8906    12.5096      0.0000  fp32_mul_6
u_sfm/G[10].u2/add_2_root_add_50_aco     2.3328     0.0     2.3328    0.0000      0.0000  fp32_mul_6_DW01_add_2_DW01_add_609
u_sfm/G[10].u2/add_62                 5.7154      0.0      5.7154     0.0000      0.0000  fp32_mul_6_DW01_add_0_DW01_add_61
u_sfm/G[10].u2/add_67                 2.0995      0.0      2.0995     0.0000      0.0000  fp32_mul_6_DW01_inc_0_DW01_inc_53
u_sfm/G[10].u2/mult_35              227.6667      0.3    217.9710     0.0000      0.0000  fp32_mul_6_DW02_mult_0_DW02_mult_92
u_sfm/G[10].u2/mult_35/FS_1           9.6957      0.0      9.6957     0.0000      0.0000  fp32_mul_6_DW01_add_1_DW01_add_528
u_sfm/G[11].u0                      129.4704      0.2     49.1054    12.5096      0.0000  fp32_add_21
u_sfm/G[11].u0/add_149                5.7299      0.0      5.7299     0.0000      0.0000  fp32_add_21_DW01_add_0_DW01_add_59
u_sfm/G[11].u0/add_153                1.4434      0.0      1.4434     0.0000      0.0000  fp32_add_21_DW01_inc_0_DW01_inc_51
u_sfm/G[11].u0/add_75_S2              6.9547      0.0      6.9547     0.0000      0.0000  fp32_add_21_DW01_add_1_DW01_add_60
u_sfm/G[11].u0/add_90                 1.4434      0.0      1.4434     0.0000      0.0000  fp32_add_21_DW01_inc_1_DW01_inc_52
u_sfm/G[11].u0/sll_127               13.3407      0.0     13.3407     0.0000      0.0000  fp32_add_21_DW01_ash_0_DW01_ash_45
u_sfm/G[11].u0/sll_64                11.9264      0.0     11.9264     0.0000      0.0000  fp32_add_21_DW01_ash_1_DW01_ash_46
u_sfm/G[11].u0/srl_62                13.4865      0.0     13.4865     0.0000      0.0000  fp32_add_21_DW_rash_0_DW_rash_25
u_sfm/G[11].u0/sub_128                2.2599      0.0      2.2599     0.0000      0.0000  fp32_add_21_DW01_sub_0_DW01_sub_108
u_sfm/G[11].u0/sub_48                 2.6390      0.0      2.6390     0.0000      0.0000  fp32_add_21_DW01_sub_3_DW01_sub_111
u_sfm/G[11].u0/sub_76                 8.6314      0.0      8.6314     0.0000      0.0000  fp32_add_21_DW01_sub_1_DW01_sub_109
u_sfm/G[11].u1                      414.2615      0.6     64.9102    40.5616      0.0000  fp32_exp_5
u_sfm/G[11].u1/add_142                2.0120      0.0      2.0120     0.0000      0.0000  fp32_exp_5_DW01_inc_0_DW01_inc_424
u_sfm/G[11].u1/add_271                6.8380      0.0      6.8380     0.0000      0.0000  fp32_exp_5_DW01_add_1_DW01_add_623
u_sfm/G[11].u1/mult_121             118.3313      0.2    109.5395     0.0000      0.0000  fp32_exp_5_DW02_mult_0_DW02_mult_6
u_sfm/G[11].u1/mult_121/FS_1          8.7917      0.0      8.7917     0.0000      0.0000  fp32_exp_5_DW01_add_0_DW01_add_438
u_sfm/G[11].u1/mult_269             155.4811      0.2    148.3078     0.0000      0.0000  fp32_exp_5_DW02_mult_1_DW02_mult_102
u_sfm/G[11].u1/mult_269/FS_1          7.1734      0.0      7.1734     0.0000      0.0000  fp32_exp_5_DW01_add_2_DW01_add_624
u_sfm/G[11].u1/srl_85                11.9556      0.0     11.9556     0.0000      0.0000  fp32_exp_5_DW_rash_0_DW_rash_24
u_sfm/G[11].u1/sub_143                6.3423      0.0      6.3423     0.0000      0.0000  fp32_exp_5_DW01_sub_5_DW01_sub_747
u_sfm/G[11].u1/sub_267                7.8295      0.0      7.8295     0.0000      0.0000  fp32_exp_5_DW01_sub_1_DW01_sub_104
u_sfm/G[11].u2                      273.2146      0.4     22.8906    12.5096      0.0000  fp32_mul_5
u_sfm/G[11].u2/add_2_root_add_50_aco     2.3328     0.0     2.3328    0.0000      0.0000  fp32_mul_5_DW01_add_2_DW01_add_610
u_sfm/G[11].u2/add_62                 5.7154      0.0      5.7154     0.0000      0.0000  fp32_mul_5_DW01_add_0_DW01_add_58
u_sfm/G[11].u2/add_67                 2.0995      0.0      2.0995     0.0000      0.0000  fp32_mul_5_DW01_inc_0_DW01_inc_50
u_sfm/G[11].u2/mult_35              227.6667      0.3    217.9710     0.0000      0.0000  fp32_mul_5_DW02_mult_0_DW02_mult_93
u_sfm/G[11].u2/mult_35/FS_1           9.6957      0.0      9.6957     0.0000      0.0000  fp32_mul_5_DW01_add_1_DW01_add_529
u_sfm/G[12].u0                      129.4704      0.2     49.1054    12.5096      0.0000  fp32_add_20
u_sfm/G[12].u0/add_149                5.7299      0.0      5.7299     0.0000      0.0000  fp32_add_20_DW01_add_0_DW01_add_56
u_sfm/G[12].u0/add_153                1.4434      0.0      1.4434     0.0000      0.0000  fp32_add_20_DW01_inc_0_DW01_inc_48
u_sfm/G[12].u0/add_75_S2              6.9547      0.0      6.9547     0.0000      0.0000  fp32_add_20_DW01_add_1_DW01_add_57
u_sfm/G[12].u0/add_90                 1.4434      0.0      1.4434     0.0000      0.0000  fp32_add_20_DW01_inc_1_DW01_inc_49
u_sfm/G[12].u0/sll_127               13.3407      0.0     13.3407     0.0000      0.0000  fp32_add_20_DW01_ash_0_DW01_ash_42
u_sfm/G[12].u0/sll_64                11.9264      0.0     11.9264     0.0000      0.0000  fp32_add_20_DW01_ash_1_DW01_ash_43
u_sfm/G[12].u0/srl_62                13.4865      0.0     13.4865     0.0000      0.0000  fp32_add_20_DW_rash_0_DW_rash_23
u_sfm/G[12].u0/sub_128                2.2599      0.0      2.2599     0.0000      0.0000  fp32_add_20_DW01_sub_0_DW01_sub_99
u_sfm/G[12].u0/sub_48                 2.6390      0.0      2.6390     0.0000      0.0000  fp32_add_20_DW01_sub_3_DW01_sub_102
u_sfm/G[12].u0/sub_76                 8.6314      0.0      8.6314     0.0000      0.0000  fp32_add_20_DW01_sub_1_DW01_sub_100
u_sfm/G[12].u1                      414.2615      0.6     64.9102    40.5616      0.0000  fp32_exp_4
u_sfm/G[12].u1/add_142                2.0120      0.0      2.0120     0.0000      0.0000  fp32_exp_4_DW01_inc_0_DW01_inc_423
u_sfm/G[12].u1/add_271                6.8380      0.0      6.8380     0.0000      0.0000  fp32_exp_4_DW01_add_1_DW01_add_621
u_sfm/G[12].u1/mult_121             118.3313      0.2    109.5395     0.0000      0.0000  fp32_exp_4_DW02_mult_0_DW02_mult_5
u_sfm/G[12].u1/mult_121/FS_1          8.7917      0.0      8.7917     0.0000      0.0000  fp32_exp_4_DW01_add_0_DW01_add_437
u_sfm/G[12].u1/mult_269             155.4811      0.2    148.3078     0.0000      0.0000  fp32_exp_4_DW02_mult_1_DW02_mult_101
u_sfm/G[12].u1/mult_269/FS_1          7.1734      0.0      7.1734     0.0000      0.0000  fp32_exp_4_DW01_add_2_DW01_add_622
u_sfm/G[12].u1/srl_85                11.9556      0.0     11.9556     0.0000      0.0000  fp32_exp_4_DW_rash_0_DW_rash_22
u_sfm/G[12].u1/sub_143                6.3423      0.0      6.3423     0.0000      0.0000  fp32_exp_4_DW01_sub_5_DW01_sub_746
u_sfm/G[12].u1/sub_267                7.8295      0.0      7.8295     0.0000      0.0000  fp32_exp_4_DW01_sub_1_DW01_sub_95
u_sfm/G[12].u2                      273.2146      0.4     22.8906    12.5096      0.0000  fp32_mul_4
u_sfm/G[12].u2/add_2_root_add_50_aco     2.3328     0.0     2.3328    0.0000      0.0000  fp32_mul_4_DW01_add_2_DW01_add_611
u_sfm/G[12].u2/add_62                 5.7154      0.0      5.7154     0.0000      0.0000  fp32_mul_4_DW01_add_0_DW01_add_55
u_sfm/G[12].u2/add_67                 2.0995      0.0      2.0995     0.0000      0.0000  fp32_mul_4_DW01_inc_0_DW01_inc_47
u_sfm/G[12].u2/mult_35              227.6667      0.3    217.9710     0.0000      0.0000  fp32_mul_4_DW02_mult_0_DW02_mult_94
u_sfm/G[12].u2/mult_35/FS_1           9.6957      0.0      9.6957     0.0000      0.0000  fp32_mul_4_DW01_add_1_DW01_add_530
u_sfm/G[13].u0                      129.3392      0.2     48.9742    12.5096      0.0000  fp32_add_19
u_sfm/G[13].u0/add_149                5.7299      0.0      5.7299     0.0000      0.0000  fp32_add_19_DW01_add_0_DW01_add_53
u_sfm/G[13].u0/add_153                1.4434      0.0      1.4434     0.0000      0.0000  fp32_add_19_DW01_inc_0_DW01_inc_45
u_sfm/G[13].u0/add_75_S2              6.9547      0.0      6.9547     0.0000      0.0000  fp32_add_19_DW01_add_1_DW01_add_54
u_sfm/G[13].u0/add_90                 1.4434      0.0      1.4434     0.0000      0.0000  fp32_add_19_DW01_inc_1_DW01_inc_46
u_sfm/G[13].u0/sll_127               13.3407      0.0     13.3407     0.0000      0.0000  fp32_add_19_DW01_ash_0_DW01_ash_39
u_sfm/G[13].u0/sll_64                11.9264      0.0     11.9264     0.0000      0.0000  fp32_add_19_DW01_ash_1_DW01_ash_40
u_sfm/G[13].u0/srl_62                13.4865      0.0     13.4865     0.0000      0.0000  fp32_add_19_DW_rash_0_DW_rash_21
u_sfm/G[13].u0/sub_128                2.2599      0.0      2.2599     0.0000      0.0000  fp32_add_19_DW01_sub_0_DW01_sub_90
u_sfm/G[13].u0/sub_48                 2.6390      0.0      2.6390     0.0000      0.0000  fp32_add_19_DW01_sub_3_DW01_sub_93
u_sfm/G[13].u0/sub_76                 8.6314      0.0      8.6314     0.0000      0.0000  fp32_add_19_DW01_sub_1_DW01_sub_91
u_sfm/G[13].u1                      414.2615      0.6     64.9102    40.5616      0.0000  fp32_exp_3
u_sfm/G[13].u1/add_142                2.0120      0.0      2.0120     0.0000      0.0000  fp32_exp_3_DW01_inc_0_DW01_inc_422
u_sfm/G[13].u1/add_271                6.8380      0.0      6.8380     0.0000      0.0000  fp32_exp_3_DW01_add_1_DW01_add_619
u_sfm/G[13].u1/mult_121             118.3313      0.2    109.5395     0.0000      0.0000  fp32_exp_3_DW02_mult_0_DW02_mult_4
u_sfm/G[13].u1/mult_121/FS_1          8.7917      0.0      8.7917     0.0000      0.0000  fp32_exp_3_DW01_add_0_DW01_add_436
u_sfm/G[13].u1/mult_269             155.4811      0.2    148.3078     0.0000      0.0000  fp32_exp_3_DW02_mult_1_DW02_mult_100
u_sfm/G[13].u1/mult_269/FS_1          7.1734      0.0      7.1734     0.0000      0.0000  fp32_exp_3_DW01_add_2_DW01_add_620
u_sfm/G[13].u1/srl_85                11.9556      0.0     11.9556     0.0000      0.0000  fp32_exp_3_DW_rash_0_DW_rash_20
u_sfm/G[13].u1/sub_143                6.3423      0.0      6.3423     0.0000      0.0000  fp32_exp_3_DW01_sub_5_DW01_sub_745
u_sfm/G[13].u1/sub_267                7.8295      0.0      7.8295     0.0000      0.0000  fp32_exp_3_DW01_sub_1_DW01_sub_86
u_sfm/G[13].u2                      273.2146      0.4     22.8906    12.5096      0.0000  fp32_mul_3
u_sfm/G[13].u2/add_2_root_add_50_aco     2.3328     0.0     2.3328    0.0000      0.0000  fp32_mul_3_DW01_add_2_DW01_add_612
u_sfm/G[13].u2/add_62                 5.7154      0.0      5.7154     0.0000      0.0000  fp32_mul_3_DW01_add_0_DW01_add_52
u_sfm/G[13].u2/add_67                 2.0995      0.0      2.0995     0.0000      0.0000  fp32_mul_3_DW01_inc_0_DW01_inc_44
u_sfm/G[13].u2/mult_35              227.6667      0.3    217.9710     0.0000      0.0000  fp32_mul_3_DW02_mult_0_DW02_mult_95
u_sfm/G[13].u2/mult_35/FS_1           9.6957      0.0      9.6957     0.0000      0.0000  fp32_mul_3_DW01_add_1_DW01_add_531
u_sfm/G[14].u0                      129.3392      0.2     48.9742    12.5096      0.0000  fp32_add_18
u_sfm/G[14].u0/add_149                5.7299      0.0      5.7299     0.0000      0.0000  fp32_add_18_DW01_add_0_DW01_add_50
u_sfm/G[14].u0/add_153                1.4434      0.0      1.4434     0.0000      0.0000  fp32_add_18_DW01_inc_0_DW01_inc_42
u_sfm/G[14].u0/add_75_S2              6.9547      0.0      6.9547     0.0000      0.0000  fp32_add_18_DW01_add_1_DW01_add_51
u_sfm/G[14].u0/add_90                 1.4434      0.0      1.4434     0.0000      0.0000  fp32_add_18_DW01_inc_1_DW01_inc_43
u_sfm/G[14].u0/sll_127               13.3407      0.0     13.3407     0.0000      0.0000  fp32_add_18_DW01_ash_0_DW01_ash_36
u_sfm/G[14].u0/sll_64                11.9264      0.0     11.9264     0.0000      0.0000  fp32_add_18_DW01_ash_1_DW01_ash_37
u_sfm/G[14].u0/srl_62                13.4865      0.0     13.4865     0.0000      0.0000  fp32_add_18_DW_rash_0_DW_rash_19
u_sfm/G[14].u0/sub_128                2.2599      0.0      2.2599     0.0000      0.0000  fp32_add_18_DW01_sub_0_DW01_sub_81
u_sfm/G[14].u0/sub_48                 2.6390      0.0      2.6390     0.0000      0.0000  fp32_add_18_DW01_sub_3_DW01_sub_84
u_sfm/G[14].u0/sub_76                 8.6314      0.0      8.6314     0.0000      0.0000  fp32_add_18_DW01_sub_1_DW01_sub_82
u_sfm/G[14].u1                      414.2615      0.6     64.9102    40.5616      0.0000  fp32_exp_2
u_sfm/G[14].u1/add_142                2.0120      0.0      2.0120     0.0000      0.0000  fp32_exp_2_DW01_inc_0_DW01_inc_421
u_sfm/G[14].u1/add_271                6.8380      0.0      6.8380     0.0000      0.0000  fp32_exp_2_DW01_add_1_DW01_add_617
u_sfm/G[14].u1/mult_121             118.3313      0.2    109.5395     0.0000      0.0000  fp32_exp_2_DW02_mult_0_DW02_mult_3
u_sfm/G[14].u1/mult_121/FS_1          8.7917      0.0      8.7917     0.0000      0.0000  fp32_exp_2_DW01_add_0_DW01_add_435
u_sfm/G[14].u1/mult_269             155.4811      0.2    148.3078     0.0000      0.0000  fp32_exp_2_DW02_mult_1_DW02_mult_99
u_sfm/G[14].u1/mult_269/FS_1          7.1734      0.0      7.1734     0.0000      0.0000  fp32_exp_2_DW01_add_2_DW01_add_618
u_sfm/G[14].u1/srl_85                11.9556      0.0     11.9556     0.0000      0.0000  fp32_exp_2_DW_rash_0_DW_rash_18
u_sfm/G[14].u1/sub_143                6.3423      0.0      6.3423     0.0000      0.0000  fp32_exp_2_DW01_sub_5_DW01_sub_744
u_sfm/G[14].u1/sub_267                7.8295      0.0      7.8295     0.0000      0.0000  fp32_exp_2_DW01_sub_1_DW01_sub_77
u_sfm/G[14].u2                      273.1855      0.4     22.8614    12.5096      0.0000  fp32_mul_2
u_sfm/G[14].u2/add_2_root_add_50_aco     2.3328     0.0     2.3328    0.0000      0.0000  fp32_mul_2_DW01_add_2_DW01_add_613
u_sfm/G[14].u2/add_62                 5.7154      0.0      5.7154     0.0000      0.0000  fp32_mul_2_DW01_add_0_DW01_add_49
u_sfm/G[14].u2/add_67                 2.0995      0.0      2.0995     0.0000      0.0000  fp32_mul_2_DW01_inc_0_DW01_inc_41
u_sfm/G[14].u2/mult_35              227.6667      0.3    217.9710     0.0000      0.0000  fp32_mul_2_DW02_mult_0_DW02_mult_96
u_sfm/G[14].u2/mult_35/FS_1           9.6957      0.0      9.6957     0.0000      0.0000  fp32_mul_2_DW01_add_1_DW01_add_532
u_sfm/G[15].u0                      129.1351      0.2     48.7701    12.5096      0.0000  fp32_add_17
u_sfm/G[15].u0/add_149                5.7299      0.0      5.7299     0.0000      0.0000  fp32_add_17_DW01_add_0_DW01_add_47
u_sfm/G[15].u0/add_153                1.4434      0.0      1.4434     0.0000      0.0000  fp32_add_17_DW01_inc_0_DW01_inc_39
u_sfm/G[15].u0/add_75_S2              6.9547      0.0      6.9547     0.0000      0.0000  fp32_add_17_DW01_add_1_DW01_add_48
u_sfm/G[15].u0/add_90                 1.4434      0.0      1.4434     0.0000      0.0000  fp32_add_17_DW01_inc_1_DW01_inc_40
u_sfm/G[15].u0/sll_127               13.3407      0.0     13.3407     0.0000      0.0000  fp32_add_17_DW01_ash_0_DW01_ash_33
u_sfm/G[15].u0/sll_64                11.9264      0.0     11.9264     0.0000      0.0000  fp32_add_17_DW01_ash_1_DW01_ash_34
u_sfm/G[15].u0/srl_62                13.4865      0.0     13.4865     0.0000      0.0000  fp32_add_17_DW_rash_0_DW_rash_17
u_sfm/G[15].u0/sub_128                2.2599      0.0      2.2599     0.0000      0.0000  fp32_add_17_DW01_sub_0_DW01_sub_72
u_sfm/G[15].u0/sub_48                 2.6390      0.0      2.6390     0.0000      0.0000  fp32_add_17_DW01_sub_3_DW01_sub_75
u_sfm/G[15].u0/sub_76                 8.6314      0.0      8.6314     0.0000      0.0000  fp32_add_17_DW01_sub_1_DW01_sub_73
u_sfm/G[15].u1                      414.2615      0.6     64.9102    40.5616      0.0000  fp32_exp_1
u_sfm/G[15].u1/add_142                2.0120      0.0      2.0120     0.0000      0.0000  fp32_exp_1_DW01_inc_0_DW01_inc_420
u_sfm/G[15].u1/add_271                6.8380      0.0      6.8380     0.0000      0.0000  fp32_exp_1_DW01_add_1_DW01_add_615
u_sfm/G[15].u1/mult_121             118.3313      0.2    109.5395     0.0000      0.0000  fp32_exp_1_DW02_mult_0_DW02_mult_2
u_sfm/G[15].u1/mult_121/FS_1          8.7917      0.0      8.7917     0.0000      0.0000  fp32_exp_1_DW01_add_0_DW01_add_434
u_sfm/G[15].u1/mult_269             155.4811      0.2    148.3078     0.0000      0.0000  fp32_exp_1_DW02_mult_1_DW02_mult_98
u_sfm/G[15].u1/mult_269/FS_1          7.1734      0.0      7.1734     0.0000      0.0000  fp32_exp_1_DW01_add_2_DW01_add_616
u_sfm/G[15].u1/srl_85                11.9556      0.0     11.9556     0.0000      0.0000  fp32_exp_1_DW_rash_0_DW_rash_16
u_sfm/G[15].u1/sub_143                6.3423      0.0      6.3423     0.0000      0.0000  fp32_exp_1_DW01_sub_5_DW01_sub_743
u_sfm/G[15].u1/sub_267                7.8295      0.0      7.8295     0.0000      0.0000  fp32_exp_1_DW01_sub_1_DW01_sub_68
u_sfm/G[15].u2                      273.1855      0.4     22.8614    12.5096      0.0000  fp32_mul_1
u_sfm/G[15].u2/add_2_root_add_50_aco     2.3328     0.0     2.3328    0.0000      0.0000  fp32_mul_1_DW01_add_2_DW01_add_614
u_sfm/G[15].u2/add_62                 5.7154      0.0      5.7154     0.0000      0.0000  fp32_mul_1_DW01_add_0_DW01_add_46
u_sfm/G[15].u2/add_67                 2.0995      0.0      2.0995     0.0000      0.0000  fp32_mul_1_DW01_inc_0_DW01_inc_38
u_sfm/G[15].u2/mult_35              227.6667      0.3    217.9710     0.0000      0.0000  fp32_mul_1_DW02_mult_0_DW02_mult_97
u_sfm/G[15].u2/mult_35/FS_1           9.6957      0.0      9.6957     0.0000      0.0000  fp32_mul_1_DW01_add_1_DW01_add_533
u_sfm/G[1].u0                       129.5725      0.2     49.2075    12.5096      0.0000  fp32_add_31
u_sfm/G[1].u0/add_149                 5.7299      0.0      5.7299     0.0000      0.0000  fp32_add_31_DW01_add_0_DW01_add_89
u_sfm/G[1].u0/add_153                 1.4434      0.0      1.4434     0.0000      0.0000  fp32_add_31_DW01_inc_0_DW01_inc_81
u_sfm/G[1].u0/add_75_S2               6.9547      0.0      6.9547     0.0000      0.0000  fp32_add_31_DW01_add_1_DW01_add_90
u_sfm/G[1].u0/add_90                  1.4434      0.0      1.4434     0.0000      0.0000  fp32_add_31_DW01_inc_1_DW01_inc_82
u_sfm/G[1].u0/sll_127                13.3407      0.0     13.3407     0.0000      0.0000  fp32_add_31_DW01_ash_0_DW01_ash_75
u_sfm/G[1].u0/sll_64                 11.9264      0.0     11.9264     0.0000      0.0000  fp32_add_31_DW01_ash_1_DW01_ash_76
u_sfm/G[1].u0/srl_62                 13.4865      0.0     13.4865     0.0000      0.0000  fp32_add_31_DW_rash_0_DW_rash_45
u_sfm/G[1].u0/sub_128                 2.2599      0.0      2.2599     0.0000      0.0000  fp32_add_31_DW01_sub_0_DW01_sub_198
u_sfm/G[1].u0/sub_48                  2.6390      0.0      2.6390     0.0000      0.0000  fp32_add_31_DW01_sub_3_DW01_sub_201
u_sfm/G[1].u0/sub_76                  8.6314      0.0      8.6314     0.0000      0.0000  fp32_add_31_DW01_sub_1_DW01_sub_199
u_sfm/G[1].u1                       414.2615      0.6     64.9102    40.5616      0.0000  fp32_exp_15
u_sfm/G[1].u1/add_142                 2.0120      0.0      2.0120     0.0000      0.0000  fp32_exp_15_DW01_inc_0_DW01_inc_434
u_sfm/G[1].u1/add_271                 6.8380      0.0      6.8380     0.0000      0.0000  fp32_exp_15_DW01_add_1_DW01_add_643
u_sfm/G[1].u1/mult_121              118.3313      0.2    109.5395     0.0000      0.0000  fp32_exp_15_DW02_mult_0_DW02_mult_16
u_sfm/G[1].u1/mult_121/FS_1           8.7917      0.0      8.7917     0.0000      0.0000  fp32_exp_15_DW01_add_0_DW01_add_448
u_sfm/G[1].u1/mult_269              155.4811      0.2    148.3078     0.0000      0.0000  fp32_exp_15_DW02_mult_1_DW02_mult_112
u_sfm/G[1].u1/mult_269/FS_1           7.1734      0.0      7.1734     0.0000      0.0000  fp32_exp_15_DW01_add_2_DW01_add_644
u_sfm/G[1].u1/srl_85                 11.9556      0.0     11.9556     0.0000      0.0000  fp32_exp_15_DW_rash_0_DW_rash_44
u_sfm/G[1].u1/sub_143                 6.3423      0.0      6.3423     0.0000      0.0000  fp32_exp_15_DW01_sub_5_DW01_sub_757
u_sfm/G[1].u1/sub_267                 7.8295      0.0      7.8295     0.0000      0.0000  fp32_exp_15_DW01_sub_1_DW01_sub_194
u_sfm/G[1].u2                       273.2146      0.4     22.8906    12.5096      0.0000  fp32_mul_15
u_sfm/G[1].u2/add_2_root_add_50_aco     2.3328     0.0     2.3328     0.0000      0.0000  fp32_mul_15_DW01_add_2_DW01_add_600
u_sfm/G[1].u2/add_62                  5.7154      0.0      5.7154     0.0000      0.0000  fp32_mul_15_DW01_add_0_DW01_add_88
u_sfm/G[1].u2/add_67                  2.0995      0.0      2.0995     0.0000      0.0000  fp32_mul_15_DW01_inc_0_DW01_inc_80
u_sfm/G[1].u2/mult_35               227.6667      0.3    217.9710     0.0000      0.0000  fp32_mul_15_DW02_mult_0_DW02_mult_83
u_sfm/G[1].u2/mult_35/FS_1            9.6957      0.0      9.6957     0.0000      0.0000  fp32_mul_15_DW01_add_1_DW01_add_519
u_sfm/G[2].u0                       129.5725      0.2     49.2075    12.5096      0.0000  fp32_add_30
u_sfm/G[2].u0/add_149                 5.7299      0.0      5.7299     0.0000      0.0000  fp32_add_30_DW01_add_0_DW01_add_86
u_sfm/G[2].u0/add_153                 1.4434      0.0      1.4434     0.0000      0.0000  fp32_add_30_DW01_inc_0_DW01_inc_78
u_sfm/G[2].u0/add_75_S2               6.9547      0.0      6.9547     0.0000      0.0000  fp32_add_30_DW01_add_1_DW01_add_87
u_sfm/G[2].u0/add_90                  1.4434      0.0      1.4434     0.0000      0.0000  fp32_add_30_DW01_inc_1_DW01_inc_79
u_sfm/G[2].u0/sll_127                13.3407      0.0     13.3407     0.0000      0.0000  fp32_add_30_DW01_ash_0_DW01_ash_72
u_sfm/G[2].u0/sll_64                 11.9264      0.0     11.9264     0.0000      0.0000  fp32_add_30_DW01_ash_1_DW01_ash_73
u_sfm/G[2].u0/srl_62                 13.4865      0.0     13.4865     0.0000      0.0000  fp32_add_30_DW_rash_0_DW_rash_43
u_sfm/G[2].u0/sub_128                 2.2599      0.0      2.2599     0.0000      0.0000  fp32_add_30_DW01_sub_0_DW01_sub_189
u_sfm/G[2].u0/sub_48                  2.6390      0.0      2.6390     0.0000      0.0000  fp32_add_30_DW01_sub_3_DW01_sub_192
u_sfm/G[2].u0/sub_76                  8.6314      0.0      8.6314     0.0000      0.0000  fp32_add_30_DW01_sub_1_DW01_sub_190
u_sfm/G[2].u1                       414.2615      0.6     64.9102    40.5616      0.0000  fp32_exp_14
u_sfm/G[2].u1/add_142                 2.0120      0.0      2.0120     0.0000      0.0000  fp32_exp_14_DW01_inc_0_DW01_inc_433
u_sfm/G[2].u1/add_271                 6.8380      0.0      6.8380     0.0000      0.0000  fp32_exp_14_DW01_add_1_DW01_add_641
u_sfm/G[2].u1/mult_121              118.3313      0.2    109.5395     0.0000      0.0000  fp32_exp_14_DW02_mult_0_DW02_mult_15
u_sfm/G[2].u1/mult_121/FS_1           8.7917      0.0      8.7917     0.0000      0.0000  fp32_exp_14_DW01_add_0_DW01_add_447
u_sfm/G[2].u1/mult_269              155.4811      0.2    148.3078     0.0000      0.0000  fp32_exp_14_DW02_mult_1_DW02_mult_111
u_sfm/G[2].u1/mult_269/FS_1           7.1734      0.0      7.1734     0.0000      0.0000  fp32_exp_14_DW01_add_2_DW01_add_642
u_sfm/G[2].u1/srl_85                 11.9556      0.0     11.9556     0.0000      0.0000  fp32_exp_14_DW_rash_0_DW_rash_42
u_sfm/G[2].u1/sub_143                 6.3423      0.0      6.3423     0.0000      0.0000  fp32_exp_14_DW01_sub_5_DW01_sub_756
u_sfm/G[2].u1/sub_267                 7.8295      0.0      7.8295     0.0000      0.0000  fp32_exp_14_DW01_sub_1_DW01_sub_185
u_sfm/G[2].u2                       273.2146      0.4     22.8906    12.5096      0.0000  fp32_mul_14
u_sfm/G[2].u2/add_2_root_add_50_aco     2.3328     0.0     2.3328     0.0000      0.0000  fp32_mul_14_DW01_add_2_DW01_add_601
u_sfm/G[2].u2/add_62                  5.7154      0.0      5.7154     0.0000      0.0000  fp32_mul_14_DW01_add_0_DW01_add_85
u_sfm/G[2].u2/add_67                  2.0995      0.0      2.0995     0.0000      0.0000  fp32_mul_14_DW01_inc_0_DW01_inc_77
u_sfm/G[2].u2/mult_35               227.6667      0.3    217.9710     0.0000      0.0000  fp32_mul_14_DW02_mult_0_DW02_mult_84
u_sfm/G[2].u2/mult_35/FS_1            9.6957      0.0      9.6957     0.0000      0.0000  fp32_mul_14_DW01_add_1_DW01_add_520
u_sfm/G[3].u0                       129.5725      0.2     49.2075    12.5096      0.0000  fp32_add_29
u_sfm/G[3].u0/add_149                 5.7299      0.0      5.7299     0.0000      0.0000  fp32_add_29_DW01_add_0_DW01_add_83
u_sfm/G[3].u0/add_153                 1.4434      0.0      1.4434     0.0000      0.0000  fp32_add_29_DW01_inc_0_DW01_inc_75
u_sfm/G[3].u0/add_75_S2               6.9547      0.0      6.9547     0.0000      0.0000  fp32_add_29_DW01_add_1_DW01_add_84
u_sfm/G[3].u0/add_90                  1.4434      0.0      1.4434     0.0000      0.0000  fp32_add_29_DW01_inc_1_DW01_inc_76
u_sfm/G[3].u0/sll_127                13.3407      0.0     13.3407     0.0000      0.0000  fp32_add_29_DW01_ash_0_DW01_ash_69
u_sfm/G[3].u0/sll_64                 11.9264      0.0     11.9264     0.0000      0.0000  fp32_add_29_DW01_ash_1_DW01_ash_70
u_sfm/G[3].u0/srl_62                 13.4865      0.0     13.4865     0.0000      0.0000  fp32_add_29_DW_rash_0_DW_rash_41
u_sfm/G[3].u0/sub_128                 2.2599      0.0      2.2599     0.0000      0.0000  fp32_add_29_DW01_sub_0_DW01_sub_180
u_sfm/G[3].u0/sub_48                  2.6390      0.0      2.6390     0.0000      0.0000  fp32_add_29_DW01_sub_3_DW01_sub_183
u_sfm/G[3].u0/sub_76                  8.6314      0.0      8.6314     0.0000      0.0000  fp32_add_29_DW01_sub_1_DW01_sub_181
u_sfm/G[3].u1                       414.2615      0.6     64.9102    40.5616      0.0000  fp32_exp_13
u_sfm/G[3].u1/add_142                 2.0120      0.0      2.0120     0.0000      0.0000  fp32_exp_13_DW01_inc_0_DW01_inc_432
u_sfm/G[3].u1/add_271                 6.8380      0.0      6.8380     0.0000      0.0000  fp32_exp_13_DW01_add_1_DW01_add_639
u_sfm/G[3].u1/mult_121              118.3313      0.2    109.5395     0.0000      0.0000  fp32_exp_13_DW02_mult_0_DW02_mult_14
u_sfm/G[3].u1/mult_121/FS_1           8.7917      0.0      8.7917     0.0000      0.0000  fp32_exp_13_DW01_add_0_DW01_add_446
u_sfm/G[3].u1/mult_269              155.4811      0.2    148.3078     0.0000      0.0000  fp32_exp_13_DW02_mult_1_DW02_mult_110
u_sfm/G[3].u1/mult_269/FS_1           7.1734      0.0      7.1734     0.0000      0.0000  fp32_exp_13_DW01_add_2_DW01_add_640
u_sfm/G[3].u1/srl_85                 11.9556      0.0     11.9556     0.0000      0.0000  fp32_exp_13_DW_rash_0_DW_rash_40
u_sfm/G[3].u1/sub_143                 6.3423      0.0      6.3423     0.0000      0.0000  fp32_exp_13_DW01_sub_5_DW01_sub_755
u_sfm/G[3].u1/sub_267                 7.8295      0.0      7.8295     0.0000      0.0000  fp32_exp_13_DW01_sub_1_DW01_sub_176
u_sfm/G[3].u2                       273.2146      0.4     22.8906    12.5096      0.0000  fp32_mul_13
u_sfm/G[3].u2/add_2_root_add_50_aco     2.3328     0.0     2.3328     0.0000      0.0000  fp32_mul_13_DW01_add_2_DW01_add_602
u_sfm/G[3].u2/add_62                  5.7154      0.0      5.7154     0.0000      0.0000  fp32_mul_13_DW01_add_0_DW01_add_82
u_sfm/G[3].u2/add_67                  2.0995      0.0      2.0995     0.0000      0.0000  fp32_mul_13_DW01_inc_0_DW01_inc_74
u_sfm/G[3].u2/mult_35               227.6667      0.3    217.9710     0.0000      0.0000  fp32_mul_13_DW02_mult_0_DW02_mult_85
u_sfm/G[3].u2/mult_35/FS_1            9.6957      0.0      9.6957     0.0000      0.0000  fp32_mul_13_DW01_add_1_DW01_add_521
u_sfm/G[4].u0                       129.8786      0.2     49.5137    12.5096      0.0000  fp32_add_28
u_sfm/G[4].u0/add_149                 5.7299      0.0      5.7299     0.0000      0.0000  fp32_add_28_DW01_add_0_DW01_add_80
u_sfm/G[4].u0/add_153                 1.4434      0.0      1.4434     0.0000      0.0000  fp32_add_28_DW01_inc_0_DW01_inc_72
u_sfm/G[4].u0/add_75_S2               6.9547      0.0      6.9547     0.0000      0.0000  fp32_add_28_DW01_add_1_DW01_add_81
u_sfm/G[4].u0/add_90                  1.4434      0.0      1.4434     0.0000      0.0000  fp32_add_28_DW01_inc_1_DW01_inc_73
u_sfm/G[4].u0/sll_127                13.3407      0.0     13.3407     0.0000      0.0000  fp32_add_28_DW01_ash_0_DW01_ash_66
u_sfm/G[4].u0/sll_64                 11.9264      0.0     11.9264     0.0000      0.0000  fp32_add_28_DW01_ash_1_DW01_ash_67
u_sfm/G[4].u0/srl_62                 13.4865      0.0     13.4865     0.0000      0.0000  fp32_add_28_DW_rash_0_DW_rash_39
u_sfm/G[4].u0/sub_128                 2.2599      0.0      2.2599     0.0000      0.0000  fp32_add_28_DW01_sub_0_DW01_sub_171
u_sfm/G[4].u0/sub_48                  2.6390      0.0      2.6390     0.0000      0.0000  fp32_add_28_DW01_sub_3_DW01_sub_174
u_sfm/G[4].u0/sub_76                  8.6314      0.0      8.6314     0.0000      0.0000  fp32_add_28_DW01_sub_1_DW01_sub_172
u_sfm/G[4].u1                       414.2615      0.6     64.9102    40.5616      0.0000  fp32_exp_12
u_sfm/G[4].u1/add_142                 2.0120      0.0      2.0120     0.0000      0.0000  fp32_exp_12_DW01_inc_0_DW01_inc_431
u_sfm/G[4].u1/add_271                 6.8380      0.0      6.8380     0.0000      0.0000  fp32_exp_12_DW01_add_1_DW01_add_637
u_sfm/G[4].u1/mult_121              118.3313      0.2    109.5395     0.0000      0.0000  fp32_exp_12_DW02_mult_0_DW02_mult_13
u_sfm/G[4].u1/mult_121/FS_1           8.7917      0.0      8.7917     0.0000      0.0000  fp32_exp_12_DW01_add_0_DW01_add_445
u_sfm/G[4].u1/mult_269              155.4811      0.2    148.3078     0.0000      0.0000  fp32_exp_12_DW02_mult_1_DW02_mult_109
u_sfm/G[4].u1/mult_269/FS_1           7.1734      0.0      7.1734     0.0000      0.0000  fp32_exp_12_DW01_add_2_DW01_add_638
u_sfm/G[4].u1/srl_85                 11.9556      0.0     11.9556     0.0000      0.0000  fp32_exp_12_DW_rash_0_DW_rash_38
u_sfm/G[4].u1/sub_143                 6.3423      0.0      6.3423     0.0000      0.0000  fp32_exp_12_DW01_sub_5_DW01_sub_754
u_sfm/G[4].u1/sub_267                 7.8295      0.0      7.8295     0.0000      0.0000  fp32_exp_12_DW01_sub_1_DW01_sub_167
u_sfm/G[4].u2                       273.2146      0.4     22.8906    12.5096      0.0000  fp32_mul_12
u_sfm/G[4].u2/add_2_root_add_50_aco     2.3328     0.0     2.3328     0.0000      0.0000  fp32_mul_12_DW01_add_2_DW01_add_603
u_sfm/G[4].u2/add_62                  5.7154      0.0      5.7154     0.0000      0.0000  fp32_mul_12_DW01_add_0_DW01_add_79
u_sfm/G[4].u2/add_67                  2.0995      0.0      2.0995     0.0000      0.0000  fp32_mul_12_DW01_inc_0_DW01_inc_71
u_sfm/G[4].u2/mult_35               227.6667      0.3    217.9710     0.0000      0.0000  fp32_mul_12_DW02_mult_0_DW02_mult_86
u_sfm/G[4].u2/mult_35/FS_1            9.6957      0.0      9.6957     0.0000      0.0000  fp32_mul_12_DW01_add_1_DW01_add_522
u_sfm/G[5].u0                       129.5579      0.2     49.1929    12.5096      0.0000  fp32_add_27
u_sfm/G[5].u0/add_149                 5.7299      0.0      5.7299     0.0000      0.0000  fp32_add_27_DW01_add_0_DW01_add_77
u_sfm/G[5].u0/add_153                 1.4434      0.0      1.4434     0.0000      0.0000  fp32_add_27_DW01_inc_0_DW01_inc_69
u_sfm/G[5].u0/add_75_S2               6.9547      0.0      6.9547     0.0000      0.0000  fp32_add_27_DW01_add_1_DW01_add_78
u_sfm/G[5].u0/add_90                  1.4434      0.0      1.4434     0.0000      0.0000  fp32_add_27_DW01_inc_1_DW01_inc_70
u_sfm/G[5].u0/sll_127                13.3407      0.0     13.3407     0.0000      0.0000  fp32_add_27_DW01_ash_0_DW01_ash_63
u_sfm/G[5].u0/sll_64                 11.9264      0.0     11.9264     0.0000      0.0000  fp32_add_27_DW01_ash_1_DW01_ash_64
u_sfm/G[5].u0/srl_62                 13.4865      0.0     13.4865     0.0000      0.0000  fp32_add_27_DW_rash_0_DW_rash_37
u_sfm/G[5].u0/sub_128                 2.2599      0.0      2.2599     0.0000      0.0000  fp32_add_27_DW01_sub_0_DW01_sub_162
u_sfm/G[5].u0/sub_48                  2.6390      0.0      2.6390     0.0000      0.0000  fp32_add_27_DW01_sub_3_DW01_sub_165
u_sfm/G[5].u0/sub_76                  8.6314      0.0      8.6314     0.0000      0.0000  fp32_add_27_DW01_sub_1_DW01_sub_163
u_sfm/G[5].u1                       414.2615      0.6     64.9102    40.5616      0.0000  fp32_exp_11
u_sfm/G[5].u1/add_142                 2.0120      0.0      2.0120     0.0000      0.0000  fp32_exp_11_DW01_inc_0_DW01_inc_430
u_sfm/G[5].u1/add_271                 6.8380      0.0      6.8380     0.0000      0.0000  fp32_exp_11_DW01_add_1_DW01_add_635
u_sfm/G[5].u1/mult_121              118.3313      0.2    109.5395     0.0000      0.0000  fp32_exp_11_DW02_mult_0_DW02_mult_12
u_sfm/G[5].u1/mult_121/FS_1           8.7917      0.0      8.7917     0.0000      0.0000  fp32_exp_11_DW01_add_0_DW01_add_444
u_sfm/G[5].u1/mult_269              155.4811      0.2    148.3078     0.0000      0.0000  fp32_exp_11_DW02_mult_1_DW02_mult_108
u_sfm/G[5].u1/mult_269/FS_1           7.1734      0.0      7.1734     0.0000      0.0000  fp32_exp_11_DW01_add_2_DW01_add_636
u_sfm/G[5].u1/srl_85                 11.9556      0.0     11.9556     0.0000      0.0000  fp32_exp_11_DW_rash_0_DW_rash_36
u_sfm/G[5].u1/sub_143                 6.3423      0.0      6.3423     0.0000      0.0000  fp32_exp_11_DW01_sub_5_DW01_sub_753
u_sfm/G[5].u1/sub_267                 7.8295      0.0      7.8295     0.0000      0.0000  fp32_exp_11_DW01_sub_1_DW01_sub_158
u_sfm/G[5].u2                       273.2146      0.4     22.8906    12.5096      0.0000  fp32_mul_11
u_sfm/G[5].u2/add_2_root_add_50_aco     2.3328     0.0     2.3328     0.0000      0.0000  fp32_mul_11_DW01_add_2_DW01_add_604
u_sfm/G[5].u2/add_62                  5.7154      0.0      5.7154     0.0000      0.0000  fp32_mul_11_DW01_add_0_DW01_add_76
u_sfm/G[5].u2/add_67                  2.0995      0.0      2.0995     0.0000      0.0000  fp32_mul_11_DW01_inc_0_DW01_inc_68
u_sfm/G[5].u2/mult_35               227.6667      0.3    217.9710     0.0000      0.0000  fp32_mul_11_DW02_mult_0_DW02_mult_87
u_sfm/G[5].u2/mult_35/FS_1            9.6957      0.0      9.6957     0.0000      0.0000  fp32_mul_11_DW01_add_1_DW01_add_523
u_sfm/G[6].u0                       129.5579      0.2     49.1929    12.5096      0.0000  fp32_add_26
u_sfm/G[6].u0/add_149                 5.7299      0.0      5.7299     0.0000      0.0000  fp32_add_26_DW01_add_0_DW01_add_74
u_sfm/G[6].u0/add_153                 1.4434      0.0      1.4434     0.0000      0.0000  fp32_add_26_DW01_inc_0_DW01_inc_66
u_sfm/G[6].u0/add_75_S2               6.9547      0.0      6.9547     0.0000      0.0000  fp32_add_26_DW01_add_1_DW01_add_75
u_sfm/G[6].u0/add_90                  1.4434      0.0      1.4434     0.0000      0.0000  fp32_add_26_DW01_inc_1_DW01_inc_67
u_sfm/G[6].u0/sll_127                13.3407      0.0     13.3407     0.0000      0.0000  fp32_add_26_DW01_ash_0_DW01_ash_60
u_sfm/G[6].u0/sll_64                 11.9264      0.0     11.9264     0.0000      0.0000  fp32_add_26_DW01_ash_1_DW01_ash_61
u_sfm/G[6].u0/srl_62                 13.4865      0.0     13.4865     0.0000      0.0000  fp32_add_26_DW_rash_0_DW_rash_35
u_sfm/G[6].u0/sub_128                 2.2599      0.0      2.2599     0.0000      0.0000  fp32_add_26_DW01_sub_0_DW01_sub_153
u_sfm/G[6].u0/sub_48                  2.6390      0.0      2.6390     0.0000      0.0000  fp32_add_26_DW01_sub_3_DW01_sub_156
u_sfm/G[6].u0/sub_76                  8.6314      0.0      8.6314     0.0000      0.0000  fp32_add_26_DW01_sub_1_DW01_sub_154
u_sfm/G[6].u1                       414.2615      0.6     64.9102    40.5616      0.0000  fp32_exp_10
u_sfm/G[6].u1/add_142                 2.0120      0.0      2.0120     0.0000      0.0000  fp32_exp_10_DW01_inc_0_DW01_inc_429
u_sfm/G[6].u1/add_271                 6.8380      0.0      6.8380     0.0000      0.0000  fp32_exp_10_DW01_add_1_DW01_add_633
u_sfm/G[6].u1/mult_121              118.3313      0.2    109.5395     0.0000      0.0000  fp32_exp_10_DW02_mult_0_DW02_mult_11
u_sfm/G[6].u1/mult_121/FS_1           8.7917      0.0      8.7917     0.0000      0.0000  fp32_exp_10_DW01_add_0_DW01_add_443
u_sfm/G[6].u1/mult_269              155.4811      0.2    148.3078     0.0000      0.0000  fp32_exp_10_DW02_mult_1_DW02_mult_107
u_sfm/G[6].u1/mult_269/FS_1           7.1734      0.0      7.1734     0.0000      0.0000  fp32_exp_10_DW01_add_2_DW01_add_634
u_sfm/G[6].u1/srl_85                 11.9556      0.0     11.9556     0.0000      0.0000  fp32_exp_10_DW_rash_0_DW_rash_34
u_sfm/G[6].u1/sub_143                 6.3423      0.0      6.3423     0.0000      0.0000  fp32_exp_10_DW01_sub_5_DW01_sub_752
u_sfm/G[6].u1/sub_267                 7.8295      0.0      7.8295     0.0000      0.0000  fp32_exp_10_DW01_sub_1_DW01_sub_149
u_sfm/G[6].u2                       273.2146      0.4     22.8906    12.5096      0.0000  fp32_mul_10
u_sfm/G[6].u2/add_2_root_add_50_aco     2.3328     0.0     2.3328     0.0000      0.0000  fp32_mul_10_DW01_add_2_DW01_add_605
u_sfm/G[6].u2/add_62                  5.7154      0.0      5.7154     0.0000      0.0000  fp32_mul_10_DW01_add_0_DW01_add_73
u_sfm/G[6].u2/add_67                  2.0995      0.0      2.0995     0.0000      0.0000  fp32_mul_10_DW01_inc_0_DW01_inc_65
u_sfm/G[6].u2/mult_35               227.6667      0.3    217.9710     0.0000      0.0000  fp32_mul_10_DW02_mult_0_DW02_mult_88
u_sfm/G[6].u2/mult_35/FS_1            9.6957      0.0      9.6957     0.0000      0.0000  fp32_mul_10_DW01_add_1_DW01_add_524
u_sfm/G[7].u0                       129.5579      0.2     49.1929    12.5096      0.0000  fp32_add_25
u_sfm/G[7].u0/add_149                 5.7299      0.0      5.7299     0.0000      0.0000  fp32_add_25_DW01_add_0_DW01_add_71
u_sfm/G[7].u0/add_153                 1.4434      0.0      1.4434     0.0000      0.0000  fp32_add_25_DW01_inc_0_DW01_inc_63
u_sfm/G[7].u0/add_75_S2               6.9547      0.0      6.9547     0.0000      0.0000  fp32_add_25_DW01_add_1_DW01_add_72
u_sfm/G[7].u0/add_90                  1.4434      0.0      1.4434     0.0000      0.0000  fp32_add_25_DW01_inc_1_DW01_inc_64
u_sfm/G[7].u0/sll_127                13.3407      0.0     13.3407     0.0000      0.0000  fp32_add_25_DW01_ash_0_DW01_ash_57
u_sfm/G[7].u0/sll_64                 11.9264      0.0     11.9264     0.0000      0.0000  fp32_add_25_DW01_ash_1_DW01_ash_58
u_sfm/G[7].u0/srl_62                 13.4865      0.0     13.4865     0.0000      0.0000  fp32_add_25_DW_rash_0_DW_rash_33
u_sfm/G[7].u0/sub_128                 2.2599      0.0      2.2599     0.0000      0.0000  fp32_add_25_DW01_sub_0_DW01_sub_144
u_sfm/G[7].u0/sub_48                  2.6390      0.0      2.6390     0.0000      0.0000  fp32_add_25_DW01_sub_3_DW01_sub_147
u_sfm/G[7].u0/sub_76                  8.6314      0.0      8.6314     0.0000      0.0000  fp32_add_25_DW01_sub_1_DW01_sub_145
u_sfm/G[7].u1                       414.2615      0.6     64.9102    40.5616      0.0000  fp32_exp_9
u_sfm/G[7].u1/add_142                 2.0120      0.0      2.0120     0.0000      0.0000  fp32_exp_9_DW01_inc_0_DW01_inc_428
u_sfm/G[7].u1/add_271                 6.8380      0.0      6.8380     0.0000      0.0000  fp32_exp_9_DW01_add_1_DW01_add_631
u_sfm/G[7].u1/mult_121              118.3313      0.2    109.5395     0.0000      0.0000  fp32_exp_9_DW02_mult_0_DW02_mult_10
u_sfm/G[7].u1/mult_121/FS_1           8.7917      0.0      8.7917     0.0000      0.0000  fp32_exp_9_DW01_add_0_DW01_add_442
u_sfm/G[7].u1/mult_269              155.4811      0.2    148.3078     0.0000      0.0000  fp32_exp_9_DW02_mult_1_DW02_mult_106
u_sfm/G[7].u1/mult_269/FS_1           7.1734      0.0      7.1734     0.0000      0.0000  fp32_exp_9_DW01_add_2_DW01_add_632
u_sfm/G[7].u1/srl_85                 11.9556      0.0     11.9556     0.0000      0.0000  fp32_exp_9_DW_rash_0_DW_rash_32
u_sfm/G[7].u1/sub_143                 6.3423      0.0      6.3423     0.0000      0.0000  fp32_exp_9_DW01_sub_5_DW01_sub_751
u_sfm/G[7].u1/sub_267                 7.8295      0.0      7.8295     0.0000      0.0000  fp32_exp_9_DW01_sub_1_DW01_sub_140
u_sfm/G[7].u2                       273.2146      0.4     22.8906    12.5096      0.0000  fp32_mul_9
u_sfm/G[7].u2/add_2_root_add_50_aco     2.3328     0.0     2.3328     0.0000      0.0000  fp32_mul_9_DW01_add_2_DW01_add_606
u_sfm/G[7].u2/add_62                  5.7154      0.0      5.7154     0.0000      0.0000  fp32_mul_9_DW01_add_0_DW01_add_70
u_sfm/G[7].u2/add_67                  2.0995      0.0      2.0995     0.0000      0.0000  fp32_mul_9_DW01_inc_0_DW01_inc_62
u_sfm/G[7].u2/mult_35               227.6667      0.3    217.9710     0.0000      0.0000  fp32_mul_9_DW02_mult_0_DW02_mult_89
u_sfm/G[7].u2/mult_35/FS_1            9.6957      0.0      9.6957     0.0000      0.0000  fp32_mul_9_DW01_add_1_DW01_add_525
u_sfm/G[8].u0                       129.5579      0.2     49.1929    12.5096      0.0000  fp32_add_24
u_sfm/G[8].u0/add_149                 5.7299      0.0      5.7299     0.0000      0.0000  fp32_add_24_DW01_add_0_DW01_add_68
u_sfm/G[8].u0/add_153                 1.4434      0.0      1.4434     0.0000      0.0000  fp32_add_24_DW01_inc_0_DW01_inc_60
u_sfm/G[8].u0/add_75_S2               6.9547      0.0      6.9547     0.0000      0.0000  fp32_add_24_DW01_add_1_DW01_add_69
u_sfm/G[8].u0/add_90                  1.4434      0.0      1.4434     0.0000      0.0000  fp32_add_24_DW01_inc_1_DW01_inc_61
u_sfm/G[8].u0/sll_127                13.3407      0.0     13.3407     0.0000      0.0000  fp32_add_24_DW01_ash_0_DW01_ash_54
u_sfm/G[8].u0/sll_64                 11.9264      0.0     11.9264     0.0000      0.0000  fp32_add_24_DW01_ash_1_DW01_ash_55
u_sfm/G[8].u0/srl_62                 13.4865      0.0     13.4865     0.0000      0.0000  fp32_add_24_DW_rash_0_DW_rash_31
u_sfm/G[8].u0/sub_128                 2.2599      0.0      2.2599     0.0000      0.0000  fp32_add_24_DW01_sub_0_DW01_sub_135
u_sfm/G[8].u0/sub_48                  2.6390      0.0      2.6390     0.0000      0.0000  fp32_add_24_DW01_sub_3_DW01_sub_138
u_sfm/G[8].u0/sub_76                  8.6314      0.0      8.6314     0.0000      0.0000  fp32_add_24_DW01_sub_1_DW01_sub_136
u_sfm/G[8].u1                       414.2615      0.6     64.9102    40.5616      0.0000  fp32_exp_8
u_sfm/G[8].u1/add_142                 2.0120      0.0      2.0120     0.0000      0.0000  fp32_exp_8_DW01_inc_0_DW01_inc_427
u_sfm/G[8].u1/add_271                 6.8380      0.0      6.8380     0.0000      0.0000  fp32_exp_8_DW01_add_1_DW01_add_629
u_sfm/G[8].u1/mult_121              118.3313      0.2    109.5395     0.0000      0.0000  fp32_exp_8_DW02_mult_0_DW02_mult_9
u_sfm/G[8].u1/mult_121/FS_1           8.7917      0.0      8.7917     0.0000      0.0000  fp32_exp_8_DW01_add_0_DW01_add_441
u_sfm/G[8].u1/mult_269              155.4811      0.2    148.3078     0.0000      0.0000  fp32_exp_8_DW02_mult_1_DW02_mult_105
u_sfm/G[8].u1/mult_269/FS_1           7.1734      0.0      7.1734     0.0000      0.0000  fp32_exp_8_DW01_add_2_DW01_add_630
u_sfm/G[8].u1/srl_85                 11.9556      0.0     11.9556     0.0000      0.0000  fp32_exp_8_DW_rash_0_DW_rash_30
u_sfm/G[8].u1/sub_143                 6.3423      0.0      6.3423     0.0000      0.0000  fp32_exp_8_DW01_sub_5_DW01_sub_750
u_sfm/G[8].u1/sub_267                 7.8295      0.0      7.8295     0.0000      0.0000  fp32_exp_8_DW01_sub_1_DW01_sub_131
u_sfm/G[8].u2                       273.2146      0.4     22.8906    12.5096      0.0000  fp32_mul_8
u_sfm/G[8].u2/add_2_root_add_50_aco     2.3328     0.0     2.3328     0.0000      0.0000  fp32_mul_8_DW01_add_2_DW01_add_607
u_sfm/G[8].u2/add_62                  5.7154      0.0      5.7154     0.0000      0.0000  fp32_mul_8_DW01_add_0_DW01_add_67
u_sfm/G[8].u2/add_67                  2.0995      0.0      2.0995     0.0000      0.0000  fp32_mul_8_DW01_inc_0_DW01_inc_59
u_sfm/G[8].u2/mult_35               227.6667      0.3    217.9710     0.0000      0.0000  fp32_mul_8_DW02_mult_0_DW02_mult_90
u_sfm/G[8].u2/mult_35/FS_1            9.6957      0.0      9.6957     0.0000      0.0000  fp32_mul_8_DW01_add_1_DW01_add_526
u_sfm/G[9].u0                       129.5579      0.2     49.1929    12.5096      0.0000  fp32_add_23
u_sfm/G[9].u0/add_149                 5.7299      0.0      5.7299     0.0000      0.0000  fp32_add_23_DW01_add_0_DW01_add_65
u_sfm/G[9].u0/add_153                 1.4434      0.0      1.4434     0.0000      0.0000  fp32_add_23_DW01_inc_0_DW01_inc_57
u_sfm/G[9].u0/add_75_S2               6.9547      0.0      6.9547     0.0000      0.0000  fp32_add_23_DW01_add_1_DW01_add_66
u_sfm/G[9].u0/add_90                  1.4434      0.0      1.4434     0.0000      0.0000  fp32_add_23_DW01_inc_1_DW01_inc_58
u_sfm/G[9].u0/sll_127                13.3407      0.0     13.3407     0.0000      0.0000  fp32_add_23_DW01_ash_0_DW01_ash_51
u_sfm/G[9].u0/sll_64                 11.9264      0.0     11.9264     0.0000      0.0000  fp32_add_23_DW01_ash_1_DW01_ash_52
u_sfm/G[9].u0/srl_62                 13.4865      0.0     13.4865     0.0000      0.0000  fp32_add_23_DW_rash_0_DW_rash_29
u_sfm/G[9].u0/sub_128                 2.2599      0.0      2.2599     0.0000      0.0000  fp32_add_23_DW01_sub_0_DW01_sub_126
u_sfm/G[9].u0/sub_48                  2.6390      0.0      2.6390     0.0000      0.0000  fp32_add_23_DW01_sub_3_DW01_sub_129
u_sfm/G[9].u0/sub_76                  8.6314      0.0      8.6314     0.0000      0.0000  fp32_add_23_DW01_sub_1_DW01_sub_127
u_sfm/G[9].u1                       414.2615      0.6     64.9102    40.5616      0.0000  fp32_exp_7
u_sfm/G[9].u1/add_142                 2.0120      0.0      2.0120     0.0000      0.0000  fp32_exp_7_DW01_inc_0_DW01_inc_426
u_sfm/G[9].u1/add_271                 6.8380      0.0      6.8380     0.0000      0.0000  fp32_exp_7_DW01_add_1_DW01_add_627
u_sfm/G[9].u1/mult_121              118.3313      0.2    109.5395     0.0000      0.0000  fp32_exp_7_DW02_mult_0_DW02_mult_8
u_sfm/G[9].u1/mult_121/FS_1           8.7917      0.0      8.7917     0.0000      0.0000  fp32_exp_7_DW01_add_0_DW01_add_440
u_sfm/G[9].u1/mult_269              155.4811      0.2    148.3078     0.0000      0.0000  fp32_exp_7_DW02_mult_1_DW02_mult_104
u_sfm/G[9].u1/mult_269/FS_1           7.1734      0.0      7.1734     0.0000      0.0000  fp32_exp_7_DW01_add_2_DW01_add_628
u_sfm/G[9].u1/srl_85                 11.9556      0.0     11.9556     0.0000      0.0000  fp32_exp_7_DW_rash_0_DW_rash_28
u_sfm/G[9].u1/sub_143                 6.3423      0.0      6.3423     0.0000      0.0000  fp32_exp_7_DW01_sub_5_DW01_sub_749
u_sfm/G[9].u1/sub_267                 7.8295      0.0      7.8295     0.0000      0.0000  fp32_exp_7_DW01_sub_1_DW01_sub_122
u_sfm/G[9].u2                       273.2146      0.4     22.8906    12.5096      0.0000  fp32_mul_7
u_sfm/G[9].u2/add_2_root_add_50_aco     2.3328     0.0     2.3328     0.0000      0.0000  fp32_mul_7_DW01_add_2_DW01_add_608
u_sfm/G[9].u2/add_62                  5.7154      0.0      5.7154     0.0000      0.0000  fp32_mul_7_DW01_add_0_DW01_add_64
u_sfm/G[9].u2/add_67                  2.0995      0.0      2.0995     0.0000      0.0000  fp32_mul_7_DW01_inc_0_DW01_inc_56
u_sfm/G[9].u2/mult_35               227.6667      0.3    217.9710     0.0000      0.0000  fp32_mul_7_DW02_mult_0_DW02_mult_91
u_sfm/G[9].u2/mult_35/FS_1            9.6957      0.0      9.6957     0.0000      0.0000  fp32_mul_7_DW01_add_1_DW01_add_527
u_sfm/aa                            127.9395      0.2     47.5745    12.5096      0.0000  fp32_add_1
u_sfm/aa/add_149                      5.7299      0.0      5.7299     0.0000      0.0000  fp32_add_1_DW01_add_0_DW01_add_14
u_sfm/aa/add_153                      1.4434      0.0      1.4434     0.0000      0.0000  fp32_add_1_DW01_inc_0_DW01_inc_6
u_sfm/aa/add_75_S2                    6.9547      0.0      6.9547     0.0000      0.0000  fp32_add_1_DW01_add_1_DW01_add_15
u_sfm/aa/add_90                       1.4434      0.0      1.4434     0.0000      0.0000  fp32_add_1_DW01_inc_1_DW01_inc_7
u_sfm/aa/sll_127                     13.3407      0.0     13.3407     0.0000      0.0000  fp32_add_1_DW01_ash_0
u_sfm/aa/sll_64                      11.9264      0.0     11.9264     0.0000      0.0000  fp32_add_1_DW01_ash_1
u_sfm/aa/srl_62                      13.4865      0.0     13.4865     0.0000      0.0000  fp32_add_1_DW_rash_0
u_sfm/aa/sub_128                      2.2599      0.0      2.2599     0.0000      0.0000  fp32_add_1_DW01_sub_0_DW01_sub_3
u_sfm/aa/sub_48                       2.6390      0.0      2.6390     0.0000      0.0000  fp32_add_1_DW01_sub_3_DW01_sub_6
u_sfm/aa/sub_76                       8.6314      0.0      8.6314     0.0000      0.0000  fp32_add_1_DW01_sub_1_DW01_sub_4
u_sfm/add_109_S9                      1.2247      0.0      1.2247     0.0000      0.0000  streaming_softmax_unit_LANES16_MAX_TOKENS2048_CONTEXTS32_DW01_inc_0_DW01_inc_3
u_sfm/ar                            876.7829      1.3    101.9288    80.3650      0.0000  fp32_recip
u_sfm/ar/add_421                      5.7299      0.0      5.7299     0.0000      0.0000  fp32_recip_DW01_add_0_DW01_add_13
u_sfm/ar/mult_334                   286.9198      0.4    273.0105     0.0000      0.0000  fp32_recip_DW02_mult_1
u_sfm/ar/mult_334/FS_1               13.9093      0.0     13.9093     0.0000      0.0000  fp32_recip_DW01_add_2_DW01_add_433
u_sfm/ar/mult_356                   392.8144      0.6    379.5611     0.0000      0.0000  fp32_recip_DW02_mult_0
u_sfm/ar/mult_356/FS_1               13.2532      0.0     13.2532     0.0000      0.0000  fp32_recip_DW01_add_1_DW01_add_432
u_sfm/ar/sub_339                      9.0250      0.0      9.0250     0.0000      0.0000  fp32_recip_DW01_sub_0_DW01_sub_742
u_sfm/at                            127.9395      0.2     47.5745    12.5096      0.0000  fp32_add_2
u_sfm/at/add_149                      5.7299      0.0      5.7299     0.0000      0.0000  fp32_add_2_DW01_add_0_DW01_add_16
u_sfm/at/add_153                      1.4434      0.0      1.4434     0.0000      0.0000  fp32_add_2_DW01_inc_0_DW01_inc_8
u_sfm/at/add_75_S2                    6.9547      0.0      6.9547     0.0000      0.0000  fp32_add_2_DW01_add_1_DW01_add_17
u_sfm/at/add_90                       1.4434      0.0      1.4434     0.0000      0.0000  fp32_add_2_DW01_inc_1_DW01_inc_9
u_sfm/at/sll_127                     13.3407      0.0     13.3407     0.0000      0.0000  fp32_add_2_DW01_ash_0_DW01_ash_2
u_sfm/at/sll_64                      11.9264      0.0     11.9264     0.0000      0.0000  fp32_add_2_DW01_ash_1_DW01_ash_3
u_sfm/at/srl_62                      13.4865      0.0     13.4865     0.0000      0.0000  fp32_add_2_DW_rash_0_DW_rash_1
u_sfm/at/sub_128                      2.2599      0.0      2.2599     0.0000      0.0000  fp32_add_2_DW01_sub_0_DW01_sub_7
u_sfm/at/sub_48                       2.6390      0.0      2.6390     0.0000      0.0000  fp32_add_2_DW01_sub_3_DW01_sub_10
u_sfm/at/sub_76                       8.6314      0.0      8.6314     0.0000      0.0000  fp32_add_2_DW01_sub_1_DW01_sub_8
u_sfm/genblk2[0].a1                 127.8374      0.2     47.4871    12.5096      0.0000  fp32_add_16
u_sfm/genblk2[0].a1/add_149           5.7299      0.0      5.7299     0.0000      0.0000  fp32_add_16_DW01_add_0_DW01_add_44
u_sfm/genblk2[0].a1/add_153           1.4434      0.0      1.4434     0.0000      0.0000  fp32_add_16_DW01_inc_0_DW01_inc_36
u_sfm/genblk2[0].a1/add_75_S2         6.9547      0.0      6.9547     0.0000      0.0000  fp32_add_16_DW01_add_1_DW01_add_45
u_sfm/genblk2[0].a1/add_90            1.4434      0.0      1.4434     0.0000      0.0000  fp32_add_16_DW01_inc_1_DW01_inc_37
u_sfm/genblk2[0].a1/sll_127          13.3407      0.0     13.3407     0.0000      0.0000  fp32_add_16_DW01_ash_0_DW01_ash_30
u_sfm/genblk2[0].a1/sll_64           11.9264      0.0     11.9264     0.0000      0.0000  fp32_add_16_DW01_ash_1_DW01_ash_31
u_sfm/genblk2[0].a1/srl_62           13.4573      0.0     13.4573     0.0000      0.0000  fp32_add_16_DW_rash_0_DW_rash_15
u_sfm/genblk2[0].a1/sub_128           2.2599      0.0      2.2599     0.0000      0.0000  fp32_add_16_DW01_sub_0_DW01_sub_63
u_sfm/genblk2[0].a1/sub_48            2.6390      0.0      2.6390     0.0000      0.0000  fp32_add_16_DW01_sub_3_DW01_sub_66
u_sfm/genblk2[0].a1/sub_76            8.6459      0.0      8.6459     0.0000      0.0000  fp32_add_16_DW01_sub_1_DW01_sub_64
u_sfm/genblk2[1].a1                 127.8374      0.2     47.4871    12.5096      0.0000  fp32_add_15
u_sfm/genblk2[1].a1/add_149           5.7299      0.0      5.7299     0.0000      0.0000  fp32_add_15_DW01_add_0_DW01_add_42
u_sfm/genblk2[1].a1/add_153           1.4434      0.0      1.4434     0.0000      0.0000  fp32_add_15_DW01_inc_0_DW01_inc_34
u_sfm/genblk2[1].a1/add_75_S2         6.9547      0.0      6.9547     0.0000      0.0000  fp32_add_15_DW01_add_1_DW01_add_43
u_sfm/genblk2[1].a1/add_90            1.4434      0.0      1.4434     0.0000      0.0000  fp32_add_15_DW01_inc_1_DW01_inc_35
u_sfm/genblk2[1].a1/sll_127          13.3407      0.0     13.3407     0.0000      0.0000  fp32_add_15_DW01_ash_0_DW01_ash_28
u_sfm/genblk2[1].a1/sll_64           11.9264      0.0     11.9264     0.0000      0.0000  fp32_add_15_DW01_ash_1_DW01_ash_29
u_sfm/genblk2[1].a1/srl_62           13.4573      0.0     13.4573     0.0000      0.0000  fp32_add_15_DW_rash_0_DW_rash_14
u_sfm/genblk2[1].a1/sub_128           2.2599      0.0      2.2599     0.0000      0.0000  fp32_add_15_DW01_sub_0_DW01_sub_59
u_sfm/genblk2[1].a1/sub_48            2.6390      0.0      2.6390     0.0000      0.0000  fp32_add_15_DW01_sub_3_DW01_sub_62
u_sfm/genblk2[1].a1/sub_76            8.6459      0.0      8.6459     0.0000      0.0000  fp32_add_15_DW01_sub_1_DW01_sub_60
u_sfm/genblk2[2].a1                 127.8374      0.2     47.4871    12.5096      0.0000  fp32_add_14
u_sfm/genblk2[2].a1/add_149           5.7299      0.0      5.7299     0.0000      0.0000  fp32_add_14_DW01_add_0_DW01_add_40
u_sfm/genblk2[2].a1/add_153           1.4434      0.0      1.4434     0.0000      0.0000  fp32_add_14_DW01_inc_0_DW01_inc_32
u_sfm/genblk2[2].a1/add_75_S2         6.9547      0.0      6.9547     0.0000      0.0000  fp32_add_14_DW01_add_1_DW01_add_41
u_sfm/genblk2[2].a1/add_90            1.4434      0.0      1.4434     0.0000      0.0000  fp32_add_14_DW01_inc_1_DW01_inc_33
u_sfm/genblk2[2].a1/sll_127          13.3407      0.0     13.3407     0.0000      0.0000  fp32_add_14_DW01_ash_0_DW01_ash_26
u_sfm/genblk2[2].a1/sll_64           11.9264      0.0     11.9264     0.0000      0.0000  fp32_add_14_DW01_ash_1_DW01_ash_27
u_sfm/genblk2[2].a1/srl_62           13.4573      0.0     13.4573     0.0000      0.0000  fp32_add_14_DW_rash_0_DW_rash_13
u_sfm/genblk2[2].a1/sub_128           2.2599      0.0      2.2599     0.0000      0.0000  fp32_add_14_DW01_sub_0_DW01_sub_55
u_sfm/genblk2[2].a1/sub_48            2.6390      0.0      2.6390     0.0000      0.0000  fp32_add_14_DW01_sub_3_DW01_sub_58
u_sfm/genblk2[2].a1/sub_76            8.6459      0.0      8.6459     0.0000      0.0000  fp32_add_14_DW01_sub_1_DW01_sub_56
u_sfm/genblk2[3].a1                 127.8374      0.2     47.4871    12.5096      0.0000  fp32_add_13
u_sfm/genblk2[3].a1/add_149           5.7299      0.0      5.7299     0.0000      0.0000  fp32_add_13_DW01_add_0_DW01_add_38
u_sfm/genblk2[3].a1/add_153           1.4434      0.0      1.4434     0.0000      0.0000  fp32_add_13_DW01_inc_0_DW01_inc_30
u_sfm/genblk2[3].a1/add_75_S2         6.9547      0.0      6.9547     0.0000      0.0000  fp32_add_13_DW01_add_1_DW01_add_39
u_sfm/genblk2[3].a1/add_90            1.4434      0.0      1.4434     0.0000      0.0000  fp32_add_13_DW01_inc_1_DW01_inc_31
u_sfm/genblk2[3].a1/sll_127          13.3407      0.0     13.3407     0.0000      0.0000  fp32_add_13_DW01_ash_0_DW01_ash_24
u_sfm/genblk2[3].a1/sll_64           11.9264      0.0     11.9264     0.0000      0.0000  fp32_add_13_DW01_ash_1_DW01_ash_25
u_sfm/genblk2[3].a1/srl_62           13.4573      0.0     13.4573     0.0000      0.0000  fp32_add_13_DW_rash_0_DW_rash_12
u_sfm/genblk2[3].a1/sub_128           2.2599      0.0      2.2599     0.0000      0.0000  fp32_add_13_DW01_sub_0_DW01_sub_51
u_sfm/genblk2[3].a1/sub_48            2.6390      0.0      2.6390     0.0000      0.0000  fp32_add_13_DW01_sub_3_DW01_sub_54
u_sfm/genblk2[3].a1/sub_76            8.6459      0.0      8.6459     0.0000      0.0000  fp32_add_13_DW01_sub_1_DW01_sub_52
u_sfm/genblk2[4].a1                 127.8374      0.2     47.4871    12.5096      0.0000  fp32_add_12
u_sfm/genblk2[4].a1/add_149           5.7299      0.0      5.7299     0.0000      0.0000  fp32_add_12_DW01_add_0_DW01_add_36
u_sfm/genblk2[4].a1/add_153           1.4434      0.0      1.4434     0.0000      0.0000  fp32_add_12_DW01_inc_0_DW01_inc_28
u_sfm/genblk2[4].a1/add_75_S2         6.9547      0.0      6.9547     0.0000      0.0000  fp32_add_12_DW01_add_1_DW01_add_37
u_sfm/genblk2[4].a1/add_90            1.4434      0.0      1.4434     0.0000      0.0000  fp32_add_12_DW01_inc_1_DW01_inc_29
u_sfm/genblk2[4].a1/sll_127          13.3407      0.0     13.3407     0.0000      0.0000  fp32_add_12_DW01_ash_0_DW01_ash_22
u_sfm/genblk2[4].a1/sll_64           11.9264      0.0     11.9264     0.0000      0.0000  fp32_add_12_DW01_ash_1_DW01_ash_23
u_sfm/genblk2[4].a1/srl_62           13.4573      0.0     13.4573     0.0000      0.0000  fp32_add_12_DW_rash_0_DW_rash_11
u_sfm/genblk2[4].a1/sub_128           2.2599      0.0      2.2599     0.0000      0.0000  fp32_add_12_DW01_sub_0_DW01_sub_47
u_sfm/genblk2[4].a1/sub_48            2.6390      0.0      2.6390     0.0000      0.0000  fp32_add_12_DW01_sub_3_DW01_sub_50
u_sfm/genblk2[4].a1/sub_76            8.6459      0.0      8.6459     0.0000      0.0000  fp32_add_12_DW01_sub_1_DW01_sub_48
u_sfm/genblk2[5].a1                 127.8374      0.2     47.4871    12.5096      0.0000  fp32_add_11
u_sfm/genblk2[5].a1/add_149           5.7299      0.0      5.7299     0.0000      0.0000  fp32_add_11_DW01_add_0_DW01_add_34
u_sfm/genblk2[5].a1/add_153           1.4434      0.0      1.4434     0.0000      0.0000  fp32_add_11_DW01_inc_0_DW01_inc_26
u_sfm/genblk2[5].a1/add_75_S2         6.9547      0.0      6.9547     0.0000      0.0000  fp32_add_11_DW01_add_1_DW01_add_35
u_sfm/genblk2[5].a1/add_90            1.4434      0.0      1.4434     0.0000      0.0000  fp32_add_11_DW01_inc_1_DW01_inc_27
u_sfm/genblk2[5].a1/sll_127          13.3407      0.0     13.3407     0.0000      0.0000  fp32_add_11_DW01_ash_0_DW01_ash_20
u_sfm/genblk2[5].a1/sll_64           11.9264      0.0     11.9264     0.0000      0.0000  fp32_add_11_DW01_ash_1_DW01_ash_21
u_sfm/genblk2[5].a1/srl_62           13.4573      0.0     13.4573     0.0000      0.0000  fp32_add_11_DW_rash_0_DW_rash_10
u_sfm/genblk2[5].a1/sub_128           2.2599      0.0      2.2599     0.0000      0.0000  fp32_add_11_DW01_sub_0_DW01_sub_43
u_sfm/genblk2[5].a1/sub_48            2.6390      0.0      2.6390     0.0000      0.0000  fp32_add_11_DW01_sub_3_DW01_sub_46
u_sfm/genblk2[5].a1/sub_76            8.6459      0.0      8.6459     0.0000      0.0000  fp32_add_11_DW01_sub_1_DW01_sub_44
u_sfm/genblk2[6].a1                 127.8374      0.2     47.4871    12.5096      0.0000  fp32_add_10
u_sfm/genblk2[6].a1/add_149           5.7299      0.0      5.7299     0.0000      0.0000  fp32_add_10_DW01_add_0_DW01_add_32
u_sfm/genblk2[6].a1/add_153           1.4434      0.0      1.4434     0.0000      0.0000  fp32_add_10_DW01_inc_0_DW01_inc_24
u_sfm/genblk2[6].a1/add_75_S2         6.9547      0.0      6.9547     0.0000      0.0000  fp32_add_10_DW01_add_1_DW01_add_33
u_sfm/genblk2[6].a1/add_90            1.4434      0.0      1.4434     0.0000      0.0000  fp32_add_10_DW01_inc_1_DW01_inc_25
u_sfm/genblk2[6].a1/sll_127          13.3407      0.0     13.3407     0.0000      0.0000  fp32_add_10_DW01_ash_0_DW01_ash_18
u_sfm/genblk2[6].a1/sll_64           11.9264      0.0     11.9264     0.0000      0.0000  fp32_add_10_DW01_ash_1_DW01_ash_19
u_sfm/genblk2[6].a1/srl_62           13.4573      0.0     13.4573     0.0000      0.0000  fp32_add_10_DW_rash_0_DW_rash_9
u_sfm/genblk2[6].a1/sub_128           2.2599      0.0      2.2599     0.0000      0.0000  fp32_add_10_DW01_sub_0_DW01_sub_39
u_sfm/genblk2[6].a1/sub_48            2.6390      0.0      2.6390     0.0000      0.0000  fp32_add_10_DW01_sub_3_DW01_sub_42
u_sfm/genblk2[6].a1/sub_76            8.6459      0.0      8.6459     0.0000      0.0000  fp32_add_10_DW01_sub_1_DW01_sub_40
u_sfm/genblk2[7].a1                 127.8374      0.2     47.4871    12.5096      0.0000  fp32_add_9
u_sfm/genblk2[7].a1/add_149           5.7299      0.0      5.7299     0.0000      0.0000  fp32_add_9_DW01_add_0_DW01_add_30
u_sfm/genblk2[7].a1/add_153           1.4434      0.0      1.4434     0.0000      0.0000  fp32_add_9_DW01_inc_0_DW01_inc_22
u_sfm/genblk2[7].a1/add_75_S2         6.9547      0.0      6.9547     0.0000      0.0000  fp32_add_9_DW01_add_1_DW01_add_31
u_sfm/genblk2[7].a1/add_90            1.4434      0.0      1.4434     0.0000      0.0000  fp32_add_9_DW01_inc_1_DW01_inc_23
u_sfm/genblk2[7].a1/sll_127          13.3407      0.0     13.3407     0.0000      0.0000  fp32_add_9_DW01_ash_0_DW01_ash_16
u_sfm/genblk2[7].a1/sll_64           11.9264      0.0     11.9264     0.0000      0.0000  fp32_add_9_DW01_ash_1_DW01_ash_17
u_sfm/genblk2[7].a1/srl_62           13.4573      0.0     13.4573     0.0000      0.0000  fp32_add_9_DW_rash_0_DW_rash_8
u_sfm/genblk2[7].a1/sub_128           2.2599      0.0      2.2599     0.0000      0.0000  fp32_add_9_DW01_sub_0_DW01_sub_35
u_sfm/genblk2[7].a1/sub_48            2.6390      0.0      2.6390     0.0000      0.0000  fp32_add_9_DW01_sub_3_DW01_sub_38
u_sfm/genblk2[7].a1/sub_76            8.6459      0.0      8.6459     0.0000      0.0000  fp32_add_9_DW01_sub_1_DW01_sub_36
u_sfm/genblk3[0].a2                 127.9395      0.2     47.5745    12.5096      0.0000  fp32_add_8
u_sfm/genblk3[0].a2/add_149           5.7299      0.0      5.7299     0.0000      0.0000  fp32_add_8_DW01_add_0_DW01_add_28
u_sfm/genblk3[0].a2/add_153           1.4434      0.0      1.4434     0.0000      0.0000  fp32_add_8_DW01_inc_0_DW01_inc_20
u_sfm/genblk3[0].a2/add_75_S2         6.9547      0.0      6.9547     0.0000      0.0000  fp32_add_8_DW01_add_1_DW01_add_29
u_sfm/genblk3[0].a2/add_90            1.4434      0.0      1.4434     0.0000      0.0000  fp32_add_8_DW01_inc_1_DW01_inc_21
u_sfm/genblk3[0].a2/sll_127          13.3407      0.0     13.3407     0.0000      0.0000  fp32_add_8_DW01_ash_0_DW01_ash_14
u_sfm/genblk3[0].a2/sll_64           11.9264      0.0     11.9264     0.0000      0.0000  fp32_add_8_DW01_ash_1_DW01_ash_15
u_sfm/genblk3[0].a2/srl_62           13.4865      0.0     13.4865     0.0000      0.0000  fp32_add_8_DW_rash_0_DW_rash_7
u_sfm/genblk3[0].a2/sub_128           2.2599      0.0      2.2599     0.0000      0.0000  fp32_add_8_DW01_sub_0_DW01_sub_31
u_sfm/genblk3[0].a2/sub_48            2.6390      0.0      2.6390     0.0000      0.0000  fp32_add_8_DW01_sub_3_DW01_sub_34
u_sfm/genblk3[0].a2/sub_76            8.6314      0.0      8.6314     0.0000      0.0000  fp32_add_8_DW01_sub_1_DW01_sub_32
u_sfm/genblk3[1].a2                 127.9395      0.2     47.5745    12.5096      0.0000  fp32_add_7
u_sfm/genblk3[1].a2/add_149           5.7299      0.0      5.7299     0.0000      0.0000  fp32_add_7_DW01_add_0_DW01_add_26
u_sfm/genblk3[1].a2/add_153           1.4434      0.0      1.4434     0.0000      0.0000  fp32_add_7_DW01_inc_0_DW01_inc_18
u_sfm/genblk3[1].a2/add_75_S2         6.9547      0.0      6.9547     0.0000      0.0000  fp32_add_7_DW01_add_1_DW01_add_27
u_sfm/genblk3[1].a2/add_90            1.4434      0.0      1.4434     0.0000      0.0000  fp32_add_7_DW01_inc_1_DW01_inc_19
u_sfm/genblk3[1].a2/sll_127          13.3407      0.0     13.3407     0.0000      0.0000  fp32_add_7_DW01_ash_0_DW01_ash_12
u_sfm/genblk3[1].a2/sll_64           11.9264      0.0     11.9264     0.0000      0.0000  fp32_add_7_DW01_ash_1_DW01_ash_13
u_sfm/genblk3[1].a2/srl_62           13.4865      0.0     13.4865     0.0000      0.0000  fp32_add_7_DW_rash_0_DW_rash_6
u_sfm/genblk3[1].a2/sub_128           2.2599      0.0      2.2599     0.0000      0.0000  fp32_add_7_DW01_sub_0_DW01_sub_27
u_sfm/genblk3[1].a2/sub_48            2.6390      0.0      2.6390     0.0000      0.0000  fp32_add_7_DW01_sub_3_DW01_sub_30
u_sfm/genblk3[1].a2/sub_76            8.6314      0.0      8.6314     0.0000      0.0000  fp32_add_7_DW01_sub_1_DW01_sub_28
u_sfm/genblk3[2].a2                 127.9395      0.2     47.5745    12.5096      0.0000  fp32_add_6
u_sfm/genblk3[2].a2/add_149           5.7299      0.0      5.7299     0.0000      0.0000  fp32_add_6_DW01_add_0_DW01_add_24
u_sfm/genblk3[2].a2/add_153           1.4434      0.0      1.4434     0.0000      0.0000  fp32_add_6_DW01_inc_0_DW01_inc_16
u_sfm/genblk3[2].a2/add_75_S2         6.9547      0.0      6.9547     0.0000      0.0000  fp32_add_6_DW01_add_1_DW01_add_25
u_sfm/genblk3[2].a2/add_90            1.4434      0.0      1.4434     0.0000      0.0000  fp32_add_6_DW01_inc_1_DW01_inc_17
u_sfm/genblk3[2].a2/sll_127          13.3407      0.0     13.3407     0.0000      0.0000  fp32_add_6_DW01_ash_0_DW01_ash_10
u_sfm/genblk3[2].a2/sll_64           11.9264      0.0     11.9264     0.0000      0.0000  fp32_add_6_DW01_ash_1_DW01_ash_11
u_sfm/genblk3[2].a2/srl_62           13.4865      0.0     13.4865     0.0000      0.0000  fp32_add_6_DW_rash_0_DW_rash_5
u_sfm/genblk3[2].a2/sub_128           2.2599      0.0      2.2599     0.0000      0.0000  fp32_add_6_DW01_sub_0_DW01_sub_23
u_sfm/genblk3[2].a2/sub_48            2.6390      0.0      2.6390     0.0000      0.0000  fp32_add_6_DW01_sub_3_DW01_sub_26
u_sfm/genblk3[2].a2/sub_76            8.6314      0.0      8.6314     0.0000      0.0000  fp32_add_6_DW01_sub_1_DW01_sub_24
u_sfm/genblk3[3].a2                 127.9395      0.2     47.5745    12.5096      0.0000  fp32_add_5
u_sfm/genblk3[3].a2/add_149           5.7299      0.0      5.7299     0.0000      0.0000  fp32_add_5_DW01_add_0_DW01_add_22
u_sfm/genblk3[3].a2/add_153           1.4434      0.0      1.4434     0.0000      0.0000  fp32_add_5_DW01_inc_0_DW01_inc_14
u_sfm/genblk3[3].a2/add_75_S2         6.9547      0.0      6.9547     0.0000      0.0000  fp32_add_5_DW01_add_1_DW01_add_23
u_sfm/genblk3[3].a2/add_90            1.4434      0.0      1.4434     0.0000      0.0000  fp32_add_5_DW01_inc_1_DW01_inc_15
u_sfm/genblk3[3].a2/sll_127          13.3407      0.0     13.3407     0.0000      0.0000  fp32_add_5_DW01_ash_0_DW01_ash_8
u_sfm/genblk3[3].a2/sll_64           11.9264      0.0     11.9264     0.0000      0.0000  fp32_add_5_DW01_ash_1_DW01_ash_9
u_sfm/genblk3[3].a2/srl_62           13.4865      0.0     13.4865     0.0000      0.0000  fp32_add_5_DW_rash_0_DW_rash_4
u_sfm/genblk3[3].a2/sub_128           2.2599      0.0      2.2599     0.0000      0.0000  fp32_add_5_DW01_sub_0_DW01_sub_19
u_sfm/genblk3[3].a2/sub_48            2.6390      0.0      2.6390     0.0000      0.0000  fp32_add_5_DW01_sub_3_DW01_sub_22
u_sfm/genblk3[3].a2/sub_76            8.6314      0.0      8.6314     0.0000      0.0000  fp32_add_5_DW01_sub_1_DW01_sub_20
u_sfm/genblk4[0].a3                 127.9395      0.2     47.5745    12.5096      0.0000  fp32_add_4
u_sfm/genblk4[0].a3/add_149           5.7299      0.0      5.7299     0.0000      0.0000  fp32_add_4_DW01_add_0_DW01_add_20
u_sfm/genblk4[0].a3/add_153           1.4434      0.0      1.4434     0.0000      0.0000  fp32_add_4_DW01_inc_0_DW01_inc_12
u_sfm/genblk4[0].a3/add_75_S2         6.9547      0.0      6.9547     0.0000      0.0000  fp32_add_4_DW01_add_1_DW01_add_21
u_sfm/genblk4[0].a3/add_90            1.4434      0.0      1.4434     0.0000      0.0000  fp32_add_4_DW01_inc_1_DW01_inc_13
u_sfm/genblk4[0].a3/sll_127          13.3407      0.0     13.3407     0.0000      0.0000  fp32_add_4_DW01_ash_0_DW01_ash_6
u_sfm/genblk4[0].a3/sll_64           11.9264      0.0     11.9264     0.0000      0.0000  fp32_add_4_DW01_ash_1_DW01_ash_7
u_sfm/genblk4[0].a3/srl_62           13.4865      0.0     13.4865     0.0000      0.0000  fp32_add_4_DW_rash_0_DW_rash_3
u_sfm/genblk4[0].a3/sub_128           2.2599      0.0      2.2599     0.0000      0.0000  fp32_add_4_DW01_sub_0_DW01_sub_15
u_sfm/genblk4[0].a3/sub_48            2.6390      0.0      2.6390     0.0000      0.0000  fp32_add_4_DW01_sub_3_DW01_sub_18
u_sfm/genblk4[0].a3/sub_76            8.6314      0.0      8.6314     0.0000      0.0000  fp32_add_4_DW01_sub_1_DW01_sub_16
u_sfm/genblk4[1].a3                 127.9395      0.2     47.5745    12.5096      0.0000  fp32_add_3
u_sfm/genblk4[1].a3/add_149           5.7299      0.0      5.7299     0.0000      0.0000  fp32_add_3_DW01_add_0_DW01_add_18
u_sfm/genblk4[1].a3/add_153           1.4434      0.0      1.4434     0.0000      0.0000  fp32_add_3_DW01_inc_0_DW01_inc_10
u_sfm/genblk4[1].a3/add_75_S2         6.9547      0.0      6.9547     0.0000      0.0000  fp32_add_3_DW01_add_1_DW01_add_19
u_sfm/genblk4[1].a3/add_90            1.4434      0.0      1.4434     0.0000      0.0000  fp32_add_3_DW01_inc_1_DW01_inc_11
u_sfm/genblk4[1].a3/sll_127          13.3407      0.0     13.3407     0.0000      0.0000  fp32_add_3_DW01_ash_0_DW01_ash_4
u_sfm/genblk4[1].a3/sll_64           11.9264      0.0     11.9264     0.0000      0.0000  fp32_add_3_DW01_ash_1_DW01_ash_5
u_sfm/genblk4[1].a3/srl_62           13.4865      0.0     13.4865     0.0000      0.0000  fp32_add_3_DW_rash_0_DW_rash_2
u_sfm/genblk4[1].a3/sub_128           2.2599      0.0      2.2599     0.0000      0.0000  fp32_add_3_DW01_sub_0_DW01_sub_11
u_sfm/genblk4[1].a3/sub_48            2.6390      0.0      2.6390     0.0000      0.0000  fp32_add_3_DW01_sub_3_DW01_sub_14
u_sfm/genblk4[1].a3/sub_76            8.6314      0.0      8.6314     0.0000      0.0000  fp32_add_3_DW01_sub_1_DW01_sub_12
u_sfm/r576                           19.6101      0.0     19.6101     0.0000      0.0000  streaming_softmax_unit_LANES16_MAX_TOKENS2048_CONTEXTS32_DW01_cmp6_50
u_sfm/r577                           20.9660      0.0     20.9660     0.0000      0.0000  streaming_softmax_unit_LANES16_MAX_TOKENS2048_CONTEXTS32_DW01_cmp6_83
u_sfm/r578                           21.6513      0.0     21.6513     0.0000      0.0000  streaming_softmax_unit_LANES16_MAX_TOKENS2048_CONTEXTS32_DW01_cmp6_32
u_sfm/r579                           21.9283      0.0     21.9283     0.0000      0.0000  streaming_softmax_unit_LANES16_MAX_TOKENS2048_CONTEXTS32_DW01_cmp6_57
u_sfm/r580                           21.8263      0.0     21.8263     0.0000      0.0000  streaming_softmax_unit_LANES16_MAX_TOKENS2048_CONTEXTS32_DW01_cmp6_46
u_sfm/r581                           20.5578      0.0     20.5578     0.0000      0.0000  streaming_softmax_unit_LANES16_MAX_TOKENS2048_CONTEXTS32_DW01_cmp6_121
u_sfm/r582                           21.8700      0.0     21.8700     0.0000      0.0000  streaming_softmax_unit_LANES16_MAX_TOKENS2048_CONTEXTS32_DW01_cmp6_45
u_sfm/r583                           20.9515      0.0     20.9515     0.0000      0.0000  streaming_softmax_unit_LANES16_MAX_TOKENS2048_CONTEXTS32_DW01_cmp6_43
u_sfm/r584                           22.1470      0.0     22.1470     0.0000      0.0000  streaming_softmax_unit_LANES16_MAX_TOKENS2048_CONTEXTS32_DW01_cmp6_26
u_sfm/r585                           21.7679      0.0     21.7679     0.0000      0.0000  streaming_softmax_unit_LANES16_MAX_TOKENS2048_CONTEXTS32_DW01_cmp6_42
u_sfm/r586                           21.1847      0.0     21.1847     0.0000      0.0000  streaming_softmax_unit_LANES16_MAX_TOKENS2048_CONTEXTS32_DW01_cmp6_89
u_sfm/r587                           20.8640      0.0     20.8640     0.0000      0.0000  streaming_softmax_unit_LANES16_MAX_TOKENS2048_CONTEXTS32_DW01_cmp6_23
u_sfm/r588                           20.9660      0.0     20.9660     0.0000      0.0000  streaming_softmax_unit_LANES16_MAX_TOKENS2048_CONTEXTS32_DW01_cmp6_38
u_sfm/r589                           22.2637      0.0     22.2637     0.0000      0.0000  streaming_softmax_unit_LANES16_MAX_TOKENS2048_CONTEXTS32_DW01_cmp6_21
u_sfm/r590                           22.4532      0.0     22.4532     0.0000      0.0000  streaming_softmax_unit_LANES16_MAX_TOKENS2048_CONTEXTS32_DW01_cmp6_20
u_sfm/r594                           20.5724      0.0     20.5724     0.0000      0.0000  streaming_softmax_unit_LANES16_MAX_TOKENS2048_CONTEXTS32_DW01_cmp6_35
u_sfm/r621                            1.2247      0.0      1.2247     0.0000      0.0000  streaming_softmax_unit_LANES16_MAX_TOKENS2048_CONTEXTS32_DW01_inc_1_DW01_inc_4
u_sfm/sub_42_C111_S3                  7.1005      0.0      7.1005     0.0000      0.0000  streaming_softmax_unit_LANES16_MAX_TOKENS2048_CONTEXTS32_DW01_sub_1
u_sfm/sub_42_C123_S3                  7.1005      0.0      7.1005     0.0000      0.0000  streaming_softmax_unit_LANES16_MAX_TOKENS2048_CONTEXTS32_DW01_sub_0
u_sfm/sub_63                         12.8450      0.0     12.8450     0.0000      0.0000  streaming_softmax_unit_LANES16_MAX_TOKENS2048_CONTEXTS32_DW01_sub_3
u_tlb                              4549.6452      6.6     11.8681    20.4703      0.0000  kv_tlb_top_ENTRIES32
u_tlb/add_108                         3.1930      0.0      3.1930     0.0000      0.0000  kv_tlb_top_ENTRIES32_DW01_inc_0_DW01_inc_414
u_tlb/u_plan                        220.9016      0.3     64.8227   121.3056      0.0000  kv_scan_planner_ENTRIES32
u_tlb/u_plan/add_132_aco              7.1150      0.0      7.1150     0.0000      0.0000  kv_scan_planner_ENTRIES32_DW01_add_2_DW01_add_647
u_tlb/u_plan/add_141                  6.9838      0.0      6.9838     0.0000      0.0000  kv_scan_planner_ENTRIES32_DW01_add_1_DW01_add_424
u_tlb/u_plan/add_209                  4.5927      0.0      4.5927     0.0000      0.0000  kv_scan_planner_ENTRIES32_DW01_add_0_DW01_add_423
u_tlb/u_plan/eq_143_4                 5.5258      0.0      5.5258     0.0000      0.0000  kv_scan_planner_ENTRIES32_DW01_cmp6_0_DW01_cmp6_38
u_tlb/u_plan/sub_132                  5.2780      0.0      5.2780     0.0000      0.0000  kv_scan_planner_ENTRIES32_DW01_sub_1_DW01_sub_740
u_tlb/u_plan/sub_134                  5.2780      0.0      5.2780     0.0000      0.0000  kv_scan_planner_ENTRIES32_DW01_sub_0_DW01_sub_739
u_tlb/u_ptw                         334.7568      0.5    117.1066   188.0237      0.0000  kv_ptw
u_tlb/u_ptw/add_116_C65_rn            8.1940      0.0      8.1940     0.0000      0.0000  kv_ptw_DW01_add_3_DW01_add_428
u_tlb/u_ptw/add_171                   1.8808      0.0      1.8808     0.0000      0.0000  kv_ptw_DW01_inc_0_DW01_inc_415
u_tlb/u_ptw/add_219_S2                2.6681      0.0      2.6681     0.0000      0.0000  kv_ptw_DW01_add_2_DW01_add_427
u_tlb/u_ptw/add_66                    7.7128      0.0      7.7128     0.0000      0.0000  kv_ptw_DW01_add_1_DW01_add_426
u_tlb/u_ptw/add_67                    7.5087      0.0      7.5087     0.0000      0.0000  kv_ptw_DW01_add_0_DW01_add_425
u_tlb/u_ptw/r129                      1.6621      0.0      1.6621     0.0000      0.0000  kv_ptw_DW01_inc_1_DW01_inc_416
u_tlb/u_tlb                        3958.4554      5.8   2154.1658  1791.9111      0.0000  kv_seg_tlb_ENTRIES32
u_tlb/u_tlb/add_94                    7.1296      0.0      7.1296     0.0000      0.0000  kv_seg_tlb_ENTRIES32_DW01_add_0_DW01_add_429
u_tlb/u_tlb/sub_90                    5.2488      0.0      5.2488     0.0000      0.0000  kv_seg_tlb_ENTRIES32_DW01_sub_0_DW01_sub_741
--------------------------------  ----------  -------  ----------  ---------  ----------  ------------------------------------------------------------------------------
Total                                                  29679.2666  6929.3491  31890.3086

1
