============================================================
  Generated by:           Genus(TM) Synthesis Solution 25.10-p002_1
  Generated on:           Aug 31 2026  11:39:47 pm
  Module:                 sfm_array_fugue
  Operating conditions:   PVT_0P7V_25C (balanced_tree)
  Wireload mode:          enclosed
  Area mode:              timing library
============================================================

          Instance                                    Module                           Cell-Count   Cell-Area  Net-Area   Total-Area   Wireload  
-------------------------------------------------------------------------------------------------------------------------------------------------
sfm_array_fugue             NA                                                            3857235 1578384.728     0.000  1578384.728 <none> (D)  
  u_array                   softmax_array_256_CONTEXTS16                                  3857234 1578384.494     0.000  1578384.494 <none> (D)  
    g_channel[0].u_channel  softmax_unit_LANES16_MAX_TOKENS2048_CONTEXTS16                 241088   98651.356     0.000    98651.356 <none> (D)  
      G[0].u_pe             softmax_pe                                                      11837    1188.912     0.000     1188.912 <none> (D)  
        u_add               fp32_add                                                         1386     145.042     0.000      145.042 <none> (D)  
        u_exp               fp32_exp                                                         5524     460.509     0.000      460.509 <none> (D)  
        u_mul               fp32_mul                                                         4484     499.584     0.000      499.584 <none> (D)  
      G[10].u_pe            softmax_pe                                                      11837    1188.912     0.000     1188.912 <none> (D)  
        u_add               fp32_add                                                         1386     145.042     0.000      145.042 <none> (D)  
        u_exp               fp32_exp                                                         5524     460.509     0.000      460.509 <none> (D)  
        u_mul               fp32_mul                                                         4484     499.584     0.000      499.584 <none> (D)  
      G[11].u_pe            softmax_pe                                                      11837    1188.912     0.000     1188.912 <none> (D)  
        u_add               fp32_add                                                         1386     145.042     0.000      145.042 <none> (D)  
        u_exp               fp32_exp                                                         5524     460.509     0.000      460.509 <none> (D)  
        u_mul               fp32_mul                                                         4484     499.584     0.000      499.584 <none> (D)  
      G[12].u_pe            softmax_pe                                                      11837    1188.912     0.000     1188.912 <none> (D)  
        u_add               fp32_add                                                         1386     145.042     0.000      145.042 <none> (D)  
        u_exp               fp32_exp                                                         5524     460.509     0.000      460.509 <none> (D)  
        u_mul               fp32_mul                                                         4484     499.584     0.000      499.584 <none> (D)  
      G[13].u_pe            softmax_pe                                                      11837    1188.912     0.000     1188.912 <none> (D)  
        u_add               fp32_add                                                         1386     145.042     0.000      145.042 <none> (D)  
        u_exp               fp32_exp                                                         5524     460.509     0.000      460.509 <none> (D)  
        u_mul               fp32_mul                                                         4484     499.584     0.000      499.584 <none> (D)  
      G[14].u_pe            softmax_pe                                                      11837    1188.912     0.000     1188.912 <none> (D)  
        u_add               fp32_add                                                         1386     145.042     0.000      145.042 <none> (D)  
        u_exp               fp32_exp                                                         5524     460.509     0.000      460.509 <none> (D)  
        u_mul               fp32_mul                                                         4484     499.584     0.000      499.584 <none> (D)  
      G[15].u_pe            softmax_pe                                                      11837    1188.912     0.000     1188.912 <none> (D)  
        u_add               fp32_add                                                         1386     145.042     0.000      145.042 <none> (D)  
        u_exp               fp32_exp                                                         5524     460.509     0.000      460.509 <none> (D)  
        u_mul               fp32_mul                                                         4484     499.584     0.000      499.584 <none> (D)  
      G[1].u_pe             softmax_pe                                                      11837    1188.912     0.000     1188.912 <none> (D)  
        u_add               fp32_add                                                         1386     145.042     0.000      145.042 <none> (D)  
        u_exp               fp32_exp                                                         5524     460.509     0.000      460.509 <none> (D)  
        u_mul               fp32_mul                                                         4484     499.584     0.000      499.584 <none> (D)  
      G[2].u_pe             softmax_pe                                                      11837    1188.912     0.000     1188.912 <none> (D)  
        u_add               fp32_add                                                         1386     145.042     0.000      145.042 <none> (D)  
        u_exp               fp32_exp                                                         5524     460.509     0.000      460.509 <none> (D)  
        u_mul               fp32_mul                                                         4484     499.584     0.000      499.584 <none> (D)  
      G[3].u_pe             softmax_pe                                                      11837    1188.912     0.000     1188.912 <none> (D)  
        u_add               fp32_add                                                         1386     145.042     0.000      145.042 <none> (D)  
        u_exp               fp32_exp                                                         5524     460.509     0.000      460.509 <none> (D)  
        u_mul               fp32_mul                                                         4484     499.584     0.000      499.584 <none> (D)  
      G[4].u_pe             softmax_pe                                                      11837    1188.912     0.000     1188.912 <none> (D)  
        u_add               fp32_add                                                         1386     145.042     0.000      145.042 <none> (D)  
        u_exp               fp32_exp                                                         5524     460.509     0.000      460.509 <none> (D)  
        u_mul               fp32_mul                                                         4484     499.584     0.000      499.584 <none> (D)  
      G[5].u_pe             softmax_pe                                                      11837    1188.912     0.000     1188.912 <none> (D)  
        u_add               fp32_add                                                         1386     145.042     0.000      145.042 <none> (D)  
        u_exp               fp32_exp                                                         5524     460.509     0.000      460.509 <none> (D)  
        u_mul               fp32_mul                                                         4484     499.584     0.000      499.584 <none> (D)  
      G[6].u_pe             softmax_pe                                                      11837    1188.912     0.000     1188.912 <none> (D)  
        u_add               fp32_add                                                         1386     145.042     0.000      145.042 <none> (D)  
        u_exp               fp32_exp                                                         5524     460.509     0.000      460.509 <none> (D)  
        u_mul               fp32_mul                                                         4484     499.584     0.000      499.584 <none> (D)  
      G[7].u_pe             softmax_pe                                                      11837    1188.912     0.000     1188.912 <none> (D)  
        u_add               fp32_add                                                         1386     145.042     0.000      145.042 <none> (D)  
        u_exp               fp32_exp                                                         5524     460.509     0.000      460.509 <none> (D)  
        u_mul               fp32_mul                                                         4484     499.584     0.000      499.584 <none> (D)  
      G[8].u_pe             softmax_pe                                                      11837    1188.912     0.000     1188.912 <none> (D)  
        u_add               fp32_add                                                         1386     145.042     0.000      145.042 <none> (D)  
        u_exp               fp32_exp                                                         5524     460.509     0.000      460.509 <none> (D)  
        u_mul               fp32_mul                                                         4484     499.584     0.000      499.584 <none> (D)  
      G[9].u_pe             softmax_pe                                                      11837    1188.912     0.000     1188.912 <none> (D)  
        u_add               fp32_add                                                         1386     145.042     0.000      145.042 <none> (D)  
        u_exp               fp32_exp                                                         5524     460.509     0.000      460.509 <none> (D)  
        u_mul               fp32_mul                                                         4484     499.584     0.000      499.584 <none> (D)  
      aa                    fp32_add                                                         1386     145.042     0.000      145.042 <none> (D)  
      ar                    fp32_recip                                                      13747    1136.482     0.000     1136.482 <none> (D)  
        u_p00               fp32_recip_mul16_pipe                                            1409     116.553     0.000      116.553 <none> (D)  
        u_p01               fp32_recip_mul16_pipe_9                                           690      54.748     0.000       54.748 <none> (D)  
        u_p10               fp32_recip_mul16_pipe_2                                           477      40.182     0.000       40.182 <none> (D)  
        u_p11               fp32_recip_mul16_pipe_3                                           638      49.251     0.000       49.251 <none> (D)  
        u_r00               fp32_recip_mul16_pipe_4                                          1583     113.359     0.000      113.359 <none> (D)  
        u_r01               fp32_recip_mul16_pipe_5                                          1560     116.173     0.000      116.173 <none> (D)  
        u_r10               fp32_recip_mul16_pipe_127                                        1371     106.288     0.000      106.288 <none> (D)  
        u_r11               fp32_recip_mul16_pipe_7                                          1432     112.310     0.000      112.310 <none> (D)  
      at                    fp32_add                                                         1386     145.042     0.000      145.042 <none> (D)  
      genblk2[0].a1         fp32_add                                                         1386     145.042     0.000      145.042 <none> (D)  
      genblk2[1].a1         fp32_add                                                         1386     145.042     0.000      145.042 <none> (D)  
      genblk2[2].a1         fp32_add                                                         1386     145.042     0.000      145.042 <none> (D)  
      genblk2[3].a1         fp32_add                                                         1386     145.042     0.000      145.042 <none> (D)  
      genblk2[4].a1         fp32_add                                                         1386     145.042     0.000      145.042 <none> (D)  
      genblk2[5].a1         fp32_add                                                         1386     145.042     0.000      145.042 <none> (D)  
      genblk2[6].a1         fp32_add                                                         1386     145.042     0.000      145.042 <none> (D)  
      genblk2[7].a1         fp32_add                                                         1386     145.042     0.000      145.042 <none> (D)  
      genblk3[0].a2         fp32_add                                                         1386     145.042     0.000      145.042 <none> (D)  
      genblk3[1].a2         fp32_add                                                         1386     145.042     0.000      145.042 <none> (D)  
      genblk3[2].a2         fp32_add                                                         1386     145.042     0.000      145.042 <none> (D)  
      genblk3[3].a2         fp32_add                                                         1386     145.042     0.000      145.042 <none> (D)  
      genblk4[0].a3         fp32_add                                                         1386     145.042     0.000      145.042 <none> (D)  
      genblk4[1].a3         fp32_add                                                         1386     145.042     0.000      145.042 <none> (D)  
      u_sram                softmax_buffer_sram_NUM_CONTEXTS16_SEQ_LEN2048_LANES16           5277   74683.921     0.000    74683.921 <none> (D)  
    g_channel[10].u_channel softmax_unit_LANES16_MAX_TOKENS2048_CONTEXTS16_10              241130   98655.322     0.000    98655.322 <none> (D)  
      G[0].u_pe             softmax_pe                                                      11837    1188.912     0.000     1188.912 <none> (D)  
        u_add               fp32_add                                                         1386     145.042     0.000      145.042 <none> (D)  
        u_exp               fp32_exp                                                         5524     460.509     0.000      460.509 <none> (D)  
        u_mul               fp32_mul                                                         4484     499.584     0.000      499.584 <none> (D)  
      G[10].u_pe            softmax_pe                                                      11837    1188.912     0.000     1188.912 <none> (D)  
        u_add               fp32_add                                                         1386     145.042     0.000      145.042 <none> (D)  
        u_exp               fp32_exp                                                         5524     460.509     0.000      460.509 <none> (D)  
        u_mul               fp32_mul                                                         4484     499.584     0.000      499.584 <none> (D)  
      G[11].u_pe            softmax_pe                                                      11837    1188.912     0.000     1188.912 <none> (D)  
        u_add               fp32_add                                                         1386     145.042     0.000      145.042 <none> (D)  
        u_exp               fp32_exp                                                         5524     460.509     0.000      460.509 <none> (D)  
        u_mul               fp32_mul                                                         4484     499.584     0.000      499.584 <none> (D)  
      G[12].u_pe            softmax_pe                                                      11837    1188.912     0.000     1188.912 <none> (D)  
        u_add               fp32_add                                                         1386     145.042     0.000      145.042 <none> (D)  
        u_exp               fp32_exp                                                         5524     460.509     0.000      460.509 <none> (D)  
        u_mul               fp32_mul                                                         4484     499.584     0.000      499.584 <none> (D)  
      G[13].u_pe            softmax_pe                                                      11837    1188.912     0.000     1188.912 <none> (D)  
        u_add               fp32_add                                                         1386     145.042     0.000      145.042 <none> (D)  
        u_exp               fp32_exp                                                         5524     460.509     0.000      460.509 <none> (D)  
        u_mul               fp32_mul                                                         4484     499.584     0.000      499.584 <none> (D)  
      G[14].u_pe            softmax_pe                                                      11837    1188.912     0.000     1188.912 <none> (D)  
        u_add               fp32_add                                                         1386     145.042     0.000      145.042 <none> (D)  
        u_exp               fp32_exp                                                         5524     460.509     0.000      460.509 <none> (D)  
        u_mul               fp32_mul                                                         4484     499.584     0.000      499.584 <none> (D)  
      G[15].u_pe            softmax_pe                                                      11837    1188.912     0.000     1188.912 <none> (D)  
        u_add               fp32_add                                                         1386     145.042     0.000      145.042 <none> (D)  
        u_exp               fp32_exp                                                         5524     460.509     0.000      460.509 <none> (D)  
        u_mul               fp32_mul                                                         4484     499.584     0.000      499.584 <none> (D)  
      G[1].u_pe             softmax_pe                                                      11837    1188.912     0.000     1188.912 <none> (D)  
        u_add               fp32_add                                                         1386     145.042     0.000      145.042 <none> (D)  
        u_exp               fp32_exp                                                         5524     460.509     0.000      460.509 <none> (D)  
        u_mul               fp32_mul                                                         4484     499.584     0.000      499.584 <none> (D)  
      G[2].u_pe             softmax_pe                                                      11837    1188.912     0.000     1188.912 <none> (D)  
        u_add               fp32_add                                                         1386     145.042     0.000      145.042 <none> (D)  
        u_exp               fp32_exp                                                         5524     460.509     0.000      460.509 <none> (D)  
        u_mul               fp32_mul                                                         4484     499.584     0.000      499.584 <none> (D)  
      G[3].u_pe             softmax_pe                                                      11837    1188.912     0.000     1188.912 <none> (D)  
        u_add               fp32_add                                                         1386     145.042     0.000      145.042 <none> (D)  
        u_exp               fp32_exp                                                         5524     460.509     0.000      460.509 <none> (D)  
        u_mul               fp32_mul                                                         4484     499.584     0.000      499.584 <none> (D)  
      G[4].u_pe             softmax_pe                                                      11837    1188.912     0.000     1188.912 <none> (D)  
        u_add               fp32_add                                                         1386     145.042     0.000      145.042 <none> (D)  
        u_exp               fp32_exp                                                         5524     460.509     0.000      460.509 <none> (D)  
        u_mul               fp32_mul                                                         4484     499.584     0.000      499.584 <none> (D)  
      G[5].u_pe             softmax_pe                                                      11837    1188.912     0.000     1188.912 <none> (D)  
        u_add               fp32_add                                                         1386     145.042     0.000      145.042 <none> (D)  
        u_exp               fp32_exp                                                         5524     460.509     0.000      460.509 <none> (D)  
        u_mul               fp32_mul                                                         4484     499.584     0.000      499.584 <none> (D)  
      G[6].u_pe             softmax_pe                                                      11837    1188.912     0.000     1188.912 <none> (D)  
        u_add               fp32_add                                                         1386     145.042     0.000      145.042 <none> (D)  
        u_exp               fp32_exp                                                         5524     460.509     0.000      460.509 <none> (D)  
        u_mul               fp32_mul                                                         4484     499.584     0.000      499.584 <none> (D)  
      G[7].u_pe             softmax_pe                                                      11837    1188.912     0.000     1188.912 <none> (D)  
        u_add               fp32_add                                                         1386     145.042     0.000      145.042 <none> (D)  
        u_exp               fp32_exp                                                         5524     460.509     0.000      460.509 <none> (D)  
        u_mul               fp32_mul                                                         4484     499.584     0.000      499.584 <none> (D)  
      G[8].u_pe             softmax_pe                                                      11837    1188.912     0.000     1188.912 <none> (D)  
        u_add               fp32_add                                                         1386     145.042     0.000      145.042 <none> (D)  
        u_exp               fp32_exp                                                         5524     460.509     0.000      460.509 <none> (D)  
        u_mul               fp32_mul                                                         4484     499.584     0.000      499.584 <none> (D)  
      G[9].u_pe             softmax_pe                                                      11837    1188.912     0.000     1188.912 <none> (D)  
        u_add               fp32_add                                                         1386     145.042     0.000      145.042 <none> (D)  
        u_exp               fp32_exp                                                         5524     460.509     0.000      460.509 <none> (D)  
        u_mul               fp32_mul                                                         4484     499.584     0.000      499.584 <none> (D)  
      aa                    fp32_add                                                         1386     145.042     0.000      145.042 <none> (D)  
      ar                    fp32_recip_10                                                   13462    1123.564     0.000     1123.564 <none> (D)  
        u_p00               fp32_recip_mul16_pipe_80                                         1398     114.555     0.000      114.555 <none> (D)  
        u_p01               fp32_recip_mul16_pipe_81                                          632      52.342     0.000       52.342 <none> (D)  
        u_p10               fp32_recip_mul16_pipe_82                                          454      39.133     0.000       39.133 <none> (D)  
        u_p11               fp32_recip_mul16_pipe_83                                          647      49.324     0.000       49.324 <none> (D)  
        u_r00               fp32_recip_mul16_pipe_84                                         1608     114.803     0.000      114.803 <none> (D)  
        u_r01               fp32_recip_mul16_pipe_85                                         1548     116.407     0.000      116.407 <none> (D)  
        u_r10               fp32_recip_mul16_pipe_86                                         1393     105.690     0.000      105.690 <none> (D)  
        u_r11               fp32_recip_mul16_pipe_87                                         1438     113.126     0.000      113.126 <none> (D)  
      at                    fp32_add                                                         1386     145.042     0.000      145.042 <none> (D)  
      genblk2[0].a1         fp32_add                                                         1386     145.042     0.000      145.042 <none> (D)  
      genblk2[1].a1         fp32_add                                                         1386     145.042     0.000      145.042 <none> (D)  
      genblk2[2].a1         fp32_add                                                         1386     145.042     0.000      145.042 <none> (D)  
      genblk2[3].a1         fp32_add                                                         1386     145.042     0.000      145.042 <none> (D)  
      genblk2[4].a1         fp32_add                                                         1386     145.042     0.000      145.042 <none> (D)  
      genblk2[5].a1         fp32_add                                                         1386     145.042     0.000      145.042 <none> (D)  
      genblk2[6].a1         fp32_add                                                         1386     145.042     0.000      145.042 <none> (D)  
      genblk2[7].a1         fp32_add                                                         1386     145.042     0.000      145.042 <none> (D)  
      genblk3[0].a2         fp32_add                                                         1386     145.042     0.000      145.042 <none> (D)  
      genblk3[1].a2         fp32_add                                                         1386     145.042     0.000      145.042 <none> (D)  
      genblk3[2].a2         fp32_add                                                         1386     145.042     0.000      145.042 <none> (D)  
      genblk3[3].a2         fp32_add                                                         1386     145.042     0.000      145.042 <none> (D)  
      genblk4[0].a3         fp32_add                                                         1386     145.042     0.000      145.042 <none> (D)  
      genblk4[1].a3         fp32_add                                                         1386     145.042     0.000      145.042 <none> (D)  
      u_sram                softmax_buffer_sram_NUM_CONTEXTS16_SEQ_LEN2048_LANES16_10        5277   74684.009     0.000    74684.009 <none> (D)  
    g_channel[11].u_channel softmax_unit_LANES16_MAX_TOKENS2048_CONTEXTS16_11              241203   98655.016     0.000    98655.016 <none> (D)  
      G[0].u_pe             softmax_pe                                                      11837    1188.912     0.000     1188.912 <none> (D)  
        u_add               fp32_add                                                         1386     145.042     0.000      145.042 <none> (D)  
        u_exp               fp32_exp                                                         5524     460.509     0.000      460.509 <none> (D)  
        u_mul               fp32_mul                                                         4484     499.584     0.000      499.584 <none> (D)  
      G[10].u_pe            softmax_pe                                                      11837    1188.912     0.000     1188.912 <none> (D)  
        u_add               fp32_add                                                         1386     145.042     0.000      145.042 <none> (D)  
        u_exp               fp32_exp                                                         5524     460.509     0.000      460.509 <none> (D)  
        u_mul               fp32_mul                                                         4484     499.584     0.000      499.584 <none> (D)  
      G[11].u_pe            softmax_pe                                                      11837    1188.912     0.000     1188.912 <none> (D)  
        u_add               fp32_add                                                         1386     145.042     0.000      145.042 <none> (D)  
        u_exp               fp32_exp                                                         5524     460.509     0.000      460.509 <none> (D)  
        u_mul               fp32_mul                                                         4484     499.584     0.000      499.584 <none> (D)  
      G[12].u_pe            softmax_pe                                                      11837    1188.912     0.000     1188.912 <none> (D)  
        u_add               fp32_add                                                         1386     145.042     0.000      145.042 <none> (D)  
        u_exp               fp32_exp                                                         5524     460.509     0.000      460.509 <none> (D)  
        u_mul               fp32_mul                                                         4484     499.584     0.000      499.584 <none> (D)  
      G[13].u_pe            softmax_pe                                                      11837    1188.912     0.000     1188.912 <none> (D)  
        u_add               fp32_add                                                         1386     145.042     0.000      145.042 <none> (D)  
        u_exp               fp32_exp                                                         5524     460.509     0.000      460.509 <none> (D)  
        u_mul               fp32_mul                                                         4484     499.584     0.000      499.584 <none> (D)  
      G[14].u_pe            softmax_pe                                                      11837    1188.912     0.000     1188.912 <none> (D)  
        u_add               fp32_add                                                         1386     145.042     0.000      145.042 <none> (D)  
        u_exp               fp32_exp                                                         5524     460.509     0.000      460.509 <none> (D)  
        u_mul               fp32_mul                                                         4484     499.584     0.000      499.584 <none> (D)  
      G[15].u_pe            softmax_pe                                                      11837    1188.912     0.000     1188.912 <none> (D)  
        u_add               fp32_add                                                         1386     145.042     0.000      145.042 <none> (D)  
        u_exp               fp32_exp                                                         5524     460.509     0.000      460.509 <none> (D)  
        u_mul               fp32_mul                                                         4484     499.584     0.000      499.584 <none> (D)  
      G[1].u_pe             softmax_pe                                                      11837    1188.912     0.000     1188.912 <none> (D)  
        u_add               fp32_add                                                         1386     145.042     0.000      145.042 <none> (D)  
        u_exp               fp32_exp                                                         5524     460.509     0.000      460.509 <none> (D)  
        u_mul               fp32_mul                                                         4484     499.584     0.000      499.584 <none> (D)  
      G[2].u_pe             softmax_pe                                                      11837    1188.912     0.000     1188.912 <none> (D)  
        u_add               fp32_add                                                         1386     145.042     0.000      145.042 <none> (D)  
        u_exp               fp32_exp                                                         5524     460.509     0.000      460.509 <none> (D)  
        u_mul               fp32_mul                                                         4484     499.584     0.000      499.584 <none> (D)  
      G[3].u_pe             softmax_pe                                                      11837    1188.912     0.000     1188.912 <none> (D)  
        u_add               fp32_add                                                         1386     145.042     0.000      145.042 <none> (D)  
        u_exp               fp32_exp                                                         5524     460.509     0.000      460.509 <none> (D)  
        u_mul               fp32_mul                                                         4484     499.584     0.000      499.584 <none> (D)  
      G[4].u_pe             softmax_pe                                                      11837    1188.912     0.000     1188.912 <none> (D)  
        u_add               fp32_add                                                         1386     145.042     0.000      145.042 <none> (D)  
        u_exp               fp32_exp                                                         5524     460.509     0.000      460.509 <none> (D)  
        u_mul               fp32_mul                                                         4484     499.584     0.000      499.584 <none> (D)  
      G[5].u_pe             softmax_pe                                                      11837    1188.912     0.000     1188.912 <none> (D)  
        u_add               fp32_add                                                         1386     145.042     0.000      145.042 <none> (D)  
        u_exp               fp32_exp                                                         5524     460.509     0.000      460.509 <none> (D)  
        u_mul               fp32_mul                                                         4484     499.584     0.000      499.584 <none> (D)  
      G[6].u_pe             softmax_pe                                                      11837    1188.912     0.000     1188.912 <none> (D)  
        u_add               fp32_add                                                         1386     145.042     0.000      145.042 <none> (D)  
        u_exp               fp32_exp                                                         5524     460.509     0.000      460.509 <none> (D)  
        u_mul               fp32_mul                                                         4484     499.584     0.000      499.584 <none> (D)  
      G[7].u_pe             softmax_pe                                                      11837    1188.912     0.000     1188.912 <none> (D)  
        u_add               fp32_add                                                         1386     145.042     0.000      145.042 <none> (D)  
        u_exp               fp32_exp                                                         5524     460.509     0.000      460.509 <none> (D)  
        u_mul               fp32_mul                                                         4484     499.584     0.000      499.584 <none> (D)  
      G[8].u_pe             softmax_pe                                                      11837    1188.912     0.000     1188.912 <none> (D)  
        u_add               fp32_add                                                         1386     145.042     0.000      145.042 <none> (D)  
        u_exp               fp32_exp                                                         5524     460.509     0.000      460.509 <none> (D)  
        u_mul               fp32_mul                                                         4484     499.584     0.000      499.584 <none> (D)  
      G[9].u_pe             softmax_pe                                                      11837    1188.912     0.000     1188.912 <none> (D)  
        u_add               fp32_add                                                         1386     145.042     0.000      145.042 <none> (D)  
        u_exp               fp32_exp                                                         5524     460.509     0.000      460.509 <none> (D)  
        u_mul               fp32_mul                                                         4484     499.584     0.000      499.584 <none> (D)  
      aa                    fp32_add                                                         1386     145.042     0.000      145.042 <none> (D)  
      ar                    fp32_recip_11                                                   13588    1129.002     0.000     1129.002 <none> (D)  
        u_p00               fp32_recip_mul16_pipe_88                                         1484     118.331     0.000      118.331 <none> (D)  
        u_p01               fp32_recip_mul16_pipe_89                                          611      51.963     0.000       51.963 <none> (D)  
        u_p10               fp32_recip_mul16_pipe_90                                          484      40.343     0.000       40.343 <none> (D)  
        u_p11               fp32_recip_mul16_pipe_91                                          643      48.989     0.000       48.989 <none> (D)  
        u_r00               fp32_recip_mul16_pipe_92                                         1583     113.010     0.000      113.010 <none> (D)  
        u_r01               fp32_recip_mul16_pipe_93                                         1588     116.611     0.000      116.611 <none> (D)  
        u_r10               fp32_recip_mul16_pipe_94                                         1359     105.632     0.000      105.632 <none> (D)  
        u_r11               fp32_recip_mul16_pipe_95                                         1468     113.359     0.000      113.359 <none> (D)  
      at                    fp32_add                                                         1386     145.042     0.000      145.042 <none> (D)  
      genblk2[0].a1         fp32_add                                                         1386     145.042     0.000      145.042 <none> (D)  
      genblk2[1].a1         fp32_add                                                         1386     145.042     0.000      145.042 <none> (D)  
      genblk2[2].a1         fp32_add                                                         1386     145.042     0.000      145.042 <none> (D)  
      genblk2[3].a1         fp32_add                                                         1386     145.042     0.000      145.042 <none> (D)  
      genblk2[4].a1         fp32_add                                                         1386     145.042     0.000      145.042 <none> (D)  
      genblk2[5].a1         fp32_add                                                         1386     145.042     0.000      145.042 <none> (D)  
      genblk2[6].a1         fp32_add                                                         1386     145.042     0.000      145.042 <none> (D)  
      genblk2[7].a1         fp32_add                                                         1386     145.042     0.000      145.042 <none> (D)  
      genblk3[0].a2         fp32_add                                                         1386     145.042     0.000      145.042 <none> (D)  
      genblk3[1].a2         fp32_add                                                         1386     145.042     0.000      145.042 <none> (D)  
      genblk3[2].a2         fp32_add                                                         1386     145.042     0.000      145.042 <none> (D)  
      genblk3[3].a2         fp32_add                                                         1386     145.042     0.000      145.042 <none> (D)  
      genblk4[0].a3         fp32_add                                                         1386     145.042     0.000      145.042 <none> (D)  
      genblk4[1].a3         fp32_add                                                         1386     145.042     0.000      145.042 <none> (D)  
      u_sram                softmax_buffer_sram_NUM_CONTEXTS16_SEQ_LEN2048_LANES16_11        5277   74684.009     0.000    74684.009 <none> (D)  
    g_channel[12].u_channel softmax_unit_LANES16_MAX_TOKENS2048_CONTEXTS16_12              240828   98639.605     0.000    98639.605 <none> (D)  
      G[0].u_pe             softmax_pe                                                      11837    1188.912     0.000     1188.912 <none> (D)  
        u_add               fp32_add                                                         1386     145.042     0.000      145.042 <none> (D)  
        u_exp               fp32_exp                                                         5524     460.509     0.000      460.509 <none> (D)  
        u_mul               fp32_mul                                                         4484     499.584     0.000      499.584 <none> (D)  
      G[10].u_pe            softmax_pe                                                      11837    1188.912     0.000     1188.912 <none> (D)  
        u_add               fp32_add                                                         1386     145.042     0.000      145.042 <none> (D)  
        u_exp               fp32_exp                                                         5524     460.509     0.000      460.509 <none> (D)  
        u_mul               fp32_mul                                                         4484     499.584     0.000      499.584 <none> (D)  
      G[11].u_pe            softmax_pe                                                      11837    1188.912     0.000     1188.912 <none> (D)  
        u_add               fp32_add                                                         1386     145.042     0.000      145.042 <none> (D)  
        u_exp               fp32_exp                                                         5524     460.509     0.000      460.509 <none> (D)  
        u_mul               fp32_mul                                                         4484     499.584     0.000      499.584 <none> (D)  
      G[12].u_pe            softmax_pe                                                      11837    1188.912     0.000     1188.912 <none> (D)  
        u_add               fp32_add                                                         1386     145.042     0.000      145.042 <none> (D)  
        u_exp               fp32_exp                                                         5524     460.509     0.000      460.509 <none> (D)  
        u_mul               fp32_mul                                                         4484     499.584     0.000      499.584 <none> (D)  
      G[13].u_pe            softmax_pe                                                      11837    1188.912     0.000     1188.912 <none> (D)  
        u_add               fp32_add                                                         1386     145.042     0.000      145.042 <none> (D)  
        u_exp               fp32_exp                                                         5524     460.509     0.000      460.509 <none> (D)  
        u_mul               fp32_mul                                                         4484     499.584     0.000      499.584 <none> (D)  
      G[14].u_pe            softmax_pe                                                      11837    1188.912     0.000     1188.912 <none> (D)  
        u_add               fp32_add                                                         1386     145.042     0.000      145.042 <none> (D)  
        u_exp               fp32_exp                                                         5524     460.509     0.000      460.509 <none> (D)  
        u_mul               fp32_mul                                                         4484     499.584     0.000      499.584 <none> (D)  
      G[15].u_pe            softmax_pe                                                      11837    1188.912     0.000     1188.912 <none> (D)  
        u_add               fp32_add                                                         1386     145.042     0.000      145.042 <none> (D)  
        u_exp               fp32_exp                                                         5524     460.509     0.000      460.509 <none> (D)  
        u_mul               fp32_mul                                                         4484     499.584     0.000      499.584 <none> (D)  
      G[1].u_pe             softmax_pe                                                      11837    1188.912     0.000     1188.912 <none> (D)  
        u_add               fp32_add                                                         1386     145.042     0.000      145.042 <none> (D)  
        u_exp               fp32_exp                                                         5524     460.509     0.000      460.509 <none> (D)  
        u_mul               fp32_mul                                                         4484     499.584     0.000      499.584 <none> (D)  
      G[2].u_pe             softmax_pe                                                      11837    1188.912     0.000     1188.912 <none> (D)  
        u_add               fp32_add                                                         1386     145.042     0.000      145.042 <none> (D)  
        u_exp               fp32_exp                                                         5524     460.509     0.000      460.509 <none> (D)  
        u_mul               fp32_mul                                                         4484     499.584     0.000      499.584 <none> (D)  
      G[3].u_pe             softmax_pe                                                      11837    1188.912     0.000     1188.912 <none> (D)  
        u_add               fp32_add                                                         1386     145.042     0.000      145.042 <none> (D)  
        u_exp               fp32_exp                                                         5524     460.509     0.000      460.509 <none> (D)  
        u_mul               fp32_mul                                                         4484     499.584     0.000      499.584 <none> (D)  
      G[4].u_pe             softmax_pe                                                      11837    1188.912     0.000     1188.912 <none> (D)  
        u_add               fp32_add                                                         1386     145.042     0.000      145.042 <none> (D)  
        u_exp               fp32_exp                                                         5524     460.509     0.000      460.509 <none> (D)  
        u_mul               fp32_mul                                                         4484     499.584     0.000      499.584 <none> (D)  
      G[5].u_pe             softmax_pe                                                      11837    1188.912     0.000     1188.912 <none> (D)  
        u_add               fp32_add                                                         1386     145.042     0.000      145.042 <none> (D)  
        u_exp               fp32_exp                                                         5524     460.509     0.000      460.509 <none> (D)  
        u_mul               fp32_mul                                                         4484     499.584     0.000      499.584 <none> (D)  
      G[6].u_pe             softmax_pe                                                      11837    1188.912     0.000     1188.912 <none> (D)  
        u_add               fp32_add                                                         1386     145.042     0.000      145.042 <none> (D)  
        u_exp               fp32_exp                                                         5524     460.509     0.000      460.509 <none> (D)  
        u_mul               fp32_mul                                                         4484     499.584     0.000      499.584 <none> (D)  
      G[7].u_pe             softmax_pe                                                      11837    1188.912     0.000     1188.912 <none> (D)  
        u_add               fp32_add                                                         1386     145.042     0.000      145.042 <none> (D)  
        u_exp               fp32_exp                                                         5524     460.509     0.000      460.509 <none> (D)  
        u_mul               fp32_mul                                                         4484     499.584     0.000      499.584 <none> (D)  
      G[8].u_pe             softmax_pe                                                      11837    1188.912     0.000     1188.912 <none> (D)  
        u_add               fp32_add                                                         1386     145.042     0.000      145.042 <none> (D)  
        u_exp               fp32_exp                                                         5524     460.509     0.000      460.509 <none> (D)  
        u_mul               fp32_mul                                                         4484     499.584     0.000      499.584 <none> (D)  
      G[9].u_pe             softmax_pe                                                      11837    1188.912     0.000     1188.912 <none> (D)  
        u_add               fp32_add                                                         1386     145.042     0.000      145.042 <none> (D)  
        u_exp               fp32_exp                                                         5524     460.509     0.000      460.509 <none> (D)  
        u_mul               fp32_mul                                                         4484     499.584     0.000      499.584 <none> (D)  
      aa                    fp32_add                                                         1386     145.042     0.000      145.042 <none> (D)  
      ar                    fp32_recip_12                                                   13422    1127.107     0.000     1127.107 <none> (D)  
        u_p00               fp32_recip_mul16_pipe_96                                         1388     114.934     0.000      114.934 <none> (D)  
        u_p01               fp32_recip_mul16_pipe_97                                          652      53.261     0.000       53.261 <none> (D)  
        u_p10               fp32_recip_mul16_pipe_98                                          518      40.430     0.000       40.430 <none> (D)  
        u_p11               fp32_recip_mul16_pipe_99                                          647      49.630     0.000       49.630 <none> (D)  
        u_r00               fp32_recip_mul16_pipe_100                                        1592     113.695     0.000      113.695 <none> (D)  
        u_r01               fp32_recip_mul16_pipe_101                                        1584     117.369     0.000      117.369 <none> (D)  
        u_r10               fp32_recip_mul16_pipe_102                                        1313     104.291     0.000      104.291 <none> (D)  
        u_r11               fp32_recip_mul16_pipe_103                                        1412     112.645     0.000      112.645 <none> (D)  
      at                    fp32_add                                                         1386     145.042     0.000      145.042 <none> (D)  
      genblk2[0].a1         fp32_add                                                         1386     145.042     0.000      145.042 <none> (D)  
      genblk2[1].a1         fp32_add                                                         1386     145.042     0.000      145.042 <none> (D)  
      genblk2[2].a1         fp32_add                                                         1386     145.042     0.000      145.042 <none> (D)  
      genblk2[3].a1         fp32_add                                                         1386     145.042     0.000      145.042 <none> (D)  
      genblk2[4].a1         fp32_add                                                         1386     145.042     0.000      145.042 <none> (D)  
      genblk2[5].a1         fp32_add                                                         1386     145.042     0.000      145.042 <none> (D)  
      genblk2[6].a1         fp32_add                                                         1386     145.042     0.000      145.042 <none> (D)  
      genblk2[7].a1         fp32_add                                                         1386     145.042     0.000      145.042 <none> (D)  
      genblk3[0].a2         fp32_add                                                         1386     145.042     0.000      145.042 <none> (D)  
      genblk3[1].a2         fp32_add                                                         1386     145.042     0.000      145.042 <none> (D)  
      genblk3[2].a2         fp32_add                                                         1386     145.042     0.000      145.042 <none> (D)  
      genblk3[3].a2         fp32_add                                                         1386     145.042     0.000      145.042 <none> (D)  
      genblk4[0].a3         fp32_add                                                         1386     145.042     0.000      145.042 <none> (D)  
      genblk4[1].a3         fp32_add                                                         1386     145.042     0.000      145.042 <none> (D)  
      u_sram                softmax_buffer_sram_NUM_CONTEXTS16_SEQ_LEN2048_LANES16_12        5289   74685.321     0.000    74685.321 <none> (D)  
    g_channel[13].u_channel softmax_unit_LANES16_MAX_TOKENS2048_CONTEXTS16_13              241128   98655.045     0.000    98655.045 <none> (D)  
      G[0].u_pe             softmax_pe                                                      11837    1188.912     0.000     1188.912 <none> (D)  
        u_add               fp32_add                                                         1386     145.042     0.000      145.042 <none> (D)  
        u_exp               fp32_exp                                                         5524     460.509     0.000      460.509 <none> (D)  
        u_mul               fp32_mul                                                         4484     499.584     0.000      499.584 <none> (D)  
      G[10].u_pe            softmax_pe                                                      11837    1188.912     0.000     1188.912 <none> (D)  
        u_add               fp32_add                                                         1386     145.042     0.000      145.042 <none> (D)  
        u_exp               fp32_exp                                                         5524     460.509     0.000      460.509 <none> (D)  
        u_mul               fp32_mul                                                         4484     499.584     0.000      499.584 <none> (D)  
      G[11].u_pe            softmax_pe                                                      11837    1188.912     0.000     1188.912 <none> (D)  
        u_add               fp32_add                                                         1386     145.042     0.000      145.042 <none> (D)  
        u_exp               fp32_exp                                                         5524     460.509     0.000      460.509 <none> (D)  
        u_mul               fp32_mul                                                         4484     499.584     0.000      499.584 <none> (D)  
      G[12].u_pe            softmax_pe                                                      11837    1188.912     0.000     1188.912 <none> (D)  
        u_add               fp32_add                                                         1386     145.042     0.000      145.042 <none> (D)  
        u_exp               fp32_exp                                                         5524     460.509     0.000      460.509 <none> (D)  
        u_mul               fp32_mul                                                         4484     499.584     0.000      499.584 <none> (D)  
      G[13].u_pe            softmax_pe                                                      11837    1188.912     0.000     1188.912 <none> (D)  
        u_add               fp32_add                                                         1386     145.042     0.000      145.042 <none> (D)  
        u_exp               fp32_exp                                                         5524     460.509     0.000      460.509 <none> (D)  
        u_mul               fp32_mul                                                         4484     499.584     0.000      499.584 <none> (D)  
      G[14].u_pe            softmax_pe                                                      11837    1188.912     0.000     1188.912 <none> (D)  
        u_add               fp32_add                                                         1386     145.042     0.000      145.042 <none> (D)  
        u_exp               fp32_exp                                                         5524     460.509     0.000      460.509 <none> (D)  
        u_mul               fp32_mul                                                         4484     499.584     0.000      499.584 <none> (D)  
      G[15].u_pe            softmax_pe                                                      11837    1188.912     0.000     1188.912 <none> (D)  
        u_add               fp32_add                                                         1386     145.042     0.000      145.042 <none> (D)  
        u_exp               fp32_exp                                                         5524     460.509     0.000      460.509 <none> (D)  
        u_mul               fp32_mul                                                         4484     499.584     0.000      499.584 <none> (D)  
      G[1].u_pe             softmax_pe                                                      11837    1188.912     0.000     1188.912 <none> (D)  
        u_add               fp32_add                                                         1386     145.042     0.000      145.042 <none> (D)  
        u_exp               fp32_exp                                                         5524     460.509     0.000      460.509 <none> (D)  
        u_mul               fp32_mul                                                         4484     499.584     0.000      499.584 <none> (D)  
      G[2].u_pe             softmax_pe                                                      11837    1188.912     0.000     1188.912 <none> (D)  
        u_add               fp32_add                                                         1386     145.042     0.000      145.042 <none> (D)  
        u_exp               fp32_exp                                                         5524     460.509     0.000      460.509 <none> (D)  
        u_mul               fp32_mul                                                         4484     499.584     0.000      499.584 <none> (D)  
      G[3].u_pe             softmax_pe                                                      11837    1188.912     0.000     1188.912 <none> (D)  
        u_add               fp32_add                                                         1386     145.042     0.000      145.042 <none> (D)  
        u_exp               fp32_exp                                                         5524     460.509     0.000      460.509 <none> (D)  
        u_mul               fp32_mul                                                         4484     499.584     0.000      499.584 <none> (D)  
      G[4].u_pe             softmax_pe                                                      11837    1188.912     0.000     1188.912 <none> (D)  
        u_add               fp32_add                                                         1386     145.042     0.000      145.042 <none> (D)  
        u_exp               fp32_exp                                                         5524     460.509     0.000      460.509 <none> (D)  
        u_mul               fp32_mul                                                         4484     499.584     0.000      499.584 <none> (D)  
      G[5].u_pe             softmax_pe                                                      11837    1188.912     0.000     1188.912 <none> (D)  
        u_add               fp32_add                                                         1386     145.042     0.000      145.042 <none> (D)  
        u_exp               fp32_exp                                                         5524     460.509     0.000      460.509 <none> (D)  
        u_mul               fp32_mul                                                         4484     499.584     0.000      499.584 <none> (D)  
      G[6].u_pe             softmax_pe                                                      11837    1188.912     0.000     1188.912 <none> (D)  
        u_add               fp32_add                                                         1386     145.042     0.000      145.042 <none> (D)  
        u_exp               fp32_exp                                                         5524     460.509     0.000      460.509 <none> (D)  
        u_mul               fp32_mul                                                         4484     499.584     0.000      499.584 <none> (D)  
      G[7].u_pe             softmax_pe                                                      11837    1188.912     0.000     1188.912 <none> (D)  
        u_add               fp32_add                                                         1386     145.042     0.000      145.042 <none> (D)  
        u_exp               fp32_exp                                                         5524     460.509     0.000      460.509 <none> (D)  
        u_mul               fp32_mul                                                         4484     499.584     0.000      499.584 <none> (D)  
      G[8].u_pe             softmax_pe                                                      11837    1188.912     0.000     1188.912 <none> (D)  
        u_add               fp32_add                                                         1386     145.042     0.000      145.042 <none> (D)  
        u_exp               fp32_exp                                                         5524     460.509     0.000      460.509 <none> (D)  
        u_mul               fp32_mul                                                         4484     499.584     0.000      499.584 <none> (D)  
      G[9].u_pe             softmax_pe                                                      11837    1188.912     0.000     1188.912 <none> (D)  
        u_add               fp32_add                                                         1386     145.042     0.000      145.042 <none> (D)  
        u_exp               fp32_exp                                                         5524     460.509     0.000      460.509 <none> (D)  
        u_mul               fp32_mul                                                         4484     499.584     0.000      499.584 <none> (D)  
      aa                    fp32_add                                                         1386     145.042     0.000      145.042 <none> (D)  
      ar                    fp32_recip_13                                                   13504    1127.792     0.000     1127.792 <none> (D)  
        u_p00               fp32_recip_mul16_pipe_104                                        1430     115.780     0.000      115.780 <none> (D)  
        u_p01               fp32_recip_mul16_pipe_105                                         645      53.377     0.000       53.377 <none> (D)  
        u_p10               fp32_recip_mul16_pipe_106                                         468      41.218     0.000       41.218 <none> (D)  
        u_p11               fp32_recip_mul16_pipe_107                                         642      48.974     0.000       48.974 <none> (D)  
        u_r00               fp32_recip_mul16_pipe_108                                        1596     113.491     0.000      113.491 <none> (D)  
        u_r01               fp32_recip_mul16_pipe_109                                        1564     117.252     0.000      117.252 <none> (D)  
        u_r10               fp32_recip_mul16_pipe_110                                        1369     106.128     0.000      106.128 <none> (D)  
        u_r11               fp32_recip_mul16_pipe_111                                        1427     112.397     0.000      112.397 <none> (D)  
      at                    fp32_add                                                         1386     145.042     0.000      145.042 <none> (D)  
      genblk2[0].a1         fp32_add                                                         1386     145.042     0.000      145.042 <none> (D)  
      genblk2[1].a1         fp32_add                                                         1386     145.042     0.000      145.042 <none> (D)  
      genblk2[2].a1         fp32_add                                                         1386     145.042     0.000      145.042 <none> (D)  
      genblk2[3].a1         fp32_add                                                         1386     145.042     0.000      145.042 <none> (D)  
      genblk2[4].a1         fp32_add                                                         1386     145.042     0.000      145.042 <none> (D)  
      genblk2[5].a1         fp32_add                                                         1386     145.042     0.000      145.042 <none> (D)  
      genblk2[6].a1         fp32_add                                                         1386     145.042     0.000      145.042 <none> (D)  
      genblk2[7].a1         fp32_add                                                         1386     145.042     0.000      145.042 <none> (D)  
      genblk3[0].a2         fp32_add                                                         1386     145.042     0.000      145.042 <none> (D)  
      genblk3[1].a2         fp32_add                                                         1386     145.042     0.000      145.042 <none> (D)  
      genblk3[2].a2         fp32_add                                                         1386     145.042     0.000      145.042 <none> (D)  
      genblk3[3].a2         fp32_add                                                         1386     145.042     0.000      145.042 <none> (D)  
      genblk4[0].a3         fp32_add                                                         1386     145.042     0.000      145.042 <none> (D)  
      genblk4[1].a3         fp32_add                                                         1386     145.042     0.000      145.042 <none> (D)  
      u_sram                softmax_buffer_sram_NUM_CONTEXTS16_SEQ_LEN2048_LANES16_13        5277   74684.242     0.000    74684.242 <none> (D)  
    g_channel[14].u_channel softmax_unit_LANES16_MAX_TOKENS2048_CONTEXTS16_14              241041   98646.297     0.000    98646.297 <none> (D)  
      G[0].u_pe             softmax_pe                                                      11837    1188.912     0.000     1188.912 <none> (D)  
        u_add               fp32_add                                                         1386     145.042     0.000      145.042 <none> (D)  
        u_exp               fp32_exp                                                         5524     460.509     0.000      460.509 <none> (D)  
        u_mul               fp32_mul                                                         4484     499.584     0.000      499.584 <none> (D)  
      G[10].u_pe            softmax_pe                                                      11837    1188.912     0.000     1188.912 <none> (D)  
        u_add               fp32_add                                                         1386     145.042     0.000      145.042 <none> (D)  
        u_exp               fp32_exp                                                         5524     460.509     0.000      460.509 <none> (D)  
        u_mul               fp32_mul                                                         4484     499.584     0.000      499.584 <none> (D)  
      G[11].u_pe            softmax_pe                                                      11837    1188.912     0.000     1188.912 <none> (D)  
        u_add               fp32_add                                                         1386     145.042     0.000      145.042 <none> (D)  
        u_exp               fp32_exp                                                         5524     460.509     0.000      460.509 <none> (D)  
        u_mul               fp32_mul                                                         4484     499.584     0.000      499.584 <none> (D)  
      G[12].u_pe            softmax_pe                                                      11837    1188.912     0.000     1188.912 <none> (D)  
        u_add               fp32_add                                                         1386     145.042     0.000      145.042 <none> (D)  
        u_exp               fp32_exp                                                         5524     460.509     0.000      460.509 <none> (D)  
        u_mul               fp32_mul                                                         4484     499.584     0.000      499.584 <none> (D)  
      G[13].u_pe            softmax_pe                                                      11837    1188.912     0.000     1188.912 <none> (D)  
        u_add               fp32_add                                                         1386     145.042     0.000      145.042 <none> (D)  
        u_exp               fp32_exp                                                         5524     460.509     0.000      460.509 <none> (D)  
        u_mul               fp32_mul                                                         4484     499.584     0.000      499.584 <none> (D)  
      G[14].u_pe            softmax_pe                                                      11837    1188.912     0.000     1188.912 <none> (D)  
        u_add               fp32_add                                                         1386     145.042     0.000      145.042 <none> (D)  
        u_exp               fp32_exp                                                         5524     460.509     0.000      460.509 <none> (D)  
        u_mul               fp32_mul                                                         4484     499.584     0.000      499.584 <none> (D)  
      G[15].u_pe            softmax_pe                                                      11837    1188.912     0.000     1188.912 <none> (D)  
        u_add               fp32_add                                                         1386     145.042     0.000      145.042 <none> (D)  
        u_exp               fp32_exp                                                         5524     460.509     0.000      460.509 <none> (D)  
        u_mul               fp32_mul                                                         4484     499.584     0.000      499.584 <none> (D)  
      G[1].u_pe             softmax_pe                                                      11837    1188.912     0.000     1188.912 <none> (D)  
        u_add               fp32_add                                                         1386     145.042     0.000      145.042 <none> (D)  
        u_exp               fp32_exp                                                         5524     460.509     0.000      460.509 <none> (D)  
        u_mul               fp32_mul                                                         4484     499.584     0.000      499.584 <none> (D)  
      G[2].u_pe             softmax_pe                                                      11837    1188.912     0.000     1188.912 <none> (D)  
        u_add               fp32_add                                                         1386     145.042     0.000      145.042 <none> (D)  
        u_exp               fp32_exp                                                         5524     460.509     0.000      460.509 <none> (D)  
        u_mul               fp32_mul                                                         4484     499.584     0.000      499.584 <none> (D)  
      G[3].u_pe             softmax_pe                                                      11837    1188.912     0.000     1188.912 <none> (D)  
        u_add               fp32_add                                                         1386     145.042     0.000      145.042 <none> (D)  
        u_exp               fp32_exp                                                         5524     460.509     0.000      460.509 <none> (D)  
        u_mul               fp32_mul                                                         4484     499.584     0.000      499.584 <none> (D)  
      G[4].u_pe             softmax_pe                                                      11837    1188.912     0.000     1188.912 <none> (D)  
        u_add               fp32_add                                                         1386     145.042     0.000      145.042 <none> (D)  
        u_exp               fp32_exp                                                         5524     460.509     0.000      460.509 <none> (D)  
        u_mul               fp32_mul                                                         4484     499.584     0.000      499.584 <none> (D)  
      G[5].u_pe             softmax_pe                                                      11837    1188.912     0.000     1188.912 <none> (D)  
        u_add               fp32_add                                                         1386     145.042     0.000      145.042 <none> (D)  
        u_exp               fp32_exp                                                         5524     460.509     0.000      460.509 <none> (D)  
        u_mul               fp32_mul                                                         4484     499.584     0.000      499.584 <none> (D)  
      G[6].u_pe             softmax_pe                                                      11837    1188.912     0.000     1188.912 <none> (D)  
        u_add               fp32_add                                                         1386     145.042     0.000      145.042 <none> (D)  
        u_exp               fp32_exp                                                         5524     460.509     0.000      460.509 <none> (D)  
        u_mul               fp32_mul                                                         4484     499.584     0.000      499.584 <none> (D)  
      G[7].u_pe             softmax_pe                                                      11837    1188.912     0.000     1188.912 <none> (D)  
        u_add               fp32_add                                                         1386     145.042     0.000      145.042 <none> (D)  
        u_exp               fp32_exp                                                         5524     460.509     0.000      460.509 <none> (D)  
        u_mul               fp32_mul                                                         4484     499.584     0.000      499.584 <none> (D)  
      G[8].u_pe             softmax_pe                                                      11837    1188.912     0.000     1188.912 <none> (D)  
        u_add               fp32_add                                                         1386     145.042     0.000      145.042 <none> (D)  
        u_exp               fp32_exp                                                         5524     460.509     0.000      460.509 <none> (D)  
        u_mul               fp32_mul                                                         4484     499.584     0.000      499.584 <none> (D)  
      G[9].u_pe             softmax_pe                                                      11837    1188.912     0.000     1188.912 <none> (D)  
        u_add               fp32_add                                                         1386     145.042     0.000      145.042 <none> (D)  
        u_exp               fp32_exp                                                         5524     460.509     0.000      460.509 <none> (D)  
        u_mul               fp32_mul                                                         4484     499.584     0.000      499.584 <none> (D)  
      aa                    fp32_add                                                         1386     145.042     0.000      145.042 <none> (D)  
      ar                    fp32_recip_14                                                   13440    1121.654     0.000     1121.654 <none> (D)  
        u_p00               fp32_recip_mul16_pipe_112                                        1417     115.474     0.000      115.474 <none> (D)  
        u_p01               fp32_recip_mul16_pipe_113                                         616      52.313     0.000       52.313 <none> (D)  
        u_p10               fp32_recip_mul16_pipe_114                                         456      39.978     0.000       39.978 <none> (D)  
        u_p11               fp32_recip_mul16_pipe_115                                         644      49.237     0.000       49.237 <none> (D)  
        u_r00               fp32_recip_mul16_pipe_116                                        1618     114.322     0.000      114.322 <none> (D)  
        u_r01               fp32_recip_mul16_pipe_117                                        1554     115.867     0.000      115.867 <none> (D)  
        u_r10               fp32_recip_mul16_pipe_118                                        1380     104.116     0.000      104.116 <none> (D)  
        u_r11               fp32_recip_mul16_pipe_119                                        1439     113.170     0.000      113.170 <none> (D)  
      at                    fp32_add                                                         1386     145.042     0.000      145.042 <none> (D)  
      genblk2[0].a1         fp32_add                                                         1386     145.042     0.000      145.042 <none> (D)  
      genblk2[1].a1         fp32_add                                                         1386     145.042     0.000      145.042 <none> (D)  
      genblk2[2].a1         fp32_add                                                         1386     145.042     0.000      145.042 <none> (D)  
      genblk2[3].a1         fp32_add                                                         1386     145.042     0.000      145.042 <none> (D)  
      genblk2[4].a1         fp32_add                                                         1386     145.042     0.000      145.042 <none> (D)  
      genblk2[5].a1         fp32_add                                                         1386     145.042     0.000      145.042 <none> (D)  
      genblk2[6].a1         fp32_add                                                         1386     145.042     0.000      145.042 <none> (D)  
      genblk2[7].a1         fp32_add                                                         1386     145.042     0.000      145.042 <none> (D)  
      genblk3[0].a2         fp32_add                                                         1386     145.042     0.000      145.042 <none> (D)  
      genblk3[1].a2         fp32_add                                                         1386     145.042     0.000      145.042 <none> (D)  
      genblk3[2].a2         fp32_add                                                         1386     145.042     0.000      145.042 <none> (D)  
      genblk3[3].a2         fp32_add                                                         1386     145.042     0.000      145.042 <none> (D)  
      genblk4[0].a3         fp32_add                                                         1386     145.042     0.000      145.042 <none> (D)  
      genblk4[1].a3         fp32_add                                                         1386     145.042     0.000      145.042 <none> (D)  
      u_sram                softmax_buffer_sram_NUM_CONTEXTS16_SEQ_LEN2048_LANES16_14        5277   74684.111     0.000    74684.111 <none> (D)  
    g_channel[15].u_channel softmax_unit_LANES16_MAX_TOKENS2048_CONTEXTS16_15              241036   98650.700     0.000    98650.700 <none> (D)  
      G[0].u_pe             softmax_pe                                                      11837    1188.912     0.000     1188.912 <none> (D)  
        u_add               fp32_add                                                         1386     145.042     0.000      145.042 <none> (D)  
        u_exp               fp32_exp                                                         5524     460.509     0.000      460.509 <none> (D)  
        u_mul               fp32_mul                                                         4484     499.584     0.000      499.584 <none> (D)  
      G[10].u_pe            softmax_pe                                                      11837    1188.912     0.000     1188.912 <none> (D)  
        u_add               fp32_add                                                         1386     145.042     0.000      145.042 <none> (D)  
        u_exp               fp32_exp                                                         5524     460.509     0.000      460.509 <none> (D)  
        u_mul               fp32_mul                                                         4484     499.584     0.000      499.584 <none> (D)  
      G[11].u_pe            softmax_pe                                                      11837    1188.912     0.000     1188.912 <none> (D)  
        u_add               fp32_add                                                         1386     145.042     0.000      145.042 <none> (D)  
        u_exp               fp32_exp                                                         5524     460.509     0.000      460.509 <none> (D)  
        u_mul               fp32_mul                                                         4484     499.584     0.000      499.584 <none> (D)  
      G[12].u_pe            softmax_pe                                                      11837    1188.912     0.000     1188.912 <none> (D)  
        u_add               fp32_add                                                         1386     145.042     0.000      145.042 <none> (D)  
        u_exp               fp32_exp                                                         5524     460.509     0.000      460.509 <none> (D)  
        u_mul               fp32_mul                                                         4484     499.584     0.000      499.584 <none> (D)  
      G[13].u_pe            softmax_pe                                                      11837    1188.912     0.000     1188.912 <none> (D)  
        u_add               fp32_add                                                         1386     145.042     0.000      145.042 <none> (D)  
        u_exp               fp32_exp                                                         5524     460.509     0.000      460.509 <none> (D)  
        u_mul               fp32_mul                                                         4484     499.584     0.000      499.584 <none> (D)  
      G[14].u_pe            softmax_pe                                                      11837    1188.912     0.000     1188.912 <none> (D)  
        u_add               fp32_add                                                         1386     145.042     0.000      145.042 <none> (D)  
        u_exp               fp32_exp                                                         5524     460.509     0.000      460.509 <none> (D)  
        u_mul               fp32_mul                                                         4484     499.584     0.000      499.584 <none> (D)  
      G[15].u_pe            softmax_pe                                                      11837    1188.912     0.000     1188.912 <none> (D)  
        u_add               fp32_add                                                         1386     145.042     0.000      145.042 <none> (D)  
        u_exp               fp32_exp                                                         5524     460.509     0.000      460.509 <none> (D)  
        u_mul               fp32_mul                                                         4484     499.584     0.000      499.584 <none> (D)  
      G[1].u_pe             softmax_pe                                                      11837    1188.912     0.000     1188.912 <none> (D)  
        u_add               fp32_add                                                         1386     145.042     0.000      145.042 <none> (D)  
        u_exp               fp32_exp                                                         5524     460.509     0.000      460.509 <none> (D)  
        u_mul               fp32_mul                                                         4484     499.584     0.000      499.584 <none> (D)  
      G[2].u_pe             softmax_pe                                                      11837    1188.912     0.000     1188.912 <none> (D)  
        u_add               fp32_add                                                         1386     145.042     0.000      145.042 <none> (D)  
        u_exp               fp32_exp                                                         5524     460.509     0.000      460.509 <none> (D)  
        u_mul               fp32_mul                                                         4484     499.584     0.000      499.584 <none> (D)  
      G[3].u_pe             softmax_pe                                                      11837    1188.912     0.000     1188.912 <none> (D)  
        u_add               fp32_add                                                         1386     145.042     0.000      145.042 <none> (D)  
        u_exp               fp32_exp                                                         5524     460.509     0.000      460.509 <none> (D)  
        u_mul               fp32_mul                                                         4484     499.584     0.000      499.584 <none> (D)  
      G[4].u_pe             softmax_pe                                                      11837    1188.912     0.000     1188.912 <none> (D)  
        u_add               fp32_add                                                         1386     145.042     0.000      145.042 <none> (D)  
        u_exp               fp32_exp                                                         5524     460.509     0.000      460.509 <none> (D)  
        u_mul               fp32_mul                                                         4484     499.584     0.000      499.584 <none> (D)  
      G[5].u_pe             softmax_pe                                                      11837    1188.912     0.000     1188.912 <none> (D)  
        u_add               fp32_add                                                         1386     145.042     0.000      145.042 <none> (D)  
        u_exp               fp32_exp                                                         5524     460.509     0.000      460.509 <none> (D)  
        u_mul               fp32_mul                                                         4484     499.584     0.000      499.584 <none> (D)  
      G[6].u_pe             softmax_pe                                                      11837    1188.912     0.000     1188.912 <none> (D)  
        u_add               fp32_add                                                         1386     145.042     0.000      145.042 <none> (D)  
        u_exp               fp32_exp                                                         5524     460.509     0.000      460.509 <none> (D)  
        u_mul               fp32_mul                                                         4484     499.584     0.000      499.584 <none> (D)  
      G[7].u_pe             softmax_pe                                                      11837    1188.912     0.000     1188.912 <none> (D)  
        u_add               fp32_add                                                         1386     145.042     0.000      145.042 <none> (D)  
        u_exp               fp32_exp                                                         5524     460.509     0.000      460.509 <none> (D)  
        u_mul               fp32_mul                                                         4484     499.584     0.000      499.584 <none> (D)  
      G[8].u_pe             softmax_pe                                                      11837    1188.912     0.000     1188.912 <none> (D)  
        u_add               fp32_add                                                         1386     145.042     0.000      145.042 <none> (D)  
        u_exp               fp32_exp                                                         5524     460.509     0.000      460.509 <none> (D)  
        u_mul               fp32_mul                                                         4484     499.584     0.000      499.584 <none> (D)  
      G[9].u_pe             softmax_pe                                                      11837    1188.912     0.000     1188.912 <none> (D)  
        u_add               fp32_add                                                         1386     145.042     0.000      145.042 <none> (D)  
        u_exp               fp32_exp                                                         5524     460.509     0.000      460.509 <none> (D)  
        u_mul               fp32_mul                                                         4484     499.584     0.000      499.584 <none> (D)  
      aa                    fp32_add                                                         1386     145.042     0.000      145.042 <none> (D)  
      ar                    fp32_recip_15                                                   13488    1124.774     0.000     1124.774 <none> (D)  
        u_p00               fp32_recip_mul16_pipe_120                                        1443     117.311     0.000      117.311 <none> (D)  
        u_p01               fp32_recip_mul16_pipe_121                                         641      52.867     0.000       52.867 <none> (D)  
        u_p10               fp32_recip_mul16_pipe_122                                         463      39.074     0.000       39.074 <none> (D)  
        u_p11               fp32_recip_mul16_pipe_123                                         645      49.412     0.000       49.412 <none> (D)  
        u_r00               fp32_recip_mul16_pipe_124                                        1607     114.278     0.000      114.278 <none> (D)  
        u_r01               fp32_recip_mul16_pipe_125                                        1559     116.844     0.000      116.844 <none> (D)  
        u_r10               fp32_recip_mul16_pipe_126                                        1371     105.895     0.000      105.895 <none> (D)  
        u_r11               fp32_recip_mul16_pipe_6                                          1430     113.082     0.000      113.082 <none> (D)  
      at                    fp32_add                                                         1386     145.042     0.000      145.042 <none> (D)  
      genblk2[0].a1         fp32_add                                                         1386     145.042     0.000      145.042 <none> (D)  
      genblk2[1].a1         fp32_add                                                         1386     145.042     0.000      145.042 <none> (D)  
      genblk2[2].a1         fp32_add                                                         1386     145.042     0.000      145.042 <none> (D)  
      genblk2[3].a1         fp32_add                                                         1386     145.042     0.000      145.042 <none> (D)  
      genblk2[4].a1         fp32_add                                                         1386     145.042     0.000      145.042 <none> (D)  
      genblk2[5].a1         fp32_add                                                         1386     145.042     0.000      145.042 <none> (D)  
      genblk2[6].a1         fp32_add                                                         1386     145.042     0.000      145.042 <none> (D)  
      genblk2[7].a1         fp32_add                                                         1386     145.042     0.000      145.042 <none> (D)  
      genblk3[0].a2         fp32_add                                                         1386     145.042     0.000      145.042 <none> (D)  
      genblk3[1].a2         fp32_add                                                         1386     145.042     0.000      145.042 <none> (D)  
      genblk3[2].a2         fp32_add                                                         1386     145.042     0.000      145.042 <none> (D)  
      genblk3[3].a2         fp32_add                                                         1386     145.042     0.000      145.042 <none> (D)  
      genblk4[0].a3         fp32_add                                                         1386     145.042     0.000      145.042 <none> (D)  
      genblk4[1].a3         fp32_add                                                         1386     145.042     0.000      145.042 <none> (D)  
      u_sram                softmax_buffer_sram_NUM_CONTEXTS16_SEQ_LEN2048_LANES16_15        5277   74683.921     0.000    74683.921 <none> (D)  
    g_channel[1].u_channel  softmax_unit_LANES16_MAX_TOKENS2048_CONTEXTS16_1               241120   98656.693     0.000    98656.693 <none> (D)  
      G[0].u_pe             softmax_pe                                                      11837    1188.912     0.000     1188.912 <none> (D)  
        u_add               fp32_add                                                         1386     145.042     0.000      145.042 <none> (D)  
        u_exp               fp32_exp                                                         5524     460.509     0.000      460.509 <none> (D)  
        u_mul               fp32_mul                                                         4484     499.584     0.000      499.584 <none> (D)  
      G[10].u_pe            softmax_pe                                                      11837    1188.912     0.000     1188.912 <none> (D)  
        u_add               fp32_add                                                         1386     145.042     0.000      145.042 <none> (D)  
        u_exp               fp32_exp                                                         5524     460.509     0.000      460.509 <none> (D)  
        u_mul               fp32_mul                                                         4484     499.584     0.000      499.584 <none> (D)  
      G[11].u_pe            softmax_pe                                                      11837    1188.912     0.000     1188.912 <none> (D)  
        u_add               fp32_add                                                         1386     145.042     0.000      145.042 <none> (D)  
        u_exp               fp32_exp                                                         5524     460.509     0.000      460.509 <none> (D)  
        u_mul               fp32_mul                                                         4484     499.584     0.000      499.584 <none> (D)  
      G[12].u_pe            softmax_pe                                                      11837    1188.912     0.000     1188.912 <none> (D)  
        u_add               fp32_add                                                         1386     145.042     0.000      145.042 <none> (D)  
        u_exp               fp32_exp                                                         5524     460.509     0.000      460.509 <none> (D)  
        u_mul               fp32_mul                                                         4484     499.584     0.000      499.584 <none> (D)  
      G[13].u_pe            softmax_pe                                                      11837    1188.912     0.000     1188.912 <none> (D)  
        u_add               fp32_add                                                         1386     145.042     0.000      145.042 <none> (D)  
        u_exp               fp32_exp                                                         5524     460.509     0.000      460.509 <none> (D)  
        u_mul               fp32_mul                                                         4484     499.584     0.000      499.584 <none> (D)  
      G[14].u_pe            softmax_pe                                                      11837    1188.912     0.000     1188.912 <none> (D)  
        u_add               fp32_add                                                         1386     145.042     0.000      145.042 <none> (D)  
        u_exp               fp32_exp                                                         5524     460.509     0.000      460.509 <none> (D)  
        u_mul               fp32_mul                                                         4484     499.584     0.000      499.584 <none> (D)  
      G[15].u_pe            softmax_pe                                                      11837    1188.912     0.000     1188.912 <none> (D)  
        u_add               fp32_add                                                         1386     145.042     0.000      145.042 <none> (D)  
        u_exp               fp32_exp                                                         5524     460.509     0.000      460.509 <none> (D)  
        u_mul               fp32_mul                                                         4484     499.584     0.000      499.584 <none> (D)  
      G[1].u_pe             softmax_pe                                                      11837    1188.912     0.000     1188.912 <none> (D)  
        u_add               fp32_add                                                         1386     145.042     0.000      145.042 <none> (D)  
        u_exp               fp32_exp                                                         5524     460.509     0.000      460.509 <none> (D)  
        u_mul               fp32_mul                                                         4484     499.584     0.000      499.584 <none> (D)  
      G[2].u_pe             softmax_pe                                                      11837    1188.912     0.000     1188.912 <none> (D)  
        u_add               fp32_add                                                         1386     145.042     0.000      145.042 <none> (D)  
        u_exp               fp32_exp                                                         5524     460.509     0.000      460.509 <none> (D)  
        u_mul               fp32_mul                                                         4484     499.584     0.000      499.584 <none> (D)  
      G[3].u_pe             softmax_pe                                                      11837    1188.912     0.000     1188.912 <none> (D)  
        u_add               fp32_add                                                         1386     145.042     0.000      145.042 <none> (D)  
        u_exp               fp32_exp                                                         5524     460.509     0.000      460.509 <none> (D)  
        u_mul               fp32_mul                                                         4484     499.584     0.000      499.584 <none> (D)  
      G[4].u_pe             softmax_pe                                                      11837    1188.912     0.000     1188.912 <none> (D)  
        u_add               fp32_add                                                         1386     145.042     0.000      145.042 <none> (D)  
        u_exp               fp32_exp                                                         5524     460.509     0.000      460.509 <none> (D)  
        u_mul               fp32_mul                                                         4484     499.584     0.000      499.584 <none> (D)  
      G[5].u_pe             softmax_pe                                                      11837    1188.912     0.000     1188.912 <none> (D)  
        u_add               fp32_add                                                         1386     145.042     0.000      145.042 <none> (D)  
        u_exp               fp32_exp                                                         5524     460.509     0.000      460.509 <none> (D)  
        u_mul               fp32_mul                                                         4484     499.584     0.000      499.584 <none> (D)  
      G[6].u_pe             softmax_pe                                                      11837    1188.912     0.000     1188.912 <none> (D)  
        u_add               fp32_add                                                         1386     145.042     0.000      145.042 <none> (D)  
        u_exp               fp32_exp                                                         5524     460.509     0.000      460.509 <none> (D)  
        u_mul               fp32_mul                                                         4484     499.584     0.000      499.584 <none> (D)  
      G[7].u_pe             softmax_pe                                                      11837    1188.912     0.000     1188.912 <none> (D)  
        u_add               fp32_add                                                         1386     145.042     0.000      145.042 <none> (D)  
        u_exp               fp32_exp                                                         5524     460.509     0.000      460.509 <none> (D)  
        u_mul               fp32_mul                                                         4484     499.584     0.000      499.584 <none> (D)  
      G[8].u_pe             softmax_pe                                                      11837    1188.912     0.000     1188.912 <none> (D)  
        u_add               fp32_add                                                         1386     145.042     0.000      145.042 <none> (D)  
        u_exp               fp32_exp                                                         5524     460.509     0.000      460.509 <none> (D)  
        u_mul               fp32_mul                                                         4484     499.584     0.000      499.584 <none> (D)  
      G[9].u_pe             softmax_pe                                                      11837    1188.912     0.000     1188.912 <none> (D)  
        u_add               fp32_add                                                         1386     145.042     0.000      145.042 <none> (D)  
        u_exp               fp32_exp                                                         5524     460.509     0.000      460.509 <none> (D)  
        u_mul               fp32_mul                                                         4484     499.584     0.000      499.584 <none> (D)  
      aa                    fp32_add                                                         1386     145.042     0.000      145.042 <none> (D)  
      ar                    fp32_recip_1                                                    13516    1126.436     0.000     1126.436 <none> (D)  
        u_p00               fp32_recip_mul16_pipe_8                                          1456     117.092     0.000      117.092 <none> (D)  
        u_p01               fp32_recip_mul16_pipe_1                                           658      52.736     0.000       52.736 <none> (D)  
        u_p10               fp32_recip_mul16_pipe_10                                          491      40.795     0.000       40.795 <none> (D)  
        u_p11               fp32_recip_mul16_pipe_11                                          645      48.960     0.000       48.960 <none> (D)  
        u_r00               fp32_recip_mul16_pipe_12                                         1598     113.899     0.000      113.899 <none> (D)  
        u_r01               fp32_recip_mul16_pipe_13                                         1569     117.267     0.000      117.267 <none> (D)  
        u_r10               fp32_recip_mul16_pipe_14                                         1361     104.582     0.000      104.582 <none> (D)  
        u_r11               fp32_recip_mul16_pipe_15                                         1426     112.805     0.000      112.805 <none> (D)  
      at                    fp32_add                                                         1386     145.042     0.000      145.042 <none> (D)  
      genblk2[0].a1         fp32_add                                                         1386     145.042     0.000      145.042 <none> (D)  
      genblk2[1].a1         fp32_add                                                         1386     145.042     0.000      145.042 <none> (D)  
      genblk2[2].a1         fp32_add                                                         1386     145.042     0.000      145.042 <none> (D)  
      genblk2[3].a1         fp32_add                                                         1386     145.042     0.000      145.042 <none> (D)  
      genblk2[4].a1         fp32_add                                                         1386     145.042     0.000      145.042 <none> (D)  
      genblk2[5].a1         fp32_add                                                         1386     145.042     0.000      145.042 <none> (D)  
      genblk2[6].a1         fp32_add                                                         1386     145.042     0.000      145.042 <none> (D)  
      genblk2[7].a1         fp32_add                                                         1386     145.042     0.000      145.042 <none> (D)  
      genblk3[0].a2         fp32_add                                                         1386     145.042     0.000      145.042 <none> (D)  
      genblk3[1].a2         fp32_add                                                         1386     145.042     0.000      145.042 <none> (D)  
      genblk3[2].a2         fp32_add                                                         1386     145.042     0.000      145.042 <none> (D)  
      genblk3[3].a2         fp32_add                                                         1386     145.042     0.000      145.042 <none> (D)  
      genblk4[0].a3         fp32_add                                                         1386     145.042     0.000      145.042 <none> (D)  
      genblk4[1].a3         fp32_add                                                         1386     145.042     0.000      145.042 <none> (D)  
      u_sram                softmax_buffer_sram_NUM_CONTEXTS16_SEQ_LEN2048_LANES16_1         5277   74683.965     0.000    74683.965 <none> (D)  
    g_channel[2].u_channel  softmax_unit_LANES16_MAX_TOKENS2048_CONTEXTS16_2               241108   98655.380     0.000    98655.380 <none> (D)  
      G[0].u_pe             softmax_pe                                                      11837    1188.912     0.000     1188.912 <none> (D)  
        u_add               fp32_add                                                         1386     145.042     0.000      145.042 <none> (D)  
        u_exp               fp32_exp                                                         5524     460.509     0.000      460.509 <none> (D)  
        u_mul               fp32_mul                                                         4484     499.584     0.000      499.584 <none> (D)  
      G[10].u_pe            softmax_pe                                                      11837    1188.912     0.000     1188.912 <none> (D)  
        u_add               fp32_add                                                         1386     145.042     0.000      145.042 <none> (D)  
        u_exp               fp32_exp                                                         5524     460.509     0.000      460.509 <none> (D)  
        u_mul               fp32_mul                                                         4484     499.584     0.000      499.584 <none> (D)  
      G[11].u_pe            softmax_pe                                                      11837    1188.912     0.000     1188.912 <none> (D)  
        u_add               fp32_add                                                         1386     145.042     0.000      145.042 <none> (D)  
        u_exp               fp32_exp                                                         5524     460.509     0.000      460.509 <none> (D)  
        u_mul               fp32_mul                                                         4484     499.584     0.000      499.584 <none> (D)  
      G[12].u_pe            softmax_pe                                                      11837    1188.912     0.000     1188.912 <none> (D)  
        u_add               fp32_add                                                         1386     145.042     0.000      145.042 <none> (D)  
        u_exp               fp32_exp                                                         5524     460.509     0.000      460.509 <none> (D)  
        u_mul               fp32_mul                                                         4484     499.584     0.000      499.584 <none> (D)  
      G[13].u_pe            softmax_pe                                                      11837    1188.912     0.000     1188.912 <none> (D)  
        u_add               fp32_add                                                         1386     145.042     0.000      145.042 <none> (D)  
        u_exp               fp32_exp                                                         5524     460.509     0.000      460.509 <none> (D)  
        u_mul               fp32_mul                                                         4484     499.584     0.000      499.584 <none> (D)  
      G[14].u_pe            softmax_pe                                                      11837    1188.912     0.000     1188.912 <none> (D)  
        u_add               fp32_add                                                         1386     145.042     0.000      145.042 <none> (D)  
        u_exp               fp32_exp                                                         5524     460.509     0.000      460.509 <none> (D)  
        u_mul               fp32_mul                                                         4484     499.584     0.000      499.584 <none> (D)  
      G[15].u_pe            softmax_pe                                                      11837    1188.912     0.000     1188.912 <none> (D)  
        u_add               fp32_add                                                         1386     145.042     0.000      145.042 <none> (D)  
        u_exp               fp32_exp                                                         5524     460.509     0.000      460.509 <none> (D)  
        u_mul               fp32_mul                                                         4484     499.584     0.000      499.584 <none> (D)  
      G[1].u_pe             softmax_pe                                                      11837    1188.912     0.000     1188.912 <none> (D)  
        u_add               fp32_add                                                         1386     145.042     0.000      145.042 <none> (D)  
        u_exp               fp32_exp                                                         5524     460.509     0.000      460.509 <none> (D)  
        u_mul               fp32_mul                                                         4484     499.584     0.000      499.584 <none> (D)  
      G[2].u_pe             softmax_pe                                                      11837    1188.912     0.000     1188.912 <none> (D)  
        u_add               fp32_add                                                         1386     145.042     0.000      145.042 <none> (D)  
        u_exp               fp32_exp                                                         5524     460.509     0.000      460.509 <none> (D)  
        u_mul               fp32_mul                                                         4484     499.584     0.000      499.584 <none> (D)  
      G[3].u_pe             softmax_pe                                                      11837    1188.912     0.000     1188.912 <none> (D)  
        u_add               fp32_add                                                         1386     145.042     0.000      145.042 <none> (D)  
        u_exp               fp32_exp                                                         5524     460.509     0.000      460.509 <none> (D)  
        u_mul               fp32_mul                                                         4484     499.584     0.000      499.584 <none> (D)  
      G[4].u_pe             softmax_pe                                                      11837    1188.912     0.000     1188.912 <none> (D)  
        u_add               fp32_add                                                         1386     145.042     0.000      145.042 <none> (D)  
        u_exp               fp32_exp                                                         5524     460.509     0.000      460.509 <none> (D)  
        u_mul               fp32_mul                                                         4484     499.584     0.000      499.584 <none> (D)  
      G[5].u_pe             softmax_pe                                                      11837    1188.912     0.000     1188.912 <none> (D)  
        u_add               fp32_add                                                         1386     145.042     0.000      145.042 <none> (D)  
        u_exp               fp32_exp                                                         5524     460.509     0.000      460.509 <none> (D)  
        u_mul               fp32_mul                                                         4484     499.584     0.000      499.584 <none> (D)  
      G[6].u_pe             softmax_pe                                                      11837    1188.912     0.000     1188.912 <none> (D)  
        u_add               fp32_add                                                         1386     145.042     0.000      145.042 <none> (D)  
        u_exp               fp32_exp                                                         5524     460.509     0.000      460.509 <none> (D)  
        u_mul               fp32_mul                                                         4484     499.584     0.000      499.584 <none> (D)  
      G[7].u_pe             softmax_pe                                                      11837    1188.912     0.000     1188.912 <none> (D)  
        u_add               fp32_add                                                         1386     145.042     0.000      145.042 <none> (D)  
        u_exp               fp32_exp                                                         5524     460.509     0.000      460.509 <none> (D)  
        u_mul               fp32_mul                                                         4484     499.584     0.000      499.584 <none> (D)  
      G[8].u_pe             softmax_pe                                                      11837    1188.912     0.000     1188.912 <none> (D)  
        u_add               fp32_add                                                         1386     145.042     0.000      145.042 <none> (D)  
        u_exp               fp32_exp                                                         5524     460.509     0.000      460.509 <none> (D)  
        u_mul               fp32_mul                                                         4484     499.584     0.000      499.584 <none> (D)  
      G[9].u_pe             softmax_pe                                                      11837    1188.912     0.000     1188.912 <none> (D)  
        u_add               fp32_add                                                         1386     145.042     0.000      145.042 <none> (D)  
        u_exp               fp32_exp                                                         5524     460.509     0.000      460.509 <none> (D)  
        u_mul               fp32_mul                                                         4484     499.584     0.000      499.584 <none> (D)  
      aa                    fp32_add                                                         1386     145.042     0.000      145.042 <none> (D)  
      ar                    fp32_recip_2                                                    13544    1127.515     0.000     1127.515 <none> (D)  
        u_p00               fp32_recip_mul16_pipe_16                                         1421     116.203     0.000      116.203 <none> (D)  
        u_p01               fp32_recip_mul16_pipe_17                                          663      52.619     0.000       52.619 <none> (D)  
        u_p10               fp32_recip_mul16_pipe_18                                          490      40.503     0.000       40.503 <none> (D)  
        u_p11               fp32_recip_mul16_pipe_19                                          645      49.587     0.000       49.587 <none> (D)  
        u_r00               fp32_recip_mul16_pipe_20                                         1591     114.147     0.000      114.147 <none> (D)  
        u_r01               fp32_recip_mul16_pipe_21                                         1588     118.492     0.000      118.492 <none> (D)  
        u_r10               fp32_recip_mul16_pipe_22                                         1371     106.434     0.000      106.434 <none> (D)  
        u_r11               fp32_recip_mul16_pipe_23                                         1473     113.943     0.000      113.943 <none> (D)  
      at                    fp32_add                                                         1386     145.042     0.000      145.042 <none> (D)  
      genblk2[0].a1         fp32_add                                                         1386     145.042     0.000      145.042 <none> (D)  
      genblk2[1].a1         fp32_add                                                         1386     145.042     0.000      145.042 <none> (D)  
      genblk2[2].a1         fp32_add                                                         1386     145.042     0.000      145.042 <none> (D)  
      genblk2[3].a1         fp32_add                                                         1386     145.042     0.000      145.042 <none> (D)  
      genblk2[4].a1         fp32_add                                                         1386     145.042     0.000      145.042 <none> (D)  
      genblk2[5].a1         fp32_add                                                         1386     145.042     0.000      145.042 <none> (D)  
      genblk2[6].a1         fp32_add                                                         1386     145.042     0.000      145.042 <none> (D)  
      genblk2[7].a1         fp32_add                                                         1386     145.042     0.000      145.042 <none> (D)  
      genblk3[0].a2         fp32_add                                                         1386     145.042     0.000      145.042 <none> (D)  
      genblk3[1].a2         fp32_add                                                         1386     145.042     0.000      145.042 <none> (D)  
      genblk3[2].a2         fp32_add                                                         1386     145.042     0.000      145.042 <none> (D)  
      genblk3[3].a2         fp32_add                                                         1386     145.042     0.000      145.042 <none> (D)  
      genblk4[0].a3         fp32_add                                                         1386     145.042     0.000      145.042 <none> (D)  
      genblk4[1].a3         fp32_add                                                         1386     145.042     0.000      145.042 <none> (D)  
      u_sram                softmax_buffer_sram_NUM_CONTEXTS16_SEQ_LEN2048_LANES16_2         5277   74684.096     0.000    74684.096 <none> (D)  
    g_channel[3].u_channel  softmax_unit_LANES16_MAX_TOKENS2048_CONTEXTS16_3               240951   98634.560     0.000    98634.560 <none> (D)  
      G[0].u_pe             softmax_pe                                                      11837    1188.912     0.000     1188.912 <none> (D)  
        u_add               fp32_add                                                         1386     145.042     0.000      145.042 <none> (D)  
        u_exp               fp32_exp                                                         5524     460.509     0.000      460.509 <none> (D)  
        u_mul               fp32_mul                                                         4484     499.584     0.000      499.584 <none> (D)  
      G[10].u_pe            softmax_pe                                                      11837    1188.912     0.000     1188.912 <none> (D)  
        u_add               fp32_add                                                         1386     145.042     0.000      145.042 <none> (D)  
        u_exp               fp32_exp                                                         5524     460.509     0.000      460.509 <none> (D)  
        u_mul               fp32_mul                                                         4484     499.584     0.000      499.584 <none> (D)  
      G[11].u_pe            softmax_pe                                                      11837    1188.912     0.000     1188.912 <none> (D)  
        u_add               fp32_add                                                         1386     145.042     0.000      145.042 <none> (D)  
        u_exp               fp32_exp                                                         5524     460.509     0.000      460.509 <none> (D)  
        u_mul               fp32_mul                                                         4484     499.584     0.000      499.584 <none> (D)  
      G[12].u_pe            softmax_pe                                                      11837    1188.912     0.000     1188.912 <none> (D)  
        u_add               fp32_add                                                         1386     145.042     0.000      145.042 <none> (D)  
        u_exp               fp32_exp                                                         5524     460.509     0.000      460.509 <none> (D)  
        u_mul               fp32_mul                                                         4484     499.584     0.000      499.584 <none> (D)  
      G[13].u_pe            softmax_pe                                                      11837    1188.912     0.000     1188.912 <none> (D)  
        u_add               fp32_add                                                         1386     145.042     0.000      145.042 <none> (D)  
        u_exp               fp32_exp                                                         5524     460.509     0.000      460.509 <none> (D)  
        u_mul               fp32_mul                                                         4484     499.584     0.000      499.584 <none> (D)  
      G[14].u_pe            softmax_pe                                                      11837    1188.912     0.000     1188.912 <none> (D)  
        u_add               fp32_add                                                         1386     145.042     0.000      145.042 <none> (D)  
        u_exp               fp32_exp                                                         5524     460.509     0.000      460.509 <none> (D)  
        u_mul               fp32_mul                                                         4484     499.584     0.000      499.584 <none> (D)  
      G[15].u_pe            softmax_pe                                                      11837    1188.912     0.000     1188.912 <none> (D)  
        u_add               fp32_add                                                         1386     145.042     0.000      145.042 <none> (D)  
        u_exp               fp32_exp                                                         5524     460.509     0.000      460.509 <none> (D)  
        u_mul               fp32_mul                                                         4484     499.584     0.000      499.584 <none> (D)  
      G[1].u_pe             softmax_pe                                                      11837    1188.912     0.000     1188.912 <none> (D)  
        u_add               fp32_add                                                         1386     145.042     0.000      145.042 <none> (D)  
        u_exp               fp32_exp                                                         5524     460.509     0.000      460.509 <none> (D)  
        u_mul               fp32_mul                                                         4484     499.584     0.000      499.584 <none> (D)  
      G[2].u_pe             softmax_pe                                                      11837    1188.912     0.000     1188.912 <none> (D)  
        u_add               fp32_add                                                         1386     145.042     0.000      145.042 <none> (D)  
        u_exp               fp32_exp                                                         5524     460.509     0.000      460.509 <none> (D)  
        u_mul               fp32_mul                                                         4484     499.584     0.000      499.584 <none> (D)  
      G[3].u_pe             softmax_pe                                                      11837    1188.912     0.000     1188.912 <none> (D)  
        u_add               fp32_add                                                         1386     145.042     0.000      145.042 <none> (D)  
        u_exp               fp32_exp                                                         5524     460.509     0.000      460.509 <none> (D)  
        u_mul               fp32_mul                                                         4484     499.584     0.000      499.584 <none> (D)  
      G[4].u_pe             softmax_pe                                                      11837    1188.912     0.000     1188.912 <none> (D)  
        u_add               fp32_add                                                         1386     145.042     0.000      145.042 <none> (D)  
        u_exp               fp32_exp                                                         5524     460.509     0.000      460.509 <none> (D)  
        u_mul               fp32_mul                                                         4484     499.584     0.000      499.584 <none> (D)  
      G[5].u_pe             softmax_pe                                                      11837    1188.912     0.000     1188.912 <none> (D)  
        u_add               fp32_add                                                         1386     145.042     0.000      145.042 <none> (D)  
        u_exp               fp32_exp                                                         5524     460.509     0.000      460.509 <none> (D)  
        u_mul               fp32_mul                                                         4484     499.584     0.000      499.584 <none> (D)  
      G[6].u_pe             softmax_pe                                                      11837    1188.912     0.000     1188.912 <none> (D)  
        u_add               fp32_add                                                         1386     145.042     0.000      145.042 <none> (D)  
        u_exp               fp32_exp                                                         5524     460.509     0.000      460.509 <none> (D)  
        u_mul               fp32_mul                                                         4484     499.584     0.000      499.584 <none> (D)  
      G[7].u_pe             softmax_pe                                                      11837    1188.912     0.000     1188.912 <none> (D)  
        u_add               fp32_add                                                         1386     145.042     0.000      145.042 <none> (D)  
        u_exp               fp32_exp                                                         5524     460.509     0.000      460.509 <none> (D)  
        u_mul               fp32_mul                                                         4484     499.584     0.000      499.584 <none> (D)  
      G[8].u_pe             softmax_pe                                                      11837    1188.912     0.000     1188.912 <none> (D)  
        u_add               fp32_add                                                         1386     145.042     0.000      145.042 <none> (D)  
        u_exp               fp32_exp                                                         5524     460.509     0.000      460.509 <none> (D)  
        u_mul               fp32_mul                                                         4484     499.584     0.000      499.584 <none> (D)  
      G[9].u_pe             softmax_pe                                                      11837    1188.912     0.000     1188.912 <none> (D)  
        u_add               fp32_add                                                         1386     145.042     0.000      145.042 <none> (D)  
        u_exp               fp32_exp                                                         5524     460.509     0.000      460.509 <none> (D)  
        u_mul               fp32_mul                                                         4484     499.584     0.000      499.584 <none> (D)  
      aa                    fp32_add                                                         1386     145.042     0.000      145.042 <none> (D)  
      ar                    fp32_recip_3                                                    13640    1128.696     0.000     1128.696 <none> (D)  
        u_p00               fp32_recip_mul16_pipe_24                                         1447     117.515     0.000      117.515 <none> (D)  
        u_p01               fp32_recip_mul16_pipe_25                                          644      52.911     0.000       52.911 <none> (D)  
        u_p10               fp32_recip_mul16_pipe_26                                          545      41.728     0.000       41.728 <none> (D)  
        u_p11               fp32_recip_mul16_pipe_27                                          646      49.295     0.000       49.295 <none> (D)  
        u_r00               fp32_recip_mul16_pipe_28                                         1604     114.016     0.000      114.016 <none> (D)  
        u_r01               fp32_recip_mul16_pipe_29                                         1549     115.911     0.000      115.911 <none> (D)  
        u_r10               fp32_recip_mul16_pipe_30                                         1382     104.232     0.000      104.232 <none> (D)  
        u_r11               fp32_recip_mul16_pipe_31                                         1434     113.141     0.000      113.141 <none> (D)  
      at                    fp32_add                                                         1386     145.042     0.000      145.042 <none> (D)  
      genblk2[0].a1         fp32_add                                                         1386     145.042     0.000      145.042 <none> (D)  
      genblk2[1].a1         fp32_add                                                         1386     145.042     0.000      145.042 <none> (D)  
      genblk2[2].a1         fp32_add                                                         1386     145.042     0.000      145.042 <none> (D)  
      genblk2[3].a1         fp32_add                                                         1386     145.042     0.000      145.042 <none> (D)  
      genblk2[4].a1         fp32_add                                                         1386     145.042     0.000      145.042 <none> (D)  
      genblk2[5].a1         fp32_add                                                         1386     145.042     0.000      145.042 <none> (D)  
      genblk2[6].a1         fp32_add                                                         1386     145.042     0.000      145.042 <none> (D)  
      genblk2[7].a1         fp32_add                                                         1386     145.042     0.000      145.042 <none> (D)  
      genblk3[0].a2         fp32_add                                                         1386     145.042     0.000      145.042 <none> (D)  
      genblk3[1].a2         fp32_add                                                         1386     145.042     0.000      145.042 <none> (D)  
      genblk3[2].a2         fp32_add                                                         1386     145.042     0.000      145.042 <none> (D)  
      genblk3[3].a2         fp32_add                                                         1386     145.042     0.000      145.042 <none> (D)  
      genblk4[0].a3         fp32_add                                                         1386     145.042     0.000      145.042 <none> (D)  
      genblk4[1].a3         fp32_add                                                         1386     145.042     0.000      145.042 <none> (D)  
      u_sram                softmax_buffer_sram_NUM_CONTEXTS16_SEQ_LEN2048_LANES16_3         5277   74684.096     0.000    74684.096 <none> (D)  
    g_channel[4].u_channel  softmax_unit_LANES16_MAX_TOKENS2048_CONTEXTS16_4               241253   98653.850     0.000    98653.850 <none> (D)  
      G[0].u_pe             softmax_pe                                                      11837    1188.912     0.000     1188.912 <none> (D)  
        u_add               fp32_add                                                         1386     145.042     0.000      145.042 <none> (D)  
        u_exp               fp32_exp                                                         5524     460.509     0.000      460.509 <none> (D)  
        u_mul               fp32_mul                                                         4484     499.584     0.000      499.584 <none> (D)  
      G[10].u_pe            softmax_pe                                                      11837    1188.912     0.000     1188.912 <none> (D)  
        u_add               fp32_add                                                         1386     145.042     0.000      145.042 <none> (D)  
        u_exp               fp32_exp                                                         5524     460.509     0.000      460.509 <none> (D)  
        u_mul               fp32_mul                                                         4484     499.584     0.000      499.584 <none> (D)  
      G[11].u_pe            softmax_pe                                                      11837    1188.912     0.000     1188.912 <none> (D)  
        u_add               fp32_add                                                         1386     145.042     0.000      145.042 <none> (D)  
        u_exp               fp32_exp                                                         5524     460.509     0.000      460.509 <none> (D)  
        u_mul               fp32_mul                                                         4484     499.584     0.000      499.584 <none> (D)  
      G[12].u_pe            softmax_pe                                                      11837    1188.912     0.000     1188.912 <none> (D)  
        u_add               fp32_add                                                         1386     145.042     0.000      145.042 <none> (D)  
        u_exp               fp32_exp                                                         5524     460.509     0.000      460.509 <none> (D)  
        u_mul               fp32_mul                                                         4484     499.584     0.000      499.584 <none> (D)  
      G[13].u_pe            softmax_pe                                                      11837    1188.912     0.000     1188.912 <none> (D)  
        u_add               fp32_add                                                         1386     145.042     0.000      145.042 <none> (D)  
        u_exp               fp32_exp                                                         5524     460.509     0.000      460.509 <none> (D)  
        u_mul               fp32_mul                                                         4484     499.584     0.000      499.584 <none> (D)  
      G[14].u_pe            softmax_pe                                                      11837    1188.912     0.000     1188.912 <none> (D)  
        u_add               fp32_add                                                         1386     145.042     0.000      145.042 <none> (D)  
        u_exp               fp32_exp                                                         5524     460.509     0.000      460.509 <none> (D)  
        u_mul               fp32_mul                                                         4484     499.584     0.000      499.584 <none> (D)  
      G[15].u_pe            softmax_pe                                                      11837    1188.912     0.000     1188.912 <none> (D)  
        u_add               fp32_add                                                         1386     145.042     0.000      145.042 <none> (D)  
        u_exp               fp32_exp                                                         5524     460.509     0.000      460.509 <none> (D)  
        u_mul               fp32_mul                                                         4484     499.584     0.000      499.584 <none> (D)  
      G[1].u_pe             softmax_pe                                                      11837    1188.912     0.000     1188.912 <none> (D)  
        u_add               fp32_add                                                         1386     145.042     0.000      145.042 <none> (D)  
        u_exp               fp32_exp                                                         5524     460.509     0.000      460.509 <none> (D)  
        u_mul               fp32_mul                                                         4484     499.584     0.000      499.584 <none> (D)  
      G[2].u_pe             softmax_pe                                                      11837    1188.912     0.000     1188.912 <none> (D)  
        u_add               fp32_add                                                         1386     145.042     0.000      145.042 <none> (D)  
        u_exp               fp32_exp                                                         5524     460.509     0.000      460.509 <none> (D)  
        u_mul               fp32_mul                                                         4484     499.584     0.000      499.584 <none> (D)  
      G[3].u_pe             softmax_pe                                                      11837    1188.912     0.000     1188.912 <none> (D)  
        u_add               fp32_add                                                         1386     145.042     0.000      145.042 <none> (D)  
        u_exp               fp32_exp                                                         5524     460.509     0.000      460.509 <none> (D)  
        u_mul               fp32_mul                                                         4484     499.584     0.000      499.584 <none> (D)  
      G[4].u_pe             softmax_pe                                                      11837    1188.912     0.000     1188.912 <none> (D)  
        u_add               fp32_add                                                         1386     145.042     0.000      145.042 <none> (D)  
        u_exp               fp32_exp                                                         5524     460.509     0.000      460.509 <none> (D)  
        u_mul               fp32_mul                                                         4484     499.584     0.000      499.584 <none> (D)  
      G[5].u_pe             softmax_pe                                                      11837    1188.912     0.000     1188.912 <none> (D)  
        u_add               fp32_add                                                         1386     145.042     0.000      145.042 <none> (D)  
        u_exp               fp32_exp                                                         5524     460.509     0.000      460.509 <none> (D)  
        u_mul               fp32_mul                                                         4484     499.584     0.000      499.584 <none> (D)  
      G[6].u_pe             softmax_pe                                                      11837    1188.912     0.000     1188.912 <none> (D)  
        u_add               fp32_add                                                         1386     145.042     0.000      145.042 <none> (D)  
        u_exp               fp32_exp                                                         5524     460.509     0.000      460.509 <none> (D)  
        u_mul               fp32_mul                                                         4484     499.584     0.000      499.584 <none> (D)  
      G[7].u_pe             softmax_pe                                                      11837    1188.912     0.000     1188.912 <none> (D)  
        u_add               fp32_add                                                         1386     145.042     0.000      145.042 <none> (D)  
        u_exp               fp32_exp                                                         5524     460.509     0.000      460.509 <none> (D)  
        u_mul               fp32_mul                                                         4484     499.584     0.000      499.584 <none> (D)  
      G[8].u_pe             softmax_pe                                                      11837    1188.912     0.000     1188.912 <none> (D)  
        u_add               fp32_add                                                         1386     145.042     0.000      145.042 <none> (D)  
        u_exp               fp32_exp                                                         5524     460.509     0.000      460.509 <none> (D)  
        u_mul               fp32_mul                                                         4484     499.584     0.000      499.584 <none> (D)  
      G[9].u_pe             softmax_pe                                                      11837    1188.912     0.000     1188.912 <none> (D)  
        u_add               fp32_add                                                         1386     145.042     0.000      145.042 <none> (D)  
        u_exp               fp32_exp                                                         5524     460.509     0.000      460.509 <none> (D)  
        u_mul               fp32_mul                                                         4484     499.584     0.000      499.584 <none> (D)  
      aa                    fp32_add                                                         1386     145.042     0.000      145.042 <none> (D)  
      ar                    fp32_recip_4                                                    13608    1128.361     0.000     1128.361 <none> (D)  
        u_p00               fp32_recip_mul16_pipe_32                                         1438     117.165     0.000      117.165 <none> (D)  
        u_p01               fp32_recip_mul16_pipe_33                                          668      52.969     0.000       52.969 <none> (D)  
        u_p10               fp32_recip_mul16_pipe_34                                          439      39.395     0.000       39.395 <none> (D)  
        u_p11               fp32_recip_mul16_pipe_35                                          650      49.426     0.000       49.426 <none> (D)  
        u_r00               fp32_recip_mul16_pipe_36                                         1583     112.572     0.000      112.572 <none> (D)  
        u_r01               fp32_recip_mul16_pipe_37                                         1598     117.631     0.000      117.631 <none> (D)  
        u_r10               fp32_recip_mul16_pipe_38                                         1364     106.478     0.000      106.478 <none> (D)  
        u_r11               fp32_recip_mul16_pipe_39                                         1483     113.403     0.000      113.403 <none> (D)  
      at                    fp32_add                                                         1386     145.042     0.000      145.042 <none> (D)  
      genblk2[0].a1         fp32_add                                                         1386     145.042     0.000      145.042 <none> (D)  
      genblk2[1].a1         fp32_add                                                         1386     145.042     0.000      145.042 <none> (D)  
      genblk2[2].a1         fp32_add                                                         1386     145.042     0.000      145.042 <none> (D)  
      genblk2[3].a1         fp32_add                                                         1386     145.042     0.000      145.042 <none> (D)  
      genblk2[4].a1         fp32_add                                                         1386     145.042     0.000      145.042 <none> (D)  
      genblk2[5].a1         fp32_add                                                         1386     145.042     0.000      145.042 <none> (D)  
      genblk2[6].a1         fp32_add                                                         1386     145.042     0.000      145.042 <none> (D)  
      genblk2[7].a1         fp32_add                                                         1386     145.042     0.000      145.042 <none> (D)  
      genblk3[0].a2         fp32_add                                                         1386     145.042     0.000      145.042 <none> (D)  
      genblk3[1].a2         fp32_add                                                         1386     145.042     0.000      145.042 <none> (D)  
      genblk3[2].a2         fp32_add                                                         1386     145.042     0.000      145.042 <none> (D)  
      genblk3[3].a2         fp32_add                                                         1386     145.042     0.000      145.042 <none> (D)  
      genblk4[0].a3         fp32_add                                                         1386     145.042     0.000      145.042 <none> (D)  
      genblk4[1].a3         fp32_add                                                         1386     145.042     0.000      145.042 <none> (D)  
      u_sram                softmax_buffer_sram_NUM_CONTEXTS16_SEQ_LEN2048_LANES16_4         5277   74683.834     0.000    74683.834 <none> (D)  
    g_channel[5].u_channel  softmax_unit_LANES16_MAX_TOKENS2048_CONTEXTS16_5               241097   98642.681     0.000    98642.681 <none> (D)  
      G[0].u_pe             softmax_pe                                                      11837    1188.912     0.000     1188.912 <none> (D)  
        u_add               fp32_add                                                         1386     145.042     0.000      145.042 <none> (D)  
        u_exp               fp32_exp                                                         5524     460.509     0.000      460.509 <none> (D)  
        u_mul               fp32_mul                                                         4484     499.584     0.000      499.584 <none> (D)  
      G[10].u_pe            softmax_pe                                                      11837    1188.912     0.000     1188.912 <none> (D)  
        u_add               fp32_add                                                         1386     145.042     0.000      145.042 <none> (D)  
        u_exp               fp32_exp                                                         5524     460.509     0.000      460.509 <none> (D)  
        u_mul               fp32_mul                                                         4484     499.584     0.000      499.584 <none> (D)  
      G[11].u_pe            softmax_pe                                                      11837    1188.912     0.000     1188.912 <none> (D)  
        u_add               fp32_add                                                         1386     145.042     0.000      145.042 <none> (D)  
        u_exp               fp32_exp                                                         5524     460.509     0.000      460.509 <none> (D)  
        u_mul               fp32_mul                                                         4484     499.584     0.000      499.584 <none> (D)  
      G[12].u_pe            softmax_pe                                                      11837    1188.912     0.000     1188.912 <none> (D)  
        u_add               fp32_add                                                         1386     145.042     0.000      145.042 <none> (D)  
        u_exp               fp32_exp                                                         5524     460.509     0.000      460.509 <none> (D)  
        u_mul               fp32_mul                                                         4484     499.584     0.000      499.584 <none> (D)  
      G[13].u_pe            softmax_pe                                                      11837    1188.912     0.000     1188.912 <none> (D)  
        u_add               fp32_add                                                         1386     145.042     0.000      145.042 <none> (D)  
        u_exp               fp32_exp                                                         5524     460.509     0.000      460.509 <none> (D)  
        u_mul               fp32_mul                                                         4484     499.584     0.000      499.584 <none> (D)  
      G[14].u_pe            softmax_pe                                                      11837    1188.912     0.000     1188.912 <none> (D)  
        u_add               fp32_add                                                         1386     145.042     0.000      145.042 <none> (D)  
        u_exp               fp32_exp                                                         5524     460.509     0.000      460.509 <none> (D)  
        u_mul               fp32_mul                                                         4484     499.584     0.000      499.584 <none> (D)  
      G[15].u_pe            softmax_pe                                                      11837    1188.912     0.000     1188.912 <none> (D)  
        u_add               fp32_add                                                         1386     145.042     0.000      145.042 <none> (D)  
        u_exp               fp32_exp                                                         5524     460.509     0.000      460.509 <none> (D)  
        u_mul               fp32_mul                                                         4484     499.584     0.000      499.584 <none> (D)  
      G[1].u_pe             softmax_pe                                                      11837    1188.912     0.000     1188.912 <none> (D)  
        u_add               fp32_add                                                         1386     145.042     0.000      145.042 <none> (D)  
        u_exp               fp32_exp                                                         5524     460.509     0.000      460.509 <none> (D)  
        u_mul               fp32_mul                                                         4484     499.584     0.000      499.584 <none> (D)  
      G[2].u_pe             softmax_pe                                                      11837    1188.912     0.000     1188.912 <none> (D)  
        u_add               fp32_add                                                         1386     145.042     0.000      145.042 <none> (D)  
        u_exp               fp32_exp                                                         5524     460.509     0.000      460.509 <none> (D)  
        u_mul               fp32_mul                                                         4484     499.584     0.000      499.584 <none> (D)  
      G[3].u_pe             softmax_pe                                                      11837    1188.912     0.000     1188.912 <none> (D)  
        u_add               fp32_add                                                         1386     145.042     0.000      145.042 <none> (D)  
        u_exp               fp32_exp                                                         5524     460.509     0.000      460.509 <none> (D)  
        u_mul               fp32_mul                                                         4484     499.584     0.000      499.584 <none> (D)  
      G[4].u_pe             softmax_pe                                                      11837    1188.912     0.000     1188.912 <none> (D)  
        u_add               fp32_add                                                         1386     145.042     0.000      145.042 <none> (D)  
        u_exp               fp32_exp                                                         5524     460.509     0.000      460.509 <none> (D)  
        u_mul               fp32_mul                                                         4484     499.584     0.000      499.584 <none> (D)  
      G[5].u_pe             softmax_pe                                                      11837    1188.912     0.000     1188.912 <none> (D)  
        u_add               fp32_add                                                         1386     145.042     0.000      145.042 <none> (D)  
        u_exp               fp32_exp                                                         5524     460.509     0.000      460.509 <none> (D)  
        u_mul               fp32_mul                                                         4484     499.584     0.000      499.584 <none> (D)  
      G[6].u_pe             softmax_pe                                                      11837    1188.912     0.000     1188.912 <none> (D)  
        u_add               fp32_add                                                         1386     145.042     0.000      145.042 <none> (D)  
        u_exp               fp32_exp                                                         5524     460.509     0.000      460.509 <none> (D)  
        u_mul               fp32_mul                                                         4484     499.584     0.000      499.584 <none> (D)  
      G[7].u_pe             softmax_pe                                                      11837    1188.912     0.000     1188.912 <none> (D)  
        u_add               fp32_add                                                         1386     145.042     0.000      145.042 <none> (D)  
        u_exp               fp32_exp                                                         5524     460.509     0.000      460.509 <none> (D)  
        u_mul               fp32_mul                                                         4484     499.584     0.000      499.584 <none> (D)  
      G[8].u_pe             softmax_pe                                                      11837    1188.912     0.000     1188.912 <none> (D)  
        u_add               fp32_add                                                         1386     145.042     0.000      145.042 <none> (D)  
        u_exp               fp32_exp                                                         5524     460.509     0.000      460.509 <none> (D)  
        u_mul               fp32_mul                                                         4484     499.584     0.000      499.584 <none> (D)  
      G[9].u_pe             softmax_pe                                                      11837    1188.912     0.000     1188.912 <none> (D)  
        u_add               fp32_add                                                         1386     145.042     0.000      145.042 <none> (D)  
        u_exp               fp32_exp                                                         5524     460.509     0.000      460.509 <none> (D)  
        u_mul               fp32_mul                                                         4484     499.584     0.000      499.584 <none> (D)  
      aa                    fp32_add                                                         1386     145.042     0.000      145.042 <none> (D)  
      ar                    fp32_recip_5                                                    13508    1121.756     0.000     1121.756 <none> (D)  
        u_p00               fp32_recip_mul16_pipe_40                                         1377     113.068     0.000      113.068 <none> (D)  
        u_p01               fp32_recip_mul16_pipe_41                                          635      52.955     0.000       52.955 <none> (D)  
        u_p10               fp32_recip_mul16_pipe_42                                          474      40.241     0.000       40.241 <none> (D)  
        u_p11               fp32_recip_mul16_pipe_43                                          645      49.382     0.000       49.382 <none> (D)  
        u_r00               fp32_recip_mul16_pipe_44                                         1577     112.660     0.000      112.660 <none> (D)  
        u_r01               fp32_recip_mul16_pipe_45                                         1549     116.057     0.000      116.057 <none> (D)  
        u_r10               fp32_recip_mul16_pipe_46                                         1388     105.136     0.000      105.136 <none> (D)  
        u_r11               fp32_recip_mul16_pipe_47                                         1482     113.841     0.000      113.841 <none> (D)  
      at                    fp32_add                                                         1386     145.042     0.000      145.042 <none> (D)  
      genblk2[0].a1         fp32_add                                                         1386     145.042     0.000      145.042 <none> (D)  
      genblk2[1].a1         fp32_add                                                         1386     145.042     0.000      145.042 <none> (D)  
      genblk2[2].a1         fp32_add                                                         1386     145.042     0.000      145.042 <none> (D)  
      genblk2[3].a1         fp32_add                                                         1386     145.042     0.000      145.042 <none> (D)  
      genblk2[4].a1         fp32_add                                                         1386     145.042     0.000      145.042 <none> (D)  
      genblk2[5].a1         fp32_add                                                         1386     145.042     0.000      145.042 <none> (D)  
      genblk2[6].a1         fp32_add                                                         1386     145.042     0.000      145.042 <none> (D)  
      genblk2[7].a1         fp32_add                                                         1386     145.042     0.000      145.042 <none> (D)  
      genblk3[0].a2         fp32_add                                                         1386     145.042     0.000      145.042 <none> (D)  
      genblk3[1].a2         fp32_add                                                         1386     145.042     0.000      145.042 <none> (D)  
      genblk3[2].a2         fp32_add                                                         1386     145.042     0.000      145.042 <none> (D)  
      genblk3[3].a2         fp32_add                                                         1386     145.042     0.000      145.042 <none> (D)  
      genblk4[0].a3         fp32_add                                                         1386     145.042     0.000      145.042 <none> (D)  
      genblk4[1].a3         fp32_add                                                         1386     145.042     0.000      145.042 <none> (D)  
      u_sram                softmax_buffer_sram_NUM_CONTEXTS16_SEQ_LEN2048_LANES16_5         5277   74684.096     0.000    74684.096 <none> (D)  
    g_channel[6].u_channel  softmax_unit_LANES16_MAX_TOKENS2048_CONTEXTS16_6               241170   98653.033     0.000    98653.033 <none> (D)  
      G[0].u_pe             softmax_pe                                                      11837    1188.912     0.000     1188.912 <none> (D)  
        u_add               fp32_add                                                         1386     145.042     0.000      145.042 <none> (D)  
        u_exp               fp32_exp                                                         5524     460.509     0.000      460.509 <none> (D)  
        u_mul               fp32_mul                                                         4484     499.584     0.000      499.584 <none> (D)  
      G[10].u_pe            softmax_pe                                                      11837    1188.912     0.000     1188.912 <none> (D)  
        u_add               fp32_add                                                         1386     145.042     0.000      145.042 <none> (D)  
        u_exp               fp32_exp                                                         5524     460.509     0.000      460.509 <none> (D)  
        u_mul               fp32_mul                                                         4484     499.584     0.000      499.584 <none> (D)  
      G[11].u_pe            softmax_pe                                                      11837    1188.912     0.000     1188.912 <none> (D)  
        u_add               fp32_add                                                         1386     145.042     0.000      145.042 <none> (D)  
        u_exp               fp32_exp                                                         5524     460.509     0.000      460.509 <none> (D)  
        u_mul               fp32_mul                                                         4484     499.584     0.000      499.584 <none> (D)  
      G[12].u_pe            softmax_pe                                                      11837    1188.912     0.000     1188.912 <none> (D)  
        u_add               fp32_add                                                         1386     145.042     0.000      145.042 <none> (D)  
        u_exp               fp32_exp                                                         5524     460.509     0.000      460.509 <none> (D)  
        u_mul               fp32_mul                                                         4484     499.584     0.000      499.584 <none> (D)  
      G[13].u_pe            softmax_pe                                                      11837    1188.912     0.000     1188.912 <none> (D)  
        u_add               fp32_add                                                         1386     145.042     0.000      145.042 <none> (D)  
        u_exp               fp32_exp                                                         5524     460.509     0.000      460.509 <none> (D)  
        u_mul               fp32_mul                                                         4484     499.584     0.000      499.584 <none> (D)  
      G[14].u_pe            softmax_pe                                                      11837    1188.912     0.000     1188.912 <none> (D)  
        u_add               fp32_add                                                         1386     145.042     0.000      145.042 <none> (D)  
        u_exp               fp32_exp                                                         5524     460.509     0.000      460.509 <none> (D)  
        u_mul               fp32_mul                                                         4484     499.584     0.000      499.584 <none> (D)  
      G[15].u_pe            softmax_pe                                                      11837    1188.912     0.000     1188.912 <none> (D)  
        u_add               fp32_add                                                         1386     145.042     0.000      145.042 <none> (D)  
        u_exp               fp32_exp                                                         5524     460.509     0.000      460.509 <none> (D)  
        u_mul               fp32_mul                                                         4484     499.584     0.000      499.584 <none> (D)  
      G[1].u_pe             softmax_pe                                                      11837    1188.912     0.000     1188.912 <none> (D)  
        u_add               fp32_add                                                         1386     145.042     0.000      145.042 <none> (D)  
        u_exp               fp32_exp                                                         5524     460.509     0.000      460.509 <none> (D)  
        u_mul               fp32_mul                                                         4484     499.584     0.000      499.584 <none> (D)  
      G[2].u_pe             softmax_pe                                                      11837    1188.912     0.000     1188.912 <none> (D)  
        u_add               fp32_add                                                         1386     145.042     0.000      145.042 <none> (D)  
        u_exp               fp32_exp                                                         5524     460.509     0.000      460.509 <none> (D)  
        u_mul               fp32_mul                                                         4484     499.584     0.000      499.584 <none> (D)  
      G[3].u_pe             softmax_pe                                                      11837    1188.912     0.000     1188.912 <none> (D)  
        u_add               fp32_add                                                         1386     145.042     0.000      145.042 <none> (D)  
        u_exp               fp32_exp                                                         5524     460.509     0.000      460.509 <none> (D)  
        u_mul               fp32_mul                                                         4484     499.584     0.000      499.584 <none> (D)  
      G[4].u_pe             softmax_pe                                                      11837    1188.912     0.000     1188.912 <none> (D)  
        u_add               fp32_add                                                         1386     145.042     0.000      145.042 <none> (D)  
        u_exp               fp32_exp                                                         5524     460.509     0.000      460.509 <none> (D)  
        u_mul               fp32_mul                                                         4484     499.584     0.000      499.584 <none> (D)  
      G[5].u_pe             softmax_pe                                                      11837    1188.912     0.000     1188.912 <none> (D)  
        u_add               fp32_add                                                         1386     145.042     0.000      145.042 <none> (D)  
        u_exp               fp32_exp                                                         5524     460.509     0.000      460.509 <none> (D)  
        u_mul               fp32_mul                                                         4484     499.584     0.000      499.584 <none> (D)  
      G[6].u_pe             softmax_pe                                                      11837    1188.912     0.000     1188.912 <none> (D)  
        u_add               fp32_add                                                         1386     145.042     0.000      145.042 <none> (D)  
        u_exp               fp32_exp                                                         5524     460.509     0.000      460.509 <none> (D)  
        u_mul               fp32_mul                                                         4484     499.584     0.000      499.584 <none> (D)  
      G[7].u_pe             softmax_pe                                                      11837    1188.912     0.000     1188.912 <none> (D)  
        u_add               fp32_add                                                         1386     145.042     0.000      145.042 <none> (D)  
        u_exp               fp32_exp                                                         5524     460.509     0.000      460.509 <none> (D)  
        u_mul               fp32_mul                                                         4484     499.584     0.000      499.584 <none> (D)  
      G[8].u_pe             softmax_pe                                                      11837    1188.912     0.000     1188.912 <none> (D)  
        u_add               fp32_add                                                         1386     145.042     0.000      145.042 <none> (D)  
        u_exp               fp32_exp                                                         5524     460.509     0.000      460.509 <none> (D)  
        u_mul               fp32_mul                                                         4484     499.584     0.000      499.584 <none> (D)  
      G[9].u_pe             softmax_pe                                                      11837    1188.912     0.000     1188.912 <none> (D)  
        u_add               fp32_add                                                         1386     145.042     0.000      145.042 <none> (D)  
        u_exp               fp32_exp                                                         5524     460.509     0.000      460.509 <none> (D)  
        u_mul               fp32_mul                                                         4484     499.584     0.000      499.584 <none> (D)  
      aa                    fp32_add                                                         1386     145.042     0.000      145.042 <none> (D)  
      ar                    fp32_recip_6                                                    13569    1127.121     0.000     1127.121 <none> (D)  
        u_p00               fp32_recip_mul16_pipe_48                                         1430     114.847     0.000      114.847 <none> (D)  
        u_p01               fp32_recip_mul16_pipe_49                                          629      53.057     0.000       53.057 <none> (D)  
        u_p10               fp32_recip_mul16_pipe_50                                          473      41.028     0.000       41.028 <none> (D)  
        u_p11               fp32_recip_mul16_pipe_51                                          645      49.382     0.000       49.382 <none> (D)  
        u_r00               fp32_recip_mul16_pipe_52                                         1582     112.878     0.000      112.878 <none> (D)  
        u_r01               fp32_recip_mul16_pipe_53                                         1549     115.663     0.000      115.663 <none> (D)  
        u_r10               fp32_recip_mul16_pipe_54                                         1384     103.882     0.000      103.882 <none> (D)  
        u_r11               fp32_recip_mul16_pipe_55                                         1416     111.595     0.000      111.595 <none> (D)  
      at                    fp32_add                                                         1386     145.042     0.000      145.042 <none> (D)  
      genblk2[0].a1         fp32_add                                                         1386     145.042     0.000      145.042 <none> (D)  
      genblk2[1].a1         fp32_add                                                         1386     145.042     0.000      145.042 <none> (D)  
      genblk2[2].a1         fp32_add                                                         1386     145.042     0.000      145.042 <none> (D)  
      genblk2[3].a1         fp32_add                                                         1386     145.042     0.000      145.042 <none> (D)  
      genblk2[4].a1         fp32_add                                                         1386     145.042     0.000      145.042 <none> (D)  
      genblk2[5].a1         fp32_add                                                         1386     145.042     0.000      145.042 <none> (D)  
      genblk2[6].a1         fp32_add                                                         1386     145.042     0.000      145.042 <none> (D)  
      genblk2[7].a1         fp32_add                                                         1386     145.042     0.000      145.042 <none> (D)  
      genblk3[0].a2         fp32_add                                                         1386     145.042     0.000      145.042 <none> (D)  
      genblk3[1].a2         fp32_add                                                         1386     145.042     0.000      145.042 <none> (D)  
      genblk3[2].a2         fp32_add                                                         1386     145.042     0.000      145.042 <none> (D)  
      genblk3[3].a2         fp32_add                                                         1386     145.042     0.000      145.042 <none> (D)  
      genblk4[0].a3         fp32_add                                                         1386     145.042     0.000      145.042 <none> (D)  
      genblk4[1].a3         fp32_add                                                         1386     145.042     0.000      145.042 <none> (D)  
      u_sram                softmax_buffer_sram_NUM_CONTEXTS16_SEQ_LEN2048_LANES16_6         5277   74683.921     0.000    74683.921 <none> (D)  
    g_channel[7].u_channel  softmax_unit_LANES16_MAX_TOKENS2048_CONTEXTS16_7               241055   98643.673     0.000    98643.673 <none> (D)  
      G[0].u_pe             softmax_pe                                                      11837    1188.912     0.000     1188.912 <none> (D)  
        u_add               fp32_add                                                         1386     145.042     0.000      145.042 <none> (D)  
        u_exp               fp32_exp                                                         5524     460.509     0.000      460.509 <none> (D)  
        u_mul               fp32_mul                                                         4484     499.584     0.000      499.584 <none> (D)  
      G[10].u_pe            softmax_pe                                                      11837    1188.912     0.000     1188.912 <none> (D)  
        u_add               fp32_add                                                         1386     145.042     0.000      145.042 <none> (D)  
        u_exp               fp32_exp                                                         5524     460.509     0.000      460.509 <none> (D)  
        u_mul               fp32_mul                                                         4484     499.584     0.000      499.584 <none> (D)  
      G[11].u_pe            softmax_pe                                                      11837    1188.912     0.000     1188.912 <none> (D)  
        u_add               fp32_add                                                         1386     145.042     0.000      145.042 <none> (D)  
        u_exp               fp32_exp                                                         5524     460.509     0.000      460.509 <none> (D)  
        u_mul               fp32_mul                                                         4484     499.584     0.000      499.584 <none> (D)  
      G[12].u_pe            softmax_pe                                                      11837    1188.912     0.000     1188.912 <none> (D)  
        u_add               fp32_add                                                         1386     145.042     0.000      145.042 <none> (D)  
        u_exp               fp32_exp                                                         5524     460.509     0.000      460.509 <none> (D)  
        u_mul               fp32_mul                                                         4484     499.584     0.000      499.584 <none> (D)  
      G[13].u_pe            softmax_pe                                                      11837    1188.912     0.000     1188.912 <none> (D)  
        u_add               fp32_add                                                         1386     145.042     0.000      145.042 <none> (D)  
        u_exp               fp32_exp                                                         5524     460.509     0.000      460.509 <none> (D)  
        u_mul               fp32_mul                                                         4484     499.584     0.000      499.584 <none> (D)  
      G[14].u_pe            softmax_pe                                                      11837    1188.912     0.000     1188.912 <none> (D)  
        u_add               fp32_add                                                         1386     145.042     0.000      145.042 <none> (D)  
        u_exp               fp32_exp                                                         5524     460.509     0.000      460.509 <none> (D)  
        u_mul               fp32_mul                                                         4484     499.584     0.000      499.584 <none> (D)  
      G[15].u_pe            softmax_pe                                                      11837    1188.912     0.000     1188.912 <none> (D)  
        u_add               fp32_add                                                         1386     145.042     0.000      145.042 <none> (D)  
        u_exp               fp32_exp                                                         5524     460.509     0.000      460.509 <none> (D)  
        u_mul               fp32_mul                                                         4484     499.584     0.000      499.584 <none> (D)  
      G[1].u_pe             softmax_pe                                                      11837    1188.912     0.000     1188.912 <none> (D)  
        u_add               fp32_add                                                         1386     145.042     0.000      145.042 <none> (D)  
        u_exp               fp32_exp                                                         5524     460.509     0.000      460.509 <none> (D)  
        u_mul               fp32_mul                                                         4484     499.584     0.000      499.584 <none> (D)  
      G[2].u_pe             softmax_pe                                                      11837    1188.912     0.000     1188.912 <none> (D)  
        u_add               fp32_add                                                         1386     145.042     0.000      145.042 <none> (D)  
        u_exp               fp32_exp                                                         5524     460.509     0.000      460.509 <none> (D)  
        u_mul               fp32_mul                                                         4484     499.584     0.000      499.584 <none> (D)  
      G[3].u_pe             softmax_pe                                                      11837    1188.912     0.000     1188.912 <none> (D)  
        u_add               fp32_add                                                         1386     145.042     0.000      145.042 <none> (D)  
        u_exp               fp32_exp                                                         5524     460.509     0.000      460.509 <none> (D)  
        u_mul               fp32_mul                                                         4484     499.584     0.000      499.584 <none> (D)  
      G[4].u_pe             softmax_pe                                                      11837    1188.912     0.000     1188.912 <none> (D)  
        u_add               fp32_add                                                         1386     145.042     0.000      145.042 <none> (D)  
        u_exp               fp32_exp                                                         5524     460.509     0.000      460.509 <none> (D)  
        u_mul               fp32_mul                                                         4484     499.584     0.000      499.584 <none> (D)  
      G[5].u_pe             softmax_pe                                                      11837    1188.912     0.000     1188.912 <none> (D)  
        u_add               fp32_add                                                         1386     145.042     0.000      145.042 <none> (D)  
        u_exp               fp32_exp                                                         5524     460.509     0.000      460.509 <none> (D)  
        u_mul               fp32_mul                                                         4484     499.584     0.000      499.584 <none> (D)  
      G[6].u_pe             softmax_pe                                                      11837    1188.912     0.000     1188.912 <none> (D)  
        u_add               fp32_add                                                         1386     145.042     0.000      145.042 <none> (D)  
        u_exp               fp32_exp                                                         5524     460.509     0.000      460.509 <none> (D)  
        u_mul               fp32_mul                                                         4484     499.584     0.000      499.584 <none> (D)  
      G[7].u_pe             softmax_pe                                                      11837    1188.912     0.000     1188.912 <none> (D)  
        u_add               fp32_add                                                         1386     145.042     0.000      145.042 <none> (D)  
        u_exp               fp32_exp                                                         5524     460.509     0.000      460.509 <none> (D)  
        u_mul               fp32_mul                                                         4484     499.584     0.000      499.584 <none> (D)  
      G[8].u_pe             softmax_pe                                                      11837    1188.912     0.000     1188.912 <none> (D)  
        u_add               fp32_add                                                         1386     145.042     0.000      145.042 <none> (D)  
        u_exp               fp32_exp                                                         5524     460.509     0.000      460.509 <none> (D)  
        u_mul               fp32_mul                                                         4484     499.584     0.000      499.584 <none> (D)  
      G[9].u_pe             softmax_pe                                                      11837    1188.912     0.000     1188.912 <none> (D)  
        u_add               fp32_add                                                         1386     145.042     0.000      145.042 <none> (D)  
        u_exp               fp32_exp                                                         5524     460.509     0.000      460.509 <none> (D)  
        u_mul               fp32_mul                                                         4484     499.584     0.000      499.584 <none> (D)  
      aa                    fp32_add                                                         1386     145.042     0.000      145.042 <none> (D)  
      ar                    fp32_recip_7                                                    13456    1122.922     0.000     1122.922 <none> (D)  
        u_p00               fp32_recip_mul16_pipe_56                                         1445     117.004     0.000      117.004 <none> (D)  
        u_p01               fp32_recip_mul16_pipe_57                                          636      53.202     0.000       53.202 <none> (D)  
        u_p10               fp32_recip_mul16_pipe_58                                          461      39.891     0.000       39.891 <none> (D)  
        u_p11               fp32_recip_mul16_pipe_59                                          645      48.960     0.000       48.960 <none> (D)  
        u_r00               fp32_recip_mul16_pipe_60                                         1586     113.068     0.000      113.068 <none> (D)  
        u_r01               fp32_recip_mul16_pipe_61                                         1552     116.800     0.000      116.800 <none> (D)  
        u_r10               fp32_recip_mul16_pipe_62                                         1385     104.130     0.000      104.130 <none> (D)  
        u_r11               fp32_recip_mul16_pipe_63                                         1410     112.412     0.000      112.412 <none> (D)  
      at                    fp32_add                                                         1386     145.042     0.000      145.042 <none> (D)  
      genblk2[0].a1         fp32_add                                                         1386     145.042     0.000      145.042 <none> (D)  
      genblk2[1].a1         fp32_add                                                         1386     145.042     0.000      145.042 <none> (D)  
      genblk2[2].a1         fp32_add                                                         1386     145.042     0.000      145.042 <none> (D)  
      genblk2[3].a1         fp32_add                                                         1386     145.042     0.000      145.042 <none> (D)  
      genblk2[4].a1         fp32_add                                                         1386     145.042     0.000      145.042 <none> (D)  
      genblk2[5].a1         fp32_add                                                         1386     145.042     0.000      145.042 <none> (D)  
      genblk2[6].a1         fp32_add                                                         1386     145.042     0.000      145.042 <none> (D)  
      genblk2[7].a1         fp32_add                                                         1386     145.042     0.000      145.042 <none> (D)  
      genblk3[0].a2         fp32_add                                                         1386     145.042     0.000      145.042 <none> (D)  
      genblk3[1].a2         fp32_add                                                         1386     145.042     0.000      145.042 <none> (D)  
      genblk3[2].a2         fp32_add                                                         1386     145.042     0.000      145.042 <none> (D)  
      genblk3[3].a2         fp32_add                                                         1386     145.042     0.000      145.042 <none> (D)  
      genblk4[0].a3         fp32_add                                                         1386     145.042     0.000      145.042 <none> (D)  
      genblk4[1].a3         fp32_add                                                         1386     145.042     0.000      145.042 <none> (D)  
      u_sram                softmax_buffer_sram_NUM_CONTEXTS16_SEQ_LEN2048_LANES16_7         5277   74684.373     0.000    74684.373 <none> (D)  
    g_channel[8].u_channel  softmax_unit_LANES16_MAX_TOKENS2048_CONTEXTS16_8               241001   98648.032     0.000    98648.032 <none> (D)  
      G[0].u_pe             softmax_pe                                                      11837    1188.912     0.000     1188.912 <none> (D)  
        u_add               fp32_add                                                         1386     145.042     0.000      145.042 <none> (D)  
        u_exp               fp32_exp                                                         5524     460.509     0.000      460.509 <none> (D)  
        u_mul               fp32_mul                                                         4484     499.584     0.000      499.584 <none> (D)  
      G[10].u_pe            softmax_pe                                                      11837    1188.912     0.000     1188.912 <none> (D)  
        u_add               fp32_add                                                         1386     145.042     0.000      145.042 <none> (D)  
        u_exp               fp32_exp                                                         5524     460.509     0.000      460.509 <none> (D)  
        u_mul               fp32_mul                                                         4484     499.584     0.000      499.584 <none> (D)  
      G[11].u_pe            softmax_pe                                                      11837    1188.912     0.000     1188.912 <none> (D)  
        u_add               fp32_add                                                         1386     145.042     0.000      145.042 <none> (D)  
        u_exp               fp32_exp                                                         5524     460.509     0.000      460.509 <none> (D)  
        u_mul               fp32_mul                                                         4484     499.584     0.000      499.584 <none> (D)  
      G[12].u_pe            softmax_pe                                                      11837    1188.912     0.000     1188.912 <none> (D)  
        u_add               fp32_add                                                         1386     145.042     0.000      145.042 <none> (D)  
        u_exp               fp32_exp                                                         5524     460.509     0.000      460.509 <none> (D)  
        u_mul               fp32_mul                                                         4484     499.584     0.000      499.584 <none> (D)  
      G[13].u_pe            softmax_pe                                                      11837    1188.912     0.000     1188.912 <none> (D)  
        u_add               fp32_add                                                         1386     145.042     0.000      145.042 <none> (D)  
        u_exp               fp32_exp                                                         5524     460.509     0.000      460.509 <none> (D)  
        u_mul               fp32_mul                                                         4484     499.584     0.000      499.584 <none> (D)  
      G[14].u_pe            softmax_pe                                                      11837    1188.912     0.000     1188.912 <none> (D)  
        u_add               fp32_add                                                         1386     145.042     0.000      145.042 <none> (D)  
        u_exp               fp32_exp                                                         5524     460.509     0.000      460.509 <none> (D)  
        u_mul               fp32_mul                                                         4484     499.584     0.000      499.584 <none> (D)  
      G[15].u_pe            softmax_pe                                                      11837    1188.912     0.000     1188.912 <none> (D)  
        u_add               fp32_add                                                         1386     145.042     0.000      145.042 <none> (D)  
        u_exp               fp32_exp                                                         5524     460.509     0.000      460.509 <none> (D)  
        u_mul               fp32_mul                                                         4484     499.584     0.000      499.584 <none> (D)  
      G[1].u_pe             softmax_pe                                                      11837    1188.912     0.000     1188.912 <none> (D)  
        u_add               fp32_add                                                         1386     145.042     0.000      145.042 <none> (D)  
        u_exp               fp32_exp                                                         5524     460.509     0.000      460.509 <none> (D)  
        u_mul               fp32_mul                                                         4484     499.584     0.000      499.584 <none> (D)  
      G[2].u_pe             softmax_pe                                                      11837    1188.912     0.000     1188.912 <none> (D)  
        u_add               fp32_add                                                         1386     145.042     0.000      145.042 <none> (D)  
        u_exp               fp32_exp                                                         5524     460.509     0.000      460.509 <none> (D)  
        u_mul               fp32_mul                                                         4484     499.584     0.000      499.584 <none> (D)  
      G[3].u_pe             softmax_pe                                                      11837    1188.912     0.000     1188.912 <none> (D)  
        u_add               fp32_add                                                         1386     145.042     0.000      145.042 <none> (D)  
        u_exp               fp32_exp                                                         5524     460.509     0.000      460.509 <none> (D)  
        u_mul               fp32_mul                                                         4484     499.584     0.000      499.584 <none> (D)  
      G[4].u_pe             softmax_pe                                                      11837    1188.912     0.000     1188.912 <none> (D)  
        u_add               fp32_add                                                         1386     145.042     0.000      145.042 <none> (D)  
        u_exp               fp32_exp                                                         5524     460.509     0.000      460.509 <none> (D)  
        u_mul               fp32_mul                                                         4484     499.584     0.000      499.584 <none> (D)  
      G[5].u_pe             softmax_pe                                                      11837    1188.912     0.000     1188.912 <none> (D)  
        u_add               fp32_add                                                         1386     145.042     0.000      145.042 <none> (D)  
        u_exp               fp32_exp                                                         5524     460.509     0.000      460.509 <none> (D)  
        u_mul               fp32_mul                                                         4484     499.584     0.000      499.584 <none> (D)  
      G[6].u_pe             softmax_pe                                                      11837    1188.912     0.000     1188.912 <none> (D)  
        u_add               fp32_add                                                         1386     145.042     0.000      145.042 <none> (D)  
        u_exp               fp32_exp                                                         5524     460.509     0.000      460.509 <none> (D)  
        u_mul               fp32_mul                                                         4484     499.584     0.000      499.584 <none> (D)  
      G[7].u_pe             softmax_pe                                                      11837    1188.912     0.000     1188.912 <none> (D)  
        u_add               fp32_add                                                         1386     145.042     0.000      145.042 <none> (D)  
        u_exp               fp32_exp                                                         5524     460.509     0.000      460.509 <none> (D)  
        u_mul               fp32_mul                                                         4484     499.584     0.000      499.584 <none> (D)  
      G[8].u_pe             softmax_pe                                                      11837    1188.912     0.000     1188.912 <none> (D)  
        u_add               fp32_add                                                         1386     145.042     0.000      145.042 <none> (D)  
        u_exp               fp32_exp                                                         5524     460.509     0.000      460.509 <none> (D)  
        u_mul               fp32_mul                                                         4484     499.584     0.000      499.584 <none> (D)  
      G[9].u_pe             softmax_pe                                                      11837    1188.912     0.000     1188.912 <none> (D)  
        u_add               fp32_add                                                         1386     145.042     0.000      145.042 <none> (D)  
        u_exp               fp32_exp                                                         5524     460.509     0.000      460.509 <none> (D)  
        u_mul               fp32_mul                                                         4484     499.584     0.000      499.584 <none> (D)  
      aa                    fp32_add                                                         1386     145.042     0.000      145.042 <none> (D)  
      ar                    fp32_recip_8                                                    13464    1126.932     0.000     1126.932 <none> (D)  
        u_p00               fp32_recip_mul16_pipe_64                                         1428     117.048     0.000      117.048 <none> (D)  
        u_p01               fp32_recip_mul16_pipe_65                                          648      52.196     0.000       52.196 <none> (D)  
        u_p10               fp32_recip_mul16_pipe_66                                          472      39.891     0.000       39.891 <none> (D)  
        u_p11               fp32_recip_mul16_pipe_67                                          643      49.149     0.000       49.149 <none> (D)  
        u_r00               fp32_recip_mul16_pipe_68                                         1608     114.380     0.000      114.380 <none> (D)  
        u_r01               fp32_recip_mul16_pipe_69                                         1554     116.757     0.000      116.757 <none> (D)  
        u_r10               fp32_recip_mul16_pipe_70                                         1369     105.107     0.000      105.107 <none> (D)  
        u_r11               fp32_recip_mul16_pipe_71                                         1441     113.476     0.000      113.476 <none> (D)  
      at                    fp32_add                                                         1386     145.042     0.000      145.042 <none> (D)  
      genblk2[0].a1         fp32_add                                                         1386     145.042     0.000      145.042 <none> (D)  
      genblk2[1].a1         fp32_add                                                         1386     145.042     0.000      145.042 <none> (D)  
      genblk2[2].a1         fp32_add                                                         1386     145.042     0.000      145.042 <none> (D)  
      genblk2[3].a1         fp32_add                                                         1386     145.042     0.000      145.042 <none> (D)  
      genblk2[4].a1         fp32_add                                                         1386     145.042     0.000      145.042 <none> (D)  
      genblk2[5].a1         fp32_add                                                         1386     145.042     0.000      145.042 <none> (D)  
      genblk2[6].a1         fp32_add                                                         1386     145.042     0.000      145.042 <none> (D)  
      genblk2[7].a1         fp32_add                                                         1386     145.042     0.000      145.042 <none> (D)  
      genblk3[0].a2         fp32_add                                                         1386     145.042     0.000      145.042 <none> (D)  
      genblk3[1].a2         fp32_add                                                         1386     145.042     0.000      145.042 <none> (D)  
      genblk3[2].a2         fp32_add                                                         1386     145.042     0.000      145.042 <none> (D)  
      genblk3[3].a2         fp32_add                                                         1386     145.042     0.000      145.042 <none> (D)  
      genblk4[0].a3         fp32_add                                                         1386     145.042     0.000      145.042 <none> (D)  
      genblk4[1].a3         fp32_add                                                         1386     145.042     0.000      145.042 <none> (D)  
      u_sram                softmax_buffer_sram_NUM_CONTEXTS16_SEQ_LEN2048_LANES16_8         5277   74684.009     0.000    74684.009 <none> (D)  
    g_channel[9].u_channel  softmax_unit_LANES16_MAX_TOKENS2048_CONTEXTS16_9               241022   98642.696     0.000    98642.696 <none> (D)  
      G[0].u_pe             softmax_pe                                                      11837    1188.912     0.000     1188.912 <none> (D)  
        u_add               fp32_add                                                         1386     145.042     0.000      145.042 <none> (D)  
        u_exp               fp32_exp                                                         5524     460.509     0.000      460.509 <none> (D)  
        u_mul               fp32_mul                                                         4484     499.584     0.000      499.584 <none> (D)  
      G[10].u_pe            softmax_pe                                                      11837    1188.912     0.000     1188.912 <none> (D)  
        u_add               fp32_add                                                         1386     145.042     0.000      145.042 <none> (D)  
        u_exp               fp32_exp                                                         5524     460.509     0.000      460.509 <none> (D)  
        u_mul               fp32_mul                                                         4484     499.584     0.000      499.584 <none> (D)  
      G[11].u_pe            softmax_pe                                                      11837    1188.912     0.000     1188.912 <none> (D)  
        u_add               fp32_add                                                         1386     145.042     0.000      145.042 <none> (D)  
        u_exp               fp32_exp                                                         5524     460.509     0.000      460.509 <none> (D)  
        u_mul               fp32_mul                                                         4484     499.584     0.000      499.584 <none> (D)  
      G[12].u_pe            softmax_pe                                                      11837    1188.912     0.000     1188.912 <none> (D)  
        u_add               fp32_add                                                         1386     145.042     0.000      145.042 <none> (D)  
        u_exp               fp32_exp                                                         5524     460.509     0.000      460.509 <none> (D)  
        u_mul               fp32_mul                                                         4484     499.584     0.000      499.584 <none> (D)  
      G[13].u_pe            softmax_pe                                                      11837    1188.912     0.000     1188.912 <none> (D)  
        u_add               fp32_add                                                         1386     145.042     0.000      145.042 <none> (D)  
        u_exp               fp32_exp                                                         5524     460.509     0.000      460.509 <none> (D)  
        u_mul               fp32_mul                                                         4484     499.584     0.000      499.584 <none> (D)  
      G[14].u_pe            softmax_pe                                                      11837    1188.912     0.000     1188.912 <none> (D)  
        u_add               fp32_add                                                         1386     145.042     0.000      145.042 <none> (D)  
        u_exp               fp32_exp                                                         5524     460.509     0.000      460.509 <none> (D)  
        u_mul               fp32_mul                                                         4484     499.584     0.000      499.584 <none> (D)  
      G[15].u_pe            softmax_pe                                                      11837    1188.912     0.000     1188.912 <none> (D)  
        u_add               fp32_add                                                         1386     145.042     0.000      145.042 <none> (D)  
        u_exp               fp32_exp                                                         5524     460.509     0.000      460.509 <none> (D)  
        u_mul               fp32_mul                                                         4484     499.584     0.000      499.584 <none> (D)  
      G[1].u_pe             softmax_pe                                                      11837    1188.912     0.000     1188.912 <none> (D)  
        u_add               fp32_add                                                         1386     145.042     0.000      145.042 <none> (D)  
        u_exp               fp32_exp                                                         5524     460.509     0.000      460.509 <none> (D)  
        u_mul               fp32_mul                                                         4484     499.584     0.000      499.584 <none> (D)  
      G[2].u_pe             softmax_pe                                                      11837    1188.912     0.000     1188.912 <none> (D)  
        u_add               fp32_add                                                         1386     145.042     0.000      145.042 <none> (D)  
        u_exp               fp32_exp                                                         5524     460.509     0.000      460.509 <none> (D)  
        u_mul               fp32_mul                                                         4484     499.584     0.000      499.584 <none> (D)  
      G[3].u_pe             softmax_pe                                                      11837    1188.912     0.000     1188.912 <none> (D)  
        u_add               fp32_add                                                         1386     145.042     0.000      145.042 <none> (D)  
        u_exp               fp32_exp                                                         5524     460.509     0.000      460.509 <none> (D)  
        u_mul               fp32_mul                                                         4484     499.584     0.000      499.584 <none> (D)  
      G[4].u_pe             softmax_pe                                                      11837    1188.912     0.000     1188.912 <none> (D)  
        u_add               fp32_add                                                         1386     145.042     0.000      145.042 <none> (D)  
        u_exp               fp32_exp                                                         5524     460.509     0.000      460.509 <none> (D)  
        u_mul               fp32_mul                                                         4484     499.584     0.000      499.584 <none> (D)  
      G[5].u_pe             softmax_pe                                                      11837    1188.912     0.000     1188.912 <none> (D)  
        u_add               fp32_add                                                         1386     145.042     0.000      145.042 <none> (D)  
        u_exp               fp32_exp                                                         5524     460.509     0.000      460.509 <none> (D)  
        u_mul               fp32_mul                                                         4484     499.584     0.000      499.584 <none> (D)  
      G[6].u_pe             softmax_pe                                                      11837    1188.912     0.000     1188.912 <none> (D)  
        u_add               fp32_add                                                         1386     145.042     0.000      145.042 <none> (D)  
        u_exp               fp32_exp                                                         5524     460.509     0.000      460.509 <none> (D)  
        u_mul               fp32_mul                                                         4484     499.584     0.000      499.584 <none> (D)  
      G[7].u_pe             softmax_pe                                                      11837    1188.912     0.000     1188.912 <none> (D)  
        u_add               fp32_add                                                         1386     145.042     0.000      145.042 <none> (D)  
        u_exp               fp32_exp                                                         5524     460.509     0.000      460.509 <none> (D)  
        u_mul               fp32_mul                                                         4484     499.584     0.000      499.584 <none> (D)  
      G[8].u_pe             softmax_pe                                                      11837    1188.912     0.000     1188.912 <none> (D)  
        u_add               fp32_add                                                         1386     145.042     0.000      145.042 <none> (D)  
        u_exp               fp32_exp                                                         5524     460.509     0.000      460.509 <none> (D)  
        u_mul               fp32_mul                                                         4484     499.584     0.000      499.584 <none> (D)  
      G[9].u_pe             softmax_pe                                                      11837    1188.912     0.000     1188.912 <none> (D)  
        u_add               fp32_add                                                         1386     145.042     0.000      145.042 <none> (D)  
        u_exp               fp32_exp                                                         5524     460.509     0.000      460.509 <none> (D)  
        u_mul               fp32_mul                                                         4484     499.584     0.000      499.584 <none> (D)  
      aa                    fp32_add                                                         1386     145.042     0.000      145.042 <none> (D)  
      ar                    fp32_recip_9                                                    13664    1132.312     0.000     1132.312 <none> (D)  
        u_p00               fp32_recip_mul16_pipe_72                                         1444     117.077     0.000      117.077 <none> (D)  
        u_p01               fp32_recip_mul16_pipe_73                                          634      53.829     0.000       53.829 <none> (D)  
        u_p10               fp32_recip_mul16_pipe_74                                          487      40.634     0.000       40.634 <none> (D)  
        u_p11               fp32_recip_mul16_pipe_75                                          651      49.747     0.000       49.747 <none> (D)  
        u_r00               fp32_recip_mul16_pipe_76                                         1590     113.155     0.000      113.155 <none> (D)  
        u_r01               fp32_recip_mul16_pipe_77                                         1608     118.448     0.000      118.448 <none> (D)  
        u_r10               fp32_recip_mul16_pipe_78                                         1398     104.597     0.000      104.597 <none> (D)  
        u_r11               fp32_recip_mul16_pipe_79                                         1416     110.662     0.000      110.662 <none> (D)  
      at                    fp32_add                                                         1386     145.042     0.000      145.042 <none> (D)  
      genblk2[0].a1         fp32_add                                                         1386     145.042     0.000      145.042 <none> (D)  
      genblk2[1].a1         fp32_add                                                         1386     145.042     0.000      145.042 <none> (D)  
      genblk2[2].a1         fp32_add                                                         1386     145.042     0.000      145.042 <none> (D)  
      genblk2[3].a1         fp32_add                                                         1386     145.042     0.000      145.042 <none> (D)  
      genblk2[4].a1         fp32_add                                                         1386     145.042     0.000      145.042 <none> (D)  
      genblk2[5].a1         fp32_add                                                         1386     145.042     0.000      145.042 <none> (D)  
      genblk2[6].a1         fp32_add                                                         1386     145.042     0.000      145.042 <none> (D)  
      genblk2[7].a1         fp32_add                                                         1386     145.042     0.000      145.042 <none> (D)  
      genblk3[0].a2         fp32_add                                                         1386     145.042     0.000      145.042 <none> (D)  
      genblk3[1].a2         fp32_add                                                         1386     145.042     0.000      145.042 <none> (D)  
      genblk3[2].a2         fp32_add                                                         1386     145.042     0.000      145.042 <none> (D)  
      genblk3[3].a2         fp32_add                                                         1386     145.042     0.000      145.042 <none> (D)  
      genblk4[0].a3         fp32_add                                                         1386     145.042     0.000      145.042 <none> (D)  
      genblk4[1].a3         fp32_add                                                         1386     145.042     0.000      145.042 <none> (D)  
      u_sram                softmax_buffer_sram_NUM_CONTEXTS16_SEQ_LEN2048_LANES16_9         5277   74684.096     0.000    74684.096 <none> (D)  
  (D) = wireload is default in technology library
